;FLAVOR:Marlin
;TIME:3066
;Filament used: 2.19477m
;Layer height: 0.2
;MINX:43
;MINY:100.15
;MINZ:0.2
;MAXX:192
;MAXY:134.85
;MAXZ:3.2
;Generated with Cura_SteamEngine 5.2.1
M140 S50
M105
M190 S50
M104 S200
M105
M109 S200
M82 ;absolute extrusion mode
; Ender 3 Custom Start G-code
G92 E0 ; Reset Extruder
G28 ; Home all axes
G1 Z2.0 F3000 ; Move Z Axis up little to prevent scratching of Heat Bed
G1 X0.1 Y20 Z0.3 F5000.0 ; Move to start position
G1 X0.1 Y200.0 Z0.3 F1500.0 E15 ; Draw the first line
G1 X0.4 Y200.0 Z0.3 F5000.0 ; Move to side a little
G1 X0.4 Y20 Z0.3 F1500.0 E30 ; Draw the second line
G92 E0 ; Reset Extruder
G1 Z2.0 F3000 ; Move Z Axis up little to prevent scratching of Heat Bed
G1 X5 Y20 Z0.3 F5000.0 ; Move over to prevent blob squish
G92 E0
G92 E0
G1 F2700 E-5
;LAYER_COUNT:16
;LAYER:0
M107
G0 F6000 X49.239 Y101.247 Z0.2
;TYPE:SKIRT
G1 F2700 E0
G1 F1200 X50.101 Y100.877 E0.0312
G1 X50.991 Y100.581 E0.0624
G1 X51.903 Y100.363 E0.09358
G1 X52.83 Y100.222 E0.12477
G1 X53.701 Y100.163 E0.15381
G1 X54.33 Y100.15 E0.17473
G1 X180.451 Y100.151 E4.36953
G1 X181.149 Y100.161 E4.39275
G1 X182.085 Y100.215 E4.42393
G1 X183.013 Y100.347 E4.45511
G1 X183.927 Y100.559 E4.48632
G1 X184.819 Y100.848 E4.5175
G1 X185.684 Y101.211 E4.5487
G1 X186.514 Y101.647 E4.57989
G1 X187.305 Y102.152 E4.6111
G1 X188.049 Y102.723 E4.64229
G1 X188.742 Y103.355 E4.67349
G1 X189.379 Y104.043 E4.70467
G1 X189.954 Y104.784 E4.73587
G1 X190.465 Y105.57 E4.76705
G1 X190.907 Y106.398 E4.79827
G1 X191.276 Y107.26 E4.82945
G1 X191.571 Y108.15 E4.86064
G1 X191.789 Y109.062 E4.89183
G1 X191.929 Y109.99 E4.92304
G1 X191.987 Y110.851 E4.95174
G1 X192 Y111.48 E4.97267
G1 X191.999 Y123.25 E5.36414
G1 X191.99 Y123.977 E5.38832
G1 X191.939 Y124.914 E5.41953
G1 X191.807 Y125.842 E5.45071
G1 X191.598 Y126.756 E5.48189
G1 X191.311 Y127.649 E5.51309
G1 X190.949 Y128.515 E5.54431
G1 X190.515 Y129.346 E5.57549
G1 X190.011 Y130.137 E5.60669
G1 X189.442 Y130.882 E5.63787
G1 X188.811 Y131.577 E5.66909
G1 X188.124 Y132.215 E5.70027
G1 X187.385 Y132.792 E5.73146
G1 X186.599 Y133.304 E5.76266
G1 X185.773 Y133.747 E5.79383
G1 X184.911 Y134.119 E5.82506
G1 X184.022 Y134.415 E5.85622
G1 X183.11 Y134.635 E5.88742
G1 X182.183 Y134.776 E5.91861
G1 X181.299 Y134.837 E5.94808
G1 X180.67 Y134.85 E5.96901
G1 X54.565 Y134.849 E10.16328
G1 X53.867 Y134.84 E10.18649
G1 X52.931 Y134.788 E10.21767
G1 X52.002 Y134.656 E10.24888
G1 X51.088 Y134.446 E10.28007
G1 X50.195 Y134.159 E10.31127
G1 X49.33 Y133.796 E10.34247
G1 X48.499 Y133.362 E10.37365
G1 X47.708 Y132.858 E10.40485
G1 X46.963 Y132.288 E10.43605
G1 X46.269 Y131.657 E10.46725
G1 X45.632 Y130.97 E10.49841
G1 X45.055 Y130.23 E10.52962
G1 X44.543 Y129.444 E10.56082
G1 X44.1 Y128.617 E10.59202
G1 X43.729 Y127.756 E10.6232
G1 X43.433 Y126.866 E10.6544
G1 X43.214 Y125.954 E10.68559
G1 X43.073 Y125.027 E10.71678
G1 X43.013 Y124.138 E10.74642
G1 X43 Y123.508 E10.76738
G1 X43.001 Y111.675 E11.16094
G1 X43.01 Y111.01 E11.18306
G1 X43.063 Y110.074 E11.21424
G1 X43.195 Y109.145 E11.24545
G1 X43.406 Y108.231 E11.27665
G1 X43.694 Y107.339 E11.30783
G1 X44.057 Y106.474 E11.33903
G1 X44.492 Y105.643 E11.37023
G1 X44.996 Y104.853 E11.40139
G1 X45.566 Y104.108 E11.43259
G1 X46.198 Y103.414 E11.46381
G1 X46.886 Y102.777 E11.495
G1 X47.626 Y102.201 E11.52619
G1 X48.412 Y101.689 E11.55739
G1 X49.239 Y101.247 E11.58857
G0 F6000 X49.611 Y101.514
G1 F1200 X50.465 Y101.169 E11.61921
G1 X51.345 Y100.899 E11.64982
G1 X52.245 Y100.707 E11.68043
G1 X53.159 Y100.593 E11.71107
G1 X53.712 Y100.563 E11.72949
G1 X54.33 Y100.55 E11.75005
G1 X180.445 Y100.551 E15.94465
G1 X181.143 Y100.561 E15.96787
G1 X182.062 Y100.614 E15.99848
G1 X182.973 Y100.747 E16.0291
G1 X183.869 Y100.958 E16.05972
G1 X184.743 Y101.246 E16.09033
G1 X185.59 Y101.609 E16.12098
G1 X186.401 Y102.044 E16.15159
G1 X187.171 Y102.548 E16.1822
G1 X187.895 Y103.117 E16.21282
G1 X188.567 Y103.747 E16.24346
G1 X189.182 Y104.432 E16.27408
G1 X189.735 Y105.168 E16.3047
G1 X190.222 Y105.949 E16.33531
G1 X190.639 Y106.77 E16.36594
G1 X190.984 Y107.624 E16.39657
G1 X191.253 Y108.504 E16.42718
G1 X191.445 Y109.405 E16.45782
G1 X191.558 Y110.318 E16.48842
G1 X191.587 Y110.862 E16.50653
G1 X191.6 Y111.48 E16.52709
G1 X191.599 Y123.245 E16.9184
G1 X191.59 Y123.972 E16.94258
G1 X191.539 Y124.891 E16.97319
G1 X191.408 Y125.803 E17.00384
G1 X191.198 Y126.699 E17.03445
G1 X190.912 Y127.574 E17.06507
G1 X190.551 Y128.421 E17.09569
G1 X190.117 Y129.233 E17.12631
G1 X189.615 Y130.005 E17.15694
G1 X189.047 Y130.73 E17.18757
G1 X188.419 Y131.403 E17.21819
G1 X187.735 Y132.019 E17.2488
G1 X187 Y132.573 E17.27942
G1 X186.22 Y133.062 E17.31004
G1 X185.4 Y133.481 E17.34066
G1 X184.547 Y133.827 E17.37128
G1 X183.667 Y134.098 E17.4019
G1 X182.767 Y134.291 E17.43252
G1 X181.853 Y134.406 E17.46316
G1 X181.288 Y134.437 E17.48198
G1 X180.67 Y134.45 E17.50254
G1 X54.57 Y134.449 E21.69664
G1 X53.872 Y134.44 E21.71986
G1 X52.953 Y134.388 E21.75047
G1 X52.042 Y134.257 E21.78109
G1 X51.146 Y134.047 E21.81169
G1 X50.271 Y133.76 E21.84232
G1 X49.424 Y133.398 E21.87296
G1 X48.612 Y132.964 E21.90358
G1 X47.841 Y132.462 E21.93418
G1 X47.116 Y131.894 E21.96481
G1 X46.443 Y131.265 E21.99545
G1 X45.828 Y130.581 E22.02605
G1 X45.274 Y129.846 E22.05666
G1 X44.786 Y129.065 E22.08729
G1 X44.367 Y128.245 E22.11792
G1 X44.021 Y127.392 E22.14853
G1 X43.751 Y126.512 E22.17915
G1 X43.558 Y125.611 E22.2098
G1 X43.444 Y124.698 E22.2404
G1 X43.413 Y124.127 E22.25942
G1 X43.4 Y123.508 E22.28001
G1 X43.401 Y111.681 E22.67338
G1 X43.41 Y111.016 E22.6955
G1 X43.462 Y110.096 E22.72615
G1 X43.594 Y109.185 E22.75676
G1 X43.805 Y108.289 E22.78738
G1 X44.092 Y107.414 E22.81801
G1 X44.455 Y106.568 E22.84863
G1 X44.889 Y105.756 E22.87925
G1 X45.392 Y104.985 E22.90987
G1 X45.961 Y104.261 E22.94049
G1 X46.589 Y103.589 E22.97109
G1 X47.274 Y102.973 E23.00173
G1 X48.01 Y102.42 E23.03235
G1 X48.791 Y101.932 E23.06298
G1 X49.611 Y101.514 E23.09359
G0 F6000 X49.982 Y101.788
G1 F1200 X50.827 Y101.468 E23.12364
G1 X51.696 Y101.225 E23.15365
G1 X52.584 Y101.059 E23.1837
G1 X53.723 Y100.963 E23.22172
G1 X54.33 Y100.95 E23.24191
G1 X180.439 Y100.951 E27.43631
G1 X181.137 Y100.961 E27.45953
G1 X182.039 Y101.014 E27.48958
G1 X182.932 Y101.146 E27.51961
G1 X183.81 Y101.357 E27.54964
G1 X184.666 Y101.645 E27.57968
G1 X185.493 Y102.007 E27.60971
G1 X186.285 Y102.442 E27.63976
G1 X187.036 Y102.944 E27.6698
G1 X187.739 Y103.511 E27.69984
G1 X188.389 Y104.138 E27.72988
G1 X188.981 Y104.82 E27.75992
G1 X189.511 Y105.551 E27.78995
G1 X189.973 Y106.327 E27.81999
G1 X190.366 Y107.14 E27.85002
G1 X190.684 Y107.985 E27.88005
G1 X190.927 Y108.855 E27.91009
G1 X191.092 Y109.743 E27.94013
G1 X191.187 Y110.873 E27.97785
G1 X191.2 Y111.48 E27.99805
G1 X191.199 Y123.24 E28.38918
G1 X191.19 Y123.967 E28.41337
G1 X191.139 Y124.869 E28.44341
G1 X191.008 Y125.763 E28.47347
G1 X190.799 Y126.641 E28.50349
G1 X190.513 Y127.498 E28.53353
G1 X190.152 Y128.326 E28.56358
G1 X189.72 Y129.118 E28.59358
G1 X189.219 Y129.87 E28.62364
G1 X188.653 Y130.574 E28.65368
G1 X188.028 Y131.225 E28.6837
G1 X187.347 Y131.819 E28.71375
G1 X186.616 Y132.35 E28.7438
G1 X185.842 Y132.814 E28.77382
G1 X185.029 Y133.208 E28.80387
G1 X184.185 Y133.528 E28.83389
G1 X183.315 Y133.773 E28.86395
G1 X182.428 Y133.939 E28.89396
G1 X181.277 Y134.037 E28.93239
G1 X180.67 Y134.05 E28.95258
G1 X54.575 Y134.049 E33.14652
G1 X53.877 Y134.04 E33.16973
G1 X52.976 Y133.989 E33.19975
G1 X52.082 Y133.857 E33.22981
G1 X51.204 Y133.648 E33.25982
G1 X50.347 Y133.361 E33.28988
G1 X49.52 Y133 E33.3199
G1 X48.727 Y132.567 E33.34995
G1 X47.976 Y132.066 E33.37997
G1 X47.272 Y131.5 E33.41002
G1 X46.621 Y130.874 E33.44006
G1 X46.028 Y130.193 E33.47009
G1 X45.498 Y129.462 E33.50012
G1 X45.034 Y128.687 E33.53017
G1 X44.64 Y127.874 E33.56021
G1 X44.32 Y127.03 E33.59024
G1 X44.076 Y126.16 E33.62029
G1 X43.91 Y125.272 E33.65033
G1 X43.813 Y124.117 E33.68889
G1 X43.8 Y123.508 E33.70915
G1 X43.801 Y111.686 E34.10235
G1 X43.81 Y111.021 E34.12447
G1 X43.862 Y110.119 E34.15452
G1 X43.994 Y109.226 E34.18454
G1 X44.204 Y108.348 E34.21457
G1 X44.491 Y107.491 E34.24463
G1 X44.853 Y106.664 E34.27465
G1 X45.286 Y105.872 E34.30467
G1 X45.788 Y105.121 E34.33472
G1 X46.355 Y104.417 E34.36478
G1 X46.981 Y103.767 E34.3948
G1 X47.662 Y103.174 E34.42483
G1 X48.394 Y102.644 E34.45489
G1 X49.169 Y102.181 E34.48492
G1 X49.982 Y101.788 E34.51495
G1 F2700 E29.51495
;MESH:D790-17 Thermoplastic Specimen.STL
G0 F6000 X54.414 Y110.485
G0 X54.6 Y111.75
;TYPE:WALL-INNER
G1 F2700 E34.51495
G1 F1200 X180.4 Y111.75 E38.69908
G1 X180.4 Y117.5 E38.89032
G1 X180.4 Y123.25 E39.08157
G1 X54.6 Y123.25 E43.26569
G1 X54.6 Y111.75 E43.64819
G1 F2700 E38.64819
G0 F6000 X54.47 Y123.38
G1 F2700 E43.64819
G0 F6000 X54.2 Y123.65
;TYPE:WALL-OUTER
G1 F1200 X180.8 Y123.65 E47.85892
G1 X180.8 Y117.5 E48.06347
G1 X180.8 Y111.35 E48.26802
G1 X54.2 Y111.35 E52.47875
G1 X54.2 Y123.65 E52.88785
G0 F6000 X54.47 Y123.38
G0 X54.7 Y122.89
G0 X54.96 Y122.89
;TYPE:SKIN
G1 F1200 X174.65 Y122.89 E56.86876
G1 X180.04 Y122.89 E57.04803
G1 X180.04 Y112.11 E57.40657
G1 X54.96 Y112.11 E61.56675
G1 X54.96 Y122.89 E61.92529
G0 F6000 X55.372 Y122.688
G1 F1200 X55.159 Y122.476 E61.93529
G0 F6000 X55.159 Y121.91
G1 F1200 X55.937 Y122.688 E61.97188
G0 F6000 X56.503 Y122.688
G1 F1200 X55.159 Y121.345 E62.03508
G0 F6000 X55.159 Y120.779
G1 F1200 X57.069 Y122.688 E62.1249
G0 F6000 X57.634 Y122.688
G1 F1200 X55.159 Y120.213 E62.24131
G0 F6000 X55.159 Y119.648
G1 F1200 X58.2 Y122.688 E62.38433
G0 F6000 X58.766 Y122.688
G1 F1200 X55.159 Y119.082 E62.55397
G0 F6000 X55.159 Y118.516
G1 F1200 X59.331 Y122.688 E62.7502
G0 F6000 X59.897 Y122.688
G1 F1200 X55.159 Y117.951 E62.97304
G0 F6000 X55.159 Y117.385
G1 F1200 X60.463 Y122.688 E63.2225
G0 F6000 X61.028 Y122.688
G1 F1200 X55.159 Y116.819 E63.49856
G0 F6000 X55.159 Y116.254
G1 F1200 X61.594 Y122.688 E63.80122
G0 F6000 X62.16 Y122.688
G1 F1200 X55.159 Y115.688 E64.1305
G0 F6000 X55.159 Y115.122
G1 F1200 X62.726 Y122.688 E64.48641
G0 F6000 X63.291 Y122.688
G1 F1200 X55.159 Y114.556 E64.86891
G0 F6000 X55.159 Y113.991
G1 F1200 X63.857 Y122.688 E65.27802
G0 F6000 X64.423 Y122.688
G1 F1200 X55.159 Y113.425 E65.71374
G0 F6000 X55.159 Y112.859
G1 F1200 X64.988 Y122.688 E66.17607
G0 F6000 X65.554 Y122.688
G1 F1200 X55.176 Y112.31 E66.66422
G0 F6000 X55.741 Y112.31
G1 F1200 X66.12 Y122.688 E67.15239
G0 F6000 X66.685 Y122.688
G1 F1200 X56.307 Y112.31 E67.64054
G0 F6000 X56.873 Y112.31
G1 F1200 X67.251 Y122.688 E68.12869
G0 F6000 X67.817 Y122.688
G1 F1200 X57.438 Y112.31 E68.61686
G0 F6000 X58.004 Y112.31
G1 F1200 X68.382 Y122.688 E69.10501
G0 F6000 X68.948 Y122.688
G1 F1200 X58.57 Y112.31 E69.59316
G0 F6000 X59.136 Y112.31
G1 F1200 X69.514 Y122.688 E70.08131
G0 F6000 X70.079 Y122.688
G1 F1200 X59.701 Y112.31 E70.56946
G0 F6000 X60.267 Y112.31
G1 F1200 X70.645 Y122.688 E71.05761
G0 F6000 X71.211 Y122.688
G1 F1200 X60.833 Y112.31 E71.54576
G0 F6000 X61.398 Y112.31
G1 F1200 X71.776 Y122.688 E72.03391
G0 F6000 X72.342 Y122.688
G1 F1200 X61.964 Y112.31 E72.52206
G0 F6000 X62.53 Y112.31
G1 F1200 X72.908 Y122.688 E73.01021
G0 F6000 X73.474 Y122.688
G1 F1200 X63.095 Y112.31 E73.49838
G0 F6000 X63.661 Y112.31
G1 F1200 X74.039 Y122.688 E73.98653
G0 F6000 X74.605 Y122.688
G1 F1200 X64.227 Y112.31 E74.47468
G0 F6000 X64.792 Y112.31
G1 F1200 X75.171 Y122.688 E74.96285
G0 F6000 X75.736 Y122.688
G1 F1200 X65.358 Y112.31 E75.451
G0 F6000 X65.924 Y112.31
G1 F1200 X76.302 Y122.688 E75.93915
G0 F6000 X76.868 Y122.688
G1 F1200 X66.489 Y112.31 E76.42732
G0 F6000 X67.055 Y112.31
G1 F1200 X77.433 Y122.688 E76.91547
G0 F6000 X77.999 Y122.688
G1 F1200 X67.621 Y112.31 E77.40362
G0 F6000 X68.187 Y112.31
G1 F1200 X78.565 Y122.688 E77.89177
G0 F6000 X79.13 Y122.688
G1 F1200 X68.752 Y112.31 E78.37992
G0 F6000 X69.318 Y112.31
G1 F1200 X79.696 Y122.688 E78.86807
G0 F6000 X80.262 Y122.688
G1 F1200 X69.884 Y112.31 E79.35622
G0 F6000 X70.449 Y112.31
G1 F1200 X80.827 Y122.688 E79.84437
G0 F6000 X81.393 Y122.688
G1 F1200 X71.015 Y112.31 E80.33252
G0 F6000 X71.581 Y112.31
G1 F1200 X81.959 Y122.688 E80.82067
G0 F6000 X82.525 Y122.688
G1 F1200 X72.146 Y112.31 E81.30884
G0 F6000 X72.712 Y112.31
G1 F1200 X83.09 Y122.688 E81.79699
G0 F6000 X83.656 Y122.688
G1 F1200 X73.278 Y112.31 E82.28514
G0 F6000 X73.843 Y112.31
G1 F1200 X84.222 Y122.688 E82.77331
G0 F6000 X84.787 Y122.688
G1 F1200 X74.409 Y112.31 E83.26146
G0 F6000 X74.975 Y112.31
G1 F1200 X85.353 Y122.688 E83.74961
G0 F6000 X85.919 Y122.688
G1 F1200 X75.54 Y112.31 E84.23778
G0 F6000 X76.106 Y112.31
G1 F1200 X86.484 Y122.688 E84.72593
G0 F6000 X87.05 Y122.688
G1 F1200 X76.672 Y112.31 E85.21408
G0 F6000 X77.237 Y112.31
G1 F1200 X87.616 Y122.688 E85.70225
G0 F6000 X88.181 Y122.688
G1 F1200 X77.803 Y112.31 E86.1904
G0 F6000 X78.369 Y112.31
G1 F1200 X88.747 Y122.688 E86.67855
G0 F6000 X89.313 Y122.688
G1 F1200 X78.935 Y112.31 E87.1667
G0 F6000 X79.5 Y112.31
G1 F1200 X89.878 Y122.688 E87.65485
G0 F6000 X90.444 Y122.688
G1 F1200 X80.066 Y112.31 E88.143
G0 F6000 X80.632 Y112.31
G1 F1200 X91.01 Y122.688 E88.63115
G0 F6000 X91.575 Y122.688
G1 F1200 X81.197 Y112.31 E89.1193
G0 F6000 X81.763 Y112.31
G1 F1200 X92.141 Y122.688 E89.60745
G0 F6000 X92.707 Y122.688
G1 F1200 X82.329 Y112.31 E90.0956
G0 F6000 X82.894 Y112.31
G1 F1200 X93.273 Y122.688 E90.58377
G0 F6000 X93.838 Y122.688
G1 F1200 X83.46 Y112.31 E91.07192
G0 F6000 X84.026 Y112.31
G1 F1200 X94.404 Y122.688 E91.56007
G0 F6000 X94.97 Y122.688
G1 F1200 X84.591 Y112.31 E92.04824
G0 F6000 X85.157 Y112.31
G1 F1200 X95.535 Y122.688 E92.53639
G0 F6000 X96.101 Y122.688
G1 F1200 X85.723 Y112.31 E93.02454
G0 F6000 X86.288 Y112.31
G1 F1200 X96.667 Y122.688 E93.51271
G0 F6000 X97.232 Y122.688
G1 F1200 X86.854 Y112.31 E94.00086
G0 F6000 X87.42 Y112.31
G1 F1200 X97.798 Y122.688 E94.48901
G0 F6000 X98.364 Y122.688
G1 F1200 X87.986 Y112.31 E94.97716
G0 F6000 X88.551 Y112.31
G1 F1200 X98.929 Y122.688 E95.46531
G0 F6000 X99.495 Y122.688
G1 F1200 X89.117 Y112.31 E95.95346
G0 F6000 X89.683 Y112.31
G1 F1200 X100.061 Y122.688 E96.44161
G0 F6000 X100.626 Y122.688
G1 F1200 X90.248 Y112.31 E96.92976
G0 F6000 X90.814 Y112.31
G1 F1200 X101.192 Y122.688 E97.41791
G0 F6000 X101.758 Y122.688
G1 F1200 X91.38 Y112.31 E97.90606
G0 F6000 X91.945 Y112.31
G1 F1200 X102.324 Y122.688 E98.39423
G0 F6000 X102.889 Y122.688
G1 F1200 X92.511 Y112.31 E98.88238
G0 F6000 X93.077 Y112.31
G1 F1200 X103.455 Y122.688 E99.37053
G0 F6000 X104.021 Y122.688
G1 F1200 X93.642 Y112.31 E99.8587
G0 F6000 X94.208 Y112.31
G1 F1200 X104.586 Y122.688 E100.34685
G0 F6000 X105.152 Y122.688
G1 F1200 X94.774 Y112.31 E100.835
G0 F6000 X95.339 Y112.31
G1 F1200 X105.718 Y122.688 E101.32317
G0 F6000 X106.283 Y122.688
G1 F1200 X95.905 Y112.31 E101.81132
G0 F6000 X96.471 Y112.31
G1 F1200 X106.849 Y122.688 E102.29947
G0 F6000 X107.415 Y122.688
G1 F1200 X97.036 Y112.31 E102.78764
G0 F6000 X97.602 Y112.31
G1 F1200 X107.98 Y122.688 E103.27579
G0 F6000 X108.546 Y122.688
G1 F1200 X98.168 Y112.31 E103.76394
G0 F6000 X98.734 Y112.31
G1 F1200 X109.112 Y122.688 E104.25209
G0 F6000 X109.677 Y122.688
G1 F1200 X99.299 Y112.31 E104.74024
G0 F6000 X99.865 Y112.31
G1 F1200 X110.243 Y122.688 E105.22839
G0 F6000 X110.809 Y122.688
G1 F1200 X100.431 Y112.31 E105.71654
G0 F6000 X100.996 Y112.31
G1 F1200 X111.374 Y122.688 E106.20469
G0 F6000 X111.94 Y122.688
G1 F1200 X101.562 Y112.31 E106.69284
G0 F6000 X102.128 Y112.31
G1 F1200 X112.506 Y122.688 E107.18099
G0 F6000 X113.072 Y122.688
G1 F1200 X102.693 Y112.31 E107.66916
G0 F6000 X103.259 Y112.31
G1 F1200 X113.637 Y122.688 E108.15731
G0 F6000 X114.203 Y122.688
G1 F1200 X103.825 Y112.31 E108.64546
G0 F6000 X104.39 Y112.31
G1 F1200 X114.769 Y122.688 E109.13363
G0 F6000 X115.334 Y122.688
G1 F1200 X104.956 Y112.31 E109.62178
G0 F6000 X105.522 Y112.31
G1 F1200 X115.9 Y122.688 E110.10993
G0 F6000 X116.466 Y122.688
G1 F1200 X106.087 Y112.31 E110.5981
G0 F6000 X106.653 Y112.31
G1 F1200 X117.031 Y122.688 E111.08625
G0 F6000 X117.598 Y122.689
G1 F1200 X107.219 Y112.31 E111.57445
G0 F6000 X107.784 Y112.31
G1 F1200 X118.163 Y122.689 E112.06264
G0 F6000 X118.729 Y122.689
G1 F1200 X108.35 Y112.31 E112.55084
G0 F6000 X108.916 Y112.31
G1 F1200 X119.295 Y122.689 E113.03904
G0 F6000 X119.86 Y122.689
G1 F1200 X109.482 Y112.31 E113.52721
G0 F6000 X110.047 Y112.31
G1 F1200 X120.426 Y122.689 E114.01541
G0 F6000 X120.992 Y122.689
G1 F1200 X110.613 Y112.31 E114.5036
G0 F6000 X111.179 Y112.31
G1 F1200 X121.558 Y122.689 E114.9918
G0 F6000 X122.123 Y122.689
G1 F1200 X111.744 Y112.31 E115.48
G0 F6000 X112.31 Y112.31
G1 F1200 X122.689 Y122.689 E115.96819
G0 F6000 X123.255 Y122.689
G1 F1200 X112.876 Y112.31 E116.45639
G0 F6000 X113.441 Y112.31
G1 F1200 X123.82 Y122.689 E116.94458
G0 F6000 X124.386 Y122.689
G1 F1200 X114.007 Y112.31 E117.43278
G0 F6000 X114.573 Y112.31
G1 F1200 X124.952 Y122.689 E117.92098
G0 F6000 X125.517 Y122.689
G1 F1200 X115.138 Y112.31 E118.40917
G0 F6000 X115.704 Y112.31
G1 F1200 X126.083 Y122.689 E118.89737
G0 F6000 X126.649 Y122.689
G1 F1200 X116.27 Y112.31 E119.38557
G0 F6000 X116.835 Y112.31
G1 F1200 X127.214 Y122.689 E119.87376
G0 F6000 X127.78 Y122.689
G1 F1200 X117.401 Y112.31 E120.36196
G0 F6000 X117.967 Y112.31
G1 F1200 X128.346 Y122.689 E120.85016
G0 F6000 X128.911 Y122.689
G1 F1200 X118.533 Y112.31 E121.33833
G0 F6000 X119.098 Y112.31
G1 F1200 X129.477 Y122.689 E121.82652
G0 F6000 X130.043 Y122.689
G1 F1200 X119.664 Y112.31 E122.31472
G0 F6000 X120.23 Y112.31
G1 F1200 X130.608 Y122.689 E122.80289
G0 F6000 X131.174 Y122.689
G1 F1200 X120.795 Y112.31 E123.29109
G0 F6000 X121.361 Y112.31
G1 F1200 X131.74 Y122.689 E123.77929
G0 F6000 X132.306 Y122.689
G1 F1200 X121.927 Y112.31 E124.26748
G0 F6000 X122.492 Y112.31
G1 F1200 X132.871 Y122.689 E124.75568
G0 F6000 X133.437 Y122.689
G1 F1200 X123.058 Y112.31 E125.24388
G0 F6000 X123.624 Y112.31
G1 F1200 X134.003 Y122.689 E125.73207
G0 F6000 X134.568 Y122.689
G1 F1200 X124.189 Y112.31 E126.22027
G0 F6000 X124.755 Y112.31
G1 F1200 X135.134 Y122.689 E126.70846
G0 F6000 X135.7 Y122.689
G1 F1200 X125.321 Y112.31 E127.19666
G0 F6000 X125.886 Y112.31
G1 F1200 X136.265 Y122.689 E127.68486
G0 F6000 X136.831 Y122.689
G1 F1200 X126.452 Y112.31 E128.17305
G0 F6000 X127.018 Y112.31
G1 F1200 X137.397 Y122.689 E128.66125
G0 F6000 X137.962 Y122.689
G1 F1200 X127.583 Y112.31 E129.14945
G0 F6000 X128.149 Y112.31
G1 F1200 X138.528 Y122.689 E129.63764
G0 F6000 X139.094 Y122.689
G1 F1200 X128.715 Y112.31 E130.12584
G0 F6000 X129.281 Y112.31
G1 F1200 X139.659 Y122.689 E130.61401
G0 F6000 X140.225 Y122.689
G1 F1200 X129.846 Y112.31 E131.10221
G0 F6000 X130.412 Y112.31
G1 F1200 X140.791 Y122.689 E131.5904
G0 F6000 X141.357 Y122.689
G1 F1200 X130.978 Y112.31 E132.0786
G0 F6000 X131.543 Y112.31
G1 F1200 X141.922 Y122.689 E132.5668
G0 F6000 X142.488 Y122.689
G1 F1200 X132.109 Y112.31 E133.05499
G0 F6000 X132.675 Y112.31
G1 F1200 X143.054 Y122.689 E133.54319
G0 F6000 X143.619 Y122.689
G1 F1200 X133.24 Y112.31 E134.03139
G0 F6000 X133.806 Y112.31
G1 F1200 X144.185 Y122.689 E134.51958
G0 F6000 X144.751 Y122.689
G1 F1200 X134.372 Y112.31 E135.00778
G0 F6000 X134.937 Y112.31
G1 F1200 X145.316 Y122.689 E135.49597
G0 F6000 X145.882 Y122.689
G1 F1200 X135.503 Y112.31 E135.98417
G0 F6000 X136.069 Y112.31
G1 F1200 X146.448 Y122.689 E136.47237
G0 F6000 X147.013 Y122.689
G1 F1200 X136.634 Y112.31 E136.96056
G0 F6000 X137.2 Y112.31
G1 F1200 X147.579 Y122.689 E137.44876
G0 F6000 X148.145 Y122.689
G1 F1200 X137.766 Y112.31 E137.93696
G0 F6000 X138.332 Y112.31
G1 F1200 X148.71 Y122.689 E138.42513
G0 F6000 X149.276 Y122.689
G1 F1200 X138.897 Y112.31 E138.91333
G0 F6000 X139.463 Y112.31
G1 F1200 X149.842 Y122.689 E139.40152
G0 F6000 X150.407 Y122.689
G1 F1200 X140.029 Y112.31 E139.88969
G0 F6000 X140.594 Y112.31
G1 F1200 X150.973 Y122.689 E140.37789
G0 F6000 X151.539 Y122.689
G1 F1200 X141.16 Y112.31 E140.86609
G0 F6000 X141.726 Y112.31
G1 F1200 X152.105 Y122.689 E141.35428
G0 F6000 X152.67 Y122.689
G1 F1200 X142.291 Y112.31 E141.84248
G0 F6000 X142.857 Y112.31
G1 F1200 X153.236 Y122.689 E142.33068
G0 F6000 X153.802 Y122.689
G1 F1200 X143.423 Y112.31 E142.81887
G0 F6000 X143.988 Y112.31
G1 F1200 X154.367 Y122.689 E143.30707
G0 F6000 X154.933 Y122.689
G1 F1200 X144.554 Y112.31 E143.79527
G0 F6000 X145.12 Y112.31
G1 F1200 X155.499 Y122.689 E144.28346
G0 F6000 X156.064 Y122.689
G1 F1200 X145.685 Y112.31 E144.77166
G0 F6000 X146.251 Y112.31
G1 F1200 X156.63 Y122.689 E145.25985
G0 F6000 X157.196 Y122.689
G1 F1200 X146.817 Y112.31 E145.74805
G0 F6000 X147.382 Y112.31
G1 F1200 X157.761 Y122.689 E146.23625
G0 F6000 X158.327 Y122.689
G1 F1200 X147.948 Y112.31 E146.72444
G0 F6000 X148.514 Y112.31
G1 F1200 X158.893 Y122.689 E147.21264
G0 F6000 X159.458 Y122.689
G1 F1200 X149.08 Y112.31 E147.70081
G0 F6000 X149.645 Y112.31
G1 F1200 X160.024 Y122.689 E148.18901
G0 F6000 X160.59 Y122.689
G1 F1200 X150.211 Y112.31 E148.67721
G0 F6000 X150.777 Y112.31
G1 F1200 X161.155 Y122.689 E149.16538
G0 F6000 X161.721 Y122.689
G1 F1200 X151.342 Y112.31 E149.65357
G0 F6000 X151.908 Y112.31
G1 F1200 X162.287 Y122.689 E150.14177
G0 F6000 X162.853 Y122.689
G1 F1200 X152.474 Y112.31 E150.62997
G0 F6000 X153.039 Y112.31
G1 F1200 X163.418 Y122.689 E151.11816
G0 F6000 X163.984 Y122.689
G1 F1200 X153.605 Y112.31 E151.60636
G0 F6000 X154.171 Y112.31
G1 F1200 X164.55 Y122.689 E152.09456
G0 F6000 X165.115 Y122.689
G1 F1200 X154.736 Y112.31 E152.58275
G0 F6000 X155.302 Y112.31
G1 F1200 X165.681 Y122.689 E153.07095
G0 F6000 X166.247 Y122.689
G1 F1200 X155.868 Y112.31 E153.55915
G0 F6000 X156.433 Y112.31
G1 F1200 X166.812 Y122.689 E154.04734
G0 F6000 X167.378 Y122.689
G1 F1200 X156.999 Y112.31 E154.53554
G0 F6000 X157.565 Y112.31
G1 F1200 X167.944 Y122.689 E155.02373
G0 F6000 X168.509 Y122.689
G1 F1200 X158.13 Y112.31 E155.51193
G0 F6000 X158.696 Y112.31
G1 F1200 X169.075 Y122.689 E156.00013
G0 F6000 X169.641 Y122.689
G1 F1200 X159.262 Y112.31 E156.48832
G0 F6000 X159.828 Y112.31
G1 F1200 X170.206 Y122.689 E156.9765
G0 F6000 X170.772 Y122.689
G1 F1200 X160.393 Y112.31 E157.46469
G0 F6000 X160.959 Y112.31
G1 F1200 X171.338 Y122.689 E157.95289
G0 F6000 X171.904 Y122.689
G1 F1200 X161.525 Y112.31 E158.44109
G0 F6000 X162.09 Y112.31
G1 F1200 X172.469 Y122.689 E158.92928
G0 F6000 X173.035 Y122.689
G1 F1200 X162.656 Y112.31 E159.41748
G0 F6000 X163.222 Y112.31
G1 F1200 X173.601 Y122.689 E159.90567
G0 F6000 X174.166 Y122.689
G1 F1200 X163.787 Y112.31 E160.39387
G0 F6000 X164.353 Y112.31
G1 F1200 X174.732 Y122.689 E160.88207
G0 F6000 X175.298 Y122.689
G1 F1200 X164.919 Y112.31 E161.37026
G0 F6000 X165.484 Y112.31
G1 F1200 X175.863 Y122.689 E161.85846
G0 F6000 X176.429 Y122.689
G1 F1200 X166.05 Y112.31 E162.34666
G0 F6000 X166.616 Y112.31
G1 F1200 X176.995 Y122.689 E162.83485
G0 F6000 X177.56 Y122.689
G1 F1200 X167.181 Y112.31 E163.32305
G0 F6000 X167.747 Y112.31
G1 F1200 X178.126 Y122.689 E163.81125
G0 F6000 X178.692 Y122.689
G1 F1200 X168.313 Y112.31 E164.29944
G0 F6000 X168.879 Y112.31
G1 F1200 X179.257 Y122.689 E164.78761
G0 F6000 X179.823 Y122.689
G1 F1200 X169.444 Y112.31 E165.27581
G0 F6000 X170.01 Y112.31
G1 F1200 X179.839 Y122.139 E165.73814
G0 F6000 X179.839 Y121.574
G1 F1200 X170.576 Y112.31 E166.17386
G0 F6000 X171.141 Y112.31
G1 F1200 X179.839 Y121.008 E166.58299
G0 F6000 X179.839 Y120.442
G1 F1200 X171.707 Y112.31 E166.96549
G0 F6000 X172.273 Y112.31
G1 F1200 X179.839 Y119.877 E167.3214
G0 F6000 X179.839 Y119.311
G1 F1200 X172.838 Y112.31 E167.65071
G0 F6000 X173.404 Y112.31
G1 F1200 X179.839 Y118.745 E167.95339
G0 F6000 X179.839 Y118.18
G1 F1200 X173.97 Y112.31 E168.22947
G0 F6000 X174.535 Y112.31
G1 F1200 X179.839 Y117.614 E168.47896
G0 F6000 X179.839 Y117.048
G1 F1200 X175.101 Y112.31 E168.70182
G0 F6000 X175.667 Y112.31
G1 F1200 X179.839 Y116.483 E168.89808
G0 F6000 X179.839 Y115.917
G1 F1200 X176.232 Y112.31 E169.06774
G0 F6000 X176.798 Y112.31
G1 F1200 X179.839 Y115.351 E169.21078
G0 F6000 X179.839 Y114.786
G1 F1200 X177.364 Y112.31 E169.32722
G0 F6000 X177.929 Y112.31
G1 F1200 X179.839 Y114.22 E169.41706
G0 F6000 X179.839 Y113.654
G1 F1200 X178.495 Y112.31 E169.48028
G0 F6000 X179.061 Y112.31
G1 F1200 X179.839 Y113.089 E169.5169
G0 F6000 X179.839 Y112.523
G1 F1200 X179.627 Y112.31 E169.52689
G1 F2700 E164.52689
;MESH:NONMESH
G0 F300 X179.627 Y112.31 Z0.4
G0 F6000 X179.627 Y111.85
G0 X180.228 Y111.922
G0 X180.228 Y123.078
G0 X54.6 Y123.25
;TIME_ELAPSED:279.845007
;LAYER:1
M106 S85
;TYPE:WALL-INNER
;MESH:D790-17 Thermoplastic Specimen.STL
G1 F2700 E169.52689
G1 F1350 X180.4 Y123.25 E173.71102
G1 X180.4 Y117.5 E173.90226
G1 X180.4 Y111.75 E174.09351
G1 X54.6 Y111.75 E178.27763
G1 X54.6 Y123.25 E178.66012
G1 F2700 E173.66012
G0 F7500 X54.47 Y111.62
G1 F2700 E178.66012
G0 F7500 X54.2 Y111.35
;TYPE:WALL-OUTER
G1 F1350 X180.8 Y111.35 E182.87086
G1 X180.8 Y117.5 E183.07541
G1 X180.8 Y123.65 E183.27996
G1 X54.2 Y123.65 E187.49069
G1 X54.2 Y111.35 E187.89979
G0 F7500 X54.47 Y111.62
G0 X54.7 Y112.11
G0 X54.96 Y112.11
;TYPE:SKIN
G1 F1350 X180.04 Y112.11 E192.05997
G1 X180.04 Y122.89 E192.41851
G1 X54.96 Y122.89 E196.57869
G1 X54.96 Y117.5 E196.75796
G1 X54.96 Y112.11 E196.93723
G0 F7500 X55.159 Y112.848
G1 F1350 X55.698 Y112.309 E196.96259
G0 F7500 X56.264 Y112.309
G1 F1350 X55.159 Y113.414 E197.01456
G0 F7500 X55.159 Y113.979
G1 F1350 X56.83 Y112.309 E197.09314
G0 F7500 X57.395 Y112.309
G1 F1350 X55.159 Y114.545 E197.19831
G0 F7500 X55.159 Y115.111
G1 F1350 X57.961 Y112.309 E197.33011
G0 F7500 X58.527 Y112.309
G1 F1350 X55.159 Y115.677 E197.48853
G0 F7500 X55.159 Y116.242
G1 F1350 X59.092 Y112.309 E197.67353
G0 F7500 X59.658 Y112.309
G1 F1350 X55.159 Y116.808 E197.88515
G0 F7500 X55.159 Y117.374
G1 F1350 X60.224 Y112.309 E198.12339
G0 F7500 X60.789 Y112.309
G1 F1350 X55.159 Y117.939 E198.38821
G0 F7500 X55.159 Y118.505
G1 F1350 X61.355 Y112.309 E198.67965
G0 F7500 X61.921 Y112.309
G1 F1350 X55.159 Y119.071 E198.99771
G0 F7500 X55.159 Y119.636
G1 F1350 X62.487 Y112.309 E199.34237
G0 F7500 X63.052 Y112.309
G1 F1350 X55.159 Y120.202 E199.71364
G0 F7500 X55.159 Y120.768
G1 F1350 X63.618 Y112.309 E200.11152
G0 F7500 X64.184 Y112.309
G1 F1350 X55.159 Y121.333 E200.53601
G0 F7500 X55.159 Y121.899
G1 F1350 X64.749 Y112.309 E200.98709
G0 F7500 X65.315 Y112.309
G1 F1350 X55.159 Y122.465 E201.4648
G0 F7500 X55.501 Y122.689
G1 F1350 X65.881 Y112.309 E201.95304
G0 F7500 X66.446 Y112.309
G1 F1350 X56.067 Y122.689 E202.44126
G0 F7500 X56.632 Y122.689
G1 F1350 X67.012 Y112.309 E202.9295
G0 F7500 X67.578 Y112.309
G1 F1350 X57.198 Y122.689 E203.41775
G0 F7500 X57.764 Y122.689
G1 F1350 X68.143 Y112.309 E203.90597
G0 F7500 X68.709 Y112.309
G1 F1350 X58.329 Y122.689 E204.39421
G0 F7500 X58.895 Y122.689
G1 F1350 X69.275 Y112.309 E204.88245
G0 F7500 X69.84 Y112.309
G1 F1350 X59.461 Y122.689 E205.37067
G0 F7500 X60.027 Y122.689
G1 F1350 X70.406 Y112.309 E205.85889
G0 F7500 X70.972 Y112.309
G1 F1350 X60.592 Y122.689 E206.34714
G0 F7500 X61.158 Y122.689
G1 F1350 X71.537 Y112.309 E206.83536
G0 F7500 X72.103 Y112.309
G1 F1350 X61.724 Y122.689 E207.32358
G0 F7500 X62.289 Y122.689
G1 F1350 X72.669 Y112.309 E207.81182
G0 F7500 X73.235 Y112.309
G1 F1350 X62.855 Y122.689 E208.30006
G0 F7500 X63.421 Y122.689
G1 F1350 X73.8 Y112.309 E208.78828
G0 F7500 X74.366 Y112.309
G1 F1350 X63.986 Y122.689 E209.27653
G0 F7500 X64.552 Y122.689
G1 F1350 X74.932 Y112.309 E209.76477
G0 F7500 X75.497 Y112.309
G1 F1350 X65.118 Y122.689 E210.25299
G0 F7500 X65.683 Y122.689
G1 F1350 X76.063 Y112.309 E210.74123
G0 F7500 X76.629 Y112.309
G1 F1350 X66.249 Y122.689 E211.22948
G0 F7500 X66.815 Y122.689
G1 F1350 X77.194 Y112.309 E211.7177
G0 F7500 X77.76 Y112.309
G1 F1350 X67.38 Y122.689 E212.20594
G0 F7500 X67.946 Y122.689
G1 F1350 X78.326 Y112.309 E212.69418
G0 F7500 X78.891 Y112.309
G1 F1350 X68.512 Y122.689 E213.1824
G0 F7500 X69.077 Y122.689
G1 F1350 X79.457 Y112.309 E213.67065
G0 F7500 X80.023 Y112.309
G1 F1350 X69.643 Y122.689 E214.15889
G0 F7500 X70.209 Y122.689
G1 F1350 X80.588 Y112.309 E214.64711
G0 F7500 X81.154 Y112.309
G1 F1350 X70.775 Y122.689 E215.13533
G0 F7500 X71.34 Y122.689
G1 F1350 X81.72 Y112.309 E215.62357
G0 F7500 X82.286 Y112.309
G1 F1350 X71.906 Y122.689 E216.11182
G0 F7500 X72.472 Y122.689
G1 F1350 X82.851 Y112.309 E216.60004
G0 F7500 X83.417 Y112.309
G1 F1350 X73.037 Y122.689 E217.08828
G0 F7500 X73.603 Y122.689
G1 F1350 X83.983 Y112.309 E217.57652
G0 F7500 X84.548 Y112.309
G1 F1350 X74.169 Y122.689 E218.06474
G0 F7500 X74.734 Y122.689
G1 F1350 X85.114 Y112.309 E218.55299
G0 F7500 X85.68 Y112.309
G1 F1350 X75.3 Y122.689 E219.04123
G0 F7500 X75.866 Y122.689
G1 F1350 X86.245 Y112.309 E219.52945
G0 F7500 X86.811 Y112.309
G1 F1350 X76.431 Y122.689 E220.01769
G0 F7500 X76.997 Y122.689
G1 F1350 X87.377 Y112.309 E220.50594
G0 F7500 X87.942 Y112.309
G1 F1350 X77.563 Y122.689 E220.99416
G0 F7500 X78.128 Y122.689
G1 F1350 X88.508 Y112.309 E221.4824
G0 F7500 X89.074 Y112.309
G1 F1350 X78.694 Y122.689 E221.97064
G0 F7500 X79.26 Y122.689
G1 F1350 X89.639 Y112.309 E222.45886
G0 F7500 X90.205 Y112.309
G1 F1350 X79.825 Y122.689 E222.94711
G0 F7500 X80.391 Y122.689
G1 F1350 X90.771 Y112.309 E223.43535
G0 F7500 X91.336 Y112.309
G1 F1350 X80.957 Y122.689 E223.92357
G0 F7500 X81.523 Y122.689
G1 F1350 X91.902 Y112.309 E224.41179
G0 F7500 X92.468 Y112.309
G1 F1350 X82.088 Y122.689 E224.90003
G0 F7500 X82.654 Y122.689
G1 F1350 X93.034 Y112.309 E225.38828
G0 F7500 X93.599 Y112.309
G1 F1350 X83.22 Y122.689 E225.8765
G0 F7500 X83.785 Y122.689
G1 F1350 X94.165 Y112.309 E226.36474
G0 F7500 X94.731 Y112.309
G1 F1350 X84.351 Y122.689 E226.85298
G0 F7500 X84.917 Y122.689
G1 F1350 X95.296 Y112.309 E227.3412
G0 F7500 X95.862 Y112.309
G1 F1350 X85.482 Y122.689 E227.82945
G0 F7500 X86.048 Y122.689
G1 F1350 X96.428 Y112.309 E228.31769
G0 F7500 X96.993 Y112.309
G1 F1350 X86.614 Y122.689 E228.80591
G0 F7500 X87.179 Y122.689
G1 F1350 X97.559 Y112.309 E229.29415
G0 F7500 X98.125 Y112.309
G1 F1350 X87.745 Y122.689 E229.7824
G0 F7500 X88.311 Y122.689
G1 F1350 X98.69 Y112.309 E230.27062
G0 F7500 X99.256 Y112.309
G1 F1350 X88.876 Y122.689 E230.75886
G0 F7500 X89.442 Y122.689
G1 F1350 X99.822 Y112.309 E231.2471
G0 F7500 X100.387 Y112.309
G1 F1350 X90.008 Y122.689 E231.73532
G0 F7500 X90.574 Y122.689
G1 F1350 X100.953 Y112.309 E232.22354
G0 F7500 X101.519 Y112.309
G1 F1350 X91.139 Y122.689 E232.71179
G0 F7500 X91.705 Y122.689
G1 F1350 X102.085 Y112.309 E233.20003
G0 F7500 X102.65 Y112.309
G1 F1350 X92.271 Y122.689 E233.68825
G0 F7500 X92.836 Y122.689
G1 F1350 X103.216 Y112.309 E234.17649
G0 F7500 X103.782 Y112.309
G1 F1350 X93.402 Y122.689 E234.66474
G0 F7500 X93.968 Y122.689
G1 F1350 X104.347 Y112.309 E235.15296
G0 F7500 X104.913 Y112.309
G1 F1350 X94.533 Y122.689 E235.6412
G0 F7500 X95.099 Y122.689
G1 F1350 X105.479 Y112.309 E236.12944
G0 F7500 X106.044 Y112.309
G1 F1350 X95.665 Y122.689 E236.61766
G0 F7500 X96.23 Y122.689
G1 F1350 X106.61 Y112.309 E237.10591
G0 F7500 X107.176 Y112.309
G1 F1350 X96.796 Y122.689 E237.59415
G0 F7500 X97.362 Y122.689
G1 F1350 X107.741 Y112.309 E238.08237
G0 F7500 X108.307 Y112.309
G1 F1350 X97.927 Y122.689 E238.57061
G0 F7500 X98.493 Y122.689
G1 F1350 X108.873 Y112.309 E239.05886
G0 F7500 X109.438 Y112.309
G1 F1350 X99.059 Y122.689 E239.54707
G0 F7500 X99.624 Y122.689
G1 F1350 X110.004 Y112.309 E240.03532
G0 F7500 X110.57 Y112.309
G1 F1350 X100.19 Y122.689 E240.52356
G0 F7500 X100.756 Y122.689
G1 F1350 X111.135 Y112.309 E241.01178
G0 F7500 X111.701 Y112.309
G1 F1350 X101.322 Y122.689 E241.5
G0 F7500 X101.887 Y122.689
G1 F1350 X112.267 Y112.309 E241.98824
G0 F7500 X112.833 Y112.309
G1 F1350 X102.453 Y122.689 E242.47649
G0 F7500 X103.019 Y122.689
G1 F1350 X113.398 Y112.309 E242.96471
G0 F7500 X113.964 Y112.309
G1 F1350 X103.584 Y122.689 E243.45295
G0 F7500 X104.15 Y122.689
G1 F1350 X114.53 Y112.309 E243.94119
G0 F7500 X115.095 Y112.309
G1 F1350 X104.716 Y122.689 E244.42941
G0 F7500 X105.281 Y122.689
G1 F1350 X115.661 Y112.309 E244.91766
G0 F7500 X116.227 Y112.309
G1 F1350 X105.847 Y122.689 E245.4059
G0 F7500 X106.413 Y122.689
G1 F1350 X116.792 Y112.309 E245.89412
G0 F7500 X117.358 Y112.309
G1 F1350 X106.978 Y122.689 E246.38236
G0 F7500 X107.544 Y122.689
G1 F1350 X117.924 Y112.309 E246.87061
G0 F7500 X118.489 Y112.309
G1 F1350 X108.11 Y122.689 E247.35883
G0 F7500 X108.675 Y122.689
G1 F1350 X119.055 Y112.309 E247.84707
G0 F7500 X119.621 Y112.309
G1 F1350 X109.241 Y122.689 E248.33531
G0 F7500 X109.807 Y122.689
G1 F1350 X120.186 Y112.309 E248.82353
G0 F7500 X120.752 Y112.309
G1 F1350 X110.373 Y122.689 E249.31175
G0 F7500 X110.938 Y122.689
G1 F1350 X121.318 Y112.309 E249.8
G0 F7500 X121.883 Y112.309
G1 F1350 X111.504 Y122.689 E250.28822
G0 F7500 X112.07 Y122.689
G1 F1350 X122.449 Y112.309 E250.77644
G0 F7500 X123.015 Y112.309
G1 F1350 X112.635 Y122.689 E251.26468
G0 F7500 X113.201 Y122.689
G1 F1350 X123.581 Y112.309 E251.75292
G0 F7500 X124.146 Y112.309
G1 F1350 X113.767 Y122.689 E252.24114
G0 F7500 X114.332 Y122.689
G1 F1350 X124.712 Y112.309 E252.72939
G0 F7500 X125.278 Y112.309
G1 F1350 X114.898 Y122.689 E253.21763
G0 F7500 X115.464 Y122.689
G1 F1350 X125.843 Y112.309 E253.70585
G0 F7500 X126.409 Y112.309
G1 F1350 X116.029 Y122.689 E254.19409
G0 F7500 X116.595 Y122.689
G1 F1350 X126.975 Y112.309 E254.68234
G0 F7500 X127.54 Y112.309
G1 F1350 X117.161 Y122.689 E255.17056
G0 F7500 X117.726 Y122.69
G1 F1350 X128.106 Y112.309 E255.65882
G0 F7500 X128.672 Y112.309
G1 F1350 X118.291 Y122.69 E256.14711
G0 F7500 X118.857 Y122.69
G1 F1350 X129.237 Y112.309 E256.63538
G0 F7500 X129.803 Y112.309
G1 F1350 X119.423 Y122.69 E257.12365
G0 F7500 X119.988 Y122.69
G1 F1350 X130.369 Y112.309 E257.61194
G0 F7500 X130.934 Y112.309
G1 F1350 X120.554 Y122.69 E258.10021
G0 F7500 X121.12 Y122.69
G1 F1350 X131.5 Y112.309 E258.58847
G0 F7500 X132.066 Y112.309
G1 F1350 X121.686 Y122.69 E259.07674
G0 F7500 X122.251 Y122.69
G1 F1350 X132.632 Y112.309 E259.56503
G0 F7500 X133.197 Y112.309
G1 F1350 X122.817 Y122.69 E260.0533
G0 F7500 X123.383 Y122.69
G1 F1350 X133.763 Y112.309 E260.54156
G0 F7500 X134.329 Y112.309
G1 F1350 X123.948 Y122.69 E261.02985
G0 F7500 X124.514 Y122.69
G1 F1350 X134.894 Y112.309 E261.51812
G0 F7500 X135.46 Y112.309
G1 F1350 X125.08 Y122.69 E262.00639
G0 F7500 X125.645 Y122.69
G1 F1350 X136.026 Y112.309 E262.49468
G0 F7500 X136.591 Y112.309
G1 F1350 X126.211 Y122.69 E262.98295
G0 F7500 X126.777 Y122.69
G1 F1350 X137.157 Y112.309 E263.47121
G0 F7500 X137.723 Y112.309
G1 F1350 X127.342 Y122.69 E263.9595
G0 F7500 X127.908 Y122.69
G1 F1350 X138.288 Y112.309 E264.44777
G0 F7500 X138.854 Y112.309
G1 F1350 X128.474 Y122.69 E264.93604
G0 F7500 X129.039 Y122.69
G1 F1350 X139.42 Y112.309 E265.42433
G0 F7500 X139.985 Y112.309
G1 F1350 X129.605 Y122.69 E265.91259
G0 F7500 X130.171 Y122.69
G1 F1350 X140.551 Y112.309 E266.40086
G0 F7500 X141.117 Y112.309
G1 F1350 X130.736 Y122.69 E266.88915
G0 F7500 X131.302 Y122.69
G1 F1350 X141.682 Y112.309 E267.37742
G0 F7500 X142.248 Y112.309
G1 F1350 X131.868 Y122.69 E267.86568
G0 F7500 X132.434 Y122.69
G1 F1350 X142.814 Y112.309 E268.35395
G0 F7500 X143.38 Y112.309
G1 F1350 X132.999 Y122.69 E268.84224
G0 F7500 X133.565 Y122.69
G1 F1350 X143.945 Y112.309 E269.33051
G0 F7500 X144.511 Y112.309
G1 F1350 X134.131 Y122.69 E269.81878
G0 F7500 X134.696 Y122.69
G1 F1350 X145.077 Y112.309 E270.30707
G0 F7500 X145.642 Y112.309
G1 F1350 X135.262 Y122.69 E270.79533
G0 F7500 X135.828 Y122.69
G1 F1350 X146.208 Y112.309 E271.2836
G0 F7500 X146.774 Y112.309
G1 F1350 X136.393 Y122.69 E271.77189
G0 F7500 X136.959 Y122.69
G1 F1350 X147.339 Y112.309 E272.26016
G0 F7500 X147.905 Y112.309
G1 F1350 X137.525 Y122.69 E272.74842
G0 F7500 X138.09 Y122.69
G1 F1350 X148.471 Y112.309 E273.23671
G0 F7500 X149.036 Y112.309
G1 F1350 X138.656 Y122.69 E273.72498
G0 F7500 X139.222 Y122.69
G1 F1350 X149.602 Y112.309 E274.21325
G0 F7500 X150.168 Y112.309
G1 F1350 X139.787 Y122.69 E274.70154
G0 F7500 X140.353 Y122.69
G1 F1350 X150.733 Y112.309 E275.18981
G0 F7500 X151.299 Y112.309
G1 F1350 X140.919 Y122.69 E275.67807
G0 F7500 X141.484 Y122.69
G1 F1350 X151.865 Y112.309 E276.16636
G0 F7500 X152.431 Y112.309
G1 F1350 X142.05 Y122.69 E276.65465
G0 F7500 X142.616 Y122.69
G1 F1350 X152.996 Y112.309 E277.14292
G0 F7500 X153.562 Y112.309
G1 F1350 X143.182 Y122.69 E277.63119
G0 F7500 X143.747 Y122.69
G1 F1350 X154.128 Y112.309 E278.11948
G0 F7500 X154.693 Y112.309
G1 F1350 X144.313 Y122.69 E278.60774
G0 F7500 X144.879 Y122.69
G1 F1350 X155.259 Y112.309 E279.09601
G0 F7500 X155.825 Y112.309
G1 F1350 X145.444 Y122.69 E279.5843
G0 F7500 X146.01 Y122.69
G1 F1350 X156.39 Y112.309 E280.07257
G0 F7500 X156.956 Y112.309
G1 F1350 X146.576 Y122.69 E280.56084
G0 F7500 X147.141 Y122.69
G1 F1350 X157.522 Y112.309 E281.04913
G0 F7500 X158.087 Y112.309
G1 F1350 X147.707 Y122.69 E281.53739
G0 F7500 X148.273 Y122.69
G1 F1350 X158.653 Y112.309 E282.02566
G0 F7500 X159.219 Y112.309
G1 F1350 X148.838 Y122.69 E282.51395
G0 F7500 X149.404 Y122.69
G1 F1350 X159.784 Y112.309 E283.00222
G0 F7500 X160.35 Y112.309
G1 F1350 X149.97 Y122.69 E283.49048
G0 F7500 X150.535 Y122.69
G1 F1350 X160.916 Y112.309 E283.97877
G0 F7500 X161.481 Y112.309
G1 F1350 X151.101 Y122.69 E284.46704
G0 F7500 X151.667 Y122.69
G1 F1350 X162.047 Y112.309 E284.95531
G0 F7500 X162.613 Y112.309
G1 F1350 X152.233 Y122.69 E285.44358
G0 F7500 X152.798 Y122.69
G1 F1350 X163.179 Y112.309 E285.93187
G0 F7500 X163.744 Y112.309
G1 F1350 X153.364 Y122.69 E286.42013
G0 F7500 X153.93 Y122.69
G1 F1350 X164.31 Y112.309 E286.9084
G0 F7500 X164.876 Y112.309
G1 F1350 X154.495 Y122.69 E287.39669
G0 F7500 X155.061 Y122.69
G1 F1350 X165.441 Y112.309 E287.88496
G0 F7500 X166.007 Y112.309
G1 F1350 X155.627 Y122.69 E288.37322
G0 F7500 X156.192 Y122.69
G1 F1350 X166.573 Y112.309 E288.86151
G0 F7500 X167.138 Y112.309
G1 F1350 X156.758 Y122.69 E289.34978
G0 F7500 X157.324 Y122.69
G1 F1350 X167.704 Y112.309 E289.83805
G0 F7500 X168.27 Y112.309
G1 F1350 X157.889 Y122.69 E290.32634
G0 F7500 X158.455 Y122.69
G1 F1350 X168.835 Y112.309 E290.8146
G0 F7500 X169.401 Y112.309
G1 F1350 X159.021 Y122.69 E291.30287
G0 F7500 X159.586 Y122.69
G1 F1350 X169.967 Y112.309 E291.79116
G0 F7500 X170.532 Y112.309
G1 F1350 X160.152 Y122.69 E292.27943
G0 F7500 X160.718 Y122.69
G1 F1350 X171.098 Y112.309 E292.7677
G0 F7500 X171.664 Y112.309
G1 F1350 X161.283 Y122.69 E293.25599
G0 F7500 X161.849 Y122.69
G1 F1350 X172.229 Y112.309 E293.74425
G0 F7500 X172.795 Y112.309
G1 F1350 X162.415 Y122.69 E294.23252
G0 F7500 X162.981 Y122.69
G1 F1350 X173.361 Y112.309 E294.72079
G0 F7500 X173.927 Y112.309
G1 F1350 X163.546 Y122.69 E295.20908
G0 F7500 X164.112 Y122.69
G1 F1350 X174.492 Y112.309 E295.69734
G0 F7500 X175.058 Y112.309
G1 F1350 X164.678 Y122.69 E296.18561
G0 F7500 X165.243 Y122.69
G1 F1350 X175.624 Y112.309 E296.6739
G0 F7500 X176.189 Y112.309
G1 F1350 X165.809 Y122.69 E297.16217
G0 F7500 X166.375 Y122.69
G1 F1350 X176.755 Y112.309 E297.65044
G0 F7500 X177.321 Y112.309
G1 F1350 X166.94 Y122.69 E298.13873
G0 F7500 X167.506 Y122.69
G1 F1350 X177.886 Y112.309 E298.62699
G0 F7500 X178.452 Y112.309
G1 F1350 X168.072 Y122.69 E299.11526
G0 F7500 X168.637 Y122.69
G1 F1350 X179.018 Y112.309 E299.60355
G0 F7500 X179.583 Y112.309
G1 F1350 X169.203 Y122.69 E300.09182
G0 F7500 X169.769 Y122.69
G1 F1350 X179.839 Y112.62 E300.56548
G0 F7500 X179.839 Y113.185
G1 F1350 X170.334 Y122.69 E301.01257
G0 F7500 X170.9 Y122.69
G1 F1350 X179.839 Y113.751 E301.43303
G0 F7500 X179.839 Y114.317
G1 F1350 X171.466 Y122.69 E301.82687
G0 F7500 X172.032 Y122.69
G1 F1350 X179.839 Y114.882 E302.19411
G0 F7500 X179.839 Y115.448
G1 F1350 X172.597 Y122.69 E302.53475
G0 F7500 X173.163 Y122.69
G1 F1350 X179.839 Y116.014 E302.84877
G0 F7500 X179.839 Y116.579
G1 F1350 X173.729 Y122.69 E303.13619
G0 F7500 X174.294 Y122.69
G1 F1350 X179.839 Y117.145 E303.39701
G0 F7500 X179.839 Y117.711
G1 F1350 X174.86 Y122.69 E303.63121
G0 F7500 X175.426 Y122.69
G1 F1350 X179.839 Y118.277 E303.83878
G0 F7500 X179.839 Y118.842
G1 F1350 X175.991 Y122.69 E304.01978
G0 F7500 X176.557 Y122.69
G1 F1350 X179.839 Y119.408 E304.17415
G0 F7500 X179.839 Y119.974
G1 F1350 X177.123 Y122.69 E304.3019
G0 F7500 X177.688 Y122.69
G1 F1350 X179.839 Y120.539 E304.40308
G0 F7500 X179.839 Y121.105
G1 F1350 X178.254 Y122.69 E304.47763
G0 F7500 X178.82 Y122.69
G1 F1350 X179.839 Y121.671 E304.52557
G0 F7500 X179.839 Y122.236
G1 F1350 X179.385 Y122.69 E304.54692
;MESH:NONMESH
G0 F300 X179.385 Y122.69 Z0.6
G0 F7500 X179.385 Y123.15
G0 X180.228 Y123.078
G0 X180.4 Y111.75
;TIME_ELAPSED:479.922762
;LAYER:2
M106 S170
;TYPE:WALL-INNER
;MESH:D790-17 Thermoplastic Specimen.STL
G1 F1500 X180.4 Y123.25 E304.92941
G1 X54.6 Y123.25 E309.11354
G1 X54.6 Y111.75 E309.49603
G1 X180.4 Y111.75 E313.68015
G1 F2700 E308.68015
G0 F9000 X180.228 Y123.078
G0 X54.47 Y123.38
G1 F2700 E313.68015
G0 F9000 X54.2 Y123.65
;TYPE:WALL-OUTER
G1 F1500 X180.8 Y123.65 E317.89089
G1 X180.8 Y111.35 E318.29999
G1 X54.2 Y111.35 E322.51072
G1 X54.2 Y123.65 E322.91982
G0 F9000 X54.47 Y123.38
G0 X54.7 Y122.89
G0 X54.96 Y122.89
;TYPE:SKIN
G1 F1500 X180.04 Y122.89 E327.08
G1 X180.04 Y117.5 E327.25927
G1 X180.04 Y112.11 E327.43854
G1 X54.96 Y112.11 E331.59872
G1 X54.96 Y122.89 E331.95726
G0 F9000 X55.372 Y122.688
G1 F1500 X55.159 Y122.476 E331.96726
G0 F9000 X55.159 Y121.91
G1 F1500 X55.937 Y122.688 E332.00385
G0 F9000 X56.503 Y122.688
G1 F1500 X55.159 Y121.345 E332.06705
G0 F9000 X55.159 Y120.779
G1 F1500 X57.069 Y122.688 E332.15686
G0 F9000 X57.634 Y122.688
G1 F1500 X55.159 Y120.213 E332.27328
G0 F9000 X55.159 Y119.648
G1 F1500 X58.2 Y122.688 E332.4163
G0 F9000 X58.766 Y122.688
G1 F1500 X55.159 Y119.082 E332.58593
G0 F9000 X55.159 Y118.516
G1 F1500 X59.331 Y122.688 E332.78217
G0 F9000 X59.897 Y122.688
G1 F1500 X55.159 Y117.951 E333.00501
G0 F9000 X55.159 Y117.385
G1 F1500 X60.463 Y122.688 E333.25447
G0 F9000 X61.028 Y122.688
G1 F1500 X55.159 Y116.819 E333.53053
G0 F9000 X55.159 Y116.254
G1 F1500 X61.594 Y122.688 E333.83319
G0 F9000 X62.16 Y122.688
G1 F1500 X55.159 Y115.688 E334.16247
G0 F9000 X55.159 Y115.122
G1 F1500 X62.726 Y122.688 E334.51838
G0 F9000 X63.291 Y122.688
G1 F1500 X55.159 Y114.556 E334.90088
G0 F9000 X55.159 Y113.991
G1 F1500 X63.857 Y122.688 E335.30998
G0 F9000 X64.423 Y122.688
G1 F1500 X55.159 Y113.425 E335.74571
G0 F9000 X55.159 Y112.859
G1 F1500 X64.988 Y122.688 E336.20804
G0 F9000 X65.554 Y122.688
G1 F1500 X55.176 Y112.31 E336.69619
G0 F9000 X55.741 Y112.31
G1 F1500 X66.12 Y122.688 E337.18436
G0 F9000 X66.685 Y122.688
G1 F1500 X56.307 Y112.31 E337.67251
G0 F9000 X56.873 Y112.31
G1 F1500 X67.251 Y122.688 E338.16066
G0 F9000 X67.817 Y122.688
G1 F1500 X57.438 Y112.31 E338.64883
G0 F9000 X58.004 Y112.31
G1 F1500 X68.382 Y122.688 E339.13698
G0 F9000 X68.948 Y122.688
G1 F1500 X58.57 Y112.31 E339.62513
G0 F9000 X59.136 Y112.31
G1 F1500 X69.514 Y122.688 E340.11328
G0 F9000 X70.079 Y122.688
G1 F1500 X59.701 Y112.31 E340.60143
G0 F9000 X60.267 Y112.31
G1 F1500 X70.645 Y122.688 E341.08958
G0 F9000 X71.211 Y122.688
G1 F1500 X60.833 Y112.31 E341.57773
G0 F9000 X61.398 Y112.31
G1 F1500 X71.776 Y122.688 E342.06588
G0 F9000 X72.342 Y122.688
G1 F1500 X61.964 Y112.31 E342.55403
G0 F9000 X62.53 Y112.31
G1 F1500 X72.908 Y122.688 E343.04217
G0 F9000 X73.474 Y122.688
G1 F1500 X63.095 Y112.31 E343.53035
G0 F9000 X63.661 Y112.31
G1 F1500 X74.039 Y122.688 E344.0185
G0 F9000 X74.605 Y122.688
G1 F1500 X64.227 Y112.31 E344.50665
G0 F9000 X64.792 Y112.31
G1 F1500 X75.171 Y122.688 E344.99482
G0 F9000 X75.736 Y122.688
G1 F1500 X65.358 Y112.31 E345.48297
G0 F9000 X65.924 Y112.31
G1 F1500 X76.302 Y122.688 E345.97112
G0 F9000 X76.868 Y122.688
G1 F1500 X66.489 Y112.31 E346.45929
G0 F9000 X67.055 Y112.31
G1 F1500 X77.433 Y122.688 E346.94744
G0 F9000 X77.999 Y122.688
G1 F1500 X67.621 Y112.31 E347.43559
G0 F9000 X68.187 Y112.31
G1 F1500 X78.565 Y122.688 E347.92374
G0 F9000 X79.13 Y122.688
G1 F1500 X68.752 Y112.31 E348.41189
G0 F9000 X69.318 Y112.31
G1 F1500 X79.696 Y122.688 E348.90004
G0 F9000 X80.262 Y122.688
G1 F1500 X69.884 Y112.31 E349.38819
G0 F9000 X70.449 Y112.31
G1 F1500 X80.827 Y122.688 E349.87634
G0 F9000 X81.393 Y122.688
G1 F1500 X71.015 Y112.31 E350.36448
G0 F9000 X71.581 Y112.31
G1 F1500 X81.959 Y122.688 E350.85263
G0 F9000 X82.525 Y122.688
G1 F1500 X72.146 Y112.31 E351.34081
G0 F9000 X72.712 Y112.31
G1 F1500 X83.09 Y122.688 E351.82896
G0 F9000 X83.656 Y122.688
G1 F1500 X73.278 Y112.31 E352.31711
G0 F9000 X73.843 Y112.31
G1 F1500 X84.222 Y122.688 E352.80528
G0 F9000 X84.787 Y122.688
G1 F1500 X74.409 Y112.31 E353.29343
G0 F9000 X74.975 Y112.31
G1 F1500 X85.353 Y122.688 E353.78158
G0 F9000 X85.919 Y122.688
G1 F1500 X75.54 Y112.31 E354.26975
G0 F9000 X76.106 Y112.31
G1 F1500 X86.484 Y122.688 E354.7579
G0 F9000 X87.05 Y122.688
G1 F1500 X76.672 Y112.31 E355.24605
G0 F9000 X77.237 Y112.31
G1 F1500 X87.616 Y122.688 E355.73422
G0 F9000 X88.181 Y122.688
G1 F1500 X77.803 Y112.31 E356.22237
G0 F9000 X78.369 Y112.31
G1 F1500 X88.747 Y122.688 E356.71052
G0 F9000 X89.313 Y122.688
G1 F1500 X78.935 Y112.31 E357.19867
G0 F9000 X79.5 Y112.31
G1 F1500 X89.878 Y122.688 E357.68682
G0 F9000 X90.444 Y122.688
G1 F1500 X80.066 Y112.31 E358.17497
G0 F9000 X80.632 Y112.31
G1 F1500 X91.01 Y122.688 E358.66312
G0 F9000 X91.575 Y122.688
G1 F1500 X81.197 Y112.31 E359.15127
G0 F9000 X81.763 Y112.31
G1 F1500 X92.141 Y122.688 E359.63942
G0 F9000 X92.707 Y122.688
G1 F1500 X82.329 Y112.31 E360.12757
G0 F9000 X82.894 Y112.31
G1 F1500 X93.273 Y122.688 E360.61574
G0 F9000 X93.838 Y122.688
G1 F1500 X83.46 Y112.31 E361.10389
G0 F9000 X84.026 Y112.31
G1 F1500 X94.404 Y122.688 E361.59204
G0 F9000 X94.97 Y122.688
G1 F1500 X84.591 Y112.31 E362.08021
G0 F9000 X85.157 Y112.31
G1 F1500 X95.535 Y122.688 E362.56836
G0 F9000 X96.101 Y122.688
G1 F1500 X85.723 Y112.31 E363.05651
G0 F9000 X86.288 Y112.31
G1 F1500 X96.667 Y122.688 E363.54468
G0 F9000 X97.232 Y122.688
G1 F1500 X86.854 Y112.31 E364.03283
G0 F9000 X87.42 Y112.31
G1 F1500 X97.798 Y122.688 E364.52098
G0 F9000 X98.364 Y122.688
G1 F1500 X87.986 Y112.31 E365.00913
G0 F9000 X88.551 Y112.31
G1 F1500 X98.929 Y122.688 E365.49728
G0 F9000 X99.495 Y122.688
G1 F1500 X89.117 Y112.31 E365.98543
G0 F9000 X89.683 Y112.31
G1 F1500 X100.061 Y122.688 E366.47358
G0 F9000 X100.626 Y122.688
G1 F1500 X90.248 Y112.31 E366.96173
G0 F9000 X90.814 Y112.31
G1 F1500 X101.192 Y122.688 E367.44988
G0 F9000 X101.758 Y122.688
G1 F1500 X91.38 Y112.31 E367.93802
G0 F9000 X91.945 Y112.31
G1 F1500 X102.324 Y122.688 E368.4262
G0 F9000 X102.889 Y122.688
G1 F1500 X92.511 Y112.31 E368.91435
G0 F9000 X93.077 Y112.31
G1 F1500 X103.455 Y122.688 E369.4025
G0 F9000 X104.021 Y122.688
G1 F1500 X93.642 Y112.31 E369.89067
G0 F9000 X94.208 Y112.31
G1 F1500 X104.586 Y122.688 E370.37882
G0 F9000 X105.152 Y122.688
G1 F1500 X94.774 Y112.31 E370.86697
G0 F9000 X95.339 Y112.31
G1 F1500 X105.718 Y122.688 E371.35514
G0 F9000 X106.283 Y122.688
G1 F1500 X95.905 Y112.31 E371.84329
G0 F9000 X96.471 Y112.31
G1 F1500 X106.849 Y122.688 E372.33144
G0 F9000 X107.415 Y122.688
G1 F1500 X97.036 Y112.31 E372.81961
G0 F9000 X97.602 Y112.31
G1 F1500 X107.98 Y122.688 E373.30776
G0 F9000 X108.546 Y122.688
G1 F1500 X98.168 Y112.31 E373.79591
G0 F9000 X98.734 Y112.31
G1 F1500 X109.112 Y122.688 E374.28406
G0 F9000 X109.677 Y122.688
G1 F1500 X99.299 Y112.31 E374.77221
G0 F9000 X99.865 Y112.31
G1 F1500 X110.243 Y122.688 E375.26036
G0 F9000 X110.809 Y122.688
G1 F1500 X100.431 Y112.31 E375.74851
G0 F9000 X100.996 Y112.31
G1 F1500 X111.374 Y122.688 E376.23666
G0 F9000 X111.94 Y122.688
G1 F1500 X101.562 Y112.31 E376.72481
G0 F9000 X102.128 Y112.31
G1 F1500 X112.506 Y122.688 E377.21296
G0 F9000 X113.072 Y122.688
G1 F1500 X102.693 Y112.31 E377.70113
G0 F9000 X103.259 Y112.31
G1 F1500 X113.637 Y122.688 E378.18928
G0 F9000 X114.203 Y122.688
G1 F1500 X103.825 Y112.31 E378.67743
G0 F9000 X104.39 Y112.31
G1 F1500 X114.769 Y122.688 E379.1656
G0 F9000 X115.334 Y122.688
G1 F1500 X104.956 Y112.31 E379.65375
G0 F9000 X105.522 Y112.31
G1 F1500 X115.9 Y122.688 E380.1419
G0 F9000 X116.466 Y122.688
G1 F1500 X106.087 Y112.31 E380.63007
G0 F9000 X106.653 Y112.31
G1 F1500 X117.031 Y122.688 E381.11822
G0 F9000 X117.598 Y122.689
G1 F1500 X107.219 Y112.31 E381.60642
G0 F9000 X107.784 Y112.31
G1 F1500 X118.163 Y122.689 E382.09461
G0 F9000 X118.729 Y122.689
G1 F1500 X108.35 Y112.31 E382.58281
G0 F9000 X108.916 Y112.31
G1 F1500 X119.295 Y122.689 E383.07101
G0 F9000 X119.86 Y122.689
G1 F1500 X109.482 Y112.31 E383.55918
G0 F9000 X110.047 Y112.31
G1 F1500 X120.426 Y122.689 E384.04737
G0 F9000 X120.992 Y122.689
G1 F1500 X110.613 Y112.31 E384.53557
G0 F9000 X111.179 Y112.31
G1 F1500 X121.558 Y122.689 E385.02377
G0 F9000 X122.123 Y122.689
G1 F1500 X111.744 Y112.31 E385.51196
G0 F9000 X112.31 Y112.31
G1 F1500 X122.689 Y122.689 E386.00016
G0 F9000 X123.255 Y122.689
G1 F1500 X112.876 Y112.31 E386.48836
G0 F9000 X113.441 Y112.31
G1 F1500 X123.82 Y122.689 E386.97655
G0 F9000 X124.386 Y122.689
G1 F1500 X114.007 Y112.31 E387.46475
G0 F9000 X114.573 Y112.31
G1 F1500 X124.952 Y122.689 E387.95295
G0 F9000 X125.517 Y122.689
G1 F1500 X115.138 Y112.31 E388.44114
G0 F9000 X115.704 Y112.31
G1 F1500 X126.083 Y122.689 E388.92934
G0 F9000 X126.649 Y122.689
G1 F1500 X116.27 Y112.31 E389.41753
G0 F9000 X116.835 Y112.31
G1 F1500 X127.214 Y122.689 E389.90573
G0 F9000 X127.78 Y122.689
G1 F1500 X117.401 Y112.31 E390.39393
G0 F9000 X117.967 Y112.31
G1 F1500 X128.346 Y122.689 E390.88212
G0 F9000 X128.911 Y122.689
G1 F1500 X118.533 Y112.31 E391.3703
G0 F9000 X119.098 Y112.31
G1 F1500 X129.477 Y122.689 E391.85849
G0 F9000 X130.043 Y122.689
G1 F1500 X119.664 Y112.31 E392.34669
G0 F9000 X120.23 Y112.31
G1 F1500 X130.608 Y122.689 E392.83486
G0 F9000 X131.174 Y122.689
G1 F1500 X120.795 Y112.31 E393.32306
G0 F9000 X121.361 Y112.31
G1 F1500 X131.74 Y122.689 E393.81125
G0 F9000 X132.306 Y122.689
G1 F1500 X121.927 Y112.31 E394.29945
G0 F9000 X122.492 Y112.31
G1 F1500 X132.871 Y122.689 E394.78765
G0 F9000 X133.437 Y122.689
G1 F1500 X123.058 Y112.31 E395.27584
G0 F9000 X123.624 Y112.31
G1 F1500 X134.003 Y122.689 E395.76404
G0 F9000 X134.568 Y122.689
G1 F1500 X124.189 Y112.31 E396.25224
G0 F9000 X124.755 Y112.31
G1 F1500 X135.134 Y122.689 E396.74043
G0 F9000 X135.7 Y122.689
G1 F1500 X125.321 Y112.31 E397.22863
G0 F9000 X125.886 Y112.31
G1 F1500 X136.265 Y122.689 E397.71683
G0 F9000 X136.831 Y122.689
G1 F1500 X126.452 Y112.31 E398.20502
G0 F9000 X127.018 Y112.31
G1 F1500 X137.397 Y122.689 E398.69322
G0 F9000 X137.962 Y122.689
G1 F1500 X127.583 Y112.31 E399.18141
G0 F9000 X128.149 Y112.31
G1 F1500 X138.528 Y122.689 E399.66961
G0 F9000 X139.094 Y122.689
G1 F1500 X128.715 Y112.31 E400.15781
G0 F9000 X129.281 Y112.31
G1 F1500 X139.659 Y122.689 E400.64598
G0 F9000 X140.225 Y122.689
G1 F1500 X129.846 Y112.31 E401.13418
G0 F9000 X130.412 Y112.31
G1 F1500 X140.791 Y122.689 E401.62237
G0 F9000 X141.357 Y122.689
G1 F1500 X130.978 Y112.31 E402.11057
G0 F9000 X131.543 Y112.31
G1 F1500 X141.922 Y122.689 E402.59877
G0 F9000 X142.488 Y122.689
G1 F1500 X132.109 Y112.31 E403.08696
G0 F9000 X132.675 Y112.31
G1 F1500 X143.054 Y122.689 E403.57516
G0 F9000 X143.619 Y122.689
G1 F1500 X133.24 Y112.31 E404.06335
G0 F9000 X133.806 Y112.31
G1 F1500 X144.185 Y122.689 E404.55155
G0 F9000 X144.751 Y122.689
G1 F1500 X134.372 Y112.31 E405.03975
G0 F9000 X134.937 Y112.31
G1 F1500 X145.316 Y122.689 E405.52794
G0 F9000 X145.882 Y122.689
G1 F1500 X135.503 Y112.31 E406.01614
G0 F9000 X136.069 Y112.31
G1 F1500 X146.448 Y122.689 E406.50434
G0 F9000 X147.013 Y122.689
G1 F1500 X136.634 Y112.31 E406.99253
G0 F9000 X137.2 Y112.31
G1 F1500 X147.579 Y122.689 E407.48073
G0 F9000 X148.145 Y122.689
G1 F1500 X137.766 Y112.31 E407.96892
G0 F9000 X138.332 Y112.31
G1 F1500 X148.71 Y122.689 E408.4571
G0 F9000 X149.276 Y122.689
G1 F1500 X138.897 Y112.31 E408.94529
G0 F9000 X139.463 Y112.31
G1 F1500 X149.842 Y122.689 E409.43349
G0 F9000 X150.407 Y122.689
G1 F1500 X140.029 Y112.31 E409.92166
G0 F9000 X140.594 Y112.31
G1 F1500 X150.973 Y122.689 E410.40986
G0 F9000 X151.539 Y122.689
G1 F1500 X141.16 Y112.31 E410.89806
G0 F9000 X141.726 Y112.31
G1 F1500 X152.105 Y122.689 E411.38625
G0 F9000 X152.67 Y122.689
G1 F1500 X142.291 Y112.31 E411.87445
G0 F9000 X142.857 Y112.31
G1 F1500 X153.236 Y122.689 E412.36264
G0 F9000 X153.802 Y122.689
G1 F1500 X143.423 Y112.31 E412.85084
G0 F9000 X143.988 Y112.31
G1 F1500 X154.367 Y122.689 E413.33904
G0 F9000 X154.933 Y122.689
G1 F1500 X144.554 Y112.31 E413.82723
G0 F9000 X145.12 Y112.31
G1 F1500 X155.499 Y122.689 E414.31543
G0 F9000 X156.064 Y122.689
G1 F1500 X145.685 Y112.31 E414.80363
G0 F9000 X146.251 Y112.31
G1 F1500 X156.63 Y122.689 E415.29182
G0 F9000 X157.196 Y122.689
G1 F1500 X146.817 Y112.31 E415.78002
G0 F9000 X147.382 Y112.31
G1 F1500 X157.761 Y122.689 E416.26822
G0 F9000 X158.327 Y122.689
G1 F1500 X147.948 Y112.31 E416.75641
G0 F9000 X148.514 Y112.31
G1 F1500 X158.893 Y122.689 E417.24461
G0 F9000 X159.458 Y122.689
G1 F1500 X149.08 Y112.31 E417.73278
G0 F9000 X149.645 Y112.31
G1 F1500 X160.024 Y122.689 E418.22098
G0 F9000 X160.59 Y122.689
G1 F1500 X150.211 Y112.31 E418.70917
G0 F9000 X150.777 Y112.31
G1 F1500 X161.155 Y122.689 E419.19735
G0 F9000 X161.721 Y122.689
G1 F1500 X151.342 Y112.31 E419.68554
G0 F9000 X151.908 Y112.31
G1 F1500 X162.287 Y122.689 E420.17374
G0 F9000 X162.853 Y122.689
G1 F1500 X152.474 Y112.31 E420.66194
G0 F9000 X153.039 Y112.31
G1 F1500 X163.418 Y122.689 E421.15013
G0 F9000 X163.984 Y122.689
G1 F1500 X153.605 Y112.31 E421.63833
G0 F9000 X154.171 Y112.31
G1 F1500 X164.55 Y122.689 E422.12652
G0 F9000 X165.115 Y122.689
G1 F1500 X154.736 Y112.31 E422.61472
G0 F9000 X155.302 Y112.31
G1 F1500 X165.681 Y122.689 E423.10292
G0 F9000 X166.247 Y122.689
G1 F1500 X155.868 Y112.31 E423.59111
G0 F9000 X156.433 Y112.31
G1 F1500 X166.812 Y122.689 E424.07931
G0 F9000 X167.378 Y122.689
G1 F1500 X156.999 Y112.31 E424.56751
G0 F9000 X157.565 Y112.31
G1 F1500 X167.944 Y122.689 E425.0557
G0 F9000 X168.509 Y122.689
G1 F1500 X158.13 Y112.31 E425.5439
G0 F9000 X158.696 Y112.31
G1 F1500 X169.075 Y122.689 E426.0321
G0 F9000 X169.641 Y122.689
G1 F1500 X159.262 Y112.31 E426.52029
G0 F9000 X159.828 Y112.31
G1 F1500 X170.206 Y122.689 E427.00846
G0 F9000 X170.772 Y122.689
G1 F1500 X160.393 Y112.31 E427.49666
G0 F9000 X160.959 Y112.31
G1 F1500 X171.338 Y122.689 E427.98486
G0 F9000 X171.904 Y122.689
G1 F1500 X161.525 Y112.31 E428.47305
G0 F9000 X162.09 Y112.31
G1 F1500 X172.469 Y122.689 E428.96125
G0 F9000 X173.035 Y122.689
G1 F1500 X162.656 Y112.31 E429.44945
G0 F9000 X163.222 Y112.31
G1 F1500 X173.601 Y122.689 E429.93764
G0 F9000 X174.166 Y122.689
G1 F1500 X163.787 Y112.31 E430.42584
G0 F9000 X164.353 Y112.31
G1 F1500 X174.732 Y122.689 E430.91404
G0 F9000 X175.298 Y122.689
G1 F1500 X164.919 Y112.31 E431.40223
G0 F9000 X165.484 Y112.31
G1 F1500 X175.863 Y122.689 E431.89043
G0 F9000 X176.429 Y122.689
G1 F1500 X166.05 Y112.31 E432.37862
G0 F9000 X166.616 Y112.31
G1 F1500 X176.995 Y122.689 E432.86682
G0 F9000 X177.56 Y122.689
G1 F1500 X167.181 Y112.31 E433.35502
G0 F9000 X167.747 Y112.31
G1 F1500 X178.126 Y122.689 E433.84321
G0 F9000 X178.692 Y122.689
G1 F1500 X168.313 Y112.31 E434.33141
G0 F9000 X168.879 Y112.31
G1 F1500 X179.257 Y122.689 E434.81958
G0 F9000 X179.823 Y122.689
G1 F1500 X169.444 Y112.31 E435.30778
G0 F9000 X170.01 Y112.31
G1 F1500 X179.839 Y122.139 E435.7701
G0 F9000 X179.839 Y121.574
G1 F1500 X170.576 Y112.31 E436.20583
G0 F9000 X171.141 Y112.31
G1 F1500 X179.839 Y121.008 E436.61496
G0 F9000 X179.839 Y120.442
G1 F1500 X171.707 Y112.31 E436.99746
G0 F9000 X172.273 Y112.31
G1 F1500 X179.839 Y119.877 E437.35337
G0 F9000 X179.839 Y119.311
G1 F1500 X172.838 Y112.31 E437.68267
G0 F9000 X173.404 Y112.31
G1 F1500 X179.839 Y118.745 E437.98536
G0 F9000 X179.839 Y118.18
G1 F1500 X173.97 Y112.31 E438.26144
G0 F9000 X174.535 Y112.31
G1 F1500 X179.839 Y117.614 E438.51092
G0 F9000 X179.839 Y117.048
G1 F1500 X175.101 Y112.31 E438.73378
G0 F9000 X175.667 Y112.31
G1 F1500 X179.839 Y116.483 E438.93005
G0 F9000 X179.839 Y115.917
G1 F1500 X176.232 Y112.31 E439.09971
G0 F9000 X176.798 Y112.31
G1 F1500 X179.839 Y115.351 E439.24275
G0 F9000 X179.839 Y114.786
G1 F1500 X177.364 Y112.31 E439.35919
G0 F9000 X177.929 Y112.31
G1 F1500 X179.839 Y114.22 E439.44903
G0 F9000 X179.839 Y113.654
G1 F1500 X178.495 Y112.31 E439.51225
G0 F9000 X179.061 Y112.31
G1 F1500 X179.839 Y113.089 E439.54886
G0 F9000 X179.839 Y112.523
G1 F1500 X179.627 Y112.31 E439.55886
G1 F2700 E434.55886
;MESH:NONMESH
G0 F300 X179.627 Y112.31 Z0.8
G0 F9000 X179.627 Y111.85
G0 X180.228 Y111.922
G0 X180.228 Y123.078
G0 X54.6 Y123.25
;TIME_ELAPSED:665.446334
;LAYER:3
M106 S255
;TYPE:WALL-INNER
;MESH:D790-17 Thermoplastic Specimen.STL
G1 F2700 E439.55886
G1 F1500 X180.4 Y123.25 E443.74298
G1 X180.4 Y117.5 E443.93423
G1 X180.4 Y111.75 E444.12548
G1 X54.6 Y111.75 E448.3096
G1 X54.6 Y123.25 E448.69209
G1 F2700 E443.69209
G0 F9000 X54.47 Y111.62
G1 F2700 E448.69209
G0 F9000 X54.2 Y111.35
;TYPE:WALL-OUTER
G1 F1500 X180.8 Y111.35 E452.90283
G1 X180.8 Y117.5 E453.10738
G1 X180.8 Y123.65 E453.31193
G1 X54.2 Y123.65 E457.52266
G1 X54.2 Y111.35 E457.93176
G0 F9000 X54.47 Y111.62
G0 X54.7 Y112.11
G0 X54.96 Y112.11
;TYPE:SKIN
G1 F1500 X180.04 Y112.11 E462.09194
G1 X180.04 Y117.5 E462.27121
G1 X180.04 Y122.89 E462.45048
G1 X54.96 Y122.89 E466.61066
G1 X54.96 Y112.11 E466.9692
G0 F9000 X55.159 Y112.848
G1 F1500 X55.698 Y112.309 E466.99455
G0 F9000 X56.264 Y112.309
G1 F1500 X55.159 Y113.414 E467.04653
G0 F9000 X55.159 Y113.979
G1 F1500 X56.83 Y112.309 E467.12511
G0 F9000 X57.395 Y112.309
G1 F1500 X55.159 Y114.545 E467.23028
G0 F9000 X55.159 Y115.111
G1 F1500 X57.961 Y112.309 E467.36208
G0 F9000 X58.527 Y112.309
G1 F1500 X55.159 Y115.677 E467.5205
G0 F9000 X55.159 Y116.242
G1 F1500 X59.092 Y112.309 E467.70549
G0 F9000 X59.658 Y112.309
G1 F1500 X55.159 Y116.808 E467.91711
G0 F9000 X55.159 Y117.374
G1 F1500 X60.224 Y112.309 E468.15536
G0 F9000 X60.789 Y112.309
G1 F1500 X55.159 Y117.939 E468.42017
G0 F9000 X55.159 Y118.505
G1 F1500 X61.355 Y112.309 E468.71161
G0 F9000 X61.921 Y112.309
G1 F1500 X55.159 Y119.071 E469.02968
G0 F9000 X55.159 Y119.636
G1 F1500 X62.487 Y112.309 E469.37434
G0 F9000 X63.052 Y112.309
G1 F1500 X55.159 Y120.202 E469.7456
G0 F9000 X55.159 Y120.768
G1 F1500 X63.618 Y112.309 E470.14349
G0 F9000 X64.184 Y112.309
G1 F1500 X55.159 Y121.333 E470.56797
G0 F9000 X55.159 Y121.899
G1 F1500 X64.749 Y112.309 E471.01906
G0 F9000 X65.315 Y112.309
G1 F1500 X55.159 Y122.465 E471.49677
G0 F9000 X55.501 Y122.689
G1 F1500 X65.881 Y112.309 E471.98501
G0 F9000 X66.446 Y112.309
G1 F1500 X56.067 Y122.689 E472.47323
G0 F9000 X56.632 Y122.689
G1 F1500 X67.012 Y112.309 E472.96147
G0 F9000 X67.578 Y112.309
G1 F1500 X57.198 Y122.689 E473.44972
G0 F9000 X57.764 Y122.689
G1 F1500 X68.143 Y112.309 E473.93794
G0 F9000 X68.709 Y112.309
G1 F1500 X58.329 Y122.689 E474.42618
G0 F9000 X58.895 Y122.689
G1 F1500 X69.275 Y112.309 E474.91442
G0 F9000 X69.84 Y112.309
G1 F1500 X59.461 Y122.689 E475.40264
G0 F9000 X60.027 Y122.689
G1 F1500 X70.406 Y112.309 E475.89086
G0 F9000 X70.972 Y112.309
G1 F1500 X60.592 Y122.689 E476.3791
G0 F9000 X61.158 Y122.689
G1 F1500 X71.537 Y112.309 E476.86732
G0 F9000 X72.103 Y112.309
G1 F1500 X61.724 Y122.689 E477.35554
G0 F9000 X62.289 Y122.689
G1 F1500 X72.669 Y112.309 E477.84379
G0 F9000 X73.235 Y112.309
G1 F1500 X62.855 Y122.689 E478.33203
G0 F9000 X63.421 Y122.689
G1 F1500 X73.8 Y112.309 E478.82025
G0 F9000 X74.366 Y112.309
G1 F1500 X63.986 Y122.689 E479.30849
G0 F9000 X64.552 Y122.689
G1 F1500 X74.932 Y112.309 E479.79674
G0 F9000 X75.497 Y112.309
G1 F1500 X65.118 Y122.689 E480.28496
G0 F9000 X65.683 Y122.689
G1 F1500 X76.063 Y112.309 E480.7732
G0 F9000 X76.629 Y112.309
G1 F1500 X66.249 Y122.689 E481.26144
G0 F9000 X66.815 Y122.689
G1 F1500 X77.194 Y112.309 E481.74966
G0 F9000 X77.76 Y112.309
G1 F1500 X67.38 Y122.689 E482.23791
G0 F9000 X67.946 Y122.689
G1 F1500 X78.326 Y112.309 E482.72615
G0 F9000 X78.891 Y112.309
G1 F1500 X68.512 Y122.689 E483.21437
G0 F9000 X69.077 Y122.689
G1 F1500 X79.457 Y112.309 E483.70261
G0 F9000 X80.023 Y112.309
G1 F1500 X69.643 Y122.689 E484.19086
G0 F9000 X70.209 Y122.689
G1 F1500 X80.588 Y112.309 E484.67908
G0 F9000 X81.154 Y112.309
G1 F1500 X70.775 Y122.689 E485.1673
G0 F9000 X71.34 Y122.689
G1 F1500 X81.72 Y112.309 E485.65554
G0 F9000 X82.286 Y112.309
G1 F1500 X71.906 Y122.689 E486.14378
G0 F9000 X72.472 Y122.689
G1 F1500 X82.851 Y112.309 E486.632
G0 F9000 X83.417 Y112.309
G1 F1500 X73.037 Y122.689 E487.12025
G0 F9000 X73.603 Y122.689
G1 F1500 X83.983 Y112.309 E487.60849
G0 F9000 X84.548 Y112.309
G1 F1500 X74.169 Y122.689 E488.09671
G0 F9000 X74.734 Y122.689
G1 F1500 X85.114 Y112.309 E488.58495
G0 F9000 X85.68 Y112.309
G1 F1500 X75.3 Y122.689 E489.0732
G0 F9000 X75.866 Y122.689
G1 F1500 X86.245 Y112.309 E489.56142
G0 F9000 X86.811 Y112.309
G1 F1500 X76.431 Y122.689 E490.04966
G0 F9000 X76.997 Y122.689
G1 F1500 X87.377 Y112.309 E490.5379
G0 F9000 X87.942 Y112.309
G1 F1500 X77.563 Y122.689 E491.02612
G0 F9000 X78.128 Y122.689
G1 F1500 X88.508 Y112.309 E491.51437
G0 F9000 X89.074 Y112.309
G1 F1500 X78.694 Y122.689 E492.00261
G0 F9000 X79.26 Y122.689
G1 F1500 X89.639 Y112.309 E492.49083
G0 F9000 X90.205 Y112.309
G1 F1500 X79.825 Y122.689 E492.97907
G0 F9000 X80.391 Y122.689
G1 F1500 X90.771 Y112.309 E493.46732
G0 F9000 X91.336 Y112.309
G1 F1500 X80.957 Y122.689 E493.95554
G0 F9000 X81.523 Y122.689
G1 F1500 X91.902 Y112.309 E494.44376
G0 F9000 X92.468 Y112.309
G1 F1500 X82.088 Y122.689 E494.932
G0 F9000 X82.654 Y122.689
G1 F1500 X93.034 Y112.309 E495.42024
G0 F9000 X93.599 Y112.309
G1 F1500 X83.22 Y122.689 E495.90846
G0 F9000 X83.785 Y122.689
G1 F1500 X94.165 Y112.309 E496.39671
G0 F9000 X94.731 Y112.309
G1 F1500 X84.351 Y122.689 E496.88495
G0 F9000 X84.917 Y122.689
G1 F1500 X95.296 Y112.309 E497.37317
G0 F9000 X95.862 Y112.309
G1 F1500 X85.482 Y122.689 E497.86141
G0 F9000 X86.048 Y122.689
G1 F1500 X96.428 Y112.309 E498.34966
G0 F9000 X96.993 Y112.309
G1 F1500 X86.614 Y122.689 E498.83788
G0 F9000 X87.179 Y122.689
G1 F1500 X97.559 Y112.309 E499.32612
G0 F9000 X98.125 Y112.309
G1 F1500 X87.745 Y122.689 E499.81436
G0 F9000 X88.311 Y122.689
G1 F1500 X98.69 Y112.309 E500.30258
G0 F9000 X99.256 Y112.309
G1 F1500 X88.876 Y122.689 E500.79083
G0 F9000 X89.442 Y122.689
G1 F1500 X99.822 Y112.309 E501.27907
G0 F9000 X100.387 Y112.309
G1 F1500 X90.008 Y122.689 E501.76729
G0 F9000 X90.574 Y122.689
G1 F1500 X100.953 Y112.309 E502.25551
G0 F9000 X101.519 Y112.309
G1 F1500 X91.139 Y122.689 E502.74375
G0 F9000 X91.705 Y122.689
G1 F1500 X102.085 Y112.309 E503.232
G0 F9000 X102.65 Y112.309
G1 F1500 X92.271 Y122.689 E503.72022
G0 F9000 X92.836 Y122.689
G1 F1500 X103.216 Y112.309 E504.20846
G0 F9000 X103.782 Y112.309
G1 F1500 X93.402 Y122.689 E504.6967
G0 F9000 X93.968 Y122.689
G1 F1500 X104.347 Y112.309 E505.18492
G0 F9000 X104.913 Y112.309
G1 F1500 X94.533 Y122.689 E505.67317
G0 F9000 X95.099 Y122.689
G1 F1500 X105.479 Y112.309 E506.16141
G0 F9000 X106.044 Y112.309
G1 F1500 X95.665 Y122.689 E506.64963
G0 F9000 X96.23 Y122.689
G1 F1500 X106.61 Y112.309 E507.13787
G0 F9000 X107.176 Y112.309
G1 F1500 X96.796 Y122.689 E507.62612
G0 F9000 X97.362 Y122.689
G1 F1500 X107.741 Y112.309 E508.11434
G0 F9000 X108.307 Y112.309
G1 F1500 X97.927 Y122.689 E508.60258
G0 F9000 X98.493 Y122.689
G1 F1500 X108.873 Y112.309 E509.09082
G0 F9000 X109.438 Y112.309
G1 F1500 X99.059 Y122.689 E509.57904
G0 F9000 X99.624 Y122.689
G1 F1500 X110.004 Y112.309 E510.06729
G0 F9000 X110.57 Y112.309
G1 F1500 X100.19 Y122.689 E510.55553
G0 F9000 X100.756 Y122.689
G1 F1500 X111.135 Y112.309 E511.04375
G0 F9000 X111.701 Y112.309
G1 F1500 X101.322 Y122.689 E511.53197
G0 F9000 X101.887 Y122.689
G1 F1500 X112.267 Y112.309 E512.02021
G0 F9000 X112.833 Y112.309
G1 F1500 X102.453 Y122.689 E512.50846
G0 F9000 X103.019 Y122.689
G1 F1500 X113.398 Y112.309 E512.99668
G0 F9000 X113.964 Y112.309
G1 F1500 X103.584 Y122.689 E513.48492
G0 F9000 X104.15 Y122.689
G1 F1500 X114.53 Y112.309 E513.97316
G0 F9000 X115.095 Y112.309
G1 F1500 X104.716 Y122.689 E514.46138
G0 F9000 X105.281 Y122.689
G1 F1500 X115.661 Y112.309 E514.94963
G0 F9000 X116.227 Y112.309
G1 F1500 X105.847 Y122.689 E515.43787
G0 F9000 X106.413 Y122.689
G1 F1500 X116.792 Y112.309 E515.92609
G0 F9000 X117.358 Y112.309
G1 F1500 X106.978 Y122.689 E516.41433
G0 F9000 X107.544 Y122.689
G1 F1500 X117.924 Y112.309 E516.90258
G0 F9000 X118.489 Y112.309
G1 F1500 X108.11 Y122.689 E517.3908
G0 F9000 X108.675 Y122.689
G1 F1500 X119.055 Y112.309 E517.87904
G0 F9000 X119.621 Y112.309
G1 F1500 X109.241 Y122.689 E518.36728
G0 F9000 X109.807 Y122.689
G1 F1500 X120.186 Y112.309 E518.8555
G0 F9000 X120.752 Y112.309
G1 F1500 X110.373 Y122.689 E519.34372
G0 F9000 X110.938 Y122.689
G1 F1500 X121.318 Y112.309 E519.83197
G0 F9000 X121.883 Y112.309
G1 F1500 X111.504 Y122.689 E520.32019
G0 F9000 X112.07 Y122.689
G1 F1500 X122.449 Y112.309 E520.80841
G0 F9000 X123.015 Y112.309
G1 F1500 X112.635 Y122.689 E521.29665
G0 F9000 X113.201 Y122.689
G1 F1500 X123.581 Y112.309 E521.78489
G0 F9000 X124.146 Y112.309
G1 F1500 X113.767 Y122.689 E522.27311
G0 F9000 X114.332 Y122.689
G1 F1500 X124.712 Y112.309 E522.76136
G0 F9000 X125.278 Y112.309
G1 F1500 X114.898 Y122.689 E523.2496
G0 F9000 X115.464 Y122.689
G1 F1500 X125.843 Y112.309 E523.73782
G0 F9000 X126.409 Y112.309
G1 F1500 X116.029 Y122.689 E524.22606
G0 F9000 X116.595 Y122.689
G1 F1500 X126.975 Y112.309 E524.71431
G0 F9000 X127.54 Y112.309
G1 F1500 X117.161 Y122.689 E525.20253
G0 F9000 X117.726 Y122.69
G1 F1500 X128.106 Y112.309 E525.69079
G0 F9000 X128.672 Y112.309
G1 F1500 X118.291 Y122.69 E526.17908
G0 F9000 X118.857 Y122.69
G1 F1500 X129.237 Y112.309 E526.66735
G0 F9000 X129.803 Y112.309
G1 F1500 X119.423 Y122.69 E527.15562
G0 F9000 X119.988 Y122.69
G1 F1500 X130.369 Y112.309 E527.64391
G0 F9000 X130.934 Y112.309
G1 F1500 X120.554 Y122.69 E528.13217
G0 F9000 X121.12 Y122.69
G1 F1500 X131.5 Y112.309 E528.62044
G0 F9000 X132.066 Y112.309
G1 F1500 X121.686 Y122.69 E529.10871
G0 F9000 X122.251 Y122.69
G1 F1500 X132.632 Y112.309 E529.597
G0 F9000 X133.197 Y112.309
G1 F1500 X122.817 Y122.69 E530.08526
G0 F9000 X123.383 Y122.69
G1 F1500 X133.763 Y112.309 E530.57353
G0 F9000 X134.329 Y112.309
G1 F1500 X123.948 Y122.69 E531.06182
G0 F9000 X124.514 Y122.69
G1 F1500 X134.894 Y112.309 E531.55009
G0 F9000 X135.46 Y112.309
G1 F1500 X125.08 Y122.69 E532.03836
G0 F9000 X125.645 Y122.69
G1 F1500 X136.026 Y112.309 E532.52665
G0 F9000 X136.591 Y112.309
G1 F1500 X126.211 Y122.69 E533.01491
G0 F9000 X126.777 Y122.69
G1 F1500 X137.157 Y112.309 E533.50318
G0 F9000 X137.723 Y112.309
G1 F1500 X127.342 Y122.69 E533.99147
G0 F9000 X127.908 Y122.69
G1 F1500 X138.288 Y112.309 E534.47974
G0 F9000 X138.854 Y112.309
G1 F1500 X128.474 Y122.69 E534.968
G0 F9000 X129.039 Y122.69
G1 F1500 X139.42 Y112.309 E535.45629
G0 F9000 X139.985 Y112.309
G1 F1500 X129.605 Y122.69 E535.94456
G0 F9000 X130.171 Y122.69
G1 F1500 X140.551 Y112.309 E536.43283
G0 F9000 X141.117 Y112.309
G1 F1500 X130.736 Y122.69 E536.92112
G0 F9000 X131.302 Y122.69
G1 F1500 X141.682 Y112.309 E537.40939
G0 F9000 X142.248 Y112.309
G1 F1500 X131.868 Y122.69 E537.89765
G0 F9000 X132.434 Y122.69
G1 F1500 X142.814 Y112.309 E538.38592
G0 F9000 X143.38 Y112.309
G1 F1500 X132.999 Y122.69 E538.87421
G0 F9000 X133.565 Y122.69
G1 F1500 X143.945 Y112.309 E539.36248
G0 F9000 X144.511 Y112.309
G1 F1500 X134.131 Y122.69 E539.85074
G0 F9000 X134.696 Y122.69
G1 F1500 X145.077 Y112.309 E540.33903
G0 F9000 X145.642 Y112.309
G1 F1500 X135.262 Y122.69 E540.8273
G0 F9000 X135.828 Y122.69
G1 F1500 X146.208 Y112.309 E541.31557
G0 F9000 X146.774 Y112.309
G1 F1500 X136.393 Y122.69 E541.80386
G0 F9000 X136.959 Y122.69
G1 F1500 X147.339 Y112.309 E542.29213
G0 F9000 X147.905 Y112.309
G1 F1500 X137.525 Y122.69 E542.78039
G0 F9000 X138.09 Y122.69
G1 F1500 X148.471 Y112.309 E543.26868
G0 F9000 X149.036 Y112.309
G1 F1500 X138.656 Y122.69 E543.75695
G0 F9000 X139.222 Y122.69
G1 F1500 X149.602 Y112.309 E544.24522
G0 F9000 X150.168 Y112.309
G1 F1500 X139.787 Y122.69 E544.73351
G0 F9000 X140.353 Y122.69
G1 F1500 X150.733 Y112.309 E545.22177
G0 F9000 X151.299 Y112.309
G1 F1500 X140.919 Y122.69 E545.71004
G0 F9000 X141.484 Y122.69
G1 F1500 X151.865 Y112.309 E546.19833
G0 F9000 X152.431 Y112.309
G1 F1500 X142.05 Y122.69 E546.68662
G0 F9000 X142.616 Y122.69
G1 F1500 X152.996 Y112.309 E547.17489
G0 F9000 X153.562 Y112.309
G1 F1500 X143.182 Y122.69 E547.66316
G0 F9000 X143.747 Y122.69
G1 F1500 X154.128 Y112.309 E548.15145
G0 F9000 X154.693 Y112.309
G1 F1500 X144.313 Y122.69 E548.63971
G0 F9000 X144.879 Y122.69
G1 F1500 X155.259 Y112.309 E549.12798
G0 F9000 X155.825 Y112.309
G1 F1500 X145.444 Y122.69 E549.61627
G0 F9000 X146.01 Y122.69
G1 F1500 X156.39 Y112.309 E550.10454
G0 F9000 X156.956 Y112.309
G1 F1500 X146.576 Y122.69 E550.5928
G0 F9000 X147.141 Y122.69
G1 F1500 X157.522 Y112.309 E551.08109
G0 F9000 X158.087 Y112.309
G1 F1500 X147.707 Y122.69 E551.56936
G0 F9000 X148.273 Y122.69
G1 F1500 X158.653 Y112.309 E552.05763
G0 F9000 X159.219 Y112.309
G1 F1500 X148.838 Y122.69 E552.54592
G0 F9000 X149.404 Y122.69
G1 F1500 X159.784 Y112.309 E553.03419
G0 F9000 X160.35 Y112.309
G1 F1500 X149.97 Y122.69 E553.52245
G0 F9000 X150.535 Y122.69
G1 F1500 X160.916 Y112.309 E554.01074
G0 F9000 X161.481 Y112.309
G1 F1500 X151.101 Y122.69 E554.49901
G0 F9000 X151.667 Y122.69
G1 F1500 X162.047 Y112.309 E554.98728
G0 F9000 X162.613 Y112.309
G1 F1500 X152.233 Y122.69 E555.47554
G0 F9000 X152.798 Y122.69
G1 F1500 X163.179 Y112.309 E555.96383
G0 F9000 X163.744 Y112.309
G1 F1500 X153.364 Y122.69 E556.4521
G0 F9000 X153.93 Y122.69
G1 F1500 X164.31 Y112.309 E556.94037
G0 F9000 X164.876 Y112.309
G1 F1500 X154.495 Y122.69 E557.42866
G0 F9000 X155.061 Y122.69
G1 F1500 X165.441 Y112.309 E557.91692
G0 F9000 X166.007 Y112.309
G1 F1500 X155.627 Y122.69 E558.40519
G0 F9000 X156.192 Y122.69
G1 F1500 X166.573 Y112.309 E558.89348
G0 F9000 X167.138 Y112.309
G1 F1500 X156.758 Y122.69 E559.38175
G0 F9000 X157.324 Y122.69
G1 F1500 X167.704 Y112.309 E559.87002
G0 F9000 X168.27 Y112.309
G1 F1500 X157.889 Y122.69 E560.35831
G0 F9000 X158.455 Y122.69
G1 F1500 X168.835 Y112.309 E560.84657
G0 F9000 X169.401 Y112.309
G1 F1500 X159.021 Y122.69 E561.33484
G0 F9000 X159.586 Y122.69
G1 F1500 X169.967 Y112.309 E561.82313
G0 F9000 X170.532 Y112.309
G1 F1500 X160.152 Y122.69 E562.3114
G0 F9000 X160.718 Y122.69
G1 F1500 X171.098 Y112.309 E562.79966
G0 F9000 X171.664 Y112.309
G1 F1500 X161.283 Y122.69 E563.28795
G0 F9000 X161.849 Y122.69
G1 F1500 X172.229 Y112.309 E563.77622
G0 F9000 X172.795 Y112.309
G1 F1500 X162.415 Y122.69 E564.26449
G0 F9000 X162.981 Y122.69
G1 F1500 X173.361 Y112.309 E564.75276
G0 F9000 X173.927 Y112.309
G1 F1500 X163.546 Y122.69 E565.24105
G0 F9000 X164.112 Y122.69
G1 F1500 X174.492 Y112.309 E565.72931
G0 F9000 X175.058 Y112.309
G1 F1500 X164.678 Y122.69 E566.21758
G0 F9000 X165.243 Y122.69
G1 F1500 X175.624 Y112.309 E566.70587
G0 F9000 X176.189 Y112.309
G1 F1500 X165.809 Y122.69 E567.19414
G0 F9000 X166.375 Y122.69
G1 F1500 X176.755 Y112.309 E567.6824
G0 F9000 X177.321 Y112.309
G1 F1500 X166.94 Y122.69 E568.17069
G0 F9000 X167.506 Y122.69
G1 F1500 X177.886 Y112.309 E568.65896
G0 F9000 X178.452 Y112.309
G1 F1500 X168.072 Y122.69 E569.14723
G0 F9000 X168.637 Y122.69
G1 F1500 X179.018 Y112.309 E569.63552
G0 F9000 X179.583 Y112.309
G1 F1500 X169.203 Y122.69 E570.12379
G0 F9000 X169.769 Y122.69
G1 F1500 X179.839 Y112.62 E570.59745
G0 F9000 X179.839 Y113.185
G1 F1500 X170.334 Y122.69 E571.04453
G0 F9000 X170.9 Y122.69
G1 F1500 X179.839 Y113.751 E571.465
G0 F9000 X179.839 Y114.317
G1 F1500 X171.466 Y122.69 E571.85884
G0 F9000 X172.032 Y122.69
G1 F1500 X179.839 Y114.882 E572.22608
G0 F9000 X179.839 Y115.448
G1 F1500 X172.597 Y122.69 E572.56672
G0 F9000 X173.163 Y122.69
G1 F1500 X179.839 Y116.014 E572.88074
G0 F9000 X179.839 Y116.579
G1 F1500 X173.729 Y122.69 E573.16816
G0 F9000 X174.294 Y122.69
G1 F1500 X179.839 Y117.145 E573.42898
G0 F9000 X179.839 Y117.711
G1 F1500 X174.86 Y122.69 E573.66317
G0 F9000 X175.426 Y122.69
G1 F1500 X179.839 Y118.277 E573.87075
G0 F9000 X179.839 Y118.842
G1 F1500 X175.991 Y122.69 E574.05175
G0 F9000 X176.557 Y122.69
G1 F1500 X179.839 Y119.408 E574.20612
G0 F9000 X179.839 Y119.974
G1 F1500 X177.123 Y122.69 E574.33387
G0 F9000 X177.688 Y122.69
G1 F1500 X179.839 Y120.539 E574.43505
G0 F9000 X179.839 Y121.105
G1 F1500 X178.254 Y122.69 E574.5096
G0 F9000 X178.82 Y122.69
G1 F1500 X179.839 Y121.671 E574.55753
G0 F9000 X179.839 Y122.236
G1 F1500 X179.385 Y122.69 E574.57889
G1 F2700 E569.57889
;MESH:NONMESH
G0 F300 X179.385 Y122.69 Z1
G0 F9000 X179.385 Y123.15
G0 X180.228 Y123.078
G0 X180.228 Y111.922
G0 X54.6 Y111.75
;TIME_ELAPSED:850.023889
;LAYER:4
;TYPE:WALL-INNER
;MESH:D790-17 Thermoplastic Specimen.STL
G1 F2700 E574.57889
G1 F1500 X180.4 Y111.75 E578.76301
G1 X180.4 Y117.5 E578.95426
G1 X180.4 Y123.25 E579.1455
G1 X54.6 Y123.25 E583.32963
G1 X54.6 Y111.75 E583.71212
G1 F2700 E578.71212
G0 F9000 X54.47 Y123.38
G1 F2700 E583.71212
G0 F9000 X54.2 Y123.65
;TYPE:WALL-OUTER
G1 F1500 X180.8 Y123.65 E587.92285
G1 X180.8 Y117.5 E588.1274
G1 X180.8 Y111.35 E588.33195
G1 X54.2 Y111.35 E592.54269
G1 X54.2 Y123.65 E592.95179
G0 F9000 X54.47 Y123.38
G0 X54.7 Y122.89
G0 X54.96 Y122.89
;TYPE:SKIN
G1 F1500 X180.04 Y122.89 E597.11196
G1 X180.04 Y117.5 E597.29124
G1 X180.04 Y112.11 E597.47051
G1 X54.96 Y112.11 E601.63069
G1 X54.96 Y122.89 E601.98923
G0 F9000 X55.372 Y122.688
G1 F1500 X55.159 Y122.476 E601.99923
G0 F9000 X55.159 Y121.91
G1 F1500 X55.937 Y122.688 E602.03582
G0 F9000 X56.503 Y122.688
G1 F1500 X55.159 Y121.345 E602.09902
G0 F9000 X55.159 Y120.779
G1 F1500 X57.069 Y122.688 E602.18883
G0 F9000 X57.634 Y122.688
G1 F1500 X55.159 Y120.213 E602.30525
G0 F9000 X55.159 Y119.648
G1 F1500 X58.2 Y122.688 E602.44826
G0 F9000 X58.766 Y122.688
G1 F1500 X55.159 Y119.082 E602.6179
G0 F9000 X55.159 Y118.516
G1 F1500 X59.331 Y122.688 E602.81414
G0 F9000 X59.897 Y122.688
G1 F1500 X55.159 Y117.951 E603.03698
G0 F9000 X55.159 Y117.385
G1 F1500 X60.463 Y122.688 E603.28644
G0 F9000 X61.028 Y122.688
G1 F1500 X55.159 Y116.819 E603.5625
G0 F9000 X55.159 Y116.254
G1 F1500 X61.594 Y122.688 E603.86516
G0 F9000 X62.16 Y122.688
G1 F1500 X55.159 Y115.688 E604.19444
G0 F9000 X55.159 Y115.122
G1 F1500 X62.726 Y122.688 E604.55034
G0 F9000 X63.291 Y122.688
G1 F1500 X55.159 Y114.556 E604.93285
G0 F9000 X55.159 Y113.991
G1 F1500 X63.857 Y122.688 E605.34195
G0 F9000 X64.423 Y122.688
G1 F1500 X55.159 Y113.425 E605.77768
G0 F9000 X55.159 Y112.859
G1 F1500 X64.988 Y122.688 E606.24001
G0 F9000 X65.554 Y122.688
G1 F1500 X55.176 Y112.31 E606.72815
G0 F9000 X55.741 Y112.31
G1 F1500 X66.12 Y122.688 E607.21633
G0 F9000 X66.685 Y122.688
G1 F1500 X56.307 Y112.31 E607.70448
G0 F9000 X56.873 Y112.31
G1 F1500 X67.251 Y122.688 E608.19263
G0 F9000 X67.817 Y122.688
G1 F1500 X57.438 Y112.31 E608.6808
G0 F9000 X58.004 Y112.31
G1 F1500 X68.382 Y122.688 E609.16895
G0 F9000 X68.948 Y122.688
G1 F1500 X58.57 Y112.31 E609.6571
G0 F9000 X59.136 Y112.31
G1 F1500 X69.514 Y122.688 E610.14525
G0 F9000 X70.079 Y122.688
G1 F1500 X59.701 Y112.31 E610.6334
G0 F9000 X60.267 Y112.31
G1 F1500 X70.645 Y122.688 E611.12155
G0 F9000 X71.211 Y122.688
G1 F1500 X60.833 Y112.31 E611.6097
G0 F9000 X61.398 Y112.31
G1 F1500 X71.776 Y122.688 E612.09784
G0 F9000 X72.342 Y122.688
G1 F1500 X61.964 Y112.31 E612.58599
G0 F9000 X62.53 Y112.31
G1 F1500 X72.908 Y122.688 E613.07414
G0 F9000 X73.474 Y122.688
G1 F1500 X63.095 Y112.31 E613.56232
G0 F9000 X63.661 Y112.31
G1 F1500 X74.039 Y122.688 E614.05047
G0 F9000 X74.605 Y122.688
G1 F1500 X64.227 Y112.31 E614.53861
G0 F9000 X64.792 Y112.31
G1 F1500 X75.171 Y122.688 E615.02679
G0 F9000 X75.736 Y122.688
G1 F1500 X65.358 Y112.31 E615.51494
G0 F9000 X65.924 Y112.31
G1 F1500 X76.302 Y122.688 E616.00309
G0 F9000 X76.868 Y122.688
G1 F1500 X66.489 Y112.31 E616.49126
G0 F9000 X67.055 Y112.31
G1 F1500 X77.433 Y122.688 E616.97941
G0 F9000 X77.999 Y122.688
G1 F1500 X67.621 Y112.31 E617.46756
G0 F9000 X68.187 Y112.31
G1 F1500 X78.565 Y122.688 E617.95571
G0 F9000 X79.13 Y122.688
G1 F1500 X68.752 Y112.31 E618.44386
G0 F9000 X69.318 Y112.31
G1 F1500 X79.696 Y122.688 E618.93201
G0 F9000 X80.262 Y122.688
G1 F1500 X69.884 Y112.31 E619.42015
G0 F9000 X70.449 Y112.31
G1 F1500 X80.827 Y122.688 E619.9083
G0 F9000 X81.393 Y122.688
G1 F1500 X71.015 Y112.31 E620.39645
G0 F9000 X71.581 Y112.31
G1 F1500 X81.959 Y122.688 E620.8846
G0 F9000 X82.525 Y122.688
G1 F1500 X72.146 Y112.31 E621.37278
G0 F9000 X72.712 Y112.31
G1 F1500 X83.09 Y122.688 E621.86092
G0 F9000 X83.656 Y122.688
G1 F1500 X73.278 Y112.31 E622.34907
G0 F9000 X73.843 Y112.31
G1 F1500 X84.222 Y122.688 E622.83725
G0 F9000 X84.787 Y122.688
G1 F1500 X74.409 Y112.31 E623.3254
G0 F9000 X74.975 Y112.31
G1 F1500 X85.353 Y122.688 E623.81355
G0 F9000 X85.919 Y122.688
G1 F1500 X75.54 Y112.31 E624.30172
G0 F9000 X76.106 Y112.31
G1 F1500 X86.484 Y122.688 E624.78987
G0 F9000 X87.05 Y122.688
G1 F1500 X76.672 Y112.31 E625.27802
G0 F9000 X77.237 Y112.31
G1 F1500 X87.616 Y122.688 E625.76619
G0 F9000 X88.181 Y122.688
G1 F1500 X77.803 Y112.31 E626.25434
G0 F9000 X78.369 Y112.31
G1 F1500 X88.747 Y122.688 E626.74249
G0 F9000 X89.313 Y122.688
G1 F1500 X78.935 Y112.31 E627.23064
G0 F9000 X79.5 Y112.31
G1 F1500 X89.878 Y122.688 E627.71879
G0 F9000 X90.444 Y122.688
G1 F1500 X80.066 Y112.31 E628.20694
G0 F9000 X80.632 Y112.31
G1 F1500 X91.01 Y122.688 E628.69509
G0 F9000 X91.575 Y122.688
G1 F1500 X81.197 Y112.31 E629.18323
G0 F9000 X81.763 Y112.31
G1 F1500 X92.141 Y122.688 E629.67138
G0 F9000 X92.707 Y122.688
G1 F1500 X82.329 Y112.31 E630.15953
G0 F9000 X82.894 Y112.31
G1 F1500 X93.273 Y122.688 E630.64771
G0 F9000 X93.838 Y122.688
G1 F1500 X83.46 Y112.31 E631.13586
G0 F9000 X84.026 Y112.31
G1 F1500 X94.404 Y122.688 E631.624
G0 F9000 X94.97 Y122.688
G1 F1500 X84.591 Y112.31 E632.11218
G0 F9000 X85.157 Y112.31
G1 F1500 X95.535 Y122.688 E632.60033
G0 F9000 X96.101 Y122.688
G1 F1500 X85.723 Y112.31 E633.08848
G0 F9000 X86.288 Y112.31
G1 F1500 X96.667 Y122.688 E633.57665
G0 F9000 X97.232 Y122.688
G1 F1500 X86.854 Y112.31 E634.0648
G0 F9000 X87.42 Y112.31
G1 F1500 X97.798 Y122.688 E634.55295
G0 F9000 X98.364 Y122.688
G1 F1500 X87.986 Y112.31 E635.0411
G0 F9000 X88.551 Y112.31
G1 F1500 X98.929 Y122.688 E635.52925
G0 F9000 X99.495 Y122.688
G1 F1500 X89.117 Y112.31 E636.0174
G0 F9000 X89.683 Y112.31
G1 F1500 X100.061 Y122.688 E636.50554
G0 F9000 X100.626 Y122.688
G1 F1500 X90.248 Y112.31 E636.99369
G0 F9000 X90.814 Y112.31
G1 F1500 X101.192 Y122.688 E637.48184
G0 F9000 X101.758 Y122.688
G1 F1500 X91.38 Y112.31 E637.96999
G0 F9000 X91.945 Y112.31
G1 F1500 X102.324 Y122.688 E638.45817
G0 F9000 X102.889 Y122.688
G1 F1500 X92.511 Y112.31 E638.94631
G0 F9000 X93.077 Y112.31
G1 F1500 X103.455 Y122.688 E639.43446
G0 F9000 X104.021 Y122.688
G1 F1500 X93.642 Y112.31 E639.92264
G0 F9000 X94.208 Y112.31
G1 F1500 X104.586 Y122.688 E640.41079
G0 F9000 X105.152 Y122.688
G1 F1500 X94.774 Y112.31 E640.89894
G0 F9000 X95.339 Y112.31
G1 F1500 X105.718 Y122.688 E641.38711
G0 F9000 X106.283 Y122.688
G1 F1500 X95.905 Y112.31 E641.87526
G0 F9000 X96.471 Y112.31
G1 F1500 X106.849 Y122.688 E642.36341
G0 F9000 X107.415 Y122.688
G1 F1500 X97.036 Y112.31 E642.85158
G0 F9000 X97.602 Y112.31
G1 F1500 X107.98 Y122.688 E643.33973
G0 F9000 X108.546 Y122.688
G1 F1500 X98.168 Y112.31 E643.82788
G0 F9000 X98.734 Y112.31
G1 F1500 X109.112 Y122.688 E644.31603
G0 F9000 X109.677 Y122.688
G1 F1500 X99.299 Y112.31 E644.80418
G0 F9000 X99.865 Y112.31
G1 F1500 X110.243 Y122.688 E645.29233
G0 F9000 X110.809 Y122.688
G1 F1500 X100.431 Y112.31 E645.78048
G0 F9000 X100.996 Y112.31
G1 F1500 X111.374 Y122.688 E646.26862
G0 F9000 X111.94 Y122.688
G1 F1500 X101.562 Y112.31 E646.75677
G0 F9000 X102.128 Y112.31
G1 F1500 X112.506 Y122.688 E647.24492
G0 F9000 X113.072 Y122.688
G1 F1500 X102.693 Y112.31 E647.7331
G0 F9000 X103.259 Y112.31
G1 F1500 X113.637 Y122.688 E648.22125
G0 F9000 X114.203 Y122.688
G1 F1500 X103.825 Y112.31 E648.70939
G0 F9000 X104.39 Y112.31
G1 F1500 X114.769 Y122.688 E649.19757
G0 F9000 X115.334 Y122.688
G1 F1500 X104.956 Y112.31 E649.68572
G0 F9000 X105.522 Y112.31
G1 F1500 X115.9 Y122.688 E650.17387
G0 F9000 X116.466 Y122.688
G1 F1500 X106.087 Y112.31 E650.66204
G0 F9000 X106.653 Y112.31
G1 F1500 X117.031 Y122.688 E651.15019
G0 F9000 X117.598 Y122.689
G1 F1500 X107.219 Y112.31 E651.63838
G0 F9000 X107.784 Y112.31
G1 F1500 X118.163 Y122.689 E652.12658
G0 F9000 X118.729 Y122.689
G1 F1500 X108.35 Y112.31 E652.61478
G0 F9000 X108.916 Y112.31
G1 F1500 X119.295 Y122.689 E653.10297
G0 F9000 X119.86 Y122.689
G1 F1500 X109.482 Y112.31 E653.59115
G0 F9000 X110.047 Y112.31
G1 F1500 X120.426 Y122.689 E654.07934
G0 F9000 X120.992 Y122.689
G1 F1500 X110.613 Y112.31 E654.56754
G0 F9000 X111.179 Y112.31
G1 F1500 X121.558 Y122.689 E655.05574
G0 F9000 X122.123 Y122.689
G1 F1500 X111.744 Y112.31 E655.54393
G0 F9000 X112.31 Y112.31
G1 F1500 X122.689 Y122.689 E656.03213
G0 F9000 X123.255 Y122.689
G1 F1500 X112.876 Y112.31 E656.52032
G0 F9000 X113.441 Y112.31
G1 F1500 X123.82 Y122.689 E657.00852
G0 F9000 X124.386 Y122.689
G1 F1500 X114.007 Y112.31 E657.49672
G0 F9000 X114.573 Y112.31
G1 F1500 X124.952 Y122.689 E657.98491
G0 F9000 X125.517 Y122.689
G1 F1500 X115.138 Y112.31 E658.47311
G0 F9000 X115.704 Y112.31
G1 F1500 X126.083 Y122.689 E658.96131
G0 F9000 X126.649 Y122.689
G1 F1500 X116.27 Y112.31 E659.4495
G0 F9000 X116.835 Y112.31
G1 F1500 X127.214 Y122.689 E659.9377
G0 F9000 X127.78 Y122.689
G1 F1500 X117.401 Y112.31 E660.4259
G0 F9000 X117.967 Y112.31
G1 F1500 X128.346 Y122.689 E660.91409
G0 F9000 X128.911 Y122.689
G1 F1500 X118.533 Y112.31 E661.40226
G0 F9000 X119.098 Y112.31
G1 F1500 X129.477 Y122.689 E661.89046
G0 F9000 X130.043 Y122.689
G1 F1500 X119.664 Y112.31 E662.37866
G0 F9000 X120.23 Y112.31
G1 F1500 X130.608 Y122.689 E662.86683
G0 F9000 X131.174 Y122.689
G1 F1500 X120.795 Y112.31 E663.35503
G0 F9000 X121.361 Y112.31
G1 F1500 X131.74 Y122.689 E663.84322
G0 F9000 X132.306 Y122.689
G1 F1500 X121.927 Y112.31 E664.33142
G0 F9000 X122.492 Y112.31
G1 F1500 X132.871 Y122.689 E664.81962
G0 F9000 X133.437 Y122.689
G1 F1500 X123.058 Y112.31 E665.30781
G0 F9000 X123.624 Y112.31
G1 F1500 X134.003 Y122.689 E665.79601
G0 F9000 X134.568 Y122.689
G1 F1500 X124.189 Y112.31 E666.2842
G0 F9000 X124.755 Y112.31
G1 F1500 X135.134 Y122.689 E666.7724
G0 F9000 X135.7 Y122.689
G1 F1500 X125.321 Y112.31 E667.2606
G0 F9000 X125.886 Y112.31
G1 F1500 X136.265 Y122.689 E667.74879
G0 F9000 X136.831 Y122.689
G1 F1500 X126.452 Y112.31 E668.23699
G0 F9000 X127.018 Y112.31
G1 F1500 X137.397 Y122.689 E668.72519
G0 F9000 X137.962 Y122.689
G1 F1500 X127.583 Y112.31 E669.21338
G0 F9000 X128.149 Y112.31
G1 F1500 X138.528 Y122.689 E669.70158
G0 F9000 X139.094 Y122.689
G1 F1500 X128.715 Y112.31 E670.18977
G0 F9000 X129.281 Y112.31
G1 F1500 X139.659 Y122.689 E670.67795
G0 F9000 X140.225 Y122.689
G1 F1500 X129.846 Y112.31 E671.16614
G0 F9000 X130.412 Y112.31
G1 F1500 X140.791 Y122.689 E671.65434
G0 F9000 X141.357 Y122.689
G1 F1500 X130.978 Y112.31 E672.14254
G0 F9000 X131.543 Y112.31
G1 F1500 X141.922 Y122.689 E672.63073
G0 F9000 X142.488 Y122.689
G1 F1500 X132.109 Y112.31 E673.11893
G0 F9000 X132.675 Y112.31
G1 F1500 X143.054 Y122.689 E673.60713
G0 F9000 X143.619 Y122.689
G1 F1500 X133.24 Y112.31 E674.09532
G0 F9000 X133.806 Y112.31
G1 F1500 X144.185 Y122.689 E674.58352
G0 F9000 X144.751 Y122.689
G1 F1500 X134.372 Y112.31 E675.07171
G0 F9000 X134.937 Y112.31
G1 F1500 X145.316 Y122.689 E675.55991
G0 F9000 X145.882 Y122.689
G1 F1500 X135.503 Y112.31 E676.04811
G0 F9000 X136.069 Y112.31
G1 F1500 X146.448 Y122.689 E676.5363
G0 F9000 X147.013 Y122.689
G1 F1500 X136.634 Y112.31 E677.0245
G0 F9000 X137.2 Y112.31
G1 F1500 X147.579 Y122.689 E677.5127
G0 F9000 X148.145 Y122.689
G1 F1500 X137.766 Y112.31 E678.00089
G0 F9000 X138.332 Y112.31
G1 F1500 X148.71 Y122.689 E678.48907
G0 F9000 X149.276 Y122.689
G1 F1500 X138.897 Y112.31 E678.97726
G0 F9000 X139.463 Y112.31
G1 F1500 X149.842 Y122.689 E679.46546
G0 F9000 X150.407 Y122.689
G1 F1500 X140.029 Y112.31 E679.95363
G0 F9000 X140.594 Y112.31
G1 F1500 X150.973 Y122.689 E680.44183
G0 F9000 X151.539 Y122.689
G1 F1500 X141.16 Y112.31 E680.93002
G0 F9000 X141.726 Y112.31
G1 F1500 X152.105 Y122.689 E681.41822
G0 F9000 X152.67 Y122.689
G1 F1500 X142.291 Y112.31 E681.90642
G0 F9000 X142.857 Y112.31
G1 F1500 X153.236 Y122.689 E682.39461
G0 F9000 X153.802 Y122.689
G1 F1500 X143.423 Y112.31 E682.88281
G0 F9000 X143.988 Y112.31
G1 F1500 X154.367 Y122.689 E683.37101
G0 F9000 X154.933 Y122.689
G1 F1500 X144.554 Y112.31 E683.8592
G0 F9000 X145.12 Y112.31
G1 F1500 X155.499 Y122.689 E684.3474
G0 F9000 X156.064 Y122.689
G1 F1500 X145.685 Y112.31 E684.83559
G0 F9000 X146.251 Y112.31
G1 F1500 X156.63 Y122.689 E685.32379
G0 F9000 X157.196 Y122.689
G1 F1500 X146.817 Y112.31 E685.81199
G0 F9000 X147.382 Y112.31
G1 F1500 X157.761 Y122.689 E686.30018
G0 F9000 X158.327 Y122.689
G1 F1500 X147.948 Y112.31 E686.78838
G0 F9000 X148.514 Y112.31
G1 F1500 X158.893 Y122.689 E687.27658
G0 F9000 X159.458 Y122.689
G1 F1500 X149.08 Y112.31 E687.76475
G0 F9000 X149.645 Y112.31
G1 F1500 X160.024 Y122.689 E688.25295
G0 F9000 X160.59 Y122.689
G1 F1500 X150.211 Y112.31 E688.74114
G0 F9000 X150.777 Y112.31
G1 F1500 X161.155 Y122.689 E689.22931
G0 F9000 X161.721 Y122.689
G1 F1500 X151.342 Y112.31 E689.71751
G0 F9000 X151.908 Y112.31
G1 F1500 X162.287 Y122.689 E690.20571
G0 F9000 X162.853 Y122.689
G1 F1500 X152.474 Y112.31 E690.6939
G0 F9000 X153.039 Y112.31
G1 F1500 X163.418 Y122.689 E691.1821
G0 F9000 X163.984 Y122.689
G1 F1500 X153.605 Y112.31 E691.6703
G0 F9000 X154.171 Y112.31
G1 F1500 X164.55 Y122.689 E692.15849
G0 F9000 X165.115 Y122.689
G1 F1500 X154.736 Y112.31 E692.64669
G0 F9000 X155.302 Y112.31
G1 F1500 X165.681 Y122.689 E693.13489
G0 F9000 X166.247 Y122.689
G1 F1500 X155.868 Y112.31 E693.62308
G0 F9000 X156.433 Y112.31
G1 F1500 X166.812 Y122.689 E694.11128
G0 F9000 X167.378 Y122.689
G1 F1500 X156.999 Y112.31 E694.59947
G0 F9000 X157.565 Y112.31
G1 F1500 X167.944 Y122.689 E695.08767
G0 F9000 X168.509 Y122.689
G1 F1500 X158.13 Y112.31 E695.57587
G0 F9000 X158.696 Y112.31
G1 F1500 X169.075 Y122.689 E696.06406
G0 F9000 X169.641 Y122.689
G1 F1500 X159.262 Y112.31 E696.55226
G0 F9000 X159.828 Y112.31
G1 F1500 X170.206 Y122.689 E697.04043
G0 F9000 X170.772 Y122.689
G1 F1500 X160.393 Y112.31 E697.52863
G0 F9000 X160.959 Y112.31
G1 F1500 X171.338 Y122.689 E698.01683
G0 F9000 X171.904 Y122.689
G1 F1500 X161.525 Y112.31 E698.50502
G0 F9000 X162.09 Y112.31
G1 F1500 X172.469 Y122.689 E698.99322
G0 F9000 X173.035 Y122.689
G1 F1500 X162.656 Y112.31 E699.48141
G0 F9000 X163.222 Y112.31
G1 F1500 X173.601 Y122.689 E699.96961
G0 F9000 X174.166 Y122.689
G1 F1500 X163.787 Y112.31 E700.45781
G0 F9000 X164.353 Y112.31
G1 F1500 X174.732 Y122.689 E700.946
G0 F9000 X175.298 Y122.689
G1 F1500 X164.919 Y112.31 E701.4342
G0 F9000 X165.484 Y112.31
G1 F1500 X175.863 Y122.689 E701.9224
G0 F9000 X176.429 Y122.689
G1 F1500 X166.05 Y112.31 E702.41059
G0 F9000 X166.616 Y112.31
G1 F1500 X176.995 Y122.689 E702.89879
G0 F9000 X177.56 Y122.689
G1 F1500 X167.181 Y112.31 E703.38698
G0 F9000 X167.747 Y112.31
G1 F1500 X178.126 Y122.689 E703.87518
G0 F9000 X178.692 Y122.689
G1 F1500 X168.313 Y112.31 E704.36338
G0 F9000 X168.879 Y112.31
G1 F1500 X179.257 Y122.689 E704.85155
G0 F9000 X179.823 Y122.689
G1 F1500 X169.444 Y112.31 E705.33975
G0 F9000 X170.01 Y112.31
G1 F1500 X179.839 Y122.139 E705.80207
G0 F9000 X179.839 Y121.574
G1 F1500 X170.576 Y112.31 E706.2378
G0 F9000 X171.141 Y112.31
G1 F1500 X179.839 Y121.008 E706.64693
G0 F9000 X179.839 Y120.442
G1 F1500 X171.707 Y112.31 E707.02943
G0 F9000 X172.273 Y112.31
G1 F1500 X179.839 Y119.877 E707.38534
G0 F9000 X179.839 Y119.311
G1 F1500 X172.838 Y112.31 E707.71464
G0 F9000 X173.404 Y112.31
G1 F1500 X179.839 Y118.745 E708.01732
G0 F9000 X179.839 Y118.18
G1 F1500 X173.97 Y112.31 E708.29341
G0 F9000 X174.535 Y112.31
G1 F1500 X179.839 Y117.614 E708.54289
G0 F9000 X179.839 Y117.048
G1 F1500 X175.101 Y112.31 E708.76575
G0 F9000 X175.667 Y112.31
G1 F1500 X179.839 Y116.483 E708.96201
G0 F9000 X179.839 Y115.917
G1 F1500 X176.232 Y112.31 E709.13168
G0 F9000 X176.798 Y112.31
G1 F1500 X179.839 Y115.351 E709.27472
G0 F9000 X179.839 Y114.786
G1 F1500 X177.364 Y112.31 E709.39116
G0 F9000 X177.929 Y112.31
G1 F1500 X179.839 Y114.22 E709.481
G0 F9000 X179.839 Y113.654
G1 F1500 X178.495 Y112.31 E709.54421
G0 F9000 X179.061 Y112.31
G1 F1500 X179.839 Y113.089 E709.58083
G0 F9000 X179.839 Y112.523
G1 F1500 X179.627 Y112.31 E709.59083
G1 F2700 E704.59083
;MESH:NONMESH
G0 F300 X179.627 Y112.31 Z1.2
G0 F9000 X179.627 Y111.85
G0 X180.228 Y111.922
G0 X180.228 Y123.078
G0 X54.6 Y123.25
;TIME_ELAPSED:1034.635043
;LAYER:5
;TYPE:WALL-INNER
;MESH:D790-17 Thermoplastic Specimen.STL
G1 F2700 E709.59083
G1 F1500 X180.4 Y123.25 E713.77495
G1 X180.4 Y117.5 E713.9662
G1 X180.4 Y111.75 E714.15744
G1 X54.6 Y111.75 E718.34157
G1 X54.6 Y123.25 E718.72406
G1 F2700 E713.72406
G0 F9000 X54.47 Y111.62
G1 F2700 E718.72406
G0 F9000 X54.2 Y111.35
;TYPE:WALL-OUTER
G1 F1500 X180.8 Y111.35 E722.93479
G1 X180.8 Y117.5 E723.13934
G1 X180.8 Y123.65 E723.34389
G1 X54.2 Y123.65 E727.55463
G1 X54.2 Y111.35 E727.96373
G0 F9000 X54.47 Y111.62
G0 X54.7 Y112.11
G0 X54.96 Y112.11
;TYPE:SKIN
G1 F1500 X180.04 Y112.11 E732.1239
G1 X180.04 Y117.5 E732.30318
G1 X180.04 Y122.89 E732.48245
G1 X54.96 Y122.89 E736.64263
G1 X54.96 Y112.11 E737.00117
G0 F9000 X55.159 Y112.848
G1 F1500 X55.698 Y112.309 E737.02652
G0 F9000 X56.264 Y112.309
G1 F1500 X55.159 Y113.414 E737.0785
G0 F9000 X55.159 Y113.979
G1 F1500 X56.83 Y112.309 E737.15707
G0 F9000 X57.395 Y112.309
G1 F1500 X55.159 Y114.545 E737.26225
G0 F9000 X55.159 Y115.111
G1 F1500 X57.961 Y112.309 E737.39405
G0 F9000 X58.527 Y112.309
G1 F1500 X55.159 Y115.677 E737.55247
G0 F9000 X55.159 Y116.242
G1 F1500 X59.092 Y112.309 E737.73746
G0 F9000 X59.658 Y112.309
G1 F1500 X55.159 Y116.808 E737.94908
G0 F9000 X55.159 Y117.374
G1 F1500 X60.224 Y112.309 E738.18732
G0 F9000 X60.789 Y112.309
G1 F1500 X55.159 Y117.939 E738.45214
G0 F9000 X55.159 Y118.505
G1 F1500 X61.355 Y112.309 E738.74358
G0 F9000 X61.921 Y112.309
G1 F1500 X55.159 Y119.071 E739.06165
G0 F9000 X55.159 Y119.636
G1 F1500 X62.487 Y112.309 E739.40631
G0 F9000 X63.052 Y112.309
G1 F1500 X55.159 Y120.202 E739.77757
G0 F9000 X55.159 Y120.768
G1 F1500 X63.618 Y112.309 E740.17546
G0 F9000 X64.184 Y112.309
G1 F1500 X55.159 Y121.333 E740.59994
G0 F9000 X55.159 Y121.899
G1 F1500 X64.749 Y112.309 E741.05103
G0 F9000 X65.315 Y112.309
G1 F1500 X55.159 Y122.465 E741.52873
G0 F9000 X55.501 Y122.689
G1 F1500 X65.881 Y112.309 E742.01698
G0 F9000 X66.446 Y112.309
G1 F1500 X56.067 Y122.689 E742.5052
G0 F9000 X56.632 Y122.689
G1 F1500 X67.012 Y112.309 E742.99344
G0 F9000 X67.578 Y112.309
G1 F1500 X57.198 Y122.689 E743.48168
G0 F9000 X57.764 Y122.689
G1 F1500 X68.143 Y112.309 E743.9699
G0 F9000 X68.709 Y112.309
G1 F1500 X58.329 Y122.689 E744.45815
G0 F9000 X58.895 Y122.689
G1 F1500 X69.275 Y112.309 E744.94639
G0 F9000 X69.84 Y112.309
G1 F1500 X59.461 Y122.689 E745.43461
G0 F9000 X60.027 Y122.689
G1 F1500 X70.406 Y112.309 E745.92283
G0 F9000 X70.972 Y112.309
G1 F1500 X60.592 Y122.689 E746.41107
G0 F9000 X61.158 Y122.689
G1 F1500 X71.537 Y112.309 E746.89929
G0 F9000 X72.103 Y112.309
G1 F1500 X61.724 Y122.689 E747.38751
G0 F9000 X62.289 Y122.689
G1 F1500 X72.669 Y112.309 E747.87576
G0 F9000 X73.235 Y112.309
G1 F1500 X62.855 Y122.689 E748.364
G0 F9000 X63.421 Y122.689
G1 F1500 X73.8 Y112.309 E748.85222
G0 F9000 X74.366 Y112.309
G1 F1500 X63.986 Y122.689 E749.34046
G0 F9000 X64.552 Y122.689
G1 F1500 X74.932 Y112.309 E749.82871
G0 F9000 X75.497 Y112.309
G1 F1500 X65.118 Y122.689 E750.31693
G0 F9000 X65.683 Y122.689
G1 F1500 X76.063 Y112.309 E750.80517
G0 F9000 X76.629 Y112.309
G1 F1500 X66.249 Y122.689 E751.29341
G0 F9000 X66.815 Y122.689
G1 F1500 X77.194 Y112.309 E751.78163
G0 F9000 X77.76 Y112.309
G1 F1500 X67.38 Y122.689 E752.26988
G0 F9000 X67.946 Y122.689
G1 F1500 X78.326 Y112.309 E752.75812
G0 F9000 X78.891 Y112.309
G1 F1500 X68.512 Y122.689 E753.24634
G0 F9000 X69.077 Y122.689
G1 F1500 X79.457 Y112.309 E753.73458
G0 F9000 X80.023 Y112.309
G1 F1500 X69.643 Y122.689 E754.22283
G0 F9000 X70.209 Y122.689
G1 F1500 X80.588 Y112.309 E754.71105
G0 F9000 X81.154 Y112.309
G1 F1500 X70.775 Y122.689 E755.19927
G0 F9000 X71.34 Y122.689
G1 F1500 X81.72 Y112.309 E755.68751
G0 F9000 X82.286 Y112.309
G1 F1500 X71.906 Y122.689 E756.17575
G0 F9000 X72.472 Y122.689
G1 F1500 X82.851 Y112.309 E756.66397
G0 F9000 X83.417 Y112.309
G1 F1500 X73.037 Y122.689 E757.15222
G0 F9000 X73.603 Y122.689
G1 F1500 X83.983 Y112.309 E757.64046
G0 F9000 X84.548 Y112.309
G1 F1500 X74.169 Y122.689 E758.12868
G0 F9000 X74.734 Y122.689
G1 F1500 X85.114 Y112.309 E758.61692
G0 F9000 X85.68 Y112.309
G1 F1500 X75.3 Y122.689 E759.10517
G0 F9000 X75.866 Y122.689
G1 F1500 X86.245 Y112.309 E759.59339
G0 F9000 X86.811 Y112.309
G1 F1500 X76.431 Y122.689 E760.08163
G0 F9000 X76.997 Y122.689
G1 F1500 X87.377 Y112.309 E760.56987
G0 F9000 X87.942 Y112.309
G1 F1500 X77.563 Y122.689 E761.05809
G0 F9000 X78.128 Y122.689
G1 F1500 X88.508 Y112.309 E761.54634
G0 F9000 X89.074 Y112.309
G1 F1500 X78.694 Y122.689 E762.03458
G0 F9000 X79.26 Y122.689
G1 F1500 X89.639 Y112.309 E762.5228
G0 F9000 X90.205 Y112.309
G1 F1500 X79.825 Y122.689 E763.01104
G0 F9000 X80.391 Y122.689
G1 F1500 X90.771 Y112.309 E763.49929
G0 F9000 X91.336 Y112.309
G1 F1500 X80.957 Y122.689 E763.98751
G0 F9000 X81.523 Y122.689
G1 F1500 X91.902 Y112.309 E764.47573
G0 F9000 X92.468 Y112.309
G1 F1500 X82.088 Y122.689 E764.96397
G0 F9000 X82.654 Y122.689
G1 F1500 X93.034 Y112.309 E765.45221
G0 F9000 X93.599 Y112.309
G1 F1500 X83.22 Y122.689 E765.94043
G0 F9000 X83.785 Y122.689
G1 F1500 X94.165 Y112.309 E766.42868
G0 F9000 X94.731 Y112.309
G1 F1500 X84.351 Y122.689 E766.91692
G0 F9000 X84.917 Y122.689
G1 F1500 X95.296 Y112.309 E767.40514
G0 F9000 X95.862 Y112.309
G1 F1500 X85.482 Y122.689 E767.89338
G0 F9000 X86.048 Y122.689
G1 F1500 X96.428 Y112.309 E768.38163
G0 F9000 X96.993 Y112.309
G1 F1500 X86.614 Y122.689 E768.86985
G0 F9000 X87.179 Y122.689
G1 F1500 X97.559 Y112.309 E769.35809
G0 F9000 X98.125 Y112.309
G1 F1500 X87.745 Y122.689 E769.84633
G0 F9000 X88.311 Y122.689
G1 F1500 X98.69 Y112.309 E770.33455
G0 F9000 X99.256 Y112.309
G1 F1500 X88.876 Y122.689 E770.8228
G0 F9000 X89.442 Y122.689
G1 F1500 X99.822 Y112.309 E771.31104
G0 F9000 X100.387 Y112.309
G1 F1500 X90.008 Y122.689 E771.79926
G0 F9000 X90.574 Y122.689
G1 F1500 X100.953 Y112.309 E772.28748
G0 F9000 X101.519 Y112.309
G1 F1500 X91.139 Y122.689 E772.77572
G0 F9000 X91.705 Y122.689
G1 F1500 X102.085 Y112.309 E773.26396
G0 F9000 X102.65 Y112.309
G1 F1500 X92.271 Y122.689 E773.75218
G0 F9000 X92.836 Y122.689
G1 F1500 X103.216 Y112.309 E774.24043
G0 F9000 X103.782 Y112.309
G1 F1500 X93.402 Y122.689 E774.72867
G0 F9000 X93.968 Y122.689
G1 F1500 X104.347 Y112.309 E775.21689
G0 F9000 X104.913 Y112.309
G1 F1500 X94.533 Y122.689 E775.70513
G0 F9000 X95.099 Y122.689
G1 F1500 X105.479 Y112.309 E776.19338
G0 F9000 X106.044 Y112.309
G1 F1500 X95.665 Y122.689 E776.6816
G0 F9000 X96.23 Y122.689
G1 F1500 X106.61 Y112.309 E777.16984
G0 F9000 X107.176 Y112.309
G1 F1500 X96.796 Y122.689 E777.65808
G0 F9000 X97.362 Y122.689
G1 F1500 X107.741 Y112.309 E778.1463
G0 F9000 X108.307 Y112.309
G1 F1500 X97.927 Y122.689 E778.63455
G0 F9000 X98.493 Y122.689
G1 F1500 X108.873 Y112.309 E779.12279
G0 F9000 X109.438 Y112.309
G1 F1500 X99.059 Y122.689 E779.61101
G0 F9000 X99.624 Y122.689
G1 F1500 X110.004 Y112.309 E780.09925
G0 F9000 X110.57 Y112.309
G1 F1500 X100.19 Y122.689 E780.5875
G0 F9000 X100.756 Y122.689
G1 F1500 X111.135 Y112.309 E781.07572
G0 F9000 X111.701 Y112.309
G1 F1500 X101.322 Y122.689 E781.56394
G0 F9000 X101.887 Y122.689
G1 F1500 X112.267 Y112.309 E782.05218
G0 F9000 X112.833 Y112.309
G1 F1500 X102.453 Y122.689 E782.54042
G0 F9000 X103.019 Y122.689
G1 F1500 X113.398 Y112.309 E783.02864
G0 F9000 X113.964 Y112.309
G1 F1500 X103.584 Y122.689 E783.51689
G0 F9000 X104.15 Y122.689
G1 F1500 X114.53 Y112.309 E784.00513
G0 F9000 X115.095 Y112.309
G1 F1500 X104.716 Y122.689 E784.49335
G0 F9000 X105.281 Y122.689
G1 F1500 X115.661 Y112.309 E784.98159
G0 F9000 X116.227 Y112.309
G1 F1500 X105.847 Y122.689 E785.46984
G0 F9000 X106.413 Y122.689
G1 F1500 X116.792 Y112.309 E785.95806
G0 F9000 X117.358 Y112.309
G1 F1500 X106.978 Y122.689 E786.4463
G0 F9000 X107.544 Y122.689
G1 F1500 X117.924 Y112.309 E786.93454
G0 F9000 X118.489 Y112.309
G1 F1500 X108.11 Y122.689 E787.42276
G0 F9000 X108.675 Y122.689
G1 F1500 X119.055 Y112.309 E787.91101
G0 F9000 X119.621 Y112.309
G1 F1500 X109.241 Y122.689 E788.39925
G0 F9000 X109.807 Y122.689
G1 F1500 X120.186 Y112.309 E788.88747
G0 F9000 X120.752 Y112.309
G1 F1500 X110.373 Y122.689 E789.37569
G0 F9000 X110.938 Y122.689
G1 F1500 X121.318 Y112.309 E789.86393
G0 F9000 X121.883 Y112.309
G1 F1500 X111.504 Y122.689 E790.35215
G0 F9000 X112.07 Y122.689
G1 F1500 X122.449 Y112.309 E790.84037
G0 F9000 X123.015 Y112.309
G1 F1500 X112.635 Y122.689 E791.32862
G0 F9000 X113.201 Y122.689
G1 F1500 X123.581 Y112.309 E791.81686
G0 F9000 X124.146 Y112.309
G1 F1500 X113.767 Y122.689 E792.30508
G0 F9000 X114.332 Y122.689
G1 F1500 X124.712 Y112.309 E792.79332
G0 F9000 X125.278 Y112.309
G1 F1500 X114.898 Y122.689 E793.28157
G0 F9000 X115.464 Y122.689
G1 F1500 X125.843 Y112.309 E793.76979
G0 F9000 X126.409 Y112.309
G1 F1500 X116.029 Y122.689 E794.25803
G0 F9000 X116.595 Y122.689
G1 F1500 X126.975 Y112.309 E794.74627
G0 F9000 X127.54 Y112.309
G1 F1500 X117.161 Y122.689 E795.23449
G0 F9000 X117.726 Y122.69
G1 F1500 X128.106 Y112.309 E795.72276
G0 F9000 X128.672 Y112.309
G1 F1500 X118.291 Y122.69 E796.21105
G0 F9000 X118.857 Y122.69
G1 F1500 X129.237 Y112.309 E796.69932
G0 F9000 X129.803 Y112.309
G1 F1500 X119.423 Y122.69 E797.18758
G0 F9000 X119.988 Y122.69
G1 F1500 X130.369 Y112.309 E797.67587
G0 F9000 X130.934 Y112.309
G1 F1500 X120.554 Y122.69 E798.16414
G0 F9000 X121.12 Y122.69
G1 F1500 X131.5 Y112.309 E798.65241
G0 F9000 X132.066 Y112.309
G1 F1500 X121.686 Y122.69 E799.14068
G0 F9000 X122.251 Y122.69
G1 F1500 X132.632 Y112.309 E799.62897
G0 F9000 X133.197 Y112.309
G1 F1500 X122.817 Y122.69 E800.11723
G0 F9000 X123.383 Y122.69
G1 F1500 X133.763 Y112.309 E800.6055
G0 F9000 X134.329 Y112.309
G1 F1500 X123.948 Y122.69 E801.09379
G0 F9000 X124.514 Y122.69
G1 F1500 X134.894 Y112.309 E801.58206
G0 F9000 X135.46 Y112.309
G1 F1500 X125.08 Y122.69 E802.07032
G0 F9000 X125.645 Y122.69
G1 F1500 X136.026 Y112.309 E802.55861
G0 F9000 X136.591 Y112.309
G1 F1500 X126.211 Y122.69 E803.04688
G0 F9000 X126.777 Y122.69
G1 F1500 X137.157 Y112.309 E803.53515
G0 F9000 X137.723 Y112.309
G1 F1500 X127.342 Y122.69 E804.02344
G0 F9000 X127.908 Y122.69
G1 F1500 X138.288 Y112.309 E804.51171
G0 F9000 X138.854 Y112.309
G1 F1500 X128.474 Y122.69 E804.99997
G0 F9000 X129.039 Y122.69
G1 F1500 X139.42 Y112.309 E805.48826
G0 F9000 X139.985 Y112.309
G1 F1500 X129.605 Y122.69 E805.97653
G0 F9000 X130.171 Y122.69
G1 F1500 X140.551 Y112.309 E806.4648
G0 F9000 X141.117 Y112.309
G1 F1500 X130.736 Y122.69 E806.95309
G0 F9000 X131.302 Y122.69
G1 F1500 X141.682 Y112.309 E807.44135
G0 F9000 X142.248 Y112.309
G1 F1500 X131.868 Y122.69 E807.92962
G0 F9000 X132.434 Y122.69
G1 F1500 X142.814 Y112.309 E808.41789
G0 F9000 X143.38 Y112.309
G1 F1500 X132.999 Y122.69 E808.90618
G0 F9000 X133.565 Y122.69
G1 F1500 X143.945 Y112.309 E809.39445
G0 F9000 X144.511 Y112.309
G1 F1500 X134.131 Y122.69 E809.88271
G0 F9000 X134.696 Y122.69
G1 F1500 X145.077 Y112.309 E810.371
G0 F9000 X145.642 Y112.309
G1 F1500 X135.262 Y122.69 E810.85927
G0 F9000 X135.828 Y122.69
G1 F1500 X146.208 Y112.309 E811.34754
G0 F9000 X146.774 Y112.309
G1 F1500 X136.393 Y122.69 E811.83583
G0 F9000 X136.959 Y122.69
G1 F1500 X147.339 Y112.309 E812.32409
G0 F9000 X147.905 Y112.309
G1 F1500 X137.525 Y122.69 E812.81236
G0 F9000 X138.09 Y122.69
G1 F1500 X148.471 Y112.309 E813.30065
G0 F9000 X149.036 Y112.309
G1 F1500 X138.656 Y122.69 E813.78892
G0 F9000 X139.222 Y122.69
G1 F1500 X149.602 Y112.309 E814.27718
G0 F9000 X150.168 Y112.309
G1 F1500 X139.787 Y122.69 E814.76547
G0 F9000 X140.353 Y122.69
G1 F1500 X150.733 Y112.309 E815.25374
G0 F9000 X151.299 Y112.309
G1 F1500 X140.919 Y122.69 E815.74201
G0 F9000 X141.484 Y122.69
G1 F1500 X151.865 Y112.309 E816.2303
G0 F9000 X152.431 Y112.309
G1 F1500 X142.05 Y122.69 E816.71859
G0 F9000 X142.616 Y122.69
G1 F1500 X152.996 Y112.309 E817.20686
G0 F9000 X153.562 Y112.309
G1 F1500 X143.182 Y122.69 E817.69512
G0 F9000 X143.747 Y122.69
G1 F1500 X154.128 Y112.309 E818.18341
G0 F9000 X154.693 Y112.309
G1 F1500 X144.313 Y122.69 E818.67168
G0 F9000 X144.879 Y122.69
G1 F1500 X155.259 Y112.309 E819.15995
G0 F9000 X155.825 Y112.309
G1 F1500 X145.444 Y122.69 E819.64824
G0 F9000 X146.01 Y122.69
G1 F1500 X156.39 Y112.309 E820.1365
G0 F9000 X156.956 Y112.309
G1 F1500 X146.576 Y122.69 E820.62477
G0 F9000 X147.141 Y122.69
G1 F1500 X157.522 Y112.309 E821.11306
G0 F9000 X158.087 Y112.309
G1 F1500 X147.707 Y122.69 E821.60133
G0 F9000 X148.273 Y122.69
G1 F1500 X158.653 Y112.309 E822.0896
G0 F9000 X159.219 Y112.309
G1 F1500 X148.838 Y122.69 E822.57789
G0 F9000 X149.404 Y122.69
G1 F1500 X159.784 Y112.309 E823.06615
G0 F9000 X160.35 Y112.309
G1 F1500 X149.97 Y122.69 E823.55442
G0 F9000 X150.535 Y122.69
G1 F1500 X160.916 Y112.309 E824.04271
G0 F9000 X161.481 Y112.309
G1 F1500 X151.101 Y122.69 E824.53098
G0 F9000 X151.667 Y122.69
G1 F1500 X162.047 Y112.309 E825.01924
G0 F9000 X162.613 Y112.309
G1 F1500 X152.233 Y122.69 E825.50751
G0 F9000 X152.798 Y122.69
G1 F1500 X163.179 Y112.309 E825.9958
G0 F9000 X163.744 Y112.309
G1 F1500 X153.364 Y122.69 E826.48407
G0 F9000 X153.93 Y122.69
G1 F1500 X164.31 Y112.309 E826.97234
G0 F9000 X164.876 Y112.309
G1 F1500 X154.495 Y122.69 E827.46063
G0 F9000 X155.061 Y122.69
G1 F1500 X165.441 Y112.309 E827.94889
G0 F9000 X166.007 Y112.309
G1 F1500 X155.627 Y122.69 E828.43716
G0 F9000 X156.192 Y122.69
G1 F1500 X166.573 Y112.309 E828.92545
G0 F9000 X167.138 Y112.309
G1 F1500 X156.758 Y122.69 E829.41372
G0 F9000 X157.324 Y122.69
G1 F1500 X167.704 Y112.309 E829.90198
G0 F9000 X168.27 Y112.309
G1 F1500 X157.889 Y122.69 E830.39027
G0 F9000 X158.455 Y122.69
G1 F1500 X168.835 Y112.309 E830.87854
G0 F9000 X169.401 Y112.309
G1 F1500 X159.021 Y122.69 E831.36681
G0 F9000 X159.586 Y122.69
G1 F1500 X169.967 Y112.309 E831.8551
G0 F9000 X170.532 Y112.309
G1 F1500 X160.152 Y122.69 E832.34337
G0 F9000 X160.718 Y122.69
G1 F1500 X171.098 Y112.309 E832.83163
G0 F9000 X171.664 Y112.309
G1 F1500 X161.283 Y122.69 E833.31992
G0 F9000 X161.849 Y122.69
G1 F1500 X172.229 Y112.309 E833.80819
G0 F9000 X172.795 Y112.309
G1 F1500 X162.415 Y122.69 E834.29646
G0 F9000 X162.981 Y122.69
G1 F1500 X173.361 Y112.309 E834.78472
G0 F9000 X173.927 Y112.309
G1 F1500 X163.546 Y122.69 E835.27301
G0 F9000 X164.112 Y122.69
G1 F1500 X174.492 Y112.309 E835.76128
G0 F9000 X175.058 Y112.309
G1 F1500 X164.678 Y122.69 E836.24955
G0 F9000 X165.243 Y122.69
G1 F1500 X175.624 Y112.309 E836.73784
G0 F9000 X176.189 Y112.309
G1 F1500 X165.809 Y122.69 E837.2261
G0 F9000 X166.375 Y122.69
G1 F1500 X176.755 Y112.309 E837.71437
G0 F9000 X177.321 Y112.309
G1 F1500 X166.94 Y122.69 E838.20266
G0 F9000 X167.506 Y122.69
G1 F1500 X177.886 Y112.309 E838.69093
G0 F9000 X178.452 Y112.309
G1 F1500 X168.072 Y122.69 E839.1792
G0 F9000 X168.637 Y122.69
G1 F1500 X179.018 Y112.309 E839.66749
G0 F9000 X179.583 Y112.309
G1 F1500 X169.203 Y122.69 E840.15575
G0 F9000 X169.769 Y122.69
G1 F1500 X179.839 Y112.62 E840.62942
G0 F9000 X179.839 Y113.185
G1 F1500 X170.334 Y122.69 E841.0765
G0 F9000 X170.9 Y122.69
G1 F1500 X179.839 Y113.751 E841.49696
G0 F9000 X179.839 Y114.317
G1 F1500 X171.466 Y122.69 E841.8908
G0 F9000 X172.032 Y122.69
G1 F1500 X179.839 Y114.882 E842.25805
G0 F9000 X179.839 Y115.448
G1 F1500 X172.597 Y122.69 E842.59869
G0 F9000 X173.163 Y122.69
G1 F1500 X179.839 Y116.014 E842.91271
G0 F9000 X179.839 Y116.579
G1 F1500 X173.729 Y122.69 E843.20012
G0 F9000 X174.294 Y122.69
G1 F1500 X179.839 Y117.145 E843.46094
G0 F9000 X179.839 Y117.711
G1 F1500 X174.86 Y122.69 E843.69514
G0 F9000 X175.426 Y122.69
G1 F1500 X179.839 Y118.277 E843.90272
G0 F9000 X179.839 Y118.842
G1 F1500 X175.991 Y122.69 E844.08371
G0 F9000 X176.557 Y122.69
G1 F1500 X179.839 Y119.408 E844.23809
G0 F9000 X179.839 Y119.974
G1 F1500 X177.123 Y122.69 E844.36584
G0 F9000 X177.688 Y122.69
G1 F1500 X179.839 Y120.539 E844.46702
G0 F9000 X179.839 Y121.105
G1 F1500 X178.254 Y122.69 E844.54157
G0 F9000 X178.82 Y122.69
G1 F1500 X179.839 Y121.671 E844.5895
G0 F9000 X179.839 Y122.236
G1 F1500 X179.385 Y122.69 E844.61086
;MESH:NONMESH
G0 F300 X179.385 Y122.69 Z1.4
G0 F9000 X179.385 Y123.15
G0 X180.4 Y123.25
;TIME_ELAPSED:1217.652804
;LAYER:6
;TYPE:WALL-INNER
;MESH:D790-17 Thermoplastic Specimen.STL
G1 F1500 X174.65 Y123.25 E844.8021
G1 X54.6 Y123.25 E848.79498
G1 X54.6 Y111.75 E849.17747
G1 X180.4 Y111.75 E853.3616
G1 X180.4 Y123.25 E853.74409
G1 F2700 E848.74409
G0 F9000 X54.47 Y123.38
G1 F2700 E853.74409
G0 F9000 X54.2 Y123.65
;TYPE:WALL-OUTER
G1 F1500 X174.65 Y123.65 E857.75027
G1 X180.8 Y123.65 E857.95482
G1 X180.8 Y111.35 E858.36392
G1 X54.2 Y111.35 E862.57466
G1 X54.2 Y123.65 E862.98376
G0 F9000 X54.47 Y123.38
G0 X54.7 Y122.89
G0 X54.96 Y122.89
;TYPE:SKIN
G1 F1500 X180.04 Y122.89 E867.14393
G1 X180.04 Y117.5 E867.3232
G1 X180.04 Y112.11 E867.50248
G1 X54.96 Y112.11 E871.66265
G1 X54.96 Y122.89 E872.0212
G0 F9000 X55.372 Y122.688
G1 F1500 X55.159 Y122.476 E872.03119
G0 F9000 X55.159 Y121.91
G1 F1500 X55.937 Y122.688 E872.06779
G0 F9000 X56.503 Y122.688
G1 F1500 X55.159 Y121.345 E872.13098
G0 F9000 X55.159 Y120.779
G1 F1500 X57.069 Y122.688 E872.2208
G0 F9000 X57.634 Y122.688
G1 F1500 X55.159 Y120.213 E872.33722
G0 F9000 X55.159 Y119.648
G1 F1500 X58.2 Y122.688 E872.48023
G0 F9000 X58.766 Y122.688
G1 F1500 X55.159 Y119.082 E872.64987
G0 F9000 X55.159 Y118.516
G1 F1500 X59.331 Y122.688 E872.84611
G0 F9000 X59.897 Y122.688
G1 F1500 X55.159 Y117.951 E873.06895
G0 F9000 X55.159 Y117.385
G1 F1500 X60.463 Y122.688 E873.31841
G0 F9000 X61.028 Y122.688
G1 F1500 X55.159 Y116.819 E873.59447
G0 F9000 X55.159 Y116.254
G1 F1500 X61.594 Y122.688 E873.89713
G0 F9000 X62.16 Y122.688
G1 F1500 X55.159 Y115.688 E874.22641
G0 F9000 X55.159 Y115.122
G1 F1500 X62.726 Y122.688 E874.58231
G0 F9000 X63.291 Y122.688
G1 F1500 X55.159 Y114.556 E874.96482
G0 F9000 X55.159 Y113.991
G1 F1500 X63.857 Y122.688 E875.37392
G0 F9000 X64.423 Y122.688
G1 F1500 X55.159 Y113.425 E875.80965
G0 F9000 X55.159 Y112.859
G1 F1500 X64.988 Y122.688 E876.27197
G0 F9000 X65.554 Y122.688
G1 F1500 X55.176 Y112.31 E876.76012
G0 F9000 X55.741 Y112.31
G1 F1500 X66.12 Y122.688 E877.2483
G0 F9000 X66.685 Y122.688
G1 F1500 X56.307 Y112.31 E877.73645
G0 F9000 X56.873 Y112.31
G1 F1500 X67.251 Y122.688 E878.22459
G0 F9000 X67.817 Y122.688
G1 F1500 X57.438 Y112.31 E878.71277
G0 F9000 X58.004 Y112.31
G1 F1500 X68.382 Y122.688 E879.20092
G0 F9000 X68.948 Y122.688
G1 F1500 X58.57 Y112.31 E879.68907
G0 F9000 X59.136 Y112.31
G1 F1500 X69.514 Y122.688 E880.17722
G0 F9000 X70.079 Y122.688
G1 F1500 X59.701 Y112.31 E880.66536
G0 F9000 X60.267 Y112.31
G1 F1500 X70.645 Y122.688 E881.15351
G0 F9000 X71.211 Y122.688
G1 F1500 X60.833 Y112.31 E881.64166
G0 F9000 X61.398 Y112.31
G1 F1500 X71.776 Y122.688 E882.12981
G0 F9000 X72.342 Y122.688
G1 F1500 X61.964 Y112.31 E882.61796
G0 F9000 X62.53 Y112.31
G1 F1500 X72.908 Y122.688 E883.10611
G0 F9000 X73.474 Y122.688
G1 F1500 X63.095 Y112.31 E883.59428
G0 F9000 X63.661 Y112.31
G1 F1500 X74.039 Y122.688 E884.08243
G0 F9000 X74.605 Y122.688
G1 F1500 X64.227 Y112.31 E884.57058
G0 F9000 X64.792 Y112.31
G1 F1500 X75.171 Y122.688 E885.05876
G0 F9000 X75.736 Y122.688
G1 F1500 X65.358 Y112.31 E885.5469
G0 F9000 X65.924 Y112.31
G1 F1500 X76.302 Y122.688 E886.03505
G0 F9000 X76.868 Y122.688
G1 F1500 X66.489 Y112.31 E886.52323
G0 F9000 X67.055 Y112.31
G1 F1500 X77.433 Y122.688 E887.01138
G0 F9000 X77.999 Y122.688
G1 F1500 X67.621 Y112.31 E887.49953
G0 F9000 X68.187 Y112.31
G1 F1500 X78.565 Y122.688 E887.98767
G0 F9000 X79.13 Y122.688
G1 F1500 X68.752 Y112.31 E888.47582
G0 F9000 X69.318 Y112.31
G1 F1500 X79.696 Y122.688 E888.96397
G0 F9000 X80.262 Y122.688
G1 F1500 X69.884 Y112.31 E889.45212
G0 F9000 X70.449 Y112.31
G1 F1500 X80.827 Y122.688 E889.94027
G0 F9000 X81.393 Y122.688
G1 F1500 X71.015 Y112.31 E890.42842
G0 F9000 X71.581 Y112.31
G1 F1500 X81.959 Y122.688 E890.91657
G0 F9000 X82.525 Y122.688
G1 F1500 X72.146 Y112.31 E891.40474
G0 F9000 X72.712 Y112.31
G1 F1500 X83.09 Y122.688 E891.89289
G0 F9000 X83.656 Y122.688
G1 F1500 X73.278 Y112.31 E892.38104
G0 F9000 X73.843 Y112.31
G1 F1500 X84.222 Y122.688 E892.86921
G0 F9000 X84.787 Y122.688
G1 F1500 X74.409 Y112.31 E893.35736
G0 F9000 X74.975 Y112.31
G1 F1500 X85.353 Y122.688 E893.84551
G0 F9000 X85.919 Y122.688
G1 F1500 X75.54 Y112.31 E894.33369
G0 F9000 X76.106 Y112.31
G1 F1500 X86.484 Y122.688 E894.82184
G0 F9000 X87.05 Y122.688
G1 F1500 X76.672 Y112.31 E895.30998
G0 F9000 X77.237 Y112.31
G1 F1500 X87.616 Y122.688 E895.79816
G0 F9000 X88.181 Y122.688
G1 F1500 X77.803 Y112.31 E896.28631
G0 F9000 X78.369 Y112.31
G1 F1500 X88.747 Y122.688 E896.77446
G0 F9000 X89.313 Y122.688
G1 F1500 X78.935 Y112.31 E897.26261
G0 F9000 X79.5 Y112.31
G1 F1500 X89.878 Y122.688 E897.75075
G0 F9000 X90.444 Y122.688
G1 F1500 X80.066 Y112.31 E898.2389
G0 F9000 X80.632 Y112.31
G1 F1500 X91.01 Y122.688 E898.72705
G0 F9000 X91.575 Y122.688
G1 F1500 X81.197 Y112.31 E899.2152
G0 F9000 X81.763 Y112.31
G1 F1500 X92.141 Y122.688 E899.70335
G0 F9000 X92.707 Y122.688
G1 F1500 X82.329 Y112.31 E900.1915
G0 F9000 X82.894 Y112.31
G1 F1500 X93.273 Y122.688 E900.67967
G0 F9000 X93.838 Y122.688
G1 F1500 X83.46 Y112.31 E901.16782
G0 F9000 X84.026 Y112.31
G1 F1500 X94.404 Y122.688 E901.65597
G0 F9000 X94.97 Y122.688
G1 F1500 X84.591 Y112.31 E902.14415
G0 F9000 X85.157 Y112.31
G1 F1500 X95.535 Y122.688 E902.63229
G0 F9000 X96.101 Y122.688
G1 F1500 X85.723 Y112.31 E903.12044
G0 F9000 X86.288 Y112.31
G1 F1500 X96.667 Y122.688 E903.60862
G0 F9000 X97.232 Y122.688
G1 F1500 X86.854 Y112.31 E904.09677
G0 F9000 X87.42 Y112.31
G1 F1500 X97.798 Y122.688 E904.58492
G0 F9000 X98.364 Y122.688
G1 F1500 X87.986 Y112.31 E905.07306
G0 F9000 X88.551 Y112.31
G1 F1500 X98.929 Y122.688 E905.56121
G0 F9000 X99.495 Y122.688
G1 F1500 X89.117 Y112.31 E906.04936
G0 F9000 X89.683 Y112.31
G1 F1500 X100.061 Y122.688 E906.53751
G0 F9000 X100.626 Y122.688
G1 F1500 X90.248 Y112.31 E907.02566
G0 F9000 X90.814 Y112.31
G1 F1500 X101.192 Y122.688 E907.51381
G0 F9000 X101.758 Y122.688
G1 F1500 X91.38 Y112.31 E908.00196
G0 F9000 X91.945 Y112.31
G1 F1500 X102.324 Y122.688 E908.49013
G0 F9000 X102.889 Y122.688
G1 F1500 X92.511 Y112.31 E908.97828
G0 F9000 X93.077 Y112.31
G1 F1500 X103.455 Y122.688 E909.46643
G0 F9000 X104.021 Y122.688
G1 F1500 X93.642 Y112.31 E909.9546
G0 F9000 X94.208 Y112.31
G1 F1500 X104.586 Y122.688 E910.44275
G0 F9000 X105.152 Y122.688
G1 F1500 X94.774 Y112.31 E910.9309
G0 F9000 X95.339 Y112.31
G1 F1500 X105.718 Y122.688 E911.41908
G0 F9000 X106.283 Y122.688
G1 F1500 X95.905 Y112.31 E911.90723
G0 F9000 X96.471 Y112.31
G1 F1500 X106.849 Y122.688 E912.39537
G0 F9000 X107.415 Y122.688
G1 F1500 X97.036 Y112.31 E912.88355
G0 F9000 X97.602 Y112.31
G1 F1500 X107.98 Y122.688 E913.3717
G0 F9000 X108.546 Y122.688
G1 F1500 X98.168 Y112.31 E913.85985
G0 F9000 X98.734 Y112.31
G1 F1500 X109.112 Y122.688 E914.348
G0 F9000 X109.677 Y122.688
G1 F1500 X99.299 Y112.31 E914.83614
G0 F9000 X99.865 Y112.31
G1 F1500 X110.243 Y122.688 E915.32429
G0 F9000 X110.809 Y122.688
G1 F1500 X100.431 Y112.31 E915.81244
G0 F9000 X100.996 Y112.31
G1 F1500 X111.374 Y122.688 E916.30059
G0 F9000 X111.94 Y122.688
G1 F1500 X101.562 Y112.31 E916.78874
G0 F9000 X102.128 Y112.31
G1 F1500 X112.506 Y122.688 E917.27689
G0 F9000 X113.072 Y122.688
G1 F1500 X102.693 Y112.31 E917.76506
G0 F9000 X103.259 Y112.31
G1 F1500 X113.637 Y122.688 E918.25321
G0 F9000 X114.203 Y122.688
G1 F1500 X103.825 Y112.31 E918.74136
G0 F9000 X104.39 Y112.31
G1 F1500 X114.769 Y122.688 E919.22954
G0 F9000 X115.334 Y122.688
G1 F1500 X104.956 Y112.31 E919.71769
G0 F9000 X105.522 Y112.31
G1 F1500 X115.9 Y122.688 E920.20583
G0 F9000 X116.466 Y122.688
G1 F1500 X106.087 Y112.31 E920.69401
G0 F9000 X106.653 Y112.31
G1 F1500 X117.031 Y122.688 E921.18216
G0 F9000 X117.598 Y122.689
G1 F1500 X107.219 Y112.31 E921.67035
G0 F9000 X107.784 Y112.31
G1 F1500 X118.163 Y122.689 E922.15855
G0 F9000 X118.729 Y122.689
G1 F1500 X108.35 Y112.31 E922.64675
G0 F9000 X108.916 Y112.31
G1 F1500 X119.295 Y122.689 E923.13494
G0 F9000 X119.86 Y122.689
G1 F1500 X109.482 Y112.31 E923.62311
G0 F9000 X110.047 Y112.31
G1 F1500 X120.426 Y122.689 E924.11131
G0 F9000 X120.992 Y122.689
G1 F1500 X110.613 Y112.31 E924.59951
G0 F9000 X111.179 Y112.31
G1 F1500 X121.558 Y122.689 E925.0877
G0 F9000 X122.123 Y122.689
G1 F1500 X111.744 Y112.31 E925.5759
G0 F9000 X112.31 Y112.31
G1 F1500 X122.689 Y122.689 E926.0641
G0 F9000 X123.255 Y122.689
G1 F1500 X112.876 Y112.31 E926.55229
G0 F9000 X113.441 Y112.31
G1 F1500 X123.82 Y122.689 E927.04049
G0 F9000 X124.386 Y122.689
G1 F1500 X114.007 Y112.31 E927.52869
G0 F9000 X114.573 Y112.31
G1 F1500 X124.952 Y122.689 E928.01688
G0 F9000 X125.517 Y122.689
G1 F1500 X115.138 Y112.31 E928.50508
G0 F9000 X115.704 Y112.31
G1 F1500 X126.083 Y122.689 E928.99327
G0 F9000 X126.649 Y122.689
G1 F1500 X116.27 Y112.31 E929.48147
G0 F9000 X116.835 Y112.31
G1 F1500 X127.214 Y122.689 E929.96967
G0 F9000 X127.78 Y122.689
G1 F1500 X117.401 Y112.31 E930.45786
G0 F9000 X117.967 Y112.31
G1 F1500 X128.346 Y122.689 E930.94606
G0 F9000 X128.911 Y122.689
G1 F1500 X118.533 Y112.31 E931.43423
G0 F9000 X119.098 Y112.31
G1 F1500 X129.477 Y122.689 E931.92243
G0 F9000 X130.043 Y122.689
G1 F1500 X119.664 Y112.31 E932.41063
G0 F9000 X120.23 Y112.31
G1 F1500 X130.608 Y122.689 E932.8988
G0 F9000 X131.174 Y122.689
G1 F1500 X120.795 Y112.31 E933.38699
G0 F9000 X121.361 Y112.31
G1 F1500 X131.74 Y122.689 E933.87519
G0 F9000 X132.306 Y122.689
G1 F1500 X121.927 Y112.31 E934.36339
G0 F9000 X122.492 Y112.31
G1 F1500 X132.871 Y122.689 E934.85158
G0 F9000 X133.437 Y122.689
G1 F1500 X123.058 Y112.31 E935.33978
G0 F9000 X123.624 Y112.31
G1 F1500 X134.003 Y122.689 E935.82798
G0 F9000 X134.568 Y122.689
G1 F1500 X124.189 Y112.31 E936.31617
G0 F9000 X124.755 Y112.31
G1 F1500 X135.134 Y122.689 E936.80437
G0 F9000 X135.7 Y122.689
G1 F1500 X125.321 Y112.31 E937.29257
G0 F9000 X125.886 Y112.31
G1 F1500 X136.265 Y122.689 E937.78076
G0 F9000 X136.831 Y122.689
G1 F1500 X126.452 Y112.31 E938.26896
G0 F9000 X127.018 Y112.31
G1 F1500 X137.397 Y122.689 E938.75715
G0 F9000 X137.962 Y122.689
G1 F1500 X127.583 Y112.31 E939.24535
G0 F9000 X128.149 Y112.31
G1 F1500 X138.528 Y122.689 E939.73355
G0 F9000 X139.094 Y122.689
G1 F1500 X128.715 Y112.31 E940.22174
G0 F9000 X129.281 Y112.31
G1 F1500 X139.659 Y122.689 E940.70992
G0 F9000 X140.225 Y122.689
G1 F1500 X129.846 Y112.31 E941.19811
G0 F9000 X130.412 Y112.31
G1 F1500 X140.791 Y122.689 E941.68631
G0 F9000 X141.357 Y122.689
G1 F1500 X130.978 Y112.31 E942.1745
G0 F9000 X131.543 Y112.31
G1 F1500 X141.922 Y122.689 E942.6627
G0 F9000 X142.488 Y122.689
G1 F1500 X132.109 Y112.31 E943.1509
G0 F9000 X132.675 Y112.31
G1 F1500 X143.054 Y122.689 E943.63909
G0 F9000 X143.619 Y122.689
G1 F1500 X133.24 Y112.31 E944.12729
G0 F9000 X133.806 Y112.31
G1 F1500 X144.185 Y122.689 E944.61549
G0 F9000 X144.751 Y122.689
G1 F1500 X134.372 Y112.31 E945.10368
G0 F9000 X134.937 Y112.31
G1 F1500 X145.316 Y122.689 E945.59188
G0 F9000 X145.882 Y122.689
G1 F1500 X135.503 Y112.31 E946.08008
G0 F9000 X136.069 Y112.31
G1 F1500 X146.448 Y122.689 E946.56827
G0 F9000 X147.013 Y122.689
G1 F1500 X136.634 Y112.31 E947.05647
G0 F9000 X137.2 Y112.31
G1 F1500 X147.579 Y122.689 E947.54466
G0 F9000 X148.145 Y122.689
G1 F1500 X137.766 Y112.31 E948.03286
G0 F9000 X138.332 Y112.31
G1 F1500 X148.71 Y122.689 E948.52103
G0 F9000 X149.276 Y122.689
G1 F1500 X138.897 Y112.31 E949.00923
G0 F9000 X139.463 Y112.31
G1 F1500 X149.842 Y122.689 E949.49743
G0 F9000 X150.407 Y122.689
G1 F1500 X140.029 Y112.31 E949.9856
G0 F9000 X140.594 Y112.31
G1 F1500 X150.973 Y122.689 E950.4738
G0 F9000 X151.539 Y122.689
G1 F1500 X141.16 Y112.31 E950.96199
G0 F9000 X141.726 Y112.31
G1 F1500 X152.105 Y122.689 E951.45019
G0 F9000 X152.67 Y122.689
G1 F1500 X142.291 Y112.31 E951.93838
G0 F9000 X142.857 Y112.31
G1 F1500 X153.236 Y122.689 E952.42658
G0 F9000 X153.802 Y122.689
G1 F1500 X143.423 Y112.31 E952.91478
G0 F9000 X143.988 Y112.31
G1 F1500 X154.367 Y122.689 E953.40297
G0 F9000 X154.933 Y122.689
G1 F1500 X144.554 Y112.31 E953.89117
G0 F9000 X145.12 Y112.31
G1 F1500 X155.499 Y122.689 E954.37937
G0 F9000 X156.064 Y122.689
G1 F1500 X145.685 Y112.31 E954.86756
G0 F9000 X146.251 Y112.31
G1 F1500 X156.63 Y122.689 E955.35576
G0 F9000 X157.196 Y122.689
G1 F1500 X146.817 Y112.31 E955.84396
G0 F9000 X147.382 Y112.31
G1 F1500 X157.761 Y122.689 E956.33215
G0 F9000 X158.327 Y122.689
G1 F1500 X147.948 Y112.31 E956.82035
G0 F9000 X148.514 Y112.31
G1 F1500 X158.893 Y122.689 E957.30854
G0 F9000 X159.458 Y122.689
G1 F1500 X149.08 Y112.31 E957.79672
G0 F9000 X149.645 Y112.31
G1 F1500 X160.024 Y122.689 E958.28491
G0 F9000 X160.59 Y122.689
G1 F1500 X150.211 Y112.31 E958.77311
G0 F9000 X150.777 Y112.31
G1 F1500 X161.155 Y122.689 E959.26128
G0 F9000 X161.721 Y122.689
G1 F1500 X151.342 Y112.31 E959.74948
G0 F9000 X151.908 Y112.31
G1 F1500 X162.287 Y122.689 E960.23768
G0 F9000 X162.853 Y122.689
G1 F1500 X152.474 Y112.31 E960.72587
G0 F9000 X153.039 Y112.31
G1 F1500 X163.418 Y122.689 E961.21407
G0 F9000 X163.984 Y122.689
G1 F1500 X153.605 Y112.31 E961.70226
G0 F9000 X154.171 Y112.31
G1 F1500 X164.55 Y122.689 E962.19046
G0 F9000 X165.115 Y122.689
G1 F1500 X154.736 Y112.31 E962.67866
G0 F9000 X155.302 Y112.31
G1 F1500 X165.681 Y122.689 E963.16685
G0 F9000 X166.247 Y122.689
G1 F1500 X155.868 Y112.31 E963.65505
G0 F9000 X156.433 Y112.31
G1 F1500 X166.812 Y122.689 E964.14325
G0 F9000 X167.378 Y122.689
G1 F1500 X156.999 Y112.31 E964.63144
G0 F9000 X157.565 Y112.31
G1 F1500 X167.944 Y122.689 E965.11964
G0 F9000 X168.509 Y122.689
G1 F1500 X158.13 Y112.31 E965.60784
G0 F9000 X158.696 Y112.31
G1 F1500 X169.075 Y122.689 E966.09603
G0 F9000 X169.641 Y122.689
G1 F1500 X159.262 Y112.31 E966.58423
G0 F9000 X159.828 Y112.31
G1 F1500 X170.206 Y122.689 E967.0724
G0 F9000 X170.772 Y122.689
G1 F1500 X160.393 Y112.31 E967.5606
G0 F9000 X160.959 Y112.31
G1 F1500 X171.338 Y122.689 E968.04879
G0 F9000 X171.904 Y122.689
G1 F1500 X161.525 Y112.31 E968.53699
G0 F9000 X162.09 Y112.31
G1 F1500 X172.469 Y122.689 E969.02519
G0 F9000 X173.035 Y122.689
G1 F1500 X162.656 Y112.31 E969.51338
G0 F9000 X163.222 Y112.31
G1 F1500 X173.601 Y122.689 E970.00158
G0 F9000 X174.166 Y122.689
G1 F1500 X163.787 Y112.31 E970.48977
G0 F9000 X164.353 Y112.31
G1 F1500 X174.732 Y122.689 E970.97797
G0 F9000 X175.298 Y122.689
G1 F1500 X164.919 Y112.31 E971.46617
G0 F9000 X165.484 Y112.31
G1 F1500 X175.863 Y122.689 E971.95436
G0 F9000 X176.429 Y122.689
G1 F1500 X166.05 Y112.31 E972.44256
G0 F9000 X166.616 Y112.31
G1 F1500 X176.995 Y122.689 E972.93076
G0 F9000 X177.56 Y122.689
G1 F1500 X167.181 Y112.31 E973.41895
G0 F9000 X167.747 Y112.31
G1 F1500 X178.126 Y122.689 E973.90715
G0 F9000 X178.692 Y122.689
G1 F1500 X168.313 Y112.31 E974.39535
G0 F9000 X168.879 Y112.31
G1 F1500 X179.257 Y122.689 E974.88352
G0 F9000 X179.823 Y122.689
G1 F1500 X169.444 Y112.31 E975.37171
G0 F9000 X170.01 Y112.31
G1 F1500 X179.839 Y122.139 E975.83404
G0 F9000 X179.839 Y121.574
G1 F1500 X170.576 Y112.31 E976.26977
G0 F9000 X171.141 Y112.31
G1 F1500 X179.839 Y121.008 E976.67889
G0 F9000 X179.839 Y120.442
G1 F1500 X171.707 Y112.31 E977.0614
G0 F9000 X172.273 Y112.31
G1 F1500 X179.839 Y119.877 E977.4173
G0 F9000 X179.839 Y119.311
G1 F1500 X172.838 Y112.31 E977.74661
G0 F9000 X173.404 Y112.31
G1 F1500 X179.839 Y118.745 E978.04929
G0 F9000 X179.839 Y118.18
G1 F1500 X173.97 Y112.31 E978.32538
G0 F9000 X174.535 Y112.31
G1 F1500 X179.839 Y117.614 E978.57486
G0 F9000 X179.839 Y117.048
G1 F1500 X175.101 Y112.31 E978.79772
G0 F9000 X175.667 Y112.31
G1 F1500 X179.839 Y116.483 E978.99398
G0 F9000 X179.839 Y115.917
G1 F1500 X176.232 Y112.31 E979.16364
G0 F9000 X176.798 Y112.31
G1 F1500 X179.839 Y115.351 E979.30668
G0 F9000 X179.839 Y114.786
G1 F1500 X177.364 Y112.31 E979.42312
G0 F9000 X177.929 Y112.31
G1 F1500 X179.839 Y114.22 E979.51296
G0 F9000 X179.839 Y113.654
G1 F1500 X178.495 Y112.31 E979.57618
G0 F9000 X179.061 Y112.31
G1 F1500 X179.839 Y113.089 E979.6128
G0 F9000 X179.839 Y112.523
G1 F1500 X179.627 Y112.31 E979.6228
G1 F2700 E974.6228
;MESH:NONMESH
G0 F300 X179.627 Y112.31 Z1.6
G0 F9000 X179.627 Y111.85
G0 X180.228 Y111.922
G0 X180.228 Y123.078
G0 X54.6 Y123.25
;TIME_ELAPSED:1402.903331
;LAYER:7
;TYPE:WALL-INNER
;MESH:D790-17 Thermoplastic Specimen.STL
G1 F2700 E979.6228
G1 F1500 X174.65 Y123.25 E983.61567
G1 X180.4 Y123.25 E983.80692
G1 X180.4 Y111.75 E984.18941
G1 X54.6 Y111.75 E988.37354
G1 X54.6 Y123.25 E988.75603
G1 F2700 E983.75603
G0 F9000 X180.53 Y123.38
G1 F2700 E988.75603
G0 F9000 X180.8 Y123.65
;TYPE:WALL-OUTER
G1 F1500 X174.65 Y123.65 E988.96058
G1 X54.2 Y123.65 E992.96676
G1 X54.2 Y111.35 E993.37586
G1 X180.8 Y111.35 E997.58659
G1 X180.8 Y123.65 E997.99569
G1 F2700 E992.99569
G0 F9000 X180.53 Y123.38
G0 X54.772 Y123.078
G0 X54.7 Y112.11
G1 F2700 E997.99569
G0 F9000 X54.96 Y112.11
;TYPE:SKIN
G1 F1500 X180.04 Y112.11 E1002.15587
G1 X180.04 Y117.5 E1002.33514
G1 X180.04 Y122.89 E1002.51442
G1 X54.96 Y122.89 E1006.67459
G1 X54.96 Y112.11 E1007.03314
G0 F9000 X55.159 Y112.848
G1 F1500 X55.698 Y112.309 E1007.05849
G0 F9000 X56.264 Y112.309
G1 F1500 X55.159 Y113.414 E1007.11047
G0 F9000 X55.159 Y113.979
G1 F1500 X56.83 Y112.309 E1007.18904
G0 F9000 X57.395 Y112.309
G1 F1500 X55.159 Y114.545 E1007.29422
G0 F9000 X55.159 Y115.111
G1 F1500 X57.961 Y112.309 E1007.42601
G0 F9000 X58.527 Y112.309
G1 F1500 X55.159 Y115.677 E1007.58443
G0 F9000 X55.159 Y116.242
G1 F1500 X59.092 Y112.309 E1007.76943
G0 F9000 X59.658 Y112.309
G1 F1500 X55.159 Y116.808 E1007.98105
G0 F9000 X55.159 Y117.374
G1 F1500 X60.224 Y112.309 E1008.21929
G0 F9000 X60.789 Y112.309
G1 F1500 X55.159 Y117.939 E1008.48411
G0 F9000 X55.159 Y118.505
G1 F1500 X61.355 Y112.309 E1008.77555
G0 F9000 X61.921 Y112.309
G1 F1500 X55.159 Y119.071 E1009.09361
G0 F9000 X55.159 Y119.636
G1 F1500 X62.487 Y112.309 E1009.43828
G0 F9000 X63.052 Y112.309
G1 F1500 X55.159 Y120.202 E1009.80954
G0 F9000 X55.159 Y120.768
G1 F1500 X63.618 Y112.309 E1010.20743
G0 F9000 X64.184 Y112.309
G1 F1500 X55.159 Y121.333 E1010.63191
G0 F9000 X55.159 Y121.899
G1 F1500 X64.749 Y112.309 E1011.08299
G0 F9000 X65.315 Y112.309
G1 F1500 X55.159 Y122.465 E1011.5607
G0 F9000 X55.501 Y122.689
G1 F1500 X65.881 Y112.309 E1012.04894
G0 F9000 X66.446 Y112.309
G1 F1500 X56.067 Y122.689 E1012.53716
G0 F9000 X56.632 Y122.689
G1 F1500 X67.012 Y112.309 E1013.02541
G0 F9000 X67.578 Y112.309
G1 F1500 X57.198 Y122.689 E1013.51365
G0 F9000 X57.764 Y122.689
G1 F1500 X68.143 Y112.309 E1014.00187
G0 F9000 X68.709 Y112.309
G1 F1500 X58.329 Y122.689 E1014.49011
G0 F9000 X58.895 Y122.689
G1 F1500 X69.275 Y112.309 E1014.97836
G0 F9000 X69.84 Y112.309
G1 F1500 X59.461 Y122.689 E1015.46658
G0 F9000 X60.027 Y122.689
G1 F1500 X70.406 Y112.309 E1015.9548
G0 F9000 X70.972 Y112.309
G1 F1500 X60.592 Y122.689 E1016.44304
G0 F9000 X61.158 Y122.689
G1 F1500 X71.537 Y112.309 E1016.93126
G0 F9000 X72.103 Y112.309
G1 F1500 X61.724 Y122.689 E1017.41948
G0 F9000 X62.289 Y122.689
G1 F1500 X72.669 Y112.309 E1017.90772
G0 F9000 X73.235 Y112.309
G1 F1500 X62.855 Y122.689 E1018.39597
G0 F9000 X63.421 Y122.689
G1 F1500 X73.8 Y112.309 E1018.88419
G0 F9000 X74.366 Y112.309
G1 F1500 X63.986 Y122.689 E1019.37243
G0 F9000 X64.552 Y122.689
G1 F1500 X74.932 Y112.309 E1019.86067
G0 F9000 X75.497 Y112.309
G1 F1500 X65.118 Y122.689 E1020.34889
G0 F9000 X65.683 Y122.689
G1 F1500 X76.063 Y112.309 E1020.83714
G0 F9000 X76.629 Y112.309
G1 F1500 X66.249 Y122.689 E1021.32538
G0 F9000 X66.815 Y122.689
G1 F1500 X77.194 Y112.309 E1021.8136
G0 F9000 X77.76 Y112.309
G1 F1500 X67.38 Y122.689 E1022.30184
G0 F9000 X67.946 Y122.689
G1 F1500 X78.326 Y112.309 E1022.79009
G0 F9000 X78.891 Y112.309
G1 F1500 X68.512 Y122.689 E1023.27831
G0 F9000 X69.077 Y122.689
G1 F1500 X79.457 Y112.309 E1023.76655
G0 F9000 X80.023 Y112.309
G1 F1500 X69.643 Y122.689 E1024.25479
G0 F9000 X70.209 Y122.689
G1 F1500 X80.588 Y112.309 E1024.74301
G0 F9000 X81.154 Y112.309
G1 F1500 X70.775 Y122.689 E1025.23123
G0 F9000 X71.34 Y122.689
G1 F1500 X81.72 Y112.309 E1025.71948
G0 F9000 X82.286 Y112.309
G1 F1500 X71.906 Y122.689 E1026.20772
G0 F9000 X72.472 Y122.689
G1 F1500 X82.851 Y112.309 E1026.69594
G0 F9000 X83.417 Y112.309
G1 F1500 X73.037 Y122.689 E1027.18418
G0 F9000 X73.603 Y122.689
G1 F1500 X83.983 Y112.309 E1027.67243
G0 F9000 X84.548 Y112.309
G1 F1500 X74.169 Y122.689 E1028.16065
G0 F9000 X74.734 Y122.689
G1 F1500 X85.114 Y112.309 E1028.64889
G0 F9000 X85.68 Y112.309
G1 F1500 X75.3 Y122.689 E1029.13713
G0 F9000 X75.866 Y122.689
G1 F1500 X86.245 Y112.309 E1029.62535
G0 F9000 X86.811 Y112.309
G1 F1500 X76.431 Y122.689 E1030.1136
G0 F9000 X76.997 Y122.689
G1 F1500 X87.377 Y112.309 E1030.60184
G0 F9000 X87.942 Y112.309
G1 F1500 X77.563 Y122.689 E1031.09006
G0 F9000 X78.128 Y122.689
G1 F1500 X88.508 Y112.309 E1031.5783
G0 F9000 X89.074 Y112.309
G1 F1500 X78.694 Y122.689 E1032.06655
G0 F9000 X79.26 Y122.689
G1 F1500 X89.639 Y112.309 E1032.55477
G0 F9000 X90.205 Y112.309
G1 F1500 X79.825 Y122.689 E1033.04301
G0 F9000 X80.391 Y122.689
G1 F1500 X90.771 Y112.309 E1033.53125
G0 F9000 X91.336 Y112.309
G1 F1500 X80.957 Y122.689 E1034.01947
G0 F9000 X81.523 Y122.689
G1 F1500 X91.902 Y112.309 E1034.50769
G0 F9000 X92.468 Y112.309
G1 F1500 X82.088 Y122.689 E1034.99594
G0 F9000 X82.654 Y122.689
G1 F1500 X93.034 Y112.309 E1035.48418
G0 F9000 X93.599 Y112.309
G1 F1500 X83.22 Y122.689 E1035.9724
G0 F9000 X83.785 Y122.689
G1 F1500 X94.165 Y112.309 E1036.46064
G0 F9000 X94.731 Y112.309
G1 F1500 X84.351 Y122.689 E1036.94889
G0 F9000 X84.917 Y122.689
G1 F1500 X95.296 Y112.309 E1037.43711
G0 F9000 X95.862 Y112.309
G1 F1500 X85.482 Y122.689 E1037.92535
G0 F9000 X86.048 Y122.689
G1 F1500 X96.428 Y112.309 E1038.41359
G0 F9000 X96.993 Y112.309
G1 F1500 X86.614 Y122.689 E1038.90181
G0 F9000 X87.179 Y122.689
G1 F1500 X97.559 Y112.309 E1039.39006
G0 F9000 X98.125 Y112.309
G1 F1500 X87.745 Y122.689 E1039.8783
G0 F9000 X88.311 Y122.689
G1 F1500 X98.69 Y112.309 E1040.36652
G0 F9000 X99.256 Y112.309
G1 F1500 X88.876 Y122.689 E1040.85476
G0 F9000 X89.442 Y122.689
G1 F1500 X99.822 Y112.309 E1041.34301
G0 F9000 X100.387 Y112.309
G1 F1500 X90.008 Y122.689 E1041.83123
G0 F9000 X90.574 Y122.689
G1 F1500 X100.953 Y112.309 E1042.31945
G0 F9000 X101.519 Y112.309
G1 F1500 X91.139 Y122.689 E1042.80769
G0 F9000 X91.705 Y122.689
G1 F1500 X102.085 Y112.309 E1043.29593
G0 F9000 X102.65 Y112.309
G1 F1500 X92.271 Y122.689 E1043.78415
G0 F9000 X92.836 Y122.689
G1 F1500 X103.216 Y112.309 E1044.2724
G0 F9000 X103.782 Y112.309
G1 F1500 X93.402 Y122.689 E1044.76064
G0 F9000 X93.968 Y122.689
G1 F1500 X104.347 Y112.309 E1045.24886
G0 F9000 X104.913 Y112.309
G1 F1500 X94.533 Y122.689 E1045.7371
G0 F9000 X95.099 Y122.689
G1 F1500 X105.479 Y112.309 E1046.22535
G0 F9000 X106.044 Y112.309
G1 F1500 X95.665 Y122.689 E1046.71357
G0 F9000 X96.23 Y122.689
G1 F1500 X106.61 Y112.309 E1047.20181
G0 F9000 X107.176 Y112.309
G1 F1500 X96.796 Y122.689 E1047.69005
G0 F9000 X97.362 Y122.689
G1 F1500 X107.741 Y112.309 E1048.17827
G0 F9000 X108.307 Y112.309
G1 F1500 X97.927 Y122.689 E1048.66652
G0 F9000 X98.493 Y122.689
G1 F1500 X108.873 Y112.309 E1049.15476
G0 F9000 X109.438 Y112.309
G1 F1500 X99.059 Y122.689 E1049.64298
G0 F9000 X99.624 Y122.689
G1 F1500 X110.004 Y112.309 E1050.13122
G0 F9000 X110.57 Y112.309
G1 F1500 X100.19 Y122.689 E1050.61947
G0 F9000 X100.756 Y122.689
G1 F1500 X111.135 Y112.309 E1051.10769
G0 F9000 X111.701 Y112.309
G1 F1500 X101.322 Y122.689 E1051.59591
G0 F9000 X101.887 Y122.689
G1 F1500 X112.267 Y112.309 E1052.08415
G0 F9000 X112.833 Y112.309
G1 F1500 X102.453 Y122.689 E1052.57239
G0 F9000 X103.019 Y122.689
G1 F1500 X113.398 Y112.309 E1053.06061
G0 F9000 X113.964 Y112.309
G1 F1500 X103.584 Y122.689 E1053.54886
G0 F9000 X104.15 Y122.689
G1 F1500 X114.53 Y112.309 E1054.0371
G0 F9000 X115.095 Y112.309
G1 F1500 X104.716 Y122.689 E1054.52532
G0 F9000 X105.281 Y122.689
G1 F1500 X115.661 Y112.309 E1055.01356
G0 F9000 X116.227 Y112.309
G1 F1500 X105.847 Y122.689 E1055.50181
G0 F9000 X106.413 Y122.689
G1 F1500 X116.792 Y112.309 E1055.99003
G0 F9000 X117.358 Y112.309
G1 F1500 X106.978 Y122.689 E1056.47827
G0 F9000 X107.544 Y122.689
G1 F1500 X117.924 Y112.309 E1056.96651
G0 F9000 X118.489 Y112.309
G1 F1500 X108.11 Y122.689 E1057.45473
G0 F9000 X108.675 Y122.689
G1 F1500 X119.055 Y112.309 E1057.94298
G0 F9000 X119.621 Y112.309
G1 F1500 X109.241 Y122.689 E1058.43122
G0 F9000 X109.807 Y122.689
G1 F1500 X120.186 Y112.309 E1058.91944
G0 F9000 X120.752 Y112.309
G1 F1500 X110.373 Y122.689 E1059.40766
G0 F9000 X110.938 Y122.689
G1 F1500 X121.318 Y112.309 E1059.8959
G0 F9000 X121.883 Y112.309
G1 F1500 X111.504 Y122.689 E1060.38412
G0 F9000 X112.07 Y122.689
G1 F1500 X122.449 Y112.309 E1060.87234
G0 F9000 X123.015 Y112.309
G1 F1500 X112.635 Y122.689 E1061.36059
G0 F9000 X113.201 Y122.689
G1 F1500 X123.581 Y112.309 E1061.84883
G0 F9000 X124.146 Y112.309
G1 F1500 X113.767 Y122.689 E1062.33705
G0 F9000 X114.332 Y122.689
G1 F1500 X124.712 Y112.309 E1062.82529
G0 F9000 X125.278 Y112.309
G1 F1500 X114.898 Y122.689 E1063.31354
G0 F9000 X115.464 Y122.689
G1 F1500 X125.843 Y112.309 E1063.80175
G0 F9000 X126.409 Y112.309
G1 F1500 X116.029 Y122.689 E1064.29
G0 F9000 X116.595 Y122.689
G1 F1500 X126.975 Y112.309 E1064.77824
G0 F9000 X127.54 Y112.309
G1 F1500 X117.161 Y122.689 E1065.26646
G0 F9000 X117.726 Y122.69
G1 F1500 X128.106 Y112.309 E1065.75473
G0 F9000 X128.672 Y112.309
G1 F1500 X118.291 Y122.69 E1066.24302
G0 F9000 X118.857 Y122.69
G1 F1500 X129.237 Y112.309 E1066.73129
G0 F9000 X129.803 Y112.309
G1 F1500 X119.423 Y122.69 E1067.21955
G0 F9000 X119.988 Y122.69
G1 F1500 X130.369 Y112.309 E1067.70784
G0 F9000 X130.934 Y112.309
G1 F1500 X120.554 Y122.69 E1068.19611
G0 F9000 X121.12 Y122.69
G1 F1500 X131.5 Y112.309 E1068.68438
G0 F9000 X132.066 Y112.309
G1 F1500 X121.686 Y122.69 E1069.17264
G0 F9000 X122.251 Y122.69
G1 F1500 X132.632 Y112.309 E1069.66093
G0 F9000 X133.197 Y112.309
G1 F1500 X122.817 Y122.69 E1070.1492
G0 F9000 X123.383 Y122.69
G1 F1500 X133.763 Y112.309 E1070.63747
G0 F9000 X134.329 Y112.309
G1 F1500 X123.948 Y122.69 E1071.12576
G0 F9000 X124.514 Y122.69
G1 F1500 X134.894 Y112.309 E1071.61403
G0 F9000 X135.46 Y112.309
G1 F1500 X125.08 Y122.69 E1072.10229
G0 F9000 X125.645 Y122.69
G1 F1500 X136.026 Y112.309 E1072.59058
G0 F9000 X136.591 Y112.309
G1 F1500 X126.211 Y122.69 E1073.07885
G0 F9000 X126.777 Y122.69
G1 F1500 X137.157 Y112.309 E1073.56712
G0 F9000 X137.723 Y112.309
G1 F1500 X127.342 Y122.69 E1074.05541
G0 F9000 X127.908 Y122.69
G1 F1500 X138.288 Y112.309 E1074.54367
G0 F9000 X138.854 Y112.309
G1 F1500 X128.474 Y122.69 E1075.03194
G0 F9000 X129.039 Y122.69
G1 F1500 X139.42 Y112.309 E1075.52023
G0 F9000 X139.985 Y112.309
G1 F1500 X129.605 Y122.69 E1076.0085
G0 F9000 X130.171 Y122.69
G1 F1500 X140.551 Y112.309 E1076.49676
G0 F9000 X141.117 Y112.309
G1 F1500 X130.736 Y122.69 E1076.98506
G0 F9000 X131.302 Y122.69
G1 F1500 X141.682 Y112.309 E1077.47332
G0 F9000 X142.248 Y112.309
G1 F1500 X131.868 Y122.69 E1077.96159
G0 F9000 X132.434 Y122.69
G1 F1500 X142.814 Y112.309 E1078.44986
G0 F9000 X143.38 Y112.309
G1 F1500 X132.999 Y122.69 E1078.93815
G0 F9000 X133.565 Y122.69
G1 F1500 X143.945 Y112.309 E1079.42641
G0 F9000 X144.511 Y112.309
G1 F1500 X134.131 Y122.69 E1079.91468
G0 F9000 X134.696 Y122.69
G1 F1500 X145.077 Y112.309 E1080.40297
G0 F9000 X145.642 Y112.309
G1 F1500 X135.262 Y122.69 E1080.89124
G0 F9000 X135.828 Y122.69
G1 F1500 X146.208 Y112.309 E1081.3795
G0 F9000 X146.774 Y112.309
G1 F1500 X136.393 Y122.69 E1081.86779
G0 F9000 X136.959 Y122.69
G1 F1500 X147.339 Y112.309 E1082.35606
G0 F9000 X147.905 Y112.309
G1 F1500 X137.525 Y122.69 E1082.84433
G0 F9000 X138.09 Y122.69
G1 F1500 X148.471 Y112.309 E1083.33262
G0 F9000 X149.036 Y112.309
G1 F1500 X138.656 Y122.69 E1083.82089
G0 F9000 X139.222 Y122.69
G1 F1500 X149.602 Y112.309 E1084.30915
G0 F9000 X150.168 Y112.309
G1 F1500 X139.787 Y122.69 E1084.79744
G0 F9000 X140.353 Y122.69
G1 F1500 X150.733 Y112.309 E1085.28571
G0 F9000 X151.299 Y112.309
G1 F1500 X140.919 Y122.69 E1085.77398
G0 F9000 X141.484 Y122.69
G1 F1500 X151.865 Y112.309 E1086.26227
G0 F9000 X152.431 Y112.309
G1 F1500 X142.05 Y122.69 E1086.75056
G0 F9000 X142.616 Y122.69
G1 F1500 X152.996 Y112.309 E1087.23882
G0 F9000 X153.562 Y112.309
G1 F1500 X143.182 Y122.69 E1087.72709
G0 F9000 X143.747 Y122.69
G1 F1500 X154.128 Y112.309 E1088.21538
G0 F9000 X154.693 Y112.309
G1 F1500 X144.313 Y122.69 E1088.70365
G0 F9000 X144.879 Y122.69
G1 F1500 X155.259 Y112.309 E1089.19192
G0 F9000 X155.825 Y112.309
G1 F1500 X145.444 Y122.69 E1089.68021
G0 F9000 X146.01 Y122.69
G1 F1500 X156.39 Y112.309 E1090.16847
G0 F9000 X156.956 Y112.309
G1 F1500 X146.576 Y122.69 E1090.65674
G0 F9000 X147.141 Y122.69
G1 F1500 X157.522 Y112.309 E1091.14503
G0 F9000 X158.087 Y112.309
G1 F1500 X147.707 Y122.69 E1091.6333
G0 F9000 X148.273 Y122.69
G1 F1500 X158.653 Y112.309 E1092.12156
G0 F9000 X159.219 Y112.309
G1 F1500 X148.838 Y122.69 E1092.60985
G0 F9000 X149.404 Y122.69
G1 F1500 X159.784 Y112.309 E1093.09812
G0 F9000 X160.35 Y112.309
G1 F1500 X149.97 Y122.69 E1093.58639
G0 F9000 X150.535 Y122.69
G1 F1500 X160.916 Y112.309 E1094.07468
G0 F9000 X161.481 Y112.309
G1 F1500 X151.101 Y122.69 E1094.56295
G0 F9000 X151.667 Y122.69
G1 F1500 X162.047 Y112.309 E1095.05121
G0 F9000 X162.613 Y112.309
G1 F1500 X152.233 Y122.69 E1095.53948
G0 F9000 X152.798 Y122.69
G1 F1500 X163.179 Y112.309 E1096.02777
G0 F9000 X163.744 Y112.309
G1 F1500 X153.364 Y122.69 E1096.51604
G0 F9000 X153.93 Y122.69
G1 F1500 X164.31 Y112.309 E1097.0043
G0 F9000 X164.876 Y112.309
G1 F1500 X154.495 Y122.69 E1097.49259
G0 F9000 X155.061 Y122.69
G1 F1500 X165.441 Y112.309 E1097.98086
G0 F9000 X166.007 Y112.309
G1 F1500 X155.627 Y122.69 E1098.46913
G0 F9000 X156.192 Y122.69
G1 F1500 X166.573 Y112.309 E1098.95742
G0 F9000 X167.138 Y112.309
G1 F1500 X156.758 Y122.69 E1099.44569
G0 F9000 X157.324 Y122.69
G1 F1500 X167.704 Y112.309 E1099.93395
G0 F9000 X168.27 Y112.309
G1 F1500 X157.889 Y122.69 E1100.42224
G0 F9000 X158.455 Y122.69
G1 F1500 X168.835 Y112.309 E1100.91051
G0 F9000 X169.401 Y112.309
G1 F1500 X159.021 Y122.69 E1101.39878
G0 F9000 X159.586 Y122.69
G1 F1500 X169.967 Y112.309 E1101.88707
G0 F9000 X170.532 Y112.309
G1 F1500 X160.152 Y122.69 E1102.37533
G0 F9000 X160.718 Y122.69
G1 F1500 X171.098 Y112.309 E1102.8636
G0 F9000 X171.664 Y112.309
G1 F1500 X161.283 Y122.69 E1103.35189
G0 F9000 X161.849 Y122.69
G1 F1500 X172.229 Y112.309 E1103.84016
G0 F9000 X172.795 Y112.309
G1 F1500 X162.415 Y122.69 E1104.32842
G0 F9000 X162.981 Y122.69
G1 F1500 X173.361 Y112.309 E1104.81669
G0 F9000 X173.927 Y112.309
G1 F1500 X163.546 Y122.69 E1105.30498
G0 F9000 X164.112 Y122.69
G1 F1500 X174.492 Y112.309 E1105.79325
G0 F9000 X175.058 Y112.309
G1 F1500 X164.678 Y122.69 E1106.28152
G0 F9000 X165.243 Y122.69
G1 F1500 X175.624 Y112.309 E1106.76981
G0 F9000 X176.189 Y112.309
G1 F1500 X165.809 Y122.69 E1107.25807
G0 F9000 X166.375 Y122.69
G1 F1500 X176.755 Y112.309 E1107.74634
G0 F9000 X177.321 Y112.309
G1 F1500 X166.94 Y122.69 E1108.23463
G0 F9000 X167.506 Y122.69
G1 F1500 X177.886 Y112.309 E1108.7229
G0 F9000 X178.452 Y112.309
G1 F1500 X168.072 Y122.69 E1109.21116
G0 F9000 X168.637 Y122.69
G1 F1500 X179.018 Y112.309 E1109.69945
G0 F9000 X179.583 Y112.309
G1 F1500 X169.203 Y122.69 E1110.18772
G0 F9000 X169.769 Y122.69
G1 F1500 X179.839 Y112.62 E1110.66138
G0 F9000 X179.839 Y113.185
G1 F1500 X170.334 Y122.69 E1111.10847
G0 F9000 X170.9 Y122.69
G1 F1500 X179.839 Y113.751 E1111.52893
G0 F9000 X179.839 Y114.317
G1 F1500 X171.466 Y122.69 E1111.92277
G0 F9000 X172.032 Y122.69
G1 F1500 X179.839 Y114.882 E1112.29001
G0 F9000 X179.839 Y115.448
G1 F1500 X172.597 Y122.69 E1112.63066
G0 F9000 X173.163 Y122.69
G1 F1500 X179.839 Y116.014 E1112.94467
G0 F9000 X179.839 Y116.579
G1 F1500 X173.729 Y122.69 E1113.23209
G0 F9000 X174.294 Y122.69
G1 F1500 X179.839 Y117.145 E1113.49291
G0 F9000 X179.839 Y117.711
G1 F1500 X174.86 Y122.69 E1113.72711
G0 F9000 X175.426 Y122.69
G1 F1500 X179.839 Y118.277 E1113.93468
G0 F9000 X179.839 Y118.842
G1 F1500 X175.991 Y122.69 E1114.11568
G0 F9000 X176.557 Y122.69
G1 F1500 X179.839 Y119.408 E1114.27006
G0 F9000 X179.839 Y119.974
G1 F1500 X177.123 Y122.69 E1114.39781
G0 F9000 X177.688 Y122.69
G1 F1500 X179.839 Y120.539 E1114.49899
G0 F9000 X179.839 Y121.105
G1 F1500 X178.254 Y122.69 E1114.57354
G0 F9000 X178.82 Y122.69
G1 F1500 X179.839 Y121.671 E1114.62147
G0 F9000 X179.839 Y122.236
G1 F1500 X179.385 Y122.69 E1114.64282
G1 F2700 E1109.64282
;MESH:NONMESH
G0 F300 X179.385 Y122.69 Z1.8
G0 F9000 X179.385 Y123.15
G0 X180.228 Y123.078
G0 X180.228 Y111.922
G0 X54.6 Y111.75
;TIME_ELAPSED:1590.017133
;LAYER:8
;TYPE:WALL-INNER
;MESH:D790-17 Thermoplastic Specimen.STL
G1 F2700 E1114.64282
G1 F1500 X180.4 Y111.75 E1118.82695
G1 X180.4 Y117.5 E1119.0182
G1 X180.4 Y123.25 E1119.20944
G1 X54.6 Y123.25 E1123.39357
G1 X54.6 Y111.75 E1123.77606
G1 F2700 E1118.77606
G0 F9000 X54.47 Y123.38
G1 F2700 E1123.77606
G0 F9000 X54.2 Y123.65
;TYPE:WALL-OUTER
G1 F1500 X180.8 Y123.65 E1127.98679
G1 X180.8 Y117.5 E1128.19134
G1 X180.8 Y111.35 E1128.39589
G1 X54.2 Y111.35 E1132.60662
G1 X54.2 Y123.65 E1133.01572
G0 F9000 X54.47 Y123.38
G0 X54.7 Y122.89
G0 X54.96 Y122.89
;TYPE:SKIN
G1 F1500 X180.04 Y122.89 E1137.1759
G1 X180.04 Y117.5 E1137.35517
G1 X180.04 Y112.11 E1137.53445
G1 X54.96 Y112.11 E1141.69462
G1 X54.96 Y122.89 E1142.05317
G0 F9000 X55.372 Y122.688
G1 F1500 X55.159 Y122.476 E1142.06316
G0 F9000 X55.159 Y121.91
G1 F1500 X55.937 Y122.688 E1142.09976
G0 F9000 X56.503 Y122.688
G1 F1500 X55.159 Y121.345 E1142.16295
G0 F9000 X55.159 Y120.779
G1 F1500 X57.069 Y122.688 E1142.25277
G0 F9000 X57.634 Y122.688
G1 F1500 X55.159 Y120.213 E1142.36918
G0 F9000 X55.159 Y119.648
G1 F1500 X58.2 Y122.688 E1142.5122
G0 F9000 X58.766 Y122.688
G1 F1500 X55.159 Y119.082 E1142.68184
G0 F9000 X55.159 Y118.516
G1 F1500 X59.331 Y122.688 E1142.87808
G0 F9000 X59.897 Y122.688
G1 F1500 X55.159 Y117.951 E1143.10091
G0 F9000 X55.159 Y117.385
G1 F1500 X60.463 Y122.688 E1143.35038
G0 F9000 X61.028 Y122.688
G1 F1500 X55.159 Y116.819 E1143.62643
G0 F9000 X55.159 Y116.254
G1 F1500 X61.594 Y122.688 E1143.92909
G0 F9000 X62.16 Y122.688
G1 F1500 X55.159 Y115.688 E1144.25838
G0 F9000 X55.159 Y115.122
G1 F1500 X62.726 Y122.688 E1144.61428
G0 F9000 X63.291 Y122.688
G1 F1500 X55.159 Y114.556 E1144.99679
G0 F9000 X55.159 Y113.991
G1 F1500 X63.857 Y122.688 E1145.40589
G0 F9000 X64.423 Y122.688
G1 F1500 X55.159 Y113.425 E1145.84162
G0 F9000 X55.159 Y112.859
G1 F1500 X64.988 Y122.688 E1146.30394
G0 F9000 X65.554 Y122.688
G1 F1500 X55.176 Y112.31 E1146.79209
G0 F9000 X55.741 Y112.31
G1 F1500 X66.12 Y122.688 E1147.28026
G0 F9000 X66.685 Y122.688
G1 F1500 X56.307 Y112.31 E1147.76841
G0 F9000 X56.873 Y112.31
G1 F1500 X67.251 Y122.688 E1148.25656
G0 F9000 X67.817 Y122.688
G1 F1500 X57.438 Y112.31 E1148.74474
G0 F9000 X58.004 Y112.31
G1 F1500 X68.382 Y122.688 E1149.23288
G0 F9000 X68.948 Y122.688
G1 F1500 X58.57 Y112.31 E1149.72103
G0 F9000 X59.136 Y112.31
G1 F1500 X69.514 Y122.688 E1150.20918
G0 F9000 X70.079 Y122.688
G1 F1500 X59.701 Y112.31 E1150.69733
G0 F9000 X60.267 Y112.31
G1 F1500 X70.645 Y122.688 E1151.18548
G0 F9000 X71.211 Y122.688
G1 F1500 X60.833 Y112.31 E1151.67363
G0 F9000 X61.398 Y112.31
G1 F1500 X71.776 Y122.688 E1152.16178
G0 F9000 X72.342 Y122.688
G1 F1500 X61.964 Y112.31 E1152.64993
G0 F9000 X62.53 Y112.31
G1 F1500 X72.908 Y122.688 E1153.13808
G0 F9000 X73.474 Y122.688
G1 F1500 X63.095 Y112.31 E1153.62625
G0 F9000 X63.661 Y112.31
G1 F1500 X74.039 Y122.688 E1154.1144
G0 F9000 X74.605 Y122.688
G1 F1500 X64.227 Y112.31 E1154.60255
G0 F9000 X64.792 Y112.31
G1 F1500 X75.171 Y122.688 E1155.09072
G0 F9000 X75.736 Y122.688
G1 F1500 X65.358 Y112.31 E1155.57887
G0 F9000 X65.924 Y112.31
G1 F1500 X76.302 Y122.688 E1156.06702
G0 F9000 X76.868 Y122.688
G1 F1500 X66.489 Y112.31 E1156.55519
G0 F9000 X67.055 Y112.31
G1 F1500 X77.433 Y122.688 E1157.04334
G0 F9000 X77.999 Y122.688
G1 F1500 X67.621 Y112.31 E1157.53149
G0 F9000 X68.187 Y112.31
G1 F1500 X78.565 Y122.688 E1158.01964
G0 F9000 X79.13 Y122.688
G1 F1500 X68.752 Y112.31 E1158.50779
G0 F9000 X69.318 Y112.31
G1 F1500 X79.696 Y122.688 E1158.99594
G0 F9000 X80.262 Y122.688
G1 F1500 X69.884 Y112.31 E1159.48409
G0 F9000 X70.449 Y112.31
G1 F1500 X80.827 Y122.688 E1159.97224
G0 F9000 X81.393 Y122.688
G1 F1500 X71.015 Y112.31 E1160.46039
G0 F9000 X71.581 Y112.31
G1 F1500 X81.959 Y122.688 E1160.94854
G0 F9000 X82.525 Y122.688
G1 F1500 X72.146 Y112.31 E1161.43671
G0 F9000 X72.712 Y112.31
G1 F1500 X83.09 Y122.688 E1161.92486
G0 F9000 X83.656 Y122.688
G1 F1500 X73.278 Y112.31 E1162.41301
G0 F9000 X73.843 Y112.31
G1 F1500 X84.222 Y122.688 E1162.90118
G0 F9000 X84.787 Y122.688
G1 F1500 X74.409 Y112.31 E1163.38933
G0 F9000 X74.975 Y112.31
G1 F1500 X85.353 Y122.688 E1163.87748
G0 F9000 X85.919 Y122.688
G1 F1500 X75.54 Y112.31 E1164.36565
G0 F9000 X76.106 Y112.31
G1 F1500 X86.484 Y122.688 E1164.8538
G0 F9000 X87.05 Y122.688
G1 F1500 X76.672 Y112.31 E1165.34195
G0 F9000 X77.237 Y112.31
G1 F1500 X87.616 Y122.688 E1165.83013
G0 F9000 X88.181 Y122.688
G1 F1500 X77.803 Y112.31 E1166.31827
G0 F9000 X78.369 Y112.31
G1 F1500 X88.747 Y122.688 E1166.80642
G0 F9000 X89.313 Y122.688
G1 F1500 X78.935 Y112.31 E1167.29457
G0 F9000 X79.5 Y112.31
G1 F1500 X89.878 Y122.688 E1167.78272
G0 F9000 X90.444 Y122.688
G1 F1500 X80.066 Y112.31 E1168.27087
G0 F9000 X80.632 Y112.31
G1 F1500 X91.01 Y122.688 E1168.75902
G0 F9000 X91.575 Y122.688
G1 F1500 X81.197 Y112.31 E1169.24717
G0 F9000 X81.763 Y112.31
G1 F1500 X92.141 Y122.688 E1169.73532
G0 F9000 X92.707 Y122.688
G1 F1500 X82.329 Y112.31 E1170.22347
G0 F9000 X82.894 Y112.31
G1 F1500 X93.273 Y122.688 E1170.71164
G0 F9000 X93.838 Y122.688
G1 F1500 X83.46 Y112.31 E1171.19979
G0 F9000 X84.026 Y112.31
G1 F1500 X94.404 Y122.688 E1171.68794
G0 F9000 X94.97 Y122.688
G1 F1500 X84.591 Y112.31 E1172.17611
G0 F9000 X85.157 Y112.31
G1 F1500 X95.535 Y122.688 E1172.66426
G0 F9000 X96.101 Y122.688
G1 F1500 X85.723 Y112.31 E1173.15241
G0 F9000 X86.288 Y112.31
G1 F1500 X96.667 Y122.688 E1173.64059
G0 F9000 X97.232 Y122.688
G1 F1500 X86.854 Y112.31 E1174.12873
G0 F9000 X87.42 Y112.31
G1 F1500 X97.798 Y122.688 E1174.61688
G0 F9000 X98.364 Y122.688
G1 F1500 X87.986 Y112.31 E1175.10503
G0 F9000 X88.551 Y112.31
G1 F1500 X98.929 Y122.688 E1175.59318
G0 F9000 X99.495 Y122.688
G1 F1500 X89.117 Y112.31 E1176.08133
G0 F9000 X89.683 Y112.31
G1 F1500 X100.061 Y122.688 E1176.56948
G0 F9000 X100.626 Y122.688
G1 F1500 X90.248 Y112.31 E1177.05763
G0 F9000 X90.814 Y112.31
G1 F1500 X101.192 Y122.688 E1177.54578
G0 F9000 X101.758 Y122.688
G1 F1500 X91.38 Y112.31 E1178.03393
G0 F9000 X91.945 Y112.31
G1 F1500 X102.324 Y122.688 E1178.5221
G0 F9000 X102.889 Y122.688
G1 F1500 X92.511 Y112.31 E1179.01025
G0 F9000 X93.077 Y112.31
G1 F1500 X103.455 Y122.688 E1179.4984
G0 F9000 X104.021 Y122.688
G1 F1500 X93.642 Y112.31 E1179.98657
G0 F9000 X94.208 Y112.31
G1 F1500 X104.586 Y122.688 E1180.47472
G0 F9000 X105.152 Y122.688
G1 F1500 X94.774 Y112.31 E1180.96287
G0 F9000 X95.339 Y112.31
G1 F1500 X105.718 Y122.688 E1181.45104
G0 F9000 X106.283 Y122.688
G1 F1500 X95.905 Y112.31 E1181.93919
G0 F9000 X96.471 Y112.31
G1 F1500 X106.849 Y122.688 E1182.42734
G0 F9000 X107.415 Y122.688
G1 F1500 X97.036 Y112.31 E1182.91552
G0 F9000 X97.602 Y112.31
G1 F1500 X107.98 Y122.688 E1183.40367
G0 F9000 X108.546 Y122.688
G1 F1500 X98.168 Y112.31 E1183.89181
G0 F9000 X98.734 Y112.31
G1 F1500 X109.112 Y122.688 E1184.37996
G0 F9000 X109.677 Y122.688
G1 F1500 X99.299 Y112.31 E1184.86811
G0 F9000 X99.865 Y112.31
G1 F1500 X110.243 Y122.688 E1185.35626
G0 F9000 X110.809 Y122.688
G1 F1500 X100.431 Y112.31 E1185.84441
G0 F9000 X100.996 Y112.31
G1 F1500 X111.374 Y122.688 E1186.33256
G0 F9000 X111.94 Y122.688
G1 F1500 X101.562 Y112.31 E1186.82071
G0 F9000 X102.128 Y112.31
G1 F1500 X112.506 Y122.688 E1187.30886
G0 F9000 X113.072 Y122.688
G1 F1500 X102.693 Y112.31 E1187.79703
G0 F9000 X103.259 Y112.31
G1 F1500 X113.637 Y122.688 E1188.28518
G0 F9000 X114.203 Y122.688
G1 F1500 X103.825 Y112.31 E1188.77333
G0 F9000 X104.39 Y112.31
G1 F1500 X114.769 Y122.688 E1189.2615
G0 F9000 X115.334 Y122.688
G1 F1500 X104.956 Y112.31 E1189.74965
G0 F9000 X105.522 Y112.31
G1 F1500 X115.9 Y122.688 E1190.2378
G0 F9000 X116.466 Y122.688
G1 F1500 X106.087 Y112.31 E1190.72598
G0 F9000 X106.653 Y112.31
G1 F1500 X117.031 Y122.688 E1191.21412
G0 F9000 X117.598 Y122.689
G1 F1500 X107.219 Y112.31 E1191.70232
G0 F9000 X107.784 Y112.31
G1 F1500 X118.163 Y122.689 E1192.19052
G0 F9000 X118.729 Y122.689
G1 F1500 X108.35 Y112.31 E1192.67871
G0 F9000 X108.916 Y112.31
G1 F1500 X119.295 Y122.689 E1193.16691
G0 F9000 X119.86 Y122.689
G1 F1500 X109.482 Y112.31 E1193.65508
G0 F9000 X110.047 Y112.31
G1 F1500 X120.426 Y122.689 E1194.14328
G0 F9000 X120.992 Y122.689
G1 F1500 X110.613 Y112.31 E1194.63148
G0 F9000 X111.179 Y112.31
G1 F1500 X121.558 Y122.689 E1195.11967
G0 F9000 X122.123 Y122.689
G1 F1500 X111.744 Y112.31 E1195.60787
G0 F9000 X112.31 Y112.31
G1 F1500 X122.689 Y122.689 E1196.09606
G0 F9000 X123.255 Y122.689
G1 F1500 X112.876 Y112.31 E1196.58426
G0 F9000 X113.441 Y112.31
G1 F1500 X123.82 Y122.689 E1197.07246
G0 F9000 X124.386 Y122.689
G1 F1500 X114.007 Y112.31 E1197.56065
G0 F9000 X114.573 Y112.31
G1 F1500 X124.952 Y122.689 E1198.04885
G0 F9000 X125.517 Y122.689
G1 F1500 X115.138 Y112.31 E1198.53705
G0 F9000 X115.704 Y112.31
G1 F1500 X126.083 Y122.689 E1199.02524
G0 F9000 X126.649 Y122.689
G1 F1500 X116.27 Y112.31 E1199.51344
G0 F9000 X116.835 Y112.31
G1 F1500 X127.214 Y122.689 E1200.00164
G0 F9000 X127.78 Y122.689
G1 F1500 X117.401 Y112.31 E1200.48983
G0 F9000 X117.967 Y112.31
G1 F1500 X128.346 Y122.689 E1200.97803
G0 F9000 X128.911 Y122.689
G1 F1500 X118.533 Y112.31 E1201.4662
G0 F9000 X119.098 Y112.31
G1 F1500 X129.477 Y122.689 E1201.9544
G0 F9000 X130.043 Y122.689
G1 F1500 X119.664 Y112.31 E1202.44259
G0 F9000 X120.23 Y112.31
G1 F1500 X130.608 Y122.689 E1202.93077
G0 F9000 X131.174 Y122.689
G1 F1500 X120.795 Y112.31 E1203.41896
G0 F9000 X121.361 Y112.31
G1 F1500 X131.74 Y122.689 E1203.90716
G0 F9000 X132.306 Y122.689
G1 F1500 X121.927 Y112.31 E1204.39536
G0 F9000 X122.492 Y112.31
G1 F1500 X132.871 Y122.689 E1204.88355
G0 F9000 X133.437 Y122.689
G1 F1500 X123.058 Y112.31 E1205.37175
G0 F9000 X123.624 Y112.31
G1 F1500 X134.003 Y122.689 E1205.85994
G0 F9000 X134.568 Y122.689
G1 F1500 X124.189 Y112.31 E1206.34814
G0 F9000 X124.755 Y112.31
G1 F1500 X135.134 Y122.689 E1206.83634
G0 F9000 X135.7 Y122.689
G1 F1500 X125.321 Y112.31 E1207.32453
G0 F9000 X125.886 Y112.31
G1 F1500 X136.265 Y122.689 E1207.81273
G0 F9000 X136.831 Y122.689
G1 F1500 X126.452 Y112.31 E1208.30093
G0 F9000 X127.018 Y112.31
G1 F1500 X137.397 Y122.689 E1208.78912
G0 F9000 X137.962 Y122.689
G1 F1500 X127.583 Y112.31 E1209.27732
G0 F9000 X128.149 Y112.31
G1 F1500 X138.528 Y122.689 E1209.76551
G0 F9000 X139.094 Y122.689
G1 F1500 X128.715 Y112.31 E1210.25371
G0 F9000 X129.281 Y112.31
G1 F1500 X139.659 Y122.689 E1210.74188
G0 F9000 X140.225 Y122.689
G1 F1500 X129.846 Y112.31 E1211.23008
G0 F9000 X130.412 Y112.31
G1 F1500 X140.791 Y122.689 E1211.71828
G0 F9000 X141.357 Y122.689
G1 F1500 X130.978 Y112.31 E1212.20647
G0 F9000 X131.543 Y112.31
G1 F1500 X141.922 Y122.689 E1212.69467
G0 F9000 X142.488 Y122.689
G1 F1500 X132.109 Y112.31 E1213.18287
G0 F9000 X132.675 Y112.31
G1 F1500 X143.054 Y122.689 E1213.67106
G0 F9000 X143.619 Y122.689
G1 F1500 X133.24 Y112.31 E1214.15926
G0 F9000 X133.806 Y112.31
G1 F1500 X144.185 Y122.689 E1214.64745
G0 F9000 X144.751 Y122.689
G1 F1500 X134.372 Y112.31 E1215.13565
G0 F9000 X134.937 Y112.31
G1 F1500 X145.316 Y122.689 E1215.62385
G0 F9000 X145.882 Y122.689
G1 F1500 X135.503 Y112.31 E1216.11204
G0 F9000 X136.069 Y112.31
G1 F1500 X146.448 Y122.689 E1216.60024
G0 F9000 X147.013 Y122.689
G1 F1500 X136.634 Y112.31 E1217.08844
G0 F9000 X137.2 Y112.31
G1 F1500 X147.579 Y122.689 E1217.57663
G0 F9000 X148.145 Y122.689
G1 F1500 X137.766 Y112.31 E1218.06483
G0 F9000 X138.332 Y112.31
G1 F1500 X148.71 Y122.689 E1218.553
G0 F9000 X149.276 Y122.689
G1 F1500 X138.897 Y112.31 E1219.0412
G0 F9000 X139.463 Y112.31
G1 F1500 X149.842 Y122.689 E1219.52939
G0 F9000 X150.407 Y122.689
G1 F1500 X140.029 Y112.31 E1220.01757
G0 F9000 X140.594 Y112.31
G1 F1500 X150.973 Y122.689 E1220.50576
G0 F9000 X151.539 Y122.689
G1 F1500 X141.16 Y112.31 E1220.99396
G0 F9000 X141.726 Y112.31
G1 F1500 X152.105 Y122.689 E1221.48216
G0 F9000 X152.67 Y122.689
G1 F1500 X142.291 Y112.31 E1221.97035
G0 F9000 X142.857 Y112.31
G1 F1500 X153.236 Y122.689 E1222.45855
G0 F9000 X153.802 Y122.689
G1 F1500 X143.423 Y112.31 E1222.94675
G0 F9000 X143.988 Y112.31
G1 F1500 X154.367 Y122.689 E1223.43494
G0 F9000 X154.933 Y122.689
G1 F1500 X144.554 Y112.31 E1223.92314
G0 F9000 X145.12 Y112.31
G1 F1500 X155.499 Y122.689 E1224.41133
G0 F9000 X156.064 Y122.689
G1 F1500 X145.685 Y112.31 E1224.89953
G0 F9000 X146.251 Y112.31
G1 F1500 X156.63 Y122.689 E1225.38773
G0 F9000 X157.196 Y122.689
G1 F1500 X146.817 Y112.31 E1225.87592
G0 F9000 X147.382 Y112.31
G1 F1500 X157.761 Y122.689 E1226.36412
G0 F9000 X158.327 Y122.689
G1 F1500 X147.948 Y112.31 E1226.85232
G0 F9000 X148.514 Y112.31
G1 F1500 X158.893 Y122.689 E1227.34051
G0 F9000 X159.458 Y122.689
G1 F1500 X149.08 Y112.31 E1227.82869
G0 F9000 X149.645 Y112.31
G1 F1500 X160.024 Y122.689 E1228.31688
G0 F9000 X160.59 Y122.689
G1 F1500 X150.211 Y112.31 E1228.80508
G0 F9000 X150.777 Y112.31
G1 F1500 X161.155 Y122.689 E1229.29325
G0 F9000 X161.721 Y122.689
G1 F1500 X151.342 Y112.31 E1229.78145
G0 F9000 X151.908 Y112.31
G1 F1500 X162.287 Y122.689 E1230.26964
G0 F9000 X162.853 Y122.689
G1 F1500 X152.474 Y112.31 E1230.75784
G0 F9000 X153.039 Y112.31
G1 F1500 X163.418 Y122.689 E1231.24604
G0 F9000 X163.984 Y122.689
G1 F1500 X153.605 Y112.31 E1231.73423
G0 F9000 X154.171 Y112.31
G1 F1500 X164.55 Y122.689 E1232.22243
G0 F9000 X165.115 Y122.689
G1 F1500 X154.736 Y112.31 E1232.71063
G0 F9000 X155.302 Y112.31
G1 F1500 X165.681 Y122.689 E1233.19882
G0 F9000 X166.247 Y122.689
G1 F1500 X155.868 Y112.31 E1233.68702
G0 F9000 X156.433 Y112.31
G1 F1500 X166.812 Y122.689 E1234.17521
G0 F9000 X167.378 Y122.689
G1 F1500 X156.999 Y112.31 E1234.66341
G0 F9000 X157.565 Y112.31
G1 F1500 X167.944 Y122.689 E1235.15161
G0 F9000 X168.509 Y122.689
G1 F1500 X158.13 Y112.31 E1235.6398
G0 F9000 X158.696 Y112.31
G1 F1500 X169.075 Y122.689 E1236.128
G0 F9000 X169.641 Y122.689
G1 F1500 X159.262 Y112.31 E1236.6162
G0 F9000 X159.828 Y112.31
G1 F1500 X170.206 Y122.689 E1237.10437
G0 F9000 X170.772 Y122.689
G1 F1500 X160.393 Y112.31 E1237.59257
G0 F9000 X160.959 Y112.31
G1 F1500 X171.338 Y122.689 E1238.08076
G0 F9000 X171.904 Y122.689
G1 F1500 X161.525 Y112.31 E1238.56896
G0 F9000 X162.09 Y112.31
G1 F1500 X172.469 Y122.689 E1239.05715
G0 F9000 X173.035 Y122.689
G1 F1500 X162.656 Y112.31 E1239.54535
G0 F9000 X163.222 Y112.31
G1 F1500 X173.601 Y122.689 E1240.03355
G0 F9000 X174.166 Y122.689
G1 F1500 X163.787 Y112.31 E1240.52174
G0 F9000 X164.353 Y112.31
G1 F1500 X174.732 Y122.689 E1241.00994
G0 F9000 X175.298 Y122.689
G1 F1500 X164.919 Y112.31 E1241.49814
G0 F9000 X165.484 Y112.31
G1 F1500 X175.863 Y122.689 E1241.98633
G0 F9000 X176.429 Y122.689
G1 F1500 X166.05 Y112.31 E1242.47453
G0 F9000 X166.616 Y112.31
G1 F1500 X176.995 Y122.689 E1242.96272
G0 F9000 X177.56 Y122.689
G1 F1500 X167.181 Y112.31 E1243.45092
G0 F9000 X167.747 Y112.31
G1 F1500 X178.126 Y122.689 E1243.93912
G0 F9000 X178.692 Y122.689
G1 F1500 X168.313 Y112.31 E1244.42731
G0 F9000 X168.879 Y112.31
G1 F1500 X179.257 Y122.689 E1244.91549
G0 F9000 X179.823 Y122.689
G1 F1500 X169.444 Y112.31 E1245.40368
G0 F9000 X170.01 Y112.31
G1 F1500 X179.839 Y122.139 E1245.86601
G0 F9000 X179.839 Y121.574
G1 F1500 X170.576 Y112.31 E1246.30174
G0 F9000 X171.141 Y112.31
G1 F1500 X179.839 Y121.008 E1246.71086
G0 F9000 X179.839 Y120.442
G1 F1500 X171.707 Y112.31 E1247.09337
G0 F9000 X172.273 Y112.31
G1 F1500 X179.839 Y119.877 E1247.44927
G0 F9000 X179.839 Y119.311
G1 F1500 X172.838 Y112.31 E1247.77858
G0 F9000 X173.404 Y112.31
G1 F1500 X179.839 Y118.745 E1248.08126
G0 F9000 X179.839 Y118.18
G1 F1500 X173.97 Y112.31 E1248.35734
G0 F9000 X174.535 Y112.31
G1 F1500 X179.839 Y117.614 E1248.60683
G0 F9000 X179.839 Y117.048
G1 F1500 X175.101 Y112.31 E1248.82969
G0 F9000 X175.667 Y112.31
G1 F1500 X179.839 Y116.483 E1249.02595
G0 F9000 X179.839 Y115.917
G1 F1500 X176.232 Y112.31 E1249.19561
G0 F9000 X176.798 Y112.31
G1 F1500 X179.839 Y115.351 E1249.33865
G0 F9000 X179.839 Y114.786
G1 F1500 X177.364 Y112.31 E1249.45509
G0 F9000 X177.929 Y112.31
G1 F1500 X179.839 Y114.22 E1249.54493
G0 F9000 X179.839 Y113.654
G1 F1500 X178.495 Y112.31 E1249.60815
G0 F9000 X179.061 Y112.31
G1 F1500 X179.839 Y113.089 E1249.64477
G0 F9000 X179.839 Y112.523
G1 F1500 X179.627 Y112.31 E1249.65476
G1 F2700 E1244.65476
;MESH:NONMESH
G0 F300 X179.627 Y112.31 Z2
G0 F9000 X179.627 Y111.85
G0 X180.228 Y111.922
G0 X180.228 Y123.078
G0 X54.6 Y123.25
;TIME_ELAPSED:1774.628288
;LAYER:9
;TYPE:WALL-INNER
;MESH:D790-17 Thermoplastic Specimen.STL
G1 F2700 E1249.65476
G1 F1500 X180.4 Y123.25 E1253.83889
G1 X180.4 Y117.5 E1254.03013
G1 X180.4 Y111.75 E1254.22138
G1 X54.6 Y111.75 E1258.40551
G1 X54.6 Y123.25 E1258.788
G1 F2700 E1253.788
G0 F9000 X54.47 Y111.62
G1 F2700 E1258.788
G0 F9000 X54.2 Y111.35
;TYPE:WALL-OUTER
G1 F1500 X180.8 Y111.35 E1262.99873
G1 X180.8 Y117.5 E1263.20328
G1 X180.8 Y123.65 E1263.40783
G1 X54.2 Y123.65 E1267.61856
G1 X54.2 Y111.35 E1268.02766
G0 F9000 X54.47 Y111.62
G0 X54.7 Y112.11
G0 X54.96 Y112.11
;TYPE:SKIN
G1 F1500 X180.04 Y112.11 E1272.18784
G1 X180.04 Y117.5 E1272.36711
G1 X180.04 Y122.89 E1272.54638
G1 X54.96 Y122.89 E1276.70656
G1 X54.96 Y112.11 E1277.06511
G0 F9000 X55.159 Y112.848
G1 F1500 X55.698 Y112.309 E1277.09046
G0 F9000 X56.264 Y112.309
G1 F1500 X55.159 Y113.414 E1277.14243
G0 F9000 X55.159 Y113.979
G1 F1500 X56.83 Y112.309 E1277.22101
G0 F9000 X57.395 Y112.309
G1 F1500 X55.159 Y114.545 E1277.32618
G0 F9000 X55.159 Y115.111
G1 F1500 X57.961 Y112.309 E1277.45798
G0 F9000 X58.527 Y112.309
G1 F1500 X55.159 Y115.677 E1277.6164
G0 F9000 X55.159 Y116.242
G1 F1500 X59.092 Y112.309 E1277.8014
G0 F9000 X59.658 Y112.309
G1 F1500 X55.159 Y116.808 E1278.01302
G0 F9000 X55.159 Y117.374
G1 F1500 X60.224 Y112.309 E1278.25126
G0 F9000 X60.789 Y112.309
G1 F1500 X55.159 Y117.939 E1278.51608
G0 F9000 X55.159 Y118.505
G1 F1500 X61.355 Y112.309 E1278.80752
G0 F9000 X61.921 Y112.309
G1 F1500 X55.159 Y119.071 E1279.12558
G0 F9000 X55.159 Y119.636
G1 F1500 X62.487 Y112.309 E1279.47025
G0 F9000 X63.052 Y112.309
G1 F1500 X55.159 Y120.202 E1279.84151
G0 F9000 X55.159 Y120.768
G1 F1500 X63.618 Y112.309 E1280.23939
G0 F9000 X64.184 Y112.309
G1 F1500 X55.159 Y121.333 E1280.66388
G0 F9000 X55.159 Y121.899
G1 F1500 X64.749 Y112.309 E1281.11496
G0 F9000 X65.315 Y112.309
G1 F1500 X55.159 Y122.465 E1281.59267
G0 F9000 X55.501 Y122.689
G1 F1500 X65.881 Y112.309 E1282.08091
G0 F9000 X66.446 Y112.309
G1 F1500 X56.067 Y122.689 E1282.56913
G0 F9000 X56.632 Y122.689
G1 F1500 X67.012 Y112.309 E1283.05738
G0 F9000 X67.578 Y112.309
G1 F1500 X57.198 Y122.689 E1283.54562
G0 F9000 X57.764 Y122.689
G1 F1500 X68.143 Y112.309 E1284.03384
G0 F9000 X68.709 Y112.309
G1 F1500 X58.329 Y122.689 E1284.52208
G0 F9000 X58.895 Y122.689
G1 F1500 X69.275 Y112.309 E1285.01033
G0 F9000 X69.84 Y112.309
G1 F1500 X59.461 Y122.689 E1285.49855
G0 F9000 X60.027 Y122.689
G1 F1500 X70.406 Y112.309 E1285.98677
G0 F9000 X70.972 Y112.309
G1 F1500 X60.592 Y122.689 E1286.47501
G0 F9000 X61.158 Y122.689
G1 F1500 X71.537 Y112.309 E1286.96323
G0 F9000 X72.103 Y112.309
G1 F1500 X61.724 Y122.689 E1287.45145
G0 F9000 X62.289 Y122.689
G1 F1500 X72.669 Y112.309 E1287.93969
G0 F9000 X73.235 Y112.309
G1 F1500 X62.855 Y122.689 E1288.42794
G0 F9000 X63.421 Y122.689
G1 F1500 X73.8 Y112.309 E1288.91616
G0 F9000 X74.366 Y112.309
G1 F1500 X63.986 Y122.689 E1289.4044
G0 F9000 X64.552 Y122.689
G1 F1500 X74.932 Y112.309 E1289.89264
G0 F9000 X75.497 Y112.309
G1 F1500 X65.118 Y122.689 E1290.38086
G0 F9000 X65.683 Y122.689
G1 F1500 X76.063 Y112.309 E1290.86911
G0 F9000 X76.629 Y112.309
G1 F1500 X66.249 Y122.689 E1291.35735
G0 F9000 X66.815 Y122.689
G1 F1500 X77.194 Y112.309 E1291.84557
G0 F9000 X77.76 Y112.309
G1 F1500 X67.38 Y122.689 E1292.33381
G0 F9000 X67.946 Y122.689
G1 F1500 X78.326 Y112.309 E1292.82206
G0 F9000 X78.891 Y112.309
G1 F1500 X68.512 Y122.689 E1293.31028
G0 F9000 X69.077 Y122.689
G1 F1500 X79.457 Y112.309 E1293.79852
G0 F9000 X80.023 Y112.309
G1 F1500 X69.643 Y122.689 E1294.28676
G0 F9000 X70.209 Y122.689
G1 F1500 X80.588 Y112.309 E1294.77498
G0 F9000 X81.154 Y112.309
G1 F1500 X70.775 Y122.689 E1295.2632
G0 F9000 X71.34 Y122.689
G1 F1500 X81.72 Y112.309 E1295.75145
G0 F9000 X82.286 Y112.309
G1 F1500 X71.906 Y122.689 E1296.23969
G0 F9000 X72.472 Y122.689
G1 F1500 X82.851 Y112.309 E1296.72791
G0 F9000 X83.417 Y112.309
G1 F1500 X73.037 Y122.689 E1297.21615
G0 F9000 X73.603 Y122.689
G1 F1500 X83.983 Y112.309 E1297.7044
G0 F9000 X84.548 Y112.309
G1 F1500 X74.169 Y122.689 E1298.19262
G0 F9000 X74.734 Y122.689
G1 F1500 X85.114 Y112.309 E1298.68086
G0 F9000 X85.68 Y112.309
G1 F1500 X75.3 Y122.689 E1299.1691
G0 F9000 X75.866 Y122.689
G1 F1500 X86.245 Y112.309 E1299.65732
G0 F9000 X86.811 Y112.309
G1 F1500 X76.431 Y122.689 E1300.14557
G0 F9000 X76.997 Y122.689
G1 F1500 X87.377 Y112.309 E1300.63381
G0 F9000 X87.942 Y112.309
G1 F1500 X77.563 Y122.689 E1301.12203
G0 F9000 X78.128 Y122.689
G1 F1500 X88.508 Y112.309 E1301.61027
G0 F9000 X89.074 Y112.309
G1 F1500 X78.694 Y122.689 E1302.09852
G0 F9000 X79.26 Y122.689
G1 F1500 X89.639 Y112.309 E1302.58673
G0 F9000 X90.205 Y112.309
G1 F1500 X79.825 Y122.689 E1303.07498
G0 F9000 X80.391 Y122.689
G1 F1500 X90.771 Y112.309 E1303.56322
G0 F9000 X91.336 Y112.309
G1 F1500 X80.957 Y122.689 E1304.05144
G0 F9000 X81.523 Y122.689
G1 F1500 X91.902 Y112.309 E1304.53966
G0 F9000 X92.468 Y112.309
G1 F1500 X82.088 Y122.689 E1305.0279
G0 F9000 X82.654 Y122.689
G1 F1500 X93.034 Y112.309 E1305.51615
G0 F9000 X93.599 Y112.309
G1 F1500 X83.22 Y122.689 E1306.00437
G0 F9000 X83.785 Y122.689
G1 F1500 X94.165 Y112.309 E1306.49261
G0 F9000 X94.731 Y112.309
G1 F1500 X84.351 Y122.689 E1306.98085
G0 F9000 X84.917 Y122.689
G1 F1500 X95.296 Y112.309 E1307.46907
G0 F9000 X95.862 Y112.309
G1 F1500 X85.482 Y122.689 E1307.95732
G0 F9000 X86.048 Y122.689
G1 F1500 X96.428 Y112.309 E1308.44556
G0 F9000 X96.993 Y112.309
G1 F1500 X86.614 Y122.689 E1308.93378
G0 F9000 X87.179 Y122.689
G1 F1500 X97.559 Y112.309 E1309.42202
G0 F9000 X98.125 Y112.309
G1 F1500 X87.745 Y122.689 E1309.91027
G0 F9000 X88.311 Y122.689
G1 F1500 X98.69 Y112.309 E1310.39849
G0 F9000 X99.256 Y112.309
G1 F1500 X88.876 Y122.689 E1310.88673
G0 F9000 X89.442 Y122.689
G1 F1500 X99.822 Y112.309 E1311.37497
G0 F9000 X100.387 Y112.309
G1 F1500 X90.008 Y122.689 E1311.86319
G0 F9000 X90.574 Y122.689
G1 F1500 X100.953 Y112.309 E1312.35141
G0 F9000 X101.519 Y112.309
G1 F1500 X91.139 Y122.689 E1312.83966
G0 F9000 X91.705 Y122.689
G1 F1500 X102.085 Y112.309 E1313.3279
G0 F9000 X102.65 Y112.309
G1 F1500 X92.271 Y122.689 E1313.81612
G0 F9000 X92.836 Y122.689
G1 F1500 X103.216 Y112.309 E1314.30436
G0 F9000 X103.782 Y112.309
G1 F1500 X93.402 Y122.689 E1314.79261
G0 F9000 X93.968 Y122.689
G1 F1500 X104.347 Y112.309 E1315.28083
G0 F9000 X104.913 Y112.309
G1 F1500 X94.533 Y122.689 E1315.76907
G0 F9000 X95.099 Y122.689
G1 F1500 X105.479 Y112.309 E1316.25731
G0 F9000 X106.044 Y112.309
G1 F1500 X95.665 Y122.689 E1316.74553
G0 F9000 X96.23 Y122.689
G1 F1500 X106.61 Y112.309 E1317.23378
G0 F9000 X107.176 Y112.309
G1 F1500 X96.796 Y122.689 E1317.72202
G0 F9000 X97.362 Y122.689
G1 F1500 X107.741 Y112.309 E1318.21024
G0 F9000 X108.307 Y112.309
G1 F1500 X97.927 Y122.689 E1318.69848
G0 F9000 X98.493 Y122.689
G1 F1500 X108.873 Y112.309 E1319.18673
G0 F9000 X109.438 Y112.309
G1 F1500 X99.059 Y122.689 E1319.67495
G0 F9000 X99.624 Y122.689
G1 F1500 X110.004 Y112.309 E1320.16319
G0 F9000 X110.57 Y112.309
G1 F1500 X100.19 Y122.689 E1320.65143
G0 F9000 X100.756 Y122.689
G1 F1500 X111.135 Y112.309 E1321.13965
G0 F9000 X111.701 Y112.309
G1 F1500 X101.322 Y122.689 E1321.62787
G0 F9000 X101.887 Y122.689
G1 F1500 X112.267 Y112.309 E1322.11612
G0 F9000 X112.833 Y112.309
G1 F1500 X102.453 Y122.689 E1322.60436
G0 F9000 X103.019 Y122.689
G1 F1500 X113.398 Y112.309 E1323.09258
G0 F9000 X113.964 Y112.309
G1 F1500 X103.584 Y122.689 E1323.58082
G0 F9000 X104.15 Y122.689
G1 F1500 X114.53 Y112.309 E1324.06907
G0 F9000 X115.095 Y112.309
G1 F1500 X104.716 Y122.689 E1324.55729
G0 F9000 X105.281 Y122.689
G1 F1500 X115.661 Y112.309 E1325.04553
G0 F9000 X116.227 Y112.309
G1 F1500 X105.847 Y122.689 E1325.53377
G0 F9000 X106.413 Y122.689
G1 F1500 X116.792 Y112.309 E1326.02199
G0 F9000 X117.358 Y112.309
G1 F1500 X106.978 Y122.689 E1326.51024
G0 F9000 X107.544 Y122.689
G1 F1500 X117.924 Y112.309 E1326.99848
G0 F9000 X118.489 Y112.309
G1 F1500 X108.11 Y122.689 E1327.4867
G0 F9000 X108.675 Y122.689
G1 F1500 X119.055 Y112.309 E1327.97494
G0 F9000 X119.621 Y112.309
G1 F1500 X109.241 Y122.689 E1328.46319
G0 F9000 X109.807 Y122.689
G1 F1500 X120.186 Y112.309 E1328.95141
G0 F9000 X120.752 Y112.309
G1 F1500 X110.373 Y122.689 E1329.43963
G0 F9000 X110.938 Y122.689
G1 F1500 X121.318 Y112.309 E1329.92787
G0 F9000 X121.883 Y112.309
G1 F1500 X111.504 Y122.689 E1330.41609
G0 F9000 X112.07 Y122.689
G1 F1500 X122.449 Y112.309 E1330.90431
G0 F9000 X123.015 Y112.309
G1 F1500 X112.635 Y122.689 E1331.39255
G0 F9000 X113.201 Y122.689
G1 F1500 X123.581 Y112.309 E1331.8808
G0 F9000 X124.146 Y112.309
G1 F1500 X113.767 Y122.689 E1332.36902
G0 F9000 X114.332 Y122.689
G1 F1500 X124.712 Y112.309 E1332.85726
G0 F9000 X125.278 Y112.309
G1 F1500 X114.898 Y122.689 E1333.3455
G0 F9000 X115.464 Y122.689
G1 F1500 X125.843 Y112.309 E1333.83372
G0 F9000 X126.409 Y112.309
G1 F1500 X116.029 Y122.689 E1334.32197
G0 F9000 X116.595 Y122.689
G1 F1500 X126.975 Y112.309 E1334.81021
G0 F9000 X127.54 Y112.309
G1 F1500 X117.161 Y122.689 E1335.29843
G0 F9000 X117.726 Y122.69
G1 F1500 X128.106 Y112.309 E1335.7867
G0 F9000 X128.672 Y112.309
G1 F1500 X118.291 Y122.69 E1336.27499
G0 F9000 X118.857 Y122.69
G1 F1500 X129.237 Y112.309 E1336.76325
G0 F9000 X129.803 Y112.309
G1 F1500 X119.423 Y122.69 E1337.25152
G0 F9000 X119.988 Y122.69
G1 F1500 X130.369 Y112.309 E1337.73981
G0 F9000 X130.934 Y112.309
G1 F1500 X120.554 Y122.69 E1338.22808
G0 F9000 X121.12 Y122.69
G1 F1500 X131.5 Y112.309 E1338.71634
G0 F9000 X132.066 Y112.309
G1 F1500 X121.686 Y122.69 E1339.20461
G0 F9000 X122.251 Y122.69
G1 F1500 X132.632 Y112.309 E1339.6929
G0 F9000 X133.197 Y112.309
G1 F1500 X122.817 Y122.69 E1340.18117
G0 F9000 X123.383 Y122.69
G1 F1500 X133.763 Y112.309 E1340.66944
G0 F9000 X134.329 Y112.309
G1 F1500 X123.948 Y122.69 E1341.15773
G0 F9000 X124.514 Y122.69
G1 F1500 X134.894 Y112.309 E1341.64599
G0 F9000 X135.46 Y112.309
G1 F1500 X125.08 Y122.69 E1342.13426
G0 F9000 X125.645 Y122.69
G1 F1500 X136.026 Y112.309 E1342.62255
G0 F9000 X136.591 Y112.309
G1 F1500 X126.211 Y122.69 E1343.11082
G0 F9000 X126.777 Y122.69
G1 F1500 X137.157 Y112.309 E1343.59908
G0 F9000 X137.723 Y112.309
G1 F1500 X127.342 Y122.69 E1344.08737
G0 F9000 X127.908 Y122.69
G1 F1500 X138.288 Y112.309 E1344.57564
G0 F9000 X138.854 Y112.309
G1 F1500 X128.474 Y122.69 E1345.06391
G0 F9000 X129.039 Y122.69
G1 F1500 X139.42 Y112.309 E1345.5522
G0 F9000 X139.985 Y112.309
G1 F1500 X129.605 Y122.69 E1346.04047
G0 F9000 X130.171 Y122.69
G1 F1500 X140.551 Y112.309 E1346.52873
G0 F9000 X141.117 Y112.309
G1 F1500 X130.736 Y122.69 E1347.01702
G0 F9000 X131.302 Y122.69
G1 F1500 X141.682 Y112.309 E1347.50529
G0 F9000 X142.248 Y112.309
G1 F1500 X131.868 Y122.69 E1347.99356
G0 F9000 X132.434 Y122.69
G1 F1500 X142.814 Y112.309 E1348.48182
G0 F9000 X143.38 Y112.309
G1 F1500 X132.999 Y122.69 E1348.97011
G0 F9000 X133.565 Y122.69
G1 F1500 X143.945 Y112.309 E1349.45838
G0 F9000 X144.511 Y112.309
G1 F1500 X134.131 Y122.69 E1349.94665
G0 F9000 X134.696 Y122.69
G1 F1500 X145.077 Y112.309 E1350.43494
G0 F9000 X145.642 Y112.309
G1 F1500 X135.262 Y122.69 E1350.92321
G0 F9000 X135.828 Y122.69
G1 F1500 X146.208 Y112.309 E1351.41147
G0 F9000 X146.774 Y112.309
G1 F1500 X136.393 Y122.69 E1351.89976
G0 F9000 X136.959 Y122.69
G1 F1500 X147.339 Y112.309 E1352.38803
G0 F9000 X147.905 Y112.309
G1 F1500 X137.525 Y122.69 E1352.8763
G0 F9000 X138.09 Y122.69
G1 F1500 X148.471 Y112.309 E1353.36459
G0 F9000 X149.036 Y112.309
G1 F1500 X138.656 Y122.69 E1353.85285
G0 F9000 X139.222 Y122.69
G1 F1500 X149.602 Y112.309 E1354.34112
G0 F9000 X150.168 Y112.309
G1 F1500 X139.787 Y122.69 E1354.82941
G0 F9000 X140.353 Y122.69
G1 F1500 X150.733 Y112.309 E1355.31768
G0 F9000 X151.299 Y112.309
G1 F1500 X140.919 Y122.69 E1355.80594
G0 F9000 X141.484 Y122.69
G1 F1500 X151.865 Y112.309 E1356.29424
G0 F9000 X152.431 Y112.309
G1 F1500 X142.05 Y122.69 E1356.78253
G0 F9000 X142.616 Y122.69
G1 F1500 X152.996 Y112.309 E1357.27079
G0 F9000 X153.562 Y112.309
G1 F1500 X143.182 Y122.69 E1357.75906
G0 F9000 X143.747 Y122.69
G1 F1500 X154.128 Y112.309 E1358.24735
G0 F9000 X154.693 Y112.309
G1 F1500 X144.313 Y122.69 E1358.73562
G0 F9000 X144.879 Y122.69
G1 F1500 X155.259 Y112.309 E1359.22388
G0 F9000 X155.825 Y112.309
G1 F1500 X145.444 Y122.69 E1359.71217
G0 F9000 X146.01 Y122.69
G1 F1500 X156.39 Y112.309 E1360.20044
G0 F9000 X156.956 Y112.309
G1 F1500 X146.576 Y122.69 E1360.68871
G0 F9000 X147.141 Y122.69
G1 F1500 X157.522 Y112.309 E1361.177
G0 F9000 X158.087 Y112.309
G1 F1500 X147.707 Y122.69 E1361.66527
G0 F9000 X148.273 Y122.69
G1 F1500 X158.653 Y112.309 E1362.15353
G0 F9000 X159.219 Y112.309
G1 F1500 X148.838 Y122.69 E1362.64182
G0 F9000 X149.404 Y122.69
G1 F1500 X159.784 Y112.309 E1363.13009
G0 F9000 X160.35 Y112.309
G1 F1500 X149.97 Y122.69 E1363.61836
G0 F9000 X150.535 Y122.69
G1 F1500 X160.916 Y112.309 E1364.10665
G0 F9000 X161.481 Y112.309
G1 F1500 X151.101 Y122.69 E1364.59491
G0 F9000 X151.667 Y122.69
G1 F1500 X162.047 Y112.309 E1365.08318
G0 F9000 X162.613 Y112.309
G1 F1500 X152.233 Y122.69 E1365.57145
G0 F9000 X152.798 Y122.69
G1 F1500 X163.179 Y112.309 E1366.05974
G0 F9000 X163.744 Y112.309
G1 F1500 X153.364 Y122.69 E1366.548
G0 F9000 X153.93 Y122.69
G1 F1500 X164.31 Y112.309 E1367.03627
G0 F9000 X164.876 Y112.309
G1 F1500 X154.495 Y122.69 E1367.52456
G0 F9000 X155.061 Y122.69
G1 F1500 X165.441 Y112.309 E1368.01283
G0 F9000 X166.007 Y112.309
G1 F1500 X155.627 Y122.69 E1368.5011
G0 F9000 X156.192 Y122.69
G1 F1500 X166.573 Y112.309 E1368.98939
G0 F9000 X167.138 Y112.309
G1 F1500 X156.758 Y122.69 E1369.47765
G0 F9000 X157.324 Y122.69
G1 F1500 X167.704 Y112.309 E1369.96592
G0 F9000 X168.27 Y112.309
G1 F1500 X157.889 Y122.69 E1370.45421
G0 F9000 X158.455 Y122.69
G1 F1500 X168.835 Y112.309 E1370.94248
G0 F9000 X169.401 Y112.309
G1 F1500 X159.021 Y122.69 E1371.43074
G0 F9000 X159.586 Y122.69
G1 F1500 X169.967 Y112.309 E1371.91903
G0 F9000 X170.532 Y112.309
G1 F1500 X160.152 Y122.69 E1372.4073
G0 F9000 X160.718 Y122.69
G1 F1500 X171.098 Y112.309 E1372.89557
G0 F9000 X171.664 Y112.309
G1 F1500 X161.283 Y122.69 E1373.38386
G0 F9000 X161.849 Y122.69
G1 F1500 X172.229 Y112.309 E1373.87213
G0 F9000 X172.795 Y112.309
G1 F1500 X162.415 Y122.69 E1374.36039
G0 F9000 X162.981 Y122.69
G1 F1500 X173.361 Y112.309 E1374.84866
G0 F9000 X173.927 Y112.309
G1 F1500 X163.546 Y122.69 E1375.33695
G0 F9000 X164.112 Y122.69
G1 F1500 X174.492 Y112.309 E1375.82522
G0 F9000 X175.058 Y112.309
G1 F1500 X164.678 Y122.69 E1376.31348
G0 F9000 X165.243 Y122.69
G1 F1500 X175.624 Y112.309 E1376.80177
G0 F9000 X176.189 Y112.309
G1 F1500 X165.809 Y122.69 E1377.29004
G0 F9000 X166.375 Y122.69
G1 F1500 X176.755 Y112.309 E1377.77831
G0 F9000 X177.321 Y112.309
G1 F1500 X166.94 Y122.69 E1378.2666
G0 F9000 X167.506 Y122.69
G1 F1500 X177.886 Y112.309 E1378.75487
G0 F9000 X178.452 Y112.309
G1 F1500 X168.072 Y122.69 E1379.24313
G0 F9000 X168.637 Y122.69
G1 F1500 X179.018 Y112.309 E1379.73142
G0 F9000 X179.583 Y112.309
G1 F1500 X169.203 Y122.69 E1380.21969
G0 F9000 X169.769 Y122.69
G1 F1500 X179.839 Y112.62 E1380.69335
G0 F9000 X179.839 Y113.185
G1 F1500 X170.334 Y122.69 E1381.14044
G0 F9000 X170.9 Y122.69
G1 F1500 X179.839 Y113.751 E1381.5609
G0 F9000 X179.839 Y114.317
G1 F1500 X171.466 Y122.69 E1381.95474
G0 F9000 X172.032 Y122.69
G1 F1500 X179.839 Y114.882 E1382.32198
G0 F9000 X179.839 Y115.448
G1 F1500 X172.597 Y122.69 E1382.66262
G0 F9000 X173.163 Y122.69
G1 F1500 X179.839 Y116.014 E1382.97664
G0 F9000 X179.839 Y116.579
G1 F1500 X173.729 Y122.69 E1383.26406
G0 F9000 X174.294 Y122.69
G1 F1500 X179.839 Y117.145 E1383.52488
G0 F9000 X179.839 Y117.711
G1 F1500 X174.86 Y122.69 E1383.75908
G0 F9000 X175.426 Y122.69
G1 F1500 X179.839 Y118.277 E1383.96665
G0 F9000 X179.839 Y118.842
G1 F1500 X175.991 Y122.69 E1384.14765
G0 F9000 X176.557 Y122.69
G1 F1500 X179.839 Y119.408 E1384.30203
G0 F9000 X179.839 Y119.974
G1 F1500 X177.123 Y122.69 E1384.42978
G0 F9000 X177.688 Y122.69
G1 F1500 X179.839 Y120.539 E1384.53095
G0 F9000 X179.839 Y121.105
G1 F1500 X178.254 Y122.69 E1384.60551
G0 F9000 X178.82 Y122.69
G1 F1500 X179.839 Y121.671 E1384.65344
G0 F9000 X179.839 Y122.236
G1 F1500 X179.385 Y122.69 E1384.67479
G1 F2700 E1379.67479
;MESH:NONMESH
G0 F300 X179.385 Y122.69 Z2.2
G0 F9000 X179.385 Y123.15
G0 X180.228 Y123.078
G0 X180.228 Y111.922
G0 X54.6 Y111.75
;TIME_ELAPSED:1959.205843
;LAYER:10
;TYPE:WALL-INNER
;MESH:D790-17 Thermoplastic Specimen.STL
G1 F2700 E1384.67479
G1 F1500 X180.4 Y111.75 E1388.85892
G1 X180.4 Y117.5 E1389.05016
G1 X180.4 Y123.25 E1389.24141
G1 X54.6 Y123.25 E1393.42553
G1 X54.6 Y111.75 E1393.80803
G1 F2700 E1388.80803
G0 F9000 X54.47 Y123.38
G1 F2700 E1393.80803
G0 F9000 X54.2 Y123.65
;TYPE:WALL-OUTER
G1 F1500 X180.8 Y123.65 E1398.01876
G1 X180.8 Y117.5 E1398.22331
G1 X180.8 Y111.35 E1398.42786
G1 X54.2 Y111.35 E1402.63859
G1 X54.2 Y123.65 E1403.04769
G0 F9000 X54.47 Y123.38
G0 X54.7 Y122.89
G0 X54.96 Y122.89
;TYPE:SKIN
G1 F1500 X180.04 Y122.89 E1407.20787
G1 X180.04 Y112.11 E1407.56641
G1 X54.96 Y112.11 E1411.72659
G1 X54.96 Y122.89 E1412.08514
G0 F9000 X55.372 Y122.688
G1 F1500 X55.159 Y122.476 E1412.09513
G0 F9000 X55.159 Y121.91
G1 F1500 X55.937 Y122.688 E1412.13173
G0 F9000 X56.503 Y122.688
G1 F1500 X55.159 Y121.345 E1412.19492
G0 F9000 X55.159 Y120.779
G1 F1500 X57.069 Y122.688 E1412.28474
G0 F9000 X57.634 Y122.688
G1 F1500 X55.159 Y120.213 E1412.40115
G0 F9000 X55.159 Y119.648
G1 F1500 X58.2 Y122.688 E1412.54417
G0 F9000 X58.766 Y122.688
G1 F1500 X55.159 Y119.082 E1412.71381
G0 F9000 X55.159 Y118.516
G1 F1500 X59.331 Y122.688 E1412.91005
G0 F9000 X59.897 Y122.688
G1 F1500 X55.159 Y117.951 E1413.13288
G0 F9000 X55.159 Y117.385
G1 F1500 X60.463 Y122.688 E1413.38234
G0 F9000 X61.028 Y122.688
G1 F1500 X55.159 Y116.819 E1413.6584
G0 F9000 X55.159 Y116.254
G1 F1500 X61.594 Y122.688 E1413.96106
G0 F9000 X62.16 Y122.688
G1 F1500 X55.159 Y115.688 E1414.29034
G0 F9000 X55.159 Y115.122
G1 F1500 X62.726 Y122.688 E1414.64625
G0 F9000 X63.291 Y122.688
G1 F1500 X55.159 Y114.556 E1415.02875
G0 F9000 X55.159 Y113.991
G1 F1500 X63.857 Y122.688 E1415.43786
G0 F9000 X64.423 Y122.688
G1 F1500 X55.159 Y113.425 E1415.87358
G0 F9000 X55.159 Y112.859
G1 F1500 X64.988 Y122.688 E1416.33591
G0 F9000 X65.554 Y122.688
G1 F1500 X55.176 Y112.31 E1416.82406
G0 F9000 X55.741 Y112.31
G1 F1500 X66.12 Y122.688 E1417.31223
G0 F9000 X66.685 Y122.688
G1 F1500 X56.307 Y112.31 E1417.80038
G0 F9000 X56.873 Y112.31
G1 F1500 X67.251 Y122.688 E1418.28853
G0 F9000 X67.817 Y122.688
G1 F1500 X57.438 Y112.31 E1418.7767
G0 F9000 X58.004 Y112.31
G1 F1500 X68.382 Y122.688 E1419.26485
G0 F9000 X68.948 Y122.688
G1 F1500 X58.57 Y112.31 E1419.753
G0 F9000 X59.136 Y112.31
G1 F1500 X69.514 Y122.688 E1420.24115
G0 F9000 X70.079 Y122.688
G1 F1500 X59.701 Y112.31 E1420.7293
G0 F9000 X60.267 Y112.31
G1 F1500 X70.645 Y122.688 E1421.21745
G0 F9000 X71.211 Y122.688
G1 F1500 X60.833 Y112.31 E1421.7056
G0 F9000 X61.398 Y112.31
G1 F1500 X71.776 Y122.688 E1422.19375
G0 F9000 X72.342 Y122.688
G1 F1500 X61.964 Y112.31 E1422.6819
G0 F9000 X62.53 Y112.31
G1 F1500 X72.908 Y122.688 E1423.17005
G0 F9000 X73.474 Y122.688
G1 F1500 X63.095 Y112.31 E1423.65822
G0 F9000 X63.661 Y112.31
G1 F1500 X74.039 Y122.688 E1424.14637
G0 F9000 X74.605 Y122.688
G1 F1500 X64.227 Y112.31 E1424.63452
G0 F9000 X64.792 Y112.31
G1 F1500 X75.171 Y122.688 E1425.12269
G0 F9000 X75.736 Y122.688
G1 F1500 X65.358 Y112.31 E1425.61084
G0 F9000 X65.924 Y112.31
G1 F1500 X76.302 Y122.688 E1426.09899
G0 F9000 X76.868 Y122.688
G1 F1500 X66.489 Y112.31 E1426.58716
G0 F9000 X67.055 Y112.31
G1 F1500 X77.433 Y122.688 E1427.07531
G0 F9000 X77.999 Y122.688
G1 F1500 X67.621 Y112.31 E1427.56346
G0 F9000 X68.187 Y112.31
G1 F1500 X78.565 Y122.688 E1428.05161
G0 F9000 X79.13 Y122.688
G1 F1500 X68.752 Y112.31 E1428.53976
G0 F9000 X69.318 Y112.31
G1 F1500 X79.696 Y122.688 E1429.02791
G0 F9000 X80.262 Y122.688
G1 F1500 X69.884 Y112.31 E1429.51606
G0 F9000 X70.449 Y112.31
G1 F1500 X80.827 Y122.688 E1430.00421
G0 F9000 X81.393 Y122.688
G1 F1500 X71.015 Y112.31 E1430.49236
G0 F9000 X71.581 Y112.31
G1 F1500 X81.959 Y122.688 E1430.98051
G0 F9000 X82.525 Y122.688
G1 F1500 X72.146 Y112.31 E1431.46868
G0 F9000 X72.712 Y112.31
G1 F1500 X83.09 Y122.688 E1431.95683
G0 F9000 X83.656 Y122.688
G1 F1500 X73.278 Y112.31 E1432.44498
G0 F9000 X73.843 Y112.31
G1 F1500 X84.222 Y122.688 E1432.93315
G0 F9000 X84.787 Y122.688
G1 F1500 X74.409 Y112.31 E1433.4213
G0 F9000 X74.975 Y112.31
G1 F1500 X85.353 Y122.688 E1433.90945
G0 F9000 X85.919 Y122.688
G1 F1500 X75.54 Y112.31 E1434.39762
G0 F9000 X76.106 Y112.31
G1 F1500 X86.484 Y122.688 E1434.88577
G0 F9000 X87.05 Y122.688
G1 F1500 X76.672 Y112.31 E1435.37392
G0 F9000 X77.237 Y112.31
G1 F1500 X87.616 Y122.688 E1435.86209
G0 F9000 X88.181 Y122.688
G1 F1500 X77.803 Y112.31 E1436.35024
G0 F9000 X78.369 Y112.31
G1 F1500 X88.747 Y122.688 E1436.83839
G0 F9000 X89.313 Y122.688
G1 F1500 X78.935 Y112.31 E1437.32654
G0 F9000 X79.5 Y112.31
G1 F1500 X89.878 Y122.688 E1437.81469
G0 F9000 X90.444 Y122.688
G1 F1500 X80.066 Y112.31 E1438.30284
G0 F9000 X80.632 Y112.31
G1 F1500 X91.01 Y122.688 E1438.79099
G0 F9000 X91.575 Y122.688
G1 F1500 X81.197 Y112.31 E1439.27914
G0 F9000 X81.763 Y112.31
G1 F1500 X92.141 Y122.688 E1439.76729
G0 F9000 X92.707 Y122.688
G1 F1500 X82.329 Y112.31 E1440.25544
G0 F9000 X82.894 Y112.31
G1 F1500 X93.273 Y122.688 E1440.74361
G0 F9000 X93.838 Y122.688
G1 F1500 X83.46 Y112.31 E1441.23176
G0 F9000 X84.026 Y112.31
G1 F1500 X94.404 Y122.688 E1441.71991
G0 F9000 X94.97 Y122.688
G1 F1500 X84.591 Y112.31 E1442.20808
G0 F9000 X85.157 Y112.31
G1 F1500 X95.535 Y122.688 E1442.69623
G0 F9000 X96.101 Y122.688
G1 F1500 X85.723 Y112.31 E1443.18438
G0 F9000 X86.288 Y112.31
G1 F1500 X96.667 Y122.688 E1443.67255
G0 F9000 X97.232 Y122.688
G1 F1500 X86.854 Y112.31 E1444.1607
G0 F9000 X87.42 Y112.31
G1 F1500 X97.798 Y122.688 E1444.64885
G0 F9000 X98.364 Y122.688
G1 F1500 X87.986 Y112.31 E1445.137
G0 F9000 X88.551 Y112.31
G1 F1500 X98.929 Y122.688 E1445.62515
G0 F9000 X99.495 Y122.688
G1 F1500 X89.117 Y112.31 E1446.1133
G0 F9000 X89.683 Y112.31
G1 F1500 X100.061 Y122.688 E1446.60145
G0 F9000 X100.626 Y122.688
G1 F1500 X90.248 Y112.31 E1447.0896
G0 F9000 X90.814 Y112.31
G1 F1500 X101.192 Y122.688 E1447.57775
G0 F9000 X101.758 Y122.688
G1 F1500 X91.38 Y112.31 E1448.0659
G0 F9000 X91.945 Y112.31
G1 F1500 X102.324 Y122.688 E1448.55407
G0 F9000 X102.889 Y122.688
G1 F1500 X92.511 Y112.31 E1449.04222
G0 F9000 X93.077 Y112.31
G1 F1500 X103.455 Y122.688 E1449.53037
G0 F9000 X104.021 Y122.688
G1 F1500 X93.642 Y112.31 E1450.01854
G0 F9000 X94.208 Y112.31
G1 F1500 X104.586 Y122.688 E1450.50669
G0 F9000 X105.152 Y122.688
G1 F1500 X94.774 Y112.31 E1450.99484
G0 F9000 X95.339 Y112.31
G1 F1500 X105.718 Y122.688 E1451.48301
G0 F9000 X106.283 Y122.688
G1 F1500 X95.905 Y112.31 E1451.97116
G0 F9000 X96.471 Y112.31
G1 F1500 X106.849 Y122.688 E1452.45931
G0 F9000 X107.415 Y122.688
G1 F1500 X97.036 Y112.31 E1452.94748
G0 F9000 X97.602 Y112.31
G1 F1500 X107.98 Y122.688 E1453.43563
G0 F9000 X108.546 Y122.688
G1 F1500 X98.168 Y112.31 E1453.92378
G0 F9000 X98.734 Y112.31
G1 F1500 X109.112 Y122.688 E1454.41193
G0 F9000 X109.677 Y122.688
G1 F1500 X99.299 Y112.31 E1454.90008
G0 F9000 X99.865 Y112.31
G1 F1500 X110.243 Y122.688 E1455.38823
G0 F9000 X110.809 Y122.688
G1 F1500 X100.431 Y112.31 E1455.87638
G0 F9000 X100.996 Y112.31
G1 F1500 X111.374 Y122.688 E1456.36453
G0 F9000 X111.94 Y122.688
G1 F1500 X101.562 Y112.31 E1456.85268
G0 F9000 X102.128 Y112.31
G1 F1500 X112.506 Y122.688 E1457.34083
G0 F9000 X113.072 Y122.688
G1 F1500 X102.693 Y112.31 E1457.829
G0 F9000 X103.259 Y112.31
G1 F1500 X113.637 Y122.688 E1458.31715
G0 F9000 X114.203 Y122.688
G1 F1500 X103.825 Y112.31 E1458.8053
G0 F9000 X104.39 Y112.31
G1 F1500 X114.769 Y122.688 E1459.29347
G0 F9000 X115.334 Y122.688
G1 F1500 X104.956 Y112.31 E1459.78162
G0 F9000 X105.522 Y112.31
G1 F1500 X115.9 Y122.688 E1460.26977
G0 F9000 X116.466 Y122.688
G1 F1500 X106.087 Y112.31 E1460.75794
G0 F9000 X106.653 Y112.31
G1 F1500 X117.031 Y122.688 E1461.24609
G0 F9000 X117.598 Y122.689
G1 F1500 X107.219 Y112.31 E1461.73429
G0 F9000 X107.784 Y112.31
G1 F1500 X118.163 Y122.689 E1462.22249
G0 F9000 X118.729 Y122.689
G1 F1500 X108.35 Y112.31 E1462.71068
G0 F9000 X108.916 Y112.31
G1 F1500 X119.295 Y122.689 E1463.19888
G0 F9000 X119.86 Y122.689
G1 F1500 X109.482 Y112.31 E1463.68705
G0 F9000 X110.047 Y112.31
G1 F1500 X120.426 Y122.689 E1464.17525
G0 F9000 X120.992 Y122.689
G1 F1500 X110.613 Y112.31 E1464.66344
G0 F9000 X111.179 Y112.31
G1 F1500 X121.558 Y122.689 E1465.15164
G0 F9000 X122.123 Y122.689
G1 F1500 X111.744 Y112.31 E1465.63984
G0 F9000 X112.31 Y112.31
G1 F1500 X122.689 Y122.689 E1466.12803
G0 F9000 X123.255 Y122.689
G1 F1500 X112.876 Y112.31 E1466.61623
G0 F9000 X113.441 Y112.31
G1 F1500 X123.82 Y122.689 E1467.10443
G0 F9000 X124.386 Y122.689
G1 F1500 X114.007 Y112.31 E1467.59262
G0 F9000 X114.573 Y112.31
G1 F1500 X124.952 Y122.689 E1468.08082
G0 F9000 X125.517 Y122.689
G1 F1500 X115.138 Y112.31 E1468.56901
G0 F9000 X115.704 Y112.31
G1 F1500 X126.083 Y122.689 E1469.05721
G0 F9000 X126.649 Y122.689
G1 F1500 X116.27 Y112.31 E1469.54541
G0 F9000 X116.835 Y112.31
G1 F1500 X127.214 Y122.689 E1470.0336
G0 F9000 X127.78 Y122.689
G1 F1500 X117.401 Y112.31 E1470.5218
G0 F9000 X117.967 Y112.31
G1 F1500 X128.346 Y122.689 E1471.01
G0 F9000 X128.911 Y122.689
G1 F1500 X118.533 Y112.31 E1471.49817
G0 F9000 X119.098 Y112.31
G1 F1500 X129.477 Y122.689 E1471.98637
G0 F9000 X130.043 Y122.689
G1 F1500 X119.664 Y112.31 E1472.47456
G0 F9000 X120.23 Y112.31
G1 F1500 X130.608 Y122.689 E1472.96273
G0 F9000 X131.174 Y122.689
G1 F1500 X120.795 Y112.31 E1473.45093
G0 F9000 X121.361 Y112.31
G1 F1500 X131.74 Y122.689 E1473.93913
G0 F9000 X132.306 Y122.689
G1 F1500 X121.927 Y112.31 E1474.42732
G0 F9000 X122.492 Y112.31
G1 F1500 X132.871 Y122.689 E1474.91552
G0 F9000 X133.437 Y122.689
G1 F1500 X123.058 Y112.31 E1475.40372
G0 F9000 X123.624 Y112.31
G1 F1500 X134.003 Y122.689 E1475.89191
G0 F9000 X134.568 Y122.689
G1 F1500 X124.189 Y112.31 E1476.38011
G0 F9000 X124.755 Y112.31
G1 F1500 X135.134 Y122.689 E1476.8683
G0 F9000 X135.7 Y122.689
G1 F1500 X125.321 Y112.31 E1477.3565
G0 F9000 X125.886 Y112.31
G1 F1500 X136.265 Y122.689 E1477.8447
G0 F9000 X136.831 Y122.689
G1 F1500 X126.452 Y112.31 E1478.33289
G0 F9000 X127.018 Y112.31
G1 F1500 X137.397 Y122.689 E1478.82109
G0 F9000 X137.962 Y122.689
G1 F1500 X127.583 Y112.31 E1479.30929
G0 F9000 X128.149 Y112.31
G1 F1500 X138.528 Y122.689 E1479.79748
G0 F9000 X139.094 Y122.689
G1 F1500 X128.715 Y112.31 E1480.28568
G0 F9000 X129.281 Y112.31
G1 F1500 X139.659 Y122.689 E1480.77385
G0 F9000 X140.225 Y122.689
G1 F1500 X129.846 Y112.31 E1481.26205
G0 F9000 X130.412 Y112.31
G1 F1500 X140.791 Y122.689 E1481.75024
G0 F9000 X141.357 Y122.689
G1 F1500 X130.978 Y112.31 E1482.23844
G0 F9000 X131.543 Y112.31
G1 F1500 X141.922 Y122.689 E1482.72664
G0 F9000 X142.488 Y122.689
G1 F1500 X132.109 Y112.31 E1483.21483
G0 F9000 X132.675 Y112.31
G1 F1500 X143.054 Y122.689 E1483.70303
G0 F9000 X143.619 Y122.689
G1 F1500 X133.24 Y112.31 E1484.19123
G0 F9000 X133.806 Y112.31
G1 F1500 X144.185 Y122.689 E1484.67942
G0 F9000 X144.751 Y122.689
G1 F1500 X134.372 Y112.31 E1485.16762
G0 F9000 X134.937 Y112.31
G1 F1500 X145.316 Y122.689 E1485.65582
G0 F9000 X145.882 Y122.689
G1 F1500 X135.503 Y112.31 E1486.14401
G0 F9000 X136.069 Y112.31
G1 F1500 X146.448 Y122.689 E1486.63221
G0 F9000 X147.013 Y122.689
G1 F1500 X136.634 Y112.31 E1487.1204
G0 F9000 X137.2 Y112.31
G1 F1500 X147.579 Y122.689 E1487.6086
G0 F9000 X148.145 Y122.689
G1 F1500 X137.766 Y112.31 E1488.0968
G0 F9000 X138.332 Y112.31
G1 F1500 X148.71 Y122.689 E1488.58497
G0 F9000 X149.276 Y122.689
G1 F1500 X138.897 Y112.31 E1489.07317
G0 F9000 X139.463 Y112.31
G1 F1500 X149.842 Y122.689 E1489.56136
G0 F9000 X150.407 Y122.689
G1 F1500 X140.029 Y112.31 E1490.04954
G0 F9000 X140.594 Y112.31
G1 F1500 X150.973 Y122.689 E1490.53773
G0 F9000 X151.539 Y122.689
G1 F1500 X141.16 Y112.31 E1491.02593
G0 F9000 X141.726 Y112.31
G1 F1500 X152.105 Y122.689 E1491.51412
G0 F9000 X152.67 Y122.689
G1 F1500 X142.291 Y112.31 E1492.00232
G0 F9000 X142.857 Y112.31
G1 F1500 X153.236 Y122.689 E1492.49052
G0 F9000 X153.802 Y122.689
G1 F1500 X143.423 Y112.31 E1492.97871
G0 F9000 X143.988 Y112.31
G1 F1500 X154.367 Y122.689 E1493.46691
G0 F9000 X154.933 Y122.689
G1 F1500 X144.554 Y112.31 E1493.95511
G0 F9000 X145.12 Y112.31
G1 F1500 X155.499 Y122.689 E1494.4433
G0 F9000 X156.064 Y122.689
G1 F1500 X145.685 Y112.31 E1494.9315
G0 F9000 X146.251 Y112.31
G1 F1500 X156.63 Y122.689 E1495.4197
G0 F9000 X157.196 Y122.689
G1 F1500 X146.817 Y112.31 E1495.90789
G0 F9000 X147.382 Y112.31
G1 F1500 X157.761 Y122.689 E1496.39609
G0 F9000 X158.327 Y122.689
G1 F1500 X147.948 Y112.31 E1496.88428
G0 F9000 X148.514 Y112.31
G1 F1500 X158.893 Y122.689 E1497.37248
G0 F9000 X159.458 Y122.689
G1 F1500 X149.08 Y112.31 E1497.86065
G0 F9000 X149.645 Y112.31
G1 F1500 X160.024 Y122.689 E1498.34885
G0 F9000 X160.59 Y122.689
G1 F1500 X150.211 Y112.31 E1498.83705
G0 F9000 X150.777 Y112.31
G1 F1500 X161.155 Y122.689 E1499.32522
G0 F9000 X161.721 Y122.689
G1 F1500 X151.342 Y112.31 E1499.81342
G0 F9000 X151.908 Y112.31
G1 F1500 X162.287 Y122.689 E1500.30161
G0 F9000 X162.853 Y122.689
G1 F1500 X152.474 Y112.31 E1500.78981
G0 F9000 X153.039 Y112.31
G1 F1500 X163.418 Y122.689 E1501.278
G0 F9000 X163.984 Y122.689
G1 F1500 X153.605 Y112.31 E1501.7662
G0 F9000 X154.171 Y112.31
G1 F1500 X164.55 Y122.689 E1502.2544
G0 F9000 X165.115 Y122.689
G1 F1500 X154.736 Y112.31 E1502.74259
G0 F9000 X155.302 Y112.31
G1 F1500 X165.681 Y122.689 E1503.23079
G0 F9000 X166.247 Y122.689
G1 F1500 X155.868 Y112.31 E1503.71899
G0 F9000 X156.433 Y112.31
G1 F1500 X166.812 Y122.689 E1504.20718
G0 F9000 X167.378 Y122.689
G1 F1500 X156.999 Y112.31 E1504.69538
G0 F9000 X157.565 Y112.31
G1 F1500 X167.944 Y122.689 E1505.18357
G0 F9000 X168.509 Y122.689
G1 F1500 X158.13 Y112.31 E1505.67177
G0 F9000 X158.696 Y112.31
G1 F1500 X169.075 Y122.689 E1506.15997
G0 F9000 X169.641 Y122.689
G1 F1500 X159.262 Y112.31 E1506.64816
G0 F9000 X159.828 Y112.31
G1 F1500 X170.206 Y122.689 E1507.13634
G0 F9000 X170.772 Y122.689
G1 F1500 X160.393 Y112.31 E1507.62453
G0 F9000 X160.959 Y112.31
G1 F1500 X171.338 Y122.689 E1508.11273
G0 F9000 X171.904 Y122.689
G1 F1500 X161.525 Y112.31 E1508.60093
G0 F9000 X162.09 Y112.31
G1 F1500 X172.469 Y122.689 E1509.08912
G0 F9000 X173.035 Y122.689
G1 F1500 X162.656 Y112.31 E1509.57732
G0 F9000 X163.222 Y112.31
G1 F1500 X173.601 Y122.689 E1510.06551
G0 F9000 X174.166 Y122.689
G1 F1500 X163.787 Y112.31 E1510.55371
G0 F9000 X164.353 Y112.31
G1 F1500 X174.732 Y122.689 E1511.04191
G0 F9000 X175.298 Y122.689
G1 F1500 X164.919 Y112.31 E1511.5301
G0 F9000 X165.484 Y112.31
G1 F1500 X175.863 Y122.689 E1512.0183
G0 F9000 X176.429 Y122.689
G1 F1500 X166.05 Y112.31 E1512.5065
G0 F9000 X166.616 Y112.31
G1 F1500 X176.995 Y122.689 E1512.99469
G0 F9000 X177.56 Y122.689
G1 F1500 X167.181 Y112.31 E1513.48289
G0 F9000 X167.747 Y112.31
G1 F1500 X178.126 Y122.689 E1513.97109
G0 F9000 X178.692 Y122.689
G1 F1500 X168.313 Y112.31 E1514.45928
G0 F9000 X168.879 Y112.31
G1 F1500 X179.257 Y122.689 E1514.94745
G0 F9000 X179.823 Y122.689
G1 F1500 X169.444 Y112.31 E1515.43565
G0 F9000 X170.01 Y112.31
G1 F1500 X179.839 Y122.139 E1515.89798
G0 F9000 X179.839 Y121.574
G1 F1500 X170.576 Y112.31 E1516.3337
G0 F9000 X171.141 Y112.31
G1 F1500 X179.839 Y121.008 E1516.74283
G0 F9000 X179.839 Y120.442
G1 F1500 X171.707 Y112.31 E1517.12534
G0 F9000 X172.273 Y112.31
G1 F1500 X179.839 Y119.877 E1517.48124
G0 F9000 X179.839 Y119.311
G1 F1500 X172.838 Y112.31 E1517.81055
G0 F9000 X173.404 Y112.31
G1 F1500 X179.839 Y118.745 E1518.11323
G0 F9000 X179.839 Y118.18
G1 F1500 X173.97 Y112.31 E1518.38931
G0 F9000 X174.535 Y112.31
G1 F1500 X179.839 Y117.614 E1518.6388
G0 F9000 X179.839 Y117.048
G1 F1500 X175.101 Y112.31 E1518.86166
G0 F9000 X175.667 Y112.31
G1 F1500 X179.839 Y116.483 E1519.05792
G0 F9000 X179.839 Y115.917
G1 F1500 X176.232 Y112.31 E1519.22758
G0 F9000 X176.798 Y112.31
G1 F1500 X179.839 Y115.351 E1519.37062
G0 F9000 X179.839 Y114.786
G1 F1500 X177.364 Y112.31 E1519.48706
G0 F9000 X177.929 Y112.31
G1 F1500 X179.839 Y114.22 E1519.5769
G0 F9000 X179.839 Y113.654
G1 F1500 X178.495 Y112.31 E1519.64012
G0 F9000 X179.061 Y112.31
G1 F1500 X179.839 Y113.089 E1519.67674
G0 F9000 X179.839 Y112.523
G1 F1500 X179.627 Y112.31 E1519.68673
G1 F2700 E1514.68673
;MESH:NONMESH
G0 F300 X179.627 Y112.31 Z2.4
G0 F9000 X179.627 Y111.85
G0 X180.228 Y111.922
G0 X180.228 Y123.078
G0 X54.6 Y123.25
;TIME_ELAPSED:2143.816997
;LAYER:11
;TYPE:WALL-INNER
;MESH:D790-17 Thermoplastic Specimen.STL
G1 F2700 E1519.68673
G1 F1500 X180.4 Y123.25 E1523.87086
G1 X180.4 Y111.75 E1524.25335
G1 X54.6 Y111.75 E1528.43747
G1 X54.6 Y123.25 E1528.81996
G1 F2700 E1523.81996
G0 F9000 X54.772 Y111.922
G0 X180.53 Y111.62
G1 F2700 E1528.81996
G0 F9000 X180.8 Y111.35
;TYPE:WALL-OUTER
G1 F1500 X180.8 Y123.65 E1529.22906
G1 X54.2 Y123.65 E1533.4398
G1 X54.2 Y111.35 E1533.8489
G1 X180.8 Y111.35 E1538.05963
G1 F2700 E1533.05963
G0 F9000 X180.53 Y111.62
G0 X54.772 Y111.922
G1 F2700 E1538.05963
G0 F9000 X54.96 Y112.11
;TYPE:SKIN
G1 F1500 X180.04 Y112.11 E1542.21981
G1 X180.04 Y117.5 E1542.39908
G1 X180.04 Y122.89 E1542.57835
G1 X54.96 Y122.89 E1546.73853
G1 X54.96 Y112.11 E1547.09707
G0 F9000 X55.159 Y112.848
G1 F1500 X55.698 Y112.309 E1547.12243
G0 F9000 X56.264 Y112.309
G1 F1500 X55.159 Y113.414 E1547.1744
G0 F9000 X55.159 Y113.979
G1 F1500 X56.83 Y112.309 E1547.25298
G0 F9000 X57.395 Y112.309
G1 F1500 X55.159 Y114.545 E1547.35815
G0 F9000 X55.159 Y115.111
G1 F1500 X57.961 Y112.309 E1547.48995
G0 F9000 X58.527 Y112.309
G1 F1500 X55.159 Y115.677 E1547.64837
G0 F9000 X55.159 Y116.242
G1 F1500 X59.092 Y112.309 E1547.83337
G0 F9000 X59.658 Y112.309
G1 F1500 X55.159 Y116.808 E1548.04499
G0 F9000 X55.159 Y117.374
G1 F1500 X60.224 Y112.309 E1548.28323
G0 F9000 X60.789 Y112.309
G1 F1500 X55.159 Y117.939 E1548.54805
G0 F9000 X55.159 Y118.505
G1 F1500 X61.355 Y112.309 E1548.83949
G0 F9000 X61.921 Y112.309
G1 F1500 X55.159 Y119.071 E1549.15755
G0 F9000 X55.159 Y119.636
G1 F1500 X62.487 Y112.309 E1549.50221
G0 F9000 X63.052 Y112.309
G1 F1500 X55.159 Y120.202 E1549.87348
G0 F9000 X55.159 Y120.768
G1 F1500 X63.618 Y112.309 E1550.27136
G0 F9000 X64.184 Y112.309
G1 F1500 X55.159 Y121.333 E1550.69585
G0 F9000 X55.159 Y121.899
G1 F1500 X64.749 Y112.309 E1551.14693
G0 F9000 X65.315 Y112.309
G1 F1500 X55.159 Y122.465 E1551.62464
G0 F9000 X55.501 Y122.689
G1 F1500 X65.881 Y112.309 E1552.11288
G0 F9000 X66.446 Y112.309
G1 F1500 X56.067 Y122.689 E1552.6011
G0 F9000 X56.632 Y122.689
G1 F1500 X67.012 Y112.309 E1553.08934
G0 F9000 X67.578 Y112.309
G1 F1500 X57.198 Y122.689 E1553.57759
G0 F9000 X57.764 Y122.689
G1 F1500 X68.143 Y112.309 E1554.06581
G0 F9000 X68.709 Y112.309
G1 F1500 X58.329 Y122.689 E1554.55405
G0 F9000 X58.895 Y122.689
G1 F1500 X69.275 Y112.309 E1555.04229
G0 F9000 X69.84 Y112.309
G1 F1500 X59.461 Y122.689 E1555.53051
G0 F9000 X60.027 Y122.689
G1 F1500 X70.406 Y112.309 E1556.01873
G0 F9000 X70.972 Y112.309
G1 F1500 X60.592 Y122.689 E1556.50698
G0 F9000 X61.158 Y122.689
G1 F1500 X71.537 Y112.309 E1556.9952
G0 F9000 X72.103 Y112.309
G1 F1500 X61.724 Y122.689 E1557.48342
G0 F9000 X62.289 Y122.689
G1 F1500 X72.669 Y112.309 E1557.97166
G0 F9000 X73.235 Y112.309
G1 F1500 X62.855 Y122.689 E1558.4599
G0 F9000 X63.421 Y122.689
G1 F1500 X73.8 Y112.309 E1558.94812
G0 F9000 X74.366 Y112.309
G1 F1500 X63.986 Y122.689 E1559.43637
G0 F9000 X64.552 Y122.689
G1 F1500 X74.932 Y112.309 E1559.92461
G0 F9000 X75.497 Y112.309
G1 F1500 X65.118 Y122.689 E1560.41283
G0 F9000 X65.683 Y122.689
G1 F1500 X76.063 Y112.309 E1560.90107
G0 F9000 X76.629 Y112.309
G1 F1500 X66.249 Y122.689 E1561.38932
G0 F9000 X66.815 Y122.689
G1 F1500 X77.194 Y112.309 E1561.87754
G0 F9000 X77.76 Y112.309
G1 F1500 X67.38 Y122.689 E1562.36578
G0 F9000 X67.946 Y122.689
G1 F1500 X78.326 Y112.309 E1562.85402
G0 F9000 X78.891 Y112.309
G1 F1500 X68.512 Y122.689 E1563.34224
G0 F9000 X69.077 Y122.689
G1 F1500 X79.457 Y112.309 E1563.83049
G0 F9000 X80.023 Y112.309
G1 F1500 X69.643 Y122.689 E1564.31873
G0 F9000 X70.209 Y122.689
G1 F1500 X80.588 Y112.309 E1564.80695
G0 F9000 X81.154 Y112.309
G1 F1500 X70.775 Y122.689 E1565.29517
G0 F9000 X71.34 Y122.689
G1 F1500 X81.72 Y112.309 E1565.78341
G0 F9000 X82.286 Y112.309
G1 F1500 X71.906 Y122.689 E1566.27166
G0 F9000 X72.472 Y122.689
G1 F1500 X82.851 Y112.309 E1566.75988
G0 F9000 X83.417 Y112.309
G1 F1500 X73.037 Y122.689 E1567.24812
G0 F9000 X73.603 Y122.689
G1 F1500 X83.983 Y112.309 E1567.73636
G0 F9000 X84.548 Y112.309
G1 F1500 X74.169 Y122.689 E1568.22458
G0 F9000 X74.734 Y122.689
G1 F1500 X85.114 Y112.309 E1568.71283
G0 F9000 X85.68 Y112.309
G1 F1500 X75.3 Y122.689 E1569.20107
G0 F9000 X75.866 Y122.689
G1 F1500 X86.245 Y112.309 E1569.68929
G0 F9000 X86.811 Y112.309
G1 F1500 X76.431 Y122.689 E1570.17753
G0 F9000 X76.997 Y122.689
G1 F1500 X87.377 Y112.309 E1570.66578
G0 F9000 X87.942 Y112.309
G1 F1500 X77.563 Y122.689 E1571.154
G0 F9000 X78.128 Y122.689
G1 F1500 X88.508 Y112.309 E1571.64224
G0 F9000 X89.074 Y112.309
G1 F1500 X78.694 Y122.689 E1572.13048
G0 F9000 X79.26 Y122.689
G1 F1500 X89.639 Y112.309 E1572.6187
G0 F9000 X90.205 Y112.309
G1 F1500 X79.825 Y122.689 E1573.10695
G0 F9000 X80.391 Y122.689
G1 F1500 X90.771 Y112.309 E1573.59519
G0 F9000 X91.336 Y112.309
G1 F1500 X80.957 Y122.689 E1574.08341
G0 F9000 X81.523 Y122.689
G1 F1500 X91.902 Y112.309 E1574.57163
G0 F9000 X92.468 Y112.309
G1 F1500 X82.088 Y122.689 E1575.05987
G0 F9000 X82.654 Y122.689
G1 F1500 X93.034 Y112.309 E1575.54812
G0 F9000 X93.599 Y112.309
G1 F1500 X83.22 Y122.689 E1576.03634
G0 F9000 X83.785 Y122.689
G1 F1500 X94.165 Y112.309 E1576.52458
G0 F9000 X94.731 Y112.309
G1 F1500 X84.351 Y122.689 E1577.01282
G0 F9000 X84.917 Y122.689
G1 F1500 X95.296 Y112.309 E1577.50104
G0 F9000 X95.862 Y112.309
G1 F1500 X85.482 Y122.689 E1577.98929
G0 F9000 X86.048 Y122.689
G1 F1500 X96.428 Y112.309 E1578.47753
G0 F9000 X96.993 Y112.309
G1 F1500 X86.614 Y122.689 E1578.96575
G0 F9000 X87.179 Y122.689
G1 F1500 X97.559 Y112.309 E1579.45399
G0 F9000 X98.125 Y112.309
G1 F1500 X87.745 Y122.689 E1579.94224
G0 F9000 X88.311 Y122.689
G1 F1500 X98.69 Y112.309 E1580.43046
G0 F9000 X99.256 Y112.309
G1 F1500 X88.876 Y122.689 E1580.9187
G0 F9000 X89.442 Y122.689
G1 F1500 X99.822 Y112.309 E1581.40694
G0 F9000 X100.387 Y112.309
G1 F1500 X90.008 Y122.689 E1581.89516
G0 F9000 X90.574 Y122.689
G1 F1500 X100.953 Y112.309 E1582.38338
G0 F9000 X101.519 Y112.309
G1 F1500 X91.139 Y122.689 E1582.87163
G0 F9000 X91.705 Y122.689
G1 F1500 X102.085 Y112.309 E1583.35987
G0 F9000 X102.65 Y112.309
G1 F1500 X92.271 Y122.689 E1583.84809
G0 F9000 X92.836 Y122.689
G1 F1500 X103.216 Y112.309 E1584.33633
G0 F9000 X103.782 Y112.309
G1 F1500 X93.402 Y122.689 E1584.82458
G0 F9000 X93.968 Y122.689
G1 F1500 X104.347 Y112.309 E1585.3128
G0 F9000 X104.913 Y112.309
G1 F1500 X94.533 Y122.689 E1585.80104
G0 F9000 X95.099 Y122.689
G1 F1500 X105.479 Y112.309 E1586.28928
G0 F9000 X106.044 Y112.309
G1 F1500 X95.665 Y122.689 E1586.7775
G0 F9000 X96.23 Y122.689
G1 F1500 X106.61 Y112.309 E1587.26575
G0 F9000 X107.176 Y112.309
G1 F1500 X96.796 Y122.689 E1587.75399
G0 F9000 X97.362 Y122.689
G1 F1500 X107.741 Y112.309 E1588.24221
G0 F9000 X108.307 Y112.309
G1 F1500 X97.927 Y122.689 E1588.73045
G0 F9000 X98.493 Y122.689
G1 F1500 X108.873 Y112.309 E1589.2187
G0 F9000 X109.438 Y112.309
G1 F1500 X99.059 Y122.689 E1589.70692
G0 F9000 X99.624 Y122.689
G1 F1500 X110.004 Y112.309 E1590.19516
G0 F9000 X110.57 Y112.309
G1 F1500 X100.19 Y122.689 E1590.6834
G0 F9000 X100.756 Y122.689
G1 F1500 X111.135 Y112.309 E1591.17162
G0 F9000 X111.701 Y112.309
G1 F1500 X101.322 Y122.689 E1591.65984
G0 F9000 X101.887 Y122.689
G1 F1500 X112.267 Y112.309 E1592.14809
G0 F9000 X112.833 Y112.309
G1 F1500 X102.453 Y122.689 E1592.63633
G0 F9000 X103.019 Y122.689
G1 F1500 X113.398 Y112.309 E1593.12455
G0 F9000 X113.964 Y112.309
G1 F1500 X103.584 Y122.689 E1593.61279
G0 F9000 X104.15 Y122.689
G1 F1500 X114.53 Y112.309 E1594.10104
G0 F9000 X115.095 Y112.309
G1 F1500 X104.716 Y122.689 E1594.58926
G0 F9000 X105.281 Y122.689
G1 F1500 X115.661 Y112.309 E1595.0775
G0 F9000 X116.227 Y112.309
G1 F1500 X105.847 Y122.689 E1595.56574
G0 F9000 X106.413 Y122.689
G1 F1500 X116.792 Y112.309 E1596.05396
G0 F9000 X117.358 Y112.309
G1 F1500 X106.978 Y122.689 E1596.54221
G0 F9000 X107.544 Y122.689
G1 F1500 X117.924 Y112.309 E1597.03045
G0 F9000 X118.489 Y112.309
G1 F1500 X108.11 Y122.689 E1597.51867
G0 F9000 X108.675 Y122.689
G1 F1500 X119.055 Y112.309 E1598.00691
G0 F9000 X119.621 Y112.309
G1 F1500 X109.241 Y122.689 E1598.49516
G0 F9000 X109.807 Y122.689
G1 F1500 X120.186 Y112.309 E1598.98337
G0 F9000 X120.752 Y112.309
G1 F1500 X110.373 Y122.689 E1599.47159
G0 F9000 X110.938 Y122.689
G1 F1500 X121.318 Y112.309 E1599.95984
G0 F9000 X121.883 Y112.309
G1 F1500 X111.504 Y122.689 E1600.44806
G0 F9000 X112.07 Y122.689
G1 F1500 X122.449 Y112.309 E1600.93628
G0 F9000 X123.015 Y112.309
G1 F1500 X112.635 Y122.689 E1601.42452
G0 F9000 X113.201 Y122.689
G1 F1500 X123.581 Y112.309 E1601.91276
G0 F9000 X124.146 Y112.309
G1 F1500 X113.767 Y122.689 E1602.40098
G0 F9000 X114.332 Y122.689
G1 F1500 X124.712 Y112.309 E1602.88923
G0 F9000 X125.278 Y112.309
G1 F1500 X114.898 Y122.689 E1603.37747
G0 F9000 X115.464 Y122.689
G1 F1500 X125.843 Y112.309 E1603.86569
G0 F9000 X126.409 Y112.309
G1 F1500 X116.029 Y122.689 E1604.35393
G0 F9000 X116.595 Y122.689
G1 F1500 X126.975 Y112.309 E1604.84218
G0 F9000 X127.54 Y112.309
G1 F1500 X117.161 Y122.689 E1605.3304
G0 F9000 X117.726 Y122.69
G1 F1500 X128.106 Y112.309 E1605.81866
G0 F9000 X128.672 Y112.309
G1 F1500 X118.291 Y122.69 E1606.30696
G0 F9000 X118.857 Y122.69
G1 F1500 X129.237 Y112.309 E1606.79522
G0 F9000 X129.803 Y112.309
G1 F1500 X119.423 Y122.69 E1607.28349
G0 F9000 X119.988 Y122.69
G1 F1500 X130.369 Y112.309 E1607.77178
G0 F9000 X130.934 Y112.309
G1 F1500 X120.554 Y122.69 E1608.26005
G0 F9000 X121.12 Y122.69
G1 F1500 X131.5 Y112.309 E1608.74831
G0 F9000 X132.066 Y112.309
G1 F1500 X121.686 Y122.69 E1609.23658
G0 F9000 X122.251 Y122.69
G1 F1500 X132.632 Y112.309 E1609.72487
G0 F9000 X133.197 Y112.309
G1 F1500 X122.817 Y122.69 E1610.21314
G0 F9000 X123.383 Y122.69
G1 F1500 X133.763 Y112.309 E1610.7014
G0 F9000 X134.329 Y112.309
G1 F1500 X123.948 Y122.69 E1611.18969
G0 F9000 X124.514 Y122.69
G1 F1500 X134.894 Y112.309 E1611.67796
G0 F9000 X135.46 Y112.309
G1 F1500 X125.08 Y122.69 E1612.16623
G0 F9000 X125.645 Y122.69
G1 F1500 X136.026 Y112.309 E1612.65452
G0 F9000 X136.591 Y112.309
G1 F1500 X126.211 Y122.69 E1613.14279
G0 F9000 X126.777 Y122.69
G1 F1500 X137.157 Y112.309 E1613.63105
G0 F9000 X137.723 Y112.309
G1 F1500 X127.342 Y122.69 E1614.11934
G0 F9000 X127.908 Y122.69
G1 F1500 X138.288 Y112.309 E1614.60761
G0 F9000 X138.854 Y112.309
G1 F1500 X128.474 Y122.69 E1615.09588
G0 F9000 X129.039 Y122.69
G1 F1500 X139.42 Y112.309 E1615.58417
G0 F9000 X139.985 Y112.309
G1 F1500 X129.605 Y122.69 E1616.07243
G0 F9000 X130.171 Y122.69
G1 F1500 X140.551 Y112.309 E1616.5607
G0 F9000 X141.117 Y112.309
G1 F1500 X130.736 Y122.69 E1617.04899
G0 F9000 X131.302 Y122.69
G1 F1500 X141.682 Y112.309 E1617.53726
G0 F9000 X142.248 Y112.309
G1 F1500 X131.868 Y122.69 E1618.02553
G0 F9000 X132.434 Y122.69
G1 F1500 X142.814 Y112.309 E1618.51379
G0 F9000 X143.38 Y112.309
G1 F1500 X132.999 Y122.69 E1619.00208
G0 F9000 X133.565 Y122.69
G1 F1500 X143.945 Y112.309 E1619.49035
G0 F9000 X144.511 Y112.309
G1 F1500 X134.131 Y122.69 E1619.97862
G0 F9000 X134.696 Y122.69
G1 F1500 X145.077 Y112.309 E1620.46691
G0 F9000 X145.642 Y112.309
G1 F1500 X135.262 Y122.69 E1620.95517
G0 F9000 X135.828 Y122.69
G1 F1500 X146.208 Y112.309 E1621.44344
G0 F9000 X146.774 Y112.309
G1 F1500 X136.393 Y122.69 E1621.93173
G0 F9000 X136.959 Y122.69
G1 F1500 X147.339 Y112.309 E1622.42
G0 F9000 X147.905 Y112.309
G1 F1500 X137.525 Y122.69 E1622.90826
G0 F9000 X138.09 Y122.69
G1 F1500 X148.471 Y112.309 E1623.39656
G0 F9000 X149.036 Y112.309
G1 F1500 X138.656 Y122.69 E1623.88482
G0 F9000 X139.222 Y122.69
G1 F1500 X149.602 Y112.309 E1624.37309
G0 F9000 X150.168 Y112.309
G1 F1500 X139.787 Y122.69 E1624.86138
G0 F9000 X140.353 Y122.69
G1 F1500 X150.733 Y112.309 E1625.34965
G0 F9000 X151.299 Y112.309
G1 F1500 X140.919 Y122.69 E1625.83791
G0 F9000 X141.484 Y122.69
G1 F1500 X151.865 Y112.309 E1626.3262
G0 F9000 X152.431 Y112.309
G1 F1500 X142.05 Y122.69 E1626.81449
G0 F9000 X142.616 Y122.69
G1 F1500 X152.996 Y112.309 E1627.30276
G0 F9000 X153.562 Y112.309
G1 F1500 X143.182 Y122.69 E1627.79103
G0 F9000 X143.747 Y122.69
G1 F1500 X154.128 Y112.309 E1628.27932
G0 F9000 X154.693 Y112.309
G1 F1500 X144.313 Y122.69 E1628.76759
G0 F9000 X144.879 Y122.69
G1 F1500 X155.259 Y112.309 E1629.25585
G0 F9000 X155.825 Y112.309
G1 F1500 X145.444 Y122.69 E1629.74414
G0 F9000 X146.01 Y122.69
G1 F1500 X156.39 Y112.309 E1630.23241
G0 F9000 X156.956 Y112.309
G1 F1500 X146.576 Y122.69 E1630.72068
G0 F9000 X147.141 Y122.69
G1 F1500 X157.522 Y112.309 E1631.20897
G0 F9000 X158.087 Y112.309
G1 F1500 X147.707 Y122.69 E1631.69723
G0 F9000 X148.273 Y122.69
G1 F1500 X158.653 Y112.309 E1632.1855
G0 F9000 X159.219 Y112.309
G1 F1500 X148.838 Y122.69 E1632.67379
G0 F9000 X149.404 Y122.69
G1 F1500 X159.784 Y112.309 E1633.16206
G0 F9000 X160.35 Y112.309
G1 F1500 X149.97 Y122.69 E1633.65032
G0 F9000 X150.535 Y122.69
G1 F1500 X160.916 Y112.309 E1634.13861
G0 F9000 X161.481 Y112.309
G1 F1500 X151.101 Y122.69 E1634.62688
G0 F9000 X151.667 Y122.69
G1 F1500 X162.047 Y112.309 E1635.11515
G0 F9000 X162.613 Y112.309
G1 F1500 X152.233 Y122.69 E1635.60342
G0 F9000 X152.798 Y122.69
G1 F1500 X163.179 Y112.309 E1636.09171
G0 F9000 X163.744 Y112.309
G1 F1500 X153.364 Y122.69 E1636.57997
G0 F9000 X153.93 Y122.69
G1 F1500 X164.31 Y112.309 E1637.06824
G0 F9000 X164.876 Y112.309
G1 F1500 X154.495 Y122.69 E1637.55653
G0 F9000 X155.061 Y122.69
G1 F1500 X165.441 Y112.309 E1638.0448
G0 F9000 X166.007 Y112.309
G1 F1500 X155.627 Y122.69 E1638.53306
G0 F9000 X156.192 Y122.69
G1 F1500 X166.573 Y112.309 E1639.02135
G0 F9000 X167.138 Y112.309
G1 F1500 X156.758 Y122.69 E1639.50962
G0 F9000 X157.324 Y122.69
G1 F1500 X167.704 Y112.309 E1639.99789
G0 F9000 X168.27 Y112.309
G1 F1500 X157.889 Y122.69 E1640.48618
G0 F9000 X158.455 Y122.69
G1 F1500 X168.835 Y112.309 E1640.97445
G0 F9000 X169.401 Y112.309
G1 F1500 X159.021 Y122.69 E1641.46271
G0 F9000 X159.586 Y122.69
G1 F1500 X169.967 Y112.309 E1641.951
G0 F9000 X170.532 Y112.309
G1 F1500 X160.152 Y122.69 E1642.43927
G0 F9000 X160.718 Y122.69
G1 F1500 X171.098 Y112.309 E1642.92754
G0 F9000 X171.664 Y112.309
G1 F1500 X161.283 Y122.69 E1643.41583
G0 F9000 X161.849 Y122.69
G1 F1500 X172.229 Y112.309 E1643.90409
G0 F9000 X172.795 Y112.309
G1 F1500 X162.415 Y122.69 E1644.39236
G0 F9000 X162.981 Y122.69
G1 F1500 X173.361 Y112.309 E1644.88063
G0 F9000 X173.927 Y112.309
G1 F1500 X163.546 Y122.69 E1645.36892
G0 F9000 X164.112 Y122.69
G1 F1500 X174.492 Y112.309 E1645.85719
G0 F9000 X175.058 Y112.309
G1 F1500 X164.678 Y122.69 E1646.34545
G0 F9000 X165.243 Y122.69
G1 F1500 X175.624 Y112.309 E1646.83374
G0 F9000 X176.189 Y112.309
G1 F1500 X165.809 Y122.69 E1647.32201
G0 F9000 X166.375 Y122.69
G1 F1500 X176.755 Y112.309 E1647.81028
G0 F9000 X177.321 Y112.309
G1 F1500 X166.94 Y122.69 E1648.29857
G0 F9000 X167.506 Y122.69
G1 F1500 X177.886 Y112.309 E1648.78683
G0 F9000 X178.452 Y112.309
G1 F1500 X168.072 Y122.69 E1649.2751
G0 F9000 X168.637 Y122.69
G1 F1500 X179.018 Y112.309 E1649.76339
G0 F9000 X179.583 Y112.309
G1 F1500 X169.203 Y122.69 E1650.25166
G0 F9000 X169.769 Y122.69
G1 F1500 X179.839 Y112.62 E1650.72532
G0 F9000 X179.839 Y113.185
G1 F1500 X170.334 Y122.69 E1651.17241
G0 F9000 X170.9 Y122.69
G1 F1500 X179.839 Y113.751 E1651.59287
G0 F9000 X179.839 Y114.317
G1 F1500 X171.466 Y122.69 E1651.98671
G0 F9000 X172.032 Y122.69
G1 F1500 X179.839 Y114.882 E1652.35395
G0 F9000 X179.839 Y115.448
G1 F1500 X172.597 Y122.69 E1652.69459
G0 F9000 X173.163 Y122.69
G1 F1500 X179.839 Y116.014 E1653.00861
G0 F9000 X179.839 Y116.579
G1 F1500 X173.729 Y122.69 E1653.29603
G0 F9000 X174.294 Y122.69
G1 F1500 X179.839 Y117.145 E1653.55685
G0 F9000 X179.839 Y117.711
G1 F1500 X174.86 Y122.69 E1653.79105
G0 F9000 X175.426 Y122.69
G1 F1500 X179.839 Y118.277 E1653.99862
G0 F9000 X179.839 Y118.842
G1 F1500 X175.991 Y122.69 E1654.17962
G0 F9000 X176.557 Y122.69
G1 F1500 X179.839 Y119.408 E1654.33399
G0 F9000 X179.839 Y119.974
G1 F1500 X177.123 Y122.69 E1654.46175
G0 F9000 X177.688 Y122.69
G1 F1500 X179.839 Y120.539 E1654.56292
G0 F9000 X179.839 Y121.105
G1 F1500 X178.254 Y122.69 E1654.63748
G0 F9000 X178.82 Y122.69
G1 F1500 X179.839 Y121.671 E1654.68541
G0 F9000 X179.839 Y122.236
G1 F1500 X179.385 Y122.69 E1654.70676
G1 F2700 E1649.70676
;MESH:NONMESH
G0 F300 X179.385 Y122.69 Z2.6
G0 F9000 X179.385 Y123.15
G0 X54.6 Y123.25
;TIME_ELAPSED:2330.600025
;LAYER:12
;TYPE:WALL-INNER
;MESH:D790-17 Thermoplastic Specimen.STL
G1 F2700 E1654.70676
G1 F1500 X54.6 Y111.75 E1655.08925
G1 X180.4 Y111.75 E1659.27338
G1 X180.4 Y123.25 E1659.65587
G1 X54.6 Y123.25 E1663.83999
G0 F9000 X54.2 Y123.65
;TYPE:WALL-OUTER
G1 F1500 X180.8 Y123.65 E1668.05073
G1 X180.8 Y111.35 E1668.45983
G1 X54.2 Y111.35 E1672.67056
G1 X54.2 Y123.65 E1673.07966
G0 F9000 X54.47 Y123.38
G0 X54.7 Y122.89
G0 X54.96 Y122.89
;TYPE:SKIN
G1 F1500 X180.04 Y122.89 E1677.23984
G1 X180.04 Y117.5 E1677.41911
G1 X180.04 Y112.11 E1677.59838
G1 X54.96 Y112.11 E1681.75856
G1 X54.96 Y122.89 E1682.1171
G0 F9000 X55.372 Y122.688
G1 F1500 X55.159 Y122.476 E1682.1271
G0 F9000 X55.159 Y121.91
G1 F1500 X55.937 Y122.688 E1682.16369
G0 F9000 X56.503 Y122.688
G1 F1500 X55.159 Y121.345 E1682.22689
G0 F9000 X55.159 Y120.779
G1 F1500 X57.069 Y122.688 E1682.3167
G0 F9000 X57.634 Y122.688
G1 F1500 X55.159 Y120.213 E1682.43312
G0 F9000 X55.159 Y119.648
G1 F1500 X58.2 Y122.688 E1682.57614
G0 F9000 X58.766 Y122.688
G1 F1500 X55.159 Y119.082 E1682.74578
G0 F9000 X55.159 Y118.516
G1 F1500 X59.331 Y122.688 E1682.94201
G0 F9000 X59.897 Y122.688
G1 F1500 X55.159 Y117.951 E1683.16485
G0 F9000 X55.159 Y117.385
G1 F1500 X60.463 Y122.688 E1683.41431
G0 F9000 X61.028 Y122.688
G1 F1500 X55.159 Y116.819 E1683.69037
G0 F9000 X55.159 Y116.254
G1 F1500 X61.594 Y122.688 E1683.99303
G0 F9000 X62.16 Y122.688
G1 F1500 X55.159 Y115.688 E1684.32231
G0 F9000 X55.159 Y115.122
G1 F1500 X62.726 Y122.688 E1684.67822
G0 F9000 X63.291 Y122.688
G1 F1500 X55.159 Y114.556 E1685.06072
G0 F9000 X55.159 Y113.991
G1 F1500 X63.857 Y122.688 E1685.46983
G0 F9000 X64.423 Y122.688
G1 F1500 X55.159 Y113.425 E1685.90555
G0 F9000 X55.159 Y112.859
G1 F1500 X64.988 Y122.688 E1686.36788
G0 F9000 X65.554 Y122.688
G1 F1500 X55.176 Y112.31 E1686.85603
G0 F9000 X55.741 Y112.31
G1 F1500 X66.12 Y122.688 E1687.3442
G0 F9000 X66.685 Y122.688
G1 F1500 X56.307 Y112.31 E1687.83235
G0 F9000 X56.873 Y112.31
G1 F1500 X67.251 Y122.688 E1688.3205
G0 F9000 X67.817 Y122.688
G1 F1500 X57.438 Y112.31 E1688.80867
G0 F9000 X58.004 Y112.31
G1 F1500 X68.382 Y122.688 E1689.29682
G0 F9000 X68.948 Y122.688
G1 F1500 X58.57 Y112.31 E1689.78497
G0 F9000 X59.136 Y112.31
G1 F1500 X69.514 Y122.688 E1690.27312
G0 F9000 X70.079 Y122.688
G1 F1500 X59.701 Y112.31 E1690.76127
G0 F9000 X60.267 Y112.31
G1 F1500 X70.645 Y122.688 E1691.24942
G0 F9000 X71.211 Y122.688
G1 F1500 X60.833 Y112.31 E1691.73757
G0 F9000 X61.398 Y112.31
G1 F1500 X71.776 Y122.688 E1692.22572
G0 F9000 X72.342 Y122.688
G1 F1500 X61.964 Y112.31 E1692.71387
G0 F9000 X62.53 Y112.31
G1 F1500 X72.908 Y122.688 E1693.20202
G0 F9000 X73.474 Y122.688
G1 F1500 X63.095 Y112.31 E1693.69019
G0 F9000 X63.661 Y112.31
G1 F1500 X74.039 Y122.688 E1694.17834
G0 F9000 X74.605 Y122.688
G1 F1500 X64.227 Y112.31 E1694.66649
G0 F9000 X64.792 Y112.31
G1 F1500 X75.171 Y122.688 E1695.15466
G0 F9000 X75.736 Y122.688
G1 F1500 X65.358 Y112.31 E1695.64281
G0 F9000 X65.924 Y112.31
G1 F1500 X76.302 Y122.688 E1696.13096
G0 F9000 X76.868 Y122.688
G1 F1500 X66.489 Y112.31 E1696.61913
G0 F9000 X67.055 Y112.31
G1 F1500 X77.433 Y122.688 E1697.10728
G0 F9000 X77.999 Y122.688
G1 F1500 X67.621 Y112.31 E1697.59543
G0 F9000 X68.187 Y112.31
G1 F1500 X78.565 Y122.688 E1698.08358
G0 F9000 X79.13 Y122.688
G1 F1500 X68.752 Y112.31 E1698.57173
G0 F9000 X69.318 Y112.31
G1 F1500 X79.696 Y122.688 E1699.05988
G0 F9000 X80.262 Y122.688
G1 F1500 X69.884 Y112.31 E1699.54803
G0 F9000 X70.449 Y112.31
G1 F1500 X80.827 Y122.688 E1700.03618
G0 F9000 X81.393 Y122.688
G1 F1500 X71.015 Y112.31 E1700.52433
G0 F9000 X71.581 Y112.31
G1 F1500 X81.959 Y122.688 E1701.01247
G0 F9000 X82.525 Y122.688
G1 F1500 X72.146 Y112.31 E1701.50065
G0 F9000 X72.712 Y112.31
G1 F1500 X83.09 Y122.688 E1701.9888
G0 F9000 X83.656 Y122.688
G1 F1500 X73.278 Y112.31 E1702.47695
G0 F9000 X73.843 Y112.31
G1 F1500 X84.222 Y122.688 E1702.96512
G0 F9000 X84.787 Y122.688
G1 F1500 X74.409 Y112.31 E1703.45327
G0 F9000 X74.975 Y112.31
G1 F1500 X85.353 Y122.688 E1703.94142
G0 F9000 X85.919 Y122.688
G1 F1500 X75.54 Y112.31 E1704.42959
G0 F9000 X76.106 Y112.31
G1 F1500 X86.484 Y122.688 E1704.91774
G0 F9000 X87.05 Y122.688
G1 F1500 X76.672 Y112.31 E1705.40589
G0 F9000 X77.237 Y112.31
G1 F1500 X87.616 Y122.688 E1705.89406
G0 F9000 X88.181 Y122.688
G1 F1500 X77.803 Y112.31 E1706.38221
G0 F9000 X78.369 Y112.31
G1 F1500 X88.747 Y122.688 E1706.87036
G0 F9000 X89.313 Y122.688
G1 F1500 X78.935 Y112.31 E1707.35851
G0 F9000 X79.5 Y112.31
G1 F1500 X89.878 Y122.688 E1707.84666
G0 F9000 X90.444 Y122.688
G1 F1500 X80.066 Y112.31 E1708.33481
G0 F9000 X80.632 Y112.31
G1 F1500 X91.01 Y122.688 E1708.82296
G0 F9000 X91.575 Y122.688
G1 F1500 X81.197 Y112.31 E1709.31111
G0 F9000 X81.763 Y112.31
G1 F1500 X92.141 Y122.688 E1709.79926
G0 F9000 X92.707 Y122.688
G1 F1500 X82.329 Y112.31 E1710.28741
G0 F9000 X82.894 Y112.31
G1 F1500 X93.273 Y122.688 E1710.77558
G0 F9000 X93.838 Y122.688
G1 F1500 X83.46 Y112.31 E1711.26373
G0 F9000 X84.026 Y112.31
G1 F1500 X94.404 Y122.688 E1711.75188
G0 F9000 X94.97 Y122.688
G1 F1500 X84.591 Y112.31 E1712.24005
G0 F9000 X85.157 Y112.31
G1 F1500 X95.535 Y122.688 E1712.7282
G0 F9000 X96.101 Y122.688
G1 F1500 X85.723 Y112.31 E1713.21635
G0 F9000 X86.288 Y112.31
G1 F1500 X96.667 Y122.688 E1713.70452
G0 F9000 X97.232 Y122.688
G1 F1500 X86.854 Y112.31 E1714.19267
G0 F9000 X87.42 Y112.31
G1 F1500 X97.798 Y122.688 E1714.68082
G0 F9000 X98.364 Y122.688
G1 F1500 X87.986 Y112.31 E1715.16897
G0 F9000 X88.551 Y112.31
G1 F1500 X98.929 Y122.688 E1715.65712
G0 F9000 X99.495 Y122.688
G1 F1500 X89.117 Y112.31 E1716.14527
G0 F9000 X89.683 Y112.31
G1 F1500 X100.061 Y122.688 E1716.63342
G0 F9000 X100.626 Y122.688
G1 F1500 X90.248 Y112.31 E1717.12157
G0 F9000 X90.814 Y112.31
G1 F1500 X101.192 Y122.688 E1717.60972
G0 F9000 X101.758 Y122.688
G1 F1500 X91.38 Y112.31 E1718.09786
G0 F9000 X91.945 Y112.31
G1 F1500 X102.324 Y122.688 E1718.58604
G0 F9000 X102.889 Y122.688
G1 F1500 X92.511 Y112.31 E1719.07419
G0 F9000 X93.077 Y112.31
G1 F1500 X103.455 Y122.688 E1719.56234
G0 F9000 X104.021 Y122.688
G1 F1500 X93.642 Y112.31 E1720.05051
G0 F9000 X94.208 Y112.31
G1 F1500 X104.586 Y122.688 E1720.53866
G0 F9000 X105.152 Y122.688
G1 F1500 X94.774 Y112.31 E1721.02681
G0 F9000 X95.339 Y112.31
G1 F1500 X105.718 Y122.688 E1721.51498
G0 F9000 X106.283 Y122.688
G1 F1500 X95.905 Y112.31 E1722.00313
G0 F9000 X96.471 Y112.31
G1 F1500 X106.849 Y122.688 E1722.49128
G0 F9000 X107.415 Y122.688
G1 F1500 X97.036 Y112.31 E1722.97945
G0 F9000 X97.602 Y112.31
G1 F1500 X107.98 Y122.688 E1723.4676
G0 F9000 X108.546 Y122.688
G1 F1500 X98.168 Y112.31 E1723.95575
G0 F9000 X98.734 Y112.31
G1 F1500 X109.112 Y122.688 E1724.4439
G0 F9000 X109.677 Y122.688
G1 F1500 X99.299 Y112.31 E1724.93205
G0 F9000 X99.865 Y112.31
G1 F1500 X110.243 Y122.688 E1725.4202
G0 F9000 X110.809 Y122.688
G1 F1500 X100.431 Y112.31 E1725.90835
G0 F9000 X100.996 Y112.31
G1 F1500 X111.374 Y122.688 E1726.3965
G0 F9000 X111.94 Y122.688
G1 F1500 X101.562 Y112.31 E1726.88465
G0 F9000 X102.128 Y112.31
G1 F1500 X112.506 Y122.688 E1727.3728
G0 F9000 X113.072 Y122.688
G1 F1500 X102.693 Y112.31 E1727.86097
G0 F9000 X103.259 Y112.31
G1 F1500 X113.637 Y122.688 E1728.34912
G0 F9000 X114.203 Y122.688
G1 F1500 X103.825 Y112.31 E1728.83727
G0 F9000 X104.39 Y112.31
G1 F1500 X114.769 Y122.688 E1729.32544
G0 F9000 X115.334 Y122.688
G1 F1500 X104.956 Y112.31 E1729.81359
G0 F9000 X105.522 Y112.31
G1 F1500 X115.9 Y122.688 E1730.30174
G0 F9000 X116.466 Y122.688
G1 F1500 X106.087 Y112.31 E1730.78991
G0 F9000 X106.653 Y112.31
G1 F1500 X117.031 Y122.688 E1731.27806
G0 F9000 X117.598 Y122.689
G1 F1500 X107.219 Y112.31 E1731.76626
G0 F9000 X107.784 Y112.31
G1 F1500 X118.163 Y122.689 E1732.25445
G0 F9000 X118.729 Y122.689
G1 F1500 X108.35 Y112.31 E1732.74265
G0 F9000 X108.916 Y112.31
G1 F1500 X119.295 Y122.689 E1733.23085
G0 F9000 X119.86 Y122.689
G1 F1500 X109.482 Y112.31 E1733.71902
G0 F9000 X110.047 Y112.31
G1 F1500 X120.426 Y122.689 E1734.20722
G0 F9000 X120.992 Y122.689
G1 F1500 X110.613 Y112.31 E1734.69541
G0 F9000 X111.179 Y112.31
G1 F1500 X121.558 Y122.689 E1735.18361
G0 F9000 X122.123 Y122.689
G1 F1500 X111.744 Y112.31 E1735.6718
G0 F9000 X112.31 Y112.31
G1 F1500 X122.689 Y122.689 E1736.16
G0 F9000 X123.255 Y122.689
G1 F1500 X112.876 Y112.31 E1736.6482
G0 F9000 X113.441 Y112.31
G1 F1500 X123.82 Y122.689 E1737.13639
G0 F9000 X124.386 Y122.689
G1 F1500 X114.007 Y112.31 E1737.62459
G0 F9000 X114.573 Y112.31
G1 F1500 X124.952 Y122.689 E1738.11279
G0 F9000 X125.517 Y122.689
G1 F1500 X115.138 Y112.31 E1738.60098
G0 F9000 X115.704 Y112.31
G1 F1500 X126.083 Y122.689 E1739.08918
G0 F9000 X126.649 Y122.689
G1 F1500 X116.27 Y112.31 E1739.57738
G0 F9000 X116.835 Y112.31
G1 F1500 X127.214 Y122.689 E1740.06557
G0 F9000 X127.78 Y122.689
G1 F1500 X117.401 Y112.31 E1740.55377
G0 F9000 X117.967 Y112.31
G1 F1500 X128.346 Y122.689 E1741.04196
G0 F9000 X128.911 Y122.689
G1 F1500 X118.533 Y112.31 E1741.53014
G0 F9000 X119.098 Y112.31
G1 F1500 X129.477 Y122.689 E1742.01833
G0 F9000 X130.043 Y122.689
G1 F1500 X119.664 Y112.31 E1742.50653
G0 F9000 X120.23 Y112.31
G1 F1500 X130.608 Y122.689 E1742.9947
G0 F9000 X131.174 Y122.689
G1 F1500 X120.795 Y112.31 E1743.4829
G0 F9000 X121.361 Y112.31
G1 F1500 X131.74 Y122.689 E1743.9711
G0 F9000 X132.306 Y122.689
G1 F1500 X121.927 Y112.31 E1744.45929
G0 F9000 X122.492 Y112.31
G1 F1500 X132.871 Y122.689 E1744.94749
G0 F9000 X133.437 Y122.689
G1 F1500 X123.058 Y112.31 E1745.43568
G0 F9000 X123.624 Y112.31
G1 F1500 X134.003 Y122.689 E1745.92388
G0 F9000 X134.568 Y122.689
G1 F1500 X124.189 Y112.31 E1746.41208
G0 F9000 X124.755 Y112.31
G1 F1500 X135.134 Y122.689 E1746.90027
G0 F9000 X135.7 Y122.689
G1 F1500 X125.321 Y112.31 E1747.38847
G0 F9000 X125.886 Y112.31
G1 F1500 X136.265 Y122.689 E1747.87667
G0 F9000 X136.831 Y122.689
G1 F1500 X126.452 Y112.31 E1748.36486
G0 F9000 X127.018 Y112.31
G1 F1500 X137.397 Y122.689 E1748.85306
G0 F9000 X137.962 Y122.689
G1 F1500 X127.583 Y112.31 E1749.34125
G0 F9000 X128.149 Y112.31
G1 F1500 X138.528 Y122.689 E1749.82945
G0 F9000 X139.094 Y122.689
G1 F1500 X128.715 Y112.31 E1750.31765
G0 F9000 X129.281 Y112.31
G1 F1500 X139.659 Y122.689 E1750.80582
G0 F9000 X140.225 Y122.689
G1 F1500 X129.846 Y112.31 E1751.29402
G0 F9000 X130.412 Y112.31
G1 F1500 X140.791 Y122.689 E1751.78221
G0 F9000 X141.357 Y122.689
G1 F1500 X130.978 Y112.31 E1752.27041
G0 F9000 X131.543 Y112.31
G1 F1500 X141.922 Y122.689 E1752.75861
G0 F9000 X142.488 Y122.689
G1 F1500 X132.109 Y112.31 E1753.2468
G0 F9000 X132.675 Y112.31
G1 F1500 X143.054 Y122.689 E1753.735
G0 F9000 X143.619 Y122.689
G1 F1500 X133.24 Y112.31 E1754.22319
G0 F9000 X133.806 Y112.31
G1 F1500 X144.185 Y122.689 E1754.71139
G0 F9000 X144.751 Y122.689
G1 F1500 X134.372 Y112.31 E1755.19959
G0 F9000 X134.937 Y112.31
G1 F1500 X145.316 Y122.689 E1755.68778
G0 F9000 X145.882 Y122.689
G1 F1500 X135.503 Y112.31 E1756.17598
G0 F9000 X136.069 Y112.31
G1 F1500 X146.448 Y122.689 E1756.66418
G0 F9000 X147.013 Y122.689
G1 F1500 X136.634 Y112.31 E1757.15237
G0 F9000 X137.2 Y112.31
G1 F1500 X147.579 Y122.689 E1757.64057
G0 F9000 X148.145 Y122.689
G1 F1500 X137.766 Y112.31 E1758.12877
G0 F9000 X138.332 Y112.31
G1 F1500 X148.71 Y122.689 E1758.61694
G0 F9000 X149.276 Y122.689
G1 F1500 X138.897 Y112.31 E1759.10513
G0 F9000 X139.463 Y112.31
G1 F1500 X149.842 Y122.689 E1759.59333
G0 F9000 X150.407 Y122.689
G1 F1500 X140.029 Y112.31 E1760.0815
G0 F9000 X140.594 Y112.31
G1 F1500 X150.973 Y122.689 E1760.5697
G0 F9000 X151.539 Y122.689
G1 F1500 X141.16 Y112.31 E1761.0579
G0 F9000 X141.726 Y112.31
G1 F1500 X152.105 Y122.689 E1761.54609
G0 F9000 X152.67 Y122.689
G1 F1500 X142.291 Y112.31 E1762.03429
G0 F9000 X142.857 Y112.31
G1 F1500 X153.236 Y122.689 E1762.52249
G0 F9000 X153.802 Y122.689
G1 F1500 X143.423 Y112.31 E1763.01068
G0 F9000 X143.988 Y112.31
G1 F1500 X154.367 Y122.689 E1763.49888
G0 F9000 X154.933 Y122.689
G1 F1500 X144.554 Y112.31 E1763.98707
G0 F9000 X145.12 Y112.31
G1 F1500 X155.499 Y122.689 E1764.47527
G0 F9000 X156.064 Y122.689
G1 F1500 X145.685 Y112.31 E1764.96347
G0 F9000 X146.251 Y112.31
G1 F1500 X156.63 Y122.689 E1765.45166
G0 F9000 X157.196 Y122.689
G1 F1500 X146.817 Y112.31 E1765.93986
G0 F9000 X147.382 Y112.31
G1 F1500 X157.761 Y122.689 E1766.42806
G0 F9000 X158.327 Y122.689
G1 F1500 X147.948 Y112.31 E1766.91625
G0 F9000 X148.514 Y112.31
G1 F1500 X158.893 Y122.689 E1767.40445
G0 F9000 X159.458 Y122.689
G1 F1500 X149.08 Y112.31 E1767.89262
G0 F9000 X149.645 Y112.31
G1 F1500 X160.024 Y122.689 E1768.38082
G0 F9000 X160.59 Y122.689
G1 F1500 X150.211 Y112.31 E1768.86901
G0 F9000 X150.777 Y112.31
G1 F1500 X161.155 Y122.689 E1769.35719
G0 F9000 X161.721 Y122.689
G1 F1500 X151.342 Y112.31 E1769.84538
G0 F9000 X151.908 Y112.31
G1 F1500 X162.287 Y122.689 E1770.33358
G0 F9000 X162.853 Y122.689
G1 F1500 X152.474 Y112.31 E1770.82178
G0 F9000 X153.039 Y112.31
G1 F1500 X163.418 Y122.689 E1771.30997
G0 F9000 X163.984 Y122.689
G1 F1500 X153.605 Y112.31 E1771.79817
G0 F9000 X154.171 Y112.31
G1 F1500 X164.55 Y122.689 E1772.28637
G0 F9000 X165.115 Y122.689
G1 F1500 X154.736 Y112.31 E1772.77456
G0 F9000 X155.302 Y112.31
G1 F1500 X165.681 Y122.689 E1773.26276
G0 F9000 X166.247 Y122.689
G1 F1500 X155.868 Y112.31 E1773.75095
G0 F9000 X156.433 Y112.31
G1 F1500 X166.812 Y122.689 E1774.23915
G0 F9000 X167.378 Y122.689
G1 F1500 X156.999 Y112.31 E1774.72735
G0 F9000 X157.565 Y112.31
G1 F1500 X167.944 Y122.689 E1775.21554
G0 F9000 X168.509 Y122.689
G1 F1500 X158.13 Y112.31 E1775.70374
G0 F9000 X158.696 Y112.31
G1 F1500 X169.075 Y122.689 E1776.19194
G0 F9000 X169.641 Y122.689
G1 F1500 X159.262 Y112.31 E1776.68013
G0 F9000 X159.828 Y112.31
G1 F1500 X170.206 Y122.689 E1777.1683
G0 F9000 X170.772 Y122.689
G1 F1500 X160.393 Y112.31 E1777.6565
G0 F9000 X160.959 Y112.31
G1 F1500 X171.338 Y122.689 E1778.1447
G0 F9000 X171.904 Y122.689
G1 F1500 X161.525 Y112.31 E1778.63289
G0 F9000 X162.09 Y112.31
G1 F1500 X172.469 Y122.689 E1779.12109
G0 F9000 X173.035 Y122.689
G1 F1500 X162.656 Y112.31 E1779.60929
G0 F9000 X163.222 Y112.31
G1 F1500 X173.601 Y122.689 E1780.09748
G0 F9000 X174.166 Y122.689
G1 F1500 X163.787 Y112.31 E1780.58568
G0 F9000 X164.353 Y112.31
G1 F1500 X174.732 Y122.689 E1781.07388
G0 F9000 X175.298 Y122.689
G1 F1500 X164.919 Y112.31 E1781.56207
G0 F9000 X165.484 Y112.31
G1 F1500 X175.863 Y122.689 E1782.05027
G0 F9000 X176.429 Y122.689
G1 F1500 X166.05 Y112.31 E1782.53846
G0 F9000 X166.616 Y112.31
G1 F1500 X176.995 Y122.689 E1783.02666
G0 F9000 X177.56 Y122.689
G1 F1500 X167.181 Y112.31 E1783.51486
G0 F9000 X167.747 Y112.31
G1 F1500 X178.126 Y122.689 E1784.00305
G0 F9000 X178.692 Y122.689
G1 F1500 X168.313 Y112.31 E1784.49125
G0 F9000 X168.879 Y112.31
G1 F1500 X179.257 Y122.689 E1784.97942
G0 F9000 X179.823 Y122.689
G1 F1500 X169.444 Y112.31 E1785.46762
G0 F9000 X170.01 Y112.31
G1 F1500 X179.839 Y122.139 E1785.92995
G0 F9000 X179.839 Y121.574
G1 F1500 X170.576 Y112.31 E1786.36567
G0 F9000 X171.141 Y112.31
G1 F1500 X179.839 Y121.008 E1786.7748
G0 F9000 X179.839 Y120.442
G1 F1500 X171.707 Y112.31 E1787.1573
G0 F9000 X172.273 Y112.31
G1 F1500 X179.839 Y119.877 E1787.51321
G0 F9000 X179.839 Y119.311
G1 F1500 X172.838 Y112.31 E1787.84251
G0 F9000 X173.404 Y112.31
G1 F1500 X179.839 Y118.745 E1788.1452
G0 F9000 X179.839 Y118.18
G1 F1500 X173.97 Y112.31 E1788.42128
G0 F9000 X174.535 Y112.31
G1 F1500 X179.839 Y117.614 E1788.67076
G0 F9000 X179.839 Y117.048
G1 F1500 X175.101 Y112.31 E1788.89362
G0 F9000 X175.667 Y112.31
G1 F1500 X179.839 Y116.483 E1789.08989
G0 F9000 X179.839 Y115.917
G1 F1500 X176.232 Y112.31 E1789.25955
G0 F9000 X176.798 Y112.31
G1 F1500 X179.839 Y115.351 E1789.40259
G0 F9000 X179.839 Y114.786
G1 F1500 X177.364 Y112.31 E1789.51903
G0 F9000 X177.929 Y112.31
G1 F1500 X179.839 Y114.22 E1789.60887
G0 F9000 X179.839 Y113.654
G1 F1500 X178.495 Y112.31 E1789.67209
G0 F9000 X179.061 Y112.31
G1 F1500 X179.839 Y113.089 E1789.7087
G0 F9000 X179.839 Y112.523
G1 F1500 X179.627 Y112.31 E1789.7187
G1 F2700 E1784.7187
;MESH:NONMESH
G0 F300 X179.627 Y112.31 Z2.8
G0 F9000 X179.627 Y111.85
G0 X180.228 Y111.922
G0 X180.228 Y123.078
G0 X54.6 Y123.25
;TIME_ELAPSED:2514.580387
;LAYER:13
;TYPE:WALL-INNER
;MESH:D790-17 Thermoplastic Specimen.STL
G1 F2700 E1789.7187
G1 F1500 X180.4 Y123.25 E1793.90282
G1 X180.4 Y117.5 E1794.09407
G1 X180.4 Y111.75 E1794.28532
G1 X54.6 Y111.75 E1798.46944
G1 X54.6 Y123.25 E1798.85193
G1 F2700 E1793.85193
G0 F9000 X54.47 Y111.62
G1 F2700 E1798.85193
G0 F9000 X54.2 Y111.35
;TYPE:WALL-OUTER
G1 F1500 X180.8 Y111.35 E1803.06267
G1 X180.8 Y117.5 E1803.26722
G1 X180.8 Y123.65 E1803.47177
G1 X54.2 Y123.65 E1807.6825
G1 X54.2 Y111.35 E1808.0916
G0 F9000 X54.47 Y111.62
G0 X54.7 Y112.11
G0 X54.96 Y112.11
;TYPE:SKIN
G1 F1500 X180.04 Y112.11 E1812.25178
G1 X180.04 Y117.5 E1812.43105
G1 X180.04 Y122.89 E1812.61032
G1 X54.96 Y122.89 E1816.7705
G1 X54.96 Y112.11 E1817.12904
G0 F9000 X55.159 Y112.848
G1 F1500 X55.698 Y112.309 E1817.1544
G0 F9000 X56.264 Y112.309
G1 F1500 X55.159 Y113.414 E1817.20637
G0 F9000 X55.159 Y113.979
G1 F1500 X56.83 Y112.309 E1817.28495
G0 F9000 X57.395 Y112.309
G1 F1500 X55.159 Y114.545 E1817.39012
G0 F9000 X55.159 Y115.111
G1 F1500 X57.961 Y112.309 E1817.52192
G0 F9000 X58.527 Y112.309
G1 F1500 X55.159 Y115.677 E1817.68034
G0 F9000 X55.159 Y116.242
G1 F1500 X59.092 Y112.309 E1817.86533
G0 F9000 X59.658 Y112.309
G1 F1500 X55.159 Y116.808 E1818.07695
G0 F9000 X55.159 Y117.374
G1 F1500 X60.224 Y112.309 E1818.3152
G0 F9000 X60.789 Y112.309
G1 F1500 X55.159 Y117.939 E1818.58001
G0 F9000 X55.159 Y118.505
G1 F1500 X61.355 Y112.309 E1818.87145
G0 F9000 X61.921 Y112.309
G1 F1500 X55.159 Y119.071 E1819.18952
G0 F9000 X55.159 Y119.636
G1 F1500 X62.487 Y112.309 E1819.53418
G0 F9000 X63.052 Y112.309
G1 F1500 X55.159 Y120.202 E1819.90544
G0 F9000 X55.159 Y120.768
G1 F1500 X63.618 Y112.309 E1820.30333
G0 F9000 X64.184 Y112.309
G1 F1500 X55.159 Y121.333 E1820.72781
G0 F9000 X55.159 Y121.899
G1 F1500 X64.749 Y112.309 E1821.1789
G0 F9000 X65.315 Y112.309
G1 F1500 X55.159 Y122.465 E1821.65661
G0 F9000 X55.501 Y122.689
G1 F1500 X65.881 Y112.309 E1822.14485
G0 F9000 X66.446 Y112.309
G1 F1500 X56.067 Y122.689 E1822.63307
G0 F9000 X56.632 Y122.689
G1 F1500 X67.012 Y112.309 E1823.12131
G0 F9000 X67.578 Y112.309
G1 F1500 X57.198 Y122.689 E1823.60956
G0 F9000 X57.764 Y122.689
G1 F1500 X68.143 Y112.309 E1824.09778
G0 F9000 X68.709 Y112.309
G1 F1500 X58.329 Y122.689 E1824.58602
G0 F9000 X58.895 Y122.689
G1 F1500 X69.275 Y112.309 E1825.07426
G0 F9000 X69.84 Y112.309
G1 F1500 X59.461 Y122.689 E1825.56248
G0 F9000 X60.027 Y122.689
G1 F1500 X70.406 Y112.309 E1826.0507
G0 F9000 X70.972 Y112.309
G1 F1500 X60.592 Y122.689 E1826.53895
G0 F9000 X61.158 Y122.689
G1 F1500 X71.537 Y112.309 E1827.02717
G0 F9000 X72.103 Y112.309
G1 F1500 X61.724 Y122.689 E1827.51539
G0 F9000 X62.289 Y122.689
G1 F1500 X72.669 Y112.309 E1828.00363
G0 F9000 X73.235 Y112.309
G1 F1500 X62.855 Y122.689 E1828.49187
G0 F9000 X63.421 Y122.689
G1 F1500 X73.8 Y112.309 E1828.98009
G0 F9000 X74.366 Y112.309
G1 F1500 X63.986 Y122.689 E1829.46834
G0 F9000 X64.552 Y122.689
G1 F1500 X74.932 Y112.309 E1829.95658
G0 F9000 X75.497 Y112.309
G1 F1500 X65.118 Y122.689 E1830.4448
G0 F9000 X65.683 Y122.689
G1 F1500 X76.063 Y112.309 E1830.93304
G0 F9000 X76.629 Y112.309
G1 F1500 X66.249 Y122.689 E1831.42129
G0 F9000 X66.815 Y122.689
G1 F1500 X77.194 Y112.309 E1831.90951
G0 F9000 X77.76 Y112.309
G1 F1500 X67.38 Y122.689 E1832.39775
G0 F9000 X67.946 Y122.689
G1 F1500 X78.326 Y112.309 E1832.88599
G0 F9000 X78.891 Y112.309
G1 F1500 X68.512 Y122.689 E1833.37421
G0 F9000 X69.077 Y122.689
G1 F1500 X79.457 Y112.309 E1833.86246
G0 F9000 X80.023 Y112.309
G1 F1500 X69.643 Y122.689 E1834.3507
G0 F9000 X70.209 Y122.689
G1 F1500 X80.588 Y112.309 E1834.83892
G0 F9000 X81.154 Y112.309
G1 F1500 X70.775 Y122.689 E1835.32714
G0 F9000 X71.34 Y122.689
G1 F1500 X81.72 Y112.309 E1835.81538
G0 F9000 X82.286 Y112.309
G1 F1500 X71.906 Y122.689 E1836.30362
G0 F9000 X72.472 Y122.689
G1 F1500 X82.851 Y112.309 E1836.79184
G0 F9000 X83.417 Y112.309
G1 F1500 X73.037 Y122.689 E1837.28009
G0 F9000 X73.603 Y122.689
G1 F1500 X83.983 Y112.309 E1837.76833
G0 F9000 X84.548 Y112.309
G1 F1500 X74.169 Y122.689 E1838.25655
G0 F9000 X74.734 Y122.689
G1 F1500 X85.114 Y112.309 E1838.74479
G0 F9000 X85.68 Y112.309
G1 F1500 X75.3 Y122.689 E1839.23304
G0 F9000 X75.866 Y122.689
G1 F1500 X86.245 Y112.309 E1839.72126
G0 F9000 X86.811 Y112.309
G1 F1500 X76.431 Y122.689 E1840.2095
G0 F9000 X76.997 Y122.689
G1 F1500 X87.377 Y112.309 E1840.69774
G0 F9000 X87.942 Y112.309
G1 F1500 X77.563 Y122.689 E1841.18596
G0 F9000 X78.128 Y122.689
G1 F1500 X88.508 Y112.309 E1841.67421
G0 F9000 X89.074 Y112.309
G1 F1500 X78.694 Y122.689 E1842.16245
G0 F9000 X79.26 Y122.689
G1 F1500 X89.639 Y112.309 E1842.65067
G0 F9000 X90.205 Y112.309
G1 F1500 X79.825 Y122.689 E1843.13891
G0 F9000 X80.391 Y122.689
G1 F1500 X90.771 Y112.309 E1843.62716
G0 F9000 X91.336 Y112.309
G1 F1500 X80.957 Y122.689 E1844.11538
G0 F9000 X81.523 Y122.689
G1 F1500 X91.902 Y112.309 E1844.6036
G0 F9000 X92.468 Y112.309
G1 F1500 X82.088 Y122.689 E1845.09184
G0 F9000 X82.654 Y122.689
G1 F1500 X93.034 Y112.309 E1845.58008
G0 F9000 X93.599 Y112.309
G1 F1500 X83.22 Y122.689 E1846.0683
G0 F9000 X83.785 Y122.689
G1 F1500 X94.165 Y112.309 E1846.55655
G0 F9000 X94.731 Y112.309
G1 F1500 X84.351 Y122.689 E1847.04479
G0 F9000 X84.917 Y122.689
G1 F1500 X95.296 Y112.309 E1847.53301
G0 F9000 X95.862 Y112.309
G1 F1500 X85.482 Y122.689 E1848.02125
G0 F9000 X86.048 Y122.689
G1 F1500 X96.428 Y112.309 E1848.5095
G0 F9000 X96.993 Y112.309
G1 F1500 X86.614 Y122.689 E1848.99772
G0 F9000 X87.179 Y122.689
G1 F1500 X97.559 Y112.309 E1849.48596
G0 F9000 X98.125 Y112.309
G1 F1500 X87.745 Y122.689 E1849.9742
G0 F9000 X88.311 Y122.689
G1 F1500 X98.69 Y112.309 E1850.46242
G0 F9000 X99.256 Y112.309
G1 F1500 X88.876 Y122.689 E1850.95067
G0 F9000 X89.442 Y122.689
G1 F1500 X99.822 Y112.309 E1851.43891
G0 F9000 X100.387 Y112.309
G1 F1500 X90.008 Y122.689 E1851.92713
G0 F9000 X90.574 Y122.689
G1 F1500 X100.953 Y112.309 E1852.41535
G0 F9000 X101.519 Y112.309
G1 F1500 X91.139 Y122.689 E1852.90359
G0 F9000 X91.705 Y122.689
G1 F1500 X102.085 Y112.309 E1853.39184
G0 F9000 X102.65 Y112.309
G1 F1500 X92.271 Y122.689 E1853.88006
G0 F9000 X92.836 Y122.689
G1 F1500 X103.216 Y112.309 E1854.3683
G0 F9000 X103.782 Y112.309
G1 F1500 X93.402 Y122.689 E1854.85654
G0 F9000 X93.968 Y122.689
G1 F1500 X104.347 Y112.309 E1855.34476
G0 F9000 X104.913 Y112.309
G1 F1500 X94.533 Y122.689 E1855.83301
G0 F9000 X95.099 Y122.689
G1 F1500 X105.479 Y112.309 E1856.32125
G0 F9000 X106.044 Y112.309
G1 F1500 X95.665 Y122.689 E1856.80947
G0 F9000 X96.23 Y122.689
G1 F1500 X106.61 Y112.309 E1857.29771
G0 F9000 X107.176 Y112.309
G1 F1500 X96.796 Y122.689 E1857.78596
G0 F9000 X97.362 Y122.689
G1 F1500 X107.741 Y112.309 E1858.27418
G0 F9000 X108.307 Y112.309
G1 F1500 X97.927 Y122.689 E1858.76242
G0 F9000 X98.493 Y122.689
G1 F1500 X108.873 Y112.309 E1859.25066
G0 F9000 X109.438 Y112.309
G1 F1500 X99.059 Y122.689 E1859.73888
G0 F9000 X99.624 Y122.689
G1 F1500 X110.004 Y112.309 E1860.22713
G0 F9000 X110.57 Y112.309
G1 F1500 X100.19 Y122.689 E1860.71537
G0 F9000 X100.756 Y122.689
G1 F1500 X111.135 Y112.309 E1861.20359
G0 F9000 X111.701 Y112.309
G1 F1500 X101.322 Y122.689 E1861.69181
G0 F9000 X101.887 Y122.689
G1 F1500 X112.267 Y112.309 E1862.18005
G0 F9000 X112.833 Y112.309
G1 F1500 X102.453 Y122.689 E1862.6683
G0 F9000 X103.019 Y122.689
G1 F1500 X113.398 Y112.309 E1863.15652
G0 F9000 X113.964 Y112.309
G1 F1500 X103.584 Y122.689 E1863.64476
G0 F9000 X104.15 Y122.689
G1 F1500 X114.53 Y112.309 E1864.133
G0 F9000 X115.095 Y112.309
G1 F1500 X104.716 Y122.689 E1864.62122
G0 F9000 X105.281 Y122.689
G1 F1500 X115.661 Y112.309 E1865.10947
G0 F9000 X116.227 Y112.309
G1 F1500 X105.847 Y122.689 E1865.59771
G0 F9000 X106.413 Y122.689
G1 F1500 X116.792 Y112.309 E1866.08593
G0 F9000 X117.358 Y112.309
G1 F1500 X106.978 Y122.689 E1866.57417
G0 F9000 X107.544 Y122.689
G1 F1500 X117.924 Y112.309 E1867.06242
G0 F9000 X118.489 Y112.309
G1 F1500 X108.11 Y122.689 E1867.55064
G0 F9000 X108.675 Y122.689
G1 F1500 X119.055 Y112.309 E1868.03888
G0 F9000 X119.621 Y112.309
G1 F1500 X109.241 Y122.689 E1868.52712
G0 F9000 X109.807 Y122.689
G1 F1500 X120.186 Y112.309 E1869.01534
G0 F9000 X120.752 Y112.309
G1 F1500 X110.373 Y122.689 E1869.50356
G0 F9000 X110.938 Y122.689
G1 F1500 X121.318 Y112.309 E1869.99181
G0 F9000 X121.883 Y112.309
G1 F1500 X111.504 Y122.689 E1870.48003
G0 F9000 X112.07 Y122.689
G1 F1500 X122.449 Y112.309 E1870.96825
G0 F9000 X123.015 Y112.309
G1 F1500 X112.635 Y122.689 E1871.45649
G0 F9000 X113.201 Y122.689
G1 F1500 X123.581 Y112.309 E1871.94473
G0 F9000 X124.146 Y112.309
G1 F1500 X113.767 Y122.689 E1872.43295
G0 F9000 X114.332 Y122.689
G1 F1500 X124.712 Y112.309 E1872.9212
G0 F9000 X125.278 Y112.309
G1 F1500 X114.898 Y122.689 E1873.40944
G0 F9000 X115.464 Y122.689
G1 F1500 X125.843 Y112.309 E1873.89766
G0 F9000 X126.409 Y112.309
G1 F1500 X116.029 Y122.689 E1874.3859
G0 F9000 X116.595 Y122.689
G1 F1500 X126.975 Y112.309 E1874.87415
G0 F9000 X127.54 Y112.309
G1 F1500 X117.161 Y122.689 E1875.36237
G0 F9000 X117.726 Y122.69
G1 F1500 X128.106 Y112.309 E1875.85063
G0 F9000 X128.672 Y112.309
G1 F1500 X118.291 Y122.69 E1876.33892
G0 F9000 X118.857 Y122.69
G1 F1500 X129.237 Y112.309 E1876.82719
G0 F9000 X129.803 Y112.309
G1 F1500 X119.423 Y122.69 E1877.31546
G0 F9000 X119.988 Y122.69
G1 F1500 X130.369 Y112.309 E1877.80375
G0 F9000 X130.934 Y112.309
G1 F1500 X120.554 Y122.69 E1878.29201
G0 F9000 X121.12 Y122.69
G1 F1500 X131.5 Y112.309 E1878.78028
G0 F9000 X132.066 Y112.309
G1 F1500 X121.686 Y122.69 E1879.26855
G0 F9000 X122.251 Y122.69
G1 F1500 X132.632 Y112.309 E1879.75684
G0 F9000 X133.197 Y112.309
G1 F1500 X122.817 Y122.69 E1880.24511
G0 F9000 X123.383 Y122.69
G1 F1500 X133.763 Y112.309 E1880.73337
G0 F9000 X134.329 Y112.309
G1 F1500 X123.948 Y122.69 E1881.22166
G0 F9000 X124.514 Y122.69
G1 F1500 X134.894 Y112.309 E1881.70993
G0 F9000 X135.46 Y112.309
G1 F1500 X125.08 Y122.69 E1882.1982
G0 F9000 X125.645 Y122.69
G1 F1500 X136.026 Y112.309 E1882.68649
G0 F9000 X136.591 Y112.309
G1 F1500 X126.211 Y122.69 E1883.17475
G0 F9000 X126.777 Y122.69
G1 F1500 X137.157 Y112.309 E1883.66302
G0 F9000 X137.723 Y112.309
G1 F1500 X127.342 Y122.69 E1884.15131
G0 F9000 X127.908 Y122.69
G1 F1500 X138.288 Y112.309 E1884.63958
G0 F9000 X138.854 Y112.309
G1 F1500 X128.474 Y122.69 E1885.12784
G0 F9000 X129.039 Y122.69
G1 F1500 X139.42 Y112.309 E1885.61614
G0 F9000 X139.985 Y112.309
G1 F1500 X129.605 Y122.69 E1886.1044
G0 F9000 X130.171 Y122.69
G1 F1500 X140.551 Y112.309 E1886.59267
G0 F9000 X141.117 Y112.309
G1 F1500 X130.736 Y122.69 E1887.08096
G0 F9000 X131.302 Y122.69
G1 F1500 X141.682 Y112.309 E1887.56923
G0 F9000 X142.248 Y112.309
G1 F1500 X131.868 Y122.69 E1888.05749
G0 F9000 X132.434 Y122.69
G1 F1500 X142.814 Y112.309 E1888.54576
G0 F9000 X143.38 Y112.309
G1 F1500 X132.999 Y122.69 E1889.03405
G0 F9000 X133.565 Y122.69
G1 F1500 X143.945 Y112.309 E1889.52232
G0 F9000 X144.511 Y112.309
G1 F1500 X134.131 Y122.69 E1890.01058
G0 F9000 X134.696 Y122.69
G1 F1500 X145.077 Y112.309 E1890.49887
G0 F9000 X145.642 Y112.309
G1 F1500 X135.262 Y122.69 E1890.98714
G0 F9000 X135.828 Y122.69
G1 F1500 X146.208 Y112.309 E1891.47541
G0 F9000 X146.774 Y112.309
G1 F1500 X136.393 Y122.69 E1891.9637
G0 F9000 X136.959 Y122.69
G1 F1500 X147.339 Y112.309 E1892.45197
G0 F9000 X147.905 Y112.309
G1 F1500 X137.525 Y122.69 E1892.94023
G0 F9000 X138.09 Y122.69
G1 F1500 X148.471 Y112.309 E1893.42852
G0 F9000 X149.036 Y112.309
G1 F1500 X138.656 Y122.69 E1893.91679
G0 F9000 X139.222 Y122.69
G1 F1500 X149.602 Y112.309 E1894.40506
G0 F9000 X150.168 Y112.309
G1 F1500 X139.787 Y122.69 E1894.89335
G0 F9000 X140.353 Y122.69
G1 F1500 X150.733 Y112.309 E1895.38161
G0 F9000 X151.299 Y112.309
G1 F1500 X140.919 Y122.69 E1895.86988
G0 F9000 X141.484 Y122.69
G1 F1500 X151.865 Y112.309 E1896.35817
G0 F9000 X152.431 Y112.309
G1 F1500 X142.05 Y122.69 E1896.84646
G0 F9000 X142.616 Y122.69
G1 F1500 X152.996 Y112.309 E1897.33473
G0 F9000 X153.562 Y112.309
G1 F1500 X143.182 Y122.69 E1897.823
G0 F9000 X143.747 Y122.69
G1 F1500 X154.128 Y112.309 E1898.31129
G0 F9000 X154.693 Y112.309
G1 F1500 X144.313 Y122.69 E1898.79955
G0 F9000 X144.879 Y122.69
G1 F1500 X155.259 Y112.309 E1899.28782
G0 F9000 X155.825 Y112.309
G1 F1500 X145.444 Y122.69 E1899.77611
G0 F9000 X146.01 Y122.69
G1 F1500 X156.39 Y112.309 E1900.26438
G0 F9000 X156.956 Y112.309
G1 F1500 X146.576 Y122.69 E1900.75264
G0 F9000 X147.141 Y122.69
G1 F1500 X157.522 Y112.309 E1901.24093
G0 F9000 X158.087 Y112.309
G1 F1500 X147.707 Y122.69 E1901.7292
G0 F9000 X148.273 Y122.69
G1 F1500 X158.653 Y112.309 E1902.21747
G0 F9000 X159.219 Y112.309
G1 F1500 X148.838 Y122.69 E1902.70576
G0 F9000 X149.404 Y122.69
G1 F1500 X159.784 Y112.309 E1903.19403
G0 F9000 X160.35 Y112.309
G1 F1500 X149.97 Y122.69 E1903.68229
G0 F9000 X150.535 Y122.69
G1 F1500 X160.916 Y112.309 E1904.17058
G0 F9000 X161.481 Y112.309
G1 F1500 X151.101 Y122.69 E1904.65885
G0 F9000 X151.667 Y122.69
G1 F1500 X162.047 Y112.309 E1905.14712
G0 F9000 X162.613 Y112.309
G1 F1500 X152.233 Y122.69 E1905.63538
G0 F9000 X152.798 Y122.69
G1 F1500 X163.179 Y112.309 E1906.12367
G0 F9000 X163.744 Y112.309
G1 F1500 X153.364 Y122.69 E1906.61194
G0 F9000 X153.93 Y122.69
G1 F1500 X164.31 Y112.309 E1907.10021
G0 F9000 X164.876 Y112.309
G1 F1500 X154.495 Y122.69 E1907.5885
G0 F9000 X155.061 Y122.69
G1 F1500 X165.441 Y112.309 E1908.07677
G0 F9000 X166.007 Y112.309
G1 F1500 X155.627 Y122.69 E1908.56503
G0 F9000 X156.192 Y122.69
G1 F1500 X166.573 Y112.309 E1909.05332
G0 F9000 X167.138 Y112.309
G1 F1500 X156.758 Y122.69 E1909.54159
G0 F9000 X157.324 Y122.69
G1 F1500 X167.704 Y112.309 E1910.02986
G0 F9000 X168.27 Y112.309
G1 F1500 X157.889 Y122.69 E1910.51815
G0 F9000 X158.455 Y122.69
G1 F1500 X168.835 Y112.309 E1911.00641
G0 F9000 X169.401 Y112.309
G1 F1500 X159.021 Y122.69 E1911.49468
G0 F9000 X159.586 Y122.69
G1 F1500 X169.967 Y112.309 E1911.98297
G0 F9000 X170.532 Y112.309
G1 F1500 X160.152 Y122.69 E1912.47124
G0 F9000 X160.718 Y122.69
G1 F1500 X171.098 Y112.309 E1912.9595
G0 F9000 X171.664 Y112.309
G1 F1500 X161.283 Y122.69 E1913.4478
G0 F9000 X161.849 Y122.69
G1 F1500 X172.229 Y112.309 E1913.93606
G0 F9000 X172.795 Y112.309
G1 F1500 X162.415 Y122.69 E1914.42433
G0 F9000 X162.981 Y122.69
G1 F1500 X173.361 Y112.309 E1914.9126
G0 F9000 X173.927 Y112.309
G1 F1500 X163.546 Y122.69 E1915.40089
G0 F9000 X164.112 Y122.69
G1 F1500 X174.492 Y112.309 E1915.88915
G0 F9000 X175.058 Y112.309
G1 F1500 X164.678 Y122.69 E1916.37742
G0 F9000 X165.243 Y122.69
G1 F1500 X175.624 Y112.309 E1916.86571
G0 F9000 X176.189 Y112.309
G1 F1500 X165.809 Y122.69 E1917.35398
G0 F9000 X166.375 Y122.69
G1 F1500 X176.755 Y112.309 E1917.84224
G0 F9000 X177.321 Y112.309
G1 F1500 X166.94 Y122.69 E1918.33053
G0 F9000 X167.506 Y122.69
G1 F1500 X177.886 Y112.309 E1918.8188
G0 F9000 X178.452 Y112.309
G1 F1500 X168.072 Y122.69 E1919.30707
G0 F9000 X168.637 Y122.69
G1 F1500 X179.018 Y112.309 E1919.79536
G0 F9000 X179.583 Y112.309
G1 F1500 X169.203 Y122.69 E1920.28363
G0 F9000 X169.769 Y122.69
G1 F1500 X179.839 Y112.62 E1920.75729
G0 F9000 X179.839 Y113.185
G1 F1500 X170.334 Y122.69 E1921.20437
G0 F9000 X170.9 Y122.69
G1 F1500 X179.839 Y113.751 E1921.62484
G0 F9000 X179.839 Y114.317
G1 F1500 X171.466 Y122.69 E1922.01868
G0 F9000 X172.032 Y122.69
G1 F1500 X179.839 Y114.882 E1922.38592
G0 F9000 X179.839 Y115.448
G1 F1500 X172.597 Y122.69 E1922.72656
G0 F9000 X173.163 Y122.69
G1 F1500 X179.839 Y116.014 E1923.04058
G0 F9000 X179.839 Y116.579
G1 F1500 X173.729 Y122.69 E1923.328
G0 F9000 X174.294 Y122.69
G1 F1500 X179.839 Y117.145 E1923.58882
G0 F9000 X179.839 Y117.711
G1 F1500 X174.86 Y122.69 E1923.82301
G0 F9000 X175.426 Y122.69
G1 F1500 X179.839 Y118.277 E1924.03059
G0 F9000 X179.839 Y118.842
G1 F1500 X175.991 Y122.69 E1924.21159
G0 F9000 X176.557 Y122.69
G1 F1500 X179.839 Y119.408 E1924.36596
G0 F9000 X179.839 Y119.974
G1 F1500 X177.123 Y122.69 E1924.49371
G0 F9000 X177.688 Y122.69
G1 F1500 X179.839 Y120.539 E1924.59489
G0 F9000 X179.839 Y121.105
G1 F1500 X178.254 Y122.69 E1924.66944
G0 F9000 X178.82 Y122.69
G1 F1500 X179.839 Y121.671 E1924.71737
G0 F9000 X179.839 Y122.236
G1 F1500 X179.385 Y122.69 E1924.73873
;MESH:NONMESH
G0 F300 X179.385 Y122.69 Z3
G0 F9000 X179.385 Y123.15
G0 X180.228 Y123.078
G0 X180.4 Y111.75
;TIME_ELAPSED:2697.866502
;LAYER:14
;TYPE:WALL-INNER
;MESH:D790-17 Thermoplastic Specimen.STL
G1 F1500 X180.4 Y123.25 E1925.12122
G1 X54.6 Y123.25 E1929.30535
G1 X54.6 Y111.75 E1929.68784
G1 X180.4 Y111.75 E1933.87196
G1 F2700 E1928.87196
G0 F9000 X180.228 Y123.078
G0 X54.47 Y123.38
G1 F2700 E1933.87196
G0 F9000 X54.2 Y123.65
;TYPE:WALL-OUTER
G1 F1500 X180.8 Y123.65 E1938.0827
G1 X180.8 Y111.35 E1938.49179
G1 X54.2 Y111.35 E1942.70253
G1 X54.2 Y123.65 E1943.11163
G0 F9000 X54.47 Y123.38
G0 X54.7 Y122.89
G0 X54.96 Y122.89
;TYPE:SKIN
G1 F1500 X180.04 Y122.89 E1947.27181
G1 X180.04 Y117.5 E1947.45108
G1 X180.04 Y112.11 E1947.63035
G1 X54.96 Y112.11 E1951.79053
G1 X54.96 Y122.89 E1952.14907
G0 F9000 X55.372 Y122.688
G1 F1500 X55.159 Y122.476 E1952.15907
G0 F9000 X55.159 Y121.91
G1 F1500 X55.937 Y122.688 E1952.19566
G0 F9000 X56.503 Y122.688
G1 F1500 X55.159 Y121.345 E1952.25886
G0 F9000 X55.159 Y120.779
G1 F1500 X57.069 Y122.688 E1952.34867
G0 F9000 X57.634 Y122.688
G1 F1500 X55.159 Y120.213 E1952.46509
G0 F9000 X55.159 Y119.648
G1 F1500 X58.2 Y122.688 E1952.6081
G0 F9000 X58.766 Y122.688
G1 F1500 X55.159 Y119.082 E1952.77774
G0 F9000 X55.159 Y118.516
G1 F1500 X59.331 Y122.688 E1952.97398
G0 F9000 X59.897 Y122.688
G1 F1500 X55.159 Y117.951 E1953.19682
G0 F9000 X55.159 Y117.385
G1 F1500 X60.463 Y122.688 E1953.44628
G0 F9000 X61.028 Y122.688
G1 F1500 X55.159 Y116.819 E1953.72234
G0 F9000 X55.159 Y116.254
G1 F1500 X61.594 Y122.688 E1954.025
G0 F9000 X62.16 Y122.688
G1 F1500 X55.159 Y115.688 E1954.35428
G0 F9000 X55.159 Y115.122
G1 F1500 X62.726 Y122.688 E1954.71019
G0 F9000 X63.291 Y122.688
G1 F1500 X55.159 Y114.556 E1955.09269
G0 F9000 X55.159 Y113.991
G1 F1500 X63.857 Y122.688 E1955.50179
G0 F9000 X64.423 Y122.688
G1 F1500 X55.159 Y113.425 E1955.93752
G0 F9000 X55.159 Y112.859
G1 F1500 X64.988 Y122.688 E1956.39985
G0 F9000 X65.554 Y122.688
G1 F1500 X55.176 Y112.31 E1956.888
G0 F9000 X55.741 Y112.31
G1 F1500 X66.12 Y122.688 E1957.37617
G0 F9000 X66.685 Y122.688
G1 F1500 X56.307 Y112.31 E1957.86432
G0 F9000 X56.873 Y112.31
G1 F1500 X67.251 Y122.688 E1958.35247
G0 F9000 X67.817 Y122.688
G1 F1500 X57.438 Y112.31 E1958.84064
G0 F9000 X58.004 Y112.31
G1 F1500 X68.382 Y122.688 E1959.32879
G0 F9000 X68.948 Y122.688
G1 F1500 X58.57 Y112.31 E1959.81694
G0 F9000 X59.136 Y112.31
G1 F1500 X69.514 Y122.688 E1960.30509
G0 F9000 X70.079 Y122.688
G1 F1500 X59.701 Y112.31 E1960.79324
G0 F9000 X60.267 Y112.31
G1 F1500 X70.645 Y122.688 E1961.28139
G0 F9000 X71.211 Y122.688
G1 F1500 X60.833 Y112.31 E1961.76954
G0 F9000 X61.398 Y112.31
G1 F1500 X71.776 Y122.688 E1962.25768
G0 F9000 X72.342 Y122.688
G1 F1500 X61.964 Y112.31 E1962.74583
G0 F9000 X62.53 Y112.31
G1 F1500 X72.908 Y122.688 E1963.23398
G0 F9000 X73.474 Y122.688
G1 F1500 X63.095 Y112.31 E1963.72216
G0 F9000 X63.661 Y112.31
G1 F1500 X74.039 Y122.688 E1964.21031
G0 F9000 X74.605 Y122.688
G1 F1500 X64.227 Y112.31 E1964.69845
G0 F9000 X64.792 Y112.31
G1 F1500 X75.171 Y122.688 E1965.18663
G0 F9000 X75.736 Y122.688
G1 F1500 X65.358 Y112.31 E1965.67478
G0 F9000 X65.924 Y112.31
G1 F1500 X76.302 Y122.688 E1966.16293
G0 F9000 X76.868 Y122.688
G1 F1500 X66.489 Y112.31 E1966.6511
G0 F9000 X67.055 Y112.31
G1 F1500 X77.433 Y122.688 E1967.13925
G0 F9000 X77.999 Y122.688
G1 F1500 X67.621 Y112.31 E1967.6274
G0 F9000 X68.187 Y112.31
G1 F1500 X78.565 Y122.688 E1968.11555
G0 F9000 X79.13 Y122.688
G1 F1500 X68.752 Y112.31 E1968.6037
G0 F9000 X69.318 Y112.31
G1 F1500 X79.696 Y122.688 E1969.09185
G0 F9000 X80.262 Y122.688
G1 F1500 X69.884 Y112.31 E1969.57999
G0 F9000 X70.449 Y112.31
G1 F1500 X80.827 Y122.688 E1970.06814
G0 F9000 X81.393 Y122.688
G1 F1500 X71.015 Y112.31 E1970.55629
G0 F9000 X71.581 Y112.31
G1 F1500 X81.959 Y122.688 E1971.04444
G0 F9000 X82.525 Y122.688
G1 F1500 X72.146 Y112.31 E1971.53262
G0 F9000 X72.712 Y112.31
G1 F1500 X83.09 Y122.688 E1972.02077
G0 F9000 X83.656 Y122.688
G1 F1500 X73.278 Y112.31 E1972.50891
G0 F9000 X73.843 Y112.31
G1 F1500 X84.222 Y122.688 E1972.99709
G0 F9000 X84.787 Y122.688
G1 F1500 X74.409 Y112.31 E1973.48524
G0 F9000 X74.975 Y112.31
G1 F1500 X85.353 Y122.688 E1973.97339
G0 F9000 X85.919 Y122.688
G1 F1500 X75.54 Y112.31 E1974.46156
G0 F9000 X76.106 Y112.31
G1 F1500 X86.484 Y122.688 E1974.94971
G0 F9000 X87.05 Y122.688
G1 F1500 X76.672 Y112.31 E1975.43786
G0 F9000 X77.237 Y112.31
G1 F1500 X87.616 Y122.688 E1975.92603
G0 F9000 X88.181 Y122.688
G1 F1500 X77.803 Y112.31 E1976.41418
G0 F9000 X78.369 Y112.31
G1 F1500 X88.747 Y122.688 E1976.90233
G0 F9000 X89.313 Y122.688
G1 F1500 X78.935 Y112.31 E1977.39048
G0 F9000 X79.5 Y112.31
G1 F1500 X89.878 Y122.688 E1977.87863
G0 F9000 X90.444 Y122.688
G1 F1500 X80.066 Y112.31 E1978.36678
G0 F9000 X80.632 Y112.31
G1 F1500 X91.01 Y122.688 E1978.85493
G0 F9000 X91.575 Y122.688
G1 F1500 X81.197 Y112.31 E1979.34308
G0 F9000 X81.763 Y112.31
G1 F1500 X92.141 Y122.688 E1979.83122
G0 F9000 X92.707 Y122.688
G1 F1500 X82.329 Y112.31 E1980.31937
G0 F9000 X82.894 Y112.31
G1 F1500 X93.273 Y122.688 E1980.80755
G0 F9000 X93.838 Y122.688
G1 F1500 X83.46 Y112.31 E1981.2957
G0 F9000 X84.026 Y112.31
G1 F1500 X94.404 Y122.688 E1981.78385
G0 F9000 X94.97 Y122.688
G1 F1500 X84.591 Y112.31 E1982.27202
G0 F9000 X85.157 Y112.31
G1 F1500 X95.535 Y122.688 E1982.76017
G0 F9000 X96.101 Y122.688
G1 F1500 X85.723 Y112.31 E1983.24832
G0 F9000 X86.288 Y112.31
G1 F1500 X96.667 Y122.688 E1983.73649
G0 F9000 X97.232 Y122.688
G1 F1500 X86.854 Y112.31 E1984.22464
G0 F9000 X87.42 Y112.31
G1 F1500 X97.798 Y122.688 E1984.71279
G0 F9000 X98.364 Y122.688
G1 F1500 X87.986 Y112.31 E1985.20094
G0 F9000 X88.551 Y112.31
G1 F1500 X98.929 Y122.688 E1985.68909
G0 F9000 X99.495 Y122.688
G1 F1500 X89.117 Y112.31 E1986.17724
G0 F9000 X89.683 Y112.31
G1 F1500 X100.061 Y122.688 E1986.66539
G0 F9000 X100.626 Y122.688
G1 F1500 X90.248 Y112.31 E1987.15353
G0 F9000 X90.814 Y112.31
G1 F1500 X101.192 Y122.688 E1987.64168
G0 F9000 X101.758 Y122.688
G1 F1500 X91.38 Y112.31 E1988.12983
G0 F9000 X91.945 Y112.31
G1 F1500 X102.324 Y122.688 E1988.61801
G0 F9000 X102.889 Y122.688
G1 F1500 X92.511 Y112.31 E1989.10616
G0 F9000 X93.077 Y112.31
G1 F1500 X103.455 Y122.688 E1989.5943
G0 F9000 X104.021 Y122.688
G1 F1500 X93.642 Y112.31 E1990.08248
G0 F9000 X94.208 Y112.31
G1 F1500 X104.586 Y122.688 E1990.57063
G0 F9000 X105.152 Y122.688
G1 F1500 X94.774 Y112.31 E1991.05878
G0 F9000 X95.339 Y112.31
G1 F1500 X105.718 Y122.688 E1991.54695
G0 F9000 X106.283 Y122.688
G1 F1500 X95.905 Y112.31 E1992.0351
G0 F9000 X96.471 Y112.31
G1 F1500 X106.849 Y122.688 E1992.52325
G0 F9000 X107.415 Y122.688
G1 F1500 X97.036 Y112.31 E1993.01142
G0 F9000 X97.602 Y112.31
G1 F1500 X107.98 Y122.688 E1993.49957
G0 F9000 X108.546 Y122.688
G1 F1500 X98.168 Y112.31 E1993.98772
G0 F9000 X98.734 Y112.31
G1 F1500 X109.112 Y122.688 E1994.47587
G0 F9000 X109.677 Y122.688
G1 F1500 X99.299 Y112.31 E1994.96402
G0 F9000 X99.865 Y112.31
G1 F1500 X110.243 Y122.688 E1995.45217
G0 F9000 X110.809 Y122.688
G1 F1500 X100.431 Y112.31 E1995.94032
G0 F9000 X100.996 Y112.31
G1 F1500 X111.374 Y122.688 E1996.42847
G0 F9000 X111.94 Y122.688
G1 F1500 X101.562 Y112.31 E1996.91661
G0 F9000 X102.128 Y112.31
G1 F1500 X112.506 Y122.688 E1997.40476
G0 F9000 X113.072 Y122.688
G1 F1500 X102.693 Y112.31 E1997.89294
G0 F9000 X103.259 Y112.31
G1 F1500 X113.637 Y122.688 E1998.38109
G0 F9000 X114.203 Y122.688
G1 F1500 X103.825 Y112.31 E1998.86924
G0 F9000 X104.39 Y112.31
G1 F1500 X114.769 Y122.688 E1999.35741
G0 F9000 X115.334 Y122.688
G1 F1500 X104.956 Y112.31 E1999.84556
G0 F9000 X105.522 Y112.31
G1 F1500 X115.9 Y122.688 E2000.33371
G0 F9000 X116.466 Y122.688
G1 F1500 X106.087 Y112.31 E2000.82188
G0 F9000 X106.653 Y112.31
G1 F1500 X117.031 Y122.688 E2001.31003
G0 F9000 X117.598 Y122.689
G1 F1500 X107.219 Y112.31 E2001.79823
G0 F9000 X107.784 Y112.31
G1 F1500 X118.163 Y122.689 E2002.28642
G0 F9000 X118.729 Y122.689
G1 F1500 X108.35 Y112.31 E2002.77462
G0 F9000 X108.916 Y112.31
G1 F1500 X119.295 Y122.689 E2003.26281
G0 F9000 X119.86 Y122.689
G1 F1500 X109.482 Y112.31 E2003.75099
G0 F9000 X110.047 Y112.31
G1 F1500 X120.426 Y122.689 E2004.23918
G0 F9000 X120.992 Y122.689
G1 F1500 X110.613 Y112.31 E2004.72738
G0 F9000 X111.179 Y112.31
G1 F1500 X121.558 Y122.689 E2005.21558
G0 F9000 X122.123 Y122.689
G1 F1500 X111.744 Y112.31 E2005.70377
G0 F9000 X112.31 Y112.31
G1 F1500 X122.689 Y122.689 E2006.19197
G0 F9000 X123.255 Y122.689
G1 F1500 X112.876 Y112.31 E2006.68017
G0 F9000 X113.441 Y112.31
G1 F1500 X123.82 Y122.689 E2007.16836
G0 F9000 X124.386 Y122.689
G1 F1500 X114.007 Y112.31 E2007.65656
G0 F9000 X114.573 Y112.31
G1 F1500 X124.952 Y122.689 E2008.14475
G0 F9000 X125.517 Y122.689
G1 F1500 X115.138 Y112.31 E2008.63295
G0 F9000 X115.704 Y112.31
G1 F1500 X126.083 Y122.689 E2009.12115
G0 F9000 X126.649 Y122.689
G1 F1500 X116.27 Y112.31 E2009.60934
G0 F9000 X116.835 Y112.31
G1 F1500 X127.214 Y122.689 E2010.09754
G0 F9000 X127.78 Y122.689
G1 F1500 X117.401 Y112.31 E2010.58574
G0 F9000 X117.967 Y112.31
G1 F1500 X128.346 Y122.689 E2011.07393
G0 F9000 X128.911 Y122.689
G1 F1500 X118.533 Y112.31 E2011.5621
G0 F9000 X119.098 Y112.31
G1 F1500 X129.477 Y122.689 E2012.0503
G0 F9000 X130.043 Y122.689
G1 F1500 X119.664 Y112.31 E2012.5385
G0 F9000 X120.23 Y112.31
G1 F1500 X130.608 Y122.689 E2013.02667
G0 F9000 X131.174 Y122.689
G1 F1500 X120.795 Y112.31 E2013.51487
G0 F9000 X121.361 Y112.31
G1 F1500 X131.74 Y122.689 E2014.00306
G0 F9000 X132.306 Y122.689
G1 F1500 X121.927 Y112.31 E2014.49126
G0 F9000 X122.492 Y112.31
G1 F1500 X132.871 Y122.689 E2014.97946
G0 F9000 X133.437 Y122.689
G1 F1500 X123.058 Y112.31 E2015.46765
G0 F9000 X123.624 Y112.31
G1 F1500 X134.003 Y122.689 E2015.95585
G0 F9000 X134.568 Y122.689
G1 F1500 X124.189 Y112.31 E2016.44404
G0 F9000 X124.755 Y112.31
G1 F1500 X135.134 Y122.689 E2016.93224
G0 F9000 X135.7 Y122.689
G1 F1500 X125.321 Y112.31 E2017.42044
G0 F9000 X125.886 Y112.31
G1 F1500 X136.265 Y122.689 E2017.90863
G0 F9000 X136.831 Y122.689
G1 F1500 X126.452 Y112.31 E2018.39683
G0 F9000 X127.018 Y112.31
G1 F1500 X137.397 Y122.689 E2018.88503
G0 F9000 X137.962 Y122.689
G1 F1500 X127.583 Y112.31 E2019.37322
G0 F9000 X128.149 Y112.31
G1 F1500 X138.528 Y122.689 E2019.86142
G0 F9000 X139.094 Y122.689
G1 F1500 X128.715 Y112.31 E2020.34962
G0 F9000 X129.281 Y112.31
G1 F1500 X139.659 Y122.689 E2020.83779
G0 F9000 X140.225 Y122.689
G1 F1500 X129.846 Y112.31 E2021.32598
G0 F9000 X130.412 Y112.31
G1 F1500 X140.791 Y122.689 E2021.81418
G0 F9000 X141.357 Y122.689
G1 F1500 X130.978 Y112.31 E2022.30238
G0 F9000 X131.543 Y112.31
G1 F1500 X141.922 Y122.689 E2022.79057
G0 F9000 X142.488 Y122.689
G1 F1500 X132.109 Y112.31 E2023.27877
G0 F9000 X132.675 Y112.31
G1 F1500 X143.054 Y122.689 E2023.76697
G0 F9000 X143.619 Y122.689
G1 F1500 X133.24 Y112.31 E2024.25516
G0 F9000 X133.806 Y112.31
G1 F1500 X144.185 Y122.689 E2024.74336
G0 F9000 X144.751 Y122.689
G1 F1500 X134.372 Y112.31 E2025.23156
G0 F9000 X134.937 Y112.31
G1 F1500 X145.316 Y122.689 E2025.71975
G0 F9000 X145.882 Y122.689
G1 F1500 X135.503 Y112.31 E2026.20795
G0 F9000 X136.069 Y112.31
G1 F1500 X146.448 Y122.689 E2026.69614
G0 F9000 X147.013 Y122.689
G1 F1500 X136.634 Y112.31 E2027.18434
G0 F9000 X137.2 Y112.31
G1 F1500 X147.579 Y122.689 E2027.67254
G0 F9000 X148.145 Y122.689
G1 F1500 X137.766 Y112.31 E2028.16073
G0 F9000 X138.332 Y112.31
G1 F1500 X148.71 Y122.689 E2028.64891
G0 F9000 X149.276 Y122.689
G1 F1500 X138.897 Y112.31 E2029.1371
G0 F9000 X139.463 Y112.31
G1 F1500 X149.842 Y122.689 E2029.6253
G0 F9000 X150.407 Y122.689
G1 F1500 X140.029 Y112.31 E2030.11347
G0 F9000 X140.594 Y112.31
G1 F1500 X150.973 Y122.689 E2030.60167
G0 F9000 X151.539 Y122.689
G1 F1500 X141.16 Y112.31 E2031.08986
G0 F9000 X141.726 Y112.31
G1 F1500 X152.105 Y122.689 E2031.57806
G0 F9000 X152.67 Y122.689
G1 F1500 X142.291 Y112.31 E2032.06626
G0 F9000 X142.857 Y112.31
G1 F1500 X153.236 Y122.689 E2032.55445
G0 F9000 X153.802 Y122.689
G1 F1500 X143.423 Y112.31 E2033.04265
G0 F9000 X143.988 Y112.31
G1 F1500 X154.367 Y122.689 E2033.53085
G0 F9000 X154.933 Y122.689
G1 F1500 X144.554 Y112.31 E2034.01904
G0 F9000 X145.12 Y112.31
G1 F1500 X155.499 Y122.689 E2034.50724
G0 F9000 X156.064 Y122.689
G1 F1500 X145.685 Y112.31 E2034.99544
G0 F9000 X146.251 Y112.31
G1 F1500 X156.63 Y122.689 E2035.48363
G0 F9000 X157.196 Y122.689
G1 F1500 X146.817 Y112.31 E2035.97183
G0 F9000 X147.382 Y112.31
G1 F1500 X157.761 Y122.689 E2036.46002
G0 F9000 X158.327 Y122.689
G1 F1500 X147.948 Y112.31 E2036.94822
G0 F9000 X148.514 Y112.31
G1 F1500 X158.893 Y122.689 E2037.43642
G0 F9000 X159.458 Y122.689
G1 F1500 X149.08 Y112.31 E2037.92459
G0 F9000 X149.645 Y112.31
G1 F1500 X160.024 Y122.689 E2038.41279
G0 F9000 X160.59 Y122.689
G1 F1500 X150.211 Y112.31 E2038.90098
G0 F9000 X150.777 Y112.31
G1 F1500 X161.155 Y122.689 E2039.38916
G0 F9000 X161.721 Y122.689
G1 F1500 X151.342 Y112.31 E2039.87735
G0 F9000 X151.908 Y112.31
G1 F1500 X162.287 Y122.689 E2040.36555
G0 F9000 X162.853 Y122.689
G1 F1500 X152.474 Y112.31 E2040.85374
G0 F9000 X153.039 Y112.31
G1 F1500 X163.418 Y122.689 E2041.34194
G0 F9000 X163.984 Y122.689
G1 F1500 X153.605 Y112.31 E2041.83014
G0 F9000 X154.171 Y112.31
G1 F1500 X164.55 Y122.689 E2042.31833
G0 F9000 X165.115 Y122.689
G1 F1500 X154.736 Y112.31 E2042.80653
G0 F9000 X155.302 Y112.31
G1 F1500 X165.681 Y122.689 E2043.29473
G0 F9000 X166.247 Y122.689
G1 F1500 X155.868 Y112.31 E2043.78292
G0 F9000 X156.433 Y112.31
G1 F1500 X166.812 Y122.689 E2044.27112
G0 F9000 X167.378 Y122.689
G1 F1500 X156.999 Y112.31 E2044.75931
G0 F9000 X157.565 Y112.31
G1 F1500 X167.944 Y122.689 E2045.24751
G0 F9000 X168.509 Y122.689
G1 F1500 X158.13 Y112.31 E2045.73571
G0 F9000 X158.696 Y112.31
G1 F1500 X169.075 Y122.689 E2046.2239
G0 F9000 X169.641 Y122.689
G1 F1500 X159.262 Y112.31 E2046.7121
G0 F9000 X159.828 Y112.31
G1 F1500 X170.206 Y122.689 E2047.20027
G0 F9000 X170.772 Y122.689
G1 F1500 X160.393 Y112.31 E2047.68847
G0 F9000 X160.959 Y112.31
G1 F1500 X171.338 Y122.689 E2048.17667
G0 F9000 X171.904 Y122.689
G1 F1500 X161.525 Y112.31 E2048.66486
G0 F9000 X162.09 Y112.31
G1 F1500 X172.469 Y122.689 E2049.15306
G0 F9000 X173.035 Y122.689
G1 F1500 X162.656 Y112.31 E2049.64125
G0 F9000 X163.222 Y112.31
G1 F1500 X173.601 Y122.689 E2050.12945
G0 F9000 X174.166 Y122.689
G1 F1500 X163.787 Y112.31 E2050.61765
G0 F9000 X164.353 Y112.31
G1 F1500 X174.732 Y122.689 E2051.10584
G0 F9000 X175.298 Y122.689
G1 F1500 X164.919 Y112.31 E2051.59404
G0 F9000 X165.484 Y112.31
G1 F1500 X175.863 Y122.689 E2052.08224
G0 F9000 X176.429 Y122.689
G1 F1500 X166.05 Y112.31 E2052.57043
G0 F9000 X166.616 Y112.31
G1 F1500 X176.995 Y122.689 E2053.05863
G0 F9000 X177.56 Y122.689
G1 F1500 X167.181 Y112.31 E2053.54683
G0 F9000 X167.747 Y112.31
G1 F1500 X178.126 Y122.689 E2054.03502
G0 F9000 X178.692 Y122.689
G1 F1500 X168.313 Y112.31 E2054.52322
G0 F9000 X168.879 Y112.31
G1 F1500 X179.257 Y122.689 E2055.01139
G0 F9000 X179.823 Y122.689
G1 F1500 X169.444 Y112.31 E2055.49959
G0 F9000 X170.01 Y112.31
G1 F1500 X179.839 Y122.139 E2055.96191
G0 F9000 X179.839 Y121.574
G1 F1500 X170.576 Y112.31 E2056.39764
G0 F9000 X171.141 Y112.31
G1 F1500 X179.839 Y121.008 E2056.80677
G0 F9000 X179.839 Y120.442
G1 F1500 X171.707 Y112.31 E2057.18927
G0 F9000 X172.273 Y112.31
G1 F1500 X179.839 Y119.877 E2057.54518
G0 F9000 X179.839 Y119.311
G1 F1500 X172.838 Y112.31 E2057.87448
G0 F9000 X173.404 Y112.31
G1 F1500 X179.839 Y118.745 E2058.17716
G0 F9000 X179.839 Y118.18
G1 F1500 X173.97 Y112.31 E2058.45325
G0 F9000 X174.535 Y112.31
G1 F1500 X179.839 Y117.614 E2058.70273
G0 F9000 X179.839 Y117.048
G1 F1500 X175.101 Y112.31 E2058.92559
G0 F9000 X175.667 Y112.31
G1 F1500 X179.839 Y116.483 E2059.12185
G0 F9000 X179.839 Y115.917
G1 F1500 X176.232 Y112.31 E2059.29152
G0 F9000 X176.798 Y112.31
G1 F1500 X179.839 Y115.351 E2059.43456
G0 F9000 X179.839 Y114.786
G1 F1500 X177.364 Y112.31 E2059.551
G0 F9000 X177.929 Y112.31
G1 F1500 X179.839 Y114.22 E2059.64084
G0 F9000 X179.839 Y113.654
G1 F1500 X178.495 Y112.31 E2059.70405
G0 F9000 X179.061 Y112.31
G1 F1500 X179.839 Y113.089 E2059.74067
G0 F9000 X179.839 Y112.523
G1 F1500 X179.627 Y112.31 E2059.75067
G1 F2700 E2054.75067
;MESH:NONMESH
G0 F300 X179.627 Y112.31 Z3.2
G0 F9000 X179.627 Y111.85
G0 X180.228 Y111.922
G0 X180.228 Y123.078
G0 X54.6 Y123.25
;TIME_ELAPSED:2883.390075
;LAYER:15
;TYPE:WALL-INNER
;MESH:D790-17 Thermoplastic Specimen.STL
G1 F2700 E2059.75067
G1 F1500 X180.4 Y123.25 E2063.93479
G1 X180.4 Y117.5 E2064.12604
G1 X180.4 Y111.75 E2064.31728
G1 X54.6 Y111.75 E2068.50141
G1 X54.6 Y123.25 E2068.8839
G1 F2700 E2063.8839
G0 F9000 X54.47 Y111.62
G1 F2700 E2068.8839
G0 F9000 X54.2 Y111.35
;TYPE:WALL-OUTER
G1 F1500 X180.8 Y111.35 E2073.09463
G1 X180.8 Y117.5 E2073.29918
G1 X180.8 Y123.65 E2073.50373
G1 X54.2 Y123.65 E2077.71447
G1 X54.2 Y111.35 E2078.12357
G0 F9000 X54.47 Y111.62
G0 X54.7 Y112.11
G0 X54.96 Y112.11
;TYPE:SKIN
G1 F1500 X180.04 Y112.11 E2082.28374
G1 X180.04 Y117.5 E2082.46302
G1 X180.04 Y122.89 E2082.64229
G1 X54.96 Y122.89 E2086.80247
G1 X54.96 Y112.11 E2087.16101
G0 F9000 X55.159 Y112.848
G1 F1500 X55.698 Y112.309 E2087.18636
G0 F9000 X56.264 Y112.309
G1 F1500 X55.159 Y113.414 E2087.23834
G0 F9000 X55.159 Y113.979
G1 F1500 X56.83 Y112.309 E2087.31691
G0 F9000 X57.395 Y112.309
G1 F1500 X55.159 Y114.545 E2087.42209
G0 F9000 X55.159 Y115.111
G1 F1500 X57.961 Y112.309 E2087.55389
G0 F9000 X58.527 Y112.309
G1 F1500 X55.159 Y115.677 E2087.71231
G0 F9000 X55.159 Y116.242
G1 F1500 X59.092 Y112.309 E2087.8973
G0 F9000 X59.658 Y112.309
G1 F1500 X55.159 Y116.808 E2088.10892
G0 F9000 X55.159 Y117.374
G1 F1500 X60.224 Y112.309 E2088.34716
G0 F9000 X60.789 Y112.309
G1 F1500 X55.159 Y117.939 E2088.61198
G0 F9000 X55.159 Y118.505
G1 F1500 X61.355 Y112.309 E2088.90342
G0 F9000 X61.921 Y112.309
G1 F1500 X55.159 Y119.071 E2089.22149
G0 F9000 X55.159 Y119.636
G1 F1500 X62.487 Y112.309 E2089.56615
G0 F9000 X63.052 Y112.309
G1 F1500 X55.159 Y120.202 E2089.93741
G0 F9000 X55.159 Y120.768
G1 F1500 X63.618 Y112.309 E2090.3353
G0 F9000 X64.184 Y112.309
G1 F1500 X55.159 Y121.333 E2090.75978
G0 F9000 X55.159 Y121.899
G1 F1500 X64.749 Y112.309 E2091.21087
G0 F9000 X65.315 Y112.309
G1 F1500 X55.159 Y122.465 E2091.68857
G0 F9000 X55.501 Y122.689
G1 F1500 X65.881 Y112.309 E2092.17682
G0 F9000 X66.446 Y112.309
G1 F1500 X56.067 Y122.689 E2092.66504
G0 F9000 X56.632 Y122.689
G1 F1500 X67.012 Y112.309 E2093.15328
G0 F9000 X67.578 Y112.309
G1 F1500 X57.198 Y122.689 E2093.64152
G0 F9000 X57.764 Y122.689
G1 F1500 X68.143 Y112.309 E2094.12974
G0 F9000 X68.709 Y112.309
G1 F1500 X58.329 Y122.689 E2094.61799
G0 F9000 X58.895 Y122.689
G1 F1500 X69.275 Y112.309 E2095.10623
G0 F9000 X69.84 Y112.309
G1 F1500 X59.461 Y122.689 E2095.59445
G0 F9000 X60.027 Y122.689
G1 F1500 X70.406 Y112.309 E2096.08267
G0 F9000 X70.972 Y112.309
G1 F1500 X60.592 Y122.689 E2096.57091
G0 F9000 X61.158 Y122.689
G1 F1500 X71.537 Y112.309 E2097.05913
G0 F9000 X72.103 Y112.309
G1 F1500 X61.724 Y122.689 E2097.54735
G0 F9000 X62.289 Y122.689
G1 F1500 X72.669 Y112.309 E2098.0356
G0 F9000 X73.235 Y112.309
G1 F1500 X62.855 Y122.689 E2098.52384
G0 F9000 X63.421 Y122.689
G1 F1500 X73.8 Y112.309 E2099.01206
G0 F9000 X74.366 Y112.309
G1 F1500 X63.986 Y122.689 E2099.5003
G0 F9000 X64.552 Y122.689
G1 F1500 X74.932 Y112.309 E2099.98855
G0 F9000 X75.497 Y112.309
G1 F1500 X65.118 Y122.689 E2100.47677
G0 F9000 X65.683 Y122.689
G1 F1500 X76.063 Y112.309 E2100.96501
G0 F9000 X76.629 Y112.309
G1 F1500 X66.249 Y122.689 E2101.45325
G0 F9000 X66.815 Y122.689
G1 F1500 X77.194 Y112.309 E2101.94147
G0 F9000 X77.76 Y112.309
G1 F1500 X67.38 Y122.689 E2102.42972
G0 F9000 X67.946 Y122.689
G1 F1500 X78.326 Y112.309 E2102.91796
G0 F9000 X78.891 Y112.309
G1 F1500 X68.512 Y122.689 E2103.40618
G0 F9000 X69.077 Y122.689
G1 F1500 X79.457 Y112.309 E2103.89442
G0 F9000 X80.023 Y112.309
G1 F1500 X69.643 Y122.689 E2104.38267
G0 F9000 X70.209 Y122.689
G1 F1500 X80.588 Y112.309 E2104.87089
G0 F9000 X81.154 Y112.309
G1 F1500 X70.775 Y122.689 E2105.35911
G0 F9000 X71.34 Y122.689
G1 F1500 X81.72 Y112.309 E2105.84735
G0 F9000 X82.286 Y112.309
G1 F1500 X71.906 Y122.689 E2106.33559
G0 F9000 X72.472 Y122.689
G1 F1500 X82.851 Y112.309 E2106.82381
G0 F9000 X83.417 Y112.309
G1 F1500 X73.037 Y122.689 E2107.31206
G0 F9000 X73.603 Y122.689
G1 F1500 X83.983 Y112.309 E2107.8003
G0 F9000 X84.548 Y112.309
G1 F1500 X74.169 Y122.689 E2108.28852
G0 F9000 X74.734 Y122.689
G1 F1500 X85.114 Y112.309 E2108.77676
G0 F9000 X85.68 Y112.309
G1 F1500 X75.3 Y122.689 E2109.26501
G0 F9000 X75.866 Y122.689
G1 F1500 X86.245 Y112.309 E2109.75323
G0 F9000 X86.811 Y112.309
G1 F1500 X76.431 Y122.689 E2110.24147
G0 F9000 X76.997 Y122.689
G1 F1500 X87.377 Y112.309 E2110.72971
G0 F9000 X87.942 Y112.309
G1 F1500 X77.563 Y122.689 E2111.21793
G0 F9000 X78.128 Y122.689
G1 F1500 X88.508 Y112.309 E2111.70618
G0 F9000 X89.074 Y112.309
G1 F1500 X78.694 Y122.689 E2112.19442
G0 F9000 X79.26 Y122.689
G1 F1500 X89.639 Y112.309 E2112.68264
G0 F9000 X90.205 Y112.309
G1 F1500 X79.825 Y122.689 E2113.17088
G0 F9000 X80.391 Y122.689
G1 F1500 X90.771 Y112.309 E2113.65913
G0 F9000 X91.336 Y112.309
G1 F1500 X80.957 Y122.689 E2114.14735
G0 F9000 X81.523 Y122.689
G1 F1500 X91.902 Y112.309 E2114.63557
G0 F9000 X92.468 Y112.309
G1 F1500 X82.088 Y122.689 E2115.12381
G0 F9000 X82.654 Y122.689
G1 F1500 X93.034 Y112.309 E2115.61205
G0 F9000 X93.599 Y112.309
G1 F1500 X83.22 Y122.689 E2116.10027
G0 F9000 X83.785 Y122.689
G1 F1500 X94.165 Y112.309 E2116.58852
G0 F9000 X94.731 Y112.309
G1 F1500 X84.351 Y122.689 E2117.07676
G0 F9000 X84.917 Y122.689
G1 F1500 X95.296 Y112.309 E2117.56498
G0 F9000 X95.862 Y112.309
G1 F1500 X85.482 Y122.689 E2118.05322
G0 F9000 X86.048 Y122.689
G1 F1500 X96.428 Y112.309 E2118.54147
G0 F9000 X96.993 Y112.309
G1 F1500 X86.614 Y122.689 E2119.02969
G0 F9000 X87.179 Y122.689
G1 F1500 X97.559 Y112.309 E2119.51793
G0 F9000 X98.125 Y112.309
G1 F1500 X87.745 Y122.689 E2120.00617
G0 F9000 X88.311 Y122.689
G1 F1500 X98.69 Y112.309 E2120.49439
G0 F9000 X99.256 Y112.309
G1 F1500 X88.876 Y122.689 E2120.98264
G0 F9000 X89.442 Y122.689
G1 F1500 X99.822 Y112.309 E2121.47088
G0 F9000 X100.387 Y112.309
G1 F1500 X90.008 Y122.689 E2121.9591
G0 F9000 X90.574 Y122.689
G1 F1500 X100.953 Y112.309 E2122.44732
G0 F9000 X101.519 Y112.309
G1 F1500 X91.139 Y122.689 E2122.93556
G0 F9000 X91.705 Y122.689
G1 F1500 X102.085 Y112.309 E2123.42381
G0 F9000 X102.65 Y112.309
G1 F1500 X92.271 Y122.689 E2123.91203
G0 F9000 X92.836 Y122.689
G1 F1500 X103.216 Y112.309 E2124.40027
G0 F9000 X103.782 Y112.309
G1 F1500 X93.402 Y122.689 E2124.88851
G0 F9000 X93.968 Y122.689
G1 F1500 X104.347 Y112.309 E2125.37673
G0 F9000 X104.913 Y112.309
G1 F1500 X94.533 Y122.689 E2125.86498
G0 F9000 X95.099 Y122.689
G1 F1500 X105.479 Y112.309 E2126.35322
G0 F9000 X106.044 Y112.309
G1 F1500 X95.665 Y122.689 E2126.84144
G0 F9000 X96.23 Y122.689
G1 F1500 X106.61 Y112.309 E2127.32968
G0 F9000 X107.176 Y112.309
G1 F1500 X96.796 Y122.689 E2127.81793
G0 F9000 X97.362 Y122.689
G1 F1500 X107.741 Y112.309 E2128.30615
G0 F9000 X108.307 Y112.309
G1 F1500 X97.927 Y122.689 E2128.79439
G0 F9000 X98.493 Y122.689
G1 F1500 X108.873 Y112.309 E2129.28263
G0 F9000 X109.438 Y112.309
G1 F1500 X99.059 Y122.689 E2129.77085
G0 F9000 X99.624 Y122.689
G1 F1500 X110.004 Y112.309 E2130.2591
G0 F9000 X110.57 Y112.309
G1 F1500 X100.19 Y122.689 E2130.74734
G0 F9000 X100.756 Y122.689
G1 F1500 X111.135 Y112.309 E2131.23556
G0 F9000 X111.701 Y112.309
G1 F1500 X101.322 Y122.689 E2131.72378
G0 F9000 X101.887 Y122.689
G1 F1500 X112.267 Y112.309 E2132.21202
G0 F9000 X112.833 Y112.309
G1 F1500 X102.453 Y122.689 E2132.70026
G0 F9000 X103.019 Y122.689
G1 F1500 X113.398 Y112.309 E2133.18848
G0 F9000 X113.964 Y112.309
G1 F1500 X103.584 Y122.689 E2133.67673
G0 F9000 X104.15 Y122.689
G1 F1500 X114.53 Y112.309 E2134.16497
G0 F9000 X115.095 Y112.309
G1 F1500 X104.716 Y122.689 E2134.65319
G0 F9000 X105.281 Y122.689
G1 F1500 X115.661 Y112.309 E2135.14143
G0 F9000 X116.227 Y112.309
G1 F1500 X105.847 Y122.689 E2135.62968
G0 F9000 X106.413 Y122.689
G1 F1500 X116.792 Y112.309 E2136.1179
G0 F9000 X117.358 Y112.309
G1 F1500 X106.978 Y122.689 E2136.60614
G0 F9000 X107.544 Y122.689
G1 F1500 X117.924 Y112.309 E2137.09438
G0 F9000 X118.489 Y112.309
G1 F1500 X108.11 Y122.689 E2137.5826
G0 F9000 X108.675 Y122.689
G1 F1500 X119.055 Y112.309 E2138.07085
G0 F9000 X119.621 Y112.309
G1 F1500 X109.241 Y122.689 E2138.55909
G0 F9000 X109.807 Y122.689
G1 F1500 X120.186 Y112.309 E2139.04731
G0 F9000 X120.752 Y112.309
G1 F1500 X110.373 Y122.689 E2139.53553
G0 F9000 X110.938 Y122.689
G1 F1500 X121.318 Y112.309 E2140.02377
G0 F9000 X121.883 Y112.309
G1 F1500 X111.504 Y122.689 E2140.51199
G0 F9000 X112.07 Y122.689
G1 F1500 X122.449 Y112.309 E2141.00021
G0 F9000 X123.015 Y112.309
G1 F1500 X112.635 Y122.689 E2141.48846
G0 F9000 X113.201 Y122.689
G1 F1500 X123.581 Y112.309 E2141.9767
G0 F9000 X124.146 Y112.309
G1 F1500 X113.767 Y122.689 E2142.46492
G0 F9000 X114.332 Y122.689
G1 F1500 X124.712 Y112.309 E2142.95316
G0 F9000 X125.278 Y112.309
G1 F1500 X114.898 Y122.689 E2143.44141
G0 F9000 X115.464 Y122.689
G1 F1500 X125.843 Y112.309 E2143.92963
G0 F9000 X126.409 Y112.309
G1 F1500 X116.029 Y122.689 E2144.41787
G0 F9000 X116.595 Y122.689
G1 F1500 X126.975 Y112.309 E2144.90611
G0 F9000 X127.54 Y112.309
G1 F1500 X117.161 Y122.689 E2145.39433
G0 F9000 X117.726 Y122.69
G1 F1500 X128.106 Y112.309 E2145.8826
G0 F9000 X128.672 Y112.309
G1 F1500 X118.291 Y122.69 E2146.37089
G0 F9000 X118.857 Y122.69
G1 F1500 X129.237 Y112.309 E2146.85916
G0 F9000 X129.803 Y112.309
G1 F1500 X119.423 Y122.69 E2147.34743
G0 F9000 X119.988 Y122.69
G1 F1500 X130.369 Y112.309 E2147.83572
G0 F9000 X130.934 Y112.309
G1 F1500 X120.554 Y122.69 E2148.32398
G0 F9000 X121.12 Y122.69
G1 F1500 X131.5 Y112.309 E2148.81225
G0 F9000 X132.066 Y112.309
G1 F1500 X121.686 Y122.69 E2149.30052
G0 F9000 X122.251 Y122.69
G1 F1500 X132.632 Y112.309 E2149.78881
G0 F9000 X133.197 Y112.309
G1 F1500 X122.817 Y122.69 E2150.27707
G0 F9000 X123.383 Y122.69
G1 F1500 X133.763 Y112.309 E2150.76534
G0 F9000 X134.329 Y112.309
G1 F1500 X123.948 Y122.69 E2151.25363
G0 F9000 X124.514 Y122.69
G1 F1500 X134.894 Y112.309 E2151.7419
G0 F9000 X135.46 Y112.309
G1 F1500 X125.08 Y122.69 E2152.23016
G0 F9000 X125.645 Y122.69
G1 F1500 X136.026 Y112.309 E2152.71846
G0 F9000 X136.591 Y112.309
G1 F1500 X126.211 Y122.69 E2153.20672
G0 F9000 X126.777 Y122.69
G1 F1500 X137.157 Y112.309 E2153.69499
G0 F9000 X137.723 Y112.309
G1 F1500 X127.342 Y122.69 E2154.18328
G0 F9000 X127.908 Y122.69
G1 F1500 X138.288 Y112.309 E2154.67155
G0 F9000 X138.854 Y112.309
G1 F1500 X128.474 Y122.69 E2155.15981
G0 F9000 X129.039 Y122.69
G1 F1500 X139.42 Y112.309 E2155.6481
G0 F9000 X139.985 Y112.309
G1 F1500 X129.605 Y122.69 E2156.13637
G0 F9000 X130.171 Y122.69
G1 F1500 X140.551 Y112.309 E2156.62464
G0 F9000 X141.117 Y112.309
G1 F1500 X130.736 Y122.69 E2157.11293
G0 F9000 X131.302 Y122.69
G1 F1500 X141.682 Y112.309 E2157.60119
G0 F9000 X142.248 Y112.309
G1 F1500 X131.868 Y122.69 E2158.08946
G0 F9000 X132.434 Y122.69
G1 F1500 X142.814 Y112.309 E2158.57773
G0 F9000 X143.38 Y112.309
G1 F1500 X132.999 Y122.69 E2159.06602
G0 F9000 X133.565 Y122.69
G1 F1500 X143.945 Y112.309 E2159.55429
G0 F9000 X144.511 Y112.309
G1 F1500 X134.131 Y122.69 E2160.04255
G0 F9000 X134.696 Y122.69
G1 F1500 X145.077 Y112.309 E2160.53084
G0 F9000 X145.642 Y112.309
G1 F1500 X135.262 Y122.69 E2161.01911
G0 F9000 X135.828 Y122.69
G1 F1500 X146.208 Y112.309 E2161.50738
G0 F9000 X146.774 Y112.309
G1 F1500 X136.393 Y122.69 E2161.99567
G0 F9000 X136.959 Y122.69
G1 F1500 X147.339 Y112.309 E2162.48393
G0 F9000 X147.905 Y112.309
G1 F1500 X137.525 Y122.69 E2162.9722
G0 F9000 X138.09 Y122.69
G1 F1500 X148.471 Y112.309 E2163.46049
G0 F9000 X149.036 Y112.309
G1 F1500 X138.656 Y122.69 E2163.94876
G0 F9000 X139.222 Y122.69
G1 F1500 X149.602 Y112.309 E2164.43703
G0 F9000 X150.168 Y112.309
G1 F1500 X139.787 Y122.69 E2164.92532
G0 F9000 X140.353 Y122.69
G1 F1500 X150.733 Y112.309 E2165.41358
G0 F9000 X151.299 Y112.309
G1 F1500 X140.919 Y122.69 E2165.90185
G0 F9000 X141.484 Y122.69
G1 F1500 X151.865 Y112.309 E2166.39014
G0 F9000 X152.431 Y112.309
G1 F1500 X142.05 Y122.69 E2166.87843
G0 F9000 X142.616 Y122.69
G1 F1500 X152.996 Y112.309 E2167.3667
G0 F9000 X153.562 Y112.309
G1 F1500 X143.182 Y122.69 E2167.85496
G0 F9000 X143.747 Y122.69
G1 F1500 X154.128 Y112.309 E2168.34325
G0 F9000 X154.693 Y112.309
G1 F1500 X144.313 Y122.69 E2168.83152
G0 F9000 X144.879 Y122.69
G1 F1500 X155.259 Y112.309 E2169.31979
G0 F9000 X155.825 Y112.309
G1 F1500 X145.444 Y122.69 E2169.80808
G0 F9000 X146.01 Y122.69
G1 F1500 X156.39 Y112.309 E2170.29635
G0 F9000 X156.956 Y112.309
G1 F1500 X146.576 Y122.69 E2170.78461
G0 F9000 X147.141 Y122.69
G1 F1500 X157.522 Y112.309 E2171.2729
G0 F9000 X158.087 Y112.309
G1 F1500 X147.707 Y122.69 E2171.76117
G0 F9000 X148.273 Y122.69
G1 F1500 X158.653 Y112.309 E2172.24944
G0 F9000 X159.219 Y112.309
G1 F1500 X148.838 Y122.69 E2172.73773
G0 F9000 X149.404 Y122.69
G1 F1500 X159.784 Y112.309 E2173.22599
G0 F9000 X160.35 Y112.309
G1 F1500 X149.97 Y122.69 E2173.71426
G0 F9000 X150.535 Y122.69
G1 F1500 X160.916 Y112.309 E2174.20255
G0 F9000 X161.481 Y112.309
G1 F1500 X151.101 Y122.69 E2174.69082
G0 F9000 X151.667 Y122.69
G1 F1500 X162.047 Y112.309 E2175.17908
G0 F9000 X162.613 Y112.309
G1 F1500 X152.233 Y122.69 E2175.66735
G0 F9000 X152.798 Y122.69
G1 F1500 X163.179 Y112.309 E2176.15564
G0 F9000 X163.744 Y112.309
G1 F1500 X153.364 Y122.69 E2176.64391
G0 F9000 X153.93 Y122.69
G1 F1500 X164.31 Y112.309 E2177.13218
G0 F9000 X164.876 Y112.309
G1 F1500 X154.495 Y122.69 E2177.62047
G0 F9000 X155.061 Y122.69
G1 F1500 X165.441 Y112.309 E2178.10873
G0 F9000 X166.007 Y112.309
G1 F1500 X155.627 Y122.69 E2178.597
G0 F9000 X156.192 Y122.69
G1 F1500 X166.573 Y112.309 E2179.08529
G0 F9000 X167.138 Y112.309
G1 F1500 X156.758 Y122.69 E2179.57356
G0 F9000 X157.324 Y122.69
G1 F1500 X167.704 Y112.309 E2180.06182
G0 F9000 X168.27 Y112.309
G1 F1500 X157.889 Y122.69 E2180.55011
G0 F9000 X158.455 Y122.69
G1 F1500 X168.835 Y112.309 E2181.03838
G0 F9000 X169.401 Y112.309
G1 F1500 X159.021 Y122.69 E2181.52665
G0 F9000 X159.586 Y122.69
G1 F1500 X169.967 Y112.309 E2182.01494
G0 F9000 X170.532 Y112.309
G1 F1500 X160.152 Y122.69 E2182.50321
G0 F9000 X160.718 Y122.69
G1 F1500 X171.098 Y112.309 E2182.99147
G0 F9000 X171.664 Y112.309
G1 F1500 X161.283 Y122.69 E2183.47976
G0 F9000 X161.849 Y122.69
G1 F1500 X172.229 Y112.309 E2183.96803
G0 F9000 X172.795 Y112.309
G1 F1500 X162.415 Y122.69 E2184.4563
G0 F9000 X162.981 Y122.69
G1 F1500 X173.361 Y112.309 E2184.94456
G0 F9000 X173.927 Y112.309
G1 F1500 X163.546 Y122.69 E2185.43285
G0 F9000 X164.112 Y122.69
G1 F1500 X174.492 Y112.309 E2185.92112
G0 F9000 X175.058 Y112.309
G1 F1500 X164.678 Y122.69 E2186.40939
G0 F9000 X165.243 Y122.69
G1 F1500 X175.624 Y112.309 E2186.89768
G0 F9000 X176.189 Y112.309
G1 F1500 X165.809 Y122.69 E2187.38595
G0 F9000 X166.375 Y122.69
G1 F1500 X176.755 Y112.309 E2187.87421
G0 F9000 X177.321 Y112.309
G1 F1500 X166.94 Y122.69 E2188.3625
G0 F9000 X167.506 Y122.69
G1 F1500 X177.886 Y112.309 E2188.85077
G0 F9000 X178.452 Y112.309
G1 F1500 X168.072 Y122.69 E2189.33904
G0 F9000 X168.637 Y122.69
G1 F1500 X179.018 Y112.309 E2189.82733
G0 F9000 X179.583 Y112.309
G1 F1500 X169.203 Y122.69 E2190.31559
G0 F9000 X169.769 Y122.69
G1 F1500 X179.839 Y112.62 E2190.78926
G0 F9000 X179.839 Y113.185
G1 F1500 X170.334 Y122.69 E2191.23634
G0 F9000 X170.9 Y122.69
G1 F1500 X179.839 Y113.751 E2191.6568
G0 F9000 X179.839 Y114.317
G1 F1500 X171.466 Y122.69 E2192.05065
G0 F9000 X172.032 Y122.69
G1 F1500 X179.839 Y114.882 E2192.41789
G0 F9000 X179.839 Y115.448
G1 F1500 X172.597 Y122.69 E2192.75853
G0 F9000 X173.163 Y122.69
G1 F1500 X179.839 Y116.014 E2193.07255
G0 F9000 X179.839 Y116.579
G1 F1500 X173.729 Y122.69 E2193.35997
G0 F9000 X174.294 Y122.69
G1 F1500 X179.839 Y117.145 E2193.62079
G0 F9000 X179.839 Y117.711
G1 F1500 X174.86 Y122.69 E2193.85498
G0 F9000 X175.426 Y122.69
G1 F1500 X179.839 Y118.277 E2194.06256
G0 F9000 X179.839 Y118.842
G1 F1500 X175.991 Y122.69 E2194.24355
G0 F9000 X176.557 Y122.69
G1 F1500 X179.839 Y119.408 E2194.39793
G0 F9000 X179.839 Y119.974
G1 F1500 X177.123 Y122.69 E2194.52568
G0 F9000 X177.688 Y122.69
G1 F1500 X179.839 Y120.539 E2194.62686
G0 F9000 X179.839 Y121.105
G1 F1500 X178.254 Y122.69 E2194.70141
G0 F9000 X178.82 Y122.69
G1 F1500 X179.839 Y121.671 E2194.74934
G0 F9000 X179.839 Y122.236
G1 F1500 X179.385 Y122.69 E2194.7707
;TIME_ELAPSED:3066.228744
G1 F2700 E2189.7707
M140 S0
M107
G91 ;Relative positioning
G1 E-2 F2700 ;Retract a bit
G1 E-2 Z0.2 F2400 ;Retract and raise Z
G1 X5 Y5 F3000 ;Wipe out
G1 Z10 ;Raise Z more
G90 ;Absolute positioning

G1 X0 Y235 ;Present print
M106 S0 ;Turn-off fan
M104 S0 ;Turn-off hotend
M140 S0 ;Turn-off bed

M84 X Y E ;Disable all steppers but Z

M82 ;absolute extrusion mode
M104 S0
;End of Gcode
;SETTING_3 {"global_quality": "[general]\\nversion = 4\\nname = Standard Quality
;SETTING_3  #2\\ndefinition = creality_base\\n\\n[metadata]\\ntype = quality_cha
;SETTING_3 nges\\nquality_type = standard\\nsetting_version = 20\\n\\n[values]\\
;SETTING_3 n\\n", "extruder_quality": ["[general]\\nversion = 4\\nname = Standar
;SETTING_3 d Quality #2\\ndefinition = creality_ender3\\n\\n[metadata]\\ntype = 
;SETTING_3 quality_changes\\nquality_type = standard\\nsetting_version = 20\\npo
;SETTING_3 sition = 0\\n\\n[values]\\ninfill_sparse_density = 100\\nmaterial_alt
;SETTING_3 ernate_walls = True\\nzig_zaggify_infill = True\\n\\n"]}
