;FLAVOR:Marlin
;TIME:10361
;Filament used: 7.54791m
;Layer height: 0.2
;MINX:24
;MINY:97
;MINZ:0.2
;MAXX:211
;MAXY:138
;MAXZ:7
;Generated with Cura_SteamEngine 5.2.1
M140 S50
M105
M190 S50
M104 S200
M105
M109 S200
M82 ;absolute extrusion mode
; Ender 3 Custom Start G-code
G92 E0 ; Reset Extruder
G28 ; Home all axes
G1 Z2.0 F3000 ; Move Z Axis up little to prevent scratching of Heat Bed
G1 X0.1 Y20 Z0.3 F5000.0 ; Move to start position
G1 X0.1 Y200.0 Z0.3 F1500.0 E15 ; Draw the first line
G1 X0.4 Y200.0 Z0.3 F5000.0 ; Move to side a little
G1 X0.4 Y20 Z0.3 F1500.0 E30 ; Draw the second line
G92 E0 ; Reset Extruder
G1 Z2.0 F3000 ; Move Z Axis up little to prevent scratching of Heat Bed
G1 X5 Y20 Z0.3 F5000.0 ; Move over to prevent blob squish
G92 E0
G92 E0
G1 F2700 E-5
;LAYER_COUNT:35
;LAYER:0
M107
G0 F6000 X31.991 Y97.431 Z0.2
;TYPE:SKIRT
G1 F2700 E0
G1 F1200 X32.903 Y97.213 E0.03119
G1 X33.83 Y97.072 E0.06237
G1 X34.701 Y97.013 E0.09141
G1 X35.33 Y97 E0.11234
G1 X59.293 Y97 E0.90935
G1 X60.092 Y97.01 E0.93593
G1 X61.029 Y97.063 E0.96714
G1 X61.705 Y97.152 E0.98982
G1 X62.921 Y97.352 E1.03081
G1 X66.491 Y98.003 E1.1515
G1 X69.117 Y98.445 E1.24007
G1 X71.252 Y98.746 E1.31178
G1 X73.215 Y99 E1.37762
G1 X75.787 Y99.296 E1.46373
G1 X77.984 Y99.492 E1.53709
G1 X79.907 Y99.64 E1.60124
G1 X82.526 Y99.805 E1.68852
G1 X84.618 Y99.884 E1.75815
G1 X87.905 Y99.969 E1.86751
G1 X90.357 Y100 E1.94907
G1 X144.643 Y100 E3.75463
G1 X147.095 Y99.969 E3.83619
G1 X150.365 Y99.884 E3.94499
G1 X152.978 Y99.78 E4.03197
G1 X155.079 Y99.641 E4.102
G1 X157.046 Y99.489 E4.16762
G1 X159.66 Y99.25 E4.25492
G1 X161.773 Y99.002 E4.32568
G1 X163.728 Y98.749 E4.39125
G1 X166.337 Y98.373 E4.47892
G1 X168.481 Y98.008 E4.55126
G1 X172.339 Y97.304 E4.68169
G1 X173.12 Y97.172 E4.70804
G1 X174.051 Y97.056 E4.73924
G1 X174.727 Y97.022 E4.76176
G1 X175.975 Y97 E4.80327
G1 X199.451 Y97.001 E5.58409
G1 X200.149 Y97.011 E5.6073
G1 X201.085 Y97.065 E5.63849
G1 X202.013 Y97.197 E5.66966
G1 X202.927 Y97.409 E5.70087
G1 X203.819 Y97.698 E5.73206
G1 X204.684 Y98.061 E5.76326
G1 X205.514 Y98.497 E5.79444
G1 X206.305 Y99.002 E5.82565
G1 X207.049 Y99.573 E5.85685
G1 X207.742 Y100.205 E5.88804
G1 X208.379 Y100.893 E5.91923
G1 X208.954 Y101.634 E5.95042
G1 X209.465 Y102.42 E5.9816
G1 X209.907 Y103.248 E6.01282
G1 X210.276 Y104.11 E6.04401
G1 X210.571 Y105 E6.07519
G1 X210.789 Y105.912 E6.10638
G1 X210.929 Y106.84 E6.1376
G1 X210.987 Y107.701 E6.1663
G1 X211 Y108.33 E6.18722
G1 X210.999 Y126.4 E6.78823
G1 X210.99 Y127.127 E6.81241
G1 X210.939 Y128.064 E6.84363
G1 X210.807 Y128.992 E6.8748
G1 X210.598 Y129.906 E6.90599
G1 X210.311 Y130.799 E6.93718
G1 X209.949 Y131.665 E6.9684
G1 X209.515 Y132.496 E6.99958
G1 X209.011 Y133.287 E7.03078
G1 X208.442 Y134.032 E7.06196
G1 X207.811 Y134.727 E7.09318
G1 X207.124 Y135.365 E7.12436
G1 X206.385 Y135.942 E7.15555
G1 X205.599 Y136.454 E7.18675
G1 X204.773 Y136.897 E7.21792
G1 X203.911 Y137.269 E7.24915
G1 X203.022 Y137.565 E7.28031
G1 X202.11 Y137.785 E7.31152
G1 X201.183 Y137.926 E7.3427
G1 X200.299 Y137.987 E7.37217
G1 X199.67 Y138 E7.3931
G1 X175.554 Y137.999 E8.1952
G1 X174.909 Y137.99 E8.21666
G1 X173.972 Y137.937 E8.24787
G1 X173.297 Y137.849 E8.27051
G1 X172.288 Y137.685 E8.30451
G1 X168.509 Y136.997 E8.43227
G1 X165.883 Y136.555 E8.52084
G1 X163.748 Y136.254 E8.59255
G1 X161.785 Y136 E8.65838
G1 X159.213 Y135.704 E8.74449
G1 X157.013 Y135.508 E8.81795
G1 X155.093 Y135.36 E8.882
G1 X152.474 Y135.195 E8.96928
G1 X150.382 Y135.116 E9.03891
G1 X147.095 Y135.031 E9.14828
G1 X144.643 Y135 E9.22984
G1 X90.357 Y135 E11.0354
G1 X87.905 Y135.031 E11.11696
G1 X84.635 Y135.116 E11.22575
G1 X82.022 Y135.22 E11.31273
G1 X79.921 Y135.359 E11.38276
G1 X77.954 Y135.511 E11.44838
G1 X75.34 Y135.75 E11.53569
G1 X73.227 Y135.998 E11.60645
G1 X71.272 Y136.251 E11.67201
G1 X68.663 Y136.627 E11.75969
G1 X66.519 Y136.992 E11.83202
G1 X62.661 Y137.696 E11.96246
G1 X61.88 Y137.828 E11.9888
G1 X60.949 Y137.944 E12.02001
G1 X60.273 Y137.978 E12.04252
G1 X59.026 Y138 E12.084
G1 X35.549 Y137.999 E12.86485
G1 X34.851 Y137.989 E12.88807
G1 X33.915 Y137.935 E12.91925
G1 X32.987 Y137.803 E12.95043
G1 X32.073 Y137.591 E12.98163
G1 X31.181 Y137.302 E13.01282
G1 X30.316 Y136.939 E13.04402
G1 X29.486 Y136.503 E13.0752
G1 X28.695 Y135.998 E13.10642
G1 X27.951 Y135.427 E13.13761
G1 X27.258 Y134.795 E13.1688
G1 X26.621 Y134.107 E13.19999
G1 X26.046 Y133.366 E13.23119
G1 X25.535 Y132.58 E13.26237
G1 X25.093 Y131.752 E13.29358
G1 X24.724 Y130.89 E13.32477
G1 X24.429 Y130 E13.35596
G1 X24.211 Y129.088 E13.38714
G1 X24.071 Y128.16 E13.41836
G1 X24.013 Y127.288 E13.44743
G1 X24 Y126.658 E13.46838
G1 X24.001 Y108.525 E14.07149
G1 X24.01 Y107.86 E14.09361
G1 X24.063 Y106.924 E14.12479
G1 X24.195 Y105.995 E14.156
G1 X24.406 Y105.081 E14.1872
G1 X24.694 Y104.189 E14.21838
G1 X25.057 Y103.324 E14.24958
G1 X25.492 Y102.493 E14.28077
G1 X25.996 Y101.703 E14.31194
G1 X26.566 Y100.958 E14.34314
G1 X27.198 Y100.264 E14.37436
G1 X27.886 Y99.627 E14.40555
G1 X28.626 Y99.051 E14.43673
G1 X29.412 Y98.539 E14.46793
G1 X30.239 Y98.097 E14.49912
G1 X31.101 Y97.727 E14.53032
G1 X31.991 Y97.431 E14.56152
G0 F6000 X32.345 Y97.749
G1 F1200 X33.245 Y97.557 E14.59213
G1 X34.159 Y97.443 E14.62276
G1 X34.712 Y97.413 E14.64118
G1 X35.33 Y97.4 E14.66174
G1 X59.293 Y97.4 E15.45875
G1 X60.087 Y97.41 E15.48516
G1 X61.006 Y97.463 E15.51578
G1 X61.641 Y97.547 E15.53708
G1 X62.849 Y97.745 E15.5778
G1 X66.5 Y98.411 E15.70124
G1 X69.029 Y98.836 E15.78653
G1 X71.225 Y99.147 E15.8603
G1 X73.124 Y99.392 E15.92398
G1 X75.781 Y99.698 E16.01294
G1 X77.839 Y99.881 E16.08166
G1 X79.92 Y100.042 E16.15108
G1 X82.486 Y100.203 E16.23659
G1 X84.663 Y100.285 E16.30905
G1 X87.891 Y100.369 E16.41645
G1 X90.351 Y100.4 E16.49828
G1 X144.649 Y100.4 E18.30424
G1 X147.109 Y100.369 E18.38606
G1 X150.319 Y100.286 E18.49286
G1 X153.021 Y100.178 E18.5828
G1 X155.051 Y100.044 E18.65047
G1 X157.115 Y99.884 E18.71932
G1 X159.704 Y99.647 E18.8058
G1 X161.863 Y99.394 E18.8781
G1 X163.769 Y99.147 E18.94202
G1 X166.421 Y98.765 E19.03114
G1 X168.459 Y98.418 E19.0999
G1 X172.411 Y97.697 E19.23351
G1 X173.187 Y97.566 E19.25968
G1 X174.1 Y97.453 E19.29028
G1 X174.735 Y97.422 E19.31143
G1 X175.975 Y97.4 E19.35268
G1 X199.445 Y97.401 E20.13329
G1 X200.143 Y97.411 E20.15651
G1 X201.062 Y97.464 E20.18713
G1 X201.973 Y97.597 E20.21775
G1 X202.869 Y97.808 E20.24836
G1 X203.743 Y98.096 E20.27897
G1 X204.59 Y98.459 E20.30962
G1 X205.401 Y98.894 E20.34023
G1 X206.171 Y99.398 E20.37084
G1 X206.895 Y99.967 E20.40147
G1 X207.567 Y100.597 E20.4321
G1 X208.182 Y101.282 E20.46272
G1 X208.735 Y102.018 E20.49334
G1 X209.222 Y102.799 E20.52395
G1 X209.639 Y103.62 E20.55458
G1 X209.984 Y104.474 E20.58521
G1 X210.253 Y105.354 E20.61582
G1 X210.445 Y106.255 E20.64646
G1 X210.558 Y107.168 E20.67706
G1 X210.587 Y107.712 E20.69518
G1 X210.6 Y108.33 E20.71574
G1 X210.599 Y126.395 E21.31658
G1 X210.59 Y127.122 E21.34076
G1 X210.539 Y128.041 E21.37138
G1 X210.408 Y128.953 E21.40202
G1 X210.198 Y129.849 E21.43263
G1 X209.912 Y130.724 E21.46325
G1 X209.551 Y131.571 E21.49387
G1 X209.117 Y132.383 E21.52449
G1 X208.615 Y133.155 E21.55512
G1 X208.047 Y133.88 E21.58575
G1 X207.419 Y134.553 E21.61637
G1 X206.735 Y135.169 E21.64699
G1 X206 Y135.723 E21.6776
G1 X205.22 Y136.212 E21.70822
G1 X204.4 Y136.631 E21.73885
G1 X203.547 Y136.977 E21.76946
G1 X202.667 Y137.248 E21.80009
G1 X201.767 Y137.441 E21.8307
G1 X200.853 Y137.556 E21.86134
G1 X200.288 Y137.587 E21.88016
G1 X199.67 Y137.6 E21.90072
G1 X175.559 Y137.599 E22.70266
G1 X174.914 Y137.59 E22.72411
G1 X173.995 Y137.537 E22.75473
G1 X173.361 Y137.454 E22.77599
G1 X172.352 Y137.29 E22.80999
G1 X168.5 Y136.589 E22.94022
G1 X165.971 Y136.164 E23.02551
G1 X163.775 Y135.853 E23.09928
G1 X161.876 Y135.608 E23.16296
G1 X159.219 Y135.302 E23.25192
G1 X157.161 Y135.119 E23.32064
G1 X155.08 Y134.958 E23.39006
G1 X152.514 Y134.797 E23.47557
G1 X150.337 Y134.715 E23.54803
G1 X147.109 Y134.631 E23.65543
G1 X144.649 Y134.6 E23.73726
G1 X90.351 Y134.6 E25.54322
G1 X87.891 Y134.631 E25.62504
G1 X84.681 Y134.714 E25.73184
G1 X81.979 Y134.822 E25.82179
G1 X79.949 Y134.956 E25.88945
G1 X77.885 Y135.116 E25.95831
G1 X75.296 Y135.353 E26.04478
G1 X73.137 Y135.606 E26.11708
G1 X71.231 Y135.853 E26.181
G1 X68.579 Y136.235 E26.27012
G1 X66.545 Y136.581 E26.33874
G1 X62.589 Y137.303 E26.47249
G1 X61.813 Y137.434 E26.49866
G1 X60.9 Y137.547 E26.52926
G1 X60.265 Y137.578 E26.55041
G1 X59.026 Y137.6 E26.59162
G1 X35.555 Y137.599 E27.37227
G1 X34.857 Y137.589 E27.39549
G1 X33.938 Y137.536 E27.42611
G1 X33.027 Y137.403 E27.45673
G1 X32.131 Y137.192 E27.48734
G1 X31.257 Y136.904 E27.51795
G1 X30.41 Y136.541 E27.5486
G1 X29.599 Y136.106 E27.57921
G1 X28.829 Y135.602 E27.60982
G1 X28.105 Y135.033 E27.64045
G1 X27.433 Y134.403 E27.67108
G1 X26.818 Y133.718 E27.7017
G1 X26.265 Y132.982 E27.73232
G1 X25.778 Y132.201 E27.76293
G1 X25.361 Y131.38 E27.79356
G1 X25.016 Y130.526 E27.82419
G1 X24.747 Y129.646 E27.8548
G1 X24.555 Y128.745 E27.88544
G1 X24.442 Y127.832 E27.91604
G1 X24.413 Y127.277 E27.93452
G1 X24.4 Y126.658 E27.95512
G1 X24.401 Y108.531 E28.55802
G1 X24.41 Y107.866 E28.58014
G1 X24.462 Y106.946 E28.61079
G1 X24.594 Y106.035 E28.64141
G1 X24.805 Y105.139 E28.67202
G1 X25.092 Y104.264 E28.70265
G1 X25.455 Y103.418 E28.73327
G1 X25.889 Y102.606 E28.76389
G1 X26.392 Y101.835 E28.79451
G1 X26.961 Y101.111 E28.82514
G1 X27.589 Y100.439 E28.85573
G1 X28.274 Y99.823 E28.88637
G1 X29.01 Y99.27 E28.91699
G1 X29.791 Y98.782 E28.94762
G1 X30.611 Y98.364 E28.97823
G1 X31.465 Y98.019 E29.00887
G1 X32.345 Y97.749 E29.03948
G0 F6000 X32.696 Y98.075
G1 F1200 X33.584 Y97.909 E29.06953
G1 X34.723 Y97.813 E29.10755
G1 X35.33 Y97.8 E29.12774
G1 X59.293 Y97.8 E29.92475
G1 X60.081 Y97.81 E29.95096
G1 X60.983 Y97.863 E29.98102
G1 X61.577 Y97.941 E30.00094
G1 X62.585 Y98.105 E30.03491
G1 X66.358 Y98.792 E30.16246
G1 X68.985 Y99.234 E30.25107
G1 X71.126 Y99.536 E30.32298
G1 X73.163 Y99.8 E30.3913
G1 X75.7 Y100.092 E30.47624
G1 X77.848 Y100.283 E30.54796
G1 X79.868 Y100.439 E30.61535
G1 X82.486 Y100.604 E30.70259
G1 X84.568 Y100.682 E30.77189
G1 X87.951 Y100.769 E30.88445
G1 X90.346 Y100.8 E30.96411
G1 X144.654 Y100.8 E32.7704
G1 X147.049 Y100.769 E32.85007
G1 X150.415 Y100.682 E32.96206
G1 X153.026 Y100.578 E33.04897
G1 X155.099 Y100.442 E33.11807
G1 X157.183 Y100.281 E33.18759
G1 X159.747 Y100.046 E33.27322
G1 X161.814 Y99.803 E33.34244
G1 X163.871 Y99.537 E33.41143
G1 X166.467 Y99.163 E33.49867
G1 X168.601 Y98.799 E33.57067
G1 X172.483 Y98.091 E33.70191
G1 X173.253 Y97.961 E33.72789
G1 X174.149 Y97.851 E33.75791
G1 X174.743 Y97.822 E33.77769
G1 X175.975 Y97.8 E33.81867
G1 X199.439 Y97.801 E34.59909
G1 X200.137 Y97.811 E34.62231
G1 X201.039 Y97.864 E34.65236
G1 X201.932 Y97.996 E34.68238
G1 X202.81 Y98.207 E34.71242
G1 X203.666 Y98.495 E34.74246
G1 X204.493 Y98.857 E34.77248
G1 X205.285 Y99.292 E34.80254
G1 X206.036 Y99.794 E34.83258
G1 X206.739 Y100.361 E34.86262
G1 X207.389 Y100.988 E34.89266
G1 X207.981 Y101.67 E34.9227
G1 X208.511 Y102.401 E34.95273
G1 X208.973 Y103.177 E34.98276
G1 X209.366 Y103.99 E35.0128
G1 X209.684 Y104.835 E35.04283
G1 X209.927 Y105.705 E35.07287
G1 X210.092 Y106.593 E35.10291
G1 X210.187 Y107.723 E35.14063
G1 X210.2 Y108.33 E35.16082
G1 X210.199 Y126.39 E35.7615
G1 X210.19 Y127.117 E35.78568
G1 X210.139 Y128.019 E35.81573
G1 X210.008 Y128.913 E35.84578
G1 X209.799 Y129.791 E35.8758
G1 X209.513 Y130.648 E35.90585
G1 X209.152 Y131.476 E35.93589
G1 X208.72 Y132.268 E35.9659
G1 X208.219 Y133.02 E35.99595
G1 X207.653 Y133.724 E36.026
G1 X207.028 Y134.375 E36.05601
G1 X206.347 Y134.969 E36.08607
G1 X205.616 Y135.5 E36.11612
G1 X204.842 Y135.964 E36.14613
G1 X204.029 Y136.358 E36.17618
G1 X203.185 Y136.678 E36.2062
G1 X202.315 Y136.923 E36.23627
G1 X201.428 Y137.089 E36.26628
G1 X200.277 Y137.187 E36.3047
G1 X199.67 Y137.2 E36.3249
G1 X175.565 Y137.199 E37.12663
G1 X174.92 Y137.19 E37.14809
G1 X174.018 Y137.137 E37.17814
G1 X173.426 Y137.059 E37.198
G1 X172.417 Y136.895 E37.232
G1 X168.642 Y136.208 E37.35962
G1 X166.015 Y135.766 E37.44822
G1 X163.874 Y135.464 E37.52013
G1 X161.837 Y135.2 E37.58845
G1 X159.3 Y134.908 E37.67339
G1 X157.152 Y134.717 E37.74511
G1 X155.132 Y134.561 E37.8125
G1 X152.514 Y134.396 E37.89975
G1 X150.432 Y134.318 E37.96904
G1 X147.049 Y134.231 E38.0816
G1 X144.654 Y134.2 E38.16127
G1 X90.346 Y134.2 E39.96756
G1 X87.951 Y134.231 E40.04722
G1 X84.585 Y134.318 E40.15921
G1 X81.974 Y134.422 E40.24612
G1 X79.901 Y134.558 E40.31522
G1 X77.817 Y134.719 E40.38474
G1 X75.253 Y134.954 E40.47038
G1 X73.186 Y135.197 E40.5396
G1 X71.129 Y135.463 E40.60858
G1 X68.533 Y135.837 E40.69582
G1 X66.399 Y136.201 E40.76782
G1 X62.517 Y136.909 E40.89907
G1 X61.747 Y137.039 E40.92504
G1 X60.851 Y137.149 E40.95507
G1 X60.257 Y137.178 E40.97485
G1 X59.026 Y137.2 E41.0158
G1 X35.561 Y137.199 E41.79624
G1 X34.863 Y137.189 E41.81946
G1 X33.961 Y137.136 E41.84951
G1 X33.068 Y137.004 E41.87954
G1 X32.19 Y136.793 E41.90957
G1 X31.334 Y136.505 E41.93961
G1 X30.507 Y136.143 E41.96964
G1 X29.715 Y135.708 E41.99969
G1 X28.964 Y135.206 E42.02974
G1 X28.261 Y134.639 E42.05977
G1 X27.611 Y134.012 E42.08981
G1 X27.019 Y133.33 E42.11985
G1 X26.489 Y132.599 E42.14988
G1 X26.027 Y131.823 E42.17992
G1 X25.634 Y131.01 E42.20995
G1 X25.316 Y130.165 E42.23998
G1 X25.073 Y129.295 E42.27003
G1 X24.908 Y128.407 E42.30007
G1 X24.813 Y127.266 E42.33815
G1 X24.8 Y126.658 E42.35837
G1 X24.801 Y108.536 E42.96111
G1 X24.81 Y107.871 E42.98323
G1 X24.862 Y106.969 E43.01329
G1 X24.994 Y106.076 E43.04331
G1 X25.204 Y105.198 E43.07334
G1 X25.491 Y104.341 E43.1034
G1 X25.853 Y103.514 E43.13342
G1 X26.286 Y102.722 E43.16344
G1 X26.788 Y101.971 E43.19349
G1 X27.355 Y101.267 E43.22355
G1 X27.981 Y100.617 E43.25357
G1 X28.662 Y100.024 E43.2836
G1 X29.394 Y99.494 E43.31366
G1 X30.169 Y99.031 E43.34369
G1 X30.982 Y98.638 E43.37372
G1 X31.827 Y98.318 E43.40377
G1 X32.696 Y98.075 E43.43378
G1 F2700 E38.43378
;MESH:D638-22 Type I Tensile Specimen.STL
G0 F6000 X81.729 Y110.148
G0 X88.983 Y111.6
;TYPE:WALL-INNER
G1 F2700 E43.43378
G1 F1200 X146.015 Y111.6 E45.33068
G1 X153.343 Y111.411 E45.57449
G1 X160.654 Y110.844 E45.81838
G1 X167.894 Y109.906 E46.0612
G1 X175.055 Y108.6 E46.3033
G1 X199.4 Y108.6 E47.11302 ;T16.345 R8.000 A1.571 C216.67050000000012 FILLET CORNER
G1 X199.4 Y117.5 E47.40904
G1 X199.4 Y126.4 E47.70505 ;T0.900 R8.000 A1.571 C216.6527000000003 FILLET CORNER
G1 X175.057 Y126.4 E48.5147
G1 X167.896 Y125.094 E48.75681
G1 X160.654 Y124.156 E48.99969
G1 X153.345 Y123.589 E49.24352
G1 X146.017 Y123.4 E49.48733
G1 X88.985 Y123.4 E51.38422
G1 X81.657 Y123.589 E51.62803
G1 X74.346 Y124.156 E51.87193
G1 X67.106 Y125.094 E52.11474
G1 X59.945 Y126.4 E52.35685
G1 X35.6 Y126.4 E53.16657 ;T16.345 R8.000 A1.571 C433.34100000000024 FILLET CORNER
G1 X35.6 Y108.6 E53.7586 ;T9.800 R8.000 A1.571 C433.3054000000002 FILLET CORNER
G1 X59.943 Y108.6 E54.56825
G1 X67.104 Y109.906 E54.81035
G1 X74.346 Y110.844 E55.05323
G1 X81.655 Y111.411 E55.29706
G1 X88.983 Y111.6 E55.54087
G1 F2700 E50.54087
G0 F6000 X88.979 Y111.701
G0 X74.325 Y111.003 ;T-134.873 R8.000 A0.107 C22.805162000000145 FILLET CORNER
G0 X59.928 Y108.761 ;T-88.488 R8.000 A0.155 C-54.31611900000024 FILLET CORNER
G0 X35.772 Y108.772 ;T16.152 R8.000 A1.570 C-421.6671359999997 FILLET CORNER
G0 X35.772 Y126.228 ;T9.452 R8.000 A1.570 C-421.70204799999976 FILLET CORNER
G0 X59.93 Y126.239 ;T-78.973 R8.000 A0.155 C-54.41763100000037 FILLET CORNER
G0 X74.363 Y123.993 ;T-117.723 R8.000 A0.121 C25.76019000000028 FILLET CORNER
G0 X88.994 Y123.501
G1 F2700 E55.54087
G0 F6000 X88.995 Y123.8
;TYPE:WALL-OUTER
G1 F1200 X146.007 Y123.8 E57.4371
G1 X153.314 Y123.988 E57.68021
G1 X160.602 Y124.553 E57.92334
G1 X167.854 Y125.493 E58.16656
G1 X175.021 Y126.8 E58.40887
G1 X199.8 Y126.8 E59.23302 ;T16.779 R8.000 A1.571 C-230.44470000000015 FILLET CORNER
G1 X199.8 Y117.5 E59.54234
G1 X199.8 Y108.2 E59.85166 ;T1.300 R8.000 A1.571 C-230.46329999999998 FILLET CORNER
G1 X175.019 Y108.2 E60.67588
G1 X167.842 Y109.509 E60.91852
G1 X160.592 Y110.448 E61.16167
G1 X153.302 Y111.012 E61.40487
G1 X146.005 Y111.2 E61.64765
G1 X88.993 Y111.2 E63.54387
G1 X81.686 Y111.012 E63.78698
G1 X74.398 Y110.447 E64.03011
G1 X67.146 Y109.507 E64.27333
G1 X59.979 Y108.2 E64.51564
G1 X35.2 Y108.2 E65.33979 ;T16.779 R8.000 A1.571 C-460.8893999999998 FILLET CORNER
G1 X35.2 Y126.8 E65.95843 ;T10.600 R8.000 A1.571 C-460.92659999999984 FILLET CORNER
G1 X59.981 Y126.8 E66.78265
G1 X67.158 Y125.491 E67.0253
G1 X74.408 Y124.552 E67.26845
G1 X81.698 Y123.988 E67.51164
G1 X88.995 Y123.8 E67.75442
G0 F6000 X88.977 Y123.04
;TYPE:SKIN
G1 F1200 X146.027 Y123.04 E69.65191
G1 X153.372 Y123.23 E69.89628
G1 X160.7 Y123.799 E70.14075
G1 X167.99 Y124.744 E70.38524
G1 X175.092 Y126.04 E70.62536
G1 X199.04 Y126.04 E71.42187 ;T15.948 R8.000 A1.571 C-204.51591999999997 FILLET CORNER
G1 X199.04 Y117.5 E71.70591
G1 X199.04 Y108.96 E71.98995 ;T0.540 R8.000 A1.571 C-204.54154000000008 FILLET CORNER
G1 X175.089 Y108.96 E72.78657
G1 X167.981 Y110.257 E73.02688
G1 X160.651 Y111.206 E73.27272
G1 X153.321 Y111.772 E73.51724
G1 X146.024 Y111.96 E73.76002
G1 X88.975 Y111.96 E75.65748
G1 X81.629 Y111.77 E75.90189
G1 X74.335 Y111.205 E76.14521
G1 X67.01 Y110.256 E76.39088
G1 X59.908 Y108.96 E76.63099
G1 X35.96 Y108.96 E77.42751 ;T15.948 R8.000 A1.571 C-409.03184000000033 FILLET CORNER
G1 X35.96 Y126.04 E77.99559 ;T9.080 R8.000 A1.571 C-409.08308000000034 FILLET CORNER
G1 X59.911 Y126.04 E78.7922
G1 X67.023 Y124.742 E79.03266
G1 X74.347 Y123.794 E79.27829
G1 X81.64 Y123.23 E79.52158
G1 X88.977 Y123.04 E79.76569
G1 F2700 E74.76569
G0 F6000 X88.98 Y123.3
G0 X69.807 Y124.562 ;T-136.811 R8.000 A0.102 C-19.688347000000128 FILLET CORNER
G0 X59.93 Y126.239 ;T-86.388 R8.000 A0.166 C38.75501600000023 FILLET CORNER
G0 X36.461 Y126.3
G1 F2700 E79.76569
G0 F6000 X36.461 Y125.839
G1 F1200 X36.16 Y125.538 E79.77985
G0 F6000 X36.16 Y124.972
G1 F1200 X37.026 Y125.839 E79.8206
G0 F6000 X37.592 Y125.839
G1 F1200 X36.16 Y124.406 E79.88798
G0 F6000 X36.16 Y123.841
G1 F1200 X38.158 Y125.839 E79.98196
G0 F6000 X38.723 Y125.839
G1 F1200 X36.16 Y123.275 E80.10254
G0 F6000 X36.16 Y122.709
G1 F1200 X39.289 Y125.839 E80.24975
G0 F6000 X39.855 Y125.839
G1 F1200 X36.16 Y122.144 E80.42355
G0 F6000 X36.16 Y121.578
G1 F1200 X40.421 Y125.839 E80.62397
G0 F6000 X40.986 Y125.839
G1 F1200 X36.16 Y121.012 E80.85099
G0 F6000 X36.16 Y120.447
G1 F1200 X41.552 Y125.839 E81.10462
G0 F6000 X42.118 Y125.839
G1 F1200 X36.16 Y119.881 E81.38486
G0 F6000 X36.16 Y119.315
G1 F1200 X42.683 Y125.839 E81.69171
G0 F6000 X43.249 Y125.839
G1 F1200 X36.16 Y118.75 E82.02515
G0 F6000 X36.16 Y118.184
G1 F1200 X43.815 Y125.839 E82.38522
G0 F6000 X44.38 Y125.839
G1 F1200 X36.16 Y117.618 E82.77189
G0 F6000 X36.16 Y117.053
G1 F1200 X44.946 Y125.839 E83.18516
G0 F6000 X45.512 Y125.839
G1 F1200 X36.16 Y116.487 E83.62504
G0 F6000 X36.16 Y115.921
G1 F1200 X46.077 Y125.839 E84.09153
G0 F6000 X46.643 Y125.839
G1 F1200 X36.16 Y115.355 E84.58465
G0 F6000 X36.16 Y114.79
G1 F1200 X47.209 Y125.839 E85.10436
G0 F6000 X47.774 Y125.839
G1 F1200 X36.16 Y114.224 E85.65067
G0 F6000 X36.16 Y113.658
G1 F1200 X48.34 Y125.839 E86.2236
G0 F6000 X48.906 Y125.839
G1 F1200 X36.16 Y113.093 E86.82313
G0 F6000 X36.16 Y112.527
G1 F1200 X49.472 Y125.839 E87.44929
G0 F6000 X50.037 Y125.839
G1 F1200 X36.16 Y111.961 E88.10204
G0 F6000 X36.16 Y111.396
G1 F1200 X50.603 Y125.839 E88.7814
G0 F6000 X51.169 Y125.839
G1 F1200 X36.16 Y110.83 E89.48738
G0 F6000 X36.16 Y110.264
G1 F1200 X51.734 Y125.839 E90.21995
G0 F6000 X52.3 Y125.839
G1 F1200 X36.16 Y109.699 E90.97913
G0 F6000 X36.186 Y109.159
G1 F1200 X52.866 Y125.839 E91.7637
G0 F6000 X53.431 Y125.839
G1 F1200 X36.751 Y109.159 E92.54828
G0 F6000 X37.317 Y109.159
G1 F1200 X53.997 Y125.839 E93.33286
G0 F6000 X54.563 Y125.839
G1 F1200 X37.883 Y109.159 E94.11743
G0 F6000 X38.448 Y109.159
G1 F1200 X55.128 Y125.839 E94.90201
G0 F6000 X55.694 Y125.839
G1 F1200 X39.014 Y109.159 E95.68658
G0 F6000 X39.58 Y109.159
G1 F1200 X56.26 Y125.839 E96.47116
G0 F6000 X56.825 Y125.839
G1 F1200 X40.145 Y109.159 E97.25574
G0 F6000 X40.711 Y109.159
G1 F1200 X57.391 Y125.839 E98.04031
G0 F6000 X57.957 Y125.839
G1 F1200 X41.277 Y109.159 E98.82489
G0 F6000 X41.843 Y109.159
G1 F1200 X58.522 Y125.839 E99.60944
G0 F6000 X59.088 Y125.839
G1 F1200 X42.408 Y109.159 E100.39402
G0 F6000 X42.974 Y109.159
G1 F1200 X59.654 Y125.839 E101.17859
G0 F6000 X60.169 Y125.788
G1 F1200 X43.54 Y109.159 E101.96077
G0 F6000 X44.105 Y109.159
G1 F1200 X60.647 Y125.701 E102.73886
G0 F6000 X61.125 Y125.613
G1 F1200 X44.671 Y109.159 E103.5128
G0 F6000 X45.237 Y109.159
G1 F1200 X61.604 Y125.527 E104.28268
G0 F6000 X62.082 Y125.439
G1 F1200 X45.802 Y109.159 E105.04844
G0 F6000 X46.368 Y109.159
G1 F1200 X62.561 Y125.352 E105.81011
G0 F6000 X63.039 Y125.264
G1 F1200 X46.934 Y109.159 E106.56764
G0 F6000 X47.499 Y109.159
G1 F1200 X63.517 Y125.177 E107.32108
G0 F6000 X63.995 Y125.09
G1 F1200 X48.065 Y109.159 E108.0704
G0 F6000 X48.631 Y109.159
G1 F1200 X64.474 Y125.003 E108.81563
G0 F6000 X64.952 Y124.915
G1 F1200 X49.196 Y109.159 E109.55674
G0 F6000 X49.762 Y109.159
G1 F1200 X65.43 Y124.827 E110.29372
G0 F6000 X65.909 Y124.74
G1 F1200 X50.328 Y109.159 E111.0266
G0 F6000 X50.894 Y109.159
G1 F1200 X66.387 Y124.653 E111.75537
G0 F6000 X66.866 Y124.566
G1 F1200 X51.459 Y109.159 E112.48006
G0 F6000 X52.025 Y109.159
G1 F1200 X67.361 Y124.496 E113.20145
G0 F6000 X67.862 Y124.43
G1 F1200 X52.591 Y109.159 E113.91975
G0 F6000 X53.156 Y109.159
G1 F1200 X68.363 Y124.365 E114.63501
G0 F6000 X68.863 Y124.3
G1 F1200 X53.722 Y109.159 E115.3472
G0 F6000 X54.288 Y109.159
G1 F1200 X69.365 Y124.236 E116.05638
G0 F6000 X69.865 Y124.171
G1 F1200 X54.853 Y109.159 E116.76249
G0 F6000 X55.419 Y109.159
G1 F1200 X70.366 Y124.106 E117.46556
G0 F6000 X70.866 Y124.041
G1 F1200 X55.985 Y109.159 E118.16554
G0 F6000 X56.55 Y109.159
G1 F1200 X71.367 Y123.976 E118.86248
G0 F6000 X71.868 Y123.911
G1 F1200 X57.116 Y109.159 E119.55637
G0 F6000 X57.682 Y109.159
G1 F1200 X72.369 Y123.846 E120.2472
G0 F6000 X72.87 Y123.781
G1 F1200 X58.247 Y109.159 E120.935
G0 F6000 X58.813 Y109.159
G1 F1200 X73.37 Y123.716 E121.61972
G0 F6000 X73.871 Y123.651
G1 F1200 X59.379 Y109.159 E122.30138
G0 F6000 X59.957 Y109.172
G1 F1200 X74.375 Y123.59 E122.97955
G0 F6000 X74.9 Y123.549
G1 F1200 X60.649 Y109.298 E123.64988
G0 F6000 X61.341 Y109.424
G1 F1200 X75.425 Y123.508 E124.31235
G0 F6000 X75.951 Y123.468
G1 F1200 X62.033 Y109.55 E124.96701
G0 F6000 X62.725 Y109.677
G1 F1200 X76.475 Y123.427 E125.61376
G0 F6000 X77.001 Y123.387
G1 F1200 X63.417 Y109.803 E126.25271
G0 F6000 X64.109 Y109.929
G1 F1200 X77.525 Y123.346 E126.88378
G0 F6000 X78.051 Y123.305
G1 F1200 X64.801 Y110.056 E127.507
G0 F6000 X65.492 Y110.182
G1 F1200 X78.575 Y123.264 E128.12236
G0 F6000 X79.101 Y123.224
G1 F1200 X66.185 Y110.308 E128.72989
G0 F6000 X66.876 Y110.434
G1 F1200 X79.625 Y123.183 E129.32956
G0 F6000 X80.151 Y123.143
G1 F1200 X67.533 Y110.525 E129.92308
G0 F6000 X68.183 Y110.609
G1 F1200 X80.675 Y123.102 E130.51068
G0 F6000 X81.201 Y123.062
G1 F1200 X68.833 Y110.694 E131.09244
G0 F6000 X69.482 Y110.777
G1 F1200 X81.731 Y123.026 E131.66859
G0 F6000 X82.283 Y123.012
G1 F1200 X70.132 Y110.861 E132.24014
G0 F6000 X70.782 Y110.945
G1 F1200 X82.834 Y122.998 E132.80705
G0 F6000 X83.385 Y122.983
G1 F1200 X71.431 Y111.029 E133.36933
G0 F6000 X72.081 Y111.114
G1 F1200 X83.937 Y122.969 E133.92698
G0 F6000 X84.488 Y122.955
G1 F1200 X72.73 Y111.197 E134.48004
G0 F6000 X73.38 Y111.281
G1 F1200 X85.04 Y122.941 E135.02849
G0 F6000 X85.591 Y122.926
G1 F1200 X74.03 Y111.365 E135.57228
G0 F6000 X74.66 Y111.43
G1 F1200 X86.142 Y122.912 E136.11236
G0 F6000 X86.694 Y122.897
G1 F1200 X75.273 Y111.477 E136.64955
G0 F6000 X75.886 Y111.524
G1 F1200 X87.245 Y122.883 E137.18384
G0 F6000 X87.797 Y122.869
G1 F1200 X76.499 Y111.572 E137.71524
G0 F6000 X77.112 Y111.619
G1 F1200 X88.348 Y122.854 E138.24372
G0 F6000 X88.899 Y122.84
G1 F1200 X77.725 Y111.667 E138.76929
G0 F6000 X78.338 Y111.714
G1 F1200 X89.463 Y122.839 E139.29257
G0 F6000 X90.029 Y122.839
G1 F1200 X78.952 Y111.761 E139.81363
G0 F6000 X79.565 Y111.809
G1 F1200 X90.595 Y122.839 E140.33244
G0 F6000 X91.16 Y122.839
G1 F1200 X80.178 Y111.856 E140.84903
G0 F6000 X80.791 Y111.903
G1 F1200 X91.726 Y122.839 E141.3634
G0 F6000 X92.292 Y122.839
G1 F1200 X81.404 Y111.951 E141.87554
G0 F6000 X81.997 Y111.978
G1 F1200 X92.857 Y122.839 E142.38638
G0 F6000 X93.423 Y122.839
G1 F1200 X82.578 Y111.993 E142.89652
G0 F6000 X83.158 Y112.008
G1 F1200 X93.989 Y122.839 E143.40598
G0 F6000 X94.555 Y122.839
G1 F1200 X83.739 Y112.024 E143.91471
G0 F6000 X84.32 Y112.038
G1 F1200 X95.12 Y122.839 E144.42273
G0 F6000 X95.686 Y122.839
G1 F1200 X84.9 Y112.053 E144.93007
G0 F6000 X85.482 Y112.069
G1 F1200 X96.252 Y122.839 E145.43666
G0 F6000 X96.817 Y122.839
G1 F1200 X86.062 Y112.084 E145.94254
G0 F6000 X86.643 Y112.099
G1 F1200 X97.383 Y122.839 E146.44772
G0 F6000 X97.949 Y122.839
G1 F1200 X87.223 Y112.113 E146.95223
G0 F6000 X87.804 Y112.129
G1 F1200 X98.514 Y122.839 E147.456
G0 F6000 X99.08 Y122.839
G1 F1200 X88.385 Y112.144 E147.95906
G0 F6000 X88.966 Y112.159
G1 F1200 X99.646 Y122.839 E148.46141
G0 F6000 X100.211 Y122.839
G1 F1200 X89.532 Y112.159 E148.96374
G0 F6000 X90.098 Y112.159
G1 F1200 X100.777 Y122.839 E149.46608
G0 F6000 X101.343 Y122.839
G1 F1200 X90.663 Y112.159 E149.96843
G0 F6000 X91.229 Y112.159
G1 F1200 X101.908 Y122.839 E150.47076
G0 F6000 X102.474 Y122.839
G1 F1200 X91.795 Y112.159 E150.97309
G0 F6000 X92.36 Y112.159
G1 F1200 X103.04 Y122.839 E151.47545
G0 F6000 X103.605 Y122.839
G1 F1200 X92.926 Y112.159 E151.97778
G0 F6000 X93.492 Y112.159
G1 F1200 X104.171 Y122.839 E152.48011
G0 F6000 X104.737 Y122.839
G1 F1200 X94.057 Y112.159 E152.98246
G0 F6000 X94.623 Y112.159
G1 F1200 X105.303 Y122.839 E153.48482
G0 F6000 X105.868 Y122.839
G1 F1200 X95.189 Y112.159 E153.98715
G0 F6000 X95.754 Y112.159
G1 F1200 X106.434 Y122.839 E154.4895
G0 F6000 X107 Y122.839
G1 F1200 X96.32 Y112.159 E154.99186
G0 F6000 X96.886 Y112.159
G1 F1200 X107.565 Y122.839 E155.49419
G0 F6000 X108.131 Y122.839
G1 F1200 X97.452 Y112.159 E155.99652
G0 F6000 X98.017 Y112.159
G1 F1200 X108.697 Y122.839 E156.49887
G0 F6000 X109.262 Y122.839
G1 F1200 X98.583 Y112.159 E157.0012
G0 F6000 X99.149 Y112.159
G1 F1200 X109.828 Y122.839 E157.50353
G0 F6000 X110.394 Y122.839
G1 F1200 X99.714 Y112.159 E158.00589
G0 F6000 X100.28 Y112.159
G1 F1200 X110.959 Y122.839 E158.50822
G0 F6000 X111.525 Y122.839
G1 F1200 X100.846 Y112.159 E159.01055
G0 F6000 X101.411 Y112.159
G1 F1200 X112.091 Y122.839 E159.51291
G0 F6000 X112.656 Y122.839
G1 F1200 X101.977 Y112.159 E160.01524
G0 F6000 X102.543 Y112.159
G1 F1200 X113.222 Y122.839 E160.51757
G0 F6000 X113.788 Y122.839
G1 F1200 X103.108 Y112.159 E161.01992
G0 F6000 X103.674 Y112.159
G1 F1200 X114.354 Y122.839 E161.52228
G0 F6000 X114.919 Y122.839
G1 F1200 X104.24 Y112.159 E162.02461
G0 F6000 X104.805 Y112.159
G1 F1200 X115.485 Y122.839 E162.52696
G0 F6000 X116.051 Y122.839
G1 F1200 X105.371 Y112.159 E163.02932
G0 F6000 X105.937 Y112.159
G1 F1200 X116.616 Y122.839 E163.53165
G0 F6000 X117.182 Y122.839
G1 F1200 X106.503 Y112.159 E164.03398
G0 F6000 X107.068 Y112.159
G1 F1200 X117.748 Y122.839 E164.53633
G0 F6000 X118.313 Y122.839
G1 F1200 X107.634 Y112.159 E165.03866
G0 F6000 X108.2 Y112.159
G1 F1200 X118.879 Y122.839 E165.54099
G0 F6000 X119.445 Y122.839
G1 F1200 X108.765 Y112.159 E166.04335
G0 F6000 X109.331 Y112.159
G1 F1200 X120.01 Y122.839 E166.54568
G0 F6000 X120.576 Y122.839
G1 F1200 X109.897 Y112.159 E167.04801
G0 F6000 X110.462 Y112.159
G1 F1200 X121.142 Y122.839 E167.55037
G0 F6000 X121.707 Y122.839
G1 F1200 X111.028 Y112.159 E168.0527
G0 F6000 X111.594 Y112.159
G1 F1200 X122.273 Y122.839 E168.55503
G0 F6000 X122.839 Y122.839
G1 F1200 X112.159 Y112.159 E169.05738
G0 F6000 X112.725 Y112.159
G1 F1200 X123.404 Y122.839 E169.55971
G0 F6000 X123.97 Y122.839
G1 F1200 X113.291 Y112.159 E170.06204
G0 F6000 X113.856 Y112.159
G1 F1200 X124.536 Y122.839 E170.5644
G0 F6000 X125.102 Y122.839
G1 F1200 X114.422 Y112.159 E171.06675
G0 F6000 X114.988 Y112.159
G1 F1200 X125.667 Y122.839 E171.56908
G0 F6000 X126.233 Y122.839
G1 F1200 X115.553 Y112.159 E172.07144
G0 F6000 X116.119 Y112.159
G1 F1200 X126.799 Y122.839 E172.57379
G0 F6000 X127.364 Y122.839
G1 F1200 X116.685 Y112.159 E173.07612
G0 F6000 X117.251 Y112.159
G1 F1200 X127.93 Y122.839 E173.57845
G0 F6000 X128.496 Y122.839
G1 F1200 X117.817 Y112.16 E174.08076
G0 F6000 X118.383 Y112.16
G1 F1200 X129.061 Y122.839 E174.58305
G0 F6000 X129.627 Y122.839
G1 F1200 X118.948 Y112.16 E175.08535
G0 F6000 X119.514 Y112.16
G1 F1200 X130.193 Y122.839 E175.58766
G0 F6000 X130.758 Y122.839
G1 F1200 X120.08 Y112.16 E176.08994
G0 F6000 X120.645 Y112.16
G1 F1200 X131.324 Y122.839 E176.59225
G0 F6000 X131.89 Y122.839
G1 F1200 X121.211 Y112.16 E177.09456
G0 F6000 X121.777 Y112.16
G1 F1200 X132.455 Y122.839 E177.59684
G0 F6000 X133.021 Y122.839
G1 F1200 X122.342 Y112.16 E178.09915
G0 F6000 X122.908 Y112.16
G1 F1200 X133.587 Y122.839 E178.60146
G0 F6000 X134.153 Y122.839
G1 F1200 X123.474 Y112.16 E179.10377
G0 F6000 X124.039 Y112.16
G1 F1200 X134.718 Y122.839 E179.60607
G0 F6000 X135.284 Y122.839
G1 F1200 X124.605 Y112.16 E180.10838
G0 F6000 X125.171 Y112.16
G1 F1200 X135.85 Y122.839 E180.61069
G0 F6000 X136.415 Y122.839
G1 F1200 X125.737 Y112.16 E181.11297
G0 F6000 X126.302 Y112.16
G1 F1200 X136.981 Y122.839 E181.61528
G0 F6000 X137.547 Y122.839
G1 F1200 X126.868 Y112.16 E182.11759
G0 F6000 X127.434 Y112.16
G1 F1200 X138.112 Y122.839 E182.61987
G0 F6000 X138.678 Y122.839
G1 F1200 X127.999 Y112.16 E183.12218
G0 F6000 X128.565 Y112.16
G1 F1200 X139.244 Y122.839 E183.62448
G0 F6000 X139.809 Y122.839
G1 F1200 X129.131 Y112.16 E184.12677
G0 F6000 X129.696 Y112.16
G1 F1200 X140.375 Y122.839 E184.62908
G0 F6000 X140.941 Y122.839
G1 F1200 X130.262 Y112.16 E185.13138
G0 F6000 X130.828 Y112.16
G1 F1200 X141.506 Y122.839 E185.63367
G0 F6000 X142.072 Y122.839
G1 F1200 X131.393 Y112.16 E186.13598
G0 F6000 X131.959 Y112.16
G1 F1200 X142.638 Y122.839 E186.63828
G0 F6000 X143.203 Y122.839
G1 F1200 X132.525 Y112.16 E187.14057
G0 F6000 X133.09 Y112.16
G1 F1200 X143.769 Y122.839 E187.64287
G0 F6000 X144.335 Y122.839
G1 F1200 X133.656 Y112.16 E188.14518
G0 F6000 X134.222 Y112.16
G1 F1200 X144.901 Y122.839 E188.64749
G0 F6000 X145.466 Y122.839
G1 F1200 X134.787 Y112.16 E189.1498
G0 F6000 X135.353 Y112.16
G1 F1200 X146.033 Y122.84 E189.65215
G0 F6000 X146.613 Y122.854
G1 F1200 X135.919 Y112.16 E190.15516
G0 F6000 X136.485 Y112.16
G1 F1200 X147.194 Y122.869 E190.65888
G0 F6000 X147.774 Y122.884
G1 F1200 X137.05 Y112.16 E191.16331
G0 F6000 X137.616 Y112.16
G1 F1200 X148.355 Y122.899 E191.66844
G0 F6000 X148.935 Y122.914
G1 F1200 X138.182 Y112.16 E192.17425
G0 F6000 X138.747 Y112.16
G1 F1200 X149.517 Y122.929 E192.68081
G0 F6000 X150.097 Y122.944
G1 F1200 X139.313 Y112.16 E193.18806
G0 F6000 X139.879 Y112.16
G1 F1200 X150.678 Y122.959 E193.69601
G0 F6000 X151.258 Y122.974
G1 F1200 X140.444 Y112.16 E194.20467
G0 F6000 X141.01 Y112.16
G1 F1200 X151.839 Y122.989 E194.71403
G0 F6000 X152.419 Y123.004
G1 F1200 X141.576 Y112.16 E195.22408
G0 F6000 X142.141 Y112.16
G1 F1200 X153 Y123.019 E195.73485
G0 F6000 X153.592 Y123.045
G1 F1200 X142.707 Y112.16 E196.24685
G0 F6000 X143.273 Y112.16
G1 F1200 X154.205 Y123.093 E196.76108
G0 F6000 X154.818 Y123.14
G1 F1200 X143.838 Y112.16 E197.27754
G0 F6000 X144.404 Y112.16
G1 F1200 X155.432 Y123.188 E197.79627
G0 F6000 X156.045 Y123.235
G1 F1200 X144.97 Y112.16 E198.3172
G0 F6000 X145.536 Y112.16
G1 F1200 X156.659 Y123.284 E198.84042
G0 F6000 X157.272 Y123.331
G1 F1200 X146.1 Y112.159 E199.36591
G0 F6000 X146.651 Y112.145
G1 F1200 X157.886 Y123.379 E199.89435
G0 F6000 X158.499 Y123.426
G1 F1200 X147.202 Y112.13 E200.4257
G0 F6000 X147.754 Y112.116
G1 F1200 X159.113 Y123.474 E200.95997
G0 F6000 X159.726 Y123.522
G1 F1200 X148.305 Y112.101 E201.49718
G0 F6000 X148.857 Y112.087
G1 F1200 X160.339 Y123.57 E202.03728
G0 F6000 X160.966 Y123.631
G1 F1200 X149.408 Y112.073 E202.58093
G0 F6000 X149.96 Y112.059
G1 F1200 X161.617 Y123.716 E203.12924
G0 F6000 X162.266 Y123.8
G1 F1200 X150.511 Y112.044 E203.68219
G0 F6000 X151.062 Y112.03
G1 F1200 X162.916 Y123.884 E204.23976
G0 F6000 X163.566 Y123.968
G1 F1200 X151.614 Y112.016 E204.80195
G0 F6000 X152.165 Y112.002
G1 F1200 X164.216 Y124.052 E205.36877
G0 F6000 X164.866 Y124.136
G1 F1200 X152.717 Y111.988 E205.94019
G0 F6000 X153.268 Y111.973
G1 F1200 X165.516 Y124.22 E206.51628
G0 F6000 X166.165 Y124.305
G1 F1200 X153.797 Y111.936 E207.09806
G0 F6000 X154.322 Y111.896
G1 F1200 X166.816 Y124.389 E207.68571
G0 F6000 X167.466 Y124.474
G1 F1200 X154.847 Y111.855 E208.27927
G0 F6000 X155.372 Y111.814
G1 F1200 X168.123 Y124.565 E208.87904
G0 F6000 X168.814 Y124.691
G1 F1200 X155.897 Y111.773 E209.48664
G0 F6000 X156.422 Y111.733
G1 F1200 X169.506 Y124.817 E210.10207
G0 F6000 X170.198 Y124.943
G1 F1200 X156.947 Y111.692 E210.72536
G0 F6000 X157.472 Y111.652
G1 F1200 X170.89 Y125.07 E211.3565
G0 F6000 X171.582 Y125.196
G1 F1200 X157.997 Y111.611 E211.99549
G0 F6000 X158.522 Y111.57
G1 F1200 X172.273 Y125.321 E212.6423
G0 F6000 X172.966 Y125.448
G1 F1200 X159.047 Y111.529 E213.29701
G0 F6000 X159.572 Y111.489
G1 F1200 X173.657 Y125.574 E213.95952
G0 F6000 X174.349 Y125.7
G1 F1200 X160.097 Y111.448 E214.62989
G0 F6000 X160.622 Y111.408
G1 F1200 X175.041 Y125.826 E215.30809
G0 F6000 X175.619 Y125.839
G1 F1200 X161.126 Y111.345 E215.98982
G0 F6000 X161.626 Y111.28
G1 F1200 X176.185 Y125.839 E216.67463
G0 F6000 X176.751 Y125.839
G1 F1200 X162.128 Y111.216 E217.36246
G0 F6000 X162.628 Y111.151
G1 F1200 X177.316 Y125.839 E218.05333
G0 F6000 X177.882 Y125.839
G1 F1200 X163.129 Y111.086 E218.74727
G0 F6000 X163.63 Y111.021
G1 F1200 X178.448 Y125.839 E219.44426
G0 F6000 X179.013 Y125.839
G1 F1200 X164.131 Y110.957 E220.14427
G0 F6000 X164.632 Y110.892
G1 F1200 X179.579 Y125.839 E220.84733
G0 F6000 X180.145 Y125.839
G1 F1200 X165.132 Y110.826 E221.55349
G0 F6000 X165.634 Y110.762
G1 F1200 X180.711 Y125.839 E222.26267
G0 F6000 X181.276 Y125.839
G1 F1200 X166.134 Y110.697 E222.9749
G0 F6000 X166.635 Y110.632
G1 F1200 X181.842 Y125.839 E223.69019
G0 F6000 X182.408 Y125.839
G1 F1200 X167.136 Y110.568 E224.40852
G0 F6000 X167.637 Y110.503
G1 F1200 X182.973 Y125.839 E225.12988
G0 F6000 X183.539 Y125.839
G1 F1200 X168.133 Y110.433 E225.85453
G0 F6000 X168.611 Y110.346
G1 F1200 X184.105 Y125.839 E226.58329
G0 F6000 X184.67 Y125.839
G1 F1200 X169.089 Y110.258 E227.31618
G0 F6000 X169.568 Y110.171
G1 F1200 X185.236 Y125.839 E228.05315
G0 F6000 X185.802 Y125.839
G1 F1200 X170.046 Y110.083 E228.79426
G0 F6000 X170.525 Y109.996
G1 F1200 X186.367 Y125.839 E229.53945
G0 F6000 X186.933 Y125.839
G1 F1200 X171.003 Y109.909 E230.28875
G0 F6000 X171.481 Y109.822
G1 F1200 X187.499 Y125.839 E231.04216
G0 F6000 X188.064 Y125.839
G1 F1200 X171.959 Y109.734 E231.79969
G0 F6000 X172.438 Y109.647
G1 F1200 X188.63 Y125.839 E232.56131
G0 F6000 X189.196 Y125.839
G1 F1200 X172.917 Y109.56 E233.32703
G0 F6000 X173.395 Y109.472
G1 F1200 X189.762 Y125.839 E234.09688
G0 F6000 X190.327 Y125.839
G1 F1200 X173.874 Y109.385 E234.8708
G0 F6000 X174.352 Y109.298
G1 F1200 X190.893 Y125.839 E235.64884
G0 F6000 X191.459 Y125.839
G1 F1200 X174.83 Y109.211 E236.43099
G0 F6000 X175.345 Y109.16
G1 F1200 X192.024 Y125.839 E237.21552
G0 F6000 X192.59 Y125.839
G1 F1200 X175.911 Y109.16 E238.00005
G0 F6000 X176.476 Y109.16
G1 F1200 X193.156 Y125.839 E238.7846
G0 F6000 X193.721 Y125.839
G1 F1200 X177.042 Y109.16 E239.56913
G0 F6000 X177.608 Y109.16
G1 F1200 X194.287 Y125.839 E240.35366
G0 F6000 X194.853 Y125.839
G1 F1200 X178.173 Y109.16 E241.13821
G0 F6000 X178.739 Y109.16
G1 F1200 X195.418 Y125.839 E241.92274
G0 F6000 X195.984 Y125.839
G1 F1200 X179.305 Y109.16 E242.70727
G0 F6000 X179.87 Y109.16
G1 F1200 X196.55 Y125.839 E243.49182
G0 F6000 X197.115 Y125.839
G1 F1200 X180.436 Y109.16 E244.27635
G0 F6000 X181.002 Y109.16
G1 F1200 X197.681 Y125.839 E245.06088
G0 F6000 X198.247 Y125.839
G1 F1200 X181.568 Y109.16 E245.84541
G0 F6000 X182.133 Y109.16
G1 F1200 X198.812 Y125.839 E246.62994
G0 F6000 X198.839 Y125.3
G1 F1200 X182.699 Y109.16 E247.38912
G0 F6000 X183.265 Y109.16
G1 F1200 X198.839 Y124.734 E248.12167
G0 F6000 X198.839 Y124.168
G1 F1200 X183.83 Y109.16 E248.82762
G0 F6000 X184.396 Y109.16
G1 F1200 X198.839 Y123.602 E249.50695
G0 F6000 X198.839 Y123.037
G1 F1200 X184.962 Y109.16 E250.15969
G0 F6000 X185.527 Y109.16
G1 F1200 X198.839 Y122.471 E250.78582
G0 F6000 X198.839 Y121.905
G1 F1200 X186.093 Y109.16 E251.38533
G0 F6000 X186.659 Y109.16
G1 F1200 X198.839 Y121.34 E251.95824
G0 F6000 X198.839 Y120.774
G1 F1200 X187.224 Y109.16 E252.50455
G0 F6000 X187.79 Y109.16
G1 F1200 X198.839 Y120.208 E253.02424
G0 F6000 X198.839 Y119.643
G1 F1200 X188.356 Y109.16 E253.51732
G0 F6000 X188.921 Y109.16
G1 F1200 X198.839 Y119.077 E253.98381
G0 F6000 X198.839 Y118.511
G1 F1200 X189.487 Y109.16 E254.42368
G0 F6000 X190.053 Y109.16
G1 F1200 X198.839 Y117.946 E254.83695
G0 F6000 X198.839 Y117.38
G1 F1200 X190.619 Y109.16 E255.22359
G0 F6000 X191.184 Y109.16
G1 F1200 X198.839 Y116.814 E255.58363
G0 F6000 X198.839 Y116.249
G1 F1200 X191.75 Y109.16 E255.91708
G0 F6000 X192.316 Y109.16
G1 F1200 X198.839 Y115.683 E256.2239
G0 F6000 X198.839 Y115.117
G1 F1200 X192.881 Y109.16 E256.50412
G0 F6000 X193.447 Y109.16
G1 F1200 X198.839 Y114.552 E256.75775
G0 F6000 X198.839 Y113.986
G1 F1200 X194.013 Y109.16 E256.98475
G0 F6000 X194.578 Y109.16
G1 F1200 X198.839 Y113.42 E257.18515
G0 F6000 X198.839 Y112.854
G1 F1200 X195.144 Y109.16 E257.35892
G0 F6000 X195.71 Y109.16
G1 F1200 X198.839 Y112.289 E257.5061
G0 F6000 X198.839 Y111.723
G1 F1200 X196.275 Y109.16 E257.62668
G0 F6000 X196.841 Y109.16
G1 F1200 X198.839 Y111.157 E257.72064
G0 F6000 X198.839 Y110.592
G1 F1200 X197.407 Y109.16 E257.788
G0 F6000 X197.972 Y109.16
G1 F1200 X198.839 Y110.026 E257.82875
G0 F6000 X198.839 Y109.46
G1 F1200 X198.538 Y109.16 E257.84289
G1 F2700 E252.84289
;MESH:NONMESH
G0 F300 X198.538 Y109.16 Z0.4
G0 F6000 X198.538 Y108.7
G0 X199.228 Y108.772
G0 X199.228 Y126.228 ;T9.452 R8.000 A1.570 C421.66713599999986 FILLET CORNER
G0 X175.072 Y126.239 ;T-79.003 R8.000 A0.155 C54.41318300000038 FILLET CORNER
G0 X160.635 Y123.993 ;T-140.840 R8.000 A0.103 C-12.441265000000161 FILLET CORNER
G0 X152.351 Y123.566 ;T-318.973 R8.000 A0.049 C-25.682137999999554 FILLET CORNER
G0 X88.985 Y123.4
;TIME_ELAPSED:421.212025
;LAYER:1
M106 S85
;TYPE:WALL-INNER
;MESH:D638-22 Type I Tensile Specimen.STL
G1 F2700 E257.84289
G1 F1350 X146.017 Y123.4 E259.73978
G1 X153.345 Y123.589 E259.98359
G1 X160.654 Y124.156 E260.22742
G1 X167.896 Y125.094 E260.4703
G1 X175.057 Y126.4 E260.71241
G1 X199.4 Y126.4 E261.52206 ;T16.343 R8.000 A1.571 C-216.6527000000003 FILLET CORNER
G1 X199.4 Y117.5 E261.81807
G1 X199.4 Y108.6 E262.11409 ;T0.900 R8.000 A1.571 C-216.67050000000012 FILLET CORNER
G1 X175.055 Y108.6 E262.92381
G1 X167.894 Y109.906 E263.16591
G1 X160.654 Y110.844 E263.40873
G1 X153.343 Y111.411 E263.65262
G1 X146.015 Y111.6 E263.89643
G1 X88.983 Y111.6 E265.79332
G1 X81.655 Y111.411 E266.03714
G1 X74.346 Y110.844 E266.28096
G1 X67.104 Y109.906 E266.52385
G1 X59.943 Y108.6 E266.76595
G1 X35.6 Y108.6 E267.5756 ;T16.343 R8.000 A1.571 C-433.3054000000002 FILLET CORNER
G1 X35.6 Y126.4 E268.16763 ;T9.800 R8.000 A1.571 C-433.34100000000024 FILLET CORNER
G1 X59.945 Y126.4 E268.97735
G1 X67.106 Y125.094 E269.21946
G1 X74.346 Y124.156 E269.46227
G1 X81.657 Y123.589 E269.70617
G1 X88.985 Y123.4 E269.94998
G1 F2700 E264.94998
G0 F7500 X74.325 Y123.997 ;T-125.765 R8.000 A0.114 C-24.273905000000138 FILLET CORNER
G0 X59.93 Y126.239 ;T-88.476 R8.000 A0.155 C54.320581000000246 FILLET CORNER
G0 X35.772 Y126.228 ;T16.154 R8.000 A1.570 C421.70204799999976 FILLET CORNER
G0 X35.772 Y108.772 ;T9.452 R8.000 A1.570 C421.6671359999997 FILLET CORNER
G0 X59.928 Y108.761 ;T-79.048 R8.000 A0.155 C44.044209000000066 FILLET CORNER
G0 X71.619 Y110.579 ;T-166.367 R8.000 A0.090 C-18.44317799999996 FILLET CORNER
G0 X88.979 Y111.701
G1 F2700 E269.94998
G0 F7500 X88.993 Y111.2
;TYPE:WALL-OUTER
G1 F1350 X146.005 Y111.2 E271.8462
G1 X153.302 Y111.012 E272.08898
G1 X160.592 Y110.448 E272.33217
G1 X167.842 Y109.509 E272.57532
G1 X175.019 Y108.2 E272.81797
G1 X199.8 Y108.2 E273.64219 ;T16.781 R8.000 A1.571 C230.46329999999998 FILLET CORNER
G1 X199.8 Y117.5 E273.95151
G1 X199.8 Y126.8 E274.26083 ;T1.300 R8.000 A1.571 C230.44470000000015 FILLET CORNER
G1 X175.021 Y126.8 E275.08498
G1 X167.854 Y125.493 E275.32729
G1 X160.602 Y124.553 E275.57051
G1 X153.314 Y123.988 E275.81364
G1 X146.007 Y123.8 E276.05675
G1 X88.995 Y123.8 E277.95297
G1 X81.698 Y123.988 E278.19575
G1 X74.408 Y124.552 E278.43895
G1 X67.158 Y125.491 E278.6821
G1 X59.981 Y126.8 E278.92474
G1 X35.2 Y126.8 E279.74896 ;T16.781 R8.000 A1.571 C460.92659999999984 FILLET CORNER
G1 X35.2 Y108.2 E280.3676 ;T10.600 R8.000 A1.571 C460.8893999999998 FILLET CORNER
G1 X59.979 Y108.2 E281.19175
G1 X67.146 Y109.507 E281.43406
G1 X74.398 Y110.447 E281.67728
G1 X81.686 Y111.012 E281.92041
G1 X88.993 Y111.2 E282.16352
G0 F7500 X88.975 Y111.96
;TYPE:SKIN
G1 F1350 X146.024 Y111.96 E284.06098
G1 X153.321 Y111.772 E284.30376
G1 X160.651 Y111.206 E284.54828
G1 X167.981 Y110.257 E284.79411
G1 X175.089 Y108.96 E285.03443
G1 X199.04 Y108.96 E285.83104 ;T15.951 R8.000 A1.571 C204.54154000000008 FILLET CORNER
G1 X199.04 Y117.5 E286.11508
G1 X199.04 Y126.04 E286.39912 ;T0.540 R8.000 A1.571 C204.51591999999997 FILLET CORNER
G1 X175.092 Y126.04 E287.19564
G1 X167.99 Y124.744 E287.43575
G1 X160.7 Y123.799 E287.68025
G1 X153.372 Y123.23 E287.92471
G1 X146.027 Y123.04 E288.16909
G1 X88.977 Y123.04 E290.06658
G1 X81.64 Y123.23 E290.31069
G1 X74.347 Y123.794 E290.55398
G1 X67.023 Y124.742 E290.79961
G1 X59.911 Y126.04 E291.04006
G1 X35.96 Y126.04 E291.83668 ;T15.951 R8.000 A1.571 C409.08308000000034 FILLET CORNER
G1 X35.96 Y108.96 E292.40476 ;T9.080 R8.000 A1.571 C409.03184000000033 FILLET CORNER
G1 X59.908 Y108.96 E293.20127
G1 X67.01 Y110.256 E293.44139
G1 X74.335 Y111.205 E293.68705
G1 X81.629 Y111.77 E293.93038
G1 X88.975 Y111.96 E294.17479
G1 F2700 E289.17479
G0 F7500 X88.979 Y111.701
G0 X69.848 Y110.443 ;T-137.099 R8.000 A0.102 C19.698982000000086 FILLET CORNER
G0 X59.928 Y108.761 ;T-86.461 R8.000 A0.165 C-39.26837200000011 FILLET CORNER
G0 X36.222 Y108.7
G1 F2700 E294.17479
G0 F7500 X36.222 Y109.158
G1 F1350 X36.16 Y109.221 E294.17773
G0 F7500 X36.16 Y109.786
G1 F1350 X36.787 Y109.158 E294.20725
G0 F7500 X37.353 Y109.158
G1 F1350 X36.16 Y110.352 E294.26339
G0 F7500 X36.16 Y110.918
G1 F1350 X37.919 Y109.158 E294.34615
G0 F7500 X38.484 Y109.158
G1 F1350 X36.16 Y111.483 E294.45548
G0 F7500 X36.16 Y112.049
G1 F1350 X39.05 Y109.158 E294.59144
G0 F7500 X39.616 Y109.158
G1 F1350 X36.16 Y112.615 E294.75403
G0 F7500 X36.16 Y113.18
G1 F1350 X40.182 Y109.158 E294.94321
G0 F7500 X40.747 Y109.158
G1 F1350 X36.16 Y113.746 E295.15899
G0 F7500 X36.16 Y114.312
G1 F1350 X41.313 Y109.158 E295.4014
G0 F7500 X41.879 Y109.158
G1 F1350 X36.16 Y114.877 E295.6704
G0 F7500 X36.16 Y115.443
G1 F1350 X42.444 Y109.158 E295.966
G0 F7500 X43.01 Y109.158
G1 F1350 X36.16 Y116.009 E296.28823
G0 F7500 X36.16 Y116.575
G1 F1350 X43.576 Y109.158 E296.63708
G0 F7500 X44.141 Y109.158
G1 F1350 X36.16 Y117.14 E297.01251
G0 F7500 X36.16 Y117.706
G1 F1350 X44.707 Y109.158 E297.41455
G0 F7500 X45.273 Y109.158
G1 F1350 X36.16 Y118.272 E297.84323
G0 F7500 X36.16 Y118.837
G1 F1350 X45.838 Y109.158 E298.29847
G0 F7500 X46.404 Y109.158
G1 F1350 X36.16 Y119.403 E298.78034
G0 F7500 X36.16 Y119.969
G1 F1350 X46.97 Y109.158 E299.28883
G0 F7500 X47.535 Y109.158
G1 F1350 X36.16 Y120.534 E299.8239
G0 F7500 X36.16 Y121.1
G1 F1350 X48.101 Y109.158 E300.38559
G0 F7500 X48.667 Y109.158
G1 F1350 X36.16 Y121.666 E300.97391
G0 F7500 X36.16 Y122.231
G1 F1350 X49.233 Y109.158 E301.58882
G0 F7500 X49.798 Y109.158
G1 F1350 X36.16 Y122.797 E302.23034
G0 F7500 X36.16 Y123.363
G1 F1350 X50.364 Y109.158 E302.89847
G0 F7500 X50.93 Y109.158
G1 F1350 X36.16 Y123.928 E303.59321
G0 F7500 X36.16 Y124.494
G1 F1350 X51.495 Y109.158 E304.31454
G0 F7500 X52.061 Y109.158
G1 F1350 X36.16 Y125.06 E305.0625
G0 F7500 X36.16 Y125.626
G1 F1350 X52.627 Y109.158 E305.83708
G0 F7500 X53.192 Y109.158
G1 F1350 X36.512 Y125.839 E306.62168
G0 F7500 X37.077 Y125.839
G1 F1350 X53.758 Y109.158 E307.4063
G0 F7500 X54.324 Y109.158
G1 F1350 X37.643 Y125.839 E308.19093
G0 F7500 X38.209 Y125.839
G1 F1350 X54.889 Y109.158 E308.97553
G0 F7500 X55.455 Y109.158
G1 F1350 X38.774 Y125.839 E309.76015
G0 F7500 X39.34 Y125.839
G1 F1350 X56.021 Y109.158 E310.54477
G0 F7500 X56.586 Y109.158
G1 F1350 X39.906 Y125.839 E311.32937
G0 F7500 X40.471 Y125.839
G1 F1350 X57.152 Y109.158 E312.114
G0 F7500 X57.718 Y109.158
G1 F1350 X41.037 Y125.839 E312.89862
G0 F7500 X41.603 Y125.839
G1 F1350 X58.283 Y109.158 E313.68322
G0 F7500 X58.849 Y109.158
G1 F1350 X42.169 Y125.839 E314.46782
G0 F7500 X42.734 Y125.839
G1 F1350 X59.415 Y109.158 E315.25244
G0 F7500 X59.966 Y109.173
G1 F1350 X43.3 Y125.839 E316.03636
G0 F7500 X43.866 Y125.839
G1 F1350 X60.444 Y109.26 E316.81616
G0 F7500 X60.923 Y109.347
G1 F1350 X44.431 Y125.839 E317.59189
G0 F7500 X44.997 Y125.839
G1 F1350 X61.401 Y109.435 E318.36349
G0 F7500 X61.88 Y109.522
G1 F1350 X45.563 Y125.839 E319.13099
G0 F7500 X46.128 Y125.839
G1 F1350 X62.359 Y109.609 E319.89442
G0 F7500 X62.837 Y109.697
G1 F1350 X46.694 Y125.839 E320.65372
G0 F7500 X47.26 Y125.839
G1 F1350 X63.315 Y109.783 E321.40892
G0 F7500 X63.793 Y109.871
G1 F1350 X47.825 Y125.839 E322.16
G0 F7500 X48.391 Y125.839
G1 F1350 X64.272 Y109.958 E322.907
G0 F7500 X64.75 Y110.046
G1 F1350 X48.957 Y125.839 E323.64985
G0 F7500 X49.522 Y125.839
G1 F1350 X65.229 Y110.133 E324.38864
G0 F7500 X65.707 Y110.22
G1 F1350 X50.088 Y125.839 E325.12331
G0 F7500 X50.654 Y125.839
G1 F1350 X66.185 Y110.307 E325.85386
G0 F7500 X66.664 Y110.394
G1 F1350 X51.219 Y125.839 E326.58035
G0 F7500 X51.785 Y125.839
G1 F1350 X67.149 Y110.475 E327.30302
G0 F7500 X67.651 Y110.539
G1 F1350 X52.351 Y125.839 E328.02269
G0 F7500 X52.917 Y125.839
G1 F1350 X68.151 Y110.604 E328.73927
G0 F7500 X68.652 Y110.669
G1 F1350 X53.482 Y125.839 E329.45282
G0 F7500 X54.048 Y125.839
G1 F1350 X69.153 Y110.734 E330.16331
G0 F7500 X69.654 Y110.799
G1 F1350 X54.614 Y125.839 E330.87075
G0 F7500 X55.179 Y125.839
G1 F1350 X70.155 Y110.863 E331.57517
G0 F7500 X70.656 Y110.928
G1 F1350 X55.745 Y125.839 E332.27654
G0 F7500 X56.311 Y125.839
G1 F1350 X71.156 Y110.993 E332.97483
G0 F7500 X71.658 Y111.058
G1 F1350 X56.876 Y125.839 E333.67011
G0 F7500 X57.442 Y125.839
G1 F1350 X72.158 Y111.123 E334.3623
G0 F7500 X72.66 Y111.187
G1 F1350 X58.008 Y125.839 E335.05149
G0 F7500 X58.573 Y125.839
G1 F1350 X73.16 Y111.252 E335.73761
G0 F7500 X73.661 Y111.317
G1 F1350 X59.139 Y125.839 E336.42068
G0 F7500 X59.705 Y125.839
G1 F1350 X74.162 Y111.382 E337.1007
G0 F7500 X74.679 Y111.43
G1 F1350 X60.355 Y125.755 E337.77448
G0 F7500 X61.046 Y125.629
G1 F1350 X75.204 Y111.471 E338.44043
G0 F7500 X75.729 Y111.512
G1 F1350 X61.738 Y125.502 E339.0985
G0 F7500 X62.431 Y125.376
G1 F1350 X76.255 Y111.552 E339.74874
G0 F7500 X76.779 Y111.593
G1 F1350 X63.123 Y125.249 E340.39107
G0 F7500 X63.814 Y125.123
G1 F1350 X77.305 Y111.633 E341.02562
G0 F7500 X77.829 Y111.674
G1 F1350 X64.507 Y124.997 E341.65227
G0 F7500 X65.199 Y124.87
G1 F1350 X78.355 Y111.715 E342.27107
G0 F7500 X78.88 Y111.755
G1 F1350 X65.891 Y124.744 E342.88203
G0 F7500 X66.583 Y124.618
G1 F1350 X79.405 Y111.796 E343.48514
G0 F7500 X79.93 Y111.836
G1 F1350 X67.257 Y124.51 E344.08126
G0 F7500 X67.906 Y124.426
G1 F1350 X80.455 Y111.877 E344.67153
G0 F7500 X80.98 Y111.918
G1 F1350 X68.556 Y124.341 E345.25589
G0 F7500 X69.206 Y124.257
G1 F1350 X81.506 Y111.958 E345.83442
G0 F7500 X82.05 Y111.979
G1 F1350 X69.857 Y124.172 E346.40794
G0 F7500 X70.507 Y124.088
G1 F1350 X82.602 Y111.993 E346.97685
G0 F7500 X83.153 Y112.007
G1 F1350 X71.156 Y124.004 E347.54116
G0 F7500 X71.806 Y123.92
G1 F1350 X83.705 Y112.021 E348.10085
G0 F7500 X84.256 Y112.036
G1 F1350 X72.456 Y123.836 E348.65588
G0 F7500 X73.106 Y123.752
G1 F1350 X84.807 Y112.05 E349.20629
G0 F7500 X85.359 Y112.065
G1 F1350 X73.756 Y123.667 E349.75203
G0 F7500 X74.401 Y123.588
G1 F1350 X85.91 Y112.079 E350.29338
G0 F7500 X86.461 Y112.094
G1 F1350 X75.014 Y123.541 E350.83181
G0 F7500 X75.627 Y123.494
G1 F1350 X87.013 Y112.108 E351.36738
G0 F7500 X87.564 Y112.122
G1 F1350 X76.24 Y123.446 E351.90002
G0 F7500 X76.853 Y123.399
G1 F1350 X88.116 Y112.136 E352.4298
G0 F7500 X88.667 Y112.15
G1 F1350 X77.466 Y123.351 E352.95666
G0 F7500 X78.08 Y123.303
G1 F1350 X89.224 Y112.159 E353.48084
G0 F7500 X89.79 Y112.159
G1 F1350 X78.693 Y123.256 E354.00281
G0 F7500 X79.306 Y123.209
G1 F1350 X90.356 Y112.159 E354.52257
G0 F7500 X90.921 Y112.159
G1 F1350 X79.919 Y123.161 E355.04007
G0 F7500 X80.532 Y123.114
G1 F1350 X91.487 Y112.159 E355.55536
G0 F7500 X92.053 Y112.159
G1 F1350 X81.145 Y123.066 E356.06841
G0 F7500 X81.751 Y123.026
G1 F1350 X92.618 Y112.159 E356.57956
G0 F7500 X93.184 Y112.159
G1 F1350 X82.331 Y123.011 E357.09003
G0 F7500 X82.912 Y122.996
G1 F1350 X93.75 Y112.159 E357.59979
G0 F7500 X94.316 Y112.159
G1 F1350 X83.493 Y122.982 E358.10887
G0 F7500 X84.074 Y122.966
G1 F1350 X94.881 Y112.159 E358.6172
G0 F7500 X95.447 Y112.159
G1 F1350 X84.654 Y122.951 E359.12485
G0 F7500 X85.235 Y122.936
G1 F1350 X96.013 Y112.159 E359.63179
G0 F7500 X96.578 Y112.159
G1 F1350 X85.816 Y122.921 E360.138
G0 F7500 X86.397 Y122.906
G1 F1350 X97.144 Y112.159 E360.64351
G0 F7500 X97.71 Y112.159
G1 F1350 X86.977 Y122.891 E361.14833
G0 F7500 X87.558 Y122.876
G1 F1350 X98.275 Y112.159 E361.65242
G0 F7500 X98.841 Y112.159
G1 F1350 X88.139 Y122.861 E362.15581
G0 F7500 X88.719 Y122.846
G1 F1350 X99.407 Y112.159 E362.65852
G0 F7500 X99.972 Y112.159
G1 F1350 X89.292 Y122.84 E363.1609
G0 F7500 X89.857 Y122.84
G1 F1350 X100.538 Y112.159 E363.6633
G0 F7500 X101.104 Y112.159
G1 F1350 X90.423 Y122.84 E364.1657
G0 F7500 X90.989 Y122.84
G1 F1350 X101.669 Y112.159 E364.66808
G0 F7500 X102.235 Y112.159
G1 F1350 X91.554 Y122.84 E365.17048
G0 F7500 X92.12 Y122.84
G1 F1350 X102.801 Y112.159 E365.67288
G0 F7500 X103.366 Y112.159
G1 F1350 X92.686 Y122.84 E366.17526
G0 F7500 X93.251 Y122.84
G1 F1350 X103.932 Y112.159 E366.67766
G0 F7500 X104.498 Y112.159
G1 F1350 X93.817 Y122.84 E367.18006
G0 F7500 X94.383 Y122.84
G1 F1350 X105.064 Y112.159 E367.68247
G0 F7500 X105.629 Y112.159
G1 F1350 X94.948 Y122.84 E368.18487
G0 F7500 X95.514 Y122.84
G1 F1350 X106.195 Y112.159 E368.68727
G0 F7500 X106.761 Y112.159
G1 F1350 X96.08 Y122.84 E369.18967
G0 F7500 X96.645 Y122.84
G1 F1350 X107.326 Y112.159 E369.69207
G0 F7500 X107.892 Y112.159
G1 F1350 X97.211 Y122.84 E370.19447
G0 F7500 X97.777 Y122.84
G1 F1350 X108.458 Y112.159 E370.69687
G0 F7500 X109.023 Y112.159
G1 F1350 X98.342 Y122.84 E371.19928
G0 F7500 X98.908 Y122.84
G1 F1350 X109.589 Y112.159 E371.70168
G0 F7500 X110.155 Y112.159
G1 F1350 X99.474 Y122.84 E372.20408
G0 F7500 X100.04 Y122.84
G1 F1350 X110.72 Y112.159 E372.70646
G0 F7500 X111.286 Y112.159
G1 F1350 X100.605 Y122.84 E373.20886
G0 F7500 X101.171 Y122.84
G1 F1350 X111.852 Y112.159 E373.71126
G0 F7500 X112.417 Y112.159
G1 F1350 X101.737 Y122.84 E374.21364
G0 F7500 X102.302 Y122.84
G1 F1350 X112.983 Y112.159 E374.71604
G0 F7500 X113.549 Y112.159
G1 F1350 X102.868 Y122.84 E375.21844
G0 F7500 X103.434 Y122.84
G1 F1350 X114.115 Y112.159 E375.72084
G0 F7500 X114.68 Y112.159
G1 F1350 X103.999 Y122.84 E376.22324
G0 F7500 X104.565 Y122.84
G1 F1350 X115.246 Y112.159 E376.72565
G0 F7500 X115.812 Y112.159
G1 F1350 X105.131 Y122.84 E377.22805
G0 F7500 X105.696 Y122.84
G1 F1350 X116.377 Y112.159 E377.73045
G0 F7500 X116.943 Y112.159
G1 F1350 X106.262 Y122.84 E378.23285
G0 F7500 X106.828 Y122.84
G1 F1350 X117.508 Y112.159 E378.73523
G0 F7500 X118.074 Y112.159
G1 F1350 X107.393 Y122.84 E379.23763
G0 F7500 X107.959 Y122.84
G1 F1350 X118.639 Y112.159 E379.74001
G0 F7500 X119.205 Y112.159
G1 F1350 X108.525 Y122.84 E380.24239
G0 F7500 X109.091 Y122.84
G1 F1350 X119.771 Y112.159 E380.74476
G0 F7500 X120.336 Y112.159
G1 F1350 X109.656 Y122.84 E381.24714
G0 F7500 X110.222 Y122.84
G1 F1350 X120.902 Y112.159 E381.74952
G0 F7500 X121.468 Y112.159
G1 F1350 X110.788 Y122.84 E382.2519
G0 F7500 X111.353 Y122.84
G1 F1350 X122.033 Y112.159 E382.75427
G0 F7500 X122.599 Y112.159
G1 F1350 X111.919 Y122.84 E383.25665
G0 F7500 X112.485 Y122.84
G1 F1350 X123.165 Y112.159 E383.75903
G0 F7500 X123.73 Y112.159
G1 F1350 X113.05 Y122.84 E384.26141
G0 F7500 X113.616 Y122.84
G1 F1350 X124.296 Y112.159 E384.76379
G0 F7500 X124.862 Y112.159
G1 F1350 X114.182 Y122.84 E385.26616
G0 F7500 X114.747 Y122.84
G1 F1350 X125.428 Y112.159 E385.76857
G0 F7500 X125.993 Y112.159
G1 F1350 X115.313 Y122.84 E386.27094
G0 F7500 X115.879 Y122.84
G1 F1350 X126.559 Y112.159 E386.77332
G0 F7500 X127.125 Y112.159
G1 F1350 X116.444 Y122.84 E387.27572
G0 F7500 X117.01 Y122.84
G1 F1350 X127.69 Y112.159 E387.7781
G0 F7500 X128.256 Y112.159
G1 F1350 X117.576 Y122.84 E388.28048
G0 F7500 X118.141 Y122.84
G1 F1350 X128.822 Y112.159 E388.78288
G0 F7500 X129.387 Y112.159
G1 F1350 X118.707 Y122.84 E389.28526
G0 F7500 X119.273 Y122.84
G1 F1350 X129.953 Y112.159 E389.78764
G0 F7500 X130.519 Y112.159
G1 F1350 X119.839 Y122.84 E390.29002
G0 F7500 X120.404 Y122.84
G1 F1350 X131.084 Y112.159 E390.79239
G0 F7500 X131.65 Y112.159
G1 F1350 X120.97 Y122.84 E391.29477
G0 F7500 X121.536 Y122.84
G1 F1350 X132.216 Y112.159 E391.79715
G0 F7500 X132.781 Y112.159
G1 F1350 X122.101 Y122.84 E392.29953
G0 F7500 X122.667 Y122.84
G1 F1350 X133.347 Y112.159 E392.80191
G0 F7500 X133.913 Y112.159
G1 F1350 X123.233 Y122.84 E393.30428
G0 F7500 X123.798 Y122.84
G1 F1350 X134.478 Y112.159 E393.80666
G0 F7500 X135.044 Y112.159
G1 F1350 X124.364 Y122.84 E394.30904
G0 F7500 X124.93 Y122.84
G1 F1350 X135.61 Y112.159 E394.81142
G0 F7500 X136.176 Y112.159
G1 F1350 X125.495 Y122.84 E395.31382
G0 F7500 X126.061 Y122.84
G1 F1350 X136.741 Y112.159 E395.8162
G0 F7500 X137.307 Y112.159
G1 F1350 X126.627 Y122.84 E396.31857
G0 F7500 X127.192 Y122.84
G1 F1350 X137.873 Y112.159 E396.82098
G0 F7500 X138.438 Y112.159
G1 F1350 X127.758 Y122.84 E397.32335
G0 F7500 X128.324 Y122.84
G1 F1350 X139.004 Y112.159 E397.82573
G0 F7500 X139.57 Y112.159
G1 F1350 X128.89 Y122.84 E398.32811
G0 F7500 X129.455 Y122.84
G1 F1350 X140.135 Y112.159 E398.83049
G0 F7500 X140.701 Y112.159
G1 F1350 X130.021 Y122.84 E399.33287
G0 F7500 X130.587 Y122.84
G1 F1350 X141.267 Y112.159 E399.83524
G0 F7500 X141.832 Y112.159
G1 F1350 X131.152 Y122.84 E400.33762
G0 F7500 X131.718 Y122.84
G1 F1350 X142.398 Y112.159 E400.84
G0 F7500 X142.964 Y112.159
G1 F1350 X132.284 Y122.84 E401.34238
G0 F7500 X132.849 Y122.84
G1 F1350 X143.529 Y112.159 E401.84476
G0 F7500 X144.095 Y112.159
G1 F1350 X133.415 Y122.84 E402.34713
G0 F7500 X133.981 Y122.84
G1 F1350 X144.661 Y112.159 E402.84951
G0 F7500 X145.227 Y112.159
G1 F1350 X134.546 Y122.84 E403.35191
G0 F7500 X135.112 Y122.84
G1 F1350 X145.792 Y112.159 E403.85429
G0 F7500 X146.366 Y112.151
G1 F1350 X135.678 Y122.84 E404.35705
G0 F7500 X136.243 Y122.84
G1 F1350 X146.947 Y112.136 E404.86053
G0 F7500 X147.527 Y112.121
G1 F1350 X136.809 Y122.84 E405.36469
G0 F7500 X137.375 Y122.84
G1 F1350 X148.109 Y112.106 E405.86959
G0 F7500 X148.689 Y112.091
G1 F1350 X137.94 Y122.84 E406.37519
G0 F7500 X138.506 Y122.84
G1 F1350 X149.27 Y112.076 E406.88149
G0 F7500 X149.851 Y112.06
G1 F1350 X139.072 Y122.84 E407.38853
G0 F7500 X139.638 Y122.84
G1 F1350 X150.432 Y112.046 E407.89625
G0 F7500 X151.012 Y112.031
G1 F1350 X140.203 Y122.84 E408.40467
G0 F7500 X140.769 Y122.84
G1 F1350 X151.593 Y112.016 E408.9138
G0 F7500 X152.174 Y112
G1 F1350 X141.335 Y122.84 E409.42365
G0 F7500 X141.9 Y122.84
G1 F1350 X152.754 Y111.985 E409.93421
G0 F7500 X153.335 Y111.971
G1 F1350 X142.466 Y122.84 E410.44546
G0 F7500 X143.032 Y122.84
G1 F1350 X153.947 Y111.924 E410.95889
G0 F7500 X154.561 Y111.876
G1 F1350 X143.597 Y122.84 E411.4746
G0 F7500 X144.163 Y122.84
G1 F1350 X155.174 Y111.828 E411.99255
G0 F7500 X155.787 Y111.781
G1 F1350 X144.729 Y122.84 E412.51271
G0 F7500 X145.294 Y122.84
G1 F1350 X156.4 Y111.734 E413.0351
G0 F7500 X157.013 Y111.686
G1 F1350 X145.86 Y122.84 E413.55973
G0 F7500 X146.415 Y122.85
G1 F1350 X157.626 Y111.639 E414.08706
G0 F7500 X158.24 Y111.591
G1 F1350 X146.967 Y122.864 E414.61731
G0 F7500 X147.518 Y122.878
G1 F1350 X158.853 Y111.543 E415.15047
G0 F7500 X159.466 Y111.496
G1 F1350 X148.07 Y122.893 E415.68653
G0 F7500 X148.621 Y122.907
G1 F1350 X160.079 Y111.449 E416.22548
G0 F7500 X160.693 Y111.401
G1 F1350 X149.173 Y122.921 E416.76734
G0 F7500 X149.724 Y122.935
G1 F1350 X161.343 Y111.316 E417.31386
G0 F7500 X161.993 Y111.232
G1 F1350 X150.276 Y122.949 E417.86499
G0 F7500 X150.827 Y122.963
G1 F1350 X162.643 Y111.148 E418.42076
G0 F7500 X163.292 Y111.064
G1 F1350 X151.379 Y122.977 E418.98111
G0 F7500 X151.93 Y122.992
G1 F1350 X163.942 Y110.98 E419.54612
G0 F7500 X164.592 Y110.896
G1 F1350 X152.481 Y123.006 E420.11576
G0 F7500 X153.033 Y123.021
G1 F1350 X165.242 Y110.812 E420.69003
G0 F7500 X165.892 Y110.727
G1 F1350 X153.575 Y123.045 E421.26941
G0 F7500 X154.1 Y123.085
G1 F1350 X166.542 Y110.643 E421.85464
G0 F7500 X167.191 Y110.559
G1 F1350 X154.625 Y123.126 E422.44573
G0 F7500 X155.149 Y123.167
G1 F1350 X167.841 Y110.475 E423.04273
G0 F7500 X168.521 Y110.361
G1 F1350 X155.675 Y123.207 E423.64696
G0 F7500 X156.199 Y123.248
G1 F1350 X169.213 Y110.235 E424.25908
G0 F7500 X169.905 Y110.109
G1 F1350 X156.724 Y123.289 E424.87905
G0 F7500 X157.249 Y123.33
G1 F1350 X170.597 Y109.982 E425.5069
G0 F7500 X171.288 Y109.856
G1 F1350 X157.774 Y123.371 E426.14258
G0 F7500 X158.299 Y123.412
G1 F1350 X171.981 Y109.73 E426.78614
G0 F7500 X172.672 Y109.604
G1 F1350 X158.823 Y123.453 E427.43755
G0 F7500 X159.348 Y123.494
G1 F1350 X173.364 Y109.477 E428.09684
G0 F7500 X174.057 Y109.351
G1 F1350 X159.874 Y123.534 E428.76397
G0 F7500 X160.398 Y123.575
G1 F1350 X174.748 Y109.225 E429.43895
G0 F7500 X175.38 Y109.159
G1 F1350 X160.914 Y123.625 E430.11939
G0 F7500 X161.414 Y123.69
G1 F1350 X175.945 Y109.159 E430.80288
G0 F7500 X176.511 Y109.159
G1 F1350 X161.916 Y123.755 E431.48941
G0 F7500 X162.416 Y123.82
G1 F1350 X177.077 Y109.159 E432.17902
G0 F7500 X177.642 Y109.159
G1 F1350 X162.917 Y123.885 E432.87166
G0 F7500 X163.418 Y123.95
G1 F1350 X178.208 Y109.159 E433.56736
G0 F7500 X178.774 Y109.159
G1 F1350 X163.918 Y124.015 E434.26614
G0 F7500 X164.42 Y124.079
G1 F1350 X179.339 Y109.159 E434.96791
G0 F7500 X179.905 Y109.159
G1 F1350 X164.92 Y124.144 E435.67275
G0 F7500 X165.421 Y124.209
G1 F1350 X180.471 Y109.159 E436.38066
G0 F7500 X181.037 Y109.159
G1 F1350 X165.921 Y124.274 E437.09165
G0 F7500 X166.423 Y124.339
G1 F1350 X181.602 Y109.159 E437.80564
G0 F7500 X182.168 Y109.159
G1 F1350 X166.923 Y124.404 E438.52272
G0 F7500 X167.424 Y124.469
G1 F1350 X182.734 Y109.159 E439.24286
G0 F7500 X183.299 Y109.159
G1 F1350 X167.925 Y124.534 E439.96603
G0 F7500 X168.407 Y124.617
G1 F1350 X183.865 Y109.159 E440.69312
G0 F7500 X184.431 Y109.159
G1 F1350 X168.885 Y124.705 E441.42436
G0 F7500 X169.364 Y124.792
G1 F1350 X184.996 Y109.159 E442.15966
G0 F7500 X185.562 Y109.159
G1 F1350 X169.842 Y124.879 E442.89909
G0 F7500 X170.32 Y124.966
G1 F1350 X186.128 Y109.159 E443.64262
G0 F7500 X186.693 Y109.159
G1 F1350 X170.799 Y125.053 E444.39023
G0 F7500 X171.278 Y125.14
G1 F1350 X187.259 Y109.159 E445.14192
G0 F7500 X187.825 Y109.159
G1 F1350 X171.756 Y125.228 E445.89776
G0 F7500 X172.234 Y125.315
G1 F1350 X188.39 Y109.159 E446.65769
G0 F7500 X188.956 Y109.159
G1 F1350 X172.712 Y125.403 E447.42176
G0 F7500 X173.191 Y125.49
G1 F1350 X189.522 Y109.159 E448.18992
G0 F7500 X190.087 Y109.159
G1 F1350 X173.67 Y125.577 E448.96215
G0 F7500 X174.148 Y125.664
G1 F1350 X190.653 Y109.159 E449.73849
G0 F7500 X191.219 Y109.159
G1 F1350 X174.627 Y125.751 E450.51893
G0 F7500 X175.105 Y125.839
G1 F1350 X191.785 Y109.159 E451.3035
G0 F7500 X192.35 Y109.159
G1 F1350 X175.67 Y125.84 E452.0881
G0 F7500 X176.235 Y125.84
G1 F1350 X192.916 Y109.159 E452.87273
G0 F7500 X193.482 Y109.159
G1 F1350 X176.801 Y125.84 E453.65735
G0 F7500 X177.367 Y125.84
G1 F1350 X194.047 Y109.159 E454.44195
G0 F7500 X194.613 Y109.159
G1 F1350 X177.932 Y125.84 E455.22657
G0 F7500 X178.498 Y125.84
G1 F1350 X195.179 Y109.159 E456.0112
G0 F7500 X195.744 Y109.159
G1 F1350 X179.064 Y125.84 E456.79579
G0 F7500 X179.629 Y125.84
G1 F1350 X196.31 Y109.159 E457.58042
G0 F7500 X196.876 Y109.159
G1 F1350 X180.195 Y125.84 E458.36504
G0 F7500 X180.761 Y125.84
G1 F1350 X197.441 Y109.159 E459.14964
G0 F7500 X198.007 Y109.159
G1 F1350 X181.326 Y125.84 E459.93426
G0 F7500 X181.892 Y125.84
G1 F1350 X198.573 Y109.159 E460.71889
G0 F7500 X198.839 Y109.459
G1 F1350 X182.458 Y125.84 E461.4894
G0 F7500 X183.023 Y125.84
G1 F1350 X198.839 Y110.025 E462.23331
G0 F7500 X198.839 Y110.59
G1 F1350 X183.589 Y125.84 E462.95062
G0 F7500 X184.155 Y125.84
G1 F1350 X198.839 Y111.156 E463.64132
G0 F7500 X198.839 Y111.722
G1 F1350 X184.721 Y125.84 E464.30538
G0 F7500 X185.286 Y125.84
G1 F1350 X198.839 Y112.287 E464.94287
G0 F7500 X198.839 Y112.853
G1 F1350 X185.852 Y125.84 E465.55374
G0 F7500 X186.418 Y125.84
G1 F1350 X198.839 Y113.419 E466.13799
G0 F7500 X198.839 Y113.984
G1 F1350 X186.983 Y125.84 E466.69566
G0 F7500 X187.549 Y125.84
G1 F1350 X198.839 Y114.55 E467.22671
G0 F7500 X198.839 Y115.116
G1 F1350 X188.115 Y125.84 E467.73113
G0 F7500 X188.68 Y125.84
G1 F1350 X198.839 Y115.681 E468.20898
G0 F7500 X198.839 Y116.247
G1 F1350 X189.246 Y125.84 E468.6602
G0 F7500 X189.812 Y125.84
G1 F1350 X198.839 Y116.813 E469.08481
G0 F7500 X198.839 Y117.379
G1 F1350 X190.377 Y125.84 E469.48281
G0 F7500 X190.943 Y125.84
G1 F1350 X198.839 Y117.944 E469.85421
G0 F7500 X198.839 Y118.51
G1 F1350 X191.509 Y125.84 E470.19899
G0 F7500 X192.074 Y125.84
G1 F1350 X198.839 Y119.076 E470.51717
G0 F7500 X198.839 Y119.641
G1 F1350 X192.64 Y125.84 E470.80876
G0 F7500 X193.206 Y125.84
G1 F1350 X198.839 Y120.207 E471.07372
G0 F7500 X198.839 Y120.773
G1 F1350 X193.772 Y125.84 E471.31205
G0 F7500 X194.337 Y125.84
G1 F1350 X198.839 Y121.338 E471.52381
G0 F7500 X198.839 Y121.904
G1 F1350 X194.903 Y125.84 E471.70895
G0 F7500 X195.469 Y125.84
G1 F1350 X198.839 Y122.47 E471.86746
G0 F7500 X198.839 Y123.035
G1 F1350 X196.034 Y125.84 E471.9994
G0 F7500 X196.6 Y125.84
G1 F1350 X198.839 Y123.601 E472.10472
G0 F7500 X198.839 Y124.167
G1 F1350 X197.166 Y125.84 E472.18341
G0 F7500 X197.731 Y125.84
G1 F1350 X198.839 Y124.732 E472.23553
G0 F7500 X198.839 Y125.298
G1 F1350 X198.297 Y125.84 E472.26102
G1 F2700 E467.26102
;MESH:NONMESH
G0 F300 X198.297 Y125.84 Z0.6
G0 F7500 X198.297 Y126.3
G0 X199.228 Y126.228
G0 X199.228 Y108.772 ;T9.452 R8.000 A1.570 C-421.702048 FILLET CORNER
G0 X175.07 Y108.761 ;T-78.987 R8.000 A0.155 C-54.417653000000406 FILLET CORNER
G0 X160.635 Y111.007 ;T-140.801 R8.000 A0.103 C12.444365000000179 FILLET CORNER
G0 X152.35 Y111.434 ;T-330.050 R8.000 A0.047 C24.847321999999558 FILLET CORNER
G0 X88.979 Y111.701
G1 F2700 E472.26102
G0 F7500 X88.983 Y111.6
;TIME_ELAPSED:737.600383
;LAYER:2
M106 S170
;TYPE:WALL-INNER
;MESH:D638-22 Type I Tensile Specimen.STL
G1 F1500 X146.015 Y111.6 E474.15791
G1 X153.343 Y111.411 E474.40172
G1 X160.654 Y110.844 E474.64562
G1 X167.894 Y109.906 E474.88844
G1 X175.055 Y108.6 E475.13054
G1 X199.4 Y108.6 E475.94026 ;T16.345 R8.000 A1.571 C216.67050000000012 FILLET CORNER
G1 X199.4 Y117.5 E476.23627
G1 X199.4 Y126.4 E476.53229 ;T0.900 R8.000 A1.571 C216.6527000000003 FILLET CORNER
G1 X175.057 Y126.4 E477.34194
G1 X167.896 Y125.094 E477.58404
G1 X160.654 Y124.156 E477.82693
G1 X153.345 Y123.589 E478.07076
G1 X146.017 Y123.4 E478.31457
G1 X88.985 Y123.4 E480.21146
G1 X81.657 Y123.589 E480.45527
G1 X74.346 Y124.156 E480.69916
G1 X67.106 Y125.094 E480.94198
G1 X59.945 Y126.4 E481.18409
G1 X35.6 Y126.4 E481.9938 ;T16.345 R8.000 A1.571 C433.34100000000024 FILLET CORNER
G1 X35.6 Y108.6 E482.58583 ;T9.800 R8.000 A1.571 C433.3054000000002 FILLET CORNER
G1 X59.943 Y108.6 E483.39549
G1 X67.104 Y109.906 E483.63759
G1 X74.346 Y110.844 E483.88047
G1 X81.655 Y111.411 E484.1243
G1 X88.983 Y111.6 E484.36811
G1 F2700 E479.36811
G0 F9000 X88.979 Y111.701
G0 X74.325 Y111.003 ;T-134.873 R8.000 A0.107 C22.805162000000145 FILLET CORNER
G0 X59.928 Y108.761 ;T-88.488 R8.000 A0.155 C-54.31611900000024 FILLET CORNER
G0 X35.772 Y108.772 ;T16.152 R8.000 A1.570 C-421.6671359999997 FILLET CORNER
G0 X35.772 Y126.228 ;T9.452 R8.000 A1.570 C-421.70204799999976 FILLET CORNER
G0 X59.93 Y126.239 ;T-78.973 R8.000 A0.155 C-54.41763100000037 FILLET CORNER
G0 X74.363 Y123.993 ;T-117.723 R8.000 A0.121 C25.76019000000028 FILLET CORNER
G0 X88.994 Y123.501
G1 F2700 E484.36811
G0 F9000 X88.995 Y123.8
;TYPE:WALL-OUTER
G1 F1500 X146.007 Y123.8 E486.26434
G1 X153.314 Y123.988 E486.50745
G1 X160.602 Y124.553 E486.75058
G1 X167.854 Y125.493 E486.9938
G1 X175.021 Y126.8 E487.2361
G1 X199.8 Y126.8 E488.06026 ;T16.779 R8.000 A1.571 C-230.44470000000015 FILLET CORNER
G1 X199.8 Y117.5 E488.36958
G1 X199.8 Y108.2 E488.6789 ;T1.300 R8.000 A1.571 C-230.46329999999998 FILLET CORNER
G1 X175.019 Y108.2 E489.50312
G1 X167.842 Y109.509 E489.74576
G1 X160.592 Y110.448 E489.98891
G1 X153.302 Y111.012 E490.2321
G1 X146.005 Y111.2 E490.47488
G1 X88.993 Y111.2 E492.37111
G1 X81.686 Y111.012 E492.61422
G1 X74.398 Y110.447 E492.85735
G1 X67.146 Y109.507 E493.10057
G1 X59.979 Y108.2 E493.34288
G1 X35.2 Y108.2 E494.16703 ;T16.779 R8.000 A1.571 C-460.8893999999998 FILLET CORNER
G1 X35.2 Y126.8 E494.78567 ;T10.600 R8.000 A1.571 C-460.92659999999984 FILLET CORNER
G1 X59.981 Y126.8 E495.60989
G1 X67.158 Y125.491 E495.85253
G1 X74.408 Y124.552 E496.09568
G1 X81.698 Y123.988 E496.33887
G1 X88.995 Y123.8 E496.58165
G0 F9000 X88.977 Y123.04
;TYPE:SKIN
G1 F1500 X146.027 Y123.04 E498.47914
G1 X153.372 Y123.23 E498.72352
G1 X160.7 Y123.799 E498.96798
G1 X167.99 Y124.744 E499.21248
G1 X175.092 Y126.04 E499.45259
G1 X199.04 Y126.04 E500.24911 ;T15.948 R8.000 A1.571 C-204.51591999999997 FILLET CORNER
G1 X199.04 Y117.5 E500.53315
G1 X199.04 Y108.96 E500.81719 ;T0.540 R8.000 A1.571 C-204.54154000000008 FILLET CORNER
G1 X175.089 Y108.96 E501.6138
G1 X167.981 Y110.257 E501.85412
G1 X160.651 Y111.206 E502.09995
G1 X153.321 Y111.772 E502.34448
G1 X146.024 Y111.96 E502.58725
G1 X88.975 Y111.96 E504.48471
G1 X81.629 Y111.77 E504.72912
G1 X74.335 Y111.205 E504.97245
G1 X67.01 Y110.256 E505.21812
G1 X59.908 Y108.96 E505.45823
G1 X35.96 Y108.96 E506.25474 ;T15.948 R8.000 A1.571 C-409.03184000000033 FILLET CORNER
G1 X35.96 Y126.04 E506.82283 ;T9.080 R8.000 A1.571 C-409.08308000000034 FILLET CORNER
G1 X59.911 Y126.04 E507.61944
G1 X67.023 Y124.742 E507.85989
G1 X74.347 Y123.794 E508.10552
G1 X81.64 Y123.23 E508.34881
G1 X88.977 Y123.04 E508.59293
G1 F2700 E503.59293
G0 F9000 X88.98 Y123.3
G0 X69.807 Y124.562 ;T-136.811 R8.000 A0.102 C-19.688347000000128 FILLET CORNER
G0 X59.93 Y126.239 ;T-86.388 R8.000 A0.166 C38.75501600000023 FILLET CORNER
G0 X36.461 Y126.3
G1 F2700 E508.59293
G0 F9000 X36.461 Y125.839
G1 F1500 X36.16 Y125.538 E508.60708
G0 F9000 X36.16 Y124.972
G1 F1500 X37.026 Y125.839 E508.64784
G0 F9000 X37.592 Y125.839
G1 F1500 X36.16 Y124.406 E508.71522
G0 F9000 X36.16 Y123.841
G1 F1500 X38.158 Y125.839 E508.8092
G0 F9000 X38.723 Y125.839
G1 F1500 X36.16 Y123.275 E508.92978
G0 F9000 X36.16 Y122.709
G1 F1500 X39.289 Y125.839 E509.07698
G0 F9000 X39.855 Y125.839
G1 F1500 X36.16 Y122.144 E509.25078
G0 F9000 X36.16 Y121.578
G1 F1500 X40.421 Y125.839 E509.45121
G0 F9000 X40.986 Y125.839
G1 F1500 X36.16 Y121.012 E509.67823
G0 F9000 X36.16 Y120.447
G1 F1500 X41.552 Y125.839 E509.93185
G0 F9000 X42.118 Y125.839
G1 F1500 X36.16 Y119.881 E510.2121
G0 F9000 X36.16 Y119.315
G1 F1500 X42.683 Y125.839 E510.51895
G0 F9000 X43.249 Y125.839
G1 F1500 X36.16 Y118.75 E510.85239
G0 F9000 X36.16 Y118.184
G1 F1500 X43.815 Y125.839 E511.21246
G0 F9000 X44.38 Y125.839
G1 F1500 X36.16 Y117.618 E511.59913
G0 F9000 X36.16 Y117.053
G1 F1500 X44.946 Y125.839 E512.01239
G0 F9000 X45.512 Y125.839
G1 F1500 X36.16 Y116.487 E512.45228
G0 F9000 X36.16 Y115.921
G1 F1500 X46.077 Y125.839 E512.91877
G0 F9000 X46.643 Y125.839
G1 F1500 X36.16 Y115.355 E513.41188
G0 F9000 X36.16 Y114.79
G1 F1500 X47.209 Y125.839 E513.93159
G0 F9000 X47.774 Y125.839
G1 F1500 X36.16 Y114.224 E514.4779
G0 F9000 X36.16 Y113.658
G1 F1500 X48.34 Y125.839 E515.05084
G0 F9000 X48.906 Y125.839
G1 F1500 X36.16 Y113.093 E515.65037
G0 F9000 X36.16 Y112.527
G1 F1500 X49.472 Y125.839 E516.27653
G0 F9000 X50.037 Y125.839
G1 F1500 X36.16 Y111.961 E516.92928
G0 F9000 X36.16 Y111.396
G1 F1500 X50.603 Y125.839 E517.60864
G0 F9000 X51.169 Y125.839
G1 F1500 X36.16 Y110.83 E518.31461
G0 F9000 X36.16 Y110.264
G1 F1500 X51.734 Y125.839 E519.04719
G0 F9000 X52.3 Y125.839
G1 F1500 X36.16 Y109.699 E519.80637
G0 F9000 X36.186 Y109.159
G1 F1500 X52.866 Y125.839 E520.59094
G0 F9000 X53.431 Y125.839
G1 F1500 X36.751 Y109.159 E521.37552
G0 F9000 X37.317 Y109.159
G1 F1500 X53.997 Y125.839 E522.16009
G0 F9000 X54.563 Y125.839
G1 F1500 X37.883 Y109.159 E522.94467
G0 F9000 X38.448 Y109.159
G1 F1500 X55.128 Y125.839 E523.72925
G0 F9000 X55.694 Y125.839
G1 F1500 X39.014 Y109.159 E524.51382
G0 F9000 X39.58 Y109.159
G1 F1500 X56.26 Y125.839 E525.2984
G0 F9000 X56.825 Y125.839
G1 F1500 X40.145 Y109.159 E526.08297
G0 F9000 X40.711 Y109.159
G1 F1500 X57.391 Y125.839 E526.86755
G0 F9000 X57.957 Y125.839
G1 F1500 X41.277 Y109.159 E527.65213
G0 F9000 X41.843 Y109.159
G1 F1500 X58.522 Y125.839 E528.43668
G0 F9000 X59.088 Y125.839
G1 F1500 X42.408 Y109.159 E529.22125
G0 F9000 X42.974 Y109.159
G1 F1500 X59.654 Y125.839 E530.00583
G0 F9000 X60.169 Y125.788
G1 F1500 X43.54 Y109.159 E530.78801
G0 F9000 X44.105 Y109.159
G1 F1500 X60.647 Y125.701 E531.56609
G0 F9000 X61.125 Y125.613
G1 F1500 X44.671 Y109.159 E532.34004
G0 F9000 X45.237 Y109.159
G1 F1500 X61.604 Y125.527 E533.10992
G0 F9000 X62.082 Y125.439
G1 F1500 X45.802 Y109.159 E533.87568
G0 F9000 X46.368 Y109.159
G1 F1500 X62.561 Y125.352 E534.63735
G0 F9000 X63.039 Y125.264
G1 F1500 X46.934 Y109.159 E535.39488
G0 F9000 X47.499 Y109.159
G1 F1500 X63.517 Y125.177 E536.14831
G0 F9000 X63.995 Y125.09
G1 F1500 X48.065 Y109.159 E536.89764
G0 F9000 X48.631 Y109.159
G1 F1500 X64.474 Y125.003 E537.64287
G0 F9000 X64.952 Y124.915
G1 F1500 X49.196 Y109.159 E538.38398
G0 F9000 X49.762 Y109.159
G1 F1500 X65.43 Y124.827 E539.12095
G0 F9000 X65.909 Y124.74
G1 F1500 X50.328 Y109.159 E539.85384
G0 F9000 X50.894 Y109.159
G1 F1500 X66.387 Y124.653 E540.5826
G0 F9000 X66.866 Y124.566
G1 F1500 X51.459 Y109.159 E541.3073
G0 F9000 X52.025 Y109.159
G1 F1500 X67.361 Y124.496 E542.02868
G0 F9000 X67.862 Y124.43
G1 F1500 X52.591 Y109.159 E542.74698
G0 F9000 X53.156 Y109.159
G1 F1500 X68.363 Y124.365 E543.46225
G0 F9000 X68.863 Y124.3
G1 F1500 X53.722 Y109.159 E544.17444
G0 F9000 X54.288 Y109.159
G1 F1500 X69.365 Y124.236 E544.88361
G0 F9000 X69.865 Y124.171
G1 F1500 X54.853 Y109.159 E545.58973
G0 F9000 X55.419 Y109.159
G1 F1500 X70.366 Y124.106 E546.29279
G0 F9000 X70.866 Y124.041
G1 F1500 X55.985 Y109.159 E546.99277
G0 F9000 X56.55 Y109.159
G1 F1500 X71.367 Y123.976 E547.68972
G0 F9000 X71.868 Y123.911
G1 F1500 X57.116 Y109.159 E548.38361
G0 F9000 X57.682 Y109.159
G1 F1500 X72.369 Y123.846 E549.07444
G0 F9000 X72.87 Y123.781
G1 F1500 X58.247 Y109.159 E549.76224
G0 F9000 X58.813 Y109.159
G1 F1500 X73.37 Y123.716 E550.44695
G0 F9000 X73.871 Y123.651
G1 F1500 X59.379 Y109.159 E551.12861
G0 F9000 X59.957 Y109.172
G1 F1500 X74.375 Y123.59 E551.80679
G0 F9000 X74.9 Y123.549
G1 F1500 X60.649 Y109.298 E552.47711
G0 F9000 X61.341 Y109.424
G1 F1500 X75.425 Y123.508 E553.13958
G0 F9000 X75.951 Y123.468
G1 F1500 X62.033 Y109.55 E553.79424
G0 F9000 X62.725 Y109.677
G1 F1500 X76.475 Y123.427 E554.441
G0 F9000 X77.001 Y123.387
G1 F1500 X63.417 Y109.803 E555.07995
G0 F9000 X64.109 Y109.929
G1 F1500 X77.525 Y123.346 E555.71102
G0 F9000 X78.051 Y123.305
G1 F1500 X64.801 Y110.056 E556.33424
G0 F9000 X65.492 Y110.182
G1 F1500 X78.575 Y123.264 E556.9496
G0 F9000 X79.101 Y123.224
G1 F1500 X66.185 Y110.308 E557.55713
G0 F9000 X66.876 Y110.434
G1 F1500 X79.625 Y123.183 E558.1568
G0 F9000 X80.151 Y123.143
G1 F1500 X67.533 Y110.525 E558.75031
G0 F9000 X68.183 Y110.609
G1 F1500 X80.675 Y123.102 E559.33792
G0 F9000 X81.201 Y123.062
G1 F1500 X68.833 Y110.694 E559.91967
G0 F9000 X69.482 Y110.777
G1 F1500 X81.731 Y123.026 E560.49583
G0 F9000 X82.283 Y123.012
G1 F1500 X70.132 Y110.861 E561.06738
G0 F9000 X70.782 Y110.945
G1 F1500 X82.834 Y122.998 E561.63429
G0 F9000 X83.385 Y122.983
G1 F1500 X71.431 Y111.029 E562.19657
G0 F9000 X72.081 Y111.114
G1 F1500 X83.937 Y122.969 E562.75421
G0 F9000 X84.488 Y122.955
G1 F1500 X72.73 Y111.197 E563.30727
G0 F9000 X73.38 Y111.281
G1 F1500 X85.04 Y122.941 E563.85573
G0 F9000 X85.591 Y122.926
G1 F1500 X74.03 Y111.365 E564.39952
G0 F9000 X74.66 Y111.43
G1 F1500 X86.142 Y122.912 E564.9396
G0 F9000 X86.694 Y122.897
G1 F1500 X75.273 Y111.477 E565.47678
G0 F9000 X75.886 Y111.524
G1 F1500 X87.245 Y122.883 E566.01108
G0 F9000 X87.797 Y122.869
G1 F1500 X76.499 Y111.572 E566.54247
G0 F9000 X77.112 Y111.619
G1 F1500 X88.348 Y122.854 E567.07096
G0 F9000 X88.899 Y122.84
G1 F1500 X77.725 Y111.667 E567.59653
G0 F9000 X78.338 Y111.714
G1 F1500 X89.463 Y122.839 E568.11981
G0 F9000 X90.029 Y122.839
G1 F1500 X78.952 Y111.761 E568.64086
G0 F9000 X79.565 Y111.809
G1 F1500 X90.595 Y122.839 E569.15968
G0 F9000 X91.16 Y122.839
G1 F1500 X80.178 Y111.856 E569.67626
G0 F9000 X80.791 Y111.903
G1 F1500 X91.726 Y122.839 E570.19064
G0 F9000 X92.292 Y122.839
G1 F1500 X81.404 Y111.951 E570.70277
G0 F9000 X81.997 Y111.978
G1 F1500 X92.857 Y122.839 E571.21362
G0 F9000 X93.423 Y122.839
G1 F1500 X82.578 Y111.993 E571.72376
G0 F9000 X83.158 Y112.008
G1 F1500 X93.989 Y122.839 E572.23321
G0 F9000 X94.555 Y122.839
G1 F1500 X83.739 Y112.024 E572.74194
G0 F9000 X84.32 Y112.038
G1 F1500 X95.12 Y122.839 E573.24997
G0 F9000 X95.686 Y122.839
G1 F1500 X84.9 Y112.053 E573.75731
G0 F9000 X85.482 Y112.069
G1 F1500 X96.252 Y122.839 E574.26389
G0 F9000 X96.817 Y122.839
G1 F1500 X86.062 Y112.084 E574.76978
G0 F9000 X86.643 Y112.099
G1 F1500 X97.383 Y122.839 E575.27495
G0 F9000 X97.949 Y122.839
G1 F1500 X87.223 Y112.113 E575.77947
G0 F9000 X87.804 Y112.129
G1 F1500 X98.514 Y122.839 E576.28324
G0 F9000 X99.08 Y122.839
G1 F1500 X88.385 Y112.144 E576.7863
G0 F9000 X88.966 Y112.159
G1 F1500 X99.646 Y122.839 E577.28865
G0 F9000 X100.211 Y122.839
G1 F1500 X89.532 Y112.159 E577.79098
G0 F9000 X90.098 Y112.159
G1 F1500 X100.777 Y122.839 E578.29331
G0 F9000 X101.343 Y122.839
G1 F1500 X90.663 Y112.159 E578.79567
G0 F9000 X91.229 Y112.159
G1 F1500 X101.908 Y122.839 E579.298
G0 F9000 X102.474 Y122.839
G1 F1500 X91.795 Y112.159 E579.80033
G0 F9000 X92.36 Y112.159
G1 F1500 X103.04 Y122.839 E580.30268
G0 F9000 X103.605 Y122.839
G1 F1500 X92.926 Y112.159 E580.80501
G0 F9000 X93.492 Y112.159
G1 F1500 X104.171 Y122.839 E581.30735
G0 F9000 X104.737 Y122.839
G1 F1500 X94.057 Y112.159 E581.8097
G0 F9000 X94.623 Y112.159
G1 F1500 X105.303 Y122.839 E582.31205
G0 F9000 X105.868 Y122.839
G1 F1500 X95.189 Y112.159 E582.81438
G0 F9000 X95.754 Y112.159
G1 F1500 X106.434 Y122.839 E583.31674
G0 F9000 X107 Y122.839
G1 F1500 X96.32 Y112.159 E583.81909
G0 F9000 X96.886 Y112.159
G1 F1500 X107.565 Y122.839 E584.32142
G0 F9000 X108.131 Y122.839
G1 F1500 X97.452 Y112.159 E584.82376
G0 F9000 X98.017 Y112.159
G1 F1500 X108.697 Y122.839 E585.32611
G0 F9000 X109.262 Y122.839
G1 F1500 X98.583 Y112.159 E585.82844
G0 F9000 X99.149 Y112.159
G1 F1500 X109.828 Y122.839 E586.33077
G0 F9000 X110.394 Y122.839
G1 F1500 X99.714 Y112.159 E586.83313
G0 F9000 X100.28 Y112.159
G1 F1500 X110.959 Y122.839 E587.33546
G0 F9000 X111.525 Y122.839
G1 F1500 X100.846 Y112.159 E587.83779
G0 F9000 X101.411 Y112.159
G1 F1500 X112.091 Y122.839 E588.34014
G0 F9000 X112.656 Y122.839
G1 F1500 X101.977 Y112.159 E588.84247
G0 F9000 X102.543 Y112.159
G1 F1500 X113.222 Y122.839 E589.3448
G0 F9000 X113.788 Y122.839
G1 F1500 X103.108 Y112.159 E589.84716
G0 F9000 X103.674 Y112.159
G1 F1500 X114.354 Y122.839 E590.34951
G0 F9000 X114.919 Y122.839
G1 F1500 X104.24 Y112.159 E590.85184
G0 F9000 X104.805 Y112.159
G1 F1500 X115.485 Y122.839 E591.3542
G0 F9000 X116.051 Y122.839
G1 F1500 X105.371 Y112.159 E591.85655
G0 F9000 X105.937 Y112.159
G1 F1500 X116.616 Y122.839 E592.35888
G0 F9000 X117.182 Y122.839
G1 F1500 X106.503 Y112.159 E592.86122
G0 F9000 X107.068 Y112.159
G1 F1500 X117.748 Y122.839 E593.36357
G0 F9000 X118.313 Y122.839
G1 F1500 X107.634 Y112.159 E593.8659
G0 F9000 X108.2 Y112.159
G1 F1500 X118.879 Y122.839 E594.36823
G0 F9000 X119.445 Y122.839
G1 F1500 X108.765 Y112.159 E594.87059
G0 F9000 X109.331 Y112.159
G1 F1500 X120.01 Y122.839 E595.37292
G0 F9000 X120.576 Y122.839
G1 F1500 X109.897 Y112.159 E595.87525
G0 F9000 X110.462 Y112.159
G1 F1500 X121.142 Y122.839 E596.3776
G0 F9000 X121.707 Y122.839
G1 F1500 X111.028 Y112.159 E596.87993
G0 F9000 X111.594 Y112.159
G1 F1500 X122.273 Y122.839 E597.38226
G0 F9000 X122.839 Y122.839
G1 F1500 X112.159 Y112.159 E597.88462
G0 F9000 X112.725 Y112.159
G1 F1500 X123.404 Y122.839 E598.38695
G0 F9000 X123.97 Y122.839
G1 F1500 X113.291 Y112.159 E598.88928
G0 F9000 X113.856 Y112.159
G1 F1500 X124.536 Y122.839 E599.39164
G0 F9000 X125.102 Y122.839
G1 F1500 X114.422 Y112.159 E599.89399
G0 F9000 X114.988 Y112.159
G1 F1500 X125.667 Y122.839 E600.39632
G0 F9000 X126.233 Y122.839
G1 F1500 X115.553 Y112.159 E600.89867
G0 F9000 X116.119 Y112.159
G1 F1500 X126.799 Y122.839 E601.40103
G0 F9000 X127.364 Y122.839
G1 F1500 X116.685 Y112.159 E601.90336
G0 F9000 X117.251 Y112.159
G1 F1500 X127.93 Y122.839 E602.40569
G0 F9000 X128.496 Y122.839
G1 F1500 X117.817 Y112.16 E602.908
G0 F9000 X118.383 Y112.16
G1 F1500 X129.061 Y122.839 E603.41028
G0 F9000 X129.627 Y122.839
G1 F1500 X118.948 Y112.16 E603.91259
G0 F9000 X119.514 Y112.16
G1 F1500 X130.193 Y122.839 E604.4149
G0 F9000 X130.758 Y122.839
G1 F1500 X120.08 Y112.16 E604.91718
G0 F9000 X120.645 Y112.16
G1 F1500 X131.324 Y122.839 E605.41949
G0 F9000 X131.89 Y122.839
G1 F1500 X121.211 Y112.16 E605.9218
G0 F9000 X121.777 Y112.16
G1 F1500 X132.455 Y122.839 E606.42408
G0 F9000 X133.021 Y122.839
G1 F1500 X122.342 Y112.16 E606.92639
G0 F9000 X122.908 Y112.16
G1 F1500 X133.587 Y122.839 E607.42869
G0 F9000 X134.153 Y122.839
G1 F1500 X123.474 Y112.16 E607.931
G0 F9000 X124.039 Y112.16
G1 F1500 X134.718 Y122.839 E608.43331
G0 F9000 X135.284 Y122.839
G1 F1500 X124.605 Y112.16 E608.93562
G0 F9000 X125.171 Y112.16
G1 F1500 X135.85 Y122.839 E609.43792
G0 F9000 X136.415 Y122.839
G1 F1500 X125.737 Y112.16 E609.94021
G0 F9000 X126.302 Y112.16
G1 F1500 X136.981 Y122.839 E610.44252
G0 F9000 X137.547 Y122.839
G1 F1500 X126.868 Y112.16 E610.94482
G0 F9000 X127.434 Y112.16
G1 F1500 X138.112 Y122.839 E611.44711
G0 F9000 X138.678 Y122.839
G1 F1500 X127.999 Y112.16 E611.94941
G0 F9000 X128.565 Y112.16
G1 F1500 X139.244 Y122.839 E612.45172
G0 F9000 X139.809 Y122.839
G1 F1500 X129.131 Y112.16 E612.95401
G0 F9000 X129.696 Y112.16
G1 F1500 X140.375 Y122.839 E613.45631
G0 F9000 X140.941 Y122.839
G1 F1500 X130.262 Y112.16 E613.95862
G0 F9000 X130.828 Y112.16
G1 F1500 X141.506 Y122.839 E614.4609
G0 F9000 X142.072 Y122.839
G1 F1500 X131.393 Y112.16 E614.96321
G0 F9000 X131.959 Y112.16
G1 F1500 X142.638 Y122.839 E615.46552
G0 F9000 X143.203 Y122.839
G1 F1500 X132.525 Y112.16 E615.9678
G0 F9000 X133.09 Y112.16
G1 F1500 X143.769 Y122.839 E616.47011
G0 F9000 X144.335 Y122.839
G1 F1500 X133.656 Y112.16 E616.97242
G0 F9000 X134.222 Y112.16
G1 F1500 X144.901 Y122.839 E617.47473
G0 F9000 X145.466 Y122.839
G1 F1500 X134.787 Y112.16 E617.97703
G0 F9000 X135.353 Y112.16
G1 F1500 X146.033 Y122.84 E618.47939
G0 F9000 X146.613 Y122.854
G1 F1500 X135.919 Y112.16 E618.9824
G0 F9000 X136.485 Y112.16
G1 F1500 X147.194 Y122.869 E619.48612
G0 F9000 X147.774 Y122.884
G1 F1500 X137.05 Y112.16 E619.99054
G0 F9000 X137.616 Y112.16
G1 F1500 X148.355 Y122.899 E620.49567
G0 F9000 X148.935 Y122.914
G1 F1500 X138.182 Y112.16 E621.00148
G0 F9000 X138.747 Y112.16
G1 F1500 X149.517 Y122.929 E621.50805
G0 F9000 X150.097 Y122.944
G1 F1500 X139.313 Y112.16 E622.0153
G0 F9000 X139.879 Y112.16
G1 F1500 X150.678 Y122.959 E622.52325
G0 F9000 X151.258 Y122.974
G1 F1500 X140.444 Y112.16 E623.0319
G0 F9000 X141.01 Y112.16
G1 F1500 X151.839 Y122.989 E623.54127
G0 F9000 X152.419 Y123.004
G1 F1500 X141.576 Y112.16 E624.05131
G0 F9000 X142.141 Y112.16
G1 F1500 X153 Y123.019 E624.56209
G0 F9000 X153.592 Y123.045
G1 F1500 X142.707 Y112.16 E625.07408
G0 F9000 X143.273 Y112.16
G1 F1500 X154.205 Y123.093 E625.58831
G0 F9000 X154.818 Y123.14
G1 F1500 X143.838 Y112.16 E626.10478
G0 F9000 X144.404 Y112.16
G1 F1500 X155.432 Y123.188 E626.6235
G0 F9000 X156.045 Y123.235
G1 F1500 X144.97 Y112.16 E627.14444
G0 F9000 X145.536 Y112.16
G1 F1500 X156.659 Y123.284 E627.66765
G0 F9000 X157.272 Y123.331
G1 F1500 X146.1 Y112.159 E628.19315
G0 F9000 X146.651 Y112.145
G1 F1500 X157.886 Y123.379 E628.72159
G0 F9000 X158.499 Y123.426
G1 F1500 X147.202 Y112.13 E629.25294
G0 F9000 X147.754 Y112.116
G1 F1500 X159.113 Y123.474 E629.78721
G0 F9000 X159.726 Y123.522
G1 F1500 X148.305 Y112.101 E630.32442
G0 F9000 X148.857 Y112.087
G1 F1500 X160.339 Y123.57 E630.86452
G0 F9000 X160.966 Y123.631
G1 F1500 X149.408 Y112.073 E631.40817
G0 F9000 X149.96 Y112.059
G1 F1500 X161.617 Y123.716 E631.95648
G0 F9000 X162.266 Y123.8
G1 F1500 X150.511 Y112.044 E632.50942
G0 F9000 X151.062 Y112.03
G1 F1500 X162.916 Y123.884 E633.067
G0 F9000 X163.566 Y123.968
G1 F1500 X151.614 Y112.016 E633.62918
G0 F9000 X152.165 Y112.002
G1 F1500 X164.216 Y124.052 E634.196
G0 F9000 X164.866 Y124.136
G1 F1500 X152.717 Y111.988 E634.76743
G0 F9000 X153.268 Y111.973
G1 F1500 X165.516 Y124.22 E635.34352
G0 F9000 X166.165 Y124.305
G1 F1500 X153.797 Y111.936 E635.92529
G0 F9000 X154.322 Y111.896
G1 F1500 X166.816 Y124.389 E636.51295
G0 F9000 X167.466 Y124.474
G1 F1500 X154.847 Y111.855 E637.10651
G0 F9000 X155.372 Y111.814
G1 F1500 X168.123 Y124.565 E637.70628
G0 F9000 X168.814 Y124.691
G1 F1500 X155.897 Y111.773 E638.31387
G0 F9000 X156.422 Y111.733
G1 F1500 X169.506 Y124.817 E638.92931
G0 F9000 X170.198 Y124.943
G1 F1500 X156.947 Y111.692 E639.55259
G0 F9000 X157.472 Y111.652
G1 F1500 X170.89 Y125.07 E640.18373
G0 F9000 X171.582 Y125.196
G1 F1500 X157.997 Y111.611 E640.82273
G0 F9000 X158.522 Y111.57
G1 F1500 X172.273 Y125.321 E641.46954
G0 F9000 X172.966 Y125.448
G1 F1500 X159.047 Y111.529 E642.12424
G0 F9000 X159.572 Y111.489
G1 F1500 X173.657 Y125.574 E642.78676
G0 F9000 X174.349 Y125.7
G1 F1500 X160.097 Y111.448 E643.45713
G0 F9000 X160.622 Y111.408
G1 F1500 X175.041 Y125.826 E644.13533
G0 F9000 X175.619 Y125.839
G1 F1500 X161.126 Y111.345 E644.81706
G0 F9000 X161.626 Y111.28
G1 F1500 X176.185 Y125.839 E645.50187
G0 F9000 X176.751 Y125.839
G1 F1500 X162.128 Y111.216 E646.18969
G0 F9000 X162.628 Y111.151
G1 F1500 X177.316 Y125.839 E646.88057
G0 F9000 X177.882 Y125.839
G1 F1500 X163.129 Y111.086 E647.57451
G0 F9000 X163.63 Y111.021
G1 F1500 X178.448 Y125.839 E648.2715
G0 F9000 X179.013 Y125.839
G1 F1500 X164.131 Y110.957 E648.9715
G0 F9000 X164.632 Y110.892
G1 F1500 X179.579 Y125.839 E649.67456
G0 F9000 X180.145 Y125.839
G1 F1500 X165.132 Y110.826 E650.38073
G0 F9000 X165.634 Y110.762
G1 F1500 X180.711 Y125.839 E651.08991
G0 F9000 X181.276 Y125.839
G1 F1500 X166.134 Y110.697 E651.80214
G0 F9000 X166.635 Y110.632
G1 F1500 X181.842 Y125.839 E652.51743
G0 F9000 X182.408 Y125.839
G1 F1500 X167.136 Y110.568 E653.23575
G0 F9000 X167.637 Y110.503
G1 F1500 X182.973 Y125.839 E653.95711
G0 F9000 X183.539 Y125.839
G1 F1500 X168.133 Y110.433 E654.68176
G0 F9000 X168.611 Y110.346
G1 F1500 X184.105 Y125.839 E655.41053
G0 F9000 X184.67 Y125.839
G1 F1500 X169.089 Y110.258 E656.14341
G0 F9000 X169.568 Y110.171
G1 F1500 X185.236 Y125.839 E656.88039
G0 F9000 X185.802 Y125.839
G1 F1500 X170.046 Y110.083 E657.6215
G0 F9000 X170.525 Y109.996
G1 F1500 X186.367 Y125.839 E658.36668
G0 F9000 X186.933 Y125.839
G1 F1500 X171.003 Y109.909 E659.11598
G0 F9000 X171.481 Y109.822
G1 F1500 X187.499 Y125.839 E659.8694
G0 F9000 X188.064 Y125.839
G1 F1500 X171.959 Y109.734 E660.62693
G0 F9000 X172.438 Y109.647
G1 F1500 X188.63 Y125.839 E661.38855
G0 F9000 X189.196 Y125.839
G1 F1500 X172.917 Y109.56 E662.15426
G0 F9000 X173.395 Y109.472
G1 F1500 X189.762 Y125.839 E662.92412
G0 F9000 X190.327 Y125.839
G1 F1500 X173.874 Y109.385 E663.69804
G0 F9000 X174.352 Y109.298
G1 F1500 X190.893 Y125.839 E664.47608
G0 F9000 X191.459 Y125.839
G1 F1500 X174.83 Y109.211 E665.25823
G0 F9000 X175.345 Y109.16
G1 F1500 X192.024 Y125.839 E666.04276
G0 F9000 X192.59 Y125.839
G1 F1500 X175.911 Y109.16 E666.82729
G0 F9000 X176.476 Y109.16
G1 F1500 X193.156 Y125.839 E667.61184
G0 F9000 X193.721 Y125.839
G1 F1500 X177.042 Y109.16 E668.39637
G0 F9000 X177.608 Y109.16
G1 F1500 X194.287 Y125.839 E669.1809
G0 F9000 X194.853 Y125.839
G1 F1500 X178.173 Y109.16 E669.96545
G0 F9000 X178.739 Y109.16
G1 F1500 X195.418 Y125.839 E670.74998
G0 F9000 X195.984 Y125.839
G1 F1500 X179.305 Y109.16 E671.53451
G0 F9000 X179.87 Y109.16
G1 F1500 X196.55 Y125.839 E672.31906
G0 F9000 X197.115 Y125.839
G1 F1500 X180.436 Y109.16 E673.10359
G0 F9000 X181.002 Y109.16
G1 F1500 X197.681 Y125.839 E673.88812
G0 F9000 X198.247 Y125.839
G1 F1500 X181.568 Y109.16 E674.67265
G0 F9000 X182.133 Y109.16
G1 F1500 X198.812 Y125.839 E675.45718
G0 F9000 X198.839 Y125.3
G1 F1500 X182.699 Y109.16 E676.21635
G0 F9000 X183.265 Y109.16
G1 F1500 X198.839 Y124.734 E676.94891
G0 F9000 X198.839 Y124.168
G1 F1500 X183.83 Y109.16 E677.65486
G0 F9000 X184.396 Y109.16
G1 F1500 X198.839 Y123.602 E678.33419
G0 F9000 X198.839 Y123.037
G1 F1500 X184.962 Y109.16 E678.98692
G0 F9000 X185.527 Y109.16
G1 F1500 X198.839 Y122.471 E679.61306
G0 F9000 X198.839 Y121.905
G1 F1500 X186.093 Y109.16 E680.21256
G0 F9000 X186.659 Y109.16
G1 F1500 X198.839 Y121.34 E680.78547
G0 F9000 X198.839 Y120.774
G1 F1500 X187.224 Y109.16 E681.33179
G0 F9000 X187.79 Y109.16
G1 F1500 X198.839 Y120.208 E681.85147
G0 F9000 X198.839 Y119.643
G1 F1500 X188.356 Y109.16 E682.34456
G0 F9000 X188.921 Y109.16
G1 F1500 X198.839 Y119.077 E682.81105
G0 F9000 X198.839 Y118.511
G1 F1500 X189.487 Y109.16 E683.25092
G0 F9000 X190.053 Y109.16
G1 F1500 X198.839 Y117.946 E683.66418
G0 F9000 X198.839 Y117.38
G1 F1500 X190.619 Y109.16 E684.05083
G0 F9000 X191.184 Y109.16
G1 F1500 X198.839 Y116.814 E684.41087
G0 F9000 X198.839 Y116.249
G1 F1500 X191.75 Y109.16 E684.74431
G0 F9000 X192.316 Y109.16
G1 F1500 X198.839 Y115.683 E685.05114
G0 F9000 X198.839 Y115.117
G1 F1500 X192.881 Y109.16 E685.33136
G0 F9000 X193.447 Y109.16
G1 F1500 X198.839 Y114.552 E685.58498
G0 F9000 X198.839 Y113.986
G1 F1500 X194.013 Y109.16 E685.81198
G0 F9000 X194.578 Y109.16
G1 F1500 X198.839 Y113.42 E686.01238
G0 F9000 X198.839 Y112.854
G1 F1500 X195.144 Y109.16 E686.18616
G0 F9000 X195.71 Y109.16
G1 F1500 X198.839 Y112.289 E686.33334
G0 F9000 X198.839 Y111.723
G1 F1500 X196.275 Y109.16 E686.45392
G0 F9000 X196.841 Y109.16
G1 F1500 X198.839 Y111.157 E686.54788
G0 F9000 X198.839 Y110.592
G1 F1500 X197.407 Y109.16 E686.61523
G0 F9000 X197.972 Y109.16
G1 F1500 X198.839 Y110.026 E686.65599
G0 F9000 X198.839 Y109.46
G1 F1500 X198.538 Y109.16 E686.67012
G1 F2700 E681.67012
;MESH:NONMESH
G0 F300 X198.538 Y109.16 Z0.8
G0 F9000 X198.538 Y108.7
G0 X199.228 Y108.772
G0 X199.228 Y126.228 ;T9.452 R8.000 A1.570 C421.66713599999986 FILLET CORNER
G0 X175.072 Y126.239 ;T-79.003 R8.000 A0.155 C54.41318300000038 FILLET CORNER
G0 X160.635 Y123.993 ;T-140.840 R8.000 A0.103 C-12.441265000000161 FILLET CORNER
G0 X152.351 Y123.566 ;T-318.973 R8.000 A0.049 C-25.682137999999554 FILLET CORNER
G0 X88.985 Y123.4
;TIME_ELAPSED:1026.559967
;LAYER:3
M106 S255
;TYPE:WALL-INNER
;MESH:D638-22 Type I Tensile Specimen.STL
G1 F2700 E686.67012
G1 F1500 X146.017 Y123.4 E688.56702
G1 X153.345 Y123.589 E688.81083
G1 X160.654 Y124.156 E689.05466
G1 X167.896 Y125.094 E689.29754
G1 X175.057 Y126.4 E689.53964
G1 X199.4 Y126.4 E690.34929 ;T16.343 R8.000 A1.571 C-216.6527000000003 FILLET CORNER
G1 X199.4 Y117.5 E690.64531
G1 X199.4 Y108.6 E690.94132 ;T0.900 R8.000 A1.571 C-216.67050000000012 FILLET CORNER
G1 X175.055 Y108.6 E691.75104
G1 X167.894 Y109.906 E691.99315
G1 X160.654 Y110.844 E692.23596
G1 X153.343 Y111.411 E692.47986
G1 X146.015 Y111.6 E692.72367
G1 X88.983 Y111.6 E694.62056
G1 X81.655 Y111.411 E694.86437
G1 X74.346 Y110.844 E695.1082
G1 X67.104 Y109.906 E695.35108
G1 X59.943 Y108.6 E695.59319
G1 X35.6 Y108.6 E696.40284 ;T16.343 R8.000 A1.571 C-433.3054000000002 FILLET CORNER
G1 X35.6 Y126.4 E696.99487 ;T9.800 R8.000 A1.571 C-433.34100000000024 FILLET CORNER
G1 X59.945 Y126.4 E697.80459
G1 X67.106 Y125.094 E698.04669
G1 X74.346 Y124.156 E698.28951
G1 X81.657 Y123.589 E698.5334
G1 X88.985 Y123.4 E698.77721
G1 F2700 E693.77721
G0 F9000 X74.325 Y123.997 ;T-125.765 R8.000 A0.114 C-24.273905000000138 FILLET CORNER
G0 X59.93 Y126.239 ;T-88.476 R8.000 A0.155 C54.320581000000246 FILLET CORNER
G0 X35.772 Y126.228 ;T16.154 R8.000 A1.570 C421.70204799999976 FILLET CORNER
G0 X35.772 Y108.772 ;T9.452 R8.000 A1.570 C421.6671359999997 FILLET CORNER
G0 X59.928 Y108.761 ;T-79.048 R8.000 A0.155 C44.044209000000066 FILLET CORNER
G0 X71.619 Y110.579 ;T-166.367 R8.000 A0.090 C-18.44317799999996 FILLET CORNER
G0 X88.979 Y111.701
G1 F2700 E698.77721
G0 F9000 X88.993 Y111.2
;TYPE:WALL-OUTER
G1 F1500 X146.005 Y111.2 E700.67344
G1 X153.302 Y111.012 E700.91622
G1 X160.592 Y110.448 E701.15941
G1 X167.842 Y109.509 E701.40256
G1 X175.019 Y108.2 E701.64521
G1 X199.8 Y108.2 E702.46943 ;T16.781 R8.000 A1.571 C230.46329999999998 FILLET CORNER
G1 X199.8 Y117.5 E702.77875
G1 X199.8 Y126.8 E703.08807 ;T1.300 R8.000 A1.571 C230.44470000000015 FILLET CORNER
G1 X175.021 Y126.8 E703.91222
G1 X167.854 Y125.493 E704.15453
G1 X160.602 Y124.553 E704.39775
G1 X153.314 Y123.988 E704.64087
G1 X146.007 Y123.8 E704.88399
G1 X88.995 Y123.8 E706.78021
G1 X81.698 Y123.988 E707.02299
G1 X74.408 Y124.552 E707.26618
G1 X67.158 Y125.491 E707.50933
G1 X59.981 Y126.8 E707.75198
G1 X35.2 Y126.8 E708.5762 ;T16.781 R8.000 A1.571 C460.92659999999984 FILLET CORNER
G1 X35.2 Y108.2 E709.19484 ;T10.600 R8.000 A1.571 C460.8893999999998 FILLET CORNER
G1 X59.979 Y108.2 E710.01899
G1 X67.146 Y109.507 E710.2613
G1 X74.398 Y110.447 E710.50452
G1 X81.686 Y111.012 E710.74764
G1 X88.993 Y111.2 E710.99076
G0 F9000 X88.975 Y111.96
;TYPE:SKIN
G1 F1500 X146.024 Y111.96 E712.88821
G1 X153.321 Y111.772 E713.13099
G1 X160.651 Y111.206 E713.37552
G1 X167.981 Y110.257 E713.62135
G1 X175.089 Y108.96 E713.86166
G1 X199.04 Y108.96 E714.65828 ;T15.951 R8.000 A1.571 C204.54154000000008 FILLET CORNER
G1 X199.04 Y117.5 E714.94232
G1 X199.04 Y126.04 E715.22636 ;T0.540 R8.000 A1.571 C204.51591999999997 FILLET CORNER
G1 X175.092 Y126.04 E716.02287
G1 X167.99 Y124.744 E716.26299
G1 X160.7 Y123.799 E716.50748
G1 X153.372 Y123.23 E716.75195
G1 X146.027 Y123.04 E716.99632
G1 X88.977 Y123.04 E718.89382
G1 X81.64 Y123.23 E719.13793
G1 X74.347 Y123.794 E719.38122
G1 X67.023 Y124.742 E719.62685
G1 X59.911 Y126.04 E719.8673
G1 X35.96 Y126.04 E720.66391 ;T15.951 R8.000 A1.571 C409.08308000000034 FILLET CORNER
G1 X35.96 Y108.96 E721.232 ;T9.080 R8.000 A1.571 C409.03184000000033 FILLET CORNER
G1 X59.908 Y108.96 E722.02851
G1 X67.01 Y110.256 E722.26862
G1 X74.335 Y111.205 E722.51429
G1 X81.629 Y111.77 E722.75762
G1 X88.975 Y111.96 E723.00203
G1 F2700 E718.00203
G0 F9000 X88.979 Y111.701
G0 X69.848 Y110.443 ;T-137.099 R8.000 A0.102 C19.698982000000086 FILLET CORNER
G0 X59.928 Y108.761 ;T-86.461 R8.000 A0.165 C-39.26837200000011 FILLET CORNER
G0 X36.222 Y108.7
G1 F2700 E723.00203
G0 F9000 X36.222 Y109.158
G1 F1500 X36.16 Y109.221 E723.00497
G0 F9000 X36.16 Y109.786
G1 F1500 X36.787 Y109.158 E723.03448
G0 F9000 X37.353 Y109.158
G1 F1500 X36.16 Y110.352 E723.09062
G0 F9000 X36.16 Y110.918
G1 F1500 X37.919 Y109.158 E723.17338
G0 F9000 X38.484 Y109.158
G1 F1500 X36.16 Y111.483 E723.28272
G0 F9000 X36.16 Y112.049
G1 F1500 X39.05 Y109.158 E723.41868
G0 F9000 X39.616 Y109.158
G1 F1500 X36.16 Y112.615 E723.58126
G0 F9000 X36.16 Y113.18
G1 F1500 X40.182 Y109.158 E723.77045
G0 F9000 X40.747 Y109.158
G1 F1500 X36.16 Y113.746 E723.98623
G0 F9000 X36.16 Y114.312
G1 F1500 X41.313 Y109.158 E724.22863
G0 F9000 X41.879 Y109.158
G1 F1500 X36.16 Y114.877 E724.49764
G0 F9000 X36.16 Y115.443
G1 F1500 X42.444 Y109.158 E724.79324
G0 F9000 X43.01 Y109.158
G1 F1500 X36.16 Y116.009 E725.11547
G0 F9000 X36.16 Y116.575
G1 F1500 X43.576 Y109.158 E725.46432
G0 F9000 X44.141 Y109.158
G1 F1500 X36.16 Y117.14 E725.83974
G0 F9000 X36.16 Y117.706
G1 F1500 X44.707 Y109.158 E726.24179
G0 F9000 X45.273 Y109.158
G1 F1500 X36.16 Y118.272 E726.67046
G0 F9000 X36.16 Y118.837
G1 F1500 X45.838 Y109.158 E727.12571
G0 F9000 X46.404 Y109.158
G1 F1500 X36.16 Y119.403 E727.60758
G0 F9000 X36.16 Y119.969
G1 F1500 X46.97 Y109.158 E728.11607
G0 F9000 X47.535 Y109.158
G1 F1500 X36.16 Y120.534 E728.65114
G0 F9000 X36.16 Y121.1
G1 F1500 X48.101 Y109.158 E729.21283
G0 F9000 X48.667 Y109.158
G1 F1500 X36.16 Y121.666 E729.80115
G0 F9000 X36.16 Y122.231
G1 F1500 X49.233 Y109.158 E730.41606
G0 F9000 X49.798 Y109.158
G1 F1500 X36.16 Y122.797 E731.05757
G0 F9000 X36.16 Y123.363
G1 F1500 X50.364 Y109.158 E731.72571
G0 F9000 X50.93 Y109.158
G1 F1500 X36.16 Y123.928 E732.42045
G0 F9000 X36.16 Y124.494
G1 F1500 X51.495 Y109.158 E733.14178
G0 F9000 X52.061 Y109.158
G1 F1500 X36.16 Y125.06 E733.88974
G0 F9000 X36.16 Y125.626
G1 F1500 X52.627 Y109.158 E734.66432
G0 F9000 X53.192 Y109.158
G1 F1500 X36.512 Y125.839 E735.44892
G0 F9000 X37.077 Y125.839
G1 F1500 X53.758 Y109.158 E736.23354
G0 F9000 X54.324 Y109.158
G1 F1500 X37.643 Y125.839 E737.01816
G0 F9000 X38.209 Y125.839
G1 F1500 X54.889 Y109.158 E737.80276
G0 F9000 X55.455 Y109.158
G1 F1500 X38.774 Y125.839 E738.58739
G0 F9000 X39.34 Y125.839
G1 F1500 X56.021 Y109.158 E739.37201
G0 F9000 X56.586 Y109.158
G1 F1500 X39.906 Y125.839 E740.15661
G0 F9000 X40.471 Y125.839
G1 F1500 X57.152 Y109.158 E740.94123
G0 F9000 X57.718 Y109.158
G1 F1500 X41.037 Y125.839 E741.72586
G0 F9000 X41.603 Y125.839
G1 F1500 X58.283 Y109.158 E742.51046
G0 F9000 X58.849 Y109.158
G1 F1500 X42.169 Y125.839 E743.29506
G0 F9000 X42.734 Y125.839
G1 F1500 X59.415 Y109.158 E744.07968
G0 F9000 X59.966 Y109.173
G1 F1500 X43.3 Y125.839 E744.8636
G0 F9000 X43.866 Y125.839
G1 F1500 X60.444 Y109.26 E745.6434
G0 F9000 X60.923 Y109.347
G1 F1500 X44.431 Y125.839 E746.41913
G0 F9000 X44.997 Y125.839
G1 F1500 X61.401 Y109.435 E747.19072
G0 F9000 X61.88 Y109.522
G1 F1500 X45.563 Y125.839 E747.95823
G0 F9000 X46.128 Y125.839
G1 F1500 X62.359 Y109.609 E748.72166
G0 F9000 X62.837 Y109.697
G1 F1500 X46.694 Y125.839 E749.48095
G0 F9000 X47.26 Y125.839
G1 F1500 X63.315 Y109.783 E750.23615
G0 F9000 X63.793 Y109.871
G1 F1500 X47.825 Y125.839 E750.98724
G0 F9000 X48.391 Y125.839
G1 F1500 X64.272 Y109.958 E751.73423
G0 F9000 X64.75 Y110.046
G1 F1500 X48.957 Y125.839 E752.47709
G0 F9000 X49.522 Y125.839
G1 F1500 X65.229 Y110.133 E753.21587
G0 F9000 X65.707 Y110.22
G1 F1500 X50.088 Y125.839 E753.95054
G0 F9000 X50.654 Y125.839
G1 F1500 X66.185 Y110.307 E754.6811
G0 F9000 X66.664 Y110.394
G1 F1500 X51.219 Y125.839 E755.40758
G0 F9000 X51.785 Y125.839
G1 F1500 X67.149 Y110.475 E756.13026
G0 F9000 X67.651 Y110.539
G1 F1500 X52.351 Y125.839 E756.84992
G0 F9000 X52.917 Y125.839
G1 F1500 X68.151 Y110.604 E757.56651
G0 F9000 X68.652 Y110.669
G1 F1500 X53.482 Y125.839 E758.28006
G0 F9000 X54.048 Y125.839
G1 F1500 X69.153 Y110.734 E758.99055
G0 F9000 X69.654 Y110.799
G1 F1500 X54.614 Y125.839 E759.69799
G0 F9000 X55.179 Y125.839
G1 F1500 X70.155 Y110.863 E760.40241
G0 F9000 X70.656 Y110.928
G1 F1500 X55.745 Y125.839 E761.10378
G0 F9000 X56.311 Y125.839
G1 F1500 X71.156 Y110.993 E761.80207
G0 F9000 X71.658 Y111.058
G1 F1500 X56.876 Y125.839 E762.49734
G0 F9000 X57.442 Y125.839
G1 F1500 X72.158 Y111.123 E763.18954
G0 F9000 X72.66 Y111.187
G1 F1500 X58.008 Y125.839 E763.87872
G0 F9000 X58.573 Y125.839
G1 F1500 X73.16 Y111.252 E764.56485
G0 F9000 X73.661 Y111.317
G1 F1500 X59.139 Y125.839 E765.24792
G0 F9000 X59.705 Y125.839
G1 F1500 X74.162 Y111.382 E765.92793
G0 F9000 X74.679 Y111.43
G1 F1500 X60.355 Y125.755 E766.60171
G0 F9000 X61.046 Y125.629
G1 F1500 X75.204 Y111.471 E767.26766
G0 F9000 X75.729 Y111.512
G1 F1500 X61.738 Y125.502 E767.92573
G0 F9000 X62.431 Y125.376
G1 F1500 X76.255 Y111.552 E768.57597
G0 F9000 X76.779 Y111.593
G1 F1500 X63.123 Y125.249 E769.21831
G0 F9000 X63.814 Y125.123
G1 F1500 X77.305 Y111.633 E769.85286
G0 F9000 X77.829 Y111.674
G1 F1500 X64.507 Y124.997 E770.47951
G0 F9000 X65.199 Y124.87
G1 F1500 X78.355 Y111.715 E771.0983
G0 F9000 X78.88 Y111.755
G1 F1500 X65.891 Y124.744 E771.70927
G0 F9000 X66.583 Y124.618
G1 F1500 X79.405 Y111.796 E772.31237
G0 F9000 X79.93 Y111.836
G1 F1500 X67.257 Y124.51 E772.9085
G0 F9000 X67.906 Y124.426
G1 F1500 X80.455 Y111.877 E773.49876
G0 F9000 X80.98 Y111.918
G1 F1500 X68.556 Y124.341 E774.08313
G0 F9000 X69.206 Y124.257
G1 F1500 X81.506 Y111.958 E774.66166
G0 F9000 X82.05 Y111.979
G1 F1500 X69.857 Y124.172 E775.23518
G0 F9000 X70.507 Y124.088
G1 F1500 X82.602 Y111.993 E775.80409
G0 F9000 X83.153 Y112.007
G1 F1500 X71.156 Y124.004 E776.36839
G0 F9000 X71.806 Y123.92
G1 F1500 X83.705 Y112.021 E776.92809
G0 F9000 X84.256 Y112.036
G1 F1500 X72.456 Y123.836 E777.48312
G0 F9000 X73.106 Y123.752
G1 F1500 X84.807 Y112.05 E778.03352
G0 F9000 X85.359 Y112.065
G1 F1500 X73.756 Y123.667 E778.57927
G0 F9000 X74.401 Y123.588
G1 F1500 X85.91 Y112.079 E779.12062
G0 F9000 X86.461 Y112.094
G1 F1500 X75.014 Y123.541 E779.65905
G0 F9000 X75.627 Y123.494
G1 F1500 X87.013 Y112.108 E780.19461
G0 F9000 X87.564 Y112.122
G1 F1500 X76.24 Y123.446 E780.72726
G0 F9000 X76.853 Y123.399
G1 F1500 X88.116 Y112.136 E781.25704
G0 F9000 X88.667 Y112.15
G1 F1500 X77.466 Y123.351 E781.7839
G0 F9000 X78.08 Y123.303
G1 F1500 X89.224 Y112.159 E782.30808
G0 F9000 X89.79 Y112.159
G1 F1500 X78.693 Y123.256 E782.83004
G0 F9000 X79.306 Y123.209
G1 F1500 X90.356 Y112.159 E783.3498
G0 F9000 X90.921 Y112.159
G1 F1500 X79.919 Y123.161 E783.8673
G0 F9000 X80.532 Y123.114
G1 F1500 X91.487 Y112.159 E784.38259
G0 F9000 X92.053 Y112.159
G1 F1500 X81.145 Y123.066 E784.89565
G0 F9000 X81.751 Y123.026
G1 F1500 X92.618 Y112.159 E785.4068
G0 F9000 X93.184 Y112.159
G1 F1500 X82.331 Y123.011 E785.91727
G0 F9000 X82.912 Y122.996
G1 F1500 X93.75 Y112.159 E786.42703
G0 F9000 X94.316 Y112.159
G1 F1500 X83.493 Y122.982 E786.93611
G0 F9000 X84.074 Y122.966
G1 F1500 X94.881 Y112.159 E787.44444
G0 F9000 X95.447 Y112.159
G1 F1500 X84.654 Y122.951 E787.95208
G0 F9000 X85.235 Y122.936
G1 F1500 X96.013 Y112.159 E788.45903
G0 F9000 X96.578 Y112.159
G1 F1500 X85.816 Y122.921 E788.96524
G0 F9000 X86.397 Y122.906
G1 F1500 X97.144 Y112.159 E789.47074
G0 F9000 X97.71 Y112.159
G1 F1500 X86.977 Y122.891 E789.97557
G0 F9000 X87.558 Y122.876
G1 F1500 X98.275 Y112.159 E790.47966
G0 F9000 X98.841 Y112.159
G1 F1500 X88.139 Y122.861 E790.98305
G0 F9000 X88.719 Y122.846
G1 F1500 X99.407 Y112.159 E791.48576
G0 F9000 X99.972 Y112.159
G1 F1500 X89.292 Y122.84 E791.98814
G0 F9000 X89.857 Y122.84
G1 F1500 X100.538 Y112.159 E792.49054
G0 F9000 X101.104 Y112.159
G1 F1500 X90.423 Y122.84 E792.99294
G0 F9000 X90.989 Y122.84
G1 F1500 X101.669 Y112.159 E793.49532
G0 F9000 X102.235 Y112.159
G1 F1500 X91.554 Y122.84 E793.99772
G0 F9000 X92.12 Y122.84
G1 F1500 X102.801 Y112.159 E794.50012
G0 F9000 X103.366 Y112.159
G1 F1500 X92.686 Y122.84 E795.0025
G0 F9000 X93.251 Y122.84
G1 F1500 X103.932 Y112.159 E795.5049
G0 F9000 X104.498 Y112.159
G1 F1500 X93.817 Y122.84 E796.0073
G0 F9000 X94.383 Y122.84
G1 F1500 X105.064 Y112.159 E796.5097
G0 F9000 X105.629 Y112.159
G1 F1500 X94.948 Y122.84 E797.0121
G0 F9000 X95.514 Y122.84
G1 F1500 X106.195 Y112.159 E797.51451
G0 F9000 X106.761 Y112.159
G1 F1500 X96.08 Y122.84 E798.01691
G0 F9000 X96.645 Y122.84
G1 F1500 X107.326 Y112.159 E798.51931
G0 F9000 X107.892 Y112.159
G1 F1500 X97.211 Y122.84 E799.02171
G0 F9000 X97.777 Y122.84
G1 F1500 X108.458 Y112.159 E799.52411
G0 F9000 X109.023 Y112.159
G1 F1500 X98.342 Y122.84 E800.02651
G0 F9000 X98.908 Y122.84
G1 F1500 X109.589 Y112.159 E800.52891
G0 F9000 X110.155 Y112.159
G1 F1500 X99.474 Y122.84 E801.03132
G0 F9000 X100.04 Y122.84
G1 F1500 X110.72 Y112.159 E801.53369
G0 F9000 X111.286 Y112.159
G1 F1500 X100.605 Y122.84 E802.0361
G0 F9000 X101.171 Y122.84
G1 F1500 X111.852 Y112.159 E802.5385
G0 F9000 X112.417 Y112.159
G1 F1500 X101.737 Y122.84 E803.04087
G0 F9000 X102.302 Y122.84
G1 F1500 X112.983 Y112.159 E803.54328
G0 F9000 X113.549 Y112.159
G1 F1500 X102.868 Y122.84 E804.04568
G0 F9000 X103.434 Y122.84
G1 F1500 X114.115 Y112.159 E804.54808
G0 F9000 X114.68 Y112.159
G1 F1500 X103.999 Y122.84 E805.05048
G0 F9000 X104.565 Y122.84
G1 F1500 X115.246 Y112.159 E805.55288
G0 F9000 X115.812 Y112.159
G1 F1500 X105.131 Y122.84 E806.05528
G0 F9000 X105.696 Y122.84
G1 F1500 X116.377 Y112.159 E806.55769
G0 F9000 X116.943 Y112.159
G1 F1500 X106.262 Y122.84 E807.06009
G0 F9000 X106.828 Y122.84
G1 F1500 X117.508 Y112.159 E807.56246
G0 F9000 X118.074 Y112.159
G1 F1500 X107.393 Y122.84 E808.06487
G0 F9000 X107.959 Y122.84
G1 F1500 X118.639 Y112.159 E808.56724
G0 F9000 X119.205 Y112.159
G1 F1500 X108.525 Y122.84 E809.06962
G0 F9000 X109.091 Y122.84
G1 F1500 X119.771 Y112.159 E809.572
G0 F9000 X120.336 Y112.159
G1 F1500 X109.656 Y122.84 E810.07438
G0 F9000 X110.222 Y122.84
G1 F1500 X120.902 Y112.159 E810.57676
G0 F9000 X121.468 Y112.159
G1 F1500 X110.788 Y122.84 E811.07913
G0 F9000 X111.353 Y122.84
G1 F1500 X122.033 Y112.159 E811.58151
G0 F9000 X122.599 Y112.159
G1 F1500 X111.919 Y122.84 E812.08389
G0 F9000 X112.485 Y122.84
G1 F1500 X123.165 Y112.159 E812.58627
G0 F9000 X123.73 Y112.159
G1 F1500 X113.05 Y122.84 E813.08865
G0 F9000 X113.616 Y122.84
G1 F1500 X124.296 Y112.159 E813.59102
G0 F9000 X124.862 Y112.159
G1 F1500 X114.182 Y122.84 E814.0934
G0 F9000 X114.747 Y122.84
G1 F1500 X125.428 Y112.159 E814.5958
G0 F9000 X125.993 Y112.159
G1 F1500 X115.313 Y122.84 E815.09818
G0 F9000 X115.879 Y122.84
G1 F1500 X126.559 Y112.159 E815.60056
G0 F9000 X127.125 Y112.159
G1 F1500 X116.444 Y122.84 E816.10296
G0 F9000 X117.01 Y122.84
G1 F1500 X127.69 Y112.159 E816.60534
G0 F9000 X128.256 Y112.159
G1 F1500 X117.576 Y122.84 E817.10772
G0 F9000 X118.141 Y122.84
G1 F1500 X128.822 Y112.159 E817.61012
G0 F9000 X129.387 Y112.159
G1 F1500 X118.707 Y122.84 E818.1125
G0 F9000 X119.273 Y122.84
G1 F1500 X129.953 Y112.159 E818.61487
G0 F9000 X130.519 Y112.159
G1 F1500 X119.839 Y122.84 E819.11725
G0 F9000 X120.404 Y122.84
G1 F1500 X131.084 Y112.159 E819.61963
G0 F9000 X131.65 Y112.159
G1 F1500 X120.97 Y122.84 E820.12201
G0 F9000 X121.536 Y122.84
G1 F1500 X132.216 Y112.159 E820.62439
G0 F9000 X132.781 Y112.159
G1 F1500 X122.101 Y122.84 E821.12676
G0 F9000 X122.667 Y122.84
G1 F1500 X133.347 Y112.159 E821.62914
G0 F9000 X133.913 Y112.159
G1 F1500 X123.233 Y122.84 E822.13152
G0 F9000 X123.798 Y122.84
G1 F1500 X134.478 Y112.159 E822.6339
G0 F9000 X135.044 Y112.159
G1 F1500 X124.364 Y122.84 E823.13628
G0 F9000 X124.93 Y122.84
G1 F1500 X135.61 Y112.159 E823.63865
G0 F9000 X136.176 Y112.159
G1 F1500 X125.495 Y122.84 E824.14106
G0 F9000 X126.061 Y122.84
G1 F1500 X136.741 Y112.159 E824.64343
G0 F9000 X137.307 Y112.159
G1 F1500 X126.627 Y122.84 E825.14581
G0 F9000 X127.192 Y122.84
G1 F1500 X137.873 Y112.159 E825.64821
G0 F9000 X138.438 Y112.159
G1 F1500 X127.758 Y122.84 E826.15059
G0 F9000 X128.324 Y122.84
G1 F1500 X139.004 Y112.159 E826.65297
G0 F9000 X139.57 Y112.159
G1 F1500 X128.89 Y122.84 E827.15535
G0 F9000 X129.455 Y122.84
G1 F1500 X140.135 Y112.159 E827.65772
G0 F9000 X140.701 Y112.159
G1 F1500 X130.021 Y122.84 E828.1601
G0 F9000 X130.587 Y122.84
G1 F1500 X141.267 Y112.159 E828.66248
G0 F9000 X141.832 Y112.159
G1 F1500 X131.152 Y122.84 E829.16486
G0 F9000 X131.718 Y122.84
G1 F1500 X142.398 Y112.159 E829.66724
G0 F9000 X142.964 Y112.159
G1 F1500 X132.284 Y122.84 E830.16961
G0 F9000 X132.849 Y122.84
G1 F1500 X143.529 Y112.159 E830.67199
G0 F9000 X144.095 Y112.159
G1 F1500 X133.415 Y122.84 E831.17437
G0 F9000 X133.981 Y122.84
G1 F1500 X144.661 Y112.159 E831.67675
G0 F9000 X145.227 Y112.159
G1 F1500 X134.546 Y122.84 E832.17915
G0 F9000 X135.112 Y122.84
G1 F1500 X145.792 Y112.159 E832.68153
G0 F9000 X146.366 Y112.151
G1 F1500 X135.678 Y122.84 E833.18428
G0 F9000 X136.243 Y122.84
G1 F1500 X146.947 Y112.136 E833.68777
G0 F9000 X147.527 Y112.121
G1 F1500 X136.809 Y122.84 E834.19193
G0 F9000 X137.375 Y122.84
G1 F1500 X148.109 Y112.106 E834.69683
G0 F9000 X148.689 Y112.091
G1 F1500 X137.94 Y122.84 E835.20243
G0 F9000 X138.506 Y122.84
G1 F1500 X149.27 Y112.076 E835.70873
G0 F9000 X149.851 Y112.06
G1 F1500 X139.072 Y122.84 E836.21577
G0 F9000 X139.638 Y122.84
G1 F1500 X150.432 Y112.046 E836.72348
G0 F9000 X151.012 Y112.031
G1 F1500 X140.203 Y122.84 E837.2319
G0 F9000 X140.769 Y122.84
G1 F1500 X151.593 Y112.016 E837.74103
G0 F9000 X152.174 Y112
G1 F1500 X141.335 Y122.84 E838.25089
G0 F9000 X141.9 Y122.84
G1 F1500 X152.754 Y111.985 E838.76145
G0 F9000 X153.335 Y111.971
G1 F1500 X142.466 Y122.84 E839.2727
G0 F9000 X143.032 Y122.84
G1 F1500 X153.947 Y111.924 E839.78613
G0 F9000 X154.561 Y111.876
G1 F1500 X143.597 Y122.84 E840.30184
G0 F9000 X144.163 Y122.84
G1 F1500 X155.174 Y111.828 E840.81979
G0 F9000 X155.787 Y111.781
G1 F1500 X144.729 Y122.84 E841.33995
G0 F9000 X145.294 Y122.84
G1 F1500 X156.4 Y111.734 E841.86234
G0 F9000 X157.013 Y111.686
G1 F1500 X145.86 Y122.84 E842.38696
G0 F9000 X146.415 Y122.85
G1 F1500 X157.626 Y111.639 E842.9143
G0 F9000 X158.24 Y111.591
G1 F1500 X146.967 Y122.864 E843.44454
G0 F9000 X147.518 Y122.878
G1 F1500 X158.853 Y111.543 E843.97771
G0 F9000 X159.466 Y111.496
G1 F1500 X148.07 Y122.893 E844.51376
G0 F9000 X148.621 Y122.907
G1 F1500 X160.079 Y111.449 E845.05271
G0 F9000 X160.693 Y111.401
G1 F1500 X149.173 Y122.921 E845.59458
G0 F9000 X149.724 Y122.935
G1 F1500 X161.343 Y111.316 E846.1411
G0 F9000 X161.993 Y111.232
G1 F1500 X150.276 Y122.949 E846.69223
G0 F9000 X150.827 Y122.963
G1 F1500 X162.643 Y111.148 E847.248
G0 F9000 X163.292 Y111.064
G1 F1500 X151.379 Y122.977 E847.80835
G0 F9000 X151.93 Y122.992
G1 F1500 X163.942 Y110.98 E848.37336
G0 F9000 X164.592 Y110.896
G1 F1500 X152.481 Y123.006 E848.943
G0 F9000 X153.033 Y123.021
G1 F1500 X165.242 Y110.812 E849.51727
G0 F9000 X165.892 Y110.727
G1 F1500 X153.575 Y123.045 E850.09665
G0 F9000 X154.1 Y123.085
G1 F1500 X166.542 Y110.643 E850.68188
G0 F9000 X167.191 Y110.559
G1 F1500 X154.625 Y123.126 E851.27297
G0 F9000 X155.149 Y123.167
G1 F1500 X167.841 Y110.475 E851.86996
G0 F9000 X168.521 Y110.361
G1 F1500 X155.675 Y123.207 E852.4742
G0 F9000 X156.199 Y123.248
G1 F1500 X169.213 Y110.235 E853.08631
G0 F9000 X169.905 Y110.109
G1 F1500 X156.724 Y123.289 E853.70629
G0 F9000 X157.249 Y123.33
G1 F1500 X170.597 Y109.982 E854.33413
G0 F9000 X171.288 Y109.856
G1 F1500 X157.774 Y123.371 E854.96981
G0 F9000 X158.299 Y123.412
G1 F1500 X171.981 Y109.73 E855.61337
G0 F9000 X172.672 Y109.604
G1 F1500 X158.823 Y123.453 E856.26479
G0 F9000 X159.348 Y123.494
G1 F1500 X173.364 Y109.477 E856.92408
G0 F9000 X174.057 Y109.351
G1 F1500 X159.874 Y123.534 E857.59121
G0 F9000 X160.398 Y123.575
G1 F1500 X174.748 Y109.225 E858.26619
G0 F9000 X175.38 Y109.159
G1 F1500 X160.914 Y123.625 E858.94662
G0 F9000 X161.414 Y123.69
G1 F1500 X175.945 Y109.159 E859.63012
G0 F9000 X176.511 Y109.159
G1 F1500 X161.916 Y123.755 E860.31664
G0 F9000 X162.416 Y123.82
G1 F1500 X177.077 Y109.159 E861.00625
G0 F9000 X177.642 Y109.159
G1 F1500 X162.917 Y123.885 E861.69889
G0 F9000 X163.418 Y123.95
G1 F1500 X178.208 Y109.159 E862.39459
G0 F9000 X178.774 Y109.159
G1 F1500 X163.918 Y124.015 E863.09338
G0 F9000 X164.42 Y124.079
G1 F1500 X179.339 Y109.159 E863.79514
G0 F9000 X179.905 Y109.159
G1 F1500 X164.92 Y124.144 E864.49999
G0 F9000 X165.421 Y124.209
G1 F1500 X180.471 Y109.159 E865.2079
G0 F9000 X181.037 Y109.159
G1 F1500 X165.921 Y124.274 E865.91888
G0 F9000 X166.423 Y124.339
G1 F1500 X181.602 Y109.159 E866.63288
G0 F9000 X182.168 Y109.159
G1 F1500 X166.923 Y124.404 E867.34996
G0 F9000 X167.424 Y124.469
G1 F1500 X182.734 Y109.159 E868.07009
G0 F9000 X183.299 Y109.159
G1 F1500 X167.925 Y124.534 E868.79326
G0 F9000 X168.407 Y124.617
G1 F1500 X183.865 Y109.159 E869.52036
G0 F9000 X184.431 Y109.159
G1 F1500 X168.885 Y124.705 E870.2516
G0 F9000 X169.364 Y124.792
G1 F1500 X184.996 Y109.159 E870.9869
G0 F9000 X185.562 Y109.159
G1 F1500 X169.842 Y124.879 E871.72632
G0 F9000 X170.32 Y124.966
G1 F1500 X186.128 Y109.159 E872.46986
G0 F9000 X186.693 Y109.159
G1 F1500 X170.799 Y125.053 E873.21746
G0 F9000 X171.278 Y125.14
G1 F1500 X187.259 Y109.159 E873.96916
G0 F9000 X187.825 Y109.159
G1 F1500 X171.756 Y125.228 E874.725
G0 F9000 X172.234 Y125.315
G1 F1500 X188.39 Y109.159 E875.48493
G0 F9000 X188.956 Y109.159
G1 F1500 X172.712 Y125.403 E876.24899
G0 F9000 X173.191 Y125.49
G1 F1500 X189.522 Y109.159 E877.01715
G0 F9000 X190.087 Y109.159
G1 F1500 X173.67 Y125.577 E877.78938
G0 F9000 X174.148 Y125.664
G1 F1500 X190.653 Y109.159 E878.56573
G0 F9000 X191.219 Y109.159
G1 F1500 X174.627 Y125.751 E879.34616
G0 F9000 X175.105 Y125.839
G1 F1500 X191.785 Y109.159 E880.13074
G0 F9000 X192.35 Y109.159
G1 F1500 X175.67 Y125.84 E880.91534
G0 F9000 X176.235 Y125.84
G1 F1500 X192.916 Y109.159 E881.69996
G0 F9000 X193.482 Y109.159
G1 F1500 X176.801 Y125.84 E882.48459
G0 F9000 X177.367 Y125.84
G1 F1500 X194.047 Y109.159 E883.26919
G0 F9000 X194.613 Y109.159
G1 F1500 X177.932 Y125.84 E884.05381
G0 F9000 X178.498 Y125.84
G1 F1500 X195.179 Y109.159 E884.83843
G0 F9000 X195.744 Y109.159
G1 F1500 X179.064 Y125.84 E885.62303
G0 F9000 X179.629 Y125.84
G1 F1500 X196.31 Y109.159 E886.40766
G0 F9000 X196.876 Y109.159
G1 F1500 X180.195 Y125.84 E887.19228
G0 F9000 X180.761 Y125.84
G1 F1500 X197.441 Y109.159 E887.97688
G0 F9000 X198.007 Y109.159
G1 F1500 X181.326 Y125.84 E888.7615
G0 F9000 X181.892 Y125.84
G1 F1500 X198.573 Y109.159 E889.54612
G0 F9000 X198.839 Y109.459
G1 F1500 X182.458 Y125.84 E890.31664
G0 F9000 X183.023 Y125.84
G1 F1500 X198.839 Y110.025 E891.06055
G0 F9000 X198.839 Y110.59
G1 F1500 X183.589 Y125.84 E891.77786
G0 F9000 X184.155 Y125.84
G1 F1500 X198.839 Y111.156 E892.46855
G0 F9000 X198.839 Y111.722
G1 F1500 X184.721 Y125.84 E893.13262
G0 F9000 X185.286 Y125.84
G1 F1500 X198.839 Y112.287 E893.77011
G0 F9000 X198.839 Y112.853
G1 F1500 X185.852 Y125.84 E894.38098
G0 F9000 X186.418 Y125.84
G1 F1500 X198.839 Y113.419 E894.96523
G0 F9000 X198.839 Y113.984
G1 F1500 X186.983 Y125.84 E895.5229
G0 F9000 X187.549 Y125.84
G1 F1500 X198.839 Y114.55 E896.05394
G0 F9000 X198.839 Y115.116
G1 F1500 X188.115 Y125.84 E896.55837
G0 F9000 X188.68 Y125.84
G1 F1500 X198.839 Y115.681 E897.03621
G0 F9000 X198.839 Y116.247
G1 F1500 X189.246 Y125.84 E897.48744
G0 F9000 X189.812 Y125.84
G1 F1500 X198.839 Y116.813 E897.91204
G0 F9000 X198.839 Y117.379
G1 F1500 X190.377 Y125.84 E898.31005
G0 F9000 X190.943 Y125.84
G1 F1500 X198.839 Y117.944 E898.68145
G0 F9000 X198.839 Y118.51
G1 F1500 X191.509 Y125.84 E899.02623
G0 F9000 X192.074 Y125.84
G1 F1500 X198.839 Y119.076 E899.34441
G0 F9000 X198.839 Y119.641
G1 F1500 X192.64 Y125.84 E899.63599
G0 F9000 X193.206 Y125.84
G1 F1500 X198.839 Y120.207 E899.90095
G0 F9000 X198.839 Y120.773
G1 F1500 X193.772 Y125.84 E900.13929
G0 F9000 X194.337 Y125.84
G1 F1500 X198.839 Y121.338 E900.35105
G0 F9000 X198.839 Y121.904
G1 F1500 X194.903 Y125.84 E900.53619
G0 F9000 X195.469 Y125.84
G1 F1500 X198.839 Y122.47 E900.6947
G0 F9000 X198.839 Y123.035
G1 F1500 X196.034 Y125.84 E900.82664
G0 F9000 X196.6 Y125.84
G1 F1500 X198.839 Y123.601 E900.93195
G0 F9000 X198.839 Y124.167
G1 F1500 X197.166 Y125.84 E901.01065
G0 F9000 X197.731 Y125.84
G1 F1500 X198.839 Y124.732 E901.06276
G0 F9000 X198.839 Y125.298
G1 F1500 X198.297 Y125.84 E901.08826
G1 F2700 E896.08826
;MESH:NONMESH
G0 F300 X198.297 Y125.84 Z1
G0 F9000 X198.297 Y126.3
G0 X172.967 Y126.21
G0 X167.886 Y125.256
G0 X160.622 Y124.315
G0 X153.321 Y123.749
G0 X146.005 Y123.561
G0 X88.995 Y123.561
G0 X81.679 Y123.749
G0 X74.378 Y124.315
G0 X68.495 Y125.076
G0 X59.945 Y126.4 ;T-95.287 R8.000 A0.154 C32.2327800000003 FILLET CORNER
;TIME_ELAPSED:1315.488629
;LAYER:4
;TYPE:WALL-INNER
;MESH:D638-22 Type I Tensile Specimen.STL
G1 F2700 E901.08826
G1 F1500 X35.6 Y126.4 E901.89798 ;T16.345 R8.000 A1.571 C433.34100000000024 FILLET CORNER
G1 X35.6 Y108.6 E902.49001 ;T9.800 R8.000 A1.571 C433.3054000000002 FILLET CORNER
G1 X59.943 Y108.6 E903.29966
G1 X67.104 Y109.906 E903.54176
G1 X74.346 Y110.844 E903.78464
G1 X81.655 Y111.411 E904.02847
G1 X88.983 Y111.6 E904.27228
G1 X146.015 Y111.6 E906.16918
G1 X153.343 Y111.411 E906.41299
G1 X160.654 Y110.844 E906.65688
G1 X167.894 Y109.906 E906.8997
G1 X175.055 Y108.6 E907.1418
G1 X199.4 Y108.6 E907.95152 ;T16.345 R8.000 A1.571 C433.34100000000024 FILLET CORNER
G1 X199.4 Y126.4 E908.54355 ;T9.800 R8.000 A1.571 C433.3054000000006 FILLET CORNER
G1 X175.057 Y126.4 E909.3532
G1 X167.896 Y125.094 E909.59531
G1 X160.654 Y124.156 E909.83819
G1 X153.345 Y123.589 E910.08202
G1 X146.017 Y123.4 E910.32583
G1 X88.985 Y123.4 E912.22272
G1 X81.657 Y123.589 E912.46653
G1 X74.371 Y124.154 E912.70959
G1 X67.106 Y125.094 E912.95324
G1 X59.945 Y126.4 E913.19535
G1 F2700 E908.19535
G0 F9000 X67.114 Y125.256
G0 X74.378 Y124.315
G0 X80.921 Y123.446
G0 X88.994 Y123.501
G1 F2700 E913.19535
G0 F9000 X88.995 Y123.8
;TYPE:WALL-OUTER
G1 F1500 X146.007 Y123.8 E915.09157
G1 X153.314 Y123.988 E915.33469
G1 X160.602 Y124.553 E915.57781
G1 X167.854 Y125.493 E915.82103
G1 X175.021 Y126.8 E916.06334
G1 X199.8 Y126.8 E916.88749 ;T16.779 R8.000 A1.571 C-460.8894000000003 FILLET CORNER
G1 X199.8 Y108.2 E917.50613 ;T10.600 R8.000 A1.571 C-460.92659999999995 FILLET CORNER
G1 X175.019 Y108.2 E918.33035
G1 X167.842 Y109.509 E918.573
G1 X160.592 Y110.448 E918.81615
G1 X153.302 Y111.012 E919.05934
G1 X146.005 Y111.2 E919.30212
G1 X88.993 Y111.2 E921.19835
G1 X81.686 Y111.012 E921.44146
G1 X74.398 Y110.447 E921.68458
G1 X67.146 Y109.507 E921.9278
G1 X59.979 Y108.2 E922.17011
G1 X35.2 Y108.2 E922.99426 ;T16.779 R8.000 A1.571 C-460.8893999999998 FILLET CORNER
G1 X35.2 Y126.8 E923.6129 ;T10.600 R8.000 A1.571 C-460.92659999999984 FILLET CORNER
G1 X59.981 Y126.8 E924.43712
G1 X67.158 Y125.491 E924.67977
G1 X74.406 Y124.552 E924.92285
G1 X81.698 Y123.988 E925.16611
G1 X88.995 Y123.8 E925.40889
G0 F9000 X88.977 Y123.04
;TYPE:SKIN
G1 F1500 X146.027 Y123.04 E927.30638
G1 X153.372 Y123.23 E927.55076
G1 X160.7 Y123.799 E927.79522
G1 X167.99 Y124.744 E928.03972
G1 X175.092 Y126.04 E928.27983
G1 X199.04 Y126.04 E929.07634 ;T15.948 R8.000 A1.571 C-204.51591999999997 FILLET CORNER
G1 X199.04 Y117.5 E929.36039
G1 X199.04 Y108.96 E929.64443 ;T0.540 R8.000 A1.571 C-204.54154000000008 FILLET CORNER
G1 X175.089 Y108.96 E930.44104
G1 X167.981 Y110.257 E930.68136
G1 X160.651 Y111.206 E930.92719
G1 X153.321 Y111.772 E931.17171
G1 X146.024 Y111.96 E931.41449
G1 X88.975 Y111.96 E933.31195
G1 X81.629 Y111.77 E933.55636
G1 X74.335 Y111.205 E933.79969
G1 X67.01 Y110.256 E934.04535
G1 X59.908 Y108.96 E934.28547
G1 X35.96 Y108.96 E935.08198 ;T15.948 R8.000 A1.571 C-409.03184000000033 FILLET CORNER
G1 X35.96 Y126.04 E935.65006 ;T9.080 R8.000 A1.571 C-409.08308000000034 FILLET CORNER
G1 X59.911 Y126.04 E936.44668
G1 X67.023 Y124.742 E936.68713
G1 X74.347 Y123.794 E936.93276
G1 X81.64 Y123.23 E937.17605
G1 X88.977 Y123.04 E937.42016
G1 F2700 E932.42016
G0 F9000 X88.98 Y123.3
G0 X69.807 Y124.562 ;T-136.811 R8.000 A0.102 C-19.688347000000128 FILLET CORNER
G0 X59.93 Y126.239 ;T-86.388 R8.000 A0.166 C38.75501600000023 FILLET CORNER
G0 X36.461 Y126.3
G1 F2700 E937.42016
G0 F9000 X36.461 Y125.839
G1 F1500 X36.16 Y125.538 E937.43432
G0 F9000 X36.16 Y124.972
G1 F1500 X37.026 Y125.839 E937.47508
G0 F9000 X37.592 Y125.839
G1 F1500 X36.16 Y124.406 E937.54246
G0 F9000 X36.16 Y123.841
G1 F1500 X38.158 Y125.839 E937.63644
G0 F9000 X38.723 Y125.839
G1 F1500 X36.16 Y123.275 E937.75702
G0 F9000 X36.16 Y122.709
G1 F1500 X39.289 Y125.839 E937.90422
G0 F9000 X39.855 Y125.839
G1 F1500 X36.16 Y122.144 E938.07802
G0 F9000 X36.16 Y121.578
G1 F1500 X40.421 Y125.839 E938.27844
G0 F9000 X40.986 Y125.839
G1 F1500 X36.16 Y121.012 E938.50547
G0 F9000 X36.16 Y120.447
G1 F1500 X41.552 Y125.839 E938.75909
G0 F9000 X42.118 Y125.839
G1 F1500 X36.16 Y119.881 E939.03934
G0 F9000 X36.16 Y119.315
G1 F1500 X42.683 Y125.839 E939.34618
G0 F9000 X43.249 Y125.839
G1 F1500 X36.16 Y118.75 E939.67963
G0 F9000 X36.16 Y118.184
G1 F1500 X43.815 Y125.839 E940.0397
G0 F9000 X44.38 Y125.839
G1 F1500 X36.16 Y117.618 E940.42636
G0 F9000 X36.16 Y117.053
G1 F1500 X44.946 Y125.839 E940.83963
G0 F9000 X45.512 Y125.839
G1 F1500 X36.16 Y116.487 E941.27952
G0 F9000 X36.16 Y115.921
G1 F1500 X46.077 Y125.839 E941.74601
G0 F9000 X46.643 Y125.839
G1 F1500 X36.16 Y115.355 E942.23912
G0 F9000 X36.16 Y114.79
G1 F1500 X47.209 Y125.839 E942.75883
G0 F9000 X47.774 Y125.839
G1 F1500 X36.16 Y114.224 E943.30514
G0 F9000 X36.16 Y113.658
G1 F1500 X48.34 Y125.839 E943.87807
G0 F9000 X48.906 Y125.839
G1 F1500 X36.16 Y113.093 E944.47761
G0 F9000 X36.16 Y112.527
G1 F1500 X49.472 Y125.839 E945.10376
G0 F9000 X50.037 Y125.839
G1 F1500 X36.16 Y111.961 E945.75652
G0 F9000 X36.16 Y111.396
G1 F1500 X50.603 Y125.839 E946.43587
G0 F9000 X51.169 Y125.839
G1 F1500 X36.16 Y110.83 E947.14185
G0 F9000 X36.16 Y110.264
G1 F1500 X51.734 Y125.839 E947.87443
G0 F9000 X52.3 Y125.839
G1 F1500 X36.16 Y109.699 E948.6336
G0 F9000 X36.186 Y109.159
G1 F1500 X52.866 Y125.839 E949.41818
G0 F9000 X53.431 Y125.839
G1 F1500 X36.751 Y109.159 E950.20275
G0 F9000 X37.317 Y109.159
G1 F1500 X53.997 Y125.839 E950.98733
G0 F9000 X54.563 Y125.839
G1 F1500 X37.883 Y109.159 E951.77191
G0 F9000 X38.448 Y109.159
G1 F1500 X55.128 Y125.839 E952.55648
G0 F9000 X55.694 Y125.839
G1 F1500 X39.014 Y109.159 E953.34106
G0 F9000 X39.58 Y109.159
G1 F1500 X56.26 Y125.839 E954.12563
G0 F9000 X56.825 Y125.839
G1 F1500 X40.145 Y109.159 E954.91021
G0 F9000 X40.711 Y109.159
G1 F1500 X57.391 Y125.839 E955.69479
G0 F9000 X57.957 Y125.839
G1 F1500 X41.277 Y109.159 E956.47936
G0 F9000 X41.843 Y109.159
G1 F1500 X58.522 Y125.839 E957.26392
G0 F9000 X59.088 Y125.839
G1 F1500 X42.408 Y109.159 E958.04849
G0 F9000 X42.974 Y109.159
G1 F1500 X59.654 Y125.839 E958.83307
G0 F9000 X60.169 Y125.788
G1 F1500 X43.54 Y109.159 E959.61524
G0 F9000 X44.105 Y109.159
G1 F1500 X60.647 Y125.701 E960.39333
G0 F9000 X61.125 Y125.613
G1 F1500 X44.671 Y109.159 E961.16728
G0 F9000 X45.237 Y109.159
G1 F1500 X61.604 Y125.527 E961.93715
G0 F9000 X62.082 Y125.439
G1 F1500 X45.802 Y109.159 E962.70291
G0 F9000 X46.368 Y109.159
G1 F1500 X62.561 Y125.352 E963.46458
G0 F9000 X63.039 Y125.264
G1 F1500 X46.934 Y109.159 E964.22211
G0 F9000 X47.499 Y109.159
G1 F1500 X63.517 Y125.177 E964.97555
G0 F9000 X63.995 Y125.09
G1 F1500 X48.065 Y109.159 E965.72487
G0 F9000 X48.631 Y109.159
G1 F1500 X64.474 Y125.003 E966.4701
G0 F9000 X64.952 Y124.915
G1 F1500 X49.196 Y109.159 E967.21122
G0 F9000 X49.762 Y109.159
G1 F1500 X65.43 Y124.827 E967.94819
G0 F9000 X65.909 Y124.74
G1 F1500 X50.328 Y109.159 E968.68107
G0 F9000 X50.894 Y109.159
G1 F1500 X66.387 Y124.653 E969.40984
G0 F9000 X66.866 Y124.566
G1 F1500 X51.459 Y109.159 E970.13454
G0 F9000 X52.025 Y109.159
G1 F1500 X67.361 Y124.496 E970.85592
G0 F9000 X67.862 Y124.43
G1 F1500 X52.591 Y109.159 E971.57422
G0 F9000 X53.156 Y109.159
G1 F1500 X68.363 Y124.365 E972.28949
G0 F9000 X68.863 Y124.3
G1 F1500 X53.722 Y109.159 E973.00167
G0 F9000 X54.288 Y109.159
G1 F1500 X69.365 Y124.236 E973.71085
G0 F9000 X69.865 Y124.171
G1 F1500 X54.853 Y109.159 E974.41697
G0 F9000 X55.419 Y109.159
G1 F1500 X70.366 Y124.106 E975.12003
G0 F9000 X70.866 Y124.041
G1 F1500 X55.985 Y109.159 E975.82001
G0 F9000 X56.55 Y109.159
G1 F1500 X71.367 Y123.976 E976.51696
G0 F9000 X71.868 Y123.911
G1 F1500 X57.116 Y109.159 E977.21084
G0 F9000 X57.682 Y109.159
G1 F1500 X72.369 Y123.846 E977.90168
G0 F9000 X72.87 Y123.781
G1 F1500 X58.247 Y109.159 E978.58947
G0 F9000 X58.813 Y109.159
G1 F1500 X73.37 Y123.716 E979.27419
G0 F9000 X73.871 Y123.651
G1 F1500 X59.379 Y109.159 E979.95585
G0 F9000 X59.957 Y109.172
G1 F1500 X74.375 Y123.59 E980.63403
G0 F9000 X74.9 Y123.549
G1 F1500 X60.649 Y109.298 E981.30435
G0 F9000 X61.341 Y109.424
G1 F1500 X75.425 Y123.508 E981.96682
G0 F9000 X75.951 Y123.468
G1 F1500 X62.033 Y109.55 E982.62148
G0 F9000 X62.725 Y109.677
G1 F1500 X76.475 Y123.427 E983.26824
G0 F9000 X77.001 Y123.387
G1 F1500 X63.417 Y109.803 E983.90719
G0 F9000 X64.109 Y109.929
G1 F1500 X77.525 Y123.346 E984.53826
G0 F9000 X78.051 Y123.305
G1 F1500 X64.801 Y110.056 E985.16147
G0 F9000 X65.492 Y110.182
G1 F1500 X78.575 Y123.264 E985.77683
G0 F9000 X79.101 Y123.224
G1 F1500 X66.185 Y110.308 E986.38436
G0 F9000 X66.876 Y110.434
G1 F1500 X79.625 Y123.183 E986.98404
G0 F9000 X80.151 Y123.143
G1 F1500 X67.533 Y110.525 E987.57755
G0 F9000 X68.183 Y110.609
G1 F1500 X80.675 Y123.102 E988.16516
G0 F9000 X81.201 Y123.062
G1 F1500 X68.833 Y110.694 E988.74691
G0 F9000 X69.482 Y110.777
G1 F1500 X81.731 Y123.026 E989.32307
G0 F9000 X82.283 Y123.012
G1 F1500 X70.132 Y110.861 E989.89461
G0 F9000 X70.782 Y110.945
G1 F1500 X82.834 Y122.998 E990.46152
G0 F9000 X83.385 Y122.983
G1 F1500 X71.431 Y111.029 E991.0238
G0 F9000 X72.081 Y111.114
G1 F1500 X83.937 Y122.969 E991.58145
G0 F9000 X84.488 Y122.955
G1 F1500 X72.73 Y111.197 E992.13451
G0 F9000 X73.38 Y111.281
G1 F1500 X85.04 Y122.941 E992.68296
G0 F9000 X85.591 Y122.926
G1 F1500 X74.03 Y111.365 E993.22676
G0 F9000 X74.66 Y111.43
G1 F1500 X86.142 Y122.912 E993.76683
G0 F9000 X86.694 Y122.897
G1 F1500 X75.273 Y111.477 E994.30402
G0 F9000 X75.886 Y111.524
G1 F1500 X87.245 Y122.883 E994.83831
G0 F9000 X87.797 Y122.869
G1 F1500 X76.499 Y111.572 E995.36971
G0 F9000 X77.112 Y111.619
G1 F1500 X88.348 Y122.854 E995.89819
G0 F9000 X88.899 Y122.84
G1 F1500 X77.725 Y111.667 E996.42376
G0 F9000 X78.338 Y111.714
G1 F1500 X89.463 Y122.839 E996.94705
G0 F9000 X90.029 Y122.839
G1 F1500 X78.952 Y111.761 E997.4681
G0 F9000 X79.565 Y111.809
G1 F1500 X90.595 Y122.839 E997.98692
G0 F9000 X91.16 Y122.839
G1 F1500 X80.178 Y111.856 E998.5035
G0 F9000 X80.791 Y111.903
G1 F1500 X91.726 Y122.839 E999.01787
G0 F9000 X92.292 Y122.839
G1 F1500 X81.404 Y111.951 E999.53001
G0 F9000 X81.997 Y111.978
G1 F1500 X92.857 Y122.839 E1000.04086
G0 F9000 X93.423 Y122.839
G1 F1500 X82.578 Y111.993 E1000.55099
G0 F9000 X83.158 Y112.008
G1 F1500 X93.989 Y122.839 E1001.06045
G0 F9000 X94.555 Y122.839
G1 F1500 X83.739 Y112.024 E1001.56918
G0 F9000 X84.32 Y112.038
G1 F1500 X95.12 Y122.839 E1002.0772
G0 F9000 X95.686 Y122.839
G1 F1500 X84.9 Y112.053 E1002.58454
G0 F9000 X85.482 Y112.069
G1 F1500 X96.252 Y122.839 E1003.09113
G0 F9000 X96.817 Y122.839
G1 F1500 X86.062 Y112.084 E1003.59701
G0 F9000 X86.643 Y112.099
G1 F1500 X97.383 Y122.839 E1004.10219
G0 F9000 X97.949 Y122.839
G1 F1500 X87.223 Y112.113 E1004.60671
G0 F9000 X87.804 Y112.129
G1 F1500 X98.514 Y122.839 E1005.11047
G0 F9000 X99.08 Y122.839
G1 F1500 X88.385 Y112.144 E1005.61353
G0 F9000 X88.966 Y112.159
G1 F1500 X99.646 Y122.839 E1006.11589
G0 F9000 X100.211 Y122.839
G1 F1500 X89.532 Y112.159 E1006.61822
G0 F9000 X90.098 Y112.159
G1 F1500 X100.777 Y122.839 E1007.12055
G0 F9000 X101.343 Y122.839
G1 F1500 X90.663 Y112.159 E1007.6229
G0 F9000 X91.229 Y112.159
G1 F1500 X101.908 Y122.839 E1008.12523
G0 F9000 X102.474 Y122.839
G1 F1500 X91.795 Y112.159 E1008.62757
G0 F9000 X92.36 Y112.159
G1 F1500 X103.04 Y122.839 E1009.12992
G0 F9000 X103.605 Y122.839
G1 F1500 X92.926 Y112.159 E1009.63225
G0 F9000 X93.492 Y112.159
G1 F1500 X104.171 Y122.839 E1010.13458
G0 F9000 X104.737 Y122.839
G1 F1500 X94.057 Y112.159 E1010.63694
G0 F9000 X94.623 Y112.159
G1 F1500 X105.303 Y122.839 E1011.13929
G0 F9000 X105.868 Y122.839
G1 F1500 X95.189 Y112.159 E1011.64162
G0 F9000 X95.754 Y112.159
G1 F1500 X106.434 Y122.839 E1012.14398
G0 F9000 X107 Y122.839
G1 F1500 X96.32 Y112.159 E1012.64633
G0 F9000 X96.886 Y112.159
G1 F1500 X107.565 Y122.839 E1013.14866
G0 F9000 X108.131 Y122.839
G1 F1500 X97.452 Y112.159 E1013.65099
G0 F9000 X98.017 Y112.159
G1 F1500 X108.697 Y122.839 E1014.15335
G0 F9000 X109.262 Y122.839
G1 F1500 X98.583 Y112.159 E1014.65568
G0 F9000 X99.149 Y112.159
G1 F1500 X109.828 Y122.839 E1015.15801
G0 F9000 X110.394 Y122.839
G1 F1500 X99.714 Y112.159 E1015.66036
G0 F9000 X100.28 Y112.159
G1 F1500 X110.959 Y122.839 E1016.16269
G0 F9000 X111.525 Y122.839
G1 F1500 X100.846 Y112.159 E1016.66502
G0 F9000 X101.411 Y112.159
G1 F1500 X112.091 Y122.839 E1017.16738
G0 F9000 X112.656 Y122.839
G1 F1500 X101.977 Y112.159 E1017.66971
G0 F9000 X102.543 Y112.159
G1 F1500 X113.222 Y122.839 E1018.17204
G0 F9000 X113.788 Y122.839
G1 F1500 X103.108 Y112.159 E1018.6744
G0 F9000 X103.674 Y112.159
G1 F1500 X114.354 Y122.839 E1019.17675
G0 F9000 X114.919 Y122.839
G1 F1500 X104.24 Y112.159 E1019.67908
G0 F9000 X104.805 Y112.159
G1 F1500 X115.485 Y122.839 E1020.18144
G0 F9000 X116.051 Y122.839
G1 F1500 X105.371 Y112.159 E1020.68379
G0 F9000 X105.937 Y112.159
G1 F1500 X116.616 Y122.839 E1021.18612
G0 F9000 X117.182 Y122.839
G1 F1500 X106.503 Y112.159 E1021.68845
G0 F9000 X107.068 Y112.159
G1 F1500 X117.748 Y122.839 E1022.19081
G0 F9000 X118.313 Y122.839
G1 F1500 X107.634 Y112.159 E1022.69314
G0 F9000 X108.2 Y112.159
G1 F1500 X118.879 Y122.839 E1023.19547
G0 F9000 X119.445 Y122.839
G1 F1500 X108.765 Y112.159 E1023.69782
G0 F9000 X109.331 Y112.159
G1 F1500 X120.01 Y122.839 E1024.20015
G0 F9000 X120.576 Y122.839
G1 F1500 X109.897 Y112.159 E1024.70248
G0 F9000 X110.462 Y112.159
G1 F1500 X121.142 Y122.839 E1025.20484
G0 F9000 X121.707 Y122.839
G1 F1500 X111.028 Y112.159 E1025.70717
G0 F9000 X111.594 Y112.159
G1 F1500 X122.273 Y122.839 E1026.2095
G0 F9000 X122.839 Y122.839
G1 F1500 X112.159 Y112.159 E1026.71186
G0 F9000 X112.725 Y112.159
G1 F1500 X123.404 Y122.839 E1027.21419
G0 F9000 X123.97 Y122.839
G1 F1500 X113.291 Y112.159 E1027.71652
G0 F9000 X113.856 Y112.159
G1 F1500 X124.536 Y122.839 E1028.21887
G0 F9000 X125.102 Y122.839
G1 F1500 X114.422 Y112.159 E1028.72123
G0 F9000 X114.988 Y112.159
G1 F1500 X125.667 Y122.839 E1029.22356
G0 F9000 X126.233 Y122.839
G1 F1500 X115.553 Y112.159 E1029.72591
G0 F9000 X116.119 Y112.159
G1 F1500 X126.799 Y122.839 E1030.22827
G0 F9000 X127.364 Y122.839
G1 F1500 X116.685 Y112.159 E1030.7306
G0 F9000 X117.251 Y112.159
G1 F1500 X127.93 Y122.839 E1031.23293
G0 F9000 X128.496 Y122.839
G1 F1500 X117.817 Y112.16 E1031.73524
G0 F9000 X118.383 Y112.16
G1 F1500 X129.061 Y122.839 E1032.23752
G0 F9000 X129.627 Y122.839
G1 F1500 X118.948 Y112.16 E1032.73983
G0 F9000 X119.514 Y112.16
G1 F1500 X130.193 Y122.839 E1033.24213
G0 F9000 X130.758 Y122.839
G1 F1500 X120.08 Y112.16 E1033.74442
G0 F9000 X120.645 Y112.16
G1 F1500 X131.324 Y122.839 E1034.24673
G0 F9000 X131.89 Y122.839
G1 F1500 X121.211 Y112.16 E1034.74903
G0 F9000 X121.777 Y112.16
G1 F1500 X132.455 Y122.839 E1035.25132
G0 F9000 X133.021 Y122.839
G1 F1500 X122.342 Y112.16 E1035.75362
G0 F9000 X122.908 Y112.16
G1 F1500 X133.587 Y122.839 E1036.25593
G0 F9000 X134.153 Y122.839
G1 F1500 X123.474 Y112.16 E1036.75824
G0 F9000 X124.039 Y112.16
G1 F1500 X134.718 Y122.839 E1037.26055
G0 F9000 X135.284 Y122.839
G1 F1500 X124.605 Y112.16 E1037.76285
G0 F9000 X125.171 Y112.16
G1 F1500 X135.85 Y122.839 E1038.26516
G0 F9000 X136.415 Y122.839
G1 F1500 X125.737 Y112.16 E1038.76744
G0 F9000 X126.302 Y112.16
G1 F1500 X136.981 Y122.839 E1039.26975
G0 F9000 X137.547 Y122.839
G1 F1500 X126.868 Y112.16 E1039.77206
G0 F9000 X127.434 Y112.16
G1 F1500 X138.112 Y122.839 E1040.27434
G0 F9000 X138.678 Y122.839
G1 F1500 X127.999 Y112.16 E1040.77665
G0 F9000 X128.565 Y112.16
G1 F1500 X139.244 Y122.839 E1041.27896
G0 F9000 X139.809 Y122.839
G1 F1500 X129.131 Y112.16 E1041.78124
G0 F9000 X129.696 Y112.16
G1 F1500 X140.375 Y122.839 E1042.28355
G0 F9000 X140.941 Y122.839
G1 F1500 X130.262 Y112.16 E1042.78586
G0 F9000 X130.828 Y112.16
G1 F1500 X141.506 Y122.839 E1043.28814
G0 F9000 X142.072 Y122.839
G1 F1500 X131.393 Y112.16 E1043.79045
G0 F9000 X131.959 Y112.16
G1 F1500 X142.638 Y122.839 E1044.29276
G0 F9000 X143.203 Y122.839
G1 F1500 X132.525 Y112.16 E1044.79504
G0 F9000 X133.09 Y112.16
G1 F1500 X143.769 Y122.839 E1045.29735
G0 F9000 X144.335 Y122.839
G1 F1500 X133.656 Y112.16 E1045.79965
G0 F9000 X134.222 Y112.16
G1 F1500 X144.901 Y122.839 E1046.30196
G0 F9000 X145.466 Y122.839
G1 F1500 X134.787 Y112.16 E1046.80427
G0 F9000 X135.353 Y112.16
G1 F1500 X146.033 Y122.84 E1047.30662
G0 F9000 X146.613 Y122.854
G1 F1500 X135.919 Y112.16 E1047.80964
G0 F9000 X136.485 Y112.16
G1 F1500 X147.194 Y122.869 E1048.31336
G0 F9000 X147.774 Y122.884
G1 F1500 X137.05 Y112.16 E1048.81778
G0 F9000 X137.616 Y112.16
G1 F1500 X148.355 Y122.899 E1049.32291
G0 F9000 X148.935 Y122.914
G1 F1500 X138.182 Y112.16 E1049.82872
G0 F9000 X138.747 Y112.16
G1 F1500 X149.517 Y122.929 E1050.33529
G0 F9000 X150.097 Y122.944
G1 F1500 X139.313 Y112.16 E1050.84253
G0 F9000 X139.879 Y112.16
G1 F1500 X150.678 Y122.959 E1051.35048
G0 F9000 X151.258 Y122.974
G1 F1500 X140.444 Y112.16 E1051.85914
G0 F9000 X141.01 Y112.16
G1 F1500 X151.839 Y122.989 E1052.3685
G0 F9000 X152.419 Y123.004
G1 F1500 X141.576 Y112.16 E1052.87855
G0 F9000 X142.141 Y112.16
G1 F1500 X153 Y123.019 E1053.38932
G0 F9000 X153.592 Y123.045
G1 F1500 X142.707 Y112.16 E1053.90132
G0 F9000 X143.273 Y112.16
G1 F1500 X154.205 Y123.093 E1054.41555
G0 F9000 X154.818 Y123.14
G1 F1500 X143.838 Y112.16 E1054.93202
G0 F9000 X144.404 Y112.16
G1 F1500 X155.432 Y123.188 E1055.45074
G0 F9000 X156.045 Y123.235
G1 F1500 X144.97 Y112.16 E1055.97167
G0 F9000 X145.536 Y112.16
G1 F1500 X156.659 Y123.284 E1056.49489
G0 F9000 X157.272 Y123.331
G1 F1500 X146.1 Y112.159 E1057.02039
G0 F9000 X146.651 Y112.145
G1 F1500 X157.886 Y123.379 E1057.54882
G0 F9000 X158.499 Y123.426
G1 F1500 X147.202 Y112.13 E1058.08018
G0 F9000 X147.754 Y112.116
G1 F1500 X159.113 Y123.474 E1058.61444
G0 F9000 X159.726 Y123.522
G1 F1500 X148.305 Y112.101 E1059.15165
G0 F9000 X148.857 Y112.087
G1 F1500 X160.339 Y123.57 E1059.69175
G0 F9000 X160.966 Y123.631
G1 F1500 X149.408 Y112.073 E1060.23541
G0 F9000 X149.96 Y112.059
G1 F1500 X161.617 Y123.716 E1060.78372
G0 F9000 X162.266 Y123.8
G1 F1500 X150.511 Y112.044 E1061.33666
G0 F9000 X151.062 Y112.03
G1 F1500 X162.916 Y123.884 E1061.89424
G0 F9000 X163.566 Y123.968
G1 F1500 X151.614 Y112.016 E1062.45642
G0 F9000 X152.165 Y112.002
G1 F1500 X164.216 Y124.052 E1063.02324
G0 F9000 X164.866 Y124.136
G1 F1500 X152.717 Y111.988 E1063.59467
G0 F9000 X153.268 Y111.973
G1 F1500 X165.516 Y124.22 E1064.17075
G0 F9000 X166.165 Y124.305
G1 F1500 X153.797 Y111.936 E1064.75253
G0 F9000 X154.322 Y111.896
G1 F1500 X166.816 Y124.389 E1065.34018
G0 F9000 X167.466 Y124.474
G1 F1500 X154.847 Y111.855 E1065.93374
G0 F9000 X155.372 Y111.814
G1 F1500 X168.123 Y124.565 E1066.53351
G0 F9000 X168.814 Y124.691
G1 F1500 X155.897 Y111.773 E1067.14111
G0 F9000 X156.422 Y111.733
G1 F1500 X169.506 Y124.817 E1067.75654
G0 F9000 X170.198 Y124.943
G1 F1500 X156.947 Y111.692 E1068.37983
G0 F9000 X157.472 Y111.652
G1 F1500 X170.89 Y125.07 E1069.01097
G0 F9000 X171.582 Y125.196
G1 F1500 X157.997 Y111.611 E1069.64997
G0 F9000 X158.522 Y111.57
G1 F1500 X172.273 Y125.321 E1070.29677
G0 F9000 X172.966 Y125.448
G1 F1500 X159.047 Y111.529 E1070.95148
G0 F9000 X159.572 Y111.489
G1 F1500 X173.657 Y125.574 E1071.61399
G0 F9000 X174.349 Y125.7
G1 F1500 X160.097 Y111.448 E1072.28436
G0 F9000 X160.622 Y111.408
G1 F1500 X175.041 Y125.826 E1072.96257
G0 F9000 X175.619 Y125.839
G1 F1500 X161.126 Y111.345 E1073.6443
G0 F9000 X161.626 Y111.28
G1 F1500 X176.185 Y125.839 E1074.32911
G0 F9000 X176.751 Y125.839
G1 F1500 X162.128 Y111.216 E1075.01693
G0 F9000 X162.628 Y111.151
G1 F1500 X177.316 Y125.839 E1075.70781
G0 F9000 X177.882 Y125.839
G1 F1500 X163.129 Y111.086 E1076.40174
G0 F9000 X163.63 Y111.021
G1 F1500 X178.448 Y125.839 E1077.09874
G0 F9000 X179.013 Y125.839
G1 F1500 X164.131 Y110.957 E1077.79874
G0 F9000 X164.632 Y110.892
G1 F1500 X179.579 Y125.839 E1078.5018
G0 F9000 X180.145 Y125.839
G1 F1500 X165.132 Y110.826 E1079.20797
G0 F9000 X165.634 Y110.762
G1 F1500 X180.711 Y125.839 E1079.91714
G0 F9000 X181.276 Y125.839
G1 F1500 X166.134 Y110.697 E1080.62938
G0 F9000 X166.635 Y110.632
G1 F1500 X181.842 Y125.839 E1081.34467
G0 F9000 X182.408 Y125.839
G1 F1500 X167.136 Y110.568 E1082.06299
G0 F9000 X167.637 Y110.503
G1 F1500 X182.973 Y125.839 E1082.78435
G0 F9000 X183.539 Y125.839
G1 F1500 X168.133 Y110.433 E1083.509
G0 F9000 X168.611 Y110.346
G1 F1500 X184.105 Y125.839 E1084.23777
G0 F9000 X184.67 Y125.839
G1 F1500 X169.089 Y110.258 E1084.97065
G0 F9000 X169.568 Y110.171
G1 F1500 X185.236 Y125.839 E1085.70762
G0 F9000 X185.802 Y125.839
G1 F1500 X170.046 Y110.083 E1086.44874
G0 F9000 X170.525 Y109.996
G1 F1500 X186.367 Y125.839 E1087.19392
G0 F9000 X186.933 Y125.839
G1 F1500 X171.003 Y109.909 E1087.94322
G0 F9000 X171.481 Y109.822
G1 F1500 X187.499 Y125.839 E1088.69663
G0 F9000 X188.064 Y125.839
G1 F1500 X171.959 Y109.734 E1089.45416
G0 F9000 X172.438 Y109.647
G1 F1500 X188.63 Y125.839 E1090.21578
G0 F9000 X189.196 Y125.839
G1 F1500 X172.917 Y109.56 E1090.9815
G0 F9000 X173.395 Y109.472
G1 F1500 X189.762 Y125.839 E1091.75135
G0 F9000 X190.327 Y125.839
G1 F1500 X173.874 Y109.385 E1092.52527
G0 F9000 X174.352 Y109.298
G1 F1500 X190.893 Y125.839 E1093.30331
G0 F9000 X191.459 Y125.839
G1 F1500 X174.83 Y109.211 E1094.08547
G0 F9000 X175.345 Y109.16
G1 F1500 X192.024 Y125.839 E1094.87
G0 F9000 X192.59 Y125.839
G1 F1500 X175.911 Y109.16 E1095.65452
G0 F9000 X176.476 Y109.16
G1 F1500 X193.156 Y125.839 E1096.43908
G0 F9000 X193.721 Y125.839
G1 F1500 X177.042 Y109.16 E1097.22361
G0 F9000 X177.608 Y109.16
G1 F1500 X194.287 Y125.839 E1098.00814
G0 F9000 X194.853 Y125.839
G1 F1500 X178.173 Y109.16 E1098.79269
G0 F9000 X178.739 Y109.16
G1 F1500 X195.418 Y125.839 E1099.57722
G0 F9000 X195.984 Y125.839
G1 F1500 X179.305 Y109.16 E1100.36175
G0 F9000 X179.87 Y109.16
G1 F1500 X196.55 Y125.839 E1101.1463
G0 F9000 X197.115 Y125.839
G1 F1500 X180.436 Y109.16 E1101.93083
G0 F9000 X181.002 Y109.16
G1 F1500 X197.681 Y125.839 E1102.71536
G0 F9000 X198.247 Y125.839
G1 F1500 X181.568 Y109.16 E1103.49989
G0 F9000 X182.133 Y109.16
G1 F1500 X198.812 Y125.839 E1104.28441
G0 F9000 X198.839 Y125.3
G1 F1500 X182.699 Y109.16 E1105.04359
G0 F9000 X183.265 Y109.16
G1 F1500 X198.839 Y124.734 E1105.77614
G0 F9000 X198.839 Y124.168
G1 F1500 X183.83 Y109.16 E1106.4821
G0 F9000 X184.396 Y109.16
G1 F1500 X198.839 Y123.602 E1107.16143
G0 F9000 X198.839 Y123.037
G1 F1500 X184.962 Y109.16 E1107.81416
G0 F9000 X185.527 Y109.16
G1 F1500 X198.839 Y122.471 E1108.44029
G0 F9000 X198.839 Y121.905
G1 F1500 X186.093 Y109.16 E1109.0398
G0 F9000 X186.659 Y109.16
G1 F1500 X198.839 Y121.34 E1109.61271
G0 F9000 X198.839 Y120.774
G1 F1500 X187.224 Y109.16 E1110.15902
G0 F9000 X187.79 Y109.16
G1 F1500 X198.839 Y120.208 E1110.67871
G0 F9000 X198.839 Y119.643
G1 F1500 X188.356 Y109.16 E1111.1718
G0 F9000 X188.921 Y109.16
G1 F1500 X198.839 Y119.077 E1111.63829
G0 F9000 X198.839 Y118.511
G1 F1500 X189.487 Y109.16 E1112.07815
G0 F9000 X190.053 Y109.16
G1 F1500 X198.839 Y117.946 E1112.49142
G0 F9000 X198.839 Y117.38
G1 F1500 X190.619 Y109.16 E1112.87806
G0 F9000 X191.184 Y109.16
G1 F1500 X198.839 Y116.814 E1113.23811
G0 F9000 X198.839 Y116.249
G1 F1500 X191.75 Y109.16 E1113.57155
G0 F9000 X192.316 Y109.16
G1 F1500 X198.839 Y115.683 E1113.87837
G0 F9000 X198.839 Y115.117
G1 F1500 X192.881 Y109.16 E1114.1586
G0 F9000 X193.447 Y109.16
G1 F1500 X198.839 Y114.552 E1114.41222
G0 F9000 X198.839 Y113.986
G1 F1500 X194.013 Y109.16 E1114.63922
G0 F9000 X194.578 Y109.16
G1 F1500 X198.839 Y113.42 E1114.83962
G0 F9000 X198.839 Y112.854
G1 F1500 X195.144 Y109.16 E1115.0134
G0 F9000 X195.71 Y109.16
G1 F1500 X198.839 Y112.289 E1115.16058
G0 F9000 X198.839 Y111.723
G1 F1500 X196.275 Y109.16 E1115.28116
G0 F9000 X196.841 Y109.16
G1 F1500 X198.839 Y111.157 E1115.37511
G0 F9000 X198.839 Y110.592
G1 F1500 X197.407 Y109.16 E1115.44247
G0 F9000 X197.972 Y109.16
G1 F1500 X198.839 Y110.026 E1115.48323
G0 F9000 X198.839 Y109.46
G1 F1500 X198.538 Y109.16 E1115.49736
G1 F2700 E1110.49736
;MESH:NONMESH
G0 F300 X198.538 Y109.16 Z1.2
G0 F9000 X198.538 Y108.7
G0 X199.228 Y108.772
G0 X199.228 Y126.228 ;T9.452 R8.000 A1.570 C421.66713599999986 FILLET CORNER
G0 X175.072 Y126.239 ;T-79.003 R8.000 A0.155 C54.41318300000038 FILLET CORNER
G0 X160.635 Y123.993 ;T-140.840 R8.000 A0.103 C-12.441265000000161 FILLET CORNER
G0 X152.351 Y123.566 ;T-318.973 R8.000 A0.049 C-25.682137999999554 FILLET CORNER
G0 X88.985 Y123.4
;TIME_ELAPSED:1603.305156
;LAYER:5
;TYPE:WALL-INNER
;MESH:D638-22 Type I Tensile Specimen.STL
G1 F2700 E1115.49736
G1 F1500 X146.017 Y123.4 E1117.39425
G1 X153.345 Y123.589 E1117.63806
G1 X160.654 Y124.156 E1117.88189
G1 X167.896 Y125.094 E1118.12477
G1 X175.057 Y126.4 E1118.36688
G1 X199.4 Y126.4 E1119.17653 ;T16.343 R8.000 A1.571 C-216.6527000000003 FILLET CORNER
G1 X199.4 Y117.5 E1119.47255
G1 X199.4 Y108.6 E1119.76856 ;T0.900 R8.000 A1.571 C-216.67050000000012 FILLET CORNER
G1 X175.055 Y108.6 E1120.57828
G1 X167.894 Y109.906 E1120.82038
G1 X160.654 Y110.844 E1121.0632
G1 X153.343 Y111.411 E1121.30709
G1 X146.015 Y111.6 E1121.55091
G1 X88.983 Y111.6 E1123.4478
G1 X81.655 Y111.411 E1123.69161
G1 X74.346 Y110.844 E1123.93544
G1 X67.104 Y109.906 E1124.17832
G1 X59.943 Y108.6 E1124.42042
G1 X35.6 Y108.6 E1125.23008 ;T16.343 R8.000 A1.571 C-433.3054000000002 FILLET CORNER
G1 X35.6 Y126.4 E1125.82211 ;T9.800 R8.000 A1.571 C-433.34100000000024 FILLET CORNER
G1 X59.945 Y126.4 E1126.63182
G1 X67.106 Y125.094 E1126.87393
G1 X74.346 Y124.156 E1127.11674
G1 X81.657 Y123.589 E1127.36064
G1 X88.985 Y123.4 E1127.60445
G1 F2700 E1122.60445
G0 F9000 X74.325 Y123.997 ;T-125.765 R8.000 A0.114 C-24.273905000000138 FILLET CORNER
G0 X59.93 Y126.239 ;T-88.476 R8.000 A0.155 C54.320581000000246 FILLET CORNER
G0 X35.772 Y126.228 ;T16.154 R8.000 A1.570 C421.70204799999976 FILLET CORNER
G0 X35.772 Y108.772 ;T9.452 R8.000 A1.570 C421.6671359999997 FILLET CORNER
G0 X59.928 Y108.761 ;T-79.048 R8.000 A0.155 C44.044209000000066 FILLET CORNER
G0 X71.619 Y110.579 ;T-166.367 R8.000 A0.090 C-18.44317799999996 FILLET CORNER
G0 X88.979 Y111.701
G1 F2700 E1127.60445
G0 F9000 X88.993 Y111.2
;TYPE:WALL-OUTER
G1 F1500 X146.005 Y111.2 E1129.50068
G1 X153.302 Y111.012 E1129.74346
G1 X160.592 Y110.448 E1129.98665
G1 X167.842 Y109.509 E1130.2298
G1 X175.019 Y108.2 E1130.47244
G1 X199.8 Y108.2 E1131.29666 ;T16.781 R8.000 A1.571 C230.46329999999998 FILLET CORNER
G1 X199.8 Y117.5 E1131.60598
G1 X199.8 Y126.8 E1131.9153 ;T1.300 R8.000 A1.571 C230.44470000000015 FILLET CORNER
G1 X175.021 Y126.8 E1132.73946
G1 X167.854 Y125.493 E1132.98176
G1 X160.602 Y124.553 E1133.22498
G1 X153.314 Y123.988 E1133.46811
G1 X146.007 Y123.8 E1133.71122
G1 X88.995 Y123.8 E1135.60745
G1 X81.698 Y123.988 E1135.85023
G1 X74.408 Y124.552 E1136.09342
G1 X67.158 Y125.491 E1136.33657
G1 X59.981 Y126.8 E1136.57922
G1 X35.2 Y126.8 E1137.40343 ;T16.781 R8.000 A1.571 C460.92659999999984 FILLET CORNER
G1 X35.2 Y108.2 E1138.02207 ;T10.600 R8.000 A1.571 C460.8893999999998 FILLET CORNER
G1 X59.979 Y108.2 E1138.84623
G1 X67.146 Y109.507 E1139.08853
G1 X74.398 Y110.447 E1139.33175
G1 X81.686 Y111.012 E1139.57488
G1 X88.993 Y111.2 E1139.81799
G0 F9000 X88.975 Y111.96
;TYPE:SKIN
G1 F1500 X146.024 Y111.96 E1141.71545
G1 X153.321 Y111.772 E1141.95823
G1 X160.651 Y111.206 E1142.20275
G1 X167.981 Y110.257 E1142.44858
G1 X175.089 Y108.96 E1142.6889
G1 X199.04 Y108.96 E1143.48551 ;T15.951 R8.000 A1.571 C204.54154000000008 FILLET CORNER
G1 X199.04 Y117.5 E1143.76956
G1 X199.04 Y126.04 E1144.0536 ;T0.540 R8.000 A1.571 C204.51591999999997 FILLET CORNER
G1 X175.092 Y126.04 E1144.85011
G1 X167.99 Y124.744 E1145.09022
G1 X160.7 Y123.799 E1145.33472
G1 X153.372 Y123.23 E1145.57918
G1 X146.027 Y123.04 E1145.82356
G1 X88.977 Y123.04 E1147.72105
G1 X81.64 Y123.23 E1147.96516
G1 X74.347 Y123.794 E1148.20845
G1 X67.023 Y124.742 E1148.45408
G1 X59.911 Y126.04 E1148.69454
G1 X35.96 Y126.04 E1149.49115 ;T15.951 R8.000 A1.571 C409.08308000000034 FILLET CORNER
G1 X35.96 Y108.96 E1150.05923 ;T9.080 R8.000 A1.571 C409.03184000000033 FILLET CORNER
G1 X59.908 Y108.96 E1150.85575
G1 X67.01 Y110.256 E1151.09586
G1 X74.335 Y111.205 E1151.34153
G1 X81.629 Y111.77 E1151.58485
G1 X88.975 Y111.96 E1151.82926
G1 F2700 E1146.82926
G0 F9000 X88.979 Y111.701
G0 X69.848 Y110.443 ;T-137.099 R8.000 A0.102 C19.698982000000086 FILLET CORNER
G0 X59.928 Y108.761 ;T-86.461 R8.000 A0.165 C-39.26837200000011 FILLET CORNER
G0 X36.222 Y108.7
G1 F2700 E1151.82926
G0 F9000 X36.222 Y109.158
G1 F1500 X36.16 Y109.221 E1151.8322
G0 F9000 X36.16 Y109.786
G1 F1500 X36.787 Y109.158 E1151.86172
G0 F9000 X37.353 Y109.158
G1 F1500 X36.16 Y110.352 E1151.91786
G0 F9000 X36.16 Y110.918
G1 F1500 X37.919 Y109.158 E1152.00062
G0 F9000 X38.484 Y109.158
G1 F1500 X36.16 Y111.483 E1152.10996
G0 F9000 X36.16 Y112.049
G1 F1500 X39.05 Y109.158 E1152.24592
G0 F9000 X39.616 Y109.158
G1 F1500 X36.16 Y112.615 E1152.4085
G0 F9000 X36.16 Y113.18
G1 F1500 X40.182 Y109.158 E1152.59768
G0 F9000 X40.747 Y109.158
G1 F1500 X36.16 Y113.746 E1152.81347
G0 F9000 X36.16 Y114.312
G1 F1500 X41.313 Y109.158 E1153.05587
G0 F9000 X41.879 Y109.158
G1 F1500 X36.16 Y114.877 E1153.32487
G0 F9000 X36.16 Y115.443
G1 F1500 X42.444 Y109.158 E1153.62048
G0 F9000 X43.01 Y109.158
G1 F1500 X36.16 Y116.009 E1153.9427
G0 F9000 X36.16 Y116.575
G1 F1500 X43.576 Y109.158 E1154.29155
G0 F9000 X44.141 Y109.158
G1 F1500 X36.16 Y117.14 E1154.66698
G0 F9000 X36.16 Y117.706
G1 F1500 X44.707 Y109.158 E1155.06903
G0 F9000 X45.273 Y109.158
G1 F1500 X36.16 Y118.272 E1155.4977
G0 F9000 X36.16 Y118.837
G1 F1500 X45.838 Y109.158 E1155.95295
G0 F9000 X46.404 Y109.158
G1 F1500 X36.16 Y119.403 E1156.43482
G0 F9000 X36.16 Y119.969
G1 F1500 X46.97 Y109.158 E1156.94331
G0 F9000 X47.535 Y109.158
G1 F1500 X36.16 Y120.534 E1157.47838
G0 F9000 X36.16 Y121.1
G1 F1500 X48.101 Y109.158 E1158.04007
G0 F9000 X48.667 Y109.158
G1 F1500 X36.16 Y121.666 E1158.62838
G0 F9000 X36.16 Y122.231
G1 F1500 X49.233 Y109.158 E1159.2433
G0 F9000 X49.798 Y109.158
G1 F1500 X36.16 Y122.797 E1159.88481
G0 F9000 X36.16 Y123.363
G1 F1500 X50.364 Y109.158 E1160.55295
G0 F9000 X50.93 Y109.158
G1 F1500 X36.16 Y123.928 E1161.24768
G0 F9000 X36.16 Y124.494
G1 F1500 X51.495 Y109.158 E1161.96902
G0 F9000 X52.061 Y109.158
G1 F1500 X36.16 Y125.06 E1162.71697
G0 F9000 X36.16 Y125.626
G1 F1500 X52.627 Y109.158 E1163.49156
G0 F9000 X53.192 Y109.158
G1 F1500 X36.512 Y125.839 E1164.27615
G0 F9000 X37.077 Y125.839
G1 F1500 X53.758 Y109.158 E1165.06078
G0 F9000 X54.324 Y109.158
G1 F1500 X37.643 Y125.839 E1165.8454
G0 F9000 X38.209 Y125.839
G1 F1500 X54.889 Y109.158 E1166.63
G0 F9000 X55.455 Y109.158
G1 F1500 X38.774 Y125.839 E1167.41462
G0 F9000 X39.34 Y125.839
G1 F1500 X56.021 Y109.158 E1168.19925
G0 F9000 X56.586 Y109.158
G1 F1500 X39.906 Y125.839 E1168.98385
G0 F9000 X40.471 Y125.839
G1 F1500 X57.152 Y109.158 E1169.76847
G0 F9000 X57.718 Y109.158
G1 F1500 X41.037 Y125.839 E1170.55309
G0 F9000 X41.603 Y125.839
G1 F1500 X58.283 Y109.158 E1171.33769
G0 F9000 X58.849 Y109.158
G1 F1500 X42.169 Y125.839 E1172.12229
G0 F9000 X42.734 Y125.839
G1 F1500 X59.415 Y109.158 E1172.90691
G0 F9000 X59.966 Y109.173
G1 F1500 X43.3 Y125.839 E1173.69083
G0 F9000 X43.866 Y125.839
G1 F1500 X60.444 Y109.26 E1174.47063
G0 F9000 X60.923 Y109.347
G1 F1500 X44.431 Y125.839 E1175.24637
G0 F9000 X44.997 Y125.839
G1 F1500 X61.401 Y109.435 E1176.01796
G0 F9000 X61.88 Y109.522
G1 F1500 X45.563 Y125.839 E1176.78546
G0 F9000 X46.128 Y125.839
G1 F1500 X62.359 Y109.609 E1177.5489
G0 F9000 X62.837 Y109.697
G1 F1500 X46.694 Y125.839 E1178.30819
G0 F9000 X47.26 Y125.839
G1 F1500 X63.315 Y109.783 E1179.06339
G0 F9000 X63.793 Y109.871
G1 F1500 X47.825 Y125.839 E1179.81448
G0 F9000 X48.391 Y125.839
G1 F1500 X64.272 Y109.958 E1180.56147
G0 F9000 X64.75 Y110.046
G1 F1500 X48.957 Y125.839 E1181.30432
G0 F9000 X49.522 Y125.839
G1 F1500 X65.229 Y110.133 E1182.04311
G0 F9000 X65.707 Y110.22
G1 F1500 X50.088 Y125.839 E1182.77778
G0 F9000 X50.654 Y125.839
G1 F1500 X66.185 Y110.307 E1183.50833
G0 F9000 X66.664 Y110.394
G1 F1500 X51.219 Y125.839 E1184.23482
G0 F9000 X51.785 Y125.839
G1 F1500 X67.149 Y110.475 E1184.95749
G0 F9000 X67.651 Y110.539
G1 F1500 X52.351 Y125.839 E1185.67716
G0 F9000 X52.917 Y125.839
G1 F1500 X68.151 Y110.604 E1186.39374
G0 F9000 X68.652 Y110.669
G1 F1500 X53.482 Y125.839 E1187.10729
G0 F9000 X54.048 Y125.839
G1 F1500 X69.153 Y110.734 E1187.81779
G0 F9000 X69.654 Y110.799
G1 F1500 X54.614 Y125.839 E1188.52522
G0 F9000 X55.179 Y125.839
G1 F1500 X70.155 Y110.863 E1189.22965
G0 F9000 X70.656 Y110.928
G1 F1500 X55.745 Y125.839 E1189.93102
G0 F9000 X56.311 Y125.839
G1 F1500 X71.156 Y110.993 E1190.6293
G0 F9000 X71.658 Y111.058
G1 F1500 X56.876 Y125.839 E1191.32458
G0 F9000 X57.442 Y125.839
G1 F1500 X72.158 Y111.123 E1192.01677
G0 F9000 X72.66 Y111.187
G1 F1500 X58.008 Y125.839 E1192.70596
G0 F9000 X58.573 Y125.839
G1 F1500 X73.16 Y111.252 E1193.39209
G0 F9000 X73.661 Y111.317
G1 F1500 X59.139 Y125.839 E1194.07516
G0 F9000 X59.705 Y125.839
G1 F1500 X74.162 Y111.382 E1194.75517
G0 F9000 X74.679 Y111.43
G1 F1500 X60.355 Y125.755 E1195.42895
G0 F9000 X61.046 Y125.629
G1 F1500 X75.204 Y111.471 E1196.0949
G0 F9000 X75.729 Y111.512
G1 F1500 X61.738 Y125.502 E1196.75297
G0 F9000 X62.431 Y125.376
G1 F1500 X76.255 Y111.552 E1197.40321
G0 F9000 X76.779 Y111.593
G1 F1500 X63.123 Y125.249 E1198.04555
G0 F9000 X63.814 Y125.123
G1 F1500 X77.305 Y111.633 E1198.6801
G0 F9000 X77.829 Y111.674
G1 F1500 X64.507 Y124.997 E1199.30675
G0 F9000 X65.199 Y124.87
G1 F1500 X78.355 Y111.715 E1199.92554
G0 F9000 X78.88 Y111.755
G1 F1500 X65.891 Y124.744 E1200.5365
G0 F9000 X66.583 Y124.618
G1 F1500 X79.405 Y111.796 E1201.13961
G0 F9000 X79.93 Y111.836
G1 F1500 X67.257 Y124.51 E1201.73573
G0 F9000 X67.906 Y124.426
G1 F1500 X80.455 Y111.877 E1202.326
G0 F9000 X80.98 Y111.918
G1 F1500 X68.556 Y124.341 E1202.91036
G0 F9000 X69.206 Y124.257
G1 F1500 X81.506 Y111.958 E1203.48889
G0 F9000 X82.05 Y111.979
G1 F1500 X69.857 Y124.172 E1204.06242
G0 F9000 X70.507 Y124.088
G1 F1500 X82.602 Y111.993 E1204.63133
G0 F9000 X83.153 Y112.007
G1 F1500 X71.156 Y124.004 E1205.19563
G0 F9000 X71.806 Y123.92
G1 F1500 X83.705 Y112.021 E1205.75532
G0 F9000 X84.256 Y112.036
G1 F1500 X72.456 Y123.836 E1206.31036
G0 F9000 X73.106 Y123.752
G1 F1500 X84.807 Y112.05 E1206.86076
G0 F9000 X85.359 Y112.065
G1 F1500 X73.756 Y123.667 E1207.40651
G0 F9000 X74.401 Y123.588
G1 F1500 X85.91 Y112.079 E1207.94785
G0 F9000 X86.461 Y112.094
G1 F1500 X75.014 Y123.541 E1208.48629
G0 F9000 X75.627 Y123.494
G1 F1500 X87.013 Y112.108 E1209.02185
G0 F9000 X87.564 Y112.122
G1 F1500 X76.24 Y123.446 E1209.5545
G0 F9000 X76.853 Y123.399
G1 F1500 X88.116 Y112.136 E1210.08427
G0 F9000 X88.667 Y112.15
G1 F1500 X77.466 Y123.351 E1210.61113
G0 F9000 X78.08 Y123.303
G1 F1500 X89.224 Y112.159 E1211.13531
G0 F9000 X89.79 Y112.159
G1 F1500 X78.693 Y123.256 E1211.65728
G0 F9000 X79.306 Y123.209
G1 F1500 X90.356 Y112.159 E1212.17704
G0 F9000 X90.921 Y112.159
G1 F1500 X79.919 Y123.161 E1212.69454
G0 F9000 X80.532 Y123.114
G1 F1500 X91.487 Y112.159 E1213.20983
G0 F9000 X92.053 Y112.159
G1 F1500 X81.145 Y123.066 E1213.72288
G0 F9000 X81.751 Y123.026
G1 F1500 X92.618 Y112.159 E1214.23404
G0 F9000 X93.184 Y112.159
G1 F1500 X82.331 Y123.011 E1214.7445
G0 F9000 X82.912 Y122.996
G1 F1500 X93.75 Y112.159 E1215.25427
G0 F9000 X94.316 Y112.159
G1 F1500 X83.493 Y122.982 E1215.76335
G0 F9000 X84.074 Y122.966
G1 F1500 X94.881 Y112.159 E1216.27168
G0 F9000 X95.447 Y112.159
G1 F1500 X84.654 Y122.951 E1216.77932
G0 F9000 X85.235 Y122.936
G1 F1500 X96.013 Y112.159 E1217.28626
G0 F9000 X96.578 Y112.159
G1 F1500 X85.816 Y122.921 E1217.79247
G0 F9000 X86.397 Y122.906
G1 F1500 X97.144 Y112.159 E1218.29798
G0 F9000 X97.71 Y112.159
G1 F1500 X86.977 Y122.891 E1218.8028
G0 F9000 X87.558 Y122.876
G1 F1500 X98.275 Y112.159 E1219.3069
G0 F9000 X98.841 Y112.159
G1 F1500 X88.139 Y122.861 E1219.81029
G0 F9000 X88.719 Y122.846
G1 F1500 X99.407 Y112.159 E1220.31299
G0 F9000 X99.972 Y112.159
G1 F1500 X89.292 Y122.84 E1220.81537
G0 F9000 X89.857 Y122.84
G1 F1500 X100.538 Y112.159 E1221.31777
G0 F9000 X101.104 Y112.159
G1 F1500 X90.423 Y122.84 E1221.82018
G0 F9000 X90.989 Y122.84
G1 F1500 X101.669 Y112.159 E1222.32255
G0 F9000 X102.235 Y112.159
G1 F1500 X91.554 Y122.84 E1222.82495
G0 F9000 X92.12 Y122.84
G1 F1500 X102.801 Y112.159 E1223.32736
G0 F9000 X103.366 Y112.159
G1 F1500 X92.686 Y122.84 E1223.82973
G0 F9000 X93.251 Y122.84
G1 F1500 X103.932 Y112.159 E1224.33214
G0 F9000 X104.498 Y112.159
G1 F1500 X93.817 Y122.84 E1224.83454
G0 F9000 X94.383 Y122.84
G1 F1500 X105.064 Y112.159 E1225.33694
G0 F9000 X105.629 Y112.159
G1 F1500 X94.948 Y122.84 E1225.83934
G0 F9000 X95.514 Y122.84
G1 F1500 X106.195 Y112.159 E1226.34174
G0 F9000 X106.761 Y112.159
G1 F1500 X96.08 Y122.84 E1226.84414
G0 F9000 X96.645 Y122.84
G1 F1500 X107.326 Y112.159 E1227.34654
G0 F9000 X107.892 Y112.159
G1 F1500 X97.211 Y122.84 E1227.84895
G0 F9000 X97.777 Y122.84
G1 F1500 X108.458 Y112.159 E1228.35135
G0 F9000 X109.023 Y112.159
G1 F1500 X98.342 Y122.84 E1228.85375
G0 F9000 X98.908 Y122.84
G1 F1500 X109.589 Y112.159 E1229.35615
G0 F9000 X110.155 Y112.159
G1 F1500 X99.474 Y122.84 E1229.85855
G0 F9000 X100.04 Y122.84
G1 F1500 X110.72 Y112.159 E1230.36093
G0 F9000 X111.286 Y112.159
G1 F1500 X100.605 Y122.84 E1230.86333
G0 F9000 X101.171 Y122.84
G1 F1500 X111.852 Y112.159 E1231.36573
G0 F9000 X112.417 Y112.159
G1 F1500 X101.737 Y122.84 E1231.86811
G0 F9000 X102.302 Y122.84
G1 F1500 X112.983 Y112.159 E1232.37051
G0 F9000 X113.549 Y112.159
G1 F1500 X102.868 Y122.84 E1232.87291
G0 F9000 X103.434 Y122.84
G1 F1500 X114.115 Y112.159 E1233.37532
G0 F9000 X114.68 Y112.159
G1 F1500 X103.999 Y122.84 E1233.87772
G0 F9000 X104.565 Y122.84
G1 F1500 X115.246 Y112.159 E1234.38012
G0 F9000 X115.812 Y112.159
G1 F1500 X105.131 Y122.84 E1234.88252
G0 F9000 X105.696 Y122.84
G1 F1500 X116.377 Y112.159 E1235.38492
G0 F9000 X116.943 Y112.159
G1 F1500 X106.262 Y122.84 E1235.88732
G0 F9000 X106.828 Y122.84
G1 F1500 X117.508 Y112.159 E1236.3897
G0 F9000 X118.074 Y112.159
G1 F1500 X107.393 Y122.84 E1236.8921
G0 F9000 X107.959 Y122.84
G1 F1500 X118.639 Y112.159 E1237.39448
G0 F9000 X119.205 Y112.159
G1 F1500 X108.525 Y122.84 E1237.89686
G0 F9000 X109.091 Y122.84
G1 F1500 X119.771 Y112.159 E1238.39924
G0 F9000 X120.336 Y112.159
G1 F1500 X109.656 Y122.84 E1238.90161
G0 F9000 X110.222 Y122.84
G1 F1500 X120.902 Y112.159 E1239.40399
G0 F9000 X121.468 Y112.159
G1 F1500 X110.788 Y122.84 E1239.90637
G0 F9000 X111.353 Y122.84
G1 F1500 X122.033 Y112.159 E1240.40875
G0 F9000 X122.599 Y112.159
G1 F1500 X111.919 Y122.84 E1240.91113
G0 F9000 X112.485 Y122.84
G1 F1500 X123.165 Y112.159 E1241.4135
G0 F9000 X123.73 Y112.159
G1 F1500 X113.05 Y122.84 E1241.91588
G0 F9000 X113.616 Y122.84
G1 F1500 X124.296 Y112.159 E1242.41826
G0 F9000 X124.862 Y112.159
G1 F1500 X114.182 Y122.84 E1242.92064
G0 F9000 X114.747 Y122.84
G1 F1500 X125.428 Y112.159 E1243.42304
G0 F9000 X125.993 Y112.159
G1 F1500 X115.313 Y122.84 E1243.92542
G0 F9000 X115.879 Y122.84
G1 F1500 X126.559 Y112.159 E1244.4278
G0 F9000 X127.125 Y112.159
G1 F1500 X116.444 Y122.84 E1244.9302
G0 F9000 X117.01 Y122.84
G1 F1500 X127.69 Y112.159 E1245.43258
G0 F9000 X128.256 Y112.159
G1 F1500 X117.576 Y122.84 E1245.93495
G0 F9000 X118.141 Y122.84
G1 F1500 X128.822 Y112.159 E1246.43735
G0 F9000 X129.387 Y112.159
G1 F1500 X118.707 Y122.84 E1246.93973
G0 F9000 X119.273 Y122.84
G1 F1500 X129.953 Y112.159 E1247.44211
G0 F9000 X130.519 Y112.159
G1 F1500 X119.839 Y122.84 E1247.94449
G0 F9000 X120.404 Y122.84
G1 F1500 X131.084 Y112.159 E1248.44687
G0 F9000 X131.65 Y112.159
G1 F1500 X120.97 Y122.84 E1248.94924
G0 F9000 X121.536 Y122.84
G1 F1500 X132.216 Y112.159 E1249.45162
G0 F9000 X132.781 Y112.159
G1 F1500 X122.101 Y122.84 E1249.954
G0 F9000 X122.667 Y122.84
G1 F1500 X133.347 Y112.159 E1250.45638
G0 F9000 X133.913 Y112.159
G1 F1500 X123.233 Y122.84 E1250.95876
G0 F9000 X123.798 Y122.84
G1 F1500 X134.478 Y112.159 E1251.46113
G0 F9000 X135.044 Y112.159
G1 F1500 X124.364 Y122.84 E1251.96351
G0 F9000 X124.93 Y122.84
G1 F1500 X135.61 Y112.159 E1252.46589
G0 F9000 X136.176 Y112.159
G1 F1500 X125.495 Y122.84 E1252.96829
G0 F9000 X126.061 Y122.84
G1 F1500 X136.741 Y112.159 E1253.47067
G0 F9000 X137.307 Y112.159
G1 F1500 X126.627 Y122.84 E1253.97305
G0 F9000 X127.192 Y122.84
G1 F1500 X137.873 Y112.159 E1254.47545
G0 F9000 X138.438 Y112.159
G1 F1500 X127.758 Y122.84 E1254.97783
G0 F9000 X128.324 Y122.84
G1 F1500 X139.004 Y112.159 E1255.48021
G0 F9000 X139.57 Y112.159
G1 F1500 X128.89 Y122.84 E1255.98258
G0 F9000 X129.455 Y122.84
G1 F1500 X140.135 Y112.159 E1256.48496
G0 F9000 X140.701 Y112.159
G1 F1500 X130.021 Y122.84 E1256.98734
G0 F9000 X130.587 Y122.84
G1 F1500 X141.267 Y112.159 E1257.48972
G0 F9000 X141.832 Y112.159
G1 F1500 X131.152 Y122.84 E1257.9921
G0 F9000 X131.718 Y122.84
G1 F1500 X142.398 Y112.159 E1258.49447
G0 F9000 X142.964 Y112.159
G1 F1500 X132.284 Y122.84 E1258.99685
G0 F9000 X132.849 Y122.84
G1 F1500 X143.529 Y112.159 E1259.49923
G0 F9000 X144.095 Y112.159
G1 F1500 X133.415 Y122.84 E1260.00161
G0 F9000 X133.981 Y122.84
G1 F1500 X144.661 Y112.159 E1260.50399
G0 F9000 X145.227 Y112.159
G1 F1500 X134.546 Y122.84 E1261.00639
G0 F9000 X135.112 Y122.84
G1 F1500 X145.792 Y112.159 E1261.50876
G0 F9000 X146.366 Y112.151
G1 F1500 X135.678 Y122.84 E1262.01152
G0 F9000 X136.243 Y122.84
G1 F1500 X146.947 Y112.136 E1262.515
G0 F9000 X147.527 Y112.121
G1 F1500 X136.809 Y122.84 E1263.01917
G0 F9000 X137.375 Y122.84
G1 F1500 X148.109 Y112.106 E1263.52406
G0 F9000 X148.689 Y112.091
G1 F1500 X137.94 Y122.84 E1264.02966
G0 F9000 X138.506 Y122.84
G1 F1500 X149.27 Y112.076 E1264.53597
G0 F9000 X149.851 Y112.06
G1 F1500 X139.072 Y122.84 E1265.043
G0 F9000 X139.638 Y122.84
G1 F1500 X150.432 Y112.046 E1265.55072
G0 F9000 X151.012 Y112.031
G1 F1500 X140.203 Y122.84 E1266.05914
G0 F9000 X140.769 Y122.84
G1 F1500 X151.593 Y112.016 E1266.56827
G0 F9000 X152.174 Y112
G1 F1500 X141.335 Y122.84 E1267.07813
G0 F9000 X141.9 Y122.84
G1 F1500 X152.754 Y111.985 E1267.58869
G0 F9000 X153.335 Y111.971
G1 F1500 X142.466 Y122.84 E1268.09993
G0 F9000 X143.032 Y122.84
G1 F1500 X153.947 Y111.924 E1268.61336
G0 F9000 X154.561 Y111.876
G1 F1500 X143.597 Y122.84 E1269.12908
G0 F9000 X144.163 Y122.84
G1 F1500 X155.174 Y111.828 E1269.64702
G0 F9000 X155.787 Y111.781
G1 F1500 X144.729 Y122.84 E1270.16718
G0 F9000 X145.294 Y122.84
G1 F1500 X156.4 Y111.734 E1270.68957
G0 F9000 X157.013 Y111.686
G1 F1500 X145.86 Y122.84 E1271.2142
G0 F9000 X146.415 Y122.85
G1 F1500 X157.626 Y111.639 E1271.74153
G0 F9000 X158.24 Y111.591
G1 F1500 X146.967 Y122.864 E1272.27178
G0 F9000 X147.518 Y122.878
G1 F1500 X158.853 Y111.543 E1272.80494
G0 F9000 X159.466 Y111.496
G1 F1500 X148.07 Y122.893 E1273.341
G0 F9000 X148.621 Y122.907
G1 F1500 X160.079 Y111.449 E1273.87995
G0 F9000 X160.693 Y111.401
G1 F1500 X149.173 Y122.921 E1274.42181
G0 F9000 X149.724 Y122.935
G1 F1500 X161.343 Y111.316 E1274.96834
G0 F9000 X161.993 Y111.232
G1 F1500 X150.276 Y122.949 E1275.51947
G0 F9000 X150.827 Y122.963
G1 F1500 X162.643 Y111.148 E1276.07523
G0 F9000 X163.292 Y111.064
G1 F1500 X151.379 Y122.977 E1276.63558
G0 F9000 X151.93 Y122.992
G1 F1500 X163.942 Y110.98 E1277.20059
G0 F9000 X164.592 Y110.896
G1 F1500 X152.481 Y123.006 E1277.77023
G0 F9000 X153.033 Y123.021
G1 F1500 X165.242 Y110.812 E1278.34451
G0 F9000 X165.892 Y110.727
G1 F1500 X153.575 Y123.045 E1278.92388
G0 F9000 X154.1 Y123.085
G1 F1500 X166.542 Y110.643 E1279.50912
G0 F9000 X167.191 Y110.559
G1 F1500 X154.625 Y123.126 E1280.10021
G0 F9000 X155.149 Y123.167
G1 F1500 X167.841 Y110.475 E1280.6972
G0 F9000 X168.521 Y110.361
G1 F1500 X155.675 Y123.207 E1281.30144
G0 F9000 X156.199 Y123.248
G1 F1500 X169.213 Y110.235 E1281.91355
G0 F9000 X169.905 Y110.109
G1 F1500 X156.724 Y123.289 E1282.53352
G0 F9000 X157.249 Y123.33
G1 F1500 X170.597 Y109.982 E1283.16137
G0 F9000 X171.288 Y109.856
G1 F1500 X157.774 Y123.371 E1283.79705
G0 F9000 X158.299 Y123.412
G1 F1500 X171.981 Y109.73 E1284.44061
G0 F9000 X172.672 Y109.604
G1 F1500 X158.823 Y123.453 E1285.09202
G0 F9000 X159.348 Y123.494
G1 F1500 X173.364 Y109.477 E1285.75132
G0 F9000 X174.057 Y109.351
G1 F1500 X159.874 Y123.534 E1286.41844
G0 F9000 X160.398 Y123.575
G1 F1500 X174.748 Y109.225 E1287.09342
G0 F9000 X175.38 Y109.159
G1 F1500 X160.914 Y123.625 E1287.77386
G0 F9000 X161.414 Y123.69
G1 F1500 X175.945 Y109.159 E1288.45735
G0 F9000 X176.511 Y109.159
G1 F1500 X161.916 Y123.755 E1289.14388
G0 F9000 X162.416 Y123.82
G1 F1500 X177.077 Y109.159 E1289.83349
G0 F9000 X177.642 Y109.159
G1 F1500 X162.917 Y123.885 E1290.52613
G0 F9000 X163.418 Y123.95
G1 F1500 X178.208 Y109.159 E1291.22183
G0 F9000 X178.774 Y109.159
G1 F1500 X163.918 Y124.015 E1291.92061
G0 F9000 X164.42 Y124.079
G1 F1500 X179.339 Y109.159 E1292.62238
G0 F9000 X179.905 Y109.159
G1 F1500 X164.92 Y124.144 E1293.32723
G0 F9000 X165.421 Y124.209
G1 F1500 X180.471 Y109.159 E1294.03513
G0 F9000 X181.037 Y109.159
G1 F1500 X165.921 Y124.274 E1294.74612
G0 F9000 X166.423 Y124.339
G1 F1500 X181.602 Y109.159 E1295.46012
G0 F9000 X182.168 Y109.159
G1 F1500 X166.923 Y124.404 E1296.1772
G0 F9000 X167.424 Y124.469
G1 F1500 X182.734 Y109.159 E1296.89733
G0 F9000 X183.299 Y109.159
G1 F1500 X167.925 Y124.534 E1297.6205
G0 F9000 X168.407 Y124.617
G1 F1500 X183.865 Y109.159 E1298.3476
G0 F9000 X184.431 Y109.159
G1 F1500 X168.885 Y124.705 E1299.07883
G0 F9000 X169.364 Y124.792
G1 F1500 X184.996 Y109.159 E1299.81414
G0 F9000 X185.562 Y109.159
G1 F1500 X169.842 Y124.879 E1300.55356
G0 F9000 X170.32 Y124.966
G1 F1500 X186.128 Y109.159 E1301.2971
G0 F9000 X186.693 Y109.159
G1 F1500 X170.799 Y125.053 E1302.0447
G0 F9000 X171.278 Y125.14
G1 F1500 X187.259 Y109.159 E1302.7964
G0 F9000 X187.825 Y109.159
G1 F1500 X171.756 Y125.228 E1303.55223
G0 F9000 X172.234 Y125.315
G1 F1500 X188.39 Y109.159 E1304.31216
G0 F9000 X188.956 Y109.159
G1 F1500 X172.712 Y125.403 E1305.07623
G0 F9000 X173.191 Y125.49
G1 F1500 X189.522 Y109.159 E1305.84439
G0 F9000 X190.087 Y109.159
G1 F1500 X173.67 Y125.577 E1306.61662
G0 F9000 X174.148 Y125.664
G1 F1500 X190.653 Y109.159 E1307.39296
G0 F9000 X191.219 Y109.159
G1 F1500 X174.627 Y125.751 E1308.1734
G0 F9000 X175.105 Y125.839
G1 F1500 X191.785 Y109.159 E1308.95798
G0 F9000 X192.35 Y109.159
G1 F1500 X175.67 Y125.84 E1309.74258
G0 F9000 X176.235 Y125.84
G1 F1500 X192.916 Y109.159 E1310.5272
G0 F9000 X193.482 Y109.159
G1 F1500 X176.801 Y125.84 E1311.31182
G0 F9000 X177.367 Y125.84
G1 F1500 X194.047 Y109.159 E1312.09642
G0 F9000 X194.613 Y109.159
G1 F1500 X177.932 Y125.84 E1312.88105
G0 F9000 X178.498 Y125.84
G1 F1500 X195.179 Y109.159 E1313.66567
G0 F9000 X195.744 Y109.159
G1 F1500 X179.064 Y125.84 E1314.45027
G0 F9000 X179.629 Y125.84
G1 F1500 X196.31 Y109.159 E1315.23489
G0 F9000 X196.876 Y109.159
G1 F1500 X180.195 Y125.84 E1316.01951
G0 F9000 X180.761 Y125.84
G1 F1500 X197.441 Y109.159 E1316.80411
G0 F9000 X198.007 Y109.159
G1 F1500 X181.326 Y125.84 E1317.58874
G0 F9000 X181.892 Y125.84
G1 F1500 X198.573 Y109.159 E1318.37336
G0 F9000 X198.839 Y109.459
G1 F1500 X182.458 Y125.84 E1319.14387
G0 F9000 X183.023 Y125.84
G1 F1500 X198.839 Y110.025 E1319.88779
G0 F9000 X198.839 Y110.59
G1 F1500 X183.589 Y125.84 E1320.6051
G0 F9000 X184.155 Y125.84
G1 F1500 X198.839 Y111.156 E1321.29579
G0 F9000 X198.839 Y111.722
G1 F1500 X184.721 Y125.84 E1321.95986
G0 F9000 X185.286 Y125.84
G1 F1500 X198.839 Y112.287 E1322.59735
G0 F9000 X198.839 Y112.853
G1 F1500 X185.852 Y125.84 E1323.20822
G0 F9000 X186.418 Y125.84
G1 F1500 X198.839 Y113.419 E1323.79246
G0 F9000 X198.839 Y113.984
G1 F1500 X186.983 Y125.84 E1324.35013
G0 F9000 X187.549 Y125.84
G1 F1500 X198.839 Y114.55 E1324.88118
G0 F9000 X198.839 Y115.116
G1 F1500 X188.115 Y125.84 E1325.3856
G0 F9000 X188.68 Y125.84
G1 F1500 X198.839 Y115.681 E1325.86345
G0 F9000 X198.839 Y116.247
G1 F1500 X189.246 Y125.84 E1326.31468
G0 F9000 X189.812 Y125.84
G1 F1500 X198.839 Y116.813 E1326.73928
G0 F9000 X198.839 Y117.379
G1 F1500 X190.377 Y125.84 E1327.13728
G0 F9000 X190.943 Y125.84
G1 F1500 X198.839 Y117.944 E1327.50869
G0 F9000 X198.839 Y118.51
G1 F1500 X191.509 Y125.84 E1327.85347
G0 F9000 X192.074 Y125.84
G1 F1500 X198.839 Y119.076 E1328.17165
G0 F9000 X198.839 Y119.641
G1 F1500 X192.64 Y125.84 E1328.46323
G0 F9000 X193.206 Y125.84
G1 F1500 X198.839 Y120.207 E1328.72819
G0 F9000 X198.839 Y120.773
G1 F1500 X193.772 Y125.84 E1328.96652
G0 F9000 X194.337 Y125.84
G1 F1500 X198.839 Y121.338 E1329.17829
G0 F9000 X198.839 Y121.904
G1 F1500 X194.903 Y125.84 E1329.36342
G0 F9000 X195.469 Y125.84
G1 F1500 X198.839 Y122.47 E1329.52194
G0 F9000 X198.839 Y123.035
G1 F1500 X196.034 Y125.84 E1329.65388
G0 F9000 X196.6 Y125.84
G1 F1500 X198.839 Y123.601 E1329.75919
G0 F9000 X198.839 Y124.167
G1 F1500 X197.166 Y125.84 E1329.83788
G0 F9000 X197.731 Y125.84
G1 F1500 X198.839 Y124.732 E1329.89
G0 F9000 X198.839 Y125.298
G1 F1500 X198.297 Y125.84 E1329.9155
G1 F2700 E1324.9155
;MESH:NONMESH
G0 F300 X198.297 Y125.84 Z1.4
G0 F9000 X198.297 Y126.3
G0 X199.228 Y126.228
G0 X199.228 Y108.772 ;T9.452 R8.000 A1.570 C-421.702048 FILLET CORNER
G0 X175.07 Y108.761 ;T-78.987 R8.000 A0.155 C-54.417653000000406 FILLET CORNER
G0 X160.635 Y111.007 ;T-140.801 R8.000 A0.103 C12.444365000000179 FILLET CORNER
G0 X152.35 Y111.434 ;T-330.050 R8.000 A0.047 C24.847321999999558 FILLET CORNER
G0 X88.979 Y111.701
G1 F2700 E1329.9155
G0 F9000 X88.983 Y111.6
;TIME_ELAPSED:1892.646800
;LAYER:6
;TYPE:WALL-INNER
;MESH:D638-22 Type I Tensile Specimen.STL
G1 F1500 X146.015 Y111.6 E1331.81239
G1 X153.343 Y111.411 E1332.0562
G1 X160.654 Y110.844 E1332.30009
G1 X167.894 Y109.906 E1332.54291
G1 X175.055 Y108.6 E1332.78501
G1 X199.4 Y108.6 E1333.59473 ;T16.345 R8.000 A1.571 C216.67050000000012 FILLET CORNER
G1 X199.4 Y117.5 E1333.89075
G1 X199.4 Y126.4 E1334.18676 ;T0.900 R8.000 A1.571 C216.6527000000003 FILLET CORNER
G1 X175.057 Y126.4 E1334.99641
G1 X167.896 Y125.094 E1335.23852
G1 X160.654 Y124.156 E1335.4814
G1 X153.345 Y123.589 E1335.72523
G1 X146.017 Y123.4 E1335.96904
G1 X88.985 Y123.4 E1337.86593
G1 X81.657 Y123.589 E1338.10974
G1 X74.346 Y124.156 E1338.35364
G1 X67.106 Y125.094 E1338.59645
G1 X59.945 Y126.4 E1338.83856
G1 X35.6 Y126.4 E1339.64828 ;T16.345 R8.000 A1.571 C433.34100000000024 FILLET CORNER
G1 X35.6 Y108.6 E1340.24031 ;T9.800 R8.000 A1.571 C433.3054000000002 FILLET CORNER
G1 X59.943 Y108.6 E1341.04996
G1 X67.104 Y109.906 E1341.29206
G1 X74.346 Y110.844 E1341.53494
G1 X81.655 Y111.411 E1341.77877
G1 X88.983 Y111.6 E1342.02259
G1 F2700 E1337.02259
G0 F9000 X88.979 Y111.701
G0 X74.325 Y111.003 ;T-134.873 R8.000 A0.107 C22.805162000000145 FILLET CORNER
G0 X59.928 Y108.761 ;T-88.488 R8.000 A0.155 C-54.31611900000024 FILLET CORNER
G0 X35.772 Y108.772 ;T16.152 R8.000 A1.570 C-421.6671359999997 FILLET CORNER
G0 X35.772 Y126.228 ;T9.452 R8.000 A1.570 C-421.70204799999976 FILLET CORNER
G0 X59.93 Y126.239 ;T-78.973 R8.000 A0.155 C-54.41763100000037 FILLET CORNER
G0 X74.363 Y123.993 ;T-117.723 R8.000 A0.121 C25.76019000000028 FILLET CORNER
G0 X88.994 Y123.501
G1 F2700 E1342.02259
G0 F9000 X88.995 Y123.8
;TYPE:WALL-OUTER
G1 F1500 X146.007 Y123.8 E1343.91881
G1 X153.314 Y123.988 E1344.16192
G1 X160.602 Y124.553 E1344.40505
G1 X167.854 Y125.493 E1344.64827
G1 X175.021 Y126.8 E1344.89058
G1 X199.8 Y126.8 E1345.71473 ;T16.779 R8.000 A1.571 C-230.44470000000015 FILLET CORNER
G1 X199.8 Y117.5 E1346.02405
G1 X199.8 Y108.2 E1346.33337 ;T1.300 R8.000 A1.571 C-230.46329999999998 FILLET CORNER
G1 X175.019 Y108.2 E1347.15759
G1 X167.842 Y109.509 E1347.40023
G1 X160.592 Y110.448 E1347.64339
G1 X153.302 Y111.012 E1347.88658
G1 X146.005 Y111.2 E1348.12936
G1 X88.993 Y111.2 E1350.02558
G1 X81.686 Y111.012 E1350.26869
G1 X74.398 Y110.447 E1350.51182
G1 X67.146 Y109.507 E1350.75504
G1 X59.979 Y108.2 E1350.99735
G1 X35.2 Y108.2 E1351.8215 ;T16.779 R8.000 A1.571 C-460.8893999999998 FILLET CORNER
G1 X35.2 Y126.8 E1352.44014 ;T10.600 R8.000 A1.571 C-460.92659999999984 FILLET CORNER
G1 X59.981 Y126.8 E1353.26436
G1 X67.158 Y125.491 E1353.50701
G1 X74.408 Y124.552 E1353.75016
G1 X81.698 Y123.988 E1353.99335
G1 X88.995 Y123.8 E1354.23613
G0 F9000 X88.977 Y123.04
;TYPE:SKIN
G1 F1500 X146.027 Y123.04 E1356.13362
G1 X153.372 Y123.23 E1356.37799
G1 X160.7 Y123.799 E1356.62246
G1 X167.99 Y124.744 E1356.86695
G1 X175.092 Y126.04 E1357.10707
G1 X199.04 Y126.04 E1357.90358 ;T15.948 R8.000 A1.571 C-204.51591999999997 FILLET CORNER
G1 X199.04 Y117.5 E1358.18762
G1 X199.04 Y108.96 E1358.47166 ;T0.540 R8.000 A1.571 C-204.54154000000008 FILLET CORNER
G1 X175.089 Y108.96 E1359.26828
G1 X167.981 Y110.257 E1359.50859
G1 X160.651 Y111.206 E1359.75443
G1 X153.321 Y111.772 E1359.99895
G1 X146.024 Y111.96 E1360.24173
G1 X88.975 Y111.96 E1362.13919
G1 X81.629 Y111.77 E1362.3836
G1 X74.335 Y111.205 E1362.62692
G1 X67.01 Y110.256 E1362.87259
G1 X59.908 Y108.96 E1363.1127
G1 X35.96 Y108.96 E1363.90922 ;T15.948 R8.000 A1.571 C-409.03184000000033 FILLET CORNER
G1 X35.96 Y126.04 E1364.4773 ;T9.080 R8.000 A1.571 C-409.08308000000034 FILLET CORNER
G1 X59.911 Y126.04 E1365.27391
G1 X67.023 Y124.742 E1365.51437
G1 X74.347 Y123.794 E1365.76
G1 X81.64 Y123.23 E1366.00329
G1 X88.977 Y123.04 E1366.2474
G1 F2700 E1361.2474
G0 F9000 X88.98 Y123.3
G0 X69.807 Y124.562 ;T-136.811 R8.000 A0.102 C-19.688347000000128 FILLET CORNER
G0 X59.93 Y126.239 ;T-86.388 R8.000 A0.166 C38.75501600000023 FILLET CORNER
G0 X36.461 Y126.3
G1 F2700 E1366.2474
G0 F9000 X36.461 Y125.839
G1 F1500 X36.16 Y125.538 E1366.26156
G0 F9000 X36.16 Y124.972
G1 F1500 X37.026 Y125.839 E1366.30231
G0 F9000 X37.592 Y125.839
G1 F1500 X36.16 Y124.406 E1366.36969
G0 F9000 X36.16 Y123.841
G1 F1500 X38.158 Y125.839 E1366.46367
G0 F9000 X38.723 Y125.839
G1 F1500 X36.16 Y123.275 E1366.58425
G0 F9000 X36.16 Y122.709
G1 F1500 X39.289 Y125.839 E1366.73146
G0 F9000 X39.855 Y125.839
G1 F1500 X36.16 Y122.144 E1366.90526
G0 F9000 X36.16 Y121.578
G1 F1500 X40.421 Y125.839 E1367.10568
G0 F9000 X40.986 Y125.839
G1 F1500 X36.16 Y121.012 E1367.33271
G0 F9000 X36.16 Y120.447
G1 F1500 X41.552 Y125.839 E1367.58633
G0 F9000 X42.118 Y125.839
G1 F1500 X36.16 Y119.881 E1367.86657
G0 F9000 X36.16 Y119.315
G1 F1500 X42.683 Y125.839 E1368.17342
G0 F9000 X43.249 Y125.839
G1 F1500 X36.16 Y118.75 E1368.50686
G0 F9000 X36.16 Y118.184
G1 F1500 X43.815 Y125.839 E1368.86693
G0 F9000 X44.38 Y125.839
G1 F1500 X36.16 Y117.618 E1369.2536
G0 F9000 X36.16 Y117.053
G1 F1500 X44.946 Y125.839 E1369.66687
G0 F9000 X45.512 Y125.839
G1 F1500 X36.16 Y116.487 E1370.10676
G0 F9000 X36.16 Y115.921
G1 F1500 X46.077 Y125.839 E1370.57324
G0 F9000 X46.643 Y125.839
G1 F1500 X36.16 Y115.355 E1371.06636
G0 F9000 X36.16 Y114.79
G1 F1500 X47.209 Y125.839 E1371.58607
G0 F9000 X47.774 Y125.839
G1 F1500 X36.16 Y114.224 E1372.13238
G0 F9000 X36.16 Y113.658
G1 F1500 X48.34 Y125.839 E1372.70531
G0 F9000 X48.906 Y125.839
G1 F1500 X36.16 Y113.093 E1373.30484
G0 F9000 X36.16 Y112.527
G1 F1500 X49.472 Y125.839 E1373.931
G0 F9000 X50.037 Y125.839
G1 F1500 X36.16 Y111.961 E1374.58375
G0 F9000 X36.16 Y111.396
G1 F1500 X50.603 Y125.839 E1375.26311
G0 F9000 X51.169 Y125.839
G1 F1500 X36.16 Y110.83 E1375.96909
G0 F9000 X36.16 Y110.264
G1 F1500 X51.734 Y125.839 E1376.70166
G0 F9000 X52.3 Y125.839
G1 F1500 X36.16 Y109.699 E1377.46084
G0 F9000 X36.186 Y109.159
G1 F1500 X52.866 Y125.839 E1378.24542
G0 F9000 X53.431 Y125.839
G1 F1500 X36.751 Y109.159 E1379.02999
G0 F9000 X37.317 Y109.159
G1 F1500 X53.997 Y125.839 E1379.81457
G0 F9000 X54.563 Y125.839
G1 F1500 X37.883 Y109.159 E1380.59914
G0 F9000 X38.448 Y109.159
G1 F1500 X55.128 Y125.839 E1381.38372
G0 F9000 X55.694 Y125.839
G1 F1500 X39.014 Y109.159 E1382.1683
G0 F9000 X39.58 Y109.159
G1 F1500 X56.26 Y125.839 E1382.95287
G0 F9000 X56.825 Y125.839
G1 F1500 X40.145 Y109.159 E1383.73745
G0 F9000 X40.711 Y109.159
G1 F1500 X57.391 Y125.839 E1384.52202
G0 F9000 X57.957 Y125.839
G1 F1500 X41.277 Y109.159 E1385.3066
G0 F9000 X41.843 Y109.159
G1 F1500 X58.522 Y125.839 E1386.09115
G0 F9000 X59.088 Y125.839
G1 F1500 X42.408 Y109.159 E1386.87573
G0 F9000 X42.974 Y109.159
G1 F1500 X59.654 Y125.839 E1387.6603
G0 F9000 X60.169 Y125.788
G1 F1500 X43.54 Y109.159 E1388.44248
G0 F9000 X44.105 Y109.159
G1 F1500 X60.647 Y125.701 E1389.22057
G0 F9000 X61.125 Y125.613
G1 F1500 X44.671 Y109.159 E1389.99451
G0 F9000 X45.237 Y109.159
G1 F1500 X61.604 Y125.527 E1390.76439
G0 F9000 X62.082 Y125.439
G1 F1500 X45.802 Y109.159 E1391.53015
G0 F9000 X46.368 Y109.159
G1 F1500 X62.561 Y125.352 E1392.29182
G0 F9000 X63.039 Y125.264
G1 F1500 X46.934 Y109.159 E1393.04935
G0 F9000 X47.499 Y109.159
G1 F1500 X63.517 Y125.177 E1393.80279
G0 F9000 X63.995 Y125.09
G1 F1500 X48.065 Y109.159 E1394.55211
G0 F9000 X48.631 Y109.159
G1 F1500 X64.474 Y125.003 E1395.29734
G0 F9000 X64.952 Y124.915
G1 F1500 X49.196 Y109.159 E1396.03845
G0 F9000 X49.762 Y109.159
G1 F1500 X65.43 Y124.827 E1396.77543
G0 F9000 X65.909 Y124.74
G1 F1500 X50.328 Y109.159 E1397.50831
G0 F9000 X50.894 Y109.159
G1 F1500 X66.387 Y124.653 E1398.23708
G0 F9000 X66.866 Y124.566
G1 F1500 X51.459 Y109.159 E1398.96177
G0 F9000 X52.025 Y109.159
G1 F1500 X67.361 Y124.496 E1399.68316
G0 F9000 X67.862 Y124.43
G1 F1500 X52.591 Y109.159 E1400.40146
G0 F9000 X53.156 Y109.159
G1 F1500 X68.363 Y124.365 E1401.11672
G0 F9000 X68.863 Y124.3
G1 F1500 X53.722 Y109.159 E1401.82891
G0 F9000 X54.288 Y109.159
G1 F1500 X69.365 Y124.236 E1402.53809
G0 F9000 X69.865 Y124.171
G1 F1500 X54.853 Y109.159 E1403.24421
G0 F9000 X55.419 Y109.159
G1 F1500 X70.366 Y124.106 E1403.94727
G0 F9000 X70.866 Y124.041
G1 F1500 X55.985 Y109.159 E1404.64725
G0 F9000 X56.55 Y109.159
G1 F1500 X71.367 Y123.976 E1405.34419
G0 F9000 X71.868 Y123.911
G1 F1500 X57.116 Y109.159 E1406.03808
G0 F9000 X57.682 Y109.159
G1 F1500 X72.369 Y123.846 E1406.72891
G0 F9000 X72.87 Y123.781
G1 F1500 X58.247 Y109.159 E1407.41671
G0 F9000 X58.813 Y109.159
G1 F1500 X73.37 Y123.716 E1408.10143
G0 F9000 X73.871 Y123.651
G1 F1500 X59.379 Y109.159 E1408.78309
G0 F9000 X59.957 Y109.172
G1 F1500 X74.375 Y123.59 E1409.46126
G0 F9000 X74.9 Y123.549
G1 F1500 X60.649 Y109.298 E1410.13159
G0 F9000 X61.341 Y109.424
G1 F1500 X75.425 Y123.508 E1410.79406
G0 F9000 X75.951 Y123.468
G1 F1500 X62.033 Y109.55 E1411.44872
G0 F9000 X62.725 Y109.677
G1 F1500 X76.475 Y123.427 E1412.09547
G0 F9000 X77.001 Y123.387
G1 F1500 X63.417 Y109.803 E1412.73442
G0 F9000 X64.109 Y109.929
G1 F1500 X77.525 Y123.346 E1413.36549
G0 F9000 X78.051 Y123.305
G1 F1500 X64.801 Y110.056 E1413.98871
G0 F9000 X65.492 Y110.182
G1 F1500 X78.575 Y123.264 E1414.60407
G0 F9000 X79.101 Y123.224
G1 F1500 X66.185 Y110.308 E1415.2116
G0 F9000 X66.876 Y110.434
G1 F1500 X79.625 Y123.183 E1415.81127
G0 F9000 X80.151 Y123.143
G1 F1500 X67.533 Y110.525 E1416.40479
G0 F9000 X68.183 Y110.609
G1 F1500 X80.675 Y123.102 E1416.9924
G0 F9000 X81.201 Y123.062
G1 F1500 X68.833 Y110.694 E1417.57415
G0 F9000 X69.482 Y110.777
G1 F1500 X81.731 Y123.026 E1418.1503
G0 F9000 X82.283 Y123.012
G1 F1500 X70.132 Y110.861 E1418.72185
G0 F9000 X70.782 Y110.945
G1 F1500 X82.834 Y122.998 E1419.28876
G0 F9000 X83.385 Y122.983
G1 F1500 X71.431 Y111.029 E1419.85104
G0 F9000 X72.081 Y111.114
G1 F1500 X83.937 Y122.969 E1420.40869
G0 F9000 X84.488 Y122.955
G1 F1500 X72.73 Y111.197 E1420.96175
G0 F9000 X73.38 Y111.281
G1 F1500 X85.04 Y122.941 E1421.5102
G0 F9000 X85.591 Y122.926
G1 F1500 X74.03 Y111.365 E1422.05399
G0 F9000 X74.66 Y111.43
G1 F1500 X86.142 Y122.912 E1422.59407
G0 F9000 X86.694 Y122.897
G1 F1500 X75.273 Y111.477 E1423.13126
G0 F9000 X75.886 Y111.524
G1 F1500 X87.245 Y122.883 E1423.66555
G0 F9000 X87.797 Y122.869
G1 F1500 X76.499 Y111.572 E1424.19695
G0 F9000 X77.112 Y111.619
G1 F1500 X88.348 Y122.854 E1424.72543
G0 F9000 X88.899 Y122.84
G1 F1500 X77.725 Y111.667 E1425.251
G0 F9000 X78.338 Y111.714
G1 F1500 X89.463 Y122.839 E1425.77428
G0 F9000 X90.029 Y122.839
G1 F1500 X78.952 Y111.761 E1426.29534
G0 F9000 X79.565 Y111.809
G1 F1500 X90.595 Y122.839 E1426.81415
G0 F9000 X91.16 Y122.839
G1 F1500 X80.178 Y111.856 E1427.33074
G0 F9000 X80.791 Y111.903
G1 F1500 X91.726 Y122.839 E1427.84511
G0 F9000 X92.292 Y122.839
G1 F1500 X81.404 Y111.951 E1428.35725
G0 F9000 X81.997 Y111.978
G1 F1500 X92.857 Y122.839 E1428.86809
G0 F9000 X93.423 Y122.839
G1 F1500 X82.578 Y111.993 E1429.37823
G0 F9000 X83.158 Y112.008
G1 F1500 X93.989 Y122.839 E1429.88769
G0 F9000 X94.555 Y122.839
G1 F1500 X83.739 Y112.024 E1430.39642
G0 F9000 X84.32 Y112.038
G1 F1500 X95.12 Y122.839 E1430.90444
G0 F9000 X95.686 Y122.839
G1 F1500 X84.9 Y112.053 E1431.41178
G0 F9000 X85.482 Y112.069
G1 F1500 X96.252 Y122.839 E1431.91837
G0 F9000 X96.817 Y122.839
G1 F1500 X86.062 Y112.084 E1432.42425
G0 F9000 X86.643 Y112.099
G1 F1500 X97.383 Y122.839 E1432.92943
G0 F9000 X97.949 Y122.839
G1 F1500 X87.223 Y112.113 E1433.43394
G0 F9000 X87.804 Y112.129
G1 F1500 X98.514 Y122.839 E1433.93771
G0 F9000 X99.08 Y122.839
G1 F1500 X88.385 Y112.144 E1434.44077
G0 F9000 X88.966 Y112.159
G1 F1500 X99.646 Y122.839 E1434.94312
G0 F9000 X100.211 Y122.839
G1 F1500 X89.532 Y112.159 E1435.44545
G0 F9000 X90.098 Y112.159
G1 F1500 X100.777 Y122.839 E1435.94779
G0 F9000 X101.343 Y122.839
G1 F1500 X90.663 Y112.159 E1436.45014
G0 F9000 X91.229 Y112.159
G1 F1500 X101.908 Y122.839 E1436.95247
G0 F9000 X102.474 Y122.839
G1 F1500 X91.795 Y112.159 E1437.4548
G0 F9000 X92.36 Y112.159
G1 F1500 X103.04 Y122.839 E1437.95716
G0 F9000 X103.605 Y122.839
G1 F1500 X92.926 Y112.159 E1438.45949
G0 F9000 X93.492 Y112.159
G1 F1500 X104.171 Y122.839 E1438.96182
G0 F9000 X104.737 Y122.839
G1 F1500 X94.057 Y112.159 E1439.46417
G0 F9000 X94.623 Y112.159
G1 F1500 X105.303 Y122.839 E1439.96653
G0 F9000 X105.868 Y122.839
G1 F1500 X95.189 Y112.159 E1440.46886
G0 F9000 X95.754 Y112.159
G1 F1500 X106.434 Y122.839 E1440.97121
G0 F9000 X107 Y122.839
G1 F1500 X96.32 Y112.159 E1441.47357
G0 F9000 X96.886 Y112.159
G1 F1500 X107.565 Y122.839 E1441.9759
G0 F9000 X108.131 Y122.839
G1 F1500 X97.452 Y112.159 E1442.47823
G0 F9000 X98.017 Y112.159
G1 F1500 X108.697 Y122.839 E1442.98058
G0 F9000 X109.262 Y122.839
G1 F1500 X98.583 Y112.159 E1443.48291
G0 F9000 X99.149 Y112.159
G1 F1500 X109.828 Y122.839 E1443.98525
G0 F9000 X110.394 Y122.839
G1 F1500 X99.714 Y112.159 E1444.4876
G0 F9000 X100.28 Y112.159
G1 F1500 X110.959 Y122.839 E1444.98993
G0 F9000 X111.525 Y122.839
G1 F1500 X100.846 Y112.159 E1445.49226
G0 F9000 X101.411 Y112.159
G1 F1500 X112.091 Y122.839 E1445.99462
G0 F9000 X112.656 Y122.839
G1 F1500 X101.977 Y112.159 E1446.49695
G0 F9000 X102.543 Y112.159
G1 F1500 X113.222 Y122.839 E1446.99928
G0 F9000 X113.788 Y122.839
G1 F1500 X103.108 Y112.159 E1447.50163
G0 F9000 X103.674 Y112.159
G1 F1500 X114.354 Y122.839 E1448.00399
G0 F9000 X114.919 Y122.839
G1 F1500 X104.24 Y112.159 E1448.50632
G0 F9000 X104.805 Y112.159
G1 F1500 X115.485 Y122.839 E1449.00867
G0 F9000 X116.051 Y122.839
G1 F1500 X105.371 Y112.159 E1449.51103
G0 F9000 X105.937 Y112.159
G1 F1500 X116.616 Y122.839 E1450.01336
G0 F9000 X117.182 Y122.839
G1 F1500 X106.503 Y112.159 E1450.51569
G0 F9000 X107.068 Y112.159
G1 F1500 X117.748 Y122.839 E1451.01804
G0 F9000 X118.313 Y122.839
G1 F1500 X107.634 Y112.159 E1451.52037
G0 F9000 X108.2 Y112.159
G1 F1500 X118.879 Y122.839 E1452.02271
G0 F9000 X119.445 Y122.839
G1 F1500 X108.765 Y112.159 E1452.52506
G0 F9000 X109.331 Y112.159
G1 F1500 X120.01 Y122.839 E1453.02739
G0 F9000 X120.576 Y122.839
G1 F1500 X109.897 Y112.159 E1453.52972
G0 F9000 X110.462 Y112.159
G1 F1500 X121.142 Y122.839 E1454.03208
G0 F9000 X121.707 Y122.839
G1 F1500 X111.028 Y112.159 E1454.53441
G0 F9000 X111.594 Y112.159
G1 F1500 X122.273 Y122.839 E1455.03674
G0 F9000 X122.839 Y122.839
G1 F1500 X112.159 Y112.159 E1455.53909
G0 F9000 X112.725 Y112.159
G1 F1500 X123.404 Y122.839 E1456.04142
G0 F9000 X123.97 Y122.839
G1 F1500 X113.291 Y112.159 E1456.54375
G0 F9000 X113.856 Y112.159
G1 F1500 X124.536 Y122.839 E1457.04611
G0 F9000 X125.102 Y122.839
G1 F1500 X114.422 Y112.159 E1457.54846
G0 F9000 X114.988 Y112.159
G1 F1500 X125.667 Y122.839 E1458.05079
G0 F9000 X126.233 Y122.839
G1 F1500 X115.553 Y112.159 E1458.55315
G0 F9000 X116.119 Y112.159
G1 F1500 X126.799 Y122.839 E1459.0555
G0 F9000 X127.364 Y122.839
G1 F1500 X116.685 Y112.159 E1459.55783
G0 F9000 X117.251 Y112.159
G1 F1500 X127.93 Y122.839 E1460.06016
G0 F9000 X128.496 Y122.839
G1 F1500 X117.817 Y112.16 E1460.56247
G0 F9000 X118.383 Y112.16
G1 F1500 X129.061 Y122.839 E1461.06476
G0 F9000 X129.627 Y122.839
G1 F1500 X118.948 Y112.16 E1461.56706
G0 F9000 X119.514 Y112.16
G1 F1500 X130.193 Y122.839 E1462.06937
G0 F9000 X130.758 Y122.839
G1 F1500 X120.08 Y112.16 E1462.57165
G0 F9000 X120.645 Y112.16
G1 F1500 X131.324 Y122.839 E1463.07396
G0 F9000 X131.89 Y122.839
G1 F1500 X121.211 Y112.16 E1463.57627
G0 F9000 X121.777 Y112.16
G1 F1500 X132.455 Y122.839 E1464.07855
G0 F9000 X133.021 Y122.839
G1 F1500 X122.342 Y112.16 E1464.58086
G0 F9000 X122.908 Y112.16
G1 F1500 X133.587 Y122.839 E1465.08317
G0 F9000 X134.153 Y122.839
G1 F1500 X123.474 Y112.16 E1465.58548
G0 F9000 X124.039 Y112.16
G1 F1500 X134.718 Y122.839 E1466.08778
G0 F9000 X135.284 Y122.839
G1 F1500 X124.605 Y112.16 E1466.59009
G0 F9000 X125.171 Y112.16
G1 F1500 X135.85 Y122.839 E1467.0924
G0 F9000 X136.415 Y122.839
G1 F1500 X125.737 Y112.16 E1467.59468
G0 F9000 X126.302 Y112.16
G1 F1500 X136.981 Y122.839 E1468.09699
G0 F9000 X137.547 Y122.839
G1 F1500 X126.868 Y112.16 E1468.5993
G0 F9000 X127.434 Y112.16
G1 F1500 X138.112 Y122.839 E1469.10158
G0 F9000 X138.678 Y122.839
G1 F1500 X127.999 Y112.16 E1469.60389
G0 F9000 X128.565 Y112.16
G1 F1500 X139.244 Y122.839 E1470.1062
G0 F9000 X139.809 Y122.839
G1 F1500 X129.131 Y112.16 E1470.60848
G0 F9000 X129.696 Y112.16
G1 F1500 X140.375 Y122.839 E1471.11079
G0 F9000 X140.941 Y122.839
G1 F1500 X130.262 Y112.16 E1471.61309
G0 F9000 X130.828 Y112.16
G1 F1500 X141.506 Y122.839 E1472.11538
G0 F9000 X142.072 Y122.839
G1 F1500 X131.393 Y112.16 E1472.61769
G0 F9000 X131.959 Y112.16
G1 F1500 X142.638 Y122.839 E1473.11999
G0 F9000 X143.203 Y122.839
G1 F1500 X132.525 Y112.16 E1473.62228
G0 F9000 X133.09 Y112.16
G1 F1500 X143.769 Y122.839 E1474.12458
G0 F9000 X144.335 Y122.839
G1 F1500 X133.656 Y112.16 E1474.62689
G0 F9000 X134.222 Y112.16
G1 F1500 X144.901 Y122.839 E1475.1292
G0 F9000 X145.466 Y122.839
G1 F1500 X134.787 Y112.16 E1475.63151
G0 F9000 X135.353 Y112.16
G1 F1500 X146.033 Y122.84 E1476.13386
G0 F9000 X146.613 Y122.854
G1 F1500 X135.919 Y112.16 E1476.63687
G0 F9000 X136.485 Y112.16
G1 F1500 X147.194 Y122.869 E1477.14059
G0 F9000 X147.774 Y122.884
G1 F1500 X137.05 Y112.16 E1477.64502
G0 F9000 X137.616 Y112.16
G1 F1500 X148.355 Y122.899 E1478.15015
G0 F9000 X148.935 Y122.914
G1 F1500 X138.182 Y112.16 E1478.65596
G0 F9000 X138.747 Y112.16
G1 F1500 X149.517 Y122.929 E1479.16252
G0 F9000 X150.097 Y122.944
G1 F1500 X139.313 Y112.16 E1479.66977
G0 F9000 X139.879 Y112.16
G1 F1500 X150.678 Y122.959 E1480.17772
G0 F9000 X151.258 Y122.974
G1 F1500 X140.444 Y112.16 E1480.68638
G0 F9000 X141.01 Y112.16
G1 F1500 X151.839 Y122.989 E1481.19574
G0 F9000 X152.419 Y123.004
G1 F1500 X141.576 Y112.16 E1481.70579
G0 F9000 X142.141 Y112.16
G1 F1500 X153 Y123.019 E1482.21656
G0 F9000 X153.592 Y123.045
G1 F1500 X142.707 Y112.16 E1482.72856
G0 F9000 X143.273 Y112.16
G1 F1500 X154.205 Y123.093 E1483.24279
G0 F9000 X154.818 Y123.14
G1 F1500 X143.838 Y112.16 E1483.75925
G0 F9000 X144.404 Y112.16
G1 F1500 X155.432 Y123.188 E1484.27798
G0 F9000 X156.045 Y123.235
G1 F1500 X144.97 Y112.16 E1484.79891
G0 F9000 X145.536 Y112.16
G1 F1500 X156.659 Y123.284 E1485.32213
G0 F9000 X157.272 Y123.331
G1 F1500 X146.1 Y112.159 E1485.84762
G0 F9000 X146.651 Y112.145
G1 F1500 X157.886 Y123.379 E1486.37606
G0 F9000 X158.499 Y123.426
G1 F1500 X147.202 Y112.13 E1486.90741
G0 F9000 X147.754 Y112.116
G1 F1500 X159.113 Y123.474 E1487.44168
G0 F9000 X159.726 Y123.522
G1 F1500 X148.305 Y112.101 E1487.97889
G0 F9000 X148.857 Y112.087
G1 F1500 X160.339 Y123.57 E1488.51899
G0 F9000 X160.966 Y123.631
G1 F1500 X149.408 Y112.073 E1489.06264
G0 F9000 X149.96 Y112.059
G1 F1500 X161.617 Y123.716 E1489.61095
G0 F9000 X162.266 Y123.8
G1 F1500 X150.511 Y112.044 E1490.1639
G0 F9000 X151.062 Y112.03
G1 F1500 X162.916 Y123.884 E1490.72147
G0 F9000 X163.566 Y123.968
G1 F1500 X151.614 Y112.016 E1491.28366
G0 F9000 X152.165 Y112.002
G1 F1500 X164.216 Y124.052 E1491.85048
G0 F9000 X164.866 Y124.136
G1 F1500 X152.717 Y111.988 E1492.4219
G0 F9000 X153.268 Y111.973
G1 F1500 X165.516 Y124.22 E1492.99799
G0 F9000 X166.165 Y124.305
G1 F1500 X153.797 Y111.936 E1493.57977
G0 F9000 X154.322 Y111.896
G1 F1500 X166.816 Y124.389 E1494.16742
G0 F9000 X167.466 Y124.474
G1 F1500 X154.847 Y111.855 E1494.76098
G0 F9000 X155.372 Y111.814
G1 F1500 X168.123 Y124.565 E1495.36075
G0 F9000 X168.814 Y124.691
G1 F1500 X155.897 Y111.773 E1495.96835
G0 F9000 X156.422 Y111.733
G1 F1500 X169.506 Y124.817 E1496.58378
G0 F9000 X170.198 Y124.943
G1 F1500 X156.947 Y111.692 E1497.20707
G0 F9000 X157.472 Y111.652
G1 F1500 X170.89 Y125.07 E1497.83821
G0 F9000 X171.582 Y125.196
G1 F1500 X157.997 Y111.611 E1498.4772
G0 F9000 X158.522 Y111.57
G1 F1500 X172.273 Y125.321 E1499.12401
G0 F9000 X172.966 Y125.448
G1 F1500 X159.047 Y111.529 E1499.77872
G0 F9000 X159.572 Y111.489
G1 F1500 X173.657 Y125.574 E1500.44123
G0 F9000 X174.349 Y125.7
G1 F1500 X160.097 Y111.448 E1501.1116
G0 F9000 X160.622 Y111.408
G1 F1500 X175.041 Y125.826 E1501.7898
G0 F9000 X175.619 Y125.839
G1 F1500 X161.126 Y111.345 E1502.47153
G0 F9000 X161.626 Y111.28
G1 F1500 X176.185 Y125.839 E1503.15634
G0 F9000 X176.751 Y125.839
G1 F1500 X162.128 Y111.216 E1503.84417
G0 F9000 X162.628 Y111.151
G1 F1500 X177.316 Y125.839 E1504.53504
G0 F9000 X177.882 Y125.839
G1 F1500 X163.129 Y111.086 E1505.22898
G0 F9000 X163.63 Y111.021
G1 F1500 X178.448 Y125.839 E1505.92597
G0 F9000 X179.013 Y125.839
G1 F1500 X164.131 Y110.957 E1506.62598
G0 F9000 X164.632 Y110.892
G1 F1500 X179.579 Y125.839 E1507.32904
G0 F9000 X180.145 Y125.839
G1 F1500 X165.132 Y110.826 E1508.0352
G0 F9000 X165.634 Y110.762
G1 F1500 X180.711 Y125.839 E1508.74438
G0 F9000 X181.276 Y125.839
G1 F1500 X166.134 Y110.697 E1509.45661
G0 F9000 X166.635 Y110.632
G1 F1500 X181.842 Y125.839 E1510.1719
G0 F9000 X182.408 Y125.839
G1 F1500 X167.136 Y110.568 E1510.89023
G0 F9000 X167.637 Y110.503
G1 F1500 X182.973 Y125.839 E1511.61159
G0 F9000 X183.539 Y125.839
G1 F1500 X168.133 Y110.433 E1512.33624
G0 F9000 X168.611 Y110.346
G1 F1500 X184.105 Y125.839 E1513.065
G0 F9000 X184.67 Y125.839
G1 F1500 X169.089 Y110.258 E1513.79789
G0 F9000 X169.568 Y110.171
G1 F1500 X185.236 Y125.839 E1514.53486
G0 F9000 X185.802 Y125.839
G1 F1500 X170.046 Y110.083 E1515.27598
G0 F9000 X170.525 Y109.996
G1 F1500 X186.367 Y125.839 E1516.02116
G0 F9000 X186.933 Y125.839
G1 F1500 X171.003 Y109.909 E1516.77046
G0 F9000 X171.481 Y109.822
G1 F1500 X187.499 Y125.839 E1517.52387
G0 F9000 X188.064 Y125.839
G1 F1500 X171.959 Y109.734 E1518.2814
G0 F9000 X172.438 Y109.647
G1 F1500 X188.63 Y125.839 E1519.04302
G0 F9000 X189.196 Y125.839
G1 F1500 X172.917 Y109.56 E1519.80874
G0 F9000 X173.395 Y109.472
G1 F1500 X189.762 Y125.839 E1520.57859
G0 F9000 X190.327 Y125.839
G1 F1500 X173.874 Y109.385 E1521.35251
G0 F9000 X174.352 Y109.298
G1 F1500 X190.893 Y125.839 E1522.13055
G0 F9000 X191.459 Y125.839
G1 F1500 X174.83 Y109.211 E1522.9127
G0 F9000 X175.345 Y109.16
G1 F1500 X192.024 Y125.839 E1523.69723
G0 F9000 X192.59 Y125.839
G1 F1500 X175.911 Y109.16 E1524.48176
G0 F9000 X176.476 Y109.16
G1 F1500 X193.156 Y125.839 E1525.26631
G0 F9000 X193.721 Y125.839
G1 F1500 X177.042 Y109.16 E1526.05084
G0 F9000 X177.608 Y109.16
G1 F1500 X194.287 Y125.839 E1526.83537
G0 F9000 X194.853 Y125.839
G1 F1500 X178.173 Y109.16 E1527.61992
G0 F9000 X178.739 Y109.16
G1 F1500 X195.418 Y125.839 E1528.40445
G0 F9000 X195.984 Y125.839
G1 F1500 X179.305 Y109.16 E1529.18898
G0 F9000 X179.87 Y109.16
G1 F1500 X196.55 Y125.839 E1529.97354
G0 F9000 X197.115 Y125.839
G1 F1500 X180.436 Y109.16 E1530.75806
G0 F9000 X181.002 Y109.16
G1 F1500 X197.681 Y125.839 E1531.54259
G0 F9000 X198.247 Y125.839
G1 F1500 X181.568 Y109.16 E1532.32712
G0 F9000 X182.133 Y109.16
G1 F1500 X198.812 Y125.839 E1533.11165
G0 F9000 X198.839 Y125.3
G1 F1500 X182.699 Y109.16 E1533.87083
G0 F9000 X183.265 Y109.16
G1 F1500 X198.839 Y124.734 E1534.60338
G0 F9000 X198.839 Y124.168
G1 F1500 X183.83 Y109.16 E1535.30933
G0 F9000 X184.396 Y109.16
G1 F1500 X198.839 Y123.602 E1535.98867
G0 F9000 X198.839 Y123.037
G1 F1500 X184.962 Y109.16 E1536.6414
G0 F9000 X185.527 Y109.16
G1 F1500 X198.839 Y122.471 E1537.26753
G0 F9000 X198.839 Y121.905
G1 F1500 X186.093 Y109.16 E1537.86704
G0 F9000 X186.659 Y109.16
G1 F1500 X198.839 Y121.34 E1538.43995
G0 F9000 X198.839 Y120.774
G1 F1500 X187.224 Y109.16 E1538.98626
G0 F9000 X187.79 Y109.16
G1 F1500 X198.839 Y120.208 E1539.50595
G0 F9000 X198.839 Y119.643
G1 F1500 X188.356 Y109.16 E1539.99903
G0 F9000 X188.921 Y109.16
G1 F1500 X198.839 Y119.077 E1540.46552
G0 F9000 X198.839 Y118.511
G1 F1500 X189.487 Y109.16 E1540.90539
G0 F9000 X190.053 Y109.16
G1 F1500 X198.839 Y117.946 E1541.31866
G0 F9000 X198.839 Y117.38
G1 F1500 X190.619 Y109.16 E1541.7053
G0 F9000 X191.184 Y109.16
G1 F1500 X198.839 Y116.814 E1542.06534
G0 F9000 X198.839 Y116.249
G1 F1500 X191.75 Y109.16 E1542.39879
G0 F9000 X192.316 Y109.16
G1 F1500 X198.839 Y115.683 E1542.70561
G0 F9000 X198.839 Y115.117
G1 F1500 X192.881 Y109.16 E1542.98583
G0 F9000 X193.447 Y109.16
G1 F1500 X198.839 Y114.552 E1543.23946
G0 F9000 X198.839 Y113.986
G1 F1500 X194.013 Y109.16 E1543.46646
G0 F9000 X194.578 Y109.16
G1 F1500 X198.839 Y113.42 E1543.66686
G0 F9000 X198.839 Y112.854
G1 F1500 X195.144 Y109.16 E1543.84063
G0 F9000 X195.71 Y109.16
G1 F1500 X198.839 Y112.289 E1543.98781
G0 F9000 X198.839 Y111.723
G1 F1500 X196.275 Y109.16 E1544.10839
G0 F9000 X196.841 Y109.16
G1 F1500 X198.839 Y111.157 E1544.20235
G0 F9000 X198.839 Y110.592
G1 F1500 X197.407 Y109.16 E1544.26971
G0 F9000 X197.972 Y109.16
G1 F1500 X198.839 Y110.026 E1544.31046
G0 F9000 X198.839 Y109.46
G1 F1500 X198.538 Y109.16 E1544.3246
G1 F2700 E1539.3246
;MESH:NONMESH
G0 F300 X198.538 Y109.16 Z1.6
G0 F9000 X198.538 Y108.7
G0 X199.228 Y108.772
G0 X199.228 Y126.228 ;T9.452 R8.000 A1.570 C421.66713599999986 FILLET CORNER
G0 X175.072 Y126.239 ;T-79.003 R8.000 A0.155 C54.41318300000038 FILLET CORNER
G0 X160.635 Y123.993 ;T-140.840 R8.000 A0.103 C-12.441265000000161 FILLET CORNER
G0 X152.351 Y123.566 ;T-318.973 R8.000 A0.049 C-25.682137999999554 FILLET CORNER
G0 X88.985 Y123.4
;TIME_ELAPSED:2181.606384
;LAYER:7
;TYPE:WALL-INNER
;MESH:D638-22 Type I Tensile Specimen.STL
G1 F2700 E1544.3246
G1 F1500 X146.017 Y123.4 E1546.22149
G1 X153.345 Y123.589 E1546.4653
G1 X160.654 Y124.156 E1546.70913
G1 X167.896 Y125.094 E1546.95201
G1 X175.057 Y126.4 E1547.19412
G1 X199.4 Y126.4 E1548.00377 ;T16.343 R8.000 A1.571 C-216.6527000000003 FILLET CORNER
G1 X199.4 Y117.5 E1548.29978
G1 X199.4 Y108.6 E1548.5958 ;T0.900 R8.000 A1.571 C-216.67050000000012 FILLET CORNER
G1 X175.055 Y108.6 E1549.40552
G1 X167.894 Y109.906 E1549.64762
G1 X160.654 Y110.844 E1549.89044
G1 X153.343 Y111.411 E1550.13433
G1 X146.015 Y111.6 E1550.37814
G1 X88.983 Y111.6 E1552.27503
G1 X81.655 Y111.411 E1552.51885
G1 X74.346 Y110.844 E1552.76268
G1 X67.104 Y109.906 E1553.00556
G1 X59.943 Y108.6 E1553.24766
G1 X35.6 Y108.6 E1554.05731 ;T16.343 R8.000 A1.571 C-433.3054000000002 FILLET CORNER
G1 X35.6 Y126.4 E1554.64934 ;T9.800 R8.000 A1.571 C-433.34100000000024 FILLET CORNER
G1 X59.945 Y126.4 E1555.45906
G1 X67.106 Y125.094 E1555.70117
G1 X74.346 Y124.156 E1555.94398
G1 X81.657 Y123.589 E1556.18788
G1 X88.985 Y123.4 E1556.43169
G1 F2700 E1551.43169
G0 F9000 X74.325 Y123.997 ;T-125.765 R8.000 A0.114 C-24.273905000000138 FILLET CORNER
G0 X59.93 Y126.239 ;T-88.476 R8.000 A0.155 C54.320581000000246 FILLET CORNER
G0 X35.772 Y126.228 ;T16.154 R8.000 A1.570 C421.70204799999976 FILLET CORNER
G0 X35.772 Y108.772 ;T9.452 R8.000 A1.570 C421.6671359999997 FILLET CORNER
G0 X59.928 Y108.761 ;T-79.048 R8.000 A0.155 C44.044209000000066 FILLET CORNER
G0 X71.619 Y110.579 ;T-166.367 R8.000 A0.090 C-18.44317799999996 FILLET CORNER
G0 X88.979 Y111.701
G1 F2700 E1556.43169
G0 F9000 X88.993 Y111.2
;TYPE:WALL-OUTER
G1 F1500 X146.005 Y111.2 E1558.32791
G1 X153.302 Y111.012 E1558.57069
G1 X160.592 Y110.448 E1558.81389
G1 X167.842 Y109.509 E1559.05704
G1 X175.019 Y108.2 E1559.29968
G1 X199.8 Y108.2 E1560.1239 ;T16.781 R8.000 A1.571 C230.46329999999998 FILLET CORNER
G1 X199.8 Y117.5 E1560.43322
G1 X199.8 Y126.8 E1560.74254 ;T1.300 R8.000 A1.571 C230.44470000000015 FILLET CORNER
G1 X175.021 Y126.8 E1561.56669
G1 X167.854 Y125.493 E1561.809
G1 X160.602 Y124.553 E1562.05222
G1 X153.314 Y123.988 E1562.29535
G1 X146.007 Y123.8 E1562.53846
G1 X88.995 Y123.8 E1564.43469
G1 X81.698 Y123.988 E1564.67747
G1 X74.408 Y124.552 E1564.92066
G1 X67.158 Y125.491 E1565.16381
G1 X59.981 Y126.8 E1565.40645
G1 X35.2 Y126.8 E1566.23067 ;T16.781 R8.000 A1.571 C460.92659999999984 FILLET CORNER
G1 X35.2 Y108.2 E1566.84931 ;T10.600 R8.000 A1.571 C460.8893999999998 FILLET CORNER
G1 X59.979 Y108.2 E1567.67346
G1 X67.146 Y109.507 E1567.91577
G1 X74.398 Y110.447 E1568.15899
G1 X81.686 Y111.012 E1568.40212
G1 X88.993 Y111.2 E1568.64523
G0 F9000 X88.975 Y111.96
;TYPE:SKIN
G1 F1500 X146.024 Y111.96 E1570.54269
G1 X153.321 Y111.772 E1570.78547
G1 X160.651 Y111.206 E1571.02999
G1 X167.981 Y110.257 E1571.27582
G1 X175.089 Y108.96 E1571.51614
G1 X199.04 Y108.96 E1572.31275 ;T15.951 R8.000 A1.571 C204.54154000000008 FILLET CORNER
G1 X199.04 Y117.5 E1572.59679
G1 X199.04 Y126.04 E1572.88083 ;T0.540 R8.000 A1.571 C204.51591999999997 FILLET CORNER
G1 X175.092 Y126.04 E1573.67735
G1 X167.99 Y124.744 E1573.91746
G1 X160.7 Y123.799 E1574.16196
G1 X153.372 Y123.23 E1574.40642
G1 X146.027 Y123.04 E1574.6508
G1 X88.977 Y123.04 E1576.54829
G1 X81.64 Y123.23 E1576.7924
G1 X74.347 Y123.794 E1577.03569
G1 X67.023 Y124.742 E1577.28132
G1 X59.911 Y126.04 E1577.52177
G1 X35.96 Y126.04 E1578.31839 ;T15.951 R8.000 A1.571 C409.08308000000034 FILLET CORNER
G1 X35.96 Y108.96 E1578.88647 ;T9.080 R8.000 A1.571 C409.03184000000033 FILLET CORNER
G1 X59.908 Y108.96 E1579.68298
G1 X67.01 Y110.256 E1579.9231
G1 X74.335 Y111.205 E1580.16876
G1 X81.629 Y111.77 E1580.41209
G1 X88.975 Y111.96 E1580.6565
G1 F2700 E1575.6565
G0 F9000 X88.979 Y111.701
G0 X69.848 Y110.443 ;T-137.099 R8.000 A0.102 C19.698982000000086 FILLET CORNER
G0 X59.928 Y108.761 ;T-86.461 R8.000 A0.165 C-39.26837200000011 FILLET CORNER
G0 X36.222 Y108.7
G1 F2700 E1580.6565
G0 F9000 X36.222 Y109.158
G1 F1500 X36.16 Y109.221 E1580.65944
G0 F9000 X36.16 Y109.786
G1 F1500 X36.787 Y109.158 E1580.68896
G0 F9000 X37.353 Y109.158
G1 F1500 X36.16 Y110.352 E1580.7451
G0 F9000 X36.16 Y110.918
G1 F1500 X37.919 Y109.158 E1580.82786
G0 F9000 X38.484 Y109.158
G1 F1500 X36.16 Y111.483 E1580.93719
G0 F9000 X36.16 Y112.049
G1 F1500 X39.05 Y109.158 E1581.07315
G0 F9000 X39.616 Y109.158
G1 F1500 X36.16 Y112.615 E1581.23574
G0 F9000 X36.16 Y113.18
G1 F1500 X40.182 Y109.158 E1581.42492
G0 F9000 X40.747 Y109.158
G1 F1500 X36.16 Y113.746 E1581.6407
G0 F9000 X36.16 Y114.312
G1 F1500 X41.313 Y109.158 E1581.88311
G0 F9000 X41.879 Y109.158
G1 F1500 X36.16 Y114.877 E1582.15211
G0 F9000 X36.16 Y115.443
G1 F1500 X42.444 Y109.158 E1582.44772
G0 F9000 X43.01 Y109.158
G1 F1500 X36.16 Y116.009 E1582.76994
G0 F9000 X36.16 Y116.575
G1 F1500 X43.576 Y109.158 E1583.11879
G0 F9000 X44.141 Y109.158
G1 F1500 X36.16 Y117.14 E1583.49422
G0 F9000 X36.16 Y117.706
G1 F1500 X44.707 Y109.158 E1583.89626
G0 F9000 X45.273 Y109.158
G1 F1500 X36.16 Y118.272 E1584.32494
G0 F9000 X36.16 Y118.837
G1 F1500 X45.838 Y109.158 E1584.78018
G0 F9000 X46.404 Y109.158
G1 F1500 X36.16 Y119.403 E1585.26205
G0 F9000 X36.16 Y119.969
G1 F1500 X46.97 Y109.158 E1585.77055
G0 F9000 X47.535 Y109.158
G1 F1500 X36.16 Y120.534 E1586.30561
G0 F9000 X36.16 Y121.1
G1 F1500 X48.101 Y109.158 E1586.86731
G0 F9000 X48.667 Y109.158
G1 F1500 X36.16 Y121.666 E1587.45562
G0 F9000 X36.16 Y122.231
G1 F1500 X49.233 Y109.158 E1588.07053
G0 F9000 X49.798 Y109.158
G1 F1500 X36.16 Y122.797 E1588.71205
G0 F9000 X36.16 Y123.363
G1 F1500 X50.364 Y109.158 E1589.38018
G0 F9000 X50.93 Y109.158
G1 F1500 X36.16 Y123.928 E1590.07492
G0 F9000 X36.16 Y124.494
G1 F1500 X51.495 Y109.158 E1590.79625
G0 F9000 X52.061 Y109.158
G1 F1500 X36.16 Y125.06 E1591.54421
G0 F9000 X36.16 Y125.626
G1 F1500 X52.627 Y109.158 E1592.31879
G0 F9000 X53.192 Y109.158
G1 F1500 X36.512 Y125.839 E1593.10339
G0 F9000 X37.077 Y125.839
G1 F1500 X53.758 Y109.158 E1593.88801
G0 F9000 X54.324 Y109.158
G1 F1500 X37.643 Y125.839 E1594.67264
G0 F9000 X38.209 Y125.839
G1 F1500 X54.889 Y109.158 E1595.45724
G0 F9000 X55.455 Y109.158
G1 F1500 X38.774 Y125.839 E1596.24186
G0 F9000 X39.34 Y125.839
G1 F1500 X56.021 Y109.158 E1597.02648
G0 F9000 X56.586 Y109.158
G1 F1500 X39.906 Y125.839 E1597.81108
G0 F9000 X40.471 Y125.839
G1 F1500 X57.152 Y109.158 E1598.59571
G0 F9000 X57.718 Y109.158
G1 F1500 X41.037 Y125.839 E1599.38033
G0 F9000 X41.603 Y125.839
G1 F1500 X58.283 Y109.158 E1600.16493
G0 F9000 X58.849 Y109.158
G1 F1500 X42.169 Y125.839 E1600.94953
G0 F9000 X42.734 Y125.839
G1 F1500 X59.415 Y109.158 E1601.73415
G0 F9000 X59.966 Y109.173
G1 F1500 X43.3 Y125.839 E1602.51807
G0 F9000 X43.866 Y125.839
G1 F1500 X60.444 Y109.26 E1603.29787
G0 F9000 X60.923 Y109.347
G1 F1500 X44.431 Y125.839 E1604.0736
G0 F9000 X44.997 Y125.839
G1 F1500 X61.401 Y109.435 E1604.8452
G0 F9000 X61.88 Y109.522
G1 F1500 X45.563 Y125.839 E1605.6127
G0 F9000 X46.128 Y125.839
G1 F1500 X62.359 Y109.609 E1606.37613
G0 F9000 X62.837 Y109.697
G1 F1500 X46.694 Y125.839 E1607.13543
G0 F9000 X47.26 Y125.839
G1 F1500 X63.315 Y109.783 E1607.89063
G0 F9000 X63.793 Y109.871
G1 F1500 X47.825 Y125.839 E1608.64171
G0 F9000 X48.391 Y125.839
G1 F1500 X64.272 Y109.958 E1609.38871
G0 F9000 X64.75 Y110.046
G1 F1500 X48.957 Y125.839 E1610.13156
G0 F9000 X49.522 Y125.839
G1 F1500 X65.229 Y110.133 E1610.87035
G0 F9000 X65.707 Y110.22
G1 F1500 X50.088 Y125.839 E1611.60502
G0 F9000 X50.654 Y125.839
G1 F1500 X66.185 Y110.307 E1612.33557
G0 F9000 X66.664 Y110.394
G1 F1500 X51.219 Y125.839 E1613.06206
G0 F9000 X51.785 Y125.839
G1 F1500 X67.149 Y110.475 E1613.78473
G0 F9000 X67.651 Y110.539
G1 F1500 X52.351 Y125.839 E1614.5044
G0 F9000 X52.917 Y125.839
G1 F1500 X68.151 Y110.604 E1615.22098
G0 F9000 X68.652 Y110.669
G1 F1500 X53.482 Y125.839 E1615.93453
G0 F9000 X54.048 Y125.839
G1 F1500 X69.153 Y110.734 E1616.64502
G0 F9000 X69.654 Y110.799
G1 F1500 X54.614 Y125.839 E1617.35246
G0 F9000 X55.179 Y125.839
G1 F1500 X70.155 Y110.863 E1618.05689
G0 F9000 X70.656 Y110.928
G1 F1500 X55.745 Y125.839 E1618.75825
G0 F9000 X56.311 Y125.839
G1 F1500 X71.156 Y110.993 E1619.45654
G0 F9000 X71.658 Y111.058
G1 F1500 X56.876 Y125.839 E1620.15182
G0 F9000 X57.442 Y125.839
G1 F1500 X72.158 Y111.123 E1620.84401
G0 F9000 X72.66 Y111.187
G1 F1500 X58.008 Y125.839 E1621.5332
G0 F9000 X58.573 Y125.839
G1 F1500 X73.16 Y111.252 E1622.21932
G0 F9000 X73.661 Y111.317
G1 F1500 X59.139 Y125.839 E1622.90239
G0 F9000 X59.705 Y125.839
G1 F1500 X74.162 Y111.382 E1623.58241
G0 F9000 X74.679 Y111.43
G1 F1500 X60.355 Y125.755 E1624.25619
G0 F9000 X61.046 Y125.629
G1 F1500 X75.204 Y111.471 E1624.92214
G0 F9000 X75.729 Y111.512
G1 F1500 X61.738 Y125.502 E1625.58021
G0 F9000 X62.431 Y125.376
G1 F1500 X76.255 Y111.552 E1626.23045
G0 F9000 X76.779 Y111.593
G1 F1500 X63.123 Y125.249 E1626.87278
G0 F9000 X63.814 Y125.123
G1 F1500 X77.305 Y111.633 E1627.50733
G0 F9000 X77.829 Y111.674
G1 F1500 X64.507 Y124.997 E1628.13398
G0 F9000 X65.199 Y124.87
G1 F1500 X78.355 Y111.715 E1628.75278
G0 F9000 X78.88 Y111.755
G1 F1500 X65.891 Y124.744 E1629.36374
G0 F9000 X66.583 Y124.618
G1 F1500 X79.405 Y111.796 E1629.96685
G0 F9000 X79.93 Y111.836
G1 F1500 X67.257 Y124.51 E1630.56297
G0 F9000 X67.906 Y124.426
G1 F1500 X80.455 Y111.877 E1631.15324
G0 F9000 X80.98 Y111.918
G1 F1500 X68.556 Y124.341 E1631.7376
G0 F9000 X69.206 Y124.257
G1 F1500 X81.506 Y111.958 E1632.31613
G0 F9000 X82.05 Y111.979
G1 F1500 X69.857 Y124.172 E1632.88965
G0 F9000 X70.507 Y124.088
G1 F1500 X82.602 Y111.993 E1633.45856
G0 F9000 X83.153 Y112.007
G1 F1500 X71.156 Y124.004 E1634.02287
G0 F9000 X71.806 Y123.92
G1 F1500 X83.705 Y112.021 E1634.58256
G0 F9000 X84.256 Y112.036
G1 F1500 X72.456 Y123.836 E1635.1376
G0 F9000 X73.106 Y123.752
G1 F1500 X84.807 Y112.05 E1635.688
G0 F9000 X85.359 Y112.065
G1 F1500 X73.756 Y123.667 E1636.23374
G0 F9000 X74.401 Y123.588
G1 F1500 X85.91 Y112.079 E1636.77509
G0 F9000 X86.461 Y112.094
G1 F1500 X75.014 Y123.541 E1637.31352
G0 F9000 X75.627 Y123.494
G1 F1500 X87.013 Y112.108 E1637.84909
G0 F9000 X87.564 Y112.122
G1 F1500 X76.24 Y123.446 E1638.38173
G0 F9000 X76.853 Y123.399
G1 F1500 X88.116 Y112.136 E1638.91151
G0 F9000 X88.667 Y112.15
G1 F1500 X77.466 Y123.351 E1639.43837
G0 F9000 X78.08 Y123.303
G1 F1500 X89.224 Y112.159 E1639.96255
G0 F9000 X89.79 Y112.159
G1 F1500 X78.693 Y123.256 E1640.48452
G0 F9000 X79.306 Y123.209
G1 F1500 X90.356 Y112.159 E1641.00428
G0 F9000 X90.921 Y112.159
G1 F1500 X79.919 Y123.161 E1641.52178
G0 F9000 X80.532 Y123.114
G1 F1500 X91.487 Y112.159 E1642.03707
G0 F9000 X92.053 Y112.159
G1 F1500 X81.145 Y123.066 E1642.55012
G0 F9000 X81.751 Y123.026
G1 F1500 X92.618 Y112.159 E1643.06127
G0 F9000 X93.184 Y112.159
G1 F1500 X82.331 Y123.011 E1643.57174
G0 F9000 X82.912 Y122.996
G1 F1500 X93.75 Y112.159 E1644.0815
G0 F9000 X94.316 Y112.159
G1 F1500 X83.493 Y122.982 E1644.59058
G0 F9000 X84.074 Y122.966
G1 F1500 X94.881 Y112.159 E1645.09891
G0 F9000 X95.447 Y112.159
G1 F1500 X84.654 Y122.951 E1645.60656
G0 F9000 X85.235 Y122.936
G1 F1500 X96.013 Y112.159 E1646.1135
G0 F9000 X96.578 Y112.159
G1 F1500 X85.816 Y122.921 E1646.61971
G0 F9000 X86.397 Y122.906
G1 F1500 X97.144 Y112.159 E1647.12522
G0 F9000 X97.71 Y112.159
G1 F1500 X86.977 Y122.891 E1647.63004
G0 F9000 X87.558 Y122.876
G1 F1500 X98.275 Y112.159 E1648.13414
G0 F9000 X98.841 Y112.159
G1 F1500 X88.139 Y122.861 E1648.63752
G0 F9000 X88.719 Y122.846
G1 F1500 X99.407 Y112.159 E1649.14023
G0 F9000 X99.972 Y112.159
G1 F1500 X89.292 Y122.84 E1649.64261
G0 F9000 X89.857 Y122.84
G1 F1500 X100.538 Y112.159 E1650.14501
G0 F9000 X101.104 Y112.159
G1 F1500 X90.423 Y122.84 E1650.64741
G0 F9000 X90.989 Y122.84
G1 F1500 X101.669 Y112.159 E1651.14979
G0 F9000 X102.235 Y112.159
G1 F1500 X91.554 Y122.84 E1651.65219
G0 F9000 X92.12 Y122.84
G1 F1500 X102.801 Y112.159 E1652.15459
G0 F9000 X103.366 Y112.159
G1 F1500 X92.686 Y122.84 E1652.65697
G0 F9000 X93.251 Y122.84
G1 F1500 X103.932 Y112.159 E1653.15937
G0 F9000 X104.498 Y112.159
G1 F1500 X93.817 Y122.84 E1653.66177
G0 F9000 X94.383 Y122.84
G1 F1500 X105.064 Y112.159 E1654.16418
G0 F9000 X105.629 Y112.159
G1 F1500 X94.948 Y122.84 E1654.66658
G0 F9000 X95.514 Y122.84
G1 F1500 X106.195 Y112.159 E1655.16898
G0 F9000 X106.761 Y112.159
G1 F1500 X96.08 Y122.84 E1655.67138
G0 F9000 X96.645 Y122.84
G1 F1500 X107.326 Y112.159 E1656.17378
G0 F9000 X107.892 Y112.159
G1 F1500 X97.211 Y122.84 E1656.67618
G0 F9000 X97.777 Y122.84
G1 F1500 X108.458 Y112.159 E1657.17858
G0 F9000 X109.023 Y112.159
G1 F1500 X98.342 Y122.84 E1657.68099
G0 F9000 X98.908 Y122.84
G1 F1500 X109.589 Y112.159 E1658.18339
G0 F9000 X110.155 Y112.159
G1 F1500 X99.474 Y122.84 E1658.68579
G0 F9000 X100.04 Y122.84
G1 F1500 X110.72 Y112.159 E1659.18817
G0 F9000 X111.286 Y112.159
G1 F1500 X100.605 Y122.84 E1659.69057
G0 F9000 X101.171 Y122.84
G1 F1500 X111.852 Y112.159 E1660.19297
G0 F9000 X112.417 Y112.159
G1 F1500 X101.737 Y122.84 E1660.69535
G0 F9000 X102.302 Y122.84
G1 F1500 X112.983 Y112.159 E1661.19775
G0 F9000 X113.549 Y112.159
G1 F1500 X102.868 Y122.84 E1661.70015
G0 F9000 X103.434 Y122.84
G1 F1500 X114.115 Y112.159 E1662.20255
G0 F9000 X114.68 Y112.159
G1 F1500 X103.999 Y122.84 E1662.70495
G0 F9000 X104.565 Y122.84
G1 F1500 X115.246 Y112.159 E1663.20736
G0 F9000 X115.812 Y112.159
G1 F1500 X105.131 Y122.84 E1663.70976
G0 F9000 X105.696 Y122.84
G1 F1500 X116.377 Y112.159 E1664.21216
G0 F9000 X116.943 Y112.159
G1 F1500 X106.262 Y122.84 E1664.71456
G0 F9000 X106.828 Y122.84
G1 F1500 X117.508 Y112.159 E1665.21694
G0 F9000 X118.074 Y112.159
G1 F1500 X107.393 Y122.84 E1665.71934
G0 F9000 X107.959 Y122.84
G1 F1500 X118.639 Y112.159 E1666.22172
G0 F9000 X119.205 Y112.159
G1 F1500 X108.525 Y122.84 E1666.7241
G0 F9000 X109.091 Y122.84
G1 F1500 X119.771 Y112.159 E1667.22647
G0 F9000 X120.336 Y112.159
G1 F1500 X109.656 Y122.84 E1667.72885
G0 F9000 X110.222 Y122.84
G1 F1500 X120.902 Y112.159 E1668.23123
G0 F9000 X121.468 Y112.159
G1 F1500 X110.788 Y122.84 E1668.73361
G0 F9000 X111.353 Y122.84
G1 F1500 X122.033 Y112.159 E1669.23599
G0 F9000 X122.599 Y112.159
G1 F1500 X111.919 Y122.84 E1669.73836
G0 F9000 X112.485 Y122.84
G1 F1500 X123.165 Y112.159 E1670.24074
G0 F9000 X123.73 Y112.159
G1 F1500 X113.05 Y122.84 E1670.74312
G0 F9000 X113.616 Y122.84
G1 F1500 X124.296 Y112.159 E1671.2455
G0 F9000 X124.862 Y112.159
G1 F1500 X114.182 Y122.84 E1671.74788
G0 F9000 X114.747 Y122.84
G1 F1500 X125.428 Y112.159 E1672.25028
G0 F9000 X125.993 Y112.159
G1 F1500 X115.313 Y122.84 E1672.75265
G0 F9000 X115.879 Y122.84
G1 F1500 X126.559 Y112.159 E1673.25503
G0 F9000 X127.125 Y112.159
G1 F1500 X116.444 Y122.84 E1673.75743
G0 F9000 X117.01 Y122.84
G1 F1500 X127.69 Y112.159 E1674.25981
G0 F9000 X128.256 Y112.159
G1 F1500 X117.576 Y122.84 E1674.76219
G0 F9000 X118.141 Y122.84
G1 F1500 X128.822 Y112.159 E1675.26459
G0 F9000 X129.387 Y112.159
G1 F1500 X118.707 Y122.84 E1675.76697
G0 F9000 X119.273 Y122.84
G1 F1500 X129.953 Y112.159 E1676.26935
G0 F9000 X130.519 Y112.159
G1 F1500 X119.839 Y122.84 E1676.77173
G0 F9000 X120.404 Y122.84
G1 F1500 X131.084 Y112.159 E1677.2741
G0 F9000 X131.65 Y112.159
G1 F1500 X120.97 Y122.84 E1677.77648
G0 F9000 X121.536 Y122.84
G1 F1500 X132.216 Y112.159 E1678.27886
G0 F9000 X132.781 Y112.159
G1 F1500 X122.101 Y122.84 E1678.78124
G0 F9000 X122.667 Y122.84
G1 F1500 X133.347 Y112.159 E1679.28362
G0 F9000 X133.913 Y112.159
G1 F1500 X123.233 Y122.84 E1679.78599
G0 F9000 X123.798 Y122.84
G1 F1500 X134.478 Y112.159 E1680.28837
G0 F9000 X135.044 Y112.159
G1 F1500 X124.364 Y122.84 E1680.79075
G0 F9000 X124.93 Y122.84
G1 F1500 X135.61 Y112.159 E1681.29313
G0 F9000 X136.176 Y112.159
G1 F1500 X125.495 Y122.84 E1681.79553
G0 F9000 X126.061 Y122.84
G1 F1500 X136.741 Y112.159 E1682.29791
G0 F9000 X137.307 Y112.159
G1 F1500 X126.627 Y122.84 E1682.80028
G0 F9000 X127.192 Y122.84
G1 F1500 X137.873 Y112.159 E1683.30269
G0 F9000 X138.438 Y112.159
G1 F1500 X127.758 Y122.84 E1683.80506
G0 F9000 X128.324 Y122.84
G1 F1500 X139.004 Y112.159 E1684.30744
G0 F9000 X139.57 Y112.159
G1 F1500 X128.89 Y122.84 E1684.80982
G0 F9000 X129.455 Y122.84
G1 F1500 X140.135 Y112.159 E1685.3122
G0 F9000 X140.701 Y112.159
G1 F1500 X130.021 Y122.84 E1685.81458
G0 F9000 X130.587 Y122.84
G1 F1500 X141.267 Y112.159 E1686.31695
G0 F9000 X141.832 Y112.159
G1 F1500 X131.152 Y122.84 E1686.81933
G0 F9000 X131.718 Y122.84
G1 F1500 X142.398 Y112.159 E1687.32171
G0 F9000 X142.964 Y112.159
G1 F1500 X132.284 Y122.84 E1687.82409
G0 F9000 X132.849 Y122.84
G1 F1500 X143.529 Y112.159 E1688.32647
G0 F9000 X144.095 Y112.159
G1 F1500 X133.415 Y122.84 E1688.82884
G0 F9000 X133.981 Y122.84
G1 F1500 X144.661 Y112.159 E1689.33122
G0 F9000 X145.227 Y112.159
G1 F1500 X134.546 Y122.84 E1689.83362
G0 F9000 X135.112 Y122.84
G1 F1500 X145.792 Y112.159 E1690.336
G0 F9000 X146.366 Y112.151
G1 F1500 X135.678 Y122.84 E1690.83876
G0 F9000 X136.243 Y122.84
G1 F1500 X146.947 Y112.136 E1691.34224
G0 F9000 X147.527 Y112.121
G1 F1500 X136.809 Y122.84 E1691.8464
G0 F9000 X137.375 Y122.84
G1 F1500 X148.109 Y112.106 E1692.3513
G0 F9000 X148.689 Y112.091
G1 F1500 X137.94 Y122.84 E1692.8569
G0 F9000 X138.506 Y122.84
G1 F1500 X149.27 Y112.076 E1693.3632
G0 F9000 X149.851 Y112.06
G1 F1500 X139.072 Y122.84 E1693.87024
G0 F9000 X139.638 Y122.84
G1 F1500 X150.432 Y112.046 E1694.37796
G0 F9000 X151.012 Y112.031
G1 F1500 X140.203 Y122.84 E1694.88638
G0 F9000 X140.769 Y122.84
G1 F1500 X151.593 Y112.016 E1695.39551
G0 F9000 X152.174 Y112
G1 F1500 X141.335 Y122.84 E1695.90536
G0 F9000 X141.9 Y122.84
G1 F1500 X152.754 Y111.985 E1696.41593
G0 F9000 X153.335 Y111.971
G1 F1500 X142.466 Y122.84 E1696.92717
G0 F9000 X143.032 Y122.84
G1 F1500 X153.947 Y111.924 E1697.4406
G0 F9000 X154.561 Y111.876
G1 F1500 X143.597 Y122.84 E1697.95631
G0 F9000 X144.163 Y122.84
G1 F1500 X155.174 Y111.828 E1698.47426
G0 F9000 X155.787 Y111.781
G1 F1500 X144.729 Y122.84 E1698.99442
G0 F9000 X145.294 Y122.84
G1 F1500 X156.4 Y111.734 E1699.51681
G0 F9000 X157.013 Y111.686
G1 F1500 X145.86 Y122.84 E1700.04144
G0 F9000 X146.415 Y122.85
G1 F1500 X157.626 Y111.639 E1700.56877
G0 F9000 X158.24 Y111.591
G1 F1500 X146.967 Y122.864 E1701.09902
G0 F9000 X147.518 Y122.878
G1 F1500 X158.853 Y111.543 E1701.63218
G0 F9000 X159.466 Y111.496
G1 F1500 X148.07 Y122.893 E1702.16824
G0 F9000 X148.621 Y122.907
G1 F1500 X160.079 Y111.449 E1702.70719
G0 F9000 X160.693 Y111.401
G1 F1500 X149.173 Y122.921 E1703.24905
G0 F9000 X149.724 Y122.935
G1 F1500 X161.343 Y111.316 E1703.79557
G0 F9000 X161.993 Y111.232
G1 F1500 X150.276 Y122.949 E1704.34671
G0 F9000 X150.827 Y122.963
G1 F1500 X162.643 Y111.148 E1704.90247
G0 F9000 X163.292 Y111.064
G1 F1500 X151.379 Y122.977 E1705.46282
G0 F9000 X151.93 Y122.992
G1 F1500 X163.942 Y110.98 E1706.02783
G0 F9000 X164.592 Y110.896
G1 F1500 X152.481 Y123.006 E1706.59747
G0 F9000 X153.033 Y123.021
G1 F1500 X165.242 Y110.812 E1707.17174
G0 F9000 X165.892 Y110.727
G1 F1500 X153.575 Y123.045 E1707.75112
G0 F9000 X154.1 Y123.085
G1 F1500 X166.542 Y110.643 E1708.33635
G0 F9000 X167.191 Y110.559
G1 F1500 X154.625 Y123.126 E1708.92744
G0 F9000 X155.149 Y123.167
G1 F1500 X167.841 Y110.475 E1709.52444
G0 F9000 X168.521 Y110.361
G1 F1500 X155.675 Y123.207 E1710.12867
G0 F9000 X156.199 Y123.248
G1 F1500 X169.213 Y110.235 E1710.74079
G0 F9000 X169.905 Y110.109
G1 F1500 X156.724 Y123.289 E1711.36076
G0 F9000 X157.249 Y123.33
G1 F1500 X170.597 Y109.982 E1711.98861
G0 F9000 X171.288 Y109.856
G1 F1500 X157.774 Y123.371 E1712.62429
G0 F9000 X158.299 Y123.412
G1 F1500 X171.981 Y109.73 E1713.26785
G0 F9000 X172.672 Y109.604
G1 F1500 X158.823 Y123.453 E1713.91926
G0 F9000 X159.348 Y123.494
G1 F1500 X173.364 Y109.477 E1714.57856
G0 F9000 X174.057 Y109.351
G1 F1500 X159.874 Y123.534 E1715.24568
G0 F9000 X160.398 Y123.575
G1 F1500 X174.748 Y109.225 E1715.92066
G0 F9000 X175.38 Y109.159
G1 F1500 X160.914 Y123.625 E1716.6011
G0 F9000 X161.414 Y123.69
G1 F1500 X175.945 Y109.159 E1717.28459
G0 F9000 X176.511 Y109.159
G1 F1500 X161.916 Y123.755 E1717.97112
G0 F9000 X162.416 Y123.82
G1 F1500 X177.077 Y109.159 E1718.66073
G0 F9000 X177.642 Y109.159
G1 F1500 X162.917 Y123.885 E1719.35337
G0 F9000 X163.418 Y123.95
G1 F1500 X178.208 Y109.159 E1720.04907
G0 F9000 X178.774 Y109.159
G1 F1500 X163.918 Y124.015 E1720.74785
G0 F9000 X164.42 Y124.079
G1 F1500 X179.339 Y109.159 E1721.44962
G0 F9000 X179.905 Y109.159
G1 F1500 X164.92 Y124.144 E1722.15446
G0 F9000 X165.421 Y124.209
G1 F1500 X180.471 Y109.159 E1722.86237
G0 F9000 X181.037 Y109.159
G1 F1500 X165.921 Y124.274 E1723.57336
G0 F9000 X166.423 Y124.339
G1 F1500 X181.602 Y109.159 E1724.28735
G0 F9000 X182.168 Y109.159
G1 F1500 X166.923 Y124.404 E1725.00443
G0 F9000 X167.424 Y124.469
G1 F1500 X182.734 Y109.159 E1725.72457
G0 F9000 X183.299 Y109.159
G1 F1500 X167.925 Y124.534 E1726.44774
G0 F9000 X168.407 Y124.617
G1 F1500 X183.865 Y109.159 E1727.17483
G0 F9000 X184.431 Y109.159
G1 F1500 X168.885 Y124.705 E1727.90607
G0 F9000 X169.364 Y124.792
G1 F1500 X184.996 Y109.159 E1728.64138
G0 F9000 X185.562 Y109.159
G1 F1500 X169.842 Y124.879 E1729.3808
G0 F9000 X170.32 Y124.966
G1 F1500 X186.128 Y109.159 E1730.12433
G0 F9000 X186.693 Y109.159
G1 F1500 X170.799 Y125.053 E1730.87194
G0 F9000 X171.278 Y125.14
G1 F1500 X187.259 Y109.159 E1731.62363
G0 F9000 X187.825 Y109.159
G1 F1500 X171.756 Y125.228 E1732.37947
G0 F9000 X172.234 Y125.315
G1 F1500 X188.39 Y109.159 E1733.1394
G0 F9000 X188.956 Y109.159
G1 F1500 X172.712 Y125.403 E1733.90347
G0 F9000 X173.191 Y125.49
G1 F1500 X189.522 Y109.159 E1734.67163
G0 F9000 X190.087 Y109.159
G1 F1500 X173.67 Y125.577 E1735.44386
G0 F9000 X174.148 Y125.664
G1 F1500 X190.653 Y109.159 E1736.2202
G0 F9000 X191.219 Y109.159
G1 F1500 X174.627 Y125.751 E1737.00064
G0 F9000 X175.105 Y125.839
G1 F1500 X191.785 Y109.159 E1737.78521
G0 F9000 X192.35 Y109.159
G1 F1500 X175.67 Y125.84 E1738.56981
G0 F9000 X176.235 Y125.84
G1 F1500 X192.916 Y109.159 E1739.35444
G0 F9000 X193.482 Y109.159
G1 F1500 X176.801 Y125.84 E1740.13906
G0 F9000 X177.367 Y125.84
G1 F1500 X194.047 Y109.159 E1740.92366
G0 F9000 X194.613 Y109.159
G1 F1500 X177.932 Y125.84 E1741.70828
G0 F9000 X178.498 Y125.84
G1 F1500 X195.179 Y109.159 E1742.49291
G0 F9000 X195.744 Y109.159
G1 F1500 X179.064 Y125.84 E1743.27751
G0 F9000 X179.629 Y125.84
G1 F1500 X196.31 Y109.159 E1744.06213
G0 F9000 X196.876 Y109.159
G1 F1500 X180.195 Y125.84 E1744.84675
G0 F9000 X180.761 Y125.84
G1 F1500 X197.441 Y109.159 E1745.63135
G0 F9000 X198.007 Y109.159
G1 F1500 X181.326 Y125.84 E1746.41597
G0 F9000 X181.892 Y125.84
G1 F1500 X198.573 Y109.159 E1747.2006
G0 F9000 X198.839 Y109.459
G1 F1500 X182.458 Y125.84 E1747.97111
G0 F9000 X183.023 Y125.84
G1 F1500 X198.839 Y110.025 E1748.71502
G0 F9000 X198.839 Y110.59
G1 F1500 X183.589 Y125.84 E1749.43234
G0 F9000 X184.155 Y125.84
G1 F1500 X198.839 Y111.156 E1750.12303
G0 F9000 X198.839 Y111.722
G1 F1500 X184.721 Y125.84 E1750.78709
G0 F9000 X185.286 Y125.84
G1 F1500 X198.839 Y112.287 E1751.42458
G0 F9000 X198.839 Y112.853
G1 F1500 X185.852 Y125.84 E1752.03545
G0 F9000 X186.418 Y125.84
G1 F1500 X198.839 Y113.419 E1752.6197
G0 F9000 X198.839 Y113.984
G1 F1500 X186.983 Y125.84 E1753.17737
G0 F9000 X187.549 Y125.84
G1 F1500 X198.839 Y114.55 E1753.70842
G0 F9000 X198.839 Y115.116
G1 F1500 X188.115 Y125.84 E1754.21284
G0 F9000 X188.68 Y125.84
G1 F1500 X198.839 Y115.681 E1754.69069
G0 F9000 X198.839 Y116.247
G1 F1500 X189.246 Y125.84 E1755.14191
G0 F9000 X189.812 Y125.84
G1 F1500 X198.839 Y116.813 E1755.56652
G0 F9000 X198.839 Y117.379
G1 F1500 X190.377 Y125.84 E1755.96452
G0 F9000 X190.943 Y125.84
G1 F1500 X198.839 Y117.944 E1756.33592
G0 F9000 X198.839 Y118.51
G1 F1500 X191.509 Y125.84 E1756.6807
G0 F9000 X192.074 Y125.84
G1 F1500 X198.839 Y119.076 E1756.99888
G0 F9000 X198.839 Y119.641
G1 F1500 X192.64 Y125.84 E1757.29047
G0 F9000 X193.206 Y125.84
G1 F1500 X198.839 Y120.207 E1757.55543
G0 F9000 X198.839 Y120.773
G1 F1500 X193.772 Y125.84 E1757.79376
G0 F9000 X194.337 Y125.84
G1 F1500 X198.839 Y121.338 E1758.00552
G0 F9000 X198.839 Y121.904
G1 F1500 X194.903 Y125.84 E1758.19066
G0 F9000 X195.469 Y125.84
G1 F1500 X198.839 Y122.47 E1758.34917
G0 F9000 X198.839 Y123.035
G1 F1500 X196.034 Y125.84 E1758.48111
G0 F9000 X196.6 Y125.84
G1 F1500 X198.839 Y123.601 E1758.58643
G0 F9000 X198.839 Y124.167
G1 F1500 X197.166 Y125.84 E1758.66512
G0 F9000 X197.731 Y125.84
G1 F1500 X198.839 Y124.732 E1758.71724
G0 F9000 X198.839 Y125.298
G1 F1500 X198.297 Y125.84 E1758.74273
G1 F2700 E1753.74273
;MESH:NONMESH
G0 F300 X198.297 Y125.84 Z1.8
G0 F9000 X198.297 Y126.3
G0 X199.228 Y126.228
G0 X199.228 Y108.772 ;T9.452 R8.000 A1.570 C-421.702048 FILLET CORNER
G0 X175.07 Y108.761 ;T-78.987 R8.000 A0.155 C-54.417653000000406 FILLET CORNER
G0 X160.635 Y111.007 ;T-140.801 R8.000 A0.103 C12.444365000000179 FILLET CORNER
G0 X152.35 Y111.434 ;T-330.050 R8.000 A0.047 C24.847321999999558 FILLET CORNER
G0 X88.979 Y111.701
G1 F2700 E1758.74273
G0 F9000 X88.983 Y111.6
;TIME_ELAPSED:2470.948029
;LAYER:8
;TYPE:WALL-INNER
;MESH:D638-22 Type I Tensile Specimen.STL
G1 F1500 X146.015 Y111.6 E1760.63962
G1 X153.343 Y111.411 E1760.88344
G1 X160.654 Y110.844 E1761.12733
G1 X167.894 Y109.906 E1761.37015
G1 X175.055 Y108.6 E1761.61225
G1 X199.4 Y108.6 E1762.42197 ;T16.345 R8.000 A1.571 C216.67050000000012 FILLET CORNER
G1 X199.4 Y117.5 E1762.71798
G1 X199.4 Y126.4 E1763.014 ;T0.900 R8.000 A1.571 C216.6527000000003 FILLET CORNER
G1 X175.057 Y126.4 E1763.82365
G1 X167.896 Y125.094 E1764.06576
G1 X160.654 Y124.156 E1764.30864
G1 X153.345 Y123.589 E1764.55247
G1 X146.017 Y123.4 E1764.79628
G1 X88.985 Y123.4 E1766.69317
G1 X81.657 Y123.589 E1766.93698
G1 X74.346 Y124.156 E1767.18088
G1 X67.106 Y125.094 E1767.42369
G1 X59.945 Y126.4 E1767.6658
G1 X35.6 Y126.4 E1768.47551 ;T16.345 R8.000 A1.571 C433.34100000000024 FILLET CORNER
G1 X35.6 Y108.6 E1769.06754 ;T9.800 R8.000 A1.571 C433.3054000000002 FILLET CORNER
G1 X59.943 Y108.6 E1769.8772
G1 X67.104 Y109.906 E1770.1193
G1 X74.346 Y110.844 E1770.36218
G1 X81.655 Y111.411 E1770.60601
G1 X88.983 Y111.6 E1770.84982
G1 F2700 E1765.84982
G0 F9000 X88.979 Y111.701
G0 X74.325 Y111.003 ;T-134.873 R8.000 A0.107 C22.805162000000145 FILLET CORNER
G0 X59.928 Y108.761 ;T-88.488 R8.000 A0.155 C-54.31611900000024 FILLET CORNER
G0 X35.772 Y108.772 ;T16.152 R8.000 A1.570 C-421.6671359999997 FILLET CORNER
G0 X35.772 Y126.228 ;T9.452 R8.000 A1.570 C-421.70204799999976 FILLET CORNER
G0 X59.93 Y126.239 ;T-78.973 R8.000 A0.155 C-54.41763100000037 FILLET CORNER
G0 X74.363 Y123.993 ;T-117.723 R8.000 A0.121 C25.76019000000028 FILLET CORNER
G0 X88.994 Y123.501
G1 F2700 E1770.84982
G0 F9000 X88.995 Y123.8
;TYPE:WALL-OUTER
G1 F1500 X146.007 Y123.8 E1772.74605
G1 X153.314 Y123.988 E1772.98916
G1 X160.602 Y124.553 E1773.23229
G1 X167.854 Y125.493 E1773.47551
G1 X175.021 Y126.8 E1773.71782
G1 X199.8 Y126.8 E1774.54197 ;T16.779 R8.000 A1.571 C-230.44470000000015 FILLET CORNER
G1 X199.8 Y117.5 E1774.85129
G1 X199.8 Y108.2 E1775.16061 ;T1.300 R8.000 A1.571 C-230.46329999999998 FILLET CORNER
G1 X175.019 Y108.2 E1775.98483
G1 X167.842 Y109.509 E1776.22747
G1 X160.592 Y110.448 E1776.47062
G1 X153.302 Y111.012 E1776.71381
G1 X146.005 Y111.2 E1776.95659
G1 X88.993 Y111.2 E1778.85282
G1 X81.686 Y111.012 E1779.09593
G1 X74.398 Y110.447 E1779.33906
G1 X67.146 Y109.507 E1779.58228
G1 X59.979 Y108.2 E1779.82459
G1 X35.2 Y108.2 E1780.64874 ;T16.779 R8.000 A1.571 C-460.8893999999998 FILLET CORNER
G1 X35.2 Y126.8 E1781.26738 ;T10.600 R8.000 A1.571 C-460.92659999999984 FILLET CORNER
G1 X59.981 Y126.8 E1782.0916
G1 X67.158 Y125.491 E1782.33424
G1 X74.408 Y124.552 E1782.57739
G1 X81.698 Y123.988 E1782.82058
G1 X88.995 Y123.8 E1783.06336
G0 F9000 X88.977 Y123.04
;TYPE:SKIN
G1 F1500 X146.027 Y123.04 E1784.96085
G1 X153.372 Y123.23 E1785.20523
G1 X160.7 Y123.799 E1785.4497
G1 X167.99 Y124.744 E1785.69419
G1 X175.092 Y126.04 E1785.9343
G1 X199.04 Y126.04 E1786.73082 ;T15.948 R8.000 A1.571 C-204.51591999999997 FILLET CORNER
G1 X199.04 Y117.5 E1787.01486
G1 X199.04 Y108.96 E1787.2989 ;T0.540 R8.000 A1.571 C-204.54154000000008 FILLET CORNER
G1 X175.089 Y108.96 E1788.09552
G1 X167.981 Y110.257 E1788.33583
G1 X160.651 Y111.206 E1788.58166
G1 X153.321 Y111.772 E1788.82619
G1 X146.024 Y111.96 E1789.06897
G1 X88.975 Y111.96 E1790.96642
G1 X81.629 Y111.77 E1791.21083
G1 X74.335 Y111.205 E1791.45416
G1 X67.01 Y110.256 E1791.69983
G1 X59.908 Y108.96 E1791.93994
G1 X35.96 Y108.96 E1792.73645 ;T15.948 R8.000 A1.571 C-409.03184000000033 FILLET CORNER
G1 X35.96 Y126.04 E1793.30454 ;T9.080 R8.000 A1.571 C-409.08308000000034 FILLET CORNER
G1 X59.911 Y126.04 E1794.10115
G1 X67.023 Y124.742 E1794.3416
G1 X74.347 Y123.794 E1794.58723
G1 X81.64 Y123.23 E1794.83052
G1 X88.977 Y123.04 E1795.07464
G1 F2700 E1790.07464
G0 F9000 X88.98 Y123.3
G0 X69.807 Y124.562 ;T-136.811 R8.000 A0.102 C-19.688347000000128 FILLET CORNER
G0 X59.93 Y126.239 ;T-86.388 R8.000 A0.166 C38.75501600000023 FILLET CORNER
G0 X36.461 Y126.3
G1 F2700 E1795.07464
G0 F9000 X36.461 Y125.839
G1 F1500 X36.16 Y125.538 E1795.08879
G0 F9000 X36.16 Y124.972
G1 F1500 X37.026 Y125.839 E1795.12955
G0 F9000 X37.592 Y125.839
G1 F1500 X36.16 Y124.406 E1795.19693
G0 F9000 X36.16 Y123.841
G1 F1500 X38.158 Y125.839 E1795.29091
G0 F9000 X38.723 Y125.839
G1 F1500 X36.16 Y123.275 E1795.41149
G0 F9000 X36.16 Y122.709
G1 F1500 X39.289 Y125.839 E1795.55869
G0 F9000 X39.855 Y125.839
G1 F1500 X36.16 Y122.144 E1795.73249
G0 F9000 X36.16 Y121.578
G1 F1500 X40.421 Y125.839 E1795.93292
G0 F9000 X40.986 Y125.839
G1 F1500 X36.16 Y121.012 E1796.15994
G0 F9000 X36.16 Y120.447
G1 F1500 X41.552 Y125.839 E1796.41357
G0 F9000 X42.118 Y125.839
G1 F1500 X36.16 Y119.881 E1796.69381
G0 F9000 X36.16 Y119.315
G1 F1500 X42.683 Y125.839 E1797.00066
G0 F9000 X43.249 Y125.839
G1 F1500 X36.16 Y118.75 E1797.3341
G0 F9000 X36.16 Y118.184
G1 F1500 X43.815 Y125.839 E1797.69417
G0 F9000 X44.38 Y125.839
G1 F1500 X36.16 Y117.618 E1798.08084
G0 F9000 X36.16 Y117.053
G1 F1500 X44.946 Y125.839 E1798.4941
G0 F9000 X45.512 Y125.839
G1 F1500 X36.16 Y116.487 E1798.93399
G0 F9000 X36.16 Y115.921
G1 F1500 X46.077 Y125.839 E1799.40048
G0 F9000 X46.643 Y125.839
G1 F1500 X36.16 Y115.355 E1799.89359
G0 F9000 X36.16 Y114.79
G1 F1500 X47.209 Y125.839 E1800.4133
G0 F9000 X47.774 Y125.839
G1 F1500 X36.16 Y114.224 E1800.95961
G0 F9000 X36.16 Y113.658
G1 F1500 X48.34 Y125.839 E1801.53255
G0 F9000 X48.906 Y125.839
G1 F1500 X36.16 Y113.093 E1802.13208
G0 F9000 X36.16 Y112.527
G1 F1500 X49.472 Y125.839 E1802.75824
G0 F9000 X50.037 Y125.839
G1 F1500 X36.16 Y111.961 E1803.41099
G0 F9000 X36.16 Y111.396
G1 F1500 X50.603 Y125.839 E1804.09035
G0 F9000 X51.169 Y125.839
G1 F1500 X36.16 Y110.83 E1804.79632
G0 F9000 X36.16 Y110.264
G1 F1500 X51.734 Y125.839 E1805.5289
G0 F9000 X52.3 Y125.839
G1 F1500 X36.16 Y109.699 E1806.28808
G0 F9000 X36.186 Y109.159
G1 F1500 X52.866 Y125.839 E1807.07265
G0 F9000 X53.431 Y125.839
G1 F1500 X36.751 Y109.159 E1807.85723
G0 F9000 X37.317 Y109.159
G1 F1500 X53.997 Y125.839 E1808.6418
G0 F9000 X54.563 Y125.839
G1 F1500 X37.883 Y109.159 E1809.42638
G0 F9000 X38.448 Y109.159
G1 F1500 X55.128 Y125.839 E1810.21096
G0 F9000 X55.694 Y125.839
G1 F1500 X39.014 Y109.159 E1810.99553
G0 F9000 X39.58 Y109.159
G1 F1500 X56.26 Y125.839 E1811.78011
G0 F9000 X56.825 Y125.839
G1 F1500 X40.145 Y109.159 E1812.56468
G0 F9000 X40.711 Y109.159
G1 F1500 X57.391 Y125.839 E1813.34926
G0 F9000 X57.957 Y125.839
G1 F1500 X41.277 Y109.159 E1814.13384
G0 F9000 X41.843 Y109.159
G1 F1500 X58.522 Y125.839 E1814.91839
G0 F9000 X59.088 Y125.839
G1 F1500 X42.408 Y109.159 E1815.70297
G0 F9000 X42.974 Y109.159
G1 F1500 X59.654 Y125.839 E1816.48754
G0 F9000 X60.169 Y125.788
G1 F1500 X43.54 Y109.159 E1817.26972
G0 F9000 X44.105 Y109.159
G1 F1500 X60.647 Y125.701 E1818.0478
G0 F9000 X61.125 Y125.613
G1 F1500 X44.671 Y109.159 E1818.82175
G0 F9000 X45.237 Y109.159
G1 F1500 X61.604 Y125.527 E1819.59163
G0 F9000 X62.082 Y125.439
G1 F1500 X45.802 Y109.159 E1820.35739
G0 F9000 X46.368 Y109.159
G1 F1500 X62.561 Y125.352 E1821.11906
G0 F9000 X63.039 Y125.264
G1 F1500 X46.934 Y109.159 E1821.87659
G0 F9000 X47.499 Y109.159
G1 F1500 X63.517 Y125.177 E1822.63002
G0 F9000 X63.995 Y125.09
G1 F1500 X48.065 Y109.159 E1823.37935
G0 F9000 X48.631 Y109.159
G1 F1500 X64.474 Y125.003 E1824.12458
G0 F9000 X64.952 Y124.915
G1 F1500 X49.196 Y109.159 E1824.86569
G0 F9000 X49.762 Y109.159
G1 F1500 X65.43 Y124.827 E1825.60266
G0 F9000 X65.909 Y124.74
G1 F1500 X50.328 Y109.159 E1826.33555
G0 F9000 X50.894 Y109.159
G1 F1500 X66.387 Y124.653 E1827.06431
G0 F9000 X66.866 Y124.566
G1 F1500 X51.459 Y109.159 E1827.78901
G0 F9000 X52.025 Y109.159
G1 F1500 X67.361 Y124.496 E1828.51039
G0 F9000 X67.862 Y124.43
G1 F1500 X52.591 Y109.159 E1829.22869
G0 F9000 X53.156 Y109.159
G1 F1500 X68.363 Y124.365 E1829.94396
G0 F9000 X68.863 Y124.3
G1 F1500 X53.722 Y109.159 E1830.65615
G0 F9000 X54.288 Y109.159
G1 F1500 X69.365 Y124.236 E1831.36532
G0 F9000 X69.865 Y124.171
G1 F1500 X54.853 Y109.159 E1832.07144
G0 F9000 X55.419 Y109.159
G1 F1500 X70.366 Y124.106 E1832.7745
G0 F9000 X70.866 Y124.041
G1 F1500 X55.985 Y109.159 E1833.47448
G0 F9000 X56.55 Y109.159
G1 F1500 X71.367 Y123.976 E1834.17143
G0 F9000 X71.868 Y123.911
G1 F1500 X57.116 Y109.159 E1834.86532
G0 F9000 X57.682 Y109.159
G1 F1500 X72.369 Y123.846 E1835.55615
G0 F9000 X72.87 Y123.781
G1 F1500 X58.247 Y109.159 E1836.24395
G0 F9000 X58.813 Y109.159
G1 F1500 X73.37 Y123.716 E1836.92866
G0 F9000 X73.871 Y123.651
G1 F1500 X59.379 Y109.159 E1837.61032
G0 F9000 X59.957 Y109.172
G1 F1500 X74.375 Y123.59 E1838.2885
G0 F9000 X74.9 Y123.549
G1 F1500 X60.649 Y109.298 E1838.95883
G0 F9000 X61.341 Y109.424
G1 F1500 X75.425 Y123.508 E1839.62129
G0 F9000 X75.951 Y123.468
G1 F1500 X62.033 Y109.55 E1840.27595
G0 F9000 X62.725 Y109.677
G1 F1500 X76.475 Y123.427 E1840.92271
G0 F9000 X77.001 Y123.387
G1 F1500 X63.417 Y109.803 E1841.56166
G0 F9000 X64.109 Y109.929
G1 F1500 X77.525 Y123.346 E1842.19273
G0 F9000 X78.051 Y123.305
G1 F1500 X64.801 Y110.056 E1842.81595
G0 F9000 X65.492 Y110.182
G1 F1500 X78.575 Y123.264 E1843.43131
G0 F9000 X79.101 Y123.224
G1 F1500 X66.185 Y110.308 E1844.03884
G0 F9000 X66.876 Y110.434
G1 F1500 X79.625 Y123.183 E1844.63851
G0 F9000 X80.151 Y123.143
G1 F1500 X67.533 Y110.525 E1845.23202
G0 F9000 X68.183 Y110.609
G1 F1500 X80.675 Y123.102 E1845.81963
G0 F9000 X81.201 Y123.062
G1 F1500 X68.833 Y110.694 E1846.40139
G0 F9000 X69.482 Y110.777
G1 F1500 X81.731 Y123.026 E1846.97754
G0 F9000 X82.283 Y123.012
G1 F1500 X70.132 Y110.861 E1847.54909
G0 F9000 X70.782 Y110.945
G1 F1500 X82.834 Y122.998 E1848.116
G0 F9000 X83.385 Y122.983
G1 F1500 X71.431 Y111.029 E1848.67828
G0 F9000 X72.081 Y111.114
G1 F1500 X83.937 Y122.969 E1849.23592
G0 F9000 X84.488 Y122.955
G1 F1500 X72.73 Y111.197 E1849.78899
G0 F9000 X73.38 Y111.281
G1 F1500 X85.04 Y122.941 E1850.33744
G0 F9000 X85.591 Y122.926
G1 F1500 X74.03 Y111.365 E1850.88123
G0 F9000 X74.66 Y111.43
G1 F1500 X86.142 Y122.912 E1851.42131
G0 F9000 X86.694 Y122.897
G1 F1500 X75.273 Y111.477 E1851.95849
G0 F9000 X75.886 Y111.524
G1 F1500 X87.245 Y122.883 E1852.49279
G0 F9000 X87.797 Y122.869
G1 F1500 X76.499 Y111.572 E1853.02419
G0 F9000 X77.112 Y111.619
G1 F1500 X88.348 Y122.854 E1853.55267
G0 F9000 X88.899 Y122.84
G1 F1500 X77.725 Y111.667 E1854.07824
G0 F9000 X78.338 Y111.714
G1 F1500 X89.463 Y122.839 E1854.60152
G0 F9000 X90.029 Y122.839
G1 F1500 X78.952 Y111.761 E1855.12257
G0 F9000 X79.565 Y111.809
G1 F1500 X90.595 Y122.839 E1855.64139
G0 F9000 X91.16 Y122.839
G1 F1500 X80.178 Y111.856 E1856.15797
G0 F9000 X80.791 Y111.903
G1 F1500 X91.726 Y122.839 E1856.67235
G0 F9000 X92.292 Y122.839
G1 F1500 X81.404 Y111.951 E1857.18448
G0 F9000 X81.997 Y111.978
G1 F1500 X92.857 Y122.839 E1857.69533
G0 F9000 X93.423 Y122.839
G1 F1500 X82.578 Y111.993 E1858.20547
G0 F9000 X83.158 Y112.008
G1 F1500 X93.989 Y122.839 E1858.71493
G0 F9000 X94.555 Y122.839
G1 F1500 X83.739 Y112.024 E1859.22365
G0 F9000 X84.32 Y112.038
G1 F1500 X95.12 Y122.839 E1859.73168
G0 F9000 X95.686 Y122.839
G1 F1500 X84.9 Y112.053 E1860.23902
G0 F9000 X85.482 Y112.069
G1 F1500 X96.252 Y122.839 E1860.7456
G0 F9000 X96.817 Y122.839
G1 F1500 X86.062 Y112.084 E1861.25149
G0 F9000 X86.643 Y112.099
G1 F1500 X97.383 Y122.839 E1861.75666
G0 F9000 X97.949 Y122.839
G1 F1500 X87.223 Y112.113 E1862.26118
G0 F9000 X87.804 Y112.129
G1 F1500 X98.514 Y122.839 E1862.76495
G0 F9000 X99.08 Y122.839
G1 F1500 X88.385 Y112.144 E1863.26801
G0 F9000 X88.966 Y112.159
G1 F1500 X99.646 Y122.839 E1863.77036
G0 F9000 X100.211 Y122.839
G1 F1500 X89.532 Y112.159 E1864.27269
G0 F9000 X90.098 Y112.159
G1 F1500 X100.777 Y122.839 E1864.77502
G0 F9000 X101.343 Y122.839
G1 F1500 X90.663 Y112.159 E1865.27738
G0 F9000 X91.229 Y112.159
G1 F1500 X101.908 Y122.839 E1865.77971
G0 F9000 X102.474 Y122.839
G1 F1500 X91.795 Y112.159 E1866.28204
G0 F9000 X92.36 Y112.159
G1 F1500 X103.04 Y122.839 E1866.78439
G0 F9000 X103.605 Y122.839
G1 F1500 X92.926 Y112.159 E1867.28672
G0 F9000 X93.492 Y112.159
G1 F1500 X104.171 Y122.839 E1867.78906
G0 F9000 X104.737 Y122.839
G1 F1500 X94.057 Y112.159 E1868.29141
G0 F9000 X94.623 Y112.159
G1 F1500 X105.303 Y122.839 E1868.79376
G0 F9000 X105.868 Y122.839
G1 F1500 X95.189 Y112.159 E1869.2961
G0 F9000 X95.754 Y112.159
G1 F1500 X106.434 Y122.839 E1869.79845
G0 F9000 X107 Y122.839
G1 F1500 X96.32 Y112.159 E1870.3008
G0 F9000 X96.886 Y112.159
G1 F1500 X107.565 Y122.839 E1870.80314
G0 F9000 X108.131 Y122.839
G1 F1500 X97.452 Y112.159 E1871.30547
G0 F9000 X98.017 Y112.159
G1 F1500 X108.697 Y122.839 E1871.80782
G0 F9000 X109.262 Y122.839
G1 F1500 X98.583 Y112.159 E1872.31015
G0 F9000 X99.149 Y112.159
G1 F1500 X109.828 Y122.839 E1872.81248
G0 F9000 X110.394 Y122.839
G1 F1500 X99.714 Y112.159 E1873.31484
G0 F9000 X100.28 Y112.159
G1 F1500 X110.959 Y122.839 E1873.81717
G0 F9000 X111.525 Y122.839
G1 F1500 X100.846 Y112.159 E1874.3195
G0 F9000 X101.411 Y112.159
G1 F1500 X112.091 Y122.839 E1874.82185
G0 F9000 X112.656 Y122.839
G1 F1500 X101.977 Y112.159 E1875.32418
G0 F9000 X102.543 Y112.159
G1 F1500 X113.222 Y122.839 E1875.82652
G0 F9000 X113.788 Y122.839
G1 F1500 X103.108 Y112.159 E1876.32887
G0 F9000 X103.674 Y112.159
G1 F1500 X114.354 Y122.839 E1876.83122
G0 F9000 X114.919 Y122.839
G1 F1500 X104.24 Y112.159 E1877.33356
G0 F9000 X104.805 Y112.159
G1 F1500 X115.485 Y122.839 E1877.83591
G0 F9000 X116.051 Y122.839
G1 F1500 X105.371 Y112.159 E1878.33826
G0 F9000 X105.937 Y112.159
G1 F1500 X116.616 Y122.839 E1878.84059
G0 F9000 X117.182 Y122.839
G1 F1500 X106.503 Y112.159 E1879.34293
G0 F9000 X107.068 Y112.159
G1 F1500 X117.748 Y122.839 E1879.84528
G0 F9000 X118.313 Y122.839
G1 F1500 X107.634 Y112.159 E1880.34761
G0 F9000 X108.2 Y112.159
G1 F1500 X118.879 Y122.839 E1880.84994
G0 F9000 X119.445 Y122.839
G1 F1500 X108.765 Y112.159 E1881.3523
G0 F9000 X109.331 Y112.159
G1 F1500 X120.01 Y122.839 E1881.85463
G0 F9000 X120.576 Y122.839
G1 F1500 X109.897 Y112.159 E1882.35696
G0 F9000 X110.462 Y112.159
G1 F1500 X121.142 Y122.839 E1882.85931
G0 F9000 X121.707 Y122.839
G1 F1500 X111.028 Y112.159 E1883.36164
G0 F9000 X111.594 Y112.159
G1 F1500 X122.273 Y122.839 E1883.86397
G0 F9000 X122.839 Y122.839
G1 F1500 X112.159 Y112.159 E1884.36633
G0 F9000 X112.725 Y112.159
G1 F1500 X123.404 Y122.839 E1884.86866
G0 F9000 X123.97 Y122.839
G1 F1500 X113.291 Y112.159 E1885.37099
G0 F9000 X113.856 Y112.159
G1 F1500 X124.536 Y122.839 E1885.87335
G0 F9000 X125.102 Y122.839
G1 F1500 X114.422 Y112.159 E1886.3757
G0 F9000 X114.988 Y112.159
G1 F1500 X125.667 Y122.839 E1886.87803
G0 F9000 X126.233 Y122.839
G1 F1500 X115.553 Y112.159 E1887.38039
G0 F9000 X116.119 Y112.159
G1 F1500 X126.799 Y122.839 E1887.88274
G0 F9000 X127.364 Y122.839
G1 F1500 X116.685 Y112.159 E1888.38507
G0 F9000 X117.251 Y112.159
G1 F1500 X127.93 Y122.839 E1888.8874
G0 F9000 X128.496 Y122.839
G1 F1500 X117.817 Y112.16 E1889.38971
G0 F9000 X118.383 Y112.16
G1 F1500 X129.061 Y122.839 E1889.89199
G0 F9000 X129.627 Y122.839
G1 F1500 X118.948 Y112.16 E1890.3943
G0 F9000 X119.514 Y112.16
G1 F1500 X130.193 Y122.839 E1890.89661
G0 F9000 X130.758 Y122.839
G1 F1500 X120.08 Y112.16 E1891.39889
G0 F9000 X120.645 Y112.16
G1 F1500 X131.324 Y122.839 E1891.9012
G0 F9000 X131.89 Y122.839
G1 F1500 X121.211 Y112.16 E1892.40351
G0 F9000 X121.777 Y112.16
G1 F1500 X132.455 Y122.839 E1892.90579
G0 F9000 X133.021 Y122.839
G1 F1500 X122.342 Y112.16 E1893.4081
G0 F9000 X122.908 Y112.16
G1 F1500 X133.587 Y122.839 E1893.91041
G0 F9000 X134.153 Y122.839
G1 F1500 X123.474 Y112.16 E1894.41271
G0 F9000 X124.039 Y112.16
G1 F1500 X134.718 Y122.839 E1894.91502
G0 F9000 X135.284 Y122.839
G1 F1500 X124.605 Y112.16 E1895.41733
G0 F9000 X125.171 Y112.16
G1 F1500 X135.85 Y122.839 E1895.91964
G0 F9000 X136.415 Y122.839
G1 F1500 X125.737 Y112.16 E1896.42192
G0 F9000 X126.302 Y112.16
G1 F1500 X136.981 Y122.839 E1896.92423
G0 F9000 X137.547 Y122.839
G1 F1500 X126.868 Y112.16 E1897.42653
G0 F9000 X127.434 Y112.16
G1 F1500 X138.112 Y122.839 E1897.92882
G0 F9000 X138.678 Y122.839
G1 F1500 X127.999 Y112.16 E1898.43113
G0 F9000 X128.565 Y112.16
G1 F1500 X139.244 Y122.839 E1898.93343
G0 F9000 X139.809 Y122.839
G1 F1500 X129.131 Y112.16 E1899.43572
G0 F9000 X129.696 Y112.16
G1 F1500 X140.375 Y122.839 E1899.93802
G0 F9000 X140.941 Y122.839
G1 F1500 X130.262 Y112.16 E1900.44033
G0 F9000 X130.828 Y112.16
G1 F1500 X141.506 Y122.839 E1900.94262
G0 F9000 X142.072 Y122.839
G1 F1500 X131.393 Y112.16 E1901.44492
G0 F9000 X131.959 Y112.16
G1 F1500 X142.638 Y122.839 E1901.94723
G0 F9000 X143.203 Y122.839
G1 F1500 X132.525 Y112.16 E1902.44951
G0 F9000 X133.09 Y112.16
G1 F1500 X143.769 Y122.839 E1902.95182
G0 F9000 X144.335 Y122.839
G1 F1500 X133.656 Y112.16 E1903.45413
G0 F9000 X134.222 Y112.16
G1 F1500 X144.901 Y122.839 E1903.95644
G0 F9000 X145.466 Y122.839
G1 F1500 X134.787 Y112.16 E1904.45874
G0 F9000 X135.353 Y112.16
G1 F1500 X146.033 Y122.84 E1904.9611
G0 F9000 X146.613 Y122.854
G1 F1500 X135.919 Y112.16 E1905.46411
G0 F9000 X136.485 Y112.16
G1 F1500 X147.194 Y122.869 E1905.96783
G0 F9000 X147.774 Y122.884
G1 F1500 X137.05 Y112.16 E1906.47225
G0 F9000 X137.616 Y112.16
G1 F1500 X148.355 Y122.899 E1906.97738
G0 F9000 X148.935 Y122.914
G1 F1500 X138.182 Y112.16 E1907.4832
G0 F9000 X138.747 Y112.16
G1 F1500 X149.517 Y122.929 E1907.98976
G0 F9000 X150.097 Y122.944
G1 F1500 X139.313 Y112.16 E1908.49701
G0 F9000 X139.879 Y112.16
G1 F1500 X150.678 Y122.959 E1909.00496
G0 F9000 X151.258 Y122.974
G1 F1500 X140.444 Y112.16 E1909.51361
G0 F9000 X141.01 Y112.16
G1 F1500 X151.839 Y122.989 E1910.02298
G0 F9000 X152.419 Y123.004
G1 F1500 X141.576 Y112.16 E1910.53302
G0 F9000 X142.141 Y112.16
G1 F1500 X153 Y123.019 E1911.0438
G0 F9000 X153.592 Y123.045
G1 F1500 X142.707 Y112.16 E1911.55579
G0 F9000 X143.273 Y112.16
G1 F1500 X154.205 Y123.093 E1912.07003
G0 F9000 X154.818 Y123.14
G1 F1500 X143.838 Y112.16 E1912.58649
G0 F9000 X144.404 Y112.16
G1 F1500 X155.432 Y123.188 E1913.10521
G0 F9000 X156.045 Y123.235
G1 F1500 X144.97 Y112.16 E1913.62615
G0 F9000 X145.536 Y112.16
G1 F1500 X156.659 Y123.284 E1914.14936
G0 F9000 X157.272 Y123.331
G1 F1500 X146.1 Y112.159 E1914.67486
G0 F9000 X146.651 Y112.145
G1 F1500 X157.886 Y123.379 E1915.2033
G0 F9000 X158.499 Y123.426
G1 F1500 X147.202 Y112.13 E1915.73465
G0 F9000 X147.754 Y112.116
G1 F1500 X159.113 Y123.474 E1916.26892
G0 F9000 X159.726 Y123.522
G1 F1500 X148.305 Y112.101 E1916.80613
G0 F9000 X148.857 Y112.087
G1 F1500 X160.339 Y123.57 E1917.34623
G0 F9000 X160.966 Y123.631
G1 F1500 X149.408 Y112.073 E1917.88988
G0 F9000 X149.96 Y112.059
G1 F1500 X161.617 Y123.716 E1918.43819
G0 F9000 X162.266 Y123.8
G1 F1500 X150.511 Y112.044 E1918.99113
G0 F9000 X151.062 Y112.03
G1 F1500 X162.916 Y123.884 E1919.54871
G0 F9000 X163.566 Y123.968
G1 F1500 X151.614 Y112.016 E1920.11089
G0 F9000 X152.165 Y112.002
G1 F1500 X164.216 Y124.052 E1920.67771
G0 F9000 X164.866 Y124.136
G1 F1500 X152.717 Y111.988 E1921.24914
G0 F9000 X153.268 Y111.973
G1 F1500 X165.516 Y124.22 E1921.82523
G0 F9000 X166.165 Y124.305
G1 F1500 X153.797 Y111.936 E1922.407
G0 F9000 X154.322 Y111.896
G1 F1500 X166.816 Y124.389 E1922.99466
G0 F9000 X167.466 Y124.474
G1 F1500 X154.847 Y111.855 E1923.58822
G0 F9000 X155.372 Y111.814
G1 F1500 X168.123 Y124.565 E1924.18799
G0 F9000 X168.814 Y124.691
G1 F1500 X155.897 Y111.773 E1924.79559
G0 F9000 X156.422 Y111.733
G1 F1500 X169.506 Y124.817 E1925.41102
G0 F9000 X170.198 Y124.943
G1 F1500 X156.947 Y111.692 E1926.0343
G0 F9000 X157.472 Y111.652
G1 F1500 X170.89 Y125.07 E1926.66544
G0 F9000 X171.582 Y125.196
G1 F1500 X157.997 Y111.611 E1927.30444
G0 F9000 X158.522 Y111.57
G1 F1500 X172.273 Y125.321 E1927.95125
G0 F9000 X172.966 Y125.448
G1 F1500 X159.047 Y111.529 E1928.60595
G0 F9000 X159.572 Y111.489
G1 F1500 X173.657 Y125.574 E1929.26847
G0 F9000 X174.349 Y125.7
G1 F1500 X160.097 Y111.448 E1929.93884
G0 F9000 X160.622 Y111.408
G1 F1500 X175.041 Y125.826 E1930.61704
G0 F9000 X175.619 Y125.839
G1 F1500 X161.126 Y111.345 E1931.29877
G0 F9000 X161.626 Y111.28
G1 F1500 X176.185 Y125.839 E1931.98358
G0 F9000 X176.751 Y125.839
G1 F1500 X162.128 Y111.216 E1932.6714
G0 F9000 X162.628 Y111.151
G1 F1500 X177.316 Y125.839 E1933.36228
G0 F9000 X177.882 Y125.839
G1 F1500 X163.129 Y111.086 E1934.05622
G0 F9000 X163.63 Y111.021
G1 F1500 X178.448 Y125.839 E1934.75321
G0 F9000 X179.013 Y125.839
G1 F1500 X164.131 Y110.957 E1935.45321
G0 F9000 X164.632 Y110.892
G1 F1500 X179.579 Y125.839 E1936.15628
G0 F9000 X180.145 Y125.839
G1 F1500 X165.132 Y110.826 E1936.86244
G0 F9000 X165.634 Y110.762
G1 F1500 X180.711 Y125.839 E1937.57162
G0 F9000 X181.276 Y125.839
G1 F1500 X166.134 Y110.697 E1938.28385
G0 F9000 X166.635 Y110.632
G1 F1500 X181.842 Y125.839 E1938.99914
G0 F9000 X182.408 Y125.839
G1 F1500 X167.136 Y110.568 E1939.71746
G0 F9000 X167.637 Y110.503
G1 F1500 X182.973 Y125.839 E1940.43882
G0 F9000 X183.539 Y125.839
G1 F1500 X168.133 Y110.433 E1941.16347
G0 F9000 X168.611 Y110.346
G1 F1500 X184.105 Y125.839 E1941.89224
G0 F9000 X184.67 Y125.839
G1 F1500 X169.089 Y110.258 E1942.62512
G0 F9000 X169.568 Y110.171
G1 F1500 X185.236 Y125.839 E1943.3621
G0 F9000 X185.802 Y125.839
G1 F1500 X170.046 Y110.083 E1944.10321
G0 F9000 X170.525 Y109.996
G1 F1500 X186.367 Y125.839 E1944.84839
G0 F9000 X186.933 Y125.839
G1 F1500 X171.003 Y109.909 E1945.59769
G0 F9000 X171.481 Y109.822
G1 F1500 X187.499 Y125.839 E1946.35111
G0 F9000 X188.064 Y125.839
G1 F1500 X171.959 Y109.734 E1947.10864
G0 F9000 X172.438 Y109.647
G1 F1500 X188.63 Y125.839 E1947.87026
G0 F9000 X189.196 Y125.839
G1 F1500 X172.917 Y109.56 E1948.63597
G0 F9000 X173.395 Y109.472
G1 F1500 X189.762 Y125.839 E1949.40583
G0 F9000 X190.327 Y125.839
G1 F1500 X173.874 Y109.385 E1950.17975
G0 F9000 X174.352 Y109.298
G1 F1500 X190.893 Y125.839 E1950.95779
G0 F9000 X191.459 Y125.839
G1 F1500 X174.83 Y109.211 E1951.73994
G0 F9000 X175.345 Y109.16
G1 F1500 X192.024 Y125.839 E1952.52447
G0 F9000 X192.59 Y125.839
G1 F1500 X175.911 Y109.16 E1953.309
G0 F9000 X176.476 Y109.16
G1 F1500 X193.156 Y125.839 E1954.09355
G0 F9000 X193.721 Y125.839
G1 F1500 X177.042 Y109.16 E1954.87808
G0 F9000 X177.608 Y109.16
G1 F1500 X194.287 Y125.839 E1955.66261
G0 F9000 X194.853 Y125.839
G1 F1500 X178.173 Y109.16 E1956.44716
G0 F9000 X178.739 Y109.16
G1 F1500 X195.418 Y125.839 E1957.23169
G0 F9000 X195.984 Y125.839
G1 F1500 X179.305 Y109.16 E1958.01622
G0 F9000 X179.87 Y109.16
G1 F1500 X196.55 Y125.839 E1958.80077
G0 F9000 X197.115 Y125.839
G1 F1500 X180.436 Y109.16 E1959.5853
G0 F9000 X181.002 Y109.16
G1 F1500 X197.681 Y125.839 E1960.36983
G0 F9000 X198.247 Y125.839
G1 F1500 X181.568 Y109.16 E1961.15436
G0 F9000 X182.133 Y109.16
G1 F1500 X198.812 Y125.839 E1961.93889
G0 F9000 X198.839 Y125.3
G1 F1500 X182.699 Y109.16 E1962.69806
G0 F9000 X183.265 Y109.16
G1 F1500 X198.839 Y124.734 E1963.43062
G0 F9000 X198.839 Y124.168
G1 F1500 X183.83 Y109.16 E1964.13657
G0 F9000 X184.396 Y109.16
G1 F1500 X198.839 Y123.602 E1964.8159
G0 F9000 X198.839 Y123.037
G1 F1500 X184.962 Y109.16 E1965.46863
G0 F9000 X185.527 Y109.16
G1 F1500 X198.839 Y122.471 E1966.09477
G0 F9000 X198.839 Y121.905
G1 F1500 X186.093 Y109.16 E1966.69428
G0 F9000 X186.659 Y109.16
G1 F1500 X198.839 Y121.34 E1967.26719
G0 F9000 X198.839 Y120.774
G1 F1500 X187.224 Y109.16 E1967.8135
G0 F9000 X187.79 Y109.16
G1 F1500 X198.839 Y120.208 E1968.33318
G0 F9000 X198.839 Y119.643
G1 F1500 X188.356 Y109.16 E1968.82627
G0 F9000 X188.921 Y109.16
G1 F1500 X198.839 Y119.077 E1969.29276
G0 F9000 X198.839 Y118.511
G1 F1500 X189.487 Y109.16 E1969.73263
G0 F9000 X190.053 Y109.16
G1 F1500 X198.839 Y117.946 E1970.14589
G0 F9000 X198.839 Y117.38
G1 F1500 X190.619 Y109.16 E1970.53254
G0 F9000 X191.184 Y109.16
G1 F1500 X198.839 Y116.814 E1970.89258
G0 F9000 X198.839 Y116.249
G1 F1500 X191.75 Y109.16 E1971.22603
G0 F9000 X192.316 Y109.16
G1 F1500 X198.839 Y115.683 E1971.53285
G0 F9000 X198.839 Y115.117
G1 F1500 X192.881 Y109.16 E1971.81307
G0 F9000 X193.447 Y109.16
G1 F1500 X198.839 Y114.552 E1972.06669
G0 F9000 X198.839 Y113.986
G1 F1500 X194.013 Y109.16 E1972.29369
G0 F9000 X194.578 Y109.16
G1 F1500 X198.839 Y113.42 E1972.49409
G0 F9000 X198.839 Y112.854
G1 F1500 X195.144 Y109.16 E1972.66787
G0 F9000 X195.71 Y109.16
G1 F1500 X198.839 Y112.289 E1972.81505
G0 F9000 X198.839 Y111.723
G1 F1500 X196.275 Y109.16 E1972.93563
G0 F9000 X196.841 Y109.16
G1 F1500 X198.839 Y111.157 E1973.02959
G0 F9000 X198.839 Y110.592
G1 F1500 X197.407 Y109.16 E1973.09694
G0 F9000 X197.972 Y109.16
G1 F1500 X198.839 Y110.026 E1973.1377
G0 F9000 X198.839 Y109.46
G1 F1500 X198.538 Y109.16 E1973.15184
G1 F2700 E1968.15184
;MESH:NONMESH
G0 F300 X198.538 Y109.16 Z2
G0 F9000 X198.538 Y108.7
G0 X199.228 Y108.772
G0 X199.228 Y126.228 ;T9.452 R8.000 A1.570 C421.66713599999986 FILLET CORNER
G0 X175.072 Y126.239 ;T-79.003 R8.000 A0.155 C54.41318300000038 FILLET CORNER
G0 X160.635 Y123.993 ;T-140.840 R8.000 A0.103 C-12.441265000000161 FILLET CORNER
G0 X152.351 Y123.566 ;T-318.973 R8.000 A0.049 C-25.682137999999554 FILLET CORNER
G0 X88.985 Y123.4
;TIME_ELAPSED:2759.907613
;LAYER:9
;TYPE:WALL-INNER
;MESH:D638-22 Type I Tensile Specimen.STL
G1 F2700 E1973.15184
G1 F1500 X146.017 Y123.4 E1975.04873
G1 X153.345 Y123.589 E1975.29254
G1 X160.654 Y124.156 E1975.53637
G1 X167.896 Y125.094 E1975.77925
G1 X175.057 Y126.4 E1976.02135
G1 X199.4 Y126.4 E1976.831 ;T16.343 R8.000 A1.571 C-216.6527000000003 FILLET CORNER
G1 X199.4 Y117.5 E1977.12702
G1 X199.4 Y108.6 E1977.42304 ;T0.900 R8.000 A1.571 C-216.67050000000012 FILLET CORNER
G1 X175.055 Y108.6 E1978.23275
G1 X167.894 Y109.906 E1978.47486
G1 X160.654 Y110.844 E1978.71767
G1 X153.343 Y111.411 E1978.96157
G1 X146.015 Y111.6 E1979.20538
G1 X88.983 Y111.6 E1981.10227
G1 X81.655 Y111.411 E1981.34608
G1 X74.346 Y110.844 E1981.58991
G1 X67.104 Y109.906 E1981.83279
G1 X59.943 Y108.6 E1982.0749
G1 X35.6 Y108.6 E1982.88455 ;T16.343 R8.000 A1.571 C-433.3054000000002 FILLET CORNER
G1 X35.6 Y126.4 E1983.47658 ;T9.800 R8.000 A1.571 C-433.34100000000024 FILLET CORNER
G1 X59.945 Y126.4 E1984.2863
G1 X67.106 Y125.094 E1984.5284
G1 X74.346 Y124.156 E1984.77122
G1 X81.657 Y123.589 E1985.01511
G1 X88.985 Y123.4 E1985.25893
G1 F2700 E1980.25893
G0 F9000 X74.325 Y123.997 ;T-125.765 R8.000 A0.114 C-24.273905000000138 FILLET CORNER
G0 X59.93 Y126.239 ;T-88.476 R8.000 A0.155 C54.320581000000246 FILLET CORNER
G0 X35.772 Y126.228 ;T16.154 R8.000 A1.570 C421.70204799999976 FILLET CORNER
G0 X35.772 Y108.772 ;T9.452 R8.000 A1.570 C421.6671359999997 FILLET CORNER
G0 X59.928 Y108.761 ;T-79.048 R8.000 A0.155 C44.044209000000066 FILLET CORNER
G0 X71.619 Y110.579 ;T-166.367 R8.000 A0.090 C-18.44317799999996 FILLET CORNER
G0 X88.979 Y111.701
G1 F2700 E1985.25893
G0 F9000 X88.993 Y111.2
;TYPE:WALL-OUTER
G1 F1500 X146.005 Y111.2 E1987.15515
G1 X153.302 Y111.012 E1987.39793
G1 X160.592 Y110.448 E1987.64112
G1 X167.842 Y109.509 E1987.88427
G1 X175.019 Y108.2 E1988.12692
G1 X199.8 Y108.2 E1988.95114 ;T16.781 R8.000 A1.571 C230.46329999999998 FILLET CORNER
G1 X199.8 Y117.5 E1989.26046
G1 X199.8 Y126.8 E1989.56978 ;T1.300 R8.000 A1.571 C230.44470000000015 FILLET CORNER
G1 X175.021 Y126.8 E1990.39393
G1 X167.854 Y125.493 E1990.63624
G1 X160.602 Y124.553 E1990.87946
G1 X153.314 Y123.988 E1991.12258
G1 X146.007 Y123.8 E1991.3657
G1 X88.995 Y123.8 E1993.26192
G1 X81.698 Y123.988 E1993.5047
G1 X74.408 Y124.552 E1993.74789
G1 X67.158 Y125.491 E1993.99104
G1 X59.981 Y126.8 E1994.23369
G1 X35.2 Y126.8 E1995.05791 ;T16.781 R8.000 A1.571 C460.92659999999984 FILLET CORNER
G1 X35.2 Y108.2 E1995.67655 ;T10.600 R8.000 A1.571 C460.8893999999998 FILLET CORNER
G1 X59.979 Y108.2 E1996.5007
G1 X67.146 Y109.507 E1996.74301
G1 X74.398 Y110.447 E1996.98623
G1 X81.686 Y111.012 E1997.22935
G1 X88.993 Y111.2 E1997.47247
G0 F9000 X88.975 Y111.96
;TYPE:SKIN
G1 F1500 X146.024 Y111.96 E1999.36992
G1 X153.321 Y111.772 E1999.6127
G1 X160.651 Y111.206 E1999.85723
G1 X167.981 Y110.257 E2000.10306
G1 X175.089 Y108.96 E2000.34337
G1 X199.04 Y108.96 E2001.13999 ;T15.951 R8.000 A1.571 C204.54154000000008 FILLET CORNER
G1 X199.04 Y117.5 E2001.42403
G1 X199.04 Y126.04 E2001.70807 ;T0.540 R8.000 A1.571 C204.51591999999997 FILLET CORNER
G1 X175.092 Y126.04 E2002.50458
G1 X167.99 Y124.744 E2002.7447
G1 X160.7 Y123.799 E2002.98919
G1 X153.372 Y123.23 E2003.23366
G1 X146.027 Y123.04 E2003.47804
G1 X88.977 Y123.04 E2005.37553
G1 X81.64 Y123.23 E2005.61964
G1 X74.347 Y123.794 E2005.86293
G1 X67.023 Y124.742 E2006.10856
G1 X59.911 Y126.04 E2006.34901
G1 X35.96 Y126.04 E2007.14562 ;T15.951 R8.000 A1.571 C409.08308000000034 FILLET CORNER
G1 X35.96 Y108.96 E2007.71371 ;T9.080 R8.000 A1.571 C409.03184000000033 FILLET CORNER
G1 X59.908 Y108.96 E2008.51022
G1 X67.01 Y110.256 E2008.75034
G1 X74.335 Y111.205 E2008.996
G1 X81.629 Y111.77 E2009.23933
G1 X88.975 Y111.96 E2009.48374
G1 F2700 E2004.48374
G0 F9000 X88.979 Y111.701
G0 X69.848 Y110.443 ;T-137.099 R8.000 A0.102 C19.698982000000086 FILLET CORNER
G0 X59.928 Y108.761 ;T-86.461 R8.000 A0.165 C-39.26837200000011 FILLET CORNER
G0 X36.222 Y108.7
G1 F2700 E2009.48374
G0 F9000 X36.222 Y109.158
G1 F1500 X36.16 Y109.221 E2009.48668
G0 F9000 X36.16 Y109.786
G1 F1500 X36.787 Y109.158 E2009.51619
G0 F9000 X37.353 Y109.158
G1 F1500 X36.16 Y110.352 E2009.57233
G0 F9000 X36.16 Y110.918
G1 F1500 X37.919 Y109.158 E2009.65509
G0 F9000 X38.484 Y109.158
G1 F1500 X36.16 Y111.483 E2009.76443
G0 F9000 X36.16 Y112.049
G1 F1500 X39.05 Y109.158 E2009.90039
G0 F9000 X39.616 Y109.158
G1 F1500 X36.16 Y112.615 E2010.06298
G0 F9000 X36.16 Y113.18
G1 F1500 X40.182 Y109.158 E2010.25216
G0 F9000 X40.747 Y109.158
G1 F1500 X36.16 Y113.746 E2010.46794
G0 F9000 X36.16 Y114.312
G1 F1500 X41.313 Y109.158 E2010.71034
G0 F9000 X41.879 Y109.158
G1 F1500 X36.16 Y114.877 E2010.97935
G0 F9000 X36.16 Y115.443
G1 F1500 X42.444 Y109.158 E2011.27495
G0 F9000 X43.01 Y109.158
G1 F1500 X36.16 Y116.009 E2011.59718
G0 F9000 X36.16 Y116.575
G1 F1500 X43.576 Y109.158 E2011.94603
G0 F9000 X44.141 Y109.158
G1 F1500 X36.16 Y117.14 E2012.32145
G0 F9000 X36.16 Y117.706
G1 F1500 X44.707 Y109.158 E2012.7235
G0 F9000 X45.273 Y109.158
G1 F1500 X36.16 Y118.272 E2013.15217
G0 F9000 X36.16 Y118.837
G1 F1500 X45.838 Y109.158 E2013.60742
G0 F9000 X46.404 Y109.158
G1 F1500 X36.16 Y119.403 E2014.08929
G0 F9000 X36.16 Y119.969
G1 F1500 X46.97 Y109.158 E2014.59778
G0 F9000 X47.535 Y109.158
G1 F1500 X36.16 Y120.534 E2015.13285
G0 F9000 X36.16 Y121.1
G1 F1500 X48.101 Y109.158 E2015.69454
G0 F9000 X48.667 Y109.158
G1 F1500 X36.16 Y121.666 E2016.28286
G0 F9000 X36.16 Y122.231
G1 F1500 X49.233 Y109.158 E2016.89777
G0 F9000 X49.798 Y109.158
G1 F1500 X36.16 Y122.797 E2017.53928
G0 F9000 X36.16 Y123.363
G1 F1500 X50.364 Y109.158 E2018.20742
G0 F9000 X50.93 Y109.158
G1 F1500 X36.16 Y123.928 E2018.90216
G0 F9000 X36.16 Y124.494
G1 F1500 X51.495 Y109.158 E2019.62349
G0 F9000 X52.061 Y109.158
G1 F1500 X36.16 Y125.06 E2020.37145
G0 F9000 X36.16 Y125.626
G1 F1500 X52.627 Y109.158 E2021.14603
G0 F9000 X53.192 Y109.158
G1 F1500 X36.512 Y125.839 E2021.93063
G0 F9000 X37.077 Y125.839
G1 F1500 X53.758 Y109.158 E2022.71525
G0 F9000 X54.324 Y109.158
G1 F1500 X37.643 Y125.839 E2023.49987
G0 F9000 X38.209 Y125.839
G1 F1500 X54.889 Y109.158 E2024.28447
G0 F9000 X55.455 Y109.158
G1 F1500 X38.774 Y125.839 E2025.0691
G0 F9000 X39.34 Y125.839
G1 F1500 X56.021 Y109.158 E2025.85372
G0 F9000 X56.586 Y109.158
G1 F1500 X39.906 Y125.839 E2026.63832
G0 F9000 X40.471 Y125.839
G1 F1500 X57.152 Y109.158 E2027.42294
G0 F9000 X57.718 Y109.158
G1 F1500 X41.037 Y125.839 E2028.20757
G0 F9000 X41.603 Y125.839
G1 F1500 X58.283 Y109.158 E2028.99217
G0 F9000 X58.849 Y109.158
G1 F1500 X42.169 Y125.839 E2029.77677
G0 F9000 X42.734 Y125.839
G1 F1500 X59.415 Y109.158 E2030.56139
G0 F9000 X59.966 Y109.173
G1 F1500 X43.3 Y125.839 E2031.34531
G0 F9000 X43.866 Y125.839
G1 F1500 X60.444 Y109.26 E2032.12511
G0 F9000 X60.923 Y109.347
G1 F1500 X44.431 Y125.839 E2032.90084
G0 F9000 X44.997 Y125.839
G1 F1500 X61.401 Y109.435 E2033.67244
G0 F9000 X61.88 Y109.522
G1 F1500 X45.563 Y125.839 E2034.43994
G0 F9000 X46.128 Y125.839
G1 F1500 X62.359 Y109.609 E2035.20337
G0 F9000 X62.837 Y109.697
G1 F1500 X46.694 Y125.839 E2035.96266
G0 F9000 X47.26 Y125.839
G1 F1500 X63.315 Y109.783 E2036.71786
G0 F9000 X63.793 Y109.871
G1 F1500 X47.825 Y125.839 E2037.46895
G0 F9000 X48.391 Y125.839
G1 F1500 X64.272 Y109.958 E2038.21594
G0 F9000 X64.75 Y110.046
G1 F1500 X48.957 Y125.839 E2038.9588
G0 F9000 X49.522 Y125.839
G1 F1500 X65.229 Y110.133 E2039.69758
G0 F9000 X65.707 Y110.22
G1 F1500 X50.088 Y125.839 E2040.43225
G0 F9000 X50.654 Y125.839
G1 F1500 X66.185 Y110.307 E2041.16281
G0 F9000 X66.664 Y110.394
G1 F1500 X51.219 Y125.839 E2041.88929
G0 F9000 X51.785 Y125.839
G1 F1500 X67.149 Y110.475 E2042.61197
G0 F9000 X67.651 Y110.539
G1 F1500 X52.351 Y125.839 E2043.33163
G0 F9000 X52.917 Y125.839
G1 F1500 X68.151 Y110.604 E2044.04822
G0 F9000 X68.652 Y110.669
G1 F1500 X53.482 Y125.839 E2044.76177
G0 F9000 X54.048 Y125.839
G1 F1500 X69.153 Y110.734 E2045.47226
G0 F9000 X69.654 Y110.799
G1 F1500 X54.614 Y125.839 E2046.1797
G0 F9000 X55.179 Y125.839
G1 F1500 X70.155 Y110.863 E2046.88412
G0 F9000 X70.656 Y110.928
G1 F1500 X55.745 Y125.839 E2047.58549
G0 F9000 X56.311 Y125.839
G1 F1500 X71.156 Y110.993 E2048.28378
G0 F9000 X71.658 Y111.058
G1 F1500 X56.876 Y125.839 E2048.97905
G0 F9000 X57.442 Y125.839
G1 F1500 X72.158 Y111.123 E2049.67125
G0 F9000 X72.66 Y111.187
G1 F1500 X58.008 Y125.839 E2050.36043
G0 F9000 X58.573 Y125.839
G1 F1500 X73.16 Y111.252 E2051.04656
G0 F9000 X73.661 Y111.317
G1 F1500 X59.139 Y125.839 E2051.72963
G0 F9000 X59.705 Y125.839
G1 F1500 X74.162 Y111.382 E2052.40964
G0 F9000 X74.679 Y111.43
G1 F1500 X60.355 Y125.755 E2053.08343
G0 F9000 X61.046 Y125.629
G1 F1500 X75.204 Y111.471 E2053.74937
G0 F9000 X75.729 Y111.512
G1 F1500 X61.738 Y125.502 E2054.40744
G0 F9000 X62.431 Y125.376
G1 F1500 X76.255 Y111.552 E2055.05768
G0 F9000 X76.779 Y111.593
G1 F1500 X63.123 Y125.249 E2055.70002
G0 F9000 X63.814 Y125.123
G1 F1500 X77.305 Y111.633 E2056.33457
G0 F9000 X77.829 Y111.674
G1 F1500 X64.507 Y124.997 E2056.96122
G0 F9000 X65.199 Y124.87
G1 F1500 X78.355 Y111.715 E2057.58002
G0 F9000 X78.88 Y111.755
G1 F1500 X65.891 Y124.744 E2058.19098
G0 F9000 X66.583 Y124.618
G1 F1500 X79.405 Y111.796 E2058.79409
G0 F9000 X79.93 Y111.836
G1 F1500 X67.257 Y124.51 E2059.39021
G0 F9000 X67.906 Y124.426
G1 F1500 X80.455 Y111.877 E2059.98047
G0 F9000 X80.98 Y111.918
G1 F1500 X68.556 Y124.341 E2060.56484
G0 F9000 X69.206 Y124.257
G1 F1500 X81.506 Y111.958 E2061.14337
G0 F9000 X82.05 Y111.979
G1 F1500 X69.857 Y124.172 E2061.71689
G0 F9000 X70.507 Y124.088
G1 F1500 X82.602 Y111.993 E2062.2858
G0 F9000 X83.153 Y112.007
G1 F1500 X71.156 Y124.004 E2062.8501
G0 F9000 X71.806 Y123.92
G1 F1500 X83.705 Y112.021 E2063.4098
G0 F9000 X84.256 Y112.036
G1 F1500 X72.456 Y123.836 E2063.96483
G0 F9000 X73.106 Y123.752
G1 F1500 X84.807 Y112.05 E2064.51523
G0 F9000 X85.359 Y112.065
G1 F1500 X73.756 Y123.667 E2065.06098
G0 F9000 X74.401 Y123.588
G1 F1500 X85.91 Y112.079 E2065.60233
G0 F9000 X86.461 Y112.094
G1 F1500 X75.014 Y123.541 E2066.14076
G0 F9000 X75.627 Y123.494
G1 F1500 X87.013 Y112.108 E2066.67632
G0 F9000 X87.564 Y112.122
G1 F1500 X76.24 Y123.446 E2067.20897
G0 F9000 X76.853 Y123.399
G1 F1500 X88.116 Y112.136 E2067.73875
G0 F9000 X88.667 Y112.15
G1 F1500 X77.466 Y123.351 E2068.26561
G0 F9000 X78.08 Y123.303
G1 F1500 X89.224 Y112.159 E2068.78979
G0 F9000 X89.79 Y112.159
G1 F1500 X78.693 Y123.256 E2069.31176
G0 F9000 X79.306 Y123.209
G1 F1500 X90.356 Y112.159 E2069.83151
G0 F9000 X90.921 Y112.159
G1 F1500 X79.919 Y123.161 E2070.34901
G0 F9000 X80.532 Y123.114
G1 F1500 X91.487 Y112.159 E2070.8643
G0 F9000 X92.053 Y112.159
G1 F1500 X81.145 Y123.066 E2071.37736
G0 F9000 X81.751 Y123.026
G1 F1500 X92.618 Y112.159 E2071.88851
G0 F9000 X93.184 Y112.159
G1 F1500 X82.331 Y123.011 E2072.39898
G0 F9000 X82.912 Y122.996
G1 F1500 X93.75 Y112.159 E2072.90874
G0 F9000 X94.316 Y112.159
G1 F1500 X83.493 Y122.982 E2073.41782
G0 F9000 X84.074 Y122.966
G1 F1500 X94.881 Y112.159 E2073.92615
G0 F9000 X95.447 Y112.159
G1 F1500 X84.654 Y122.951 E2074.4338
G0 F9000 X85.235 Y122.936
G1 F1500 X96.013 Y112.159 E2074.94074
G0 F9000 X96.578 Y112.159
G1 F1500 X85.816 Y122.921 E2075.44695
G0 F9000 X86.397 Y122.906
G1 F1500 X97.144 Y112.159 E2075.95245
G0 F9000 X97.71 Y112.159
G1 F1500 X86.977 Y122.891 E2076.45728
G0 F9000 X87.558 Y122.876
G1 F1500 X98.275 Y112.159 E2076.96137
G0 F9000 X98.841 Y112.159
G1 F1500 X88.139 Y122.861 E2077.46476
G0 F9000 X88.719 Y122.846
G1 F1500 X99.407 Y112.159 E2077.96747
G0 F9000 X99.972 Y112.159
G1 F1500 X89.292 Y122.84 E2078.46985
G0 F9000 X89.857 Y122.84
G1 F1500 X100.538 Y112.159 E2078.97225
G0 F9000 X101.104 Y112.159
G1 F1500 X90.423 Y122.84 E2079.47465
G0 F9000 X90.989 Y122.84
G1 F1500 X101.669 Y112.159 E2079.97703
G0 F9000 X102.235 Y112.159
G1 F1500 X91.554 Y122.84 E2080.47943
G0 F9000 X92.12 Y122.84
G1 F1500 X102.801 Y112.159 E2080.98183
G0 F9000 X103.366 Y112.159
G1 F1500 X92.686 Y122.84 E2081.48421
G0 F9000 X93.251 Y122.84
G1 F1500 X103.932 Y112.159 E2081.98661
G0 F9000 X104.498 Y112.159
G1 F1500 X93.817 Y122.84 E2082.48901
G0 F9000 X94.383 Y122.84
G1 F1500 X105.064 Y112.159 E2082.99141
G0 F9000 X105.629 Y112.159
G1 F1500 X94.948 Y122.84 E2083.49381
G0 F9000 X95.514 Y122.84
G1 F1500 X106.195 Y112.159 E2083.99622
G0 F9000 X106.761 Y112.159
G1 F1500 X96.08 Y122.84 E2084.49862
G0 F9000 X96.645 Y122.84
G1 F1500 X107.326 Y112.159 E2085.00102
G0 F9000 X107.892 Y112.159
G1 F1500 X97.211 Y122.84 E2085.50342
G0 F9000 X97.777 Y122.84
G1 F1500 X108.458 Y112.159 E2086.00582
G0 F9000 X109.023 Y112.159
G1 F1500 X98.342 Y122.84 E2086.50822
G0 F9000 X98.908 Y122.84
G1 F1500 X109.589 Y112.159 E2087.01062
G0 F9000 X110.155 Y112.159
G1 F1500 X99.474 Y122.84 E2087.51303
G0 F9000 X100.04 Y122.84
G1 F1500 X110.72 Y112.159 E2088.0154
G0 F9000 X111.286 Y112.159
G1 F1500 X100.605 Y122.84 E2088.51781
G0 F9000 X101.171 Y122.84
G1 F1500 X111.852 Y112.159 E2089.02021
G0 F9000 X112.417 Y112.159
G1 F1500 X101.737 Y122.84 E2089.52259
G0 F9000 X102.302 Y122.84
G1 F1500 X112.983 Y112.159 E2090.02499
G0 F9000 X113.549 Y112.159
G1 F1500 X102.868 Y122.84 E2090.52739
G0 F9000 X103.434 Y122.84
G1 F1500 X114.115 Y112.159 E2091.02979
G0 F9000 X114.68 Y112.159
G1 F1500 X103.999 Y122.84 E2091.53219
G0 F9000 X104.565 Y122.84
G1 F1500 X115.246 Y112.159 E2092.03459
G0 F9000 X115.812 Y112.159
G1 F1500 X105.131 Y122.84 E2092.53699
G0 F9000 X105.696 Y122.84
G1 F1500 X116.377 Y112.159 E2093.0394
G0 F9000 X116.943 Y112.159
G1 F1500 X106.262 Y122.84 E2093.5418
G0 F9000 X106.828 Y122.84
G1 F1500 X117.508 Y112.159 E2094.04418
G0 F9000 X118.074 Y112.159
G1 F1500 X107.393 Y122.84 E2094.54658
G0 F9000 X107.959 Y122.84
G1 F1500 X118.639 Y112.159 E2095.04895
G0 F9000 X119.205 Y112.159
G1 F1500 X108.525 Y122.84 E2095.55133
G0 F9000 X109.091 Y122.84
G1 F1500 X119.771 Y112.159 E2096.05371
G0 F9000 X120.336 Y112.159
G1 F1500 X109.656 Y122.84 E2096.55609
G0 F9000 X110.222 Y122.84
G1 F1500 X120.902 Y112.159 E2097.05847
G0 F9000 X121.468 Y112.159
G1 F1500 X110.788 Y122.84 E2097.56084
G0 F9000 X111.353 Y122.84
G1 F1500 X122.033 Y112.159 E2098.06322
G0 F9000 X122.599 Y112.159
G1 F1500 X111.919 Y122.84 E2098.5656
G0 F9000 X112.485 Y122.84
G1 F1500 X123.165 Y112.159 E2099.06798
G0 F9000 X123.73 Y112.159
G1 F1500 X113.05 Y122.84 E2099.57036
G0 F9000 X113.616 Y122.84
G1 F1500 X124.296 Y112.159 E2100.07273
G0 F9000 X124.862 Y112.159
G1 F1500 X114.182 Y122.84 E2100.57511
G0 F9000 X114.747 Y122.84
G1 F1500 X125.428 Y112.159 E2101.07751
G0 F9000 X125.993 Y112.159
G1 F1500 X115.313 Y122.84 E2101.57989
G0 F9000 X115.879 Y122.84
G1 F1500 X126.559 Y112.159 E2102.08227
G0 F9000 X127.125 Y112.159
G1 F1500 X116.444 Y122.84 E2102.58467
G0 F9000 X117.01 Y122.84
G1 F1500 X127.69 Y112.159 E2103.08705
G0 F9000 X128.256 Y112.159
G1 F1500 X117.576 Y122.84 E2103.58943
G0 F9000 X118.141 Y122.84
G1 F1500 X128.822 Y112.159 E2104.09183
G0 F9000 X129.387 Y112.159
G1 F1500 X118.707 Y122.84 E2104.59421
G0 F9000 X119.273 Y122.84
G1 F1500 X129.953 Y112.159 E2105.09658
G0 F9000 X130.519 Y112.159
G1 F1500 X119.839 Y122.84 E2105.59896
G0 F9000 X120.404 Y122.84
G1 F1500 X131.084 Y112.159 E2106.10134
G0 F9000 X131.65 Y112.159
G1 F1500 X120.97 Y122.84 E2106.60372
G0 F9000 X121.536 Y122.84
G1 F1500 X132.216 Y112.159 E2107.1061
G0 F9000 X132.781 Y112.159
G1 F1500 X122.101 Y122.84 E2107.60847
G0 F9000 X122.667 Y122.84
G1 F1500 X133.347 Y112.159 E2108.11085
G0 F9000 X133.913 Y112.159
G1 F1500 X123.233 Y122.84 E2108.61323
G0 F9000 X123.798 Y122.84
G1 F1500 X134.478 Y112.159 E2109.11561
G0 F9000 X135.044 Y112.159
G1 F1500 X124.364 Y122.84 E2109.61799
G0 F9000 X124.93 Y122.84
G1 F1500 X135.61 Y112.159 E2110.12036
G0 F9000 X136.176 Y112.159
G1 F1500 X125.495 Y122.84 E2110.62277
G0 F9000 X126.061 Y122.84
G1 F1500 X136.741 Y112.159 E2111.12514
G0 F9000 X137.307 Y112.159
G1 F1500 X126.627 Y122.84 E2111.62752
G0 F9000 X127.192 Y122.84
G1 F1500 X137.873 Y112.159 E2112.12992
G0 F9000 X138.438 Y112.159
G1 F1500 X127.758 Y122.84 E2112.6323
G0 F9000 X128.324 Y122.84
G1 F1500 X139.004 Y112.159 E2113.13468
G0 F9000 X139.57 Y112.159
G1 F1500 X128.89 Y122.84 E2113.63706
G0 F9000 X129.455 Y122.84
G1 F1500 X140.135 Y112.159 E2114.13944
G0 F9000 X140.701 Y112.159
G1 F1500 X130.021 Y122.84 E2114.64181
G0 F9000 X130.587 Y122.84
G1 F1500 X141.267 Y112.159 E2115.14419
G0 F9000 X141.832 Y112.159
G1 F1500 X131.152 Y122.84 E2115.64657
G0 F9000 X131.718 Y122.84
G1 F1500 X142.398 Y112.159 E2116.14895
G0 F9000 X142.964 Y112.159
G1 F1500 X132.284 Y122.84 E2116.65133
G0 F9000 X132.849 Y122.84
G1 F1500 X143.529 Y112.159 E2117.1537
G0 F9000 X144.095 Y112.159
G1 F1500 X133.415 Y122.84 E2117.65608
G0 F9000 X133.981 Y122.84
G1 F1500 X144.661 Y112.159 E2118.15846
G0 F9000 X145.227 Y112.159
G1 F1500 X134.546 Y122.84 E2118.66086
G0 F9000 X135.112 Y122.84
G1 F1500 X145.792 Y112.159 E2119.16324
G0 F9000 X146.366 Y112.151
G1 F1500 X135.678 Y122.84 E2119.66599
G0 F9000 X136.243 Y122.84
G1 F1500 X146.947 Y112.136 E2120.16948
G0 F9000 X147.527 Y112.121
G1 F1500 X136.809 Y122.84 E2120.67364
G0 F9000 X137.375 Y122.84
G1 F1500 X148.109 Y112.106 E2121.17854
G0 F9000 X148.689 Y112.091
G1 F1500 X137.94 Y122.84 E2121.68414
G0 F9000 X138.506 Y122.84
G1 F1500 X149.27 Y112.076 E2122.19044
G0 F9000 X149.851 Y112.06
G1 F1500 X139.072 Y122.84 E2122.69748
G0 F9000 X139.638 Y122.84
G1 F1500 X150.432 Y112.046 E2123.20519
G0 F9000 X151.012 Y112.031
G1 F1500 X140.203 Y122.84 E2123.71362
G0 F9000 X140.769 Y122.84
G1 F1500 X151.593 Y112.016 E2124.22274
G0 F9000 X152.174 Y112
G1 F1500 X141.335 Y122.84 E2124.7326
G0 F9000 X141.9 Y122.84
G1 F1500 X152.754 Y111.985 E2125.24316
G0 F9000 X153.335 Y111.971
G1 F1500 X142.466 Y122.84 E2125.75441
G0 F9000 X143.032 Y122.84
G1 F1500 X153.947 Y111.924 E2126.26784
G0 F9000 X154.561 Y111.876
G1 F1500 X143.597 Y122.84 E2126.78355
G0 F9000 X144.163 Y122.84
G1 F1500 X155.174 Y111.828 E2127.3015
G0 F9000 X155.787 Y111.781
G1 F1500 X144.729 Y122.84 E2127.82166
G0 F9000 X145.294 Y122.84
G1 F1500 X156.4 Y111.734 E2128.34405
G0 F9000 X157.013 Y111.686
G1 F1500 X145.86 Y122.84 E2128.86868
G0 F9000 X146.415 Y122.85
G1 F1500 X157.626 Y111.639 E2129.39601
G0 F9000 X158.24 Y111.591
G1 F1500 X146.967 Y122.864 E2129.92625
G0 F9000 X147.518 Y122.878
G1 F1500 X158.853 Y111.543 E2130.45942
G0 F9000 X159.466 Y111.496
G1 F1500 X148.07 Y122.893 E2130.99547
G0 F9000 X148.621 Y122.907
G1 F1500 X160.079 Y111.449 E2131.53442
G0 F9000 X160.693 Y111.401
G1 F1500 X149.173 Y122.921 E2132.07629
G0 F9000 X149.724 Y122.935
G1 F1500 X161.343 Y111.316 E2132.62281
G0 F9000 X161.993 Y111.232
G1 F1500 X150.276 Y122.949 E2133.17394
G0 F9000 X150.827 Y122.963
G1 F1500 X162.643 Y111.148 E2133.72971
G0 F9000 X163.292 Y111.064
G1 F1500 X151.379 Y122.977 E2134.29006
G0 F9000 X151.93 Y122.992
G1 F1500 X163.942 Y110.98 E2134.85507
G0 F9000 X164.592 Y110.896
G1 F1500 X152.481 Y123.006 E2135.42471
G0 F9000 X153.033 Y123.021
G1 F1500 X165.242 Y110.812 E2135.99898
G0 F9000 X165.892 Y110.727
G1 F1500 X153.575 Y123.045 E2136.57836
G0 F9000 X154.1 Y123.085
G1 F1500 X166.542 Y110.643 E2137.16359
G0 F9000 X167.191 Y110.559
G1 F1500 X154.625 Y123.126 E2137.75468
G0 F9000 X155.149 Y123.167
G1 F1500 X167.841 Y110.475 E2138.35167
G0 F9000 X168.521 Y110.361
G1 F1500 X155.675 Y123.207 E2138.95591
G0 F9000 X156.199 Y123.248
G1 F1500 X169.213 Y110.235 E2139.56803
G0 F9000 X169.905 Y110.109
G1 F1500 X156.724 Y123.289 E2140.188
G0 F9000 X157.249 Y123.33
G1 F1500 X170.597 Y109.982 E2140.81584
G0 F9000 X171.288 Y109.856
G1 F1500 X157.774 Y123.371 E2141.45153
G0 F9000 X158.299 Y123.412
G1 F1500 X171.981 Y109.73 E2142.09508
G0 F9000 X172.672 Y109.604
G1 F1500 X158.823 Y123.453 E2142.7465
G0 F9000 X159.348 Y123.494
G1 F1500 X173.364 Y109.477 E2143.40579
G0 F9000 X174.057 Y109.351
G1 F1500 X159.874 Y123.534 E2144.07292
G0 F9000 X160.398 Y123.575
G1 F1500 X174.748 Y109.225 E2144.7479
G0 F9000 X175.38 Y109.159
G1 F1500 X160.914 Y123.625 E2145.42833
G0 F9000 X161.414 Y123.69
G1 F1500 X175.945 Y109.159 E2146.11183
G0 F9000 X176.511 Y109.159
G1 F1500 X161.916 Y123.755 E2146.79835
G0 F9000 X162.416 Y123.82
G1 F1500 X177.077 Y109.159 E2147.48796
G0 F9000 X177.642 Y109.159
G1 F1500 X162.917 Y123.885 E2148.18061
G0 F9000 X163.418 Y123.95
G1 F1500 X178.208 Y109.159 E2148.87631
G0 F9000 X178.774 Y109.159
G1 F1500 X163.918 Y124.015 E2149.57509
G0 F9000 X164.42 Y124.079
G1 F1500 X179.339 Y109.159 E2150.27685
G0 F9000 X179.905 Y109.159
G1 F1500 X164.92 Y124.144 E2150.9817
G0 F9000 X165.421 Y124.209
G1 F1500 X180.471 Y109.159 E2151.68961
G0 F9000 X181.037 Y109.159
G1 F1500 X165.921 Y124.274 E2152.40059
G0 F9000 X166.423 Y124.339
G1 F1500 X181.602 Y109.159 E2153.11459
G0 F9000 X182.168 Y109.159
G1 F1500 X166.923 Y124.404 E2153.83167
G0 F9000 X167.424 Y124.469
G1 F1500 X182.734 Y109.159 E2154.55181
G0 F9000 X183.299 Y109.159
G1 F1500 X167.925 Y124.534 E2155.27497
G0 F9000 X168.407 Y124.617
G1 F1500 X183.865 Y109.159 E2156.00207
G0 F9000 X184.431 Y109.159
G1 F1500 X168.885 Y124.705 E2156.73331
G0 F9000 X169.364 Y124.792
G1 F1500 X184.996 Y109.159 E2157.46861
G0 F9000 X185.562 Y109.159
G1 F1500 X169.842 Y124.879 E2158.20803
G0 F9000 X170.32 Y124.966
G1 F1500 X186.128 Y109.159 E2158.95157
G0 F9000 X186.693 Y109.159
G1 F1500 X170.799 Y125.053 E2159.69917
G0 F9000 X171.278 Y125.14
G1 F1500 X187.259 Y109.159 E2160.45087
G0 F9000 X187.825 Y109.159
G1 F1500 X171.756 Y125.228 E2161.20671
G0 F9000 X172.234 Y125.315
G1 F1500 X188.39 Y109.159 E2161.96664
G0 F9000 X188.956 Y109.159
G1 F1500 X172.712 Y125.403 E2162.73071
G0 F9000 X173.191 Y125.49
G1 F1500 X189.522 Y109.159 E2163.49887
G0 F9000 X190.087 Y109.159
G1 F1500 X173.67 Y125.577 E2164.27109
G0 F9000 X174.148 Y125.664
G1 F1500 X190.653 Y109.159 E2165.04744
G0 F9000 X191.219 Y109.159
G1 F1500 X174.627 Y125.751 E2165.82788
G0 F9000 X175.105 Y125.839
G1 F1500 X191.785 Y109.159 E2166.61245
G0 F9000 X192.35 Y109.159
G1 F1500 X175.67 Y125.84 E2167.39705
G0 F9000 X176.235 Y125.84
G1 F1500 X192.916 Y109.159 E2168.18167
G0 F9000 X193.482 Y109.159
G1 F1500 X176.801 Y125.84 E2168.9663
G0 F9000 X177.367 Y125.84
G1 F1500 X194.047 Y109.159 E2169.7509
G0 F9000 X194.613 Y109.159
G1 F1500 X177.932 Y125.84 E2170.53552
G0 F9000 X178.498 Y125.84
G1 F1500 X195.179 Y109.159 E2171.32014
G0 F9000 X195.744 Y109.159
G1 F1500 X179.064 Y125.84 E2172.10474
G0 F9000 X179.629 Y125.84
G1 F1500 X196.31 Y109.159 E2172.88937
G0 F9000 X196.876 Y109.159
G1 F1500 X180.195 Y125.84 E2173.67399
G0 F9000 X180.761 Y125.84
G1 F1500 X197.441 Y109.159 E2174.45859
G0 F9000 X198.007 Y109.159
G1 F1500 X181.326 Y125.84 E2175.24321
G0 F9000 X181.892 Y125.84
G1 F1500 X198.573 Y109.159 E2176.02783
G0 F9000 X198.839 Y109.459
G1 F1500 X182.458 Y125.84 E2176.79835
G0 F9000 X183.023 Y125.84
G1 F1500 X198.839 Y110.025 E2177.54226
G0 F9000 X198.839 Y110.59
G1 F1500 X183.589 Y125.84 E2178.25957
G0 F9000 X184.155 Y125.84
G1 F1500 X198.839 Y111.156 E2178.95026
G0 F9000 X198.839 Y111.722
G1 F1500 X184.721 Y125.84 E2179.61433
G0 F9000 X185.286 Y125.84
G1 F1500 X198.839 Y112.287 E2180.25182
G0 F9000 X198.839 Y112.853
G1 F1500 X185.852 Y125.84 E2180.86269
G0 F9000 X186.418 Y125.84
G1 F1500 X198.839 Y113.419 E2181.44694
G0 F9000 X198.839 Y113.984
G1 F1500 X186.983 Y125.84 E2182.00461
G0 F9000 X187.549 Y125.84
G1 F1500 X198.839 Y114.55 E2182.53565
G0 F9000 X198.839 Y115.116
G1 F1500 X188.115 Y125.84 E2183.04008
G0 F9000 X188.68 Y125.84
G1 F1500 X198.839 Y115.681 E2183.51793
G0 F9000 X198.839 Y116.247
G1 F1500 X189.246 Y125.84 E2183.96915
G0 F9000 X189.812 Y125.84
G1 F1500 X198.839 Y116.813 E2184.39375
G0 F9000 X198.839 Y117.379
G1 F1500 X190.377 Y125.84 E2184.79176
G0 F9000 X190.943 Y125.84
G1 F1500 X198.839 Y117.944 E2185.16316
G0 F9000 X198.839 Y118.51
G1 F1500 X191.509 Y125.84 E2185.50794
G0 F9000 X192.074 Y125.84
G1 F1500 X198.839 Y119.076 E2185.82612
G0 F9000 X198.839 Y119.641
G1 F1500 X192.64 Y125.84 E2186.1177
G0 F9000 X193.206 Y125.84
G1 F1500 X198.839 Y120.207 E2186.38266
G0 F9000 X198.839 Y120.773
G1 F1500 X193.772 Y125.84 E2186.621
G0 F9000 X194.337 Y125.84
G1 F1500 X198.839 Y121.338 E2186.83276
G0 F9000 X198.839 Y121.904
G1 F1500 X194.903 Y125.84 E2187.0179
G0 F9000 X195.469 Y125.84
G1 F1500 X198.839 Y122.47 E2187.17641
G0 F9000 X198.839 Y123.035
G1 F1500 X196.034 Y125.84 E2187.30835
G0 F9000 X196.6 Y125.84
G1 F1500 X198.839 Y123.601 E2187.41367
G0 F9000 X198.839 Y124.167
G1 F1500 X197.166 Y125.84 E2187.49236
G0 F9000 X197.731 Y125.84
G1 F1500 X198.839 Y124.732 E2187.54448
G0 F9000 X198.839 Y125.298
G1 F1500 X198.297 Y125.84 E2187.56997
G1 F2700 E2182.56997
;MESH:NONMESH
G0 F300 X198.297 Y125.84 Z2.2
G0 F9000 X198.297 Y126.3
G0 X199.228 Y126.228
G0 X199.228 Y108.772 ;T9.452 R8.000 A1.570 C-421.702048 FILLET CORNER
G0 X175.07 Y108.761 ;T-78.987 R8.000 A0.155 C-54.417653000000406 FILLET CORNER
G0 X160.635 Y111.007 ;T-140.801 R8.000 A0.103 C12.444365000000179 FILLET CORNER
G0 X152.35 Y111.434 ;T-330.050 R8.000 A0.047 C24.847321999999558 FILLET CORNER
G0 X88.979 Y111.701
G1 F2700 E2187.56997
G0 F9000 X88.983 Y111.6
;TIME_ELAPSED:3049.249257
;LAYER:10
;TYPE:WALL-INNER
;MESH:D638-22 Type I Tensile Specimen.STL
G1 F1500 X146.015 Y111.6 E2189.46686
G1 X153.343 Y111.411 E2189.71067
G1 X160.654 Y110.844 E2189.95457
G1 X167.894 Y109.906 E2190.19738
G1 X175.055 Y108.6 E2190.43949
G1 X199.4 Y108.6 E2191.24921 ;T16.345 R8.000 A1.571 C216.67050000000012 FILLET CORNER
G1 X199.4 Y117.5 E2191.54522
G1 X199.4 Y126.4 E2191.84124 ;T0.900 R8.000 A1.571 C216.6527000000003 FILLET CORNER
G1 X175.057 Y126.4 E2192.65089
G1 X167.896 Y125.094 E2192.89299
G1 X160.654 Y124.156 E2193.13587
G1 X153.345 Y123.589 E2193.3797
G1 X146.017 Y123.4 E2193.62351
G1 X88.985 Y123.4 E2195.52041
G1 X81.657 Y123.589 E2195.76422
G1 X74.346 Y124.156 E2196.00811
G1 X67.106 Y125.094 E2196.25093
G1 X59.945 Y126.4 E2196.49303
G1 X35.6 Y126.4 E2197.30275 ;T16.345 R8.000 A1.571 C433.34100000000024 FILLET CORNER
G1 X35.6 Y108.6 E2197.89478 ;T9.800 R8.000 A1.571 C433.3054000000002 FILLET CORNER
G1 X59.943 Y108.6 E2198.70443
G1 X67.104 Y109.906 E2198.94654
G1 X74.346 Y110.844 E2199.18942
G1 X81.655 Y111.411 E2199.43325
G1 X88.983 Y111.6 E2199.67706
G1 F2700 E2194.67706
G0 F9000 X88.979 Y111.701
G0 X74.325 Y111.003 ;T-134.873 R8.000 A0.107 C22.805162000000145 FILLET CORNER
G0 X59.928 Y108.761 ;T-88.488 R8.000 A0.155 C-54.31611900000024 FILLET CORNER
G0 X35.772 Y108.772 ;T16.152 R8.000 A1.570 C-421.6671359999997 FILLET CORNER
G0 X35.772 Y126.228 ;T9.452 R8.000 A1.570 C-421.70204799999976 FILLET CORNER
G0 X59.93 Y126.239 ;T-78.973 R8.000 A0.155 C-54.41763100000037 FILLET CORNER
G0 X74.363 Y123.993 ;T-117.723 R8.000 A0.121 C25.76019000000028 FILLET CORNER
G0 X88.994 Y123.501
G1 F2700 E2199.67706
G0 F9000 X88.995 Y123.8
;TYPE:WALL-OUTER
G1 F1500 X146.007 Y123.8 E2201.57329
G1 X153.314 Y123.988 E2201.8164
G1 X160.602 Y124.553 E2202.05953
G1 X167.854 Y125.493 E2202.30275
G1 X175.021 Y126.8 E2202.54505
G1 X199.8 Y126.8 E2203.36921 ;T16.779 R8.000 A1.571 C-230.44470000000015 FILLET CORNER
G1 X199.8 Y117.5 E2203.67852
G1 X199.8 Y108.2 E2203.98784 ;T1.300 R8.000 A1.571 C-230.46329999999998 FILLET CORNER
G1 X175.019 Y108.2 E2204.81206
G1 X167.842 Y109.509 E2205.05471
G1 X160.592 Y110.448 E2205.29786
G1 X153.302 Y111.012 E2205.54105
G1 X146.005 Y111.2 E2205.78383
G1 X88.993 Y111.2 E2207.68006
G1 X81.686 Y111.012 E2207.92317
G1 X74.398 Y110.447 E2208.1663
G1 X67.146 Y109.507 E2208.40952
G1 X59.979 Y108.2 E2208.65182
G1 X35.2 Y108.2 E2209.47598 ;T16.779 R8.000 A1.571 C-460.8893999999998 FILLET CORNER
G1 X35.2 Y126.8 E2210.09461 ;T10.600 R8.000 A1.571 C-460.92659999999984 FILLET CORNER
G1 X59.981 Y126.8 E2210.91883
G1 X67.158 Y125.491 E2211.16148
G1 X74.408 Y124.552 E2211.40463
G1 X81.698 Y123.988 E2211.64782
G1 X88.995 Y123.8 E2211.8906
G0 F9000 X88.977 Y123.04
;TYPE:SKIN
G1 F1500 X146.027 Y123.04 E2213.78809
G1 X153.372 Y123.23 E2214.03247
G1 X160.7 Y123.799 E2214.27693
G1 X167.99 Y124.744 E2214.52143
G1 X175.092 Y126.04 E2214.76154
G1 X199.04 Y126.04 E2215.55806 ;T15.948 R8.000 A1.571 C-204.51591999999997 FILLET CORNER
G1 X199.04 Y117.5 E2215.8421
G1 X199.04 Y108.96 E2216.12614 ;T0.540 R8.000 A1.571 C-204.54154000000008 FILLET CORNER
G1 X175.089 Y108.96 E2216.92275
G1 X167.981 Y110.257 E2217.16307
G1 X160.651 Y111.206 E2217.4089
G1 X153.321 Y111.772 E2217.65342
G1 X146.024 Y111.96 E2217.8962
G1 X88.975 Y111.96 E2219.79366
G1 X81.629 Y111.77 E2220.03807
G1 X74.335 Y111.205 E2220.2814
G1 X67.01 Y110.256 E2220.52706
G1 X59.908 Y108.96 E2220.76718
G1 X35.96 Y108.96 E2221.56369 ;T15.948 R8.000 A1.571 C-409.03184000000033 FILLET CORNER
G1 X35.96 Y126.04 E2222.13177 ;T9.080 R8.000 A1.571 C-409.08308000000034 FILLET CORNER
G1 X59.911 Y126.04 E2222.92839
G1 X67.023 Y124.742 E2223.16884
G1 X74.347 Y123.794 E2223.41447
G1 X81.64 Y123.23 E2223.65776
G1 X88.977 Y123.04 E2223.90187
G1 F2700 E2218.90187
G0 F9000 X88.98 Y123.3
G0 X69.807 Y124.562 ;T-136.811 R8.000 A0.102 C-19.688347000000128 FILLET CORNER
G0 X59.93 Y126.239 ;T-86.388 R8.000 A0.166 C38.75501600000023 FILLET CORNER
G0 X36.461 Y126.3
G1 F2700 E2223.90187
G0 F9000 X36.461 Y125.839
G1 F1500 X36.16 Y125.538 E2223.91603
G0 F9000 X36.16 Y124.972
G1 F1500 X37.026 Y125.839 E2223.95679
G0 F9000 X37.592 Y125.839
G1 F1500 X36.16 Y124.406 E2224.02417
G0 F9000 X36.16 Y123.841
G1 F1500 X38.158 Y125.839 E2224.11815
G0 F9000 X38.723 Y125.839
G1 F1500 X36.16 Y123.275 E2224.23873
G0 F9000 X36.16 Y122.709
G1 F1500 X39.289 Y125.839 E2224.38593
G0 F9000 X39.855 Y125.839
G1 F1500 X36.16 Y122.144 E2224.55973
G0 F9000 X36.16 Y121.578
G1 F1500 X40.421 Y125.839 E2224.76016
G0 F9000 X40.986 Y125.839
G1 F1500 X36.16 Y121.012 E2224.98718
G0 F9000 X36.16 Y120.447
G1 F1500 X41.552 Y125.839 E2225.2408
G0 F9000 X42.118 Y125.839
G1 F1500 X36.16 Y119.881 E2225.52105
G0 F9000 X36.16 Y119.315
G1 F1500 X42.683 Y125.839 E2225.82789
G0 F9000 X43.249 Y125.839
G1 F1500 X36.16 Y118.75 E2226.16134
G0 F9000 X36.16 Y118.184
G1 F1500 X43.815 Y125.839 E2226.52141
G0 F9000 X44.38 Y125.839
G1 F1500 X36.16 Y117.618 E2226.90807
G0 F9000 X36.16 Y117.053
G1 F1500 X44.946 Y125.839 E2227.32134
G0 F9000 X45.512 Y125.839
G1 F1500 X36.16 Y116.487 E2227.76123
G0 F9000 X36.16 Y115.921
G1 F1500 X46.077 Y125.839 E2228.22772
G0 F9000 X46.643 Y125.839
G1 F1500 X36.16 Y115.355 E2228.72083
G0 F9000 X36.16 Y114.79
G1 F1500 X47.209 Y125.839 E2229.24054
G0 F9000 X47.774 Y125.839
G1 F1500 X36.16 Y114.224 E2229.78685
G0 F9000 X36.16 Y113.658
G1 F1500 X48.34 Y125.839 E2230.35979
G0 F9000 X48.906 Y125.839
G1 F1500 X36.16 Y113.093 E2230.95932
G0 F9000 X36.16 Y112.527
G1 F1500 X49.472 Y125.839 E2231.58547
G0 F9000 X50.037 Y125.839
G1 F1500 X36.16 Y111.961 E2232.23823
G0 F9000 X36.16 Y111.396
G1 F1500 X50.603 Y125.839 E2232.91758
G0 F9000 X51.169 Y125.839
G1 F1500 X36.16 Y110.83 E2233.62356
G0 F9000 X36.16 Y110.264
G1 F1500 X51.734 Y125.839 E2234.35614
G0 F9000 X52.3 Y125.839
G1 F1500 X36.16 Y109.699 E2235.11531
G0 F9000 X36.186 Y109.159
G1 F1500 X52.866 Y125.839 E2235.89989
G0 F9000 X53.431 Y125.839
G1 F1500 X36.751 Y109.159 E2236.68447
G0 F9000 X37.317 Y109.159
G1 F1500 X53.997 Y125.839 E2237.46904
G0 F9000 X54.563 Y125.839
G1 F1500 X37.883 Y109.159 E2238.25362
G0 F9000 X38.448 Y109.159
G1 F1500 X55.128 Y125.839 E2239.03819
G0 F9000 X55.694 Y125.839
G1 F1500 X39.014 Y109.159 E2239.82277
G0 F9000 X39.58 Y109.159
G1 F1500 X56.26 Y125.839 E2240.60735
G0 F9000 X56.825 Y125.839
G1 F1500 X40.145 Y109.159 E2241.39192
G0 F9000 X40.711 Y109.159
G1 F1500 X57.391 Y125.839 E2242.1765
G0 F9000 X57.957 Y125.839
G1 F1500 X41.277 Y109.159 E2242.96107
G0 F9000 X41.843 Y109.159
G1 F1500 X58.522 Y125.839 E2243.74563
G0 F9000 X59.088 Y125.839
G1 F1500 X42.408 Y109.159 E2244.5302
G0 F9000 X42.974 Y109.159
G1 F1500 X59.654 Y125.839 E2245.31478
G0 F9000 X60.169 Y125.788
G1 F1500 X43.54 Y109.159 E2246.09696
G0 F9000 X44.105 Y109.159
G1 F1500 X60.647 Y125.701 E2246.87504
G0 F9000 X61.125 Y125.613
G1 F1500 X44.671 Y109.159 E2247.64899
G0 F9000 X45.237 Y109.159
G1 F1500 X61.604 Y125.527 E2248.41886
G0 F9000 X62.082 Y125.439
G1 F1500 X45.802 Y109.159 E2249.18462
G0 F9000 X46.368 Y109.159
G1 F1500 X62.561 Y125.352 E2249.94629
G0 F9000 X63.039 Y125.264
G1 F1500 X46.934 Y109.159 E2250.70382
G0 F9000 X47.499 Y109.159
G1 F1500 X63.517 Y125.177 E2251.45726
G0 F9000 X63.995 Y125.09
G1 F1500 X48.065 Y109.159 E2252.20658
G0 F9000 X48.631 Y109.159
G1 F1500 X64.474 Y125.003 E2252.95181
G0 F9000 X64.952 Y124.915
G1 F1500 X49.196 Y109.159 E2253.69293
G0 F9000 X49.762 Y109.159
G1 F1500 X65.43 Y124.827 E2254.4299
G0 F9000 X65.909 Y124.74
G1 F1500 X50.328 Y109.159 E2255.16278
G0 F9000 X50.894 Y109.159
G1 F1500 X66.387 Y124.653 E2255.89155
G0 F9000 X66.866 Y124.566
G1 F1500 X51.459 Y109.159 E2256.61625
G0 F9000 X52.025 Y109.159
G1 F1500 X67.361 Y124.496 E2257.33763
G0 F9000 X67.862 Y124.43
G1 F1500 X52.591 Y109.159 E2258.05593
G0 F9000 X53.156 Y109.159
G1 F1500 X68.363 Y124.365 E2258.7712
G0 F9000 X68.863 Y124.3
G1 F1500 X53.722 Y109.159 E2259.48338
G0 F9000 X54.288 Y109.159
G1 F1500 X69.365 Y124.236 E2260.19256
G0 F9000 X69.865 Y124.171
G1 F1500 X54.853 Y109.159 E2260.89868
G0 F9000 X55.419 Y109.159
G1 F1500 X70.366 Y124.106 E2261.60174
G0 F9000 X70.866 Y124.041
G1 F1500 X55.985 Y109.159 E2262.30172
G0 F9000 X56.55 Y109.159
G1 F1500 X71.367 Y123.976 E2262.99867
G0 F9000 X71.868 Y123.911
G1 F1500 X57.116 Y109.159 E2263.69256
G0 F9000 X57.682 Y109.159
G1 F1500 X72.369 Y123.846 E2264.38339
G0 F9000 X72.87 Y123.781
G1 F1500 X58.247 Y109.159 E2265.07118
G0 F9000 X58.813 Y109.159
G1 F1500 X73.37 Y123.716 E2265.7559
G0 F9000 X73.871 Y123.651
G1 F1500 X59.379 Y109.159 E2266.43756
G0 F9000 X59.957 Y109.172
G1 F1500 X74.375 Y123.59 E2267.11574
G0 F9000 X74.9 Y123.549
G1 F1500 X60.649 Y109.298 E2267.78606
G0 F9000 X61.341 Y109.424
G1 F1500 X75.425 Y123.508 E2268.44853
G0 F9000 X75.951 Y123.468
G1 F1500 X62.033 Y109.55 E2269.10319
G0 F9000 X62.725 Y109.677
G1 F1500 X76.475 Y123.427 E2269.74995
G0 F9000 X77.001 Y123.387
G1 F1500 X63.417 Y109.803 E2270.3889
G0 F9000 X64.109 Y109.929
G1 F1500 X77.525 Y123.346 E2271.01997
G0 F9000 X78.051 Y123.305
G1 F1500 X64.801 Y110.056 E2271.64318
G0 F9000 X65.492 Y110.182
G1 F1500 X78.575 Y123.264 E2272.25855
G0 F9000 X79.101 Y123.224
G1 F1500 X66.185 Y110.308 E2272.86607
G0 F9000 X66.876 Y110.434
G1 F1500 X79.625 Y123.183 E2273.46575
G0 F9000 X80.151 Y123.143
G1 F1500 X67.533 Y110.525 E2274.05926
G0 F9000 X68.183 Y110.609
G1 F1500 X80.675 Y123.102 E2274.64687
G0 F9000 X81.201 Y123.062
G1 F1500 X68.833 Y110.694 E2275.22862
G0 F9000 X69.482 Y110.777
G1 F1500 X81.731 Y123.026 E2275.80478
G0 F9000 X82.283 Y123.012
G1 F1500 X70.132 Y110.861 E2276.37632
G0 F9000 X70.782 Y110.945
G1 F1500 X82.834 Y122.998 E2276.94324
G0 F9000 X83.385 Y122.983
G1 F1500 X71.431 Y111.029 E2277.50552
G0 F9000 X72.081 Y111.114
G1 F1500 X83.937 Y122.969 E2278.06316
G0 F9000 X84.488 Y122.955
G1 F1500 X72.73 Y111.197 E2278.61622
G0 F9000 X73.38 Y111.281
G1 F1500 X85.04 Y122.941 E2279.16467
G0 F9000 X85.591 Y122.926
G1 F1500 X74.03 Y111.365 E2279.70847
G0 F9000 X74.66 Y111.43
G1 F1500 X86.142 Y122.912 E2280.24854
G0 F9000 X86.694 Y122.897
G1 F1500 X75.273 Y111.477 E2280.78573
G0 F9000 X75.886 Y111.524
G1 F1500 X87.245 Y122.883 E2281.32002
G0 F9000 X87.797 Y122.869
G1 F1500 X76.499 Y111.572 E2281.85142
G0 F9000 X77.112 Y111.619
G1 F1500 X88.348 Y122.854 E2282.37991
G0 F9000 X88.899 Y122.84
G1 F1500 X77.725 Y111.667 E2282.90547
G0 F9000 X78.338 Y111.714
G1 F1500 X89.463 Y122.839 E2283.42876
G0 F9000 X90.029 Y122.839
G1 F1500 X78.952 Y111.761 E2283.94981
G0 F9000 X79.565 Y111.809
G1 F1500 X90.595 Y122.839 E2284.46863
G0 F9000 X91.16 Y122.839
G1 F1500 X80.178 Y111.856 E2284.98521
G0 F9000 X80.791 Y111.903
G1 F1500 X91.726 Y122.839 E2285.49958
G0 F9000 X92.292 Y122.839
G1 F1500 X81.404 Y111.951 E2286.01172
G0 F9000 X81.997 Y111.978
G1 F1500 X92.857 Y122.839 E2286.52257
G0 F9000 X93.423 Y122.839
G1 F1500 X82.578 Y111.993 E2287.03271
G0 F9000 X83.158 Y112.008
G1 F1500 X93.989 Y122.839 E2287.54216
G0 F9000 X94.555 Y122.839
G1 F1500 X83.739 Y112.024 E2288.05089
G0 F9000 X84.32 Y112.038
G1 F1500 X95.12 Y122.839 E2288.55891
G0 F9000 X95.686 Y122.839
G1 F1500 X84.9 Y112.053 E2289.06625
G0 F9000 X85.482 Y112.069
G1 F1500 X96.252 Y122.839 E2289.57284
G0 F9000 X96.817 Y122.839
G1 F1500 X86.062 Y112.084 E2290.07872
G0 F9000 X86.643 Y112.099
G1 F1500 X97.383 Y122.839 E2290.5839
G0 F9000 X97.949 Y122.839
G1 F1500 X87.223 Y112.113 E2291.08842
G0 F9000 X87.804 Y112.129
G1 F1500 X98.514 Y122.839 E2291.59218
G0 F9000 X99.08 Y122.839
G1 F1500 X88.385 Y112.144 E2292.09524
G0 F9000 X88.966 Y112.159
G1 F1500 X99.646 Y122.839 E2292.5976
G0 F9000 X100.211 Y122.839
G1 F1500 X89.532 Y112.159 E2293.09993
G0 F9000 X90.098 Y112.159
G1 F1500 X100.777 Y122.839 E2293.60226
G0 F9000 X101.343 Y122.839
G1 F1500 X90.663 Y112.159 E2294.10461
G0 F9000 X91.229 Y112.159
G1 F1500 X101.908 Y122.839 E2294.60695
G0 F9000 X102.474 Y122.839
G1 F1500 X91.795 Y112.159 E2295.10928
G0 F9000 X92.36 Y112.159
G1 F1500 X103.04 Y122.839 E2295.61163
G0 F9000 X103.605 Y122.839
G1 F1500 X92.926 Y112.159 E2296.11396
G0 F9000 X93.492 Y112.159
G1 F1500 X104.171 Y122.839 E2296.61629
G0 F9000 X104.737 Y122.839
G1 F1500 X94.057 Y112.159 E2297.11865
G0 F9000 X94.623 Y112.159
G1 F1500 X105.303 Y122.839 E2297.621
G0 F9000 X105.868 Y122.839
G1 F1500 X95.189 Y112.159 E2298.12333
G0 F9000 X95.754 Y112.159
G1 F1500 X106.434 Y122.839 E2298.62569
G0 F9000 X107 Y122.839
G1 F1500 X96.32 Y112.159 E2299.12804
G0 F9000 X96.886 Y112.159
G1 F1500 X107.565 Y122.839 E2299.63037
G0 F9000 X108.131 Y122.839
G1 F1500 X97.452 Y112.159 E2300.1327
G0 F9000 X98.017 Y112.159
G1 F1500 X108.697 Y122.839 E2300.63506
G0 F9000 X109.262 Y122.839
G1 F1500 X98.583 Y112.159 E2301.13739
G0 F9000 X99.149 Y112.159
G1 F1500 X109.828 Y122.839 E2301.63972
G0 F9000 X110.394 Y122.839
G1 F1500 X99.714 Y112.159 E2302.14207
G0 F9000 X100.28 Y112.159
G1 F1500 X110.959 Y122.839 E2302.64441
G0 F9000 X111.525 Y122.839
G1 F1500 X100.846 Y112.159 E2303.14674
G0 F9000 X101.411 Y112.159
G1 F1500 X112.091 Y122.839 E2303.64909
G0 F9000 X112.656 Y122.839
G1 F1500 X101.977 Y112.159 E2304.15142
G0 F9000 X102.543 Y112.159
G1 F1500 X113.222 Y122.839 E2304.65375
G0 F9000 X113.788 Y122.839
G1 F1500 X103.108 Y112.159 E2305.15611
G0 F9000 X103.674 Y112.159
G1 F1500 X114.354 Y122.839 E2305.65846
G0 F9000 X114.919 Y122.839
G1 F1500 X104.24 Y112.159 E2306.16079
G0 F9000 X104.805 Y112.159
G1 F1500 X115.485 Y122.839 E2306.66315
G0 F9000 X116.051 Y122.839
G1 F1500 X105.371 Y112.159 E2307.1655
G0 F9000 X105.937 Y112.159
G1 F1500 X116.616 Y122.839 E2307.66783
G0 F9000 X117.182 Y122.839
G1 F1500 X106.503 Y112.159 E2308.17016
G0 F9000 X107.068 Y112.159
G1 F1500 X117.748 Y122.839 E2308.67252
G0 F9000 X118.313 Y122.839
G1 F1500 X107.634 Y112.159 E2309.17485
G0 F9000 X108.2 Y112.159
G1 F1500 X118.879 Y122.839 E2309.67718
G0 F9000 X119.445 Y122.839
G1 F1500 X108.765 Y112.159 E2310.17953
G0 F9000 X109.331 Y112.159
G1 F1500 X120.01 Y122.839 E2310.68186
G0 F9000 X120.576 Y122.839
G1 F1500 X109.897 Y112.159 E2311.1842
G0 F9000 X110.462 Y112.159
G1 F1500 X121.142 Y122.839 E2311.68655
G0 F9000 X121.707 Y122.839
G1 F1500 X111.028 Y112.159 E2312.18888
G0 F9000 X111.594 Y112.159
G1 F1500 X122.273 Y122.839 E2312.69121
G0 F9000 X122.839 Y122.839
G1 F1500 X112.159 Y112.159 E2313.19357
G0 F9000 X112.725 Y112.159
G1 F1500 X123.404 Y122.839 E2313.6959
G0 F9000 X123.97 Y122.839
G1 F1500 X113.291 Y112.159 E2314.19823
G0 F9000 X113.856 Y112.159
G1 F1500 X124.536 Y122.839 E2314.70058
G0 F9000 X125.102 Y122.839
G1 F1500 X114.422 Y112.159 E2315.20294
G0 F9000 X114.988 Y112.159
G1 F1500 X125.667 Y122.839 E2315.70527
G0 F9000 X126.233 Y122.839
G1 F1500 X115.553 Y112.159 E2316.20762
G0 F9000 X116.119 Y112.159
G1 F1500 X126.799 Y122.839 E2316.70998
G0 F9000 X127.364 Y122.839
G1 F1500 X116.685 Y112.159 E2317.21231
G0 F9000 X117.251 Y112.159
G1 F1500 X127.93 Y122.839 E2317.71464
G0 F9000 X128.496 Y122.839
G1 F1500 X117.817 Y112.16 E2318.21695
G0 F9000 X118.383 Y112.16
G1 F1500 X129.061 Y122.839 E2318.71923
G0 F9000 X129.627 Y122.839
G1 F1500 X118.948 Y112.16 E2319.22154
G0 F9000 X119.514 Y112.16
G1 F1500 X130.193 Y122.839 E2319.72385
G0 F9000 X130.758 Y122.839
G1 F1500 X120.08 Y112.16 E2320.22613
G0 F9000 X120.645 Y112.16
G1 F1500 X131.324 Y122.839 E2320.72844
G0 F9000 X131.89 Y122.839
G1 F1500 X121.211 Y112.16 E2321.23074
G0 F9000 X121.777 Y112.16
G1 F1500 X132.455 Y122.839 E2321.73303
G0 F9000 X133.021 Y122.839
G1 F1500 X122.342 Y112.16 E2322.23534
G0 F9000 X122.908 Y112.16
G1 F1500 X133.587 Y122.839 E2322.73764
G0 F9000 X134.153 Y122.839
G1 F1500 X123.474 Y112.16 E2323.23995
G0 F9000 X124.039 Y112.16
G1 F1500 X134.718 Y122.839 E2323.74226
G0 F9000 X135.284 Y122.839
G1 F1500 X124.605 Y112.16 E2324.24456
G0 F9000 X125.171 Y112.16
G1 F1500 X135.85 Y122.839 E2324.74687
G0 F9000 X136.415 Y122.839
G1 F1500 X125.737 Y112.16 E2325.24916
G0 F9000 X126.302 Y112.16
G1 F1500 X136.981 Y122.839 E2325.75146
G0 F9000 X137.547 Y122.839
G1 F1500 X126.868 Y112.16 E2326.25377
G0 F9000 X127.434 Y112.16
G1 F1500 X138.112 Y122.839 E2326.75605
G0 F9000 X138.678 Y122.839
G1 F1500 X127.999 Y112.16 E2327.25836
G0 F9000 X128.565 Y112.16
G1 F1500 X139.244 Y122.839 E2327.76067
G0 F9000 X139.809 Y122.839
G1 F1500 X129.131 Y112.16 E2328.26295
G0 F9000 X129.696 Y112.16
G1 F1500 X140.375 Y122.839 E2328.76526
G0 F9000 X140.941 Y122.839
G1 F1500 X130.262 Y112.16 E2329.26757
G0 F9000 X130.828 Y112.16
G1 F1500 X141.506 Y122.839 E2329.76985
G0 F9000 X142.072 Y122.839
G1 F1500 X131.393 Y112.16 E2330.27216
G0 F9000 X131.959 Y112.16
G1 F1500 X142.638 Y122.839 E2330.77447
G0 F9000 X143.203 Y122.839
G1 F1500 X132.525 Y112.16 E2331.27675
G0 F9000 X133.09 Y112.16
G1 F1500 X143.769 Y122.839 E2331.77906
G0 F9000 X144.335 Y122.839
G1 F1500 X133.656 Y112.16 E2332.28137
G0 F9000 X134.222 Y112.16
G1 F1500 X144.901 Y122.839 E2332.78367
G0 F9000 X145.466 Y122.839
G1 F1500 X134.787 Y112.16 E2333.28598
G0 F9000 X135.353 Y112.16
G1 F1500 X146.033 Y122.84 E2333.78834
G0 F9000 X146.613 Y122.854
G1 F1500 X135.919 Y112.16 E2334.29135
G0 F9000 X136.485 Y112.16
G1 F1500 X147.194 Y122.869 E2334.79507
G0 F9000 X147.774 Y122.884
G1 F1500 X137.05 Y112.16 E2335.29949
G0 F9000 X137.616 Y112.16
G1 F1500 X148.355 Y122.899 E2335.80462
G0 F9000 X148.935 Y122.914
G1 F1500 X138.182 Y112.16 E2336.31043
G0 F9000 X138.747 Y112.16
G1 F1500 X149.517 Y122.929 E2336.817
G0 F9000 X150.097 Y122.944
G1 F1500 X139.313 Y112.16 E2337.32424
G0 F9000 X139.879 Y112.16
G1 F1500 X150.678 Y122.959 E2337.83219
G0 F9000 X151.258 Y122.974
G1 F1500 X140.444 Y112.16 E2338.34085
G0 F9000 X141.01 Y112.16
G1 F1500 X151.839 Y122.989 E2338.85021
G0 F9000 X152.419 Y123.004
G1 F1500 X141.576 Y112.16 E2339.36026
G0 F9000 X142.141 Y112.16
G1 F1500 X153 Y123.019 E2339.87103
G0 F9000 X153.592 Y123.045
G1 F1500 X142.707 Y112.16 E2340.38303
G0 F9000 X143.273 Y112.16
G1 F1500 X154.205 Y123.093 E2340.89726
G0 F9000 X154.818 Y123.14
G1 F1500 X143.838 Y112.16 E2341.41373
G0 F9000 X144.404 Y112.16
G1 F1500 X155.432 Y123.188 E2341.93245
G0 F9000 X156.045 Y123.235
G1 F1500 X144.97 Y112.16 E2342.45339
G0 F9000 X145.536 Y112.16
G1 F1500 X156.659 Y123.284 E2342.9766
G0 F9000 X157.272 Y123.331
G1 F1500 X146.1 Y112.159 E2343.5021
G0 F9000 X146.651 Y112.145
G1 F1500 X157.886 Y123.379 E2344.03053
G0 F9000 X158.499 Y123.426
G1 F1500 X147.202 Y112.13 E2344.56189
G0 F9000 X147.754 Y112.116
G1 F1500 X159.113 Y123.474 E2345.09616
G0 F9000 X159.726 Y123.522
G1 F1500 X148.305 Y112.101 E2345.63336
G0 F9000 X148.857 Y112.087
G1 F1500 X160.339 Y123.57 E2346.17347
G0 F9000 X160.966 Y123.631
G1 F1500 X149.408 Y112.073 E2346.71712
G0 F9000 X149.96 Y112.059
G1 F1500 X161.617 Y123.716 E2347.26543
G0 F9000 X162.266 Y123.8
G1 F1500 X150.511 Y112.044 E2347.81837
G0 F9000 X151.062 Y112.03
G1 F1500 X162.916 Y123.884 E2348.37595
G0 F9000 X163.566 Y123.968
G1 F1500 X151.614 Y112.016 E2348.93813
G0 F9000 X152.165 Y112.002
G1 F1500 X164.216 Y124.052 E2349.50495
G0 F9000 X164.866 Y124.136
G1 F1500 X152.717 Y111.988 E2350.07638
G0 F9000 X153.268 Y111.973
G1 F1500 X165.516 Y124.22 E2350.65246
G0 F9000 X166.165 Y124.305
G1 F1500 X153.797 Y111.936 E2351.23424
G0 F9000 X154.322 Y111.896
G1 F1500 X166.816 Y124.389 E2351.8219
G0 F9000 X167.466 Y124.474
G1 F1500 X154.847 Y111.855 E2352.41546
G0 F9000 X155.372 Y111.814
G1 F1500 X168.123 Y124.565 E2353.01522
G0 F9000 X168.814 Y124.691
G1 F1500 X155.897 Y111.773 E2353.62282
G0 F9000 X156.422 Y111.733
G1 F1500 X169.506 Y124.817 E2354.23825
G0 F9000 X170.198 Y124.943
G1 F1500 X156.947 Y111.692 E2354.86154
G0 F9000 X157.472 Y111.652
G1 F1500 X170.89 Y125.07 E2355.49268
G0 F9000 X171.582 Y125.196
G1 F1500 X157.997 Y111.611 E2356.13168
G0 F9000 X158.522 Y111.57
G1 F1500 X172.273 Y125.321 E2356.77848
G0 F9000 X172.966 Y125.448
G1 F1500 X159.047 Y111.529 E2357.43319
G0 F9000 X159.572 Y111.489
G1 F1500 X173.657 Y125.574 E2358.09571
G0 F9000 X174.349 Y125.7
G1 F1500 X160.097 Y111.448 E2358.76608
G0 F9000 X160.622 Y111.408
G1 F1500 X175.041 Y125.826 E2359.44428
G0 F9000 X175.619 Y125.839
G1 F1500 X161.126 Y111.345 E2360.12601
G0 F9000 X161.626 Y111.28
G1 F1500 X176.185 Y125.839 E2360.81082
G0 F9000 X176.751 Y125.839
G1 F1500 X162.128 Y111.216 E2361.49864
G0 F9000 X162.628 Y111.151
G1 F1500 X177.316 Y125.839 E2362.18952
G0 F9000 X177.882 Y125.839
G1 F1500 X163.129 Y111.086 E2362.88345
G0 F9000 X163.63 Y111.021
G1 F1500 X178.448 Y125.839 E2363.58045
G0 F9000 X179.013 Y125.839
G1 F1500 X164.131 Y110.957 E2364.28045
G0 F9000 X164.632 Y110.892
G1 F1500 X179.579 Y125.839 E2364.98351
G0 F9000 X180.145 Y125.839
G1 F1500 X165.132 Y110.826 E2365.68968
G0 F9000 X165.634 Y110.762
G1 F1500 X180.711 Y125.839 E2366.39885
G0 F9000 X181.276 Y125.839
G1 F1500 X166.134 Y110.697 E2367.11109
G0 F9000 X166.635 Y110.632
G1 F1500 X181.842 Y125.839 E2367.82638
G0 F9000 X182.408 Y125.839
G1 F1500 X167.136 Y110.568 E2368.5447
G0 F9000 X167.637 Y110.503
G1 F1500 X182.973 Y125.839 E2369.26606
G0 F9000 X183.539 Y125.839
G1 F1500 X168.133 Y110.433 E2369.99071
G0 F9000 X168.611 Y110.346
G1 F1500 X184.105 Y125.839 E2370.71948
G0 F9000 X184.67 Y125.839
G1 F1500 X169.089 Y110.258 E2371.45236
G0 F9000 X169.568 Y110.171
G1 F1500 X185.236 Y125.839 E2372.18934
G0 F9000 X185.802 Y125.839
G1 F1500 X170.046 Y110.083 E2372.93045
G0 F9000 X170.525 Y109.996
G1 F1500 X186.367 Y125.839 E2373.67563
G0 F9000 X186.933 Y125.839
G1 F1500 X171.003 Y109.909 E2374.42493
G0 F9000 X171.481 Y109.822
G1 F1500 X187.499 Y125.839 E2375.17834
G0 F9000 X188.064 Y125.839
G1 F1500 X171.959 Y109.734 E2375.93587
G0 F9000 X172.438 Y109.647
G1 F1500 X188.63 Y125.839 E2376.6975
G0 F9000 X189.196 Y125.839
G1 F1500 X172.917 Y109.56 E2377.46321
G0 F9000 X173.395 Y109.472
G1 F1500 X189.762 Y125.839 E2378.23306
G0 F9000 X190.327 Y125.839
G1 F1500 X173.874 Y109.385 E2379.00699
G0 F9000 X174.352 Y109.298
G1 F1500 X190.893 Y125.839 E2379.78502
G0 F9000 X191.459 Y125.839
G1 F1500 X174.83 Y109.211 E2380.56718
G0 F9000 X175.345 Y109.16
G1 F1500 X192.024 Y125.839 E2381.35171
G0 F9000 X192.59 Y125.839
G1 F1500 X175.911 Y109.16 E2382.13624
G0 F9000 X176.476 Y109.16
G1 F1500 X193.156 Y125.839 E2382.92079
G0 F9000 X193.721 Y125.839
G1 F1500 X177.042 Y109.16 E2383.70532
G0 F9000 X177.608 Y109.16
G1 F1500 X194.287 Y125.839 E2384.48985
G0 F9000 X194.853 Y125.839
G1 F1500 X178.173 Y109.16 E2385.2744
G0 F9000 X178.739 Y109.16
G1 F1500 X195.418 Y125.839 E2386.05893
G0 F9000 X195.984 Y125.839
G1 F1500 X179.305 Y109.16 E2386.84346
G0 F9000 X179.87 Y109.16
G1 F1500 X196.55 Y125.839 E2387.62801
G0 F9000 X197.115 Y125.839
G1 F1500 X180.436 Y109.16 E2388.41254
G0 F9000 X181.002 Y109.16
G1 F1500 X197.681 Y125.839 E2389.19707
G0 F9000 X198.247 Y125.839
G1 F1500 X181.568 Y109.16 E2389.9816
G0 F9000 X182.133 Y109.16
G1 F1500 X198.812 Y125.839 E2390.76613
G0 F9000 X198.839 Y125.3
G1 F1500 X182.699 Y109.16 E2391.5253
G0 F9000 X183.265 Y109.16
G1 F1500 X198.839 Y124.734 E2392.25785
G0 F9000 X198.839 Y124.168
G1 F1500 X183.83 Y109.16 E2392.96381
G0 F9000 X184.396 Y109.16
G1 F1500 X198.839 Y123.602 E2393.64314
G0 F9000 X198.839 Y123.037
G1 F1500 X184.962 Y109.16 E2394.29587
G0 F9000 X185.527 Y109.16
G1 F1500 X198.839 Y122.471 E2394.922
G0 F9000 X198.839 Y121.905
G1 F1500 X186.093 Y109.16 E2395.52151
G0 F9000 X186.659 Y109.16
G1 F1500 X198.839 Y121.34 E2396.09442
G0 F9000 X198.839 Y120.774
G1 F1500 X187.224 Y109.16 E2396.64073
G0 F9000 X187.79 Y109.16
G1 F1500 X198.839 Y120.208 E2397.16042
G0 F9000 X198.839 Y119.643
G1 F1500 X188.356 Y109.16 E2397.65351
G0 F9000 X188.921 Y109.16
G1 F1500 X198.839 Y119.077 E2398.12
G0 F9000 X198.839 Y118.511
G1 F1500 X189.487 Y109.16 E2398.55986
G0 F9000 X190.053 Y109.16
G1 F1500 X198.839 Y117.946 E2398.97313
G0 F9000 X198.839 Y117.38
G1 F1500 X190.619 Y109.16 E2399.35977
G0 F9000 X191.184 Y109.16
G1 F1500 X198.839 Y116.814 E2399.71982
G0 F9000 X198.839 Y116.249
G1 F1500 X191.75 Y109.16 E2400.05326
G0 F9000 X192.316 Y109.16
G1 F1500 X198.839 Y115.683 E2400.36008
G0 F9000 X198.839 Y115.117
G1 F1500 X192.881 Y109.16 E2400.64031
G0 F9000 X193.447 Y109.16
G1 F1500 X198.839 Y114.552 E2400.89393
G0 F9000 X198.839 Y113.986
G1 F1500 X194.013 Y109.16 E2401.12093
G0 F9000 X194.578 Y109.16
G1 F1500 X198.839 Y113.42 E2401.32133
G0 F9000 X198.839 Y112.854
G1 F1500 X195.144 Y109.16 E2401.49511
G0 F9000 X195.71 Y109.16
G1 F1500 X198.839 Y112.289 E2401.64229
G0 F9000 X198.839 Y111.723
G1 F1500 X196.275 Y109.16 E2401.76287
G0 F9000 X196.841 Y109.16
G1 F1500 X198.839 Y111.157 E2401.85682
G0 F9000 X198.839 Y110.592
G1 F1500 X197.407 Y109.16 E2401.92418
G0 F9000 X197.972 Y109.16
G1 F1500 X198.839 Y110.026 E2401.96494
G0 F9000 X198.839 Y109.46
G1 F1500 X198.538 Y109.16 E2401.97907
G1 F2700 E2396.97907
;MESH:NONMESH
G0 F300 X198.538 Y109.16 Z2.4
G0 F9000 X198.538 Y108.7
G0 X199.228 Y108.772
G0 X199.228 Y126.228 ;T9.452 R8.000 A1.570 C421.66713599999986 FILLET CORNER
G0 X175.072 Y126.239 ;T-79.003 R8.000 A0.155 C54.41318300000038 FILLET CORNER
G0 X160.635 Y123.993 ;T-140.840 R8.000 A0.103 C-12.441265000000161 FILLET CORNER
G0 X152.351 Y123.566 ;T-318.973 R8.000 A0.049 C-25.682137999999554 FILLET CORNER
G0 X88.985 Y123.4
;TIME_ELAPSED:3338.208841
;LAYER:11
;TYPE:WALL-INNER
;MESH:D638-22 Type I Tensile Specimen.STL
G1 F2700 E2401.97907
G1 F1500 X146.017 Y123.4 E2403.87596
G1 X153.345 Y123.589 E2404.11978
G1 X160.654 Y124.156 E2404.3636
G1 X167.896 Y125.094 E2404.60649
G1 X175.057 Y126.4 E2404.84859
G1 X199.4 Y126.4 E2405.65824 ;T16.343 R8.000 A1.571 C-433.3054000000006 FILLET CORNER
G1 X199.4 Y108.6 E2406.25027 ;T9.800 R8.000 A1.571 C-433.34100000000024 FILLET CORNER
G1 X175.055 Y108.6 E2407.05999
G1 X167.894 Y109.906 E2407.30209
G1 X160.654 Y110.844 E2407.54491
G1 X153.343 Y111.411 E2407.78881
G1 X146.015 Y111.6 E2408.03262
G1 X88.983 Y111.6 E2409.92951
G1 X81.655 Y111.411 E2410.17332
G1 X74.346 Y110.844 E2410.41715
G1 X67.104 Y109.906 E2410.66003
G1 X59.943 Y108.6 E2410.90214
G1 X35.6 Y108.6 E2411.71179 ;T16.343 R8.000 A1.571 C-433.3054000000002 FILLET CORNER
G1 X35.6 Y126.4 E2412.30382 ;T9.800 R8.000 A1.571 C-158.42000000000007 FILLET CORNER
G1 X44.5 Y126.4 E2412.59983
G1 X59.945 Y126.4 E2413.11354
G1 X67.106 Y125.094 E2413.35564
G1 X74.346 Y124.156 E2413.59846
G1 X81.657 Y123.589 E2413.84235
G1 X88.985 Y123.4 E2414.08616
G1 F2700 E2409.08616
G0 F9000 X74.325 Y123.997 ;T-125.765 R8.000 A0.114 C-24.273905000000138 FILLET CORNER
G0 X59.93 Y126.239 ;T-88.476 R8.000 A0.155 C54.320581000000246 FILLET CORNER
G0 X35.772 Y126.228 ;T16.154 R8.000 A1.570 C421.70204799999976 FILLET CORNER
G0 X35.772 Y108.772 ;T9.452 R8.000 A1.570 C421.6671359999997 FILLET CORNER
G0 X59.928 Y108.761 ;T-81.783 R8.000 A0.151 C52.939579000000194 FILLET CORNER
G0 X74.357 Y110.946
G1 F2700 E2414.08616
G0 F9000 X74.398 Y110.447
;TYPE:WALL-OUTER
G1 F1500 X81.686 Y111.012 E2414.32929
G1 X88.993 Y111.2 E2414.5724
G1 X146.005 Y111.2 E2416.46863
G1 X153.302 Y111.012 E2416.71141
G1 X160.592 Y110.448 E2416.9546
G1 X167.842 Y109.509 E2417.19775
G1 X175.019 Y108.2 E2417.44039
G1 X199.8 Y108.2 E2418.26461 ;T16.781 R8.000 A1.571 C460.92659999999995 FILLET CORNER
G1 X199.8 Y126.8 E2418.88325 ;T10.600 R8.000 A1.571 C460.8894000000003 FILLET CORNER
G1 X175.021 Y126.8 E2419.70741
G1 X167.854 Y125.493 E2419.94971
G1 X160.602 Y124.553 E2420.19293
G1 X153.314 Y123.988 E2420.43606
G1 X146.007 Y123.8 E2420.67917
G1 X88.995 Y123.8 E2422.5754
G1 X81.698 Y123.988 E2422.81818
G1 X74.408 Y124.552 E2423.06137
G1 X67.158 Y125.491 E2423.30452
G1 X59.981 Y126.8 E2423.54717
G1 X44.5 Y126.8 E2424.06207
G1 X35.2 Y126.8 E2424.37139 ;T1.300 R8.000 A1.571 C172.9799999999999 FILLET CORNER
G1 X35.2 Y108.2 E2424.99002 ;T10.600 R8.000 A1.571 C460.8893999999998 FILLET CORNER
G1 X59.979 Y108.2 E2425.81418
G1 X67.146 Y109.507 E2426.05648
G1 X74.398 Y110.447 E2426.2997
G0 F9000 X74.357 Y110.946
G0 X88.979 Y111.701
G0 X88.975 Y111.96
;TYPE:SKIN
G1 F1500 X146.024 Y111.96 E2428.19716
G1 X153.321 Y111.772 E2428.43994
G1 X160.651 Y111.206 E2428.68446
G1 X167.981 Y110.257 E2428.93029
G1 X175.089 Y108.96 E2429.17061
G1 X199.04 Y108.96 E2429.96722 ;T15.951 R8.000 A1.571 C204.54154000000008 FILLET CORNER
G1 X199.04 Y117.5 E2430.25127
G1 X199.04 Y126.04 E2430.53531 ;T0.540 R8.000 A1.571 C204.51591999999997 FILLET CORNER
G1 X175.092 Y126.04 E2431.33182
G1 X167.99 Y124.744 E2431.57194
G1 X160.7 Y123.799 E2431.81643
G1 X153.372 Y123.23 E2432.06089
G1 X146.027 Y123.04 E2432.30527
G1 X88.977 Y123.04 E2434.20276
G1 X81.64 Y123.23 E2434.44687
G1 X74.347 Y123.794 E2434.69016
G1 X67.023 Y124.742 E2434.93579
G1 X59.911 Y126.04 E2435.17625
G1 X35.96 Y126.04 E2435.97286 ;T15.951 R8.000 A1.571 C409.08308000000034 FILLET CORNER
G1 X35.96 Y108.96 E2436.54094 ;T9.080 R8.000 A1.571 C409.03184000000033 FILLET CORNER
G1 X59.908 Y108.96 E2437.33746
G1 X67.01 Y110.256 E2437.57757
G1 X74.335 Y111.205 E2437.82324
G1 X81.629 Y111.77 E2438.06657
G1 X88.975 Y111.96 E2438.31098
G1 F2700 E2433.31098
G0 F9000 X88.979 Y111.701
G0 X69.848 Y110.443 ;T-137.099 R8.000 A0.102 C19.698982000000086 FILLET CORNER
G0 X59.928 Y108.761 ;T-86.461 R8.000 A0.165 C-39.26837200000011 FILLET CORNER
G0 X36.222 Y108.7
G1 F2700 E2438.31098
G0 F9000 X36.222 Y109.158
G1 F1500 X36.16 Y109.221 E2438.31392
G0 F9000 X36.16 Y109.786
G1 F1500 X36.787 Y109.158 E2438.34343
G0 F9000 X37.353 Y109.158
G1 F1500 X36.16 Y110.352 E2438.39957
G0 F9000 X36.16 Y110.918
G1 F1500 X37.919 Y109.158 E2438.48233
G0 F9000 X38.484 Y109.158
G1 F1500 X36.16 Y111.483 E2438.59167
G0 F9000 X36.16 Y112.049
G1 F1500 X39.05 Y109.158 E2438.72763
G0 F9000 X39.616 Y109.158
G1 F1500 X36.16 Y112.615 E2438.89021
G0 F9000 X36.16 Y113.18
G1 F1500 X40.182 Y109.158 E2439.07939
G0 F9000 X40.747 Y109.158
G1 F1500 X36.16 Y113.746 E2439.29518
G0 F9000 X36.16 Y114.312
G1 F1500 X41.313 Y109.158 E2439.53758
G0 F9000 X41.879 Y109.158
G1 F1500 X36.16 Y114.877 E2439.80659
G0 F9000 X36.16 Y115.443
G1 F1500 X42.444 Y109.158 E2440.10219
G0 F9000 X43.01 Y109.158
G1 F1500 X36.16 Y116.009 E2440.42442
G0 F9000 X36.16 Y116.575
G1 F1500 X43.576 Y109.158 E2440.77327
G0 F9000 X44.141 Y109.158
G1 F1500 X36.16 Y117.14 E2441.14869
G0 F9000 X36.16 Y117.706
G1 F1500 X44.707 Y109.158 E2441.55074
G0 F9000 X45.273 Y109.158
G1 F1500 X36.16 Y118.272 E2441.97941
G0 F9000 X36.16 Y118.837
G1 F1500 X45.838 Y109.158 E2442.43466
G0 F9000 X46.404 Y109.158
G1 F1500 X36.16 Y119.403 E2442.91653
G0 F9000 X36.16 Y119.969
G1 F1500 X46.97 Y109.158 E2443.42502
G0 F9000 X47.535 Y109.158
G1 F1500 X36.16 Y120.534 E2443.96009
G0 F9000 X36.16 Y121.1
G1 F1500 X48.101 Y109.158 E2444.52178
G0 F9000 X48.667 Y109.158
G1 F1500 X36.16 Y121.666 E2445.11009
G0 F9000 X36.16 Y122.231
G1 F1500 X49.233 Y109.158 E2445.72501
G0 F9000 X49.798 Y109.158
G1 F1500 X36.16 Y122.797 E2446.36652
G0 F9000 X36.16 Y123.363
G1 F1500 X50.364 Y109.158 E2447.03466
G0 F9000 X50.93 Y109.158
G1 F1500 X36.16 Y123.928 E2447.72939
G0 F9000 X36.16 Y124.494
G1 F1500 X51.495 Y109.158 E2448.45073
G0 F9000 X52.061 Y109.158
G1 F1500 X36.16 Y125.06 E2449.19869
G0 F9000 X36.16 Y125.626
G1 F1500 X52.627 Y109.158 E2449.97327
G0 F9000 X53.192 Y109.158
G1 F1500 X36.512 Y125.839 E2450.75787
G0 F9000 X37.077 Y125.839
G1 F1500 X53.758 Y109.158 E2451.54249
G0 F9000 X54.324 Y109.158
G1 F1500 X37.643 Y125.839 E2452.32711
G0 F9000 X38.209 Y125.839
G1 F1500 X54.889 Y109.158 E2453.11171
G0 F9000 X55.455 Y109.158
G1 F1500 X38.774 Y125.839 E2453.89633
G0 F9000 X39.34 Y125.839
G1 F1500 X56.021 Y109.158 E2454.68096
G0 F9000 X56.586 Y109.158
G1 F1500 X39.906 Y125.839 E2455.46556
G0 F9000 X40.471 Y125.839
G1 F1500 X57.152 Y109.158 E2456.25018
G0 F9000 X57.718 Y109.158
G1 F1500 X41.037 Y125.839 E2457.0348
G0 F9000 X41.603 Y125.839
G1 F1500 X58.283 Y109.158 E2457.8194
G0 F9000 X58.849 Y109.158
G1 F1500 X42.169 Y125.839 E2458.604
G0 F9000 X42.734 Y125.839
G1 F1500 X59.415 Y109.158 E2459.38863
G0 F9000 X59.966 Y109.173
G1 F1500 X43.3 Y125.839 E2460.17254
G0 F9000 X43.866 Y125.839
G1 F1500 X60.444 Y109.26 E2460.95235
G0 F9000 X60.923 Y109.347
G1 F1500 X44.431 Y125.839 E2461.72808
G0 F9000 X44.997 Y125.839
G1 F1500 X61.401 Y109.435 E2462.49967
G0 F9000 X61.88 Y109.522
G1 F1500 X45.563 Y125.839 E2463.26717
G0 F9000 X46.128 Y125.839
G1 F1500 X62.359 Y109.609 E2464.03061
G0 F9000 X62.837 Y109.697
G1 F1500 X46.694 Y125.839 E2464.7899
G0 F9000 X47.26 Y125.839
G1 F1500 X63.315 Y109.783 E2465.5451
G0 F9000 X63.793 Y109.871
G1 F1500 X47.825 Y125.839 E2466.29619
G0 F9000 X48.391 Y125.839
G1 F1500 X64.272 Y109.958 E2467.04318
G0 F9000 X64.75 Y110.046
G1 F1500 X48.957 Y125.839 E2467.78604
G0 F9000 X49.522 Y125.839
G1 F1500 X65.229 Y110.133 E2468.52482
G0 F9000 X65.707 Y110.22
G1 F1500 X50.088 Y125.839 E2469.25949
G0 F9000 X50.654 Y125.839
G1 F1500 X66.185 Y110.307 E2469.99005
G0 F9000 X66.664 Y110.394
G1 F1500 X51.219 Y125.839 E2470.71653
G0 F9000 X51.785 Y125.839
G1 F1500 X67.149 Y110.475 E2471.43921
G0 F9000 X67.651 Y110.539
G1 F1500 X52.351 Y125.839 E2472.15887
G0 F9000 X52.917 Y125.839
G1 F1500 X68.151 Y110.604 E2472.87546
G0 F9000 X68.652 Y110.669
G1 F1500 X53.482 Y125.839 E2473.58901
G0 F9000 X54.048 Y125.839
G1 F1500 X69.153 Y110.734 E2474.2995
G0 F9000 X69.654 Y110.799
G1 F1500 X54.614 Y125.839 E2475.00693
G0 F9000 X55.179 Y125.839
G1 F1500 X70.155 Y110.863 E2475.71136
G0 F9000 X70.656 Y110.928
G1 F1500 X55.745 Y125.839 E2476.41273
G0 F9000 X56.311 Y125.839
G1 F1500 X71.156 Y110.993 E2477.11101
G0 F9000 X71.658 Y111.058
G1 F1500 X56.876 Y125.839 E2477.80629
G0 F9000 X57.442 Y125.839
G1 F1500 X72.158 Y111.123 E2478.49849
G0 F9000 X72.66 Y111.187
G1 F1500 X58.008 Y125.839 E2479.18767
G0 F9000 X58.573 Y125.839
G1 F1500 X73.16 Y111.252 E2479.8738
G0 F9000 X73.661 Y111.317
G1 F1500 X59.139 Y125.839 E2480.55687
G0 F9000 X59.705 Y125.839
G1 F1500 X74.162 Y111.382 E2481.23688
G0 F9000 X74.679 Y111.43
G1 F1500 X60.355 Y125.755 E2481.91066
G0 F9000 X61.046 Y125.629
G1 F1500 X75.204 Y111.471 E2482.57661
G0 F9000 X75.729 Y111.512
G1 F1500 X61.738 Y125.502 E2483.23468
G0 F9000 X62.431 Y125.376
G1 F1500 X76.255 Y111.552 E2483.88492
G0 F9000 X76.779 Y111.593
G1 F1500 X63.123 Y125.249 E2484.52726
G0 F9000 X63.814 Y125.123
G1 F1500 X77.305 Y111.633 E2485.16181
G0 F9000 X77.829 Y111.674
G1 F1500 X64.507 Y124.997 E2485.78846
G0 F9000 X65.199 Y124.87
G1 F1500 X78.355 Y111.715 E2486.40725
G0 F9000 X78.88 Y111.755
G1 F1500 X65.891 Y124.744 E2487.01821
G0 F9000 X66.583 Y124.618
G1 F1500 X79.405 Y111.796 E2487.62132
G0 F9000 X79.93 Y111.836
G1 F1500 X67.257 Y124.51 E2488.21745
G0 F9000 X67.906 Y124.426
G1 F1500 X80.455 Y111.877 E2488.80771
G0 F9000 X80.98 Y111.918
G1 F1500 X68.556 Y124.341 E2489.39207
G0 F9000 X69.206 Y124.257
G1 F1500 X81.506 Y111.958 E2489.97061
G0 F9000 X82.05 Y111.979
G1 F1500 X69.857 Y124.172 E2490.54413
G0 F9000 X70.507 Y124.088
G1 F1500 X82.602 Y111.993 E2491.11304
G0 F9000 X83.153 Y112.007
G1 F1500 X71.156 Y124.004 E2491.67734
G0 F9000 X71.806 Y123.92
G1 F1500 X83.705 Y112.021 E2492.23703
G0 F9000 X84.256 Y112.036
G1 F1500 X72.456 Y123.836 E2492.79207
G0 F9000 X73.106 Y123.752
G1 F1500 X84.807 Y112.05 E2493.34247
G0 F9000 X85.359 Y112.065
G1 F1500 X73.756 Y123.667 E2493.88822
G0 F9000 X74.401 Y123.588
G1 F1500 X85.91 Y112.079 E2494.42957
G0 F9000 X86.461 Y112.094
G1 F1500 X75.014 Y123.541 E2494.968
G0 F9000 X75.627 Y123.494
G1 F1500 X87.013 Y112.108 E2495.50356
G0 F9000 X87.564 Y112.122
G1 F1500 X76.24 Y123.446 E2496.03621
G0 F9000 X76.853 Y123.399
G1 F1500 X88.116 Y112.136 E2496.56598
G0 F9000 X88.667 Y112.15
G1 F1500 X77.466 Y123.351 E2497.09284
G0 F9000 X78.08 Y123.303
G1 F1500 X89.224 Y112.159 E2497.61702
G0 F9000 X89.79 Y112.159
G1 F1500 X78.693 Y123.256 E2498.13899
G0 F9000 X79.306 Y123.209
G1 F1500 X90.356 Y112.159 E2498.65875
G0 F9000 X90.921 Y112.159
G1 F1500 X79.919 Y123.161 E2499.17625
G0 F9000 X80.532 Y123.114
G1 F1500 X91.487 Y112.159 E2499.69154
G0 F9000 X92.053 Y112.159
G1 F1500 X81.145 Y123.066 E2500.2046
G0 F9000 X81.751 Y123.026
G1 F1500 X92.618 Y112.159 E2500.71575
G0 F9000 X93.184 Y112.159
G1 F1500 X82.331 Y123.011 E2501.22621
G0 F9000 X82.912 Y122.996
G1 F1500 X93.75 Y112.159 E2501.73598
G0 F9000 X94.316 Y112.159
G1 F1500 X83.493 Y122.982 E2502.24506
G0 F9000 X84.074 Y122.966
G1 F1500 X94.881 Y112.159 E2502.75339
G0 F9000 X95.447 Y112.159
G1 F1500 X84.654 Y122.951 E2503.26103
G0 F9000 X85.235 Y122.936
G1 F1500 X96.013 Y112.159 E2503.76797
G0 F9000 X96.578 Y112.159
G1 F1500 X85.816 Y122.921 E2504.27418
G0 F9000 X86.397 Y122.906
G1 F1500 X97.144 Y112.159 E2504.77969
G0 F9000 X97.71 Y112.159
G1 F1500 X86.977 Y122.891 E2505.28451
G0 F9000 X87.558 Y122.876
G1 F1500 X98.275 Y112.159 E2505.78861
G0 F9000 X98.841 Y112.159
G1 F1500 X88.139 Y122.861 E2506.292
G0 F9000 X88.719 Y122.846
G1 F1500 X99.407 Y112.159 E2506.79471
G0 F9000 X99.972 Y112.159
G1 F1500 X89.292 Y122.84 E2507.29708
G0 F9000 X89.857 Y122.84
G1 F1500 X100.538 Y112.159 E2507.79949
G0 F9000 X101.104 Y112.159
G1 F1500 X90.423 Y122.84 E2508.30189
G0 F9000 X90.989 Y122.84
G1 F1500 X101.669 Y112.159 E2508.80426
G0 F9000 X102.235 Y112.159
G1 F1500 X91.554 Y122.84 E2509.30667
G0 F9000 X92.12 Y122.84
G1 F1500 X102.801 Y112.159 E2509.80907
G0 F9000 X103.366 Y112.159
G1 F1500 X92.686 Y122.84 E2510.31145
G0 F9000 X93.251 Y122.84
G1 F1500 X103.932 Y112.159 E2510.81385
G0 F9000 X104.498 Y112.159
G1 F1500 X93.817 Y122.84 E2511.31625
G0 F9000 X94.383 Y122.84
G1 F1500 X105.064 Y112.159 E2511.81865
G0 F9000 X105.629 Y112.159
G1 F1500 X94.948 Y122.84 E2512.32105
G0 F9000 X95.514 Y122.84
G1 F1500 X106.195 Y112.159 E2512.82345
G0 F9000 X106.761 Y112.159
G1 F1500 X96.08 Y122.84 E2513.32585
G0 F9000 X96.645 Y122.84
G1 F1500 X107.326 Y112.159 E2513.82826
G0 F9000 X107.892 Y112.159
G1 F1500 X97.211 Y122.84 E2514.33066
G0 F9000 X97.777 Y122.84
G1 F1500 X108.458 Y112.159 E2514.83306
G0 F9000 X109.023 Y112.159
G1 F1500 X98.342 Y122.84 E2515.33546
G0 F9000 X98.908 Y122.84
G1 F1500 X109.589 Y112.159 E2515.83786
G0 F9000 X110.155 Y112.159
G1 F1500 X99.474 Y122.84 E2516.34026
G0 F9000 X100.04 Y122.84
G1 F1500 X110.72 Y112.159 E2516.84264
G0 F9000 X111.286 Y112.159
G1 F1500 X100.605 Y122.84 E2517.34504
G0 F9000 X101.171 Y122.84
G1 F1500 X111.852 Y112.159 E2517.84744
G0 F9000 X112.417 Y112.159
G1 F1500 X101.737 Y122.84 E2518.34982
G0 F9000 X102.302 Y122.84
G1 F1500 X112.983 Y112.159 E2518.85222
G0 F9000 X113.549 Y112.159
G1 F1500 X102.868 Y122.84 E2519.35463
G0 F9000 X103.434 Y122.84
G1 F1500 X114.115 Y112.159 E2519.85703
G0 F9000 X114.68 Y112.159
G1 F1500 X103.999 Y122.84 E2520.35943
G0 F9000 X104.565 Y122.84
G1 F1500 X115.246 Y112.159 E2520.86183
G0 F9000 X115.812 Y112.159
G1 F1500 X105.131 Y122.84 E2521.36423
G0 F9000 X105.696 Y122.84
G1 F1500 X116.377 Y112.159 E2521.86663
G0 F9000 X116.943 Y112.159
G1 F1500 X106.262 Y122.84 E2522.36903
G0 F9000 X106.828 Y122.84
G1 F1500 X117.508 Y112.159 E2522.87141
G0 F9000 X118.074 Y112.159
G1 F1500 X107.393 Y122.84 E2523.37381
G0 F9000 X107.959 Y122.84
G1 F1500 X118.639 Y112.159 E2523.87619
G0 F9000 X119.205 Y112.159
G1 F1500 X108.525 Y122.84 E2524.37857
G0 F9000 X109.091 Y122.84
G1 F1500 X119.771 Y112.159 E2524.88095
G0 F9000 X120.336 Y112.159
G1 F1500 X109.656 Y122.84 E2525.38333
G0 F9000 X110.222 Y122.84
G1 F1500 X120.902 Y112.159 E2525.8857
G0 F9000 X121.468 Y112.159
G1 F1500 X110.788 Y122.84 E2526.38808
G0 F9000 X111.353 Y122.84
G1 F1500 X122.033 Y112.159 E2526.89046
G0 F9000 X122.599 Y112.159
G1 F1500 X111.919 Y122.84 E2527.39284
G0 F9000 X112.485 Y122.84
G1 F1500 X123.165 Y112.159 E2527.89522
G0 F9000 X123.73 Y112.159
G1 F1500 X113.05 Y122.84 E2528.39759
G0 F9000 X113.616 Y122.84
G1 F1500 X124.296 Y112.159 E2528.89997
G0 F9000 X124.862 Y112.159
G1 F1500 X114.182 Y122.84 E2529.40235
G0 F9000 X114.747 Y122.84
G1 F1500 X125.428 Y112.159 E2529.90475
G0 F9000 X125.993 Y112.159
G1 F1500 X115.313 Y122.84 E2530.40713
G0 F9000 X115.879 Y122.84
G1 F1500 X126.559 Y112.159 E2530.90951
G0 F9000 X127.125 Y112.159
G1 F1500 X116.444 Y122.84 E2531.41191
G0 F9000 X117.01 Y122.84
G1 F1500 X127.69 Y112.159 E2531.91429
G0 F9000 X128.256 Y112.159
G1 F1500 X117.576 Y122.84 E2532.41666
G0 F9000 X118.141 Y122.84
G1 F1500 X128.822 Y112.159 E2532.91907
G0 F9000 X129.387 Y112.159
G1 F1500 X118.707 Y122.84 E2533.42144
G0 F9000 X119.273 Y122.84
G1 F1500 X129.953 Y112.159 E2533.92382
G0 F9000 X130.519 Y112.159
G1 F1500 X119.839 Y122.84 E2534.4262
G0 F9000 X120.404 Y122.84
G1 F1500 X131.084 Y112.159 E2534.92858
G0 F9000 X131.65 Y112.159
G1 F1500 X120.97 Y122.84 E2535.43096
G0 F9000 X121.536 Y122.84
G1 F1500 X132.216 Y112.159 E2535.93333
G0 F9000 X132.781 Y112.159
G1 F1500 X122.101 Y122.84 E2536.43571
G0 F9000 X122.667 Y122.84
G1 F1500 X133.347 Y112.159 E2536.93809
G0 F9000 X133.913 Y112.159
G1 F1500 X123.233 Y122.84 E2537.44047
G0 F9000 X123.798 Y122.84
G1 F1500 X134.478 Y112.159 E2537.94285
G0 F9000 X135.044 Y112.159
G1 F1500 X124.364 Y122.84 E2538.44522
G0 F9000 X124.93 Y122.84
G1 F1500 X135.61 Y112.159 E2538.9476
G0 F9000 X136.176 Y112.159
G1 F1500 X125.495 Y122.84 E2539.45
G0 F9000 X126.061 Y122.84
G1 F1500 X136.741 Y112.159 E2539.95238
G0 F9000 X137.307 Y112.159
G1 F1500 X126.627 Y122.84 E2540.45476
G0 F9000 X127.192 Y122.84
G1 F1500 X137.873 Y112.159 E2540.95716
G0 F9000 X138.438 Y112.159
G1 F1500 X127.758 Y122.84 E2541.45954
G0 F9000 X128.324 Y122.84
G1 F1500 X139.004 Y112.159 E2541.96192
G0 F9000 X139.57 Y112.159
G1 F1500 X128.89 Y122.84 E2542.46429
G0 F9000 X129.455 Y122.84
G1 F1500 X140.135 Y112.159 E2542.96667
G0 F9000 X140.701 Y112.159
G1 F1500 X130.021 Y122.84 E2543.46905
G0 F9000 X130.587 Y122.84
G1 F1500 X141.267 Y112.159 E2543.97143
G0 F9000 X141.832 Y112.159
G1 F1500 X131.152 Y122.84 E2544.47381
G0 F9000 X131.718 Y122.84
G1 F1500 X142.398 Y112.159 E2544.97618
G0 F9000 X142.964 Y112.159
G1 F1500 X132.284 Y122.84 E2545.47856
G0 F9000 X132.849 Y122.84
G1 F1500 X143.529 Y112.159 E2545.98094
G0 F9000 X144.095 Y112.159
G1 F1500 X133.415 Y122.84 E2546.48332
G0 F9000 X133.981 Y122.84
G1 F1500 X144.661 Y112.159 E2546.9857
G0 F9000 X145.227 Y112.159
G1 F1500 X134.546 Y122.84 E2547.4881
G0 F9000 X135.112 Y122.84
G1 F1500 X145.792 Y112.159 E2547.99048
G0 F9000 X146.366 Y112.151
G1 F1500 X135.678 Y122.84 E2548.49323
G0 F9000 X136.243 Y122.84
G1 F1500 X146.947 Y112.136 E2548.99671
G0 F9000 X147.527 Y112.121
G1 F1500 X136.809 Y122.84 E2549.50088
G0 F9000 X137.375 Y122.84
G1 F1500 X148.109 Y112.106 E2550.00577
G0 F9000 X148.689 Y112.091
G1 F1500 X137.94 Y122.84 E2550.51137
G0 F9000 X138.506 Y122.84
G1 F1500 X149.27 Y112.076 E2551.01768
G0 F9000 X149.851 Y112.06
G1 F1500 X139.072 Y122.84 E2551.52471
G0 F9000 X139.638 Y122.84
G1 F1500 X150.432 Y112.046 E2552.03243
G0 F9000 X151.012 Y112.031
G1 F1500 X140.203 Y122.84 E2552.54085
G0 F9000 X140.769 Y122.84
G1 F1500 X151.593 Y112.016 E2553.04998
G0 F9000 X152.174 Y112
G1 F1500 X141.335 Y122.84 E2553.55984
G0 F9000 X141.9 Y122.84
G1 F1500 X152.754 Y111.985 E2554.0704
G0 F9000 X153.335 Y111.971
G1 F1500 X142.466 Y122.84 E2554.58164
G0 F9000 X143.032 Y122.84
G1 F1500 X153.947 Y111.924 E2555.09508
G0 F9000 X154.561 Y111.876
G1 F1500 X143.597 Y122.84 E2555.61079
G0 F9000 X144.163 Y122.84
G1 F1500 X155.174 Y111.828 E2556.12874
G0 F9000 X155.787 Y111.781
G1 F1500 X144.729 Y122.84 E2556.64889
G0 F9000 X145.294 Y122.84
G1 F1500 X156.4 Y111.734 E2557.17129
G0 F9000 X157.013 Y111.686
G1 F1500 X145.86 Y122.84 E2557.69591
G0 F9000 X146.415 Y122.85
G1 F1500 X157.626 Y111.639 E2558.22324
G0 F9000 X158.24 Y111.591
G1 F1500 X146.967 Y122.864 E2558.75349
G0 F9000 X147.518 Y122.878
G1 F1500 X158.853 Y111.543 E2559.28665
G0 F9000 X159.466 Y111.496
G1 F1500 X148.07 Y122.893 E2559.82271
G0 F9000 X148.621 Y122.907
G1 F1500 X160.079 Y111.449 E2560.36166
G0 F9000 X160.693 Y111.401
G1 F1500 X149.173 Y122.921 E2560.90353
G0 F9000 X149.724 Y122.935
G1 F1500 X161.343 Y111.316 E2561.45005
G0 F9000 X161.993 Y111.232
G1 F1500 X150.276 Y122.949 E2562.00118
G0 F9000 X150.827 Y122.963
G1 F1500 X162.643 Y111.148 E2562.55694
G0 F9000 X163.292 Y111.064
G1 F1500 X151.379 Y122.977 E2563.1173
G0 F9000 X151.93 Y122.992
G1 F1500 X163.942 Y110.98 E2563.6823
G0 F9000 X164.592 Y110.896
G1 F1500 X152.481 Y123.006 E2564.25194
G0 F9000 X153.033 Y123.021
G1 F1500 X165.242 Y110.812 E2564.82622
G0 F9000 X165.892 Y110.727
G1 F1500 X153.575 Y123.045 E2565.40559
G0 F9000 X154.1 Y123.085
G1 F1500 X166.542 Y110.643 E2565.99083
G0 F9000 X167.191 Y110.559
G1 F1500 X154.625 Y123.126 E2566.58192
G0 F9000 X155.149 Y123.167
G1 F1500 X167.841 Y110.475 E2567.17891
G0 F9000 X168.521 Y110.361
G1 F1500 X155.675 Y123.207 E2567.78315
G0 F9000 X156.199 Y123.248
G1 F1500 X169.213 Y110.235 E2568.39526
G0 F9000 X169.905 Y110.109
G1 F1500 X156.724 Y123.289 E2569.01523
G0 F9000 X157.249 Y123.33
G1 F1500 X170.597 Y109.982 E2569.64308
G0 F9000 X171.288 Y109.856
G1 F1500 X157.774 Y123.371 E2570.27876
G0 F9000 X158.299 Y123.412
G1 F1500 X171.981 Y109.73 E2570.92232
G0 F9000 X172.672 Y109.604
G1 F1500 X158.823 Y123.453 E2571.57374
G0 F9000 X159.348 Y123.494
G1 F1500 X173.364 Y109.477 E2572.23303
G0 F9000 X174.057 Y109.351
G1 F1500 X159.874 Y123.534 E2572.90015
G0 F9000 X160.398 Y123.575
G1 F1500 X174.748 Y109.225 E2573.57513
G0 F9000 X175.38 Y109.159
G1 F1500 X160.914 Y123.625 E2574.25557
G0 F9000 X161.414 Y123.69
G1 F1500 X175.945 Y109.159 E2574.93906
G0 F9000 X176.511 Y109.159
G1 F1500 X161.916 Y123.755 E2575.62559
G0 F9000 X162.416 Y123.82
G1 F1500 X177.077 Y109.159 E2576.3152
G0 F9000 X177.642 Y109.159
G1 F1500 X162.917 Y123.885 E2577.00784
G0 F9000 X163.418 Y123.95
G1 F1500 X178.208 Y109.159 E2577.70354
G0 F9000 X178.774 Y109.159
G1 F1500 X163.918 Y124.015 E2578.40232
G0 F9000 X164.42 Y124.079
G1 F1500 X179.339 Y109.159 E2579.10409
G0 F9000 X179.905 Y109.159
G1 F1500 X164.92 Y124.144 E2579.80894
G0 F9000 X165.421 Y124.209
G1 F1500 X180.471 Y109.159 E2580.51684
G0 F9000 X181.037 Y109.159
G1 F1500 X165.921 Y124.274 E2581.22783
G0 F9000 X166.423 Y124.339
G1 F1500 X181.602 Y109.159 E2581.94183
G0 F9000 X182.168 Y109.159
G1 F1500 X166.923 Y124.404 E2582.65891
G0 F9000 X167.424 Y124.469
G1 F1500 X182.734 Y109.159 E2583.37904
G0 F9000 X183.299 Y109.159
G1 F1500 X167.925 Y124.534 E2584.10221
G0 F9000 X168.407 Y124.617
G1 F1500 X183.865 Y109.159 E2584.82931
G0 F9000 X184.431 Y109.159
G1 F1500 X168.885 Y124.705 E2585.56054
G0 F9000 X169.364 Y124.792
G1 F1500 X184.996 Y109.159 E2586.29585
G0 F9000 X185.562 Y109.159
G1 F1500 X169.842 Y124.879 E2587.03527
G0 F9000 X170.32 Y124.966
G1 F1500 X186.128 Y109.159 E2587.77881
G0 F9000 X186.693 Y109.159
G1 F1500 X170.799 Y125.053 E2588.52641
G0 F9000 X171.278 Y125.14
G1 F1500 X187.259 Y109.159 E2589.27811
G0 F9000 X187.825 Y109.159
G1 F1500 X171.756 Y125.228 E2590.03395
G0 F9000 X172.234 Y125.315
G1 F1500 X188.39 Y109.159 E2590.79387
G0 F9000 X188.956 Y109.159
G1 F1500 X172.712 Y125.403 E2591.55794
G0 F9000 X173.191 Y125.49
G1 F1500 X189.522 Y109.159 E2592.3261
G0 F9000 X190.087 Y109.159
G1 F1500 X173.67 Y125.577 E2593.09833
G0 F9000 X174.148 Y125.664
G1 F1500 X190.653 Y109.159 E2593.87468
G0 F9000 X191.219 Y109.159
G1 F1500 X174.627 Y125.751 E2594.65511
G0 F9000 X175.105 Y125.839
G1 F1500 X191.785 Y109.159 E2595.43969
G0 F9000 X192.35 Y109.159
G1 F1500 X175.67 Y125.84 E2596.22429
G0 F9000 X176.235 Y125.84
G1 F1500 X192.916 Y109.159 E2597.00891
G0 F9000 X193.482 Y109.159
G1 F1500 X176.801 Y125.84 E2597.79353
G0 F9000 X177.367 Y125.84
G1 F1500 X194.047 Y109.159 E2598.57813
G0 F9000 X194.613 Y109.159
G1 F1500 X177.932 Y125.84 E2599.36276
G0 F9000 X178.498 Y125.84
G1 F1500 X195.179 Y109.159 E2600.14738
G0 F9000 X195.744 Y109.159
G1 F1500 X179.064 Y125.84 E2600.93198
G0 F9000 X179.629 Y125.84
G1 F1500 X196.31 Y109.159 E2601.7166
G0 F9000 X196.876 Y109.159
G1 F1500 X180.195 Y125.84 E2602.50123
G0 F9000 X180.761 Y125.84
G1 F1500 X197.441 Y109.159 E2603.28583
G0 F9000 X198.007 Y109.159
G1 F1500 X181.326 Y125.84 E2604.07045
G0 F9000 X181.892 Y125.84
G1 F1500 X198.573 Y109.159 E2604.85507
G0 F9000 X198.839 Y109.459
G1 F1500 X182.458 Y125.84 E2605.62558
G0 F9000 X183.023 Y125.84
G1 F1500 X198.839 Y110.025 E2606.3695
G0 F9000 X198.839 Y110.59
G1 F1500 X183.589 Y125.84 E2607.08681
G0 F9000 X184.155 Y125.84
G1 F1500 X198.839 Y111.156 E2607.7775
G0 F9000 X198.839 Y111.722
G1 F1500 X184.721 Y125.84 E2608.44157
G0 F9000 X185.286 Y125.84
G1 F1500 X198.839 Y112.287 E2609.07906
G0 F9000 X198.839 Y112.853
G1 F1500 X185.852 Y125.84 E2609.68993
G0 F9000 X186.418 Y125.84
G1 F1500 X198.839 Y113.419 E2610.27417
G0 F9000 X198.839 Y113.984
G1 F1500 X186.983 Y125.84 E2610.83184
G0 F9000 X187.549 Y125.84
G1 F1500 X198.839 Y114.55 E2611.36289
G0 F9000 X198.839 Y115.116
G1 F1500 X188.115 Y125.84 E2611.86731
G0 F9000 X188.68 Y125.84
G1 F1500 X198.839 Y115.681 E2612.34516
G0 F9000 X198.839 Y116.247
G1 F1500 X189.246 Y125.84 E2612.79639
G0 F9000 X189.812 Y125.84
G1 F1500 X198.839 Y116.813 E2613.22099
G0 F9000 X198.839 Y117.379
G1 F1500 X190.377 Y125.84 E2613.61899
G0 F9000 X190.943 Y125.84
G1 F1500 X198.839 Y117.944 E2613.9904
G0 F9000 X198.839 Y118.51
G1 F1500 X191.509 Y125.84 E2614.33518
G0 F9000 X192.074 Y125.84
G1 F1500 X198.839 Y119.076 E2614.65336
G0 F9000 X198.839 Y119.641
G1 F1500 X192.64 Y125.84 E2614.94494
G0 F9000 X193.206 Y125.84
G1 F1500 X198.839 Y120.207 E2615.2099
G0 F9000 X198.839 Y120.773
G1 F1500 X193.772 Y125.84 E2615.44824
G0 F9000 X194.337 Y125.84
G1 F1500 X198.839 Y121.338 E2615.66
G0 F9000 X198.839 Y121.904
G1 F1500 X194.903 Y125.84 E2615.84513
G0 F9000 X195.469 Y125.84
G1 F1500 X198.839 Y122.47 E2616.00365
G0 F9000 X198.839 Y123.035
G1 F1500 X196.034 Y125.84 E2616.13559
G0 F9000 X196.6 Y125.84
G1 F1500 X198.839 Y123.601 E2616.2409
G0 F9000 X198.839 Y124.167
G1 F1500 X197.166 Y125.84 E2616.3196
G0 F9000 X197.731 Y125.84
G1 F1500 X198.839 Y124.732 E2616.37171
G0 F9000 X198.839 Y125.298
G1 F1500 X198.297 Y125.84 E2616.39721
G1 F2700 E2611.39721
;MESH:NONMESH
G0 F300 X198.297 Y125.84 Z2.6
G0 F9000 X198.297 Y126.3
G0 X199.228 Y126.228
G0 X199.228 Y108.772 ;T9.452 R8.000 A1.570 C-421.702048 FILLET CORNER
G0 X175.07 Y108.761 ;T-78.987 R8.000 A0.155 C-54.417653000000406 FILLET CORNER
G0 X160.635 Y111.007 ;T-140.801 R8.000 A0.103 C12.444365000000179 FILLET CORNER
G0 X152.35 Y111.434 ;T-330.050 R8.000 A0.047 C24.847321999999558 FILLET CORNER
G0 X88.979 Y111.701
G1 F2700 E2616.39721
G0 F9000 X88.983 Y111.6
;TIME_ELAPSED:3627.741512
;LAYER:12
;TYPE:WALL-INNER
;MESH:D638-22 Type I Tensile Specimen.STL
G1 F1500 X146.015 Y111.6 E2618.2941
G1 X153.343 Y111.411 E2618.53791
G1 X160.654 Y110.844 E2618.7818
G1 X167.894 Y109.906 E2619.02462
G1 X175.055 Y108.6 E2619.26672
G1 X199.4 Y108.6 E2620.07644 ;T16.345 R8.000 A1.571 C216.67050000000012 FILLET CORNER
G1 X199.4 Y117.5 E2620.37246
G1 X199.4 Y126.4 E2620.66847 ;T0.900 R8.000 A1.571 C216.6527000000003 FILLET CORNER
G1 X175.057 Y126.4 E2621.47812
G1 X167.896 Y125.094 E2621.72023
G1 X160.654 Y124.156 E2621.96311
G1 X153.345 Y123.589 E2622.20694
G1 X146.017 Y123.4 E2622.45075
G1 X88.985 Y123.4 E2624.34764
G1 X81.657 Y123.589 E2624.59145
G1 X74.346 Y124.156 E2624.83535
G1 X67.106 Y125.094 E2625.07817
G1 X59.945 Y126.4 E2625.32027
G1 X35.6 Y126.4 E2626.12999 ;T16.345 R8.000 A1.571 C433.34100000000024 FILLET CORNER
G1 X35.6 Y108.6 E2626.72202 ;T9.800 R8.000 A1.571 C433.3054000000002 FILLET CORNER
G1 X59.943 Y108.6 E2627.53167
G1 X67.104 Y109.906 E2627.77377
G1 X74.346 Y110.844 E2628.01666
G1 X81.655 Y111.411 E2628.26048
G1 X88.983 Y111.6 E2628.5043
G1 F2700 E2623.5043
G0 F9000 X88.979 Y111.701
G0 X74.325 Y111.003 ;T-134.873 R8.000 A0.107 C22.805162000000145 FILLET CORNER
G0 X59.928 Y108.761 ;T-88.488 R8.000 A0.155 C-54.31611900000024 FILLET CORNER
G0 X35.772 Y108.772 ;T16.152 R8.000 A1.570 C-421.6671359999997 FILLET CORNER
G0 X35.772 Y126.228 ;T9.452 R8.000 A1.570 C-421.70204799999976 FILLET CORNER
G0 X59.93 Y126.239 ;T-78.973 R8.000 A0.155 C-54.41763100000037 FILLET CORNER
G0 X74.363 Y123.993 ;T-117.723 R8.000 A0.121 C25.76019000000028 FILLET CORNER
G0 X88.994 Y123.501
G1 F2700 E2628.5043
G0 F9000 X88.995 Y123.8
;TYPE:WALL-OUTER
G1 F1500 X146.007 Y123.8 E2630.40052
G1 X153.314 Y123.988 E2630.64364
G1 X160.602 Y124.553 E2630.88676
G1 X167.854 Y125.493 E2631.12998
G1 X175.021 Y126.8 E2631.37229
G1 X199.8 Y126.8 E2632.19644 ;T16.779 R8.000 A1.571 C-230.44470000000015 FILLET CORNER
G1 X199.8 Y117.5 E2632.50576
G1 X199.8 Y108.2 E2632.81508 ;T1.300 R8.000 A1.571 C-230.46329999999998 FILLET CORNER
G1 X175.019 Y108.2 E2633.6393
G1 X167.842 Y109.509 E2633.88195
G1 X160.592 Y110.448 E2634.1251
G1 X153.302 Y111.012 E2634.36829
G1 X146.005 Y111.2 E2634.61107
G1 X88.993 Y111.2 E2636.50729
G1 X81.686 Y111.012 E2636.75041
G1 X74.398 Y110.447 E2636.99353
G1 X67.146 Y109.507 E2637.23675
G1 X59.979 Y108.2 E2637.47906
G1 X35.2 Y108.2 E2638.30321 ;T16.779 R8.000 A1.571 C-460.8893999999998 FILLET CORNER
G1 X35.2 Y126.8 E2638.92185 ;T10.600 R8.000 A1.571 C-460.92659999999984 FILLET CORNER
G1 X59.981 Y126.8 E2639.74607
G1 X67.158 Y125.491 E2639.98872
G1 X74.408 Y124.552 E2640.23187
G1 X81.698 Y123.988 E2640.47506
G1 X88.995 Y123.8 E2640.71784
G0 F9000 X88.977 Y123.04
;TYPE:SKIN
G1 F1500 X146.027 Y123.04 E2642.61533
G1 X153.372 Y123.23 E2642.85971
G1 X160.7 Y123.799 E2643.10417
G1 X167.99 Y124.744 E2643.34866
G1 X175.092 Y126.04 E2643.58878
G1 X199.04 Y126.04 E2644.38529 ;T15.948 R8.000 A1.571 C-409.03183999999993 FILLET CORNER
G1 X199.04 Y108.96 E2644.95338 ;T9.080 R8.000 A1.571 C-409.08308000000017 FILLET CORNER
G1 X175.089 Y108.96 E2645.74999
G1 X167.981 Y110.257 E2645.99031
G1 X160.651 Y111.206 E2646.23614
G1 X153.321 Y111.772 E2646.48066
G1 X146.024 Y111.96 E2646.72344
G1 X88.975 Y111.96 E2648.6209
G1 X81.629 Y111.77 E2648.86531
G1 X74.335 Y111.205 E2649.10863
G1 X67.01 Y110.256 E2649.3543
G1 X59.908 Y108.96 E2649.59441
G1 X35.96 Y108.96 E2650.39093 ;T15.948 R8.000 A1.571 C-409.03184000000033 FILLET CORNER
G1 X35.96 Y126.04 E2650.95901 ;T9.080 R8.000 A1.571 C-409.08308000000034 FILLET CORNER
G1 X59.911 Y126.04 E2651.75563
G1 X67.023 Y124.742 E2651.99608
G1 X74.347 Y123.794 E2652.24171
G1 X81.64 Y123.23 E2652.485
G1 X88.977 Y123.04 E2652.72911
G1 F2700 E2647.72911
G0 F9000 X88.98 Y123.3
G0 X69.807 Y124.562 ;T-136.811 R8.000 A0.102 C-19.688347000000128 FILLET CORNER
G0 X59.93 Y126.239 ;T-86.388 R8.000 A0.166 C38.75501600000023 FILLET CORNER
G0 X36.461 Y126.3
G1 F2700 E2652.72911
G0 F9000 X36.461 Y125.839
G1 F1500 X36.16 Y125.538 E2652.74327
G0 F9000 X36.16 Y124.972
G1 F1500 X37.026 Y125.839 E2652.78403
G0 F9000 X37.592 Y125.839
G1 F1500 X36.16 Y124.406 E2652.85141
G0 F9000 X36.16 Y123.841
G1 F1500 X38.158 Y125.839 E2652.94539
G0 F9000 X38.723 Y125.839
G1 F1500 X36.16 Y123.275 E2653.06596
G0 F9000 X36.16 Y122.709
G1 F1500 X39.289 Y125.839 E2653.21317
G0 F9000 X39.855 Y125.839
G1 F1500 X36.16 Y122.144 E2653.38697
G0 F9000 X36.16 Y121.578
G1 F1500 X40.421 Y125.839 E2653.58739
G0 F9000 X40.986 Y125.839
G1 F1500 X36.16 Y121.012 E2653.81442
G0 F9000 X36.16 Y120.447
G1 F1500 X41.552 Y125.839 E2654.06804
G0 F9000 X42.118 Y125.839
G1 F1500 X36.16 Y119.881 E2654.34829
G0 F9000 X36.16 Y119.315
G1 F1500 X42.683 Y125.839 E2654.65513
G0 F9000 X43.249 Y125.839
G1 F1500 X36.16 Y118.75 E2654.98858
G0 F9000 X36.16 Y118.184
G1 F1500 X43.815 Y125.839 E2655.34864
G0 F9000 X44.38 Y125.839
G1 F1500 X36.16 Y117.618 E2655.73531
G0 F9000 X36.16 Y117.053
G1 F1500 X44.946 Y125.839 E2656.14858
G0 F9000 X45.512 Y125.839
G1 F1500 X36.16 Y116.487 E2656.58847
G0 F9000 X36.16 Y115.921
G1 F1500 X46.077 Y125.839 E2657.05496
G0 F9000 X46.643 Y125.839
G1 F1500 X36.16 Y115.355 E2657.54807
G0 F9000 X36.16 Y114.79
G1 F1500 X47.209 Y125.839 E2658.06778
G0 F9000 X47.774 Y125.839
G1 F1500 X36.16 Y114.224 E2658.61409
G0 F9000 X36.16 Y113.658
G1 F1500 X48.34 Y125.839 E2659.18702
G0 F9000 X48.906 Y125.839
G1 F1500 X36.16 Y113.093 E2659.78655
G0 F9000 X36.16 Y112.527
G1 F1500 X49.472 Y125.839 E2660.41271
G0 F9000 X50.037 Y125.839
G1 F1500 X36.16 Y111.961 E2661.06547
G0 F9000 X36.16 Y111.396
G1 F1500 X50.603 Y125.839 E2661.74482
G0 F9000 X51.169 Y125.839
G1 F1500 X36.16 Y110.83 E2662.4508
G0 F9000 X36.16 Y110.264
G1 F1500 X51.734 Y125.839 E2663.18337
G0 F9000 X52.3 Y125.839
G1 F1500 X36.16 Y109.699 E2663.94255
G0 F9000 X36.186 Y109.159
G1 F1500 X52.866 Y125.839 E2664.72713
G0 F9000 X53.431 Y125.839
G1 F1500 X36.751 Y109.159 E2665.5117
G0 F9000 X37.317 Y109.159
G1 F1500 X53.997 Y125.839 E2666.29628
G0 F9000 X54.563 Y125.839
G1 F1500 X37.883 Y109.159 E2667.08085
G0 F9000 X38.448 Y109.159
G1 F1500 X55.128 Y125.839 E2667.86543
G0 F9000 X55.694 Y125.839
G1 F1500 X39.014 Y109.159 E2668.65001
G0 F9000 X39.58 Y109.159
G1 F1500 X56.26 Y125.839 E2669.43458
G0 F9000 X56.825 Y125.839
G1 F1500 X40.145 Y109.159 E2670.21916
G0 F9000 X40.711 Y109.159
G1 F1500 X57.391 Y125.839 E2671.00373
G0 F9000 X57.957 Y125.839
G1 F1500 X41.277 Y109.159 E2671.78831
G0 F9000 X41.843 Y109.159
G1 F1500 X58.522 Y125.839 E2672.57286
G0 F9000 X59.088 Y125.839
G1 F1500 X42.408 Y109.159 E2673.35744
G0 F9000 X42.974 Y109.159
G1 F1500 X59.654 Y125.839 E2674.14202
G0 F9000 X60.169 Y125.788
G1 F1500 X43.54 Y109.159 E2674.92419
G0 F9000 X44.105 Y109.159
G1 F1500 X60.647 Y125.701 E2675.70228
G0 F9000 X61.125 Y125.613
G1 F1500 X44.671 Y109.159 E2676.47622
G0 F9000 X45.237 Y109.159
G1 F1500 X61.604 Y125.527 E2677.2461
G0 F9000 X62.082 Y125.439
G1 F1500 X45.802 Y109.159 E2678.01186
G0 F9000 X46.368 Y109.159
G1 F1500 X62.561 Y125.352 E2678.77353
G0 F9000 X63.039 Y125.264
G1 F1500 X46.934 Y109.159 E2679.53106
G0 F9000 X47.499 Y109.159
G1 F1500 X63.517 Y125.177 E2680.2845
G0 F9000 X63.995 Y125.09
G1 F1500 X48.065 Y109.159 E2681.03382
G0 F9000 X48.631 Y109.159
G1 F1500 X64.474 Y125.003 E2681.77905
G0 F9000 X64.952 Y124.915
G1 F1500 X49.196 Y109.159 E2682.52016
G0 F9000 X49.762 Y109.159
G1 F1500 X65.43 Y124.827 E2683.25714
G0 F9000 X65.909 Y124.74
G1 F1500 X50.328 Y109.159 E2683.99002
G0 F9000 X50.894 Y109.159
G1 F1500 X66.387 Y124.653 E2684.71879
G0 F9000 X66.866 Y124.566
G1 F1500 X51.459 Y109.159 E2685.44349
G0 F9000 X52.025 Y109.159
G1 F1500 X67.361 Y124.496 E2686.16487
G0 F9000 X67.862 Y124.43
G1 F1500 X52.591 Y109.159 E2686.88317
G0 F9000 X53.156 Y109.159
G1 F1500 X68.363 Y124.365 E2687.59844
G0 F9000 X68.863 Y124.3
G1 F1500 X53.722 Y109.159 E2688.31062
G0 F9000 X54.288 Y109.159
G1 F1500 X69.365 Y124.236 E2689.0198
G0 F9000 X69.865 Y124.171
G1 F1500 X54.853 Y109.159 E2689.72592
G0 F9000 X55.419 Y109.159
G1 F1500 X70.366 Y124.106 E2690.42898
G0 F9000 X70.866 Y124.041
G1 F1500 X55.985 Y109.159 E2691.12896
G0 F9000 X56.55 Y109.159
G1 F1500 X71.367 Y123.976 E2691.8259
G0 F9000 X71.868 Y123.911
G1 F1500 X57.116 Y109.159 E2692.51979
G0 F9000 X57.682 Y109.159
G1 F1500 X72.369 Y123.846 E2693.21062
G0 F9000 X72.87 Y123.781
G1 F1500 X58.247 Y109.159 E2693.89842
G0 F9000 X58.813 Y109.159
G1 F1500 X73.37 Y123.716 E2694.58314
G0 F9000 X73.871 Y123.651
G1 F1500 X59.379 Y109.159 E2695.2648
G0 F9000 X59.957 Y109.172
G1 F1500 X74.375 Y123.59 E2695.94298
G0 F9000 X74.9 Y123.549
G1 F1500 X60.649 Y109.298 E2696.6133
G0 F9000 X61.341 Y109.424
G1 F1500 X75.425 Y123.508 E2697.27577
G0 F9000 X75.951 Y123.468
G1 F1500 X62.033 Y109.55 E2697.93043
G0 F9000 X62.725 Y109.677
G1 F1500 X76.475 Y123.427 E2698.57719
G0 F9000 X77.001 Y123.387
G1 F1500 X63.417 Y109.803 E2699.21614
G0 F9000 X64.109 Y109.929
G1 F1500 X77.525 Y123.346 E2699.84721
G0 F9000 X78.051 Y123.305
G1 F1500 X64.801 Y110.056 E2700.47042
G0 F9000 X65.492 Y110.182
G1 F1500 X78.575 Y123.264 E2701.08578
G0 F9000 X79.101 Y123.224
G1 F1500 X66.185 Y110.308 E2701.69331
G0 F9000 X66.876 Y110.434
G1 F1500 X79.625 Y123.183 E2702.29299
G0 F9000 X80.151 Y123.143
G1 F1500 X67.533 Y110.525 E2702.8865
G0 F9000 X68.183 Y110.609
G1 F1500 X80.675 Y123.102 E2703.47411
G0 F9000 X81.201 Y123.062
G1 F1500 X68.833 Y110.694 E2704.05586
G0 F9000 X69.482 Y110.777
G1 F1500 X81.731 Y123.026 E2704.63201
G0 F9000 X82.283 Y123.012
G1 F1500 X70.132 Y110.861 E2705.20356
G0 F9000 X70.782 Y110.945
G1 F1500 X82.834 Y122.998 E2705.77047
G0 F9000 X83.385 Y122.983
G1 F1500 X71.431 Y111.029 E2706.33275
G0 F9000 X72.081 Y111.114
G1 F1500 X83.937 Y122.969 E2706.8904
G0 F9000 X84.488 Y122.955
G1 F1500 X72.73 Y111.197 E2707.44346
G0 F9000 X73.38 Y111.281
G1 F1500 X85.04 Y122.941 E2707.99191
G0 F9000 X85.591 Y122.926
G1 F1500 X74.03 Y111.365 E2708.5357
G0 F9000 X74.66 Y111.43
G1 F1500 X86.142 Y122.912 E2709.07578
G0 F9000 X86.694 Y122.897
G1 F1500 X75.273 Y111.477 E2709.61297
G0 F9000 X75.886 Y111.524
G1 F1500 X87.245 Y122.883 E2710.14726
G0 F9000 X87.797 Y122.869
G1 F1500 X76.499 Y111.572 E2710.67866
G0 F9000 X77.112 Y111.619
G1 F1500 X88.348 Y122.854 E2711.20714
G0 F9000 X88.899 Y122.84
G1 F1500 X77.725 Y111.667 E2711.73271
G0 F9000 X78.338 Y111.714
G1 F1500 X89.463 Y122.839 E2712.256
G0 F9000 X90.029 Y122.839
G1 F1500 X78.952 Y111.761 E2712.77705
G0 F9000 X79.565 Y111.809
G1 F1500 X90.595 Y122.839 E2713.29587
G0 F9000 X91.16 Y122.839
G1 F1500 X80.178 Y111.856 E2713.81245
G0 F9000 X80.791 Y111.903
G1 F1500 X91.726 Y122.839 E2714.32682
G0 F9000 X92.292 Y122.839
G1 F1500 X81.404 Y111.951 E2714.83896
G0 F9000 X81.997 Y111.978
G1 F1500 X92.857 Y122.839 E2715.3498
G0 F9000 X93.423 Y122.839
G1 F1500 X82.578 Y111.993 E2715.85994
G0 F9000 X83.158 Y112.008
G1 F1500 X93.989 Y122.839 E2716.3694
G0 F9000 X94.555 Y122.839
G1 F1500 X83.739 Y112.024 E2716.87813
G0 F9000 X84.32 Y112.038
G1 F1500 X95.12 Y122.839 E2717.38615
G0 F9000 X95.686 Y122.839
G1 F1500 X84.9 Y112.053 E2717.89349
G0 F9000 X85.482 Y112.069
G1 F1500 X96.252 Y122.839 E2718.40008
G0 F9000 X96.817 Y122.839
G1 F1500 X86.062 Y112.084 E2718.90596
G0 F9000 X86.643 Y112.099
G1 F1500 X97.383 Y122.839 E2719.41114
G0 F9000 X97.949 Y122.839
G1 F1500 X87.223 Y112.113 E2719.91566
G0 F9000 X87.804 Y112.129
G1 F1500 X98.514 Y122.839 E2720.41942
G0 F9000 X99.08 Y122.839
G1 F1500 X88.385 Y112.144 E2720.92248
G0 F9000 X88.966 Y112.159
G1 F1500 X99.646 Y122.839 E2721.42484
G0 F9000 X100.211 Y122.839
G1 F1500 X89.532 Y112.159 E2721.92717
G0 F9000 X90.098 Y112.159
G1 F1500 X100.777 Y122.839 E2722.4295
G0 F9000 X101.343 Y122.839
G1 F1500 X90.663 Y112.159 E2722.93185
G0 F9000 X91.229 Y112.159
G1 F1500 X101.908 Y122.839 E2723.43418
G0 F9000 X102.474 Y122.839
G1 F1500 X91.795 Y112.159 E2723.93651
G0 F9000 X92.36 Y112.159
G1 F1500 X103.04 Y122.839 E2724.43887
G0 F9000 X103.605 Y122.839
G1 F1500 X92.926 Y112.159 E2724.9412
G0 F9000 X93.492 Y112.159
G1 F1500 X104.171 Y122.839 E2725.44353
G0 F9000 X104.737 Y122.839
G1 F1500 X94.057 Y112.159 E2725.94588
G0 F9000 X94.623 Y112.159
G1 F1500 X105.303 Y122.839 E2726.44824
G0 F9000 X105.868 Y122.839
G1 F1500 X95.189 Y112.159 E2726.95057
G0 F9000 X95.754 Y112.159
G1 F1500 X106.434 Y122.839 E2727.45292
G0 F9000 X107 Y122.839
G1 F1500 X96.32 Y112.159 E2727.95528
G0 F9000 X96.886 Y112.159
G1 F1500 X107.565 Y122.839 E2728.45761
G0 F9000 X108.131 Y122.839
G1 F1500 X97.452 Y112.159 E2728.95994
G0 F9000 X98.017 Y112.159
G1 F1500 X108.697 Y122.839 E2729.46229
G0 F9000 X109.262 Y122.839
G1 F1500 X98.583 Y112.159 E2729.96463
G0 F9000 X99.149 Y112.159
G1 F1500 X109.828 Y122.839 E2730.46696
G0 F9000 X110.394 Y122.839
G1 F1500 X99.714 Y112.159 E2730.96931
G0 F9000 X100.28 Y112.159
G1 F1500 X110.959 Y122.839 E2731.47164
G0 F9000 X111.525 Y122.839
G1 F1500 X100.846 Y112.159 E2731.97397
G0 F9000 X101.411 Y112.159
G1 F1500 X112.091 Y122.839 E2732.47633
G0 F9000 X112.656 Y122.839
G1 F1500 X101.977 Y112.159 E2732.97866
G0 F9000 X102.543 Y112.159
G1 F1500 X113.222 Y122.839 E2733.48099
G0 F9000 X113.788 Y122.839
G1 F1500 X103.108 Y112.159 E2733.98334
G0 F9000 X103.674 Y112.159
G1 F1500 X114.354 Y122.839 E2734.4857
G0 F9000 X114.919 Y122.839
G1 F1500 X104.24 Y112.159 E2734.98803
G0 F9000 X104.805 Y112.159
G1 F1500 X115.485 Y122.839 E2735.49038
G0 F9000 X116.051 Y122.839
G1 F1500 X105.371 Y112.159 E2735.99274
G0 F9000 X105.937 Y112.159
G1 F1500 X116.616 Y122.839 E2736.49507
G0 F9000 X117.182 Y122.839
G1 F1500 X106.503 Y112.159 E2736.9974
G0 F9000 X107.068 Y112.159
G1 F1500 X117.748 Y122.839 E2737.49975
G0 F9000 X118.313 Y122.839
G1 F1500 X107.634 Y112.159 E2738.00209
G0 F9000 X108.2 Y112.159
G1 F1500 X118.879 Y122.839 E2738.50442
G0 F9000 X119.445 Y122.839
G1 F1500 X108.765 Y112.159 E2739.00677
G0 F9000 X109.331 Y112.159
G1 F1500 X120.01 Y122.839 E2739.5091
G0 F9000 X120.576 Y122.839
G1 F1500 X109.897 Y112.159 E2740.01143
G0 F9000 X110.462 Y112.159
G1 F1500 X121.142 Y122.839 E2740.51379
G0 F9000 X121.707 Y122.839
G1 F1500 X111.028 Y112.159 E2741.01612
G0 F9000 X111.594 Y112.159
G1 F1500 X122.273 Y122.839 E2741.51845
G0 F9000 X122.839 Y122.839
G1 F1500 X112.159 Y112.159 E2742.0208
G0 F9000 X112.725 Y112.159
G1 F1500 X123.404 Y122.839 E2742.52313
G0 F9000 X123.97 Y122.839
G1 F1500 X113.291 Y112.159 E2743.02547
G0 F9000 X113.856 Y112.159
G1 F1500 X124.536 Y122.839 E2743.52782
G0 F9000 X125.102 Y122.839
G1 F1500 X114.422 Y112.159 E2744.03017
G0 F9000 X114.988 Y112.159
G1 F1500 X125.667 Y122.839 E2744.53251
G0 F9000 X126.233 Y122.839
G1 F1500 X115.553 Y112.159 E2745.03486
G0 F9000 X116.119 Y112.159
G1 F1500 X126.799 Y122.839 E2745.53721
G0 F9000 X127.364 Y122.839
G1 F1500 X116.685 Y112.159 E2746.03955
G0 F9000 X117.251 Y112.159
G1 F1500 X127.93 Y122.839 E2746.54188
G0 F9000 X128.496 Y122.839
G1 F1500 X117.817 Y112.16 E2747.04418
G0 F9000 X118.383 Y112.16
G1 F1500 X129.061 Y122.839 E2747.54647
G0 F9000 X129.627 Y122.839
G1 F1500 X118.948 Y112.16 E2748.04877
G0 F9000 X119.514 Y112.16
G1 F1500 X130.193 Y122.839 E2748.55108
G0 F9000 X130.758 Y122.839
G1 F1500 X120.08 Y112.16 E2749.05337
G0 F9000 X120.645 Y112.16
G1 F1500 X131.324 Y122.839 E2749.55567
G0 F9000 X131.89 Y122.839
G1 F1500 X121.211 Y112.16 E2750.05798
G0 F9000 X121.777 Y112.16
G1 F1500 X132.455 Y122.839 E2750.56026
G0 F9000 X133.021 Y122.839
G1 F1500 X122.342 Y112.16 E2751.06257
G0 F9000 X122.908 Y112.16
G1 F1500 X133.587 Y122.839 E2751.56488
G0 F9000 X134.153 Y122.839
G1 F1500 X123.474 Y112.16 E2752.06719
G0 F9000 X124.039 Y112.16
G1 F1500 X134.718 Y122.839 E2752.56949
G0 F9000 X135.284 Y122.839
G1 F1500 X124.605 Y112.16 E2753.0718
G0 F9000 X125.171 Y112.16
G1 F1500 X135.85 Y122.839 E2753.57411
G0 F9000 X136.415 Y122.839
G1 F1500 X125.737 Y112.16 E2754.07639
G0 F9000 X126.302 Y112.16
G1 F1500 X136.981 Y122.839 E2754.5787
G0 F9000 X137.547 Y122.839
G1 F1500 X126.868 Y112.16 E2755.08101
G0 F9000 X127.434 Y112.16
G1 F1500 X138.112 Y122.839 E2755.58329
G0 F9000 X138.678 Y122.839
G1 F1500 X127.999 Y112.16 E2756.0856
G0 F9000 X128.565 Y112.16
G1 F1500 X139.244 Y122.839 E2756.58791
G0 F9000 X139.809 Y122.839
G1 F1500 X129.131 Y112.16 E2757.09019
G0 F9000 X129.696 Y112.16
G1 F1500 X140.375 Y122.839 E2757.5925
G0 F9000 X140.941 Y122.839
G1 F1500 X130.262 Y112.16 E2758.09481
G0 F9000 X130.828 Y112.16
G1 F1500 X141.506 Y122.839 E2758.59709
G0 F9000 X142.072 Y122.839
G1 F1500 X131.393 Y112.16 E2759.0994
G0 F9000 X131.959 Y112.16
G1 F1500 X142.638 Y122.839 E2759.6017
G0 F9000 X143.203 Y122.839
G1 F1500 X132.525 Y112.16 E2760.10399
G0 F9000 X133.09 Y112.16
G1 F1500 X143.769 Y122.839 E2760.6063
G0 F9000 X144.335 Y122.839
G1 F1500 X133.656 Y112.16 E2761.1086
G0 F9000 X134.222 Y112.16
G1 F1500 X144.901 Y122.839 E2761.61091
G0 F9000 X145.466 Y122.839
G1 F1500 X134.787 Y112.16 E2762.11322
G0 F9000 X135.353 Y112.16
G1 F1500 X146.033 Y122.84 E2762.61557
G0 F9000 X146.613 Y122.854
G1 F1500 X135.919 Y112.16 E2763.11859
G0 F9000 X136.485 Y112.16
G1 F1500 X147.194 Y122.869 E2763.6223
G0 F9000 X147.774 Y122.884
G1 F1500 X137.05 Y112.16 E2764.12673
G0 F9000 X137.616 Y112.16
G1 F1500 X148.355 Y122.899 E2764.63186
G0 F9000 X148.935 Y122.914
G1 F1500 X138.182 Y112.16 E2765.13767
G0 F9000 X138.747 Y112.16
G1 F1500 X149.517 Y122.929 E2765.64423
G0 F9000 X150.097 Y122.944
G1 F1500 X139.313 Y112.16 E2766.15148
G0 F9000 X139.879 Y112.16
G1 F1500 X150.678 Y122.959 E2766.65943
G0 F9000 X151.258 Y122.974
G1 F1500 X140.444 Y112.16 E2767.16809
G0 F9000 X141.01 Y112.16
G1 F1500 X151.839 Y122.989 E2767.67745
G0 F9000 X152.419 Y123.004
G1 F1500 X141.576 Y112.16 E2768.1875
G0 F9000 X142.141 Y112.16
G1 F1500 X153 Y123.019 E2768.69827
G0 F9000 X153.592 Y123.045
G1 F1500 X142.707 Y112.16 E2769.21027
G0 F9000 X143.273 Y112.16
G1 F1500 X154.205 Y123.093 E2769.7245
G0 F9000 X154.818 Y123.14
G1 F1500 X143.838 Y112.16 E2770.24096
G0 F9000 X144.404 Y112.16
G1 F1500 X155.432 Y123.188 E2770.75969
G0 F9000 X156.045 Y123.235
G1 F1500 X144.97 Y112.16 E2771.28062
G0 F9000 X145.536 Y112.16
G1 F1500 X156.659 Y123.284 E2771.80384
G0 F9000 X157.272 Y123.331
G1 F1500 X146.1 Y112.159 E2772.32933
G0 F9000 X146.651 Y112.145
G1 F1500 X157.886 Y123.379 E2772.85777
G0 F9000 X158.499 Y123.426
G1 F1500 X147.202 Y112.13 E2773.38912
G0 F9000 X147.754 Y112.116
G1 F1500 X159.113 Y123.474 E2773.92339
G0 F9000 X159.726 Y123.522
G1 F1500 X148.305 Y112.101 E2774.4606
G0 F9000 X148.857 Y112.087
G1 F1500 X160.339 Y123.57 E2775.0007
G0 F9000 X160.966 Y123.631
G1 F1500 X149.408 Y112.073 E2775.54436
G0 F9000 X149.96 Y112.059
G1 F1500 X161.617 Y123.716 E2776.09267
G0 F9000 X162.266 Y123.8
G1 F1500 X150.511 Y112.044 E2776.64561
G0 F9000 X151.062 Y112.03
G1 F1500 X162.916 Y123.884 E2777.20318
G0 F9000 X163.566 Y123.968
G1 F1500 X151.614 Y112.016 E2777.76537
G0 F9000 X152.165 Y112.002
G1 F1500 X164.216 Y124.052 E2778.33219
G0 F9000 X164.866 Y124.136
G1 F1500 X152.717 Y111.988 E2778.90362
G0 F9000 X153.268 Y111.973
G1 F1500 X165.516 Y124.22 E2779.4797
G0 F9000 X166.165 Y124.305
G1 F1500 X153.797 Y111.936 E2780.06148
G0 F9000 X154.322 Y111.896
G1 F1500 X166.816 Y124.389 E2780.64913
G0 F9000 X167.466 Y124.474
G1 F1500 X154.847 Y111.855 E2781.24269
G0 F9000 X155.372 Y111.814
G1 F1500 X168.123 Y124.565 E2781.84246
G0 F9000 X168.814 Y124.691
G1 F1500 X155.897 Y111.773 E2782.45006
G0 F9000 X156.422 Y111.733
G1 F1500 X169.506 Y124.817 E2783.06549
G0 F9000 X170.198 Y124.943
G1 F1500 X156.947 Y111.692 E2783.68878
G0 F9000 X157.472 Y111.652
G1 F1500 X170.89 Y125.07 E2784.31992
G0 F9000 X171.582 Y125.196
G1 F1500 X157.997 Y111.611 E2784.95892
G0 F9000 X158.522 Y111.57
G1 F1500 X172.273 Y125.321 E2785.60572
G0 F9000 X172.966 Y125.448
G1 F1500 X159.047 Y111.529 E2786.26043
G0 F9000 X159.572 Y111.489
G1 F1500 X173.657 Y125.574 E2786.92294
G0 F9000 X174.349 Y125.7
G1 F1500 X160.097 Y111.448 E2787.59331
G0 F9000 X160.622 Y111.408
G1 F1500 X175.041 Y125.826 E2788.27152
G0 F9000 X175.619 Y125.839
G1 F1500 X161.126 Y111.345 E2788.95325
G0 F9000 X161.626 Y111.28
G1 F1500 X176.185 Y125.839 E2789.63806
G0 F9000 X176.751 Y125.839
G1 F1500 X162.128 Y111.216 E2790.32588
G0 F9000 X162.628 Y111.151
G1 F1500 X177.316 Y125.839 E2791.01676
G0 F9000 X177.882 Y125.839
G1 F1500 X163.129 Y111.086 E2791.71069
G0 F9000 X163.63 Y111.021
G1 F1500 X178.448 Y125.839 E2792.40768
G0 F9000 X179.013 Y125.839
G1 F1500 X164.131 Y110.957 E2793.10769
G0 F9000 X164.632 Y110.892
G1 F1500 X179.579 Y125.839 E2793.81075
G0 F9000 X180.145 Y125.839
G1 F1500 X165.132 Y110.826 E2794.51691
G0 F9000 X165.634 Y110.762
G1 F1500 X180.711 Y125.839 E2795.22609
G0 F9000 X181.276 Y125.839
G1 F1500 X166.134 Y110.697 E2795.93832
G0 F9000 X166.635 Y110.632
G1 F1500 X181.842 Y125.839 E2796.65361
G0 F9000 X182.408 Y125.839
G1 F1500 X167.136 Y110.568 E2797.37194
G0 F9000 X167.637 Y110.503
G1 F1500 X182.973 Y125.839 E2798.0933
G0 F9000 X183.539 Y125.839
G1 F1500 X168.133 Y110.433 E2798.81795
G0 F9000 X168.611 Y110.346
G1 F1500 X184.105 Y125.839 E2799.54672
G0 F9000 X184.67 Y125.839
G1 F1500 X169.089 Y110.258 E2800.2796
G0 F9000 X169.568 Y110.171
G1 F1500 X185.236 Y125.839 E2801.01657
G0 F9000 X185.802 Y125.839
G1 F1500 X170.046 Y110.083 E2801.75769
G0 F9000 X170.525 Y109.996
G1 F1500 X186.367 Y125.839 E2802.50287
G0 F9000 X186.933 Y125.839
G1 F1500 X171.003 Y109.909 E2803.25217
G0 F9000 X171.481 Y109.822
G1 F1500 X187.499 Y125.839 E2804.00558
G0 F9000 X188.064 Y125.839
G1 F1500 X171.959 Y109.734 E2804.76311
G0 F9000 X172.438 Y109.647
G1 F1500 X188.63 Y125.839 E2805.52473
G0 F9000 X189.196 Y125.839
G1 F1500 X172.917 Y109.56 E2806.29045
G0 F9000 X173.395 Y109.472
G1 F1500 X189.762 Y125.839 E2807.0603
G0 F9000 X190.327 Y125.839
G1 F1500 X173.874 Y109.385 E2807.83422
G0 F9000 X174.352 Y109.298
G1 F1500 X190.893 Y125.839 E2808.61226
G0 F9000 X191.459 Y125.839
G1 F1500 X174.83 Y109.211 E2809.39441
G0 F9000 X175.345 Y109.16
G1 F1500 X192.024 Y125.839 E2810.17894
G0 F9000 X192.59 Y125.839
G1 F1500 X175.911 Y109.16 E2810.96347
G0 F9000 X176.476 Y109.16
G1 F1500 X193.156 Y125.839 E2811.74803
G0 F9000 X193.721 Y125.839
G1 F1500 X177.042 Y109.16 E2812.53255
G0 F9000 X177.608 Y109.16
G1 F1500 X194.287 Y125.839 E2813.31708
G0 F9000 X194.853 Y125.839
G1 F1500 X178.173 Y109.16 E2814.10164
G0 F9000 X178.739 Y109.16
G1 F1500 X195.418 Y125.839 E2814.88616
G0 F9000 X195.984 Y125.839
G1 F1500 X179.305 Y109.16 E2815.67069
G0 F9000 X179.87 Y109.16
G1 F1500 X196.55 Y125.839 E2816.45525
G0 F9000 X197.115 Y125.839
G1 F1500 X180.436 Y109.16 E2817.23978
G0 F9000 X181.002 Y109.16
G1 F1500 X197.681 Y125.839 E2818.0243
G0 F9000 X198.247 Y125.839
G1 F1500 X181.568 Y109.16 E2818.80883
G0 F9000 X182.133 Y109.16
G1 F1500 X198.812 Y125.839 E2819.59336
G0 F9000 X198.839 Y125.3
G1 F1500 X182.699 Y109.16 E2820.35254
G0 F9000 X183.265 Y109.16
G1 F1500 X198.839 Y124.734 E2821.08509
G0 F9000 X198.839 Y124.168
G1 F1500 X183.83 Y109.16 E2821.79105
G0 F9000 X184.396 Y109.16
G1 F1500 X198.839 Y123.602 E2822.47038
G0 F9000 X198.839 Y123.037
G1 F1500 X184.962 Y109.16 E2823.12311
G0 F9000 X185.527 Y109.16
G1 F1500 X198.839 Y122.471 E2823.74924
G0 F9000 X198.839 Y121.905
G1 F1500 X186.093 Y109.16 E2824.34875
G0 F9000 X186.659 Y109.16
G1 F1500 X198.839 Y121.34 E2824.92166
G0 F9000 X198.839 Y120.774
G1 F1500 X187.224 Y109.16 E2825.46797
G0 F9000 X187.79 Y109.16
G1 F1500 X198.839 Y120.208 E2825.98766
G0 F9000 X198.839 Y119.643
G1 F1500 X188.356 Y109.16 E2826.48075
G0 F9000 X188.921 Y109.16
G1 F1500 X198.839 Y119.077 E2826.94723
G0 F9000 X198.839 Y118.511
G1 F1500 X189.487 Y109.16 E2827.3871
G0 F9000 X190.053 Y109.16
G1 F1500 X198.839 Y117.946 E2827.80037
G0 F9000 X198.839 Y117.38
G1 F1500 X190.619 Y109.16 E2828.18701
G0 F9000 X191.184 Y109.16
G1 F1500 X198.839 Y116.814 E2828.54705
G0 F9000 X198.839 Y116.249
G1 F1500 X191.75 Y109.16 E2828.8805
G0 F9000 X192.316 Y109.16
G1 F1500 X198.839 Y115.683 E2829.18732
G0 F9000 X198.839 Y115.117
G1 F1500 X192.881 Y109.16 E2829.46754
G0 F9000 X193.447 Y109.16
G1 F1500 X198.839 Y114.552 E2829.72117
G0 F9000 X198.839 Y113.986
G1 F1500 X194.013 Y109.16 E2829.94817
G0 F9000 X194.578 Y109.16
G1 F1500 X198.839 Y113.42 E2830.14857
G0 F9000 X198.839 Y112.854
G1 F1500 X195.144 Y109.16 E2830.32235
G0 F9000 X195.71 Y109.16
G1 F1500 X198.839 Y112.289 E2830.46952
G0 F9000 X198.839 Y111.723
G1 F1500 X196.275 Y109.16 E2830.5901
G0 F9000 X196.841 Y109.16
G1 F1500 X198.839 Y111.157 E2830.68406
G0 F9000 X198.839 Y110.592
G1 F1500 X197.407 Y109.16 E2830.75142
G0 F9000 X197.972 Y109.16
G1 F1500 X198.839 Y110.026 E2830.79217
G0 F9000 X198.839 Y109.46
G1 F1500 X198.538 Y109.16 E2830.80631
G1 F2700 E2825.80631
;MESH:NONMESH
G0 F300 X198.538 Y109.16 Z2.8
G0 F9000 X198.538 Y108.7
G0 X199.228 Y108.772
G0 X199.228 Y126.228 ;T9.452 R8.000 A1.570 C421.66713599999986 FILLET CORNER
G0 X175.072 Y126.239 ;T-79.003 R8.000 A0.155 C54.41318300000038 FILLET CORNER
G0 X160.635 Y123.993 ;T-140.840 R8.000 A0.103 C-12.441265000000161 FILLET CORNER
G0 X152.351 Y123.566 ;T-318.973 R8.000 A0.049 C-25.682137999999554 FILLET CORNER
G0 X88.985 Y123.4
;TIME_ELAPSED:3916.701096
;LAYER:13
;TYPE:WALL-INNER
;MESH:D638-22 Type I Tensile Specimen.STL
G1 F2700 E2830.80631
G1 F1500 X146.017 Y123.4 E2832.7032
G1 X153.345 Y123.589 E2832.94701
G1 X160.654 Y124.156 E2833.19084
G1 X167.896 Y125.094 E2833.43372
G1 X175.057 Y126.4 E2833.67583
G1 X199.4 Y126.4 E2834.48548 ;T16.343 R8.000 A1.571 C-216.6527000000003 FILLET CORNER
G1 X199.4 Y117.5 E2834.78149
G1 X199.4 Y108.6 E2835.07751 ;T0.900 R8.000 A1.571 C-216.67050000000012 FILLET CORNER
G1 X175.055 Y108.6 E2835.88723
G1 X167.894 Y109.906 E2836.12933
G1 X160.654 Y110.844 E2836.37215
G1 X153.343 Y111.411 E2836.61604
G1 X146.015 Y111.6 E2836.85985
G1 X88.983 Y111.6 E2838.75675
G1 X81.655 Y111.411 E2839.00056
G1 X74.346 Y110.844 E2839.24439
G1 X67.104 Y109.906 E2839.48727
G1 X59.943 Y108.6 E2839.72937
G1 X35.6 Y108.6 E2840.53902 ;T16.343 R8.000 A1.571 C-433.3054000000002 FILLET CORNER
G1 X35.6 Y126.4 E2841.13105 ;T9.800 R8.000 A1.571 C-433.34100000000024 FILLET CORNER
G1 X59.945 Y126.4 E2841.94077
G1 X67.106 Y125.094 E2842.18288
G1 X74.346 Y124.156 E2842.42569
G1 X81.657 Y123.589 E2842.66959
G1 X88.985 Y123.4 E2842.9134
G1 F2700 E2837.9134
G0 F9000 X74.325 Y123.997 ;T-125.765 R8.000 A0.114 C-24.273905000000138 FILLET CORNER
G0 X59.93 Y126.239 ;T-88.476 R8.000 A0.155 C54.320581000000246 FILLET CORNER
G0 X35.772 Y126.228 ;T16.154 R8.000 A1.570 C421.70204799999976 FILLET CORNER
G0 X35.772 Y108.772 ;T9.452 R8.000 A1.570 C421.6671359999997 FILLET CORNER
G0 X59.928 Y108.761 ;T-79.048 R8.000 A0.155 C44.044209000000066 FILLET CORNER
G0 X71.619 Y110.579 ;T-166.367 R8.000 A0.090 C-18.44317799999996 FILLET CORNER
G0 X88.979 Y111.701
G1 F2700 E2842.9134
G0 F9000 X88.993 Y111.2
;TYPE:WALL-OUTER
G1 F1500 X146.005 Y111.2 E2844.80963
G1 X153.302 Y111.012 E2845.05241
G1 X160.592 Y110.448 E2845.2956
G1 X167.842 Y109.509 E2845.53875
G1 X175.019 Y108.2 E2845.78139
G1 X199.8 Y108.2 E2846.60561 ;T16.781 R8.000 A1.571 C230.46329999999998 FILLET CORNER
G1 X199.8 Y117.5 E2846.91493
G1 X199.8 Y126.8 E2847.22425 ;T1.300 R8.000 A1.571 C230.44470000000015 FILLET CORNER
G1 X175.021 Y126.8 E2848.0484
G1 X167.854 Y125.493 E2848.29071
G1 X160.602 Y124.553 E2848.53393
G1 X153.314 Y123.988 E2848.77706
G1 X146.007 Y123.8 E2849.02017
G1 X88.995 Y123.8 E2850.9164
G1 X81.698 Y123.988 E2851.15918
G1 X74.408 Y124.552 E2851.40237
G1 X67.158 Y125.491 E2851.64552
G1 X59.981 Y126.8 E2851.88816
G1 X35.2 Y126.8 E2852.71238 ;T16.781 R8.000 A1.571 C460.92659999999984 FILLET CORNER
G1 X35.2 Y108.2 E2853.33102 ;T10.600 R8.000 A1.571 C460.8893999999998 FILLET CORNER
G1 X59.979 Y108.2 E2854.15517
G1 X67.146 Y109.507 E2854.39748
G1 X74.398 Y110.447 E2854.6407
G1 X81.686 Y111.012 E2854.88383
G1 X88.993 Y111.2 E2855.12694
G1 F2700 E2850.12694
G0 F9000 X88.979 Y111.701
G0 X146.02 Y111.7
G1 F2700 E2855.12694
G0 F9000 X146.024 Y111.96
;TYPE:SKIN
G1 F1500 X153.321 Y111.772 E2855.36972
G1 X160.651 Y111.206 E2855.61424
G1 X167.981 Y110.257 E2855.86007
G1 X175.089 Y108.96 E2856.10039
G1 X199.04 Y108.96 E2856.897 ;T15.951 R8.000 A1.571 C409.08308000000017 FILLET CORNER
G1 X199.04 Y126.04 E2857.46509 ;T9.080 R8.000 A1.571 C409.03183999999993 FILLET CORNER
G1 X175.092 Y126.04 E2858.2616
G1 X167.99 Y124.744 E2858.50172
G1 X160.7 Y123.799 E2858.74621
G1 X153.372 Y123.23 E2858.99067
G1 X146.027 Y123.04 E2859.23505
G1 X88.977 Y123.04 E2861.13254
G1 X81.64 Y123.23 E2861.37665
G1 X74.347 Y123.794 E2861.61994
G1 X67.023 Y124.742 E2861.86557
G1 X59.911 Y126.04 E2862.10603
G1 X35.96 Y126.04 E2862.90264 ;T15.951 R8.000 A1.571 C409.08308000000034 FILLET CORNER
G1 X35.96 Y108.96 E2863.47072 ;T9.080 R8.000 A1.571 C409.03184000000033 FILLET CORNER
G1 X59.908 Y108.96 E2864.26724
G1 X67.01 Y110.256 E2864.50735
G1 X74.335 Y111.205 E2864.75302
G1 X81.629 Y111.77 E2864.99634
G1 X88.975 Y111.96 E2865.24076
G1 X146.024 Y111.96 E2867.13821
G1 F2700 E2862.13821
G0 F9000 X146.02 Y111.7
G0 X160.675 Y111.003 ;T-134.743 R8.000 A0.107 C-22.823195000000037 FILLET CORNER
G0 X175.07 Y108.761 ;T-88.476 R8.000 A0.155 C54.32058100000028 FILLET CORNER
G0 X199.228 Y108.772 ;T16.119 R8.000 A1.566 C399.23431600000015 FILLET CORNER
G0 X199.3 Y125.298
G1 F2700 E2867.13821
G0 F9000 X198.839 Y125.298
G1 F1500 X198.297 Y125.84 E2867.16371
G0 F9000 X197.731 Y125.84
G1 F1500 X198.839 Y124.732 E2867.21582
G0 F9000 X198.839 Y124.167
G1 F1500 X197.166 Y125.84 E2867.29452
G0 F9000 X196.6 Y125.84
G1 F1500 X198.839 Y123.601 E2867.39983
G0 F9000 X198.839 Y123.035
G1 F1500 X196.034 Y125.84 E2867.53177
G0 F9000 X195.469 Y125.84
G1 F1500 X198.839 Y122.47 E2867.69029
G0 F9000 X198.839 Y121.904
G1 F1500 X194.903 Y125.84 E2867.87542
G0 F9000 X194.337 Y125.84
G1 F1500 X198.839 Y121.338 E2868.08718
G0 F9000 X198.839 Y120.773
G1 F1500 X193.772 Y125.84 E2868.32552
G0 F9000 X193.206 Y125.84
G1 F1500 X198.839 Y120.207 E2868.59048
G0 F9000 X198.839 Y119.641
G1 F1500 X192.64 Y125.84 E2868.88206
G0 F9000 X192.074 Y125.84
G1 F1500 X198.839 Y119.076 E2869.20024
G0 F9000 X198.839 Y118.51
G1 F1500 X191.509 Y125.84 E2869.54502
G0 F9000 X190.943 Y125.84
G1 F1500 X198.839 Y117.944 E2869.91643
G0 F9000 X198.839 Y117.379
G1 F1500 X190.377 Y125.84 E2870.31443
G0 F9000 X189.812 Y125.84
G1 F1500 X198.839 Y116.813 E2870.73903
G0 F9000 X198.839 Y116.247
G1 F1500 X189.246 Y125.84 E2871.19026
G0 F9000 X188.68 Y125.84
G1 F1500 X198.839 Y115.681 E2871.6681
G0 F9000 X198.839 Y115.116
G1 F1500 X188.115 Y125.84 E2872.17253
G0 F9000 X187.549 Y125.84
G1 F1500 X198.839 Y114.55 E2872.70358
G0 F9000 X198.839 Y113.984
G1 F1500 X186.983 Y125.84 E2873.26125
G0 F9000 X186.418 Y125.84
G1 F1500 X198.839 Y113.419 E2873.84549
G0 F9000 X198.839 Y112.853
G1 F1500 X185.852 Y125.84 E2874.45636
G0 F9000 X185.286 Y125.84
G1 F1500 X198.839 Y112.287 E2875.09385
G0 F9000 X198.839 Y111.722
G1 F1500 X184.721 Y125.84 E2875.75792
G0 F9000 X184.155 Y125.84
G1 F1500 X198.839 Y111.156 E2876.44861
G0 F9000 X198.839 Y110.59
G1 F1500 X183.589 Y125.84 E2877.16592
G0 F9000 X183.023 Y125.84
G1 F1500 X198.839 Y110.025 E2877.90984
G0 F9000 X198.839 Y109.459
G1 F1500 X182.458 Y125.84 E2878.68035
G0 F9000 X181.892 Y125.84
G1 F1500 X198.573 Y109.159 E2879.46497
G0 F9000 X198.007 Y109.159
G1 F1500 X181.326 Y125.84 E2880.24959
G0 F9000 X180.761 Y125.84
G1 F1500 X197.441 Y109.159 E2881.03419
G0 F9000 X196.876 Y109.159
G1 F1500 X180.195 Y125.84 E2881.81882
G0 F9000 X179.629 Y125.84
G1 F1500 X196.31 Y109.159 E2882.60344
G0 F9000 X195.744 Y109.159
G1 F1500 X179.064 Y125.84 E2883.38804
G0 F9000 X178.498 Y125.84
G1 F1500 X195.179 Y109.159 E2884.17266
G0 F9000 X194.613 Y109.159
G1 F1500 X177.932 Y125.84 E2884.95729
G0 F9000 X177.367 Y125.84
G1 F1500 X194.047 Y109.159 E2885.74188
G0 F9000 X193.482 Y109.159
G1 F1500 X176.801 Y125.84 E2886.52651
G0 F9000 X176.235 Y125.84
G1 F1500 X192.916 Y109.159 E2887.31113
G0 F9000 X192.35 Y109.159
G1 F1500 X175.67 Y125.84 E2888.09573
G0 F9000 X175.105 Y125.839
G1 F1500 X191.785 Y109.159 E2888.88031
G0 F9000 X191.219 Y109.159
G1 F1500 X174.627 Y125.751 E2889.66074
G0 F9000 X174.148 Y125.664
G1 F1500 X190.653 Y109.159 E2890.43709
G0 F9000 X190.087 Y109.159
G1 F1500 X173.67 Y125.577 E2891.20932
G0 F9000 X173.191 Y125.49
G1 F1500 X189.522 Y109.159 E2891.97748
G0 F9000 X188.956 Y109.159
G1 F1500 X172.712 Y125.403 E2892.74154
G0 F9000 X172.234 Y125.315
G1 F1500 X188.39 Y109.159 E2893.50147
G0 F9000 X187.825 Y109.159
G1 F1500 X171.756 Y125.228 E2894.25731
G0 F9000 X171.278 Y125.14
G1 F1500 X187.259 Y109.159 E2895.00901
G0 F9000 X186.693 Y109.159
G1 F1500 X170.799 Y125.053 E2895.75661
G0 F9000 X170.32 Y124.966
G1 F1500 X186.128 Y109.159 E2896.50015
G0 F9000 X185.562 Y109.159
G1 F1500 X169.842 Y124.879 E2897.23957
G0 F9000 X169.364 Y124.792
G1 F1500 X184.996 Y109.159 E2897.97487
G0 F9000 X184.431 Y109.159
G1 F1500 X168.885 Y124.705 E2898.70611
G0 F9000 X168.407 Y124.617
G1 F1500 X183.865 Y109.159 E2899.43321
G0 F9000 X183.299 Y109.159
G1 F1500 X167.925 Y124.534 E2900.15638
G0 F9000 X167.424 Y124.469
G1 F1500 X182.734 Y109.159 E2900.87651
G0 F9000 X182.168 Y109.159
G1 F1500 X166.923 Y124.404 E2901.59359
G0 F9000 X166.423 Y124.339
G1 F1500 X181.602 Y109.159 E2902.30759
G0 F9000 X181.037 Y109.159
G1 F1500 X165.921 Y124.274 E2903.01857
G0 F9000 X165.421 Y124.209
G1 F1500 X180.471 Y109.159 E2903.72648
G0 F9000 X179.905 Y109.159
G1 F1500 X164.92 Y124.144 E2904.43133
G0 F9000 X164.42 Y124.079
G1 F1500 X179.339 Y109.159 E2905.1331
G0 F9000 X178.774 Y109.159
G1 F1500 X163.918 Y124.015 E2905.83188
G0 F9000 X163.418 Y123.95
G1 F1500 X178.208 Y109.159 E2906.52758
G0 F9000 X177.642 Y109.159
G1 F1500 X162.917 Y123.885 E2907.22022
G0 F9000 X162.416 Y123.82
G1 F1500 X177.077 Y109.159 E2907.90983
G0 F9000 X176.511 Y109.159
G1 F1500 X161.916 Y123.755 E2908.59635
G0 F9000 X161.414 Y123.69
G1 F1500 X175.945 Y109.159 E2909.27985
G0 F9000 X175.38 Y109.159
G1 F1500 X160.914 Y123.625 E2909.96028
G0 F9000 X160.398 Y123.575
G1 F1500 X174.748 Y109.225 E2910.63526
G0 F9000 X174.057 Y109.351
G1 F1500 X159.874 Y123.534 E2911.30239
G0 F9000 X159.348 Y123.494
G1 F1500 X173.364 Y109.477 E2911.96168
G0 F9000 X172.672 Y109.604
G1 F1500 X158.823 Y123.453 E2912.6131
G0 F9000 X158.299 Y123.412
G1 F1500 X171.981 Y109.73 E2913.25666
G0 F9000 X171.288 Y109.856
G1 F1500 X157.774 Y123.371 E2913.89234
G0 F9000 X157.249 Y123.33
G1 F1500 X170.597 Y109.982 E2914.52019
G0 F9000 X169.905 Y110.109
G1 F1500 X156.724 Y123.289 E2915.14016
G0 F9000 X156.199 Y123.248
G1 F1500 X169.213 Y110.235 E2915.75227
G0 F9000 X168.521 Y110.361
G1 F1500 X155.675 Y123.207 E2916.35651
G0 F9000 X155.149 Y123.167
G1 F1500 X167.841 Y110.475 E2916.9535
G0 F9000 X167.191 Y110.559
G1 F1500 X154.625 Y123.126 E2917.54459
G0 F9000 X154.1 Y123.085
G1 F1500 X166.542 Y110.643 E2918.12982
G0 F9000 X165.892 Y110.727
G1 F1500 X153.575 Y123.045 E2918.7092
G0 F9000 X153.033 Y123.021
G1 F1500 X165.242 Y110.812 E2919.28348
G0 F9000 X164.592 Y110.896
G1 F1500 X152.481 Y123.006 E2919.85312
G0 F9000 X151.93 Y122.992
G1 F1500 X163.942 Y110.98 E2920.41812
G0 F9000 X163.292 Y111.064
G1 F1500 X151.379 Y122.977 E2920.97847
G0 F9000 X150.827 Y122.963
G1 F1500 X162.643 Y111.148 E2921.53424
G0 F9000 X161.993 Y111.232
G1 F1500 X150.276 Y122.949 E2922.08537
G0 F9000 X149.724 Y122.935
G1 F1500 X161.343 Y111.316 E2922.63189
G0 F9000 X160.693 Y111.401
G1 F1500 X149.173 Y122.921 E2923.17376
G0 F9000 X148.621 Y122.907
G1 F1500 X160.079 Y111.449 E2923.71271
G0 F9000 X159.466 Y111.496
G1 F1500 X148.07 Y122.893 E2924.24876
G0 F9000 X147.518 Y122.878
G1 F1500 X158.853 Y111.543 E2924.78193
G0 F9000 X158.24 Y111.591
G1 F1500 X146.967 Y122.864 E2925.31218
G0 F9000 X146.415 Y122.85
G1 F1500 X157.626 Y111.639 E2925.83951
G0 F9000 X157.013 Y111.686
G1 F1500 X145.86 Y122.84 E2926.36413
G0 F9000 X145.294 Y122.84
G1 F1500 X156.4 Y111.734 E2926.88653
G0 F9000 X155.787 Y111.781
G1 F1500 X144.729 Y122.84 E2927.40668
G0 F9000 X144.163 Y122.84
G1 F1500 X155.174 Y111.828 E2927.92463
G0 F9000 X154.561 Y111.876
G1 F1500 X143.597 Y122.84 E2928.44034
G0 F9000 X143.032 Y122.84
G1 F1500 X153.947 Y111.924 E2928.95378
G0 F9000 X153.335 Y111.971
G1 F1500 X142.466 Y122.84 E2929.46502
G0 F9000 X141.9 Y122.84
G1 F1500 X152.754 Y111.985 E2929.97558
G0 F9000 X152.174 Y112
G1 F1500 X141.335 Y122.84 E2930.48544
G0 F9000 X140.769 Y122.84
G1 F1500 X151.593 Y112.016 E2930.99457
G0 F9000 X151.012 Y112.031
G1 F1500 X140.203 Y122.84 E2931.50299
G0 F9000 X139.638 Y122.84
G1 F1500 X150.432 Y112.046 E2932.01071
G0 F9000 X149.851 Y112.06
G1 F1500 X139.072 Y122.84 E2932.51774
G0 F9000 X138.506 Y122.84
G1 F1500 X149.27 Y112.076 E2933.02405
G0 F9000 X148.689 Y112.091
G1 F1500 X137.94 Y122.84 E2933.52965
G0 F9000 X137.375 Y122.84
G1 F1500 X148.109 Y112.106 E2934.03454
G0 F9000 X147.527 Y112.121
G1 F1500 X136.809 Y122.84 E2934.53871
G0 F9000 X136.243 Y122.84
G1 F1500 X146.947 Y112.136 E2935.04219
G0 F9000 X146.366 Y112.151
G1 F1500 X135.678 Y122.84 E2935.54494
G0 F9000 X135.112 Y122.84
G1 F1500 X145.792 Y112.159 E2936.04732
G0 F9000 X145.227 Y112.159
G1 F1500 X134.546 Y122.84 E2936.54972
G0 F9000 X133.981 Y122.84
G1 F1500 X144.661 Y112.159 E2937.0521
G0 F9000 X144.095 Y112.159
G1 F1500 X133.415 Y122.84 E2937.55448
G0 F9000 X132.849 Y122.84
G1 F1500 X143.529 Y112.159 E2938.05686
G0 F9000 X142.964 Y112.159
G1 F1500 X132.284 Y122.84 E2938.55923
G0 F9000 X131.718 Y122.84
G1 F1500 X142.398 Y112.159 E2939.06161
G0 F9000 X141.832 Y112.159
G1 F1500 X131.152 Y122.84 E2939.56399
G0 F9000 X130.587 Y122.84
G1 F1500 X141.267 Y112.159 E2940.06637
G0 F9000 X140.701 Y112.159
G1 F1500 X130.021 Y122.84 E2940.56875
G0 F9000 X129.455 Y122.84
G1 F1500 X140.135 Y112.159 E2941.07112
G0 F9000 X139.57 Y112.159
G1 F1500 X128.89 Y122.84 E2941.5735
G0 F9000 X128.324 Y122.84
G1 F1500 X139.004 Y112.159 E2942.07588
G0 F9000 X138.438 Y112.159
G1 F1500 X127.758 Y122.84 E2942.57826
G0 F9000 X127.192 Y122.84
G1 F1500 X137.873 Y112.159 E2943.08066
G0 F9000 X137.307 Y112.159
G1 F1500 X126.627 Y122.84 E2943.58304
G0 F9000 X126.061 Y122.84
G1 F1500 X136.741 Y112.159 E2944.08542
G0 F9000 X136.176 Y112.159
G1 F1500 X125.495 Y122.84 E2944.58782
G0 F9000 X124.93 Y122.84
G1 F1500 X135.61 Y112.159 E2945.0902
G0 F9000 X135.044 Y112.159
G1 F1500 X124.364 Y122.84 E2945.59257
G0 F9000 X123.798 Y122.84
G1 F1500 X134.478 Y112.159 E2946.09495
G0 F9000 X133.913 Y112.159
G1 F1500 X123.233 Y122.84 E2946.59733
G0 F9000 X122.667 Y122.84
G1 F1500 X133.347 Y112.159 E2947.09971
G0 F9000 X132.781 Y112.159
G1 F1500 X122.101 Y122.84 E2947.60209
G0 F9000 X121.536 Y122.84
G1 F1500 X132.216 Y112.159 E2948.10446
G0 F9000 X131.65 Y112.159
G1 F1500 X120.97 Y122.84 E2948.60684
G0 F9000 X120.404 Y122.84
G1 F1500 X131.084 Y112.159 E2949.10922
G0 F9000 X130.519 Y112.159
G1 F1500 X119.839 Y122.84 E2949.6116
G0 F9000 X119.273 Y122.84
G1 F1500 X129.953 Y112.159 E2950.11398
G0 F9000 X129.387 Y112.159
G1 F1500 X118.707 Y122.84 E2950.61635
G0 F9000 X118.141 Y122.84
G1 F1500 X128.822 Y112.159 E2951.11875
G0 F9000 X128.256 Y112.159
G1 F1500 X117.576 Y122.84 E2951.62113
G0 F9000 X117.01 Y122.84
G1 F1500 X127.69 Y112.159 E2952.12351
G0 F9000 X127.125 Y112.159
G1 F1500 X116.444 Y122.84 E2952.62591
G0 F9000 X115.879 Y122.84
G1 F1500 X126.559 Y112.159 E2953.12829
G0 F9000 X125.993 Y112.159
G1 F1500 X115.313 Y122.84 E2953.63067
G0 F9000 X114.747 Y122.84
G1 F1500 X125.428 Y112.159 E2954.13307
G0 F9000 X124.862 Y112.159
G1 F1500 X114.182 Y122.84 E2954.63545
G0 F9000 X113.616 Y122.84
G1 F1500 X124.296 Y112.159 E2955.13783
G0 F9000 X123.73 Y112.159
G1 F1500 X113.05 Y122.84 E2955.6402
G0 F9000 X112.485 Y122.84
G1 F1500 X123.165 Y112.159 E2956.14258
G0 F9000 X122.599 Y112.159
G1 F1500 X111.919 Y122.84 E2956.64496
G0 F9000 X111.353 Y122.84
G1 F1500 X122.033 Y112.159 E2957.14734
G0 F9000 X121.468 Y112.159
G1 F1500 X110.788 Y122.84 E2957.64972
G0 F9000 X110.222 Y122.84
G1 F1500 X120.902 Y112.159 E2958.15209
G0 F9000 X120.336 Y112.159
G1 F1500 X109.656 Y122.84 E2958.65447
G0 F9000 X109.091 Y122.84
G1 F1500 X119.771 Y112.159 E2959.15685
G0 F9000 X119.205 Y112.159
G1 F1500 X108.525 Y122.84 E2959.65923
G0 F9000 X107.959 Y122.84
G1 F1500 X118.639 Y112.159 E2960.16161
G0 F9000 X118.074 Y112.159
G1 F1500 X107.393 Y122.84 E2960.66401
G0 F9000 X106.828 Y122.84
G1 F1500 X117.508 Y112.159 E2961.16638
G0 F9000 X116.943 Y112.159
G1 F1500 X106.262 Y122.84 E2961.66879
G0 F9000 X105.696 Y122.84
G1 F1500 X116.377 Y112.159 E2962.17119
G0 F9000 X115.812 Y112.159
G1 F1500 X105.131 Y122.84 E2962.67359
G0 F9000 X104.565 Y122.84
G1 F1500 X115.246 Y112.159 E2963.17599
G0 F9000 X114.68 Y112.159
G1 F1500 X103.999 Y122.84 E2963.67839
G0 F9000 X103.434 Y122.84
G1 F1500 X114.115 Y112.159 E2964.18079
G0 F9000 X113.549 Y112.159
G1 F1500 X102.868 Y122.84 E2964.6832
G0 F9000 X102.302 Y122.84
G1 F1500 X112.983 Y112.159 E2965.1856
G0 F9000 X112.417 Y112.159
G1 F1500 X101.737 Y122.84 E2965.68797
G0 F9000 X101.171 Y122.84
G1 F1500 X111.852 Y112.159 E2966.19038
G0 F9000 X111.286 Y112.159
G1 F1500 X100.605 Y122.84 E2966.69278
G0 F9000 X100.04 Y122.84
G1 F1500 X110.72 Y112.159 E2967.19516
G0 F9000 X110.155 Y112.159
G1 F1500 X99.474 Y122.84 E2967.69756
G0 F9000 X98.908 Y122.84
G1 F1500 X109.589 Y112.159 E2968.19996
G0 F9000 X109.023 Y112.159
G1 F1500 X98.342 Y122.84 E2968.70236
G0 F9000 X97.777 Y122.84
G1 F1500 X108.458 Y112.159 E2969.20476
G0 F9000 X107.892 Y112.159
G1 F1500 X97.211 Y122.84 E2969.70716
G0 F9000 X96.645 Y122.84
G1 F1500 X107.326 Y112.159 E2970.20956
G0 F9000 X106.761 Y112.159
G1 F1500 X96.08 Y122.84 E2970.71197
G0 F9000 X95.514 Y122.84
G1 F1500 X106.195 Y112.159 E2971.21437
G0 F9000 X105.629 Y112.159
G1 F1500 X94.948 Y122.84 E2971.71677
G0 F9000 X94.383 Y122.84
G1 F1500 X105.064 Y112.159 E2972.21917
G0 F9000 X104.498 Y112.159
G1 F1500 X93.817 Y122.84 E2972.72157
G0 F9000 X93.251 Y122.84
G1 F1500 X103.932 Y112.159 E2973.22397
G0 F9000 X103.366 Y112.159
G1 F1500 X92.686 Y122.84 E2973.72635
G0 F9000 X92.12 Y122.84
G1 F1500 X102.801 Y112.159 E2974.22875
G0 F9000 X102.235 Y112.159
G1 F1500 X91.554 Y122.84 E2974.73115
G0 F9000 X90.989 Y122.84
G1 F1500 X101.669 Y112.159 E2975.23353
G0 F9000 X101.104 Y112.159
G1 F1500 X90.423 Y122.84 E2975.73593
G0 F9000 X89.857 Y122.84
G1 F1500 X100.538 Y112.159 E2976.23834
G0 F9000 X99.972 Y112.159
G1 F1500 X89.292 Y122.84 E2976.74071
G0 F9000 X88.719 Y122.846
G1 F1500 X99.407 Y112.159 E2977.24342
G0 F9000 X98.841 Y112.159
G1 F1500 X88.139 Y122.861 E2977.74681
G0 F9000 X87.558 Y122.876
G1 F1500 X98.275 Y112.159 E2978.2509
G0 F9000 X97.71 Y112.159
G1 F1500 X86.977 Y122.891 E2978.75573
G0 F9000 X86.397 Y122.906
G1 F1500 X97.144 Y112.159 E2979.26123
G0 F9000 X96.578 Y112.159
G1 F1500 X85.816 Y122.921 E2979.76745
G0 F9000 X85.235 Y122.936
G1 F1500 X96.013 Y112.159 E2980.27439
G0 F9000 X95.447 Y112.159
G1 F1500 X84.654 Y122.951 E2980.78203
G0 F9000 X84.074 Y122.966
G1 F1500 X94.881 Y112.159 E2981.29036
G0 F9000 X94.316 Y112.159
G1 F1500 X83.493 Y122.982 E2981.79944
G0 F9000 X82.912 Y122.996
G1 F1500 X93.75 Y112.159 E2982.3092
G0 F9000 X93.184 Y112.159
G1 F1500 X82.331 Y123.011 E2982.81967
G0 F9000 X81.751 Y123.026
G1 F1500 X92.618 Y112.159 E2983.33082
G0 F9000 X92.053 Y112.159
G1 F1500 X81.145 Y123.066 E2983.84388
G0 F9000 X80.532 Y123.114
G1 F1500 X91.487 Y112.159 E2984.35917
G0 F9000 X90.921 Y112.159
G1 F1500 X79.919 Y123.161 E2984.87667
G0 F9000 X79.306 Y123.209
G1 F1500 X90.356 Y112.159 E2985.39643
G0 F9000 X89.79 Y112.159
G1 F1500 X78.693 Y123.256 E2985.9184
G0 F9000 X78.08 Y123.303
G1 F1500 X89.224 Y112.159 E2986.44257
G0 F9000 X88.667 Y112.15
G1 F1500 X77.466 Y123.351 E2986.96944
G0 F9000 X76.853 Y123.399
G1 F1500 X88.116 Y112.136 E2987.49921
G0 F9000 X87.564 Y112.122
G1 F1500 X76.24 Y123.446 E2988.03186
G0 F9000 X75.627 Y123.494
G1 F1500 X87.013 Y112.108 E2988.56742
G0 F9000 X86.461 Y112.094
G1 F1500 X75.014 Y123.541 E2989.10585
G0 F9000 X74.401 Y123.588
G1 F1500 X85.91 Y112.079 E2989.6472
G0 F9000 X85.359 Y112.065
G1 F1500 X73.756 Y123.667 E2990.19295
G0 F9000 X73.106 Y123.752
G1 F1500 X84.807 Y112.05 E2990.74335
G0 F9000 X84.256 Y112.036
G1 F1500 X72.456 Y123.836 E2991.29839
G0 F9000 X71.806 Y123.92
G1 F1500 X83.705 Y112.021 E2991.85808
G0 F9000 X83.153 Y112.007
G1 F1500 X71.156 Y124.004 E2992.42238
G0 F9000 X70.507 Y124.088
G1 F1500 X82.602 Y111.993 E2992.99129
G0 F9000 X82.05 Y111.979
G1 F1500 X69.857 Y124.172 E2993.56481
G0 F9000 X69.206 Y124.257
G1 F1500 X81.506 Y111.958 E2994.14334
G0 F9000 X80.98 Y111.918
G1 F1500 X68.556 Y124.341 E2994.72771
G0 F9000 X67.906 Y124.426
G1 F1500 X80.455 Y111.877 E2995.31797
G0 F9000 X79.93 Y111.836
G1 F1500 X67.257 Y124.51 E2995.9141
G0 F9000 X66.583 Y124.618
G1 F1500 X79.405 Y111.796 E2996.5172
G0 F9000 X78.88 Y111.755
G1 F1500 X65.891 Y124.744 E2997.12817
G0 F9000 X65.199 Y124.87
G1 F1500 X78.355 Y111.715 E2997.74696
G0 F9000 X77.829 Y111.674
G1 F1500 X64.507 Y124.997 E2998.37361
G0 F9000 X63.814 Y125.123
G1 F1500 X77.305 Y111.633 E2999.00816
G0 F9000 X76.779 Y111.593
G1 F1500 X63.123 Y125.249 E2999.6505
G0 F9000 X62.431 Y125.376
G1 F1500 X76.255 Y111.552 E3000.30074
G0 F9000 X75.729 Y111.512
G1 F1500 X61.738 Y125.502 E3000.95881
G0 F9000 X61.046 Y125.629
G1 F1500 X75.204 Y111.471 E3001.62476
G0 F9000 X74.679 Y111.43
G1 F1500 X60.355 Y125.755 E3002.29854
G0 F9000 X59.705 Y125.839
G1 F1500 X74.162 Y111.382 E3002.97855
G0 F9000 X73.661 Y111.317
G1 F1500 X59.139 Y125.839 E3003.66162
G0 F9000 X58.573 Y125.839
G1 F1500 X73.16 Y111.252 E3004.34775
G0 F9000 X72.66 Y111.187
G1 F1500 X58.008 Y125.839 E3005.03693
G0 F9000 X57.442 Y125.839
G1 F1500 X72.158 Y111.123 E3005.72913
G0 F9000 X71.658 Y111.058
G1 F1500 X56.876 Y125.839 E3006.42441
G0 F9000 X56.311 Y125.839
G1 F1500 X71.156 Y110.993 E3007.12269
G0 F9000 X70.656 Y110.928
G1 F1500 X55.745 Y125.839 E3007.82406
G0 F9000 X55.179 Y125.839
G1 F1500 X70.155 Y110.863 E3008.52848
G0 F9000 X69.654 Y110.799
G1 F1500 X54.614 Y125.839 E3009.23592
G0 F9000 X54.048 Y125.839
G1 F1500 X69.153 Y110.734 E3009.94641
G0 F9000 X68.652 Y110.669
G1 F1500 X53.482 Y125.839 E3010.65996
G0 F9000 X52.917 Y125.839
G1 F1500 X68.151 Y110.604 E3011.37655
G0 F9000 X67.651 Y110.539
G1 F1500 X52.351 Y125.839 E3012.09621
G0 F9000 X51.785 Y125.839
G1 F1500 X67.149 Y110.475 E3012.81889
G0 F9000 X66.664 Y110.394
G1 F1500 X51.219 Y125.839 E3013.54537
G0 F9000 X50.654 Y125.839
G1 F1500 X66.185 Y110.307 E3014.27593
G0 F9000 X65.707 Y110.22
G1 F1500 X50.088 Y125.839 E3015.0106
G0 F9000 X49.522 Y125.839
G1 F1500 X65.229 Y110.133 E3015.74938
G0 F9000 X64.75 Y110.046
G1 F1500 X48.957 Y125.839 E3016.49224
G0 F9000 X48.391 Y125.839
G1 F1500 X64.272 Y109.958 E3017.23923
G0 F9000 X63.793 Y109.871
G1 F1500 X47.825 Y125.839 E3017.99032
G0 F9000 X47.26 Y125.839
G1 F1500 X63.315 Y109.783 E3018.74552
G0 F9000 X62.837 Y109.697
G1 F1500 X46.694 Y125.839 E3019.50481
G0 F9000 X46.128 Y125.839
G1 F1500 X62.359 Y109.609 E3020.26825
G0 F9000 X61.88 Y109.522
G1 F1500 X45.563 Y125.839 E3021.03575
G0 F9000 X44.997 Y125.839
G1 F1500 X61.401 Y109.435 E3021.80734
G0 F9000 X60.923 Y109.347
G1 F1500 X44.431 Y125.839 E3022.58307
G0 F9000 X43.866 Y125.839
G1 F1500 X60.444 Y109.26 E3023.36288
G0 F9000 X59.966 Y109.173
G1 F1500 X43.3 Y125.839 E3024.14679
G0 F9000 X42.734 Y125.839
G1 F1500 X59.415 Y109.158 E3024.93142
G0 F9000 X58.849 Y109.158
G1 F1500 X42.169 Y125.839 E3025.71602
G0 F9000 X41.603 Y125.839
G1 F1500 X58.283 Y109.158 E3026.50062
G0 F9000 X57.718 Y109.158
G1 F1500 X41.037 Y125.839 E3027.28524
G0 F9000 X40.471 Y125.839
G1 F1500 X57.152 Y109.158 E3028.06986
G0 F9000 X56.586 Y109.158
G1 F1500 X39.906 Y125.839 E3028.85446
G0 F9000 X39.34 Y125.839
G1 F1500 X56.021 Y109.158 E3029.63908
G0 F9000 X55.455 Y109.158
G1 F1500 X38.774 Y125.839 E3030.42371
G0 F9000 X38.209 Y125.839
G1 F1500 X54.889 Y109.158 E3031.20831
G0 F9000 X54.324 Y109.158
G1 F1500 X37.643 Y125.839 E3031.99293
G0 F9000 X37.077 Y125.839
G1 F1500 X53.758 Y109.158 E3032.77755
G0 F9000 X53.192 Y109.158
G1 F1500 X36.512 Y125.839 E3033.56215
G0 F9000 X36.16 Y125.626
G1 F1500 X52.627 Y109.158 E3034.33673
G0 F9000 X52.061 Y109.158
G1 F1500 X36.16 Y125.06 E3035.08469
G0 F9000 X36.16 Y124.494
G1 F1500 X51.495 Y109.158 E3035.80603
G0 F9000 X50.93 Y109.158
G1 F1500 X36.16 Y123.928 E3036.50076
G0 F9000 X36.16 Y123.363
G1 F1500 X50.364 Y109.158 E3037.1689
G0 F9000 X49.798 Y109.158
G1 F1500 X36.16 Y122.797 E3037.81041
G0 F9000 X36.16 Y122.231
G1 F1500 X49.233 Y109.158 E3038.42532
G0 F9000 X48.667 Y109.158
G1 F1500 X36.16 Y121.666 E3039.01364
G0 F9000 X36.16 Y121.1
G1 F1500 X48.101 Y109.158 E3039.57533
G0 F9000 X47.535 Y109.158
G1 F1500 X36.16 Y120.534 E3040.1104
G0 F9000 X36.16 Y119.969
G1 F1500 X46.97 Y109.158 E3040.61889
G0 F9000 X46.404 Y109.158
G1 F1500 X36.16 Y119.403 E3041.10076
G0 F9000 X36.16 Y118.837
G1 F1500 X45.838 Y109.158 E3041.55601
G0 F9000 X45.273 Y109.158
G1 F1500 X36.16 Y118.272 E3041.98468
G0 F9000 X36.16 Y117.706
G1 F1500 X44.707 Y109.158 E3042.38673
G0 F9000 X44.141 Y109.158
G1 F1500 X36.16 Y117.14 E3042.76215
G0 F9000 X36.16 Y116.575
G1 F1500 X43.576 Y109.158 E3043.111
G0 F9000 X43.01 Y109.158
G1 F1500 X36.16 Y116.009 E3043.43323
G0 F9000 X36.16 Y115.443
G1 F1500 X42.444 Y109.158 E3043.72883
G0 F9000 X41.879 Y109.158
G1 F1500 X36.16 Y114.877 E3043.99784
G0 F9000 X36.16 Y114.312
G1 F1500 X41.313 Y109.158 E3044.24024
G0 F9000 X40.747 Y109.158
G1 F1500 X36.16 Y113.746 E3044.45602
G0 F9000 X36.16 Y113.18
G1 F1500 X40.182 Y109.158 E3044.64521
G0 F9000 X39.616 Y109.158
G1 F1500 X36.16 Y112.615 E3044.80779
G0 F9000 X36.16 Y112.049
G1 F1500 X39.05 Y109.158 E3044.94375
G0 F9000 X38.484 Y109.158
G1 F1500 X36.16 Y111.483 E3045.05309
G0 F9000 X36.16 Y110.918
G1 F1500 X37.919 Y109.158 E3045.13585
G0 F9000 X37.353 Y109.158
G1 F1500 X36.16 Y110.352 E3045.19199
G0 F9000 X36.16 Y109.786
G1 F1500 X36.787 Y109.158 E3045.2215
G0 F9000 X36.222 Y109.158
G1 F1500 X36.16 Y109.221 E3045.22444
G1 F2700 E3040.22444
;MESH:NONMESH
G0 F300 X36.16 Y109.221 Z3
G0 F9000 X35.7 Y109.221
G0 X35.772 Y108.772
G0 X59.928 Y108.761 ;T-76.995 R8.000 A0.158 C44.04161300000006 FILLET CORNER
G0 X71.383 Y110.579 ;T-159.003 R8.000 A0.094 C-19.13701799999997 FILLET CORNER
G0 X88.979 Y111.701
G1 F2700 E3045.22444
G0 F9000 X88.983 Y111.6
;TIME_ELAPSED:4206.630363
;LAYER:14
;TYPE:WALL-INNER
;MESH:D638-22 Type I Tensile Specimen.STL
G1 F1500 X146.015 Y111.6 E3047.12134
G1 X153.343 Y111.411 E3047.36515
G1 X160.654 Y110.844 E3047.60904
G1 X167.894 Y109.906 E3047.85186
G1 X175.055 Y108.6 E3048.09396
G1 X199.4 Y108.6 E3048.90368 ;T16.345 R8.000 A1.571 C216.67050000000012 FILLET CORNER
G1 X199.4 Y117.5 E3049.1997
G1 X199.4 Y126.4 E3049.49571 ;T0.900 R8.000 A1.571 C216.6527000000003 FILLET CORNER
G1 X175.057 Y126.4 E3050.30536
G1 X167.896 Y125.094 E3050.54747
G1 X160.654 Y124.156 E3050.79035
G1 X153.345 Y123.589 E3051.03418
G1 X146.017 Y123.4 E3051.27799
G1 X88.985 Y123.4 E3053.17488
G1 X81.657 Y123.589 E3053.41869
G1 X74.346 Y124.156 E3053.66259
G1 X67.106 Y125.094 E3053.9054
G1 X59.945 Y126.4 E3054.14751
G1 X35.6 Y126.4 E3054.95723 ;T16.345 R8.000 A1.571 C433.34100000000024 FILLET CORNER
G1 X35.6 Y108.6 E3055.54926 ;T9.800 R8.000 A1.571 C433.3054000000002 FILLET CORNER
G1 X59.943 Y108.6 E3056.35891
G1 X67.104 Y109.906 E3056.60101
G1 X74.346 Y110.844 E3056.84389
G1 X81.655 Y111.411 E3057.08772
G1 X88.983 Y111.6 E3057.33153
G1 F2700 E3052.33153
G0 F9000 X88.979 Y111.701
G0 X74.325 Y111.003 ;T-134.873 R8.000 A0.107 C22.805162000000145 FILLET CORNER
G0 X59.928 Y108.761 ;T-88.488 R8.000 A0.155 C-54.31611900000024 FILLET CORNER
G0 X35.772 Y108.772 ;T16.152 R8.000 A1.570 C-421.6671359999997 FILLET CORNER
G0 X35.772 Y126.228 ;T9.452 R8.000 A1.570 C-421.70204799999976 FILLET CORNER
G0 X59.93 Y126.239 ;T-78.973 R8.000 A0.155 C-54.41763100000037 FILLET CORNER
G0 X74.363 Y123.993 ;T-117.723 R8.000 A0.121 C25.76019000000028 FILLET CORNER
G0 X88.994 Y123.501
G1 F2700 E3057.33153
G0 F9000 X88.995 Y123.8
;TYPE:WALL-OUTER
G1 F1500 X146.007 Y123.8 E3059.22776
G1 X153.314 Y123.988 E3059.47087
G1 X160.602 Y124.553 E3059.714
G1 X167.854 Y125.493 E3059.95722
G1 X175.021 Y126.8 E3060.19953
G1 X199.8 Y126.8 E3061.02368 ;T16.779 R8.000 A1.571 C-230.44470000000015 FILLET CORNER
G1 X199.8 Y117.5 E3061.333
G1 X199.8 Y108.2 E3061.64232 ;T1.300 R8.000 A1.571 C-230.46329999999998 FILLET CORNER
G1 X175.019 Y108.2 E3062.46654
G1 X167.842 Y109.509 E3062.70918
G1 X160.592 Y110.448 E3062.95233
G1 X153.302 Y111.012 E3063.19552
G1 X146.005 Y111.2 E3063.4383
G1 X88.993 Y111.2 E3065.33453
G1 X81.686 Y111.012 E3065.57764
G1 X74.398 Y110.447 E3065.82077
G1 X67.146 Y109.507 E3066.06399
G1 X59.979 Y108.2 E3066.3063
G1 X35.2 Y108.2 E3067.13045 ;T16.779 R8.000 A1.571 C-460.8893999999998 FILLET CORNER
G1 X35.2 Y126.8 E3067.74909 ;T10.600 R8.000 A1.571 C-460.92659999999984 FILLET CORNER
G1 X59.981 Y126.8 E3068.57331
G1 X67.158 Y125.491 E3068.81595
G1 X74.408 Y124.552 E3069.0591
G1 X81.698 Y123.988 E3069.30229
G1 X88.995 Y123.8 E3069.54507
G0 F9000 X88.977 Y123.04
;TYPE:SKIN
G1 F1500 X146.027 Y123.04 E3071.44257
G1 X153.372 Y123.23 E3071.68694
G1 X160.7 Y123.799 E3071.93141
G1 X167.99 Y124.744 E3072.1759
G1 X175.092 Y126.04 E3072.41602
G1 X199.04 Y126.04 E3073.21253 ;T15.948 R8.000 A1.571 C-204.51591999999997 FILLET CORNER
G1 X199.04 Y117.5 E3073.49657
G1 X199.04 Y108.96 E3073.78061 ;T0.540 R8.000 A1.571 C-204.54154000000008 FILLET CORNER
G1 X175.089 Y108.96 E3074.57723
G1 X167.981 Y110.257 E3074.81754
G1 X160.651 Y111.206 E3075.06337
G1 X153.321 Y111.772 E3075.3079
G1 X146.024 Y111.96 E3075.55068
G1 X88.975 Y111.96 E3077.44813
G1 X81.629 Y111.77 E3077.69254
G1 X74.335 Y111.205 E3077.93587
G1 X67.01 Y110.256 E3078.18154
G1 X59.908 Y108.96 E3078.42165
G1 X35.96 Y108.96 E3079.21817 ;T15.948 R8.000 A1.571 C-409.03184000000033 FILLET CORNER
G1 X35.96 Y126.04 E3079.78625 ;T9.080 R8.000 A1.571 C-409.08308000000034 FILLET CORNER
G1 X59.911 Y126.04 E3080.58286
G1 X67.023 Y124.742 E3080.82332
G1 X74.347 Y123.794 E3081.06895
G1 X81.64 Y123.23 E3081.31224
G1 X88.977 Y123.04 E3081.55635
G1 F2700 E3076.55635
G0 F9000 X88.98 Y123.3
G0 X69.807 Y124.562 ;T-136.811 R8.000 A0.102 C-19.688347000000128 FILLET CORNER
G0 X59.93 Y126.239 ;T-86.388 R8.000 A0.166 C38.75501600000023 FILLET CORNER
G0 X36.461 Y126.3
G1 F2700 E3081.55635
G0 F9000 X36.461 Y125.839
G1 F1500 X36.16 Y125.538 E3081.57051
G0 F9000 X36.16 Y124.972
G1 F1500 X37.026 Y125.839 E3081.61126
G0 F9000 X37.592 Y125.839
G1 F1500 X36.16 Y124.406 E3081.67864
G0 F9000 X36.16 Y123.841
G1 F1500 X38.158 Y125.839 E3081.77262
G0 F9000 X38.723 Y125.839
G1 F1500 X36.16 Y123.275 E3081.8932
G0 F9000 X36.16 Y122.709
G1 F1500 X39.289 Y125.839 E3082.0404
G0 F9000 X39.855 Y125.839
G1 F1500 X36.16 Y122.144 E3082.21421
G0 F9000 X36.16 Y121.578
G1 F1500 X40.421 Y125.839 E3082.41463
G0 F9000 X40.986 Y125.839
G1 F1500 X36.16 Y121.012 E3082.64165
G0 F9000 X36.16 Y120.447
G1 F1500 X41.552 Y125.839 E3082.89528
G0 F9000 X42.118 Y125.839
G1 F1500 X36.16 Y119.881 E3083.17552
G0 F9000 X36.16 Y119.315
G1 F1500 X42.683 Y125.839 E3083.48237
G0 F9000 X43.249 Y125.839
G1 F1500 X36.16 Y118.75 E3083.81581
G0 F9000 X36.16 Y118.184
G1 F1500 X43.815 Y125.839 E3084.17588
G0 F9000 X44.38 Y125.839
G1 F1500 X36.16 Y117.618 E3084.56255
G0 F9000 X36.16 Y117.053
G1 F1500 X44.946 Y125.839 E3084.97581
G0 F9000 X45.512 Y125.839
G1 F1500 X36.16 Y116.487 E3085.4157
G0 F9000 X36.16 Y115.921
G1 F1500 X46.077 Y125.839 E3085.88219
G0 F9000 X46.643 Y125.839
G1 F1500 X36.16 Y115.355 E3086.3753
G0 F9000 X36.16 Y114.79
G1 F1500 X47.209 Y125.839 E3086.89502
G0 F9000 X47.774 Y125.839
G1 F1500 X36.16 Y114.224 E3087.44133
G0 F9000 X36.16 Y113.658
G1 F1500 X48.34 Y125.839 E3088.01426
G0 F9000 X48.906 Y125.839
G1 F1500 X36.16 Y113.093 E3088.61379
G0 F9000 X36.16 Y112.527
G1 F1500 X49.472 Y125.839 E3089.23995
G0 F9000 X50.037 Y125.839
G1 F1500 X36.16 Y111.961 E3089.8927
G0 F9000 X36.16 Y111.396
G1 F1500 X50.603 Y125.839 E3090.57206
G0 F9000 X51.169 Y125.839
G1 F1500 X36.16 Y110.83 E3091.27803
G0 F9000 X36.16 Y110.264
G1 F1500 X51.734 Y125.839 E3092.01061
G0 F9000 X52.3 Y125.839
G1 F1500 X36.16 Y109.699 E3092.76979
G0 F9000 X36.186 Y109.159
G1 F1500 X52.866 Y125.839 E3093.55436
G0 F9000 X53.431 Y125.839
G1 F1500 X36.751 Y109.159 E3094.33894
G0 F9000 X37.317 Y109.159
G1 F1500 X53.997 Y125.839 E3095.12352
G0 F9000 X54.563 Y125.839
G1 F1500 X37.883 Y109.159 E3095.90809
G0 F9000 X38.448 Y109.159
G1 F1500 X55.128 Y125.839 E3096.69267
G0 F9000 X55.694 Y125.839
G1 F1500 X39.014 Y109.159 E3097.47724
G0 F9000 X39.58 Y109.159
G1 F1500 X56.26 Y125.839 E3098.26182
G0 F9000 X56.825 Y125.839
G1 F1500 X40.145 Y109.159 E3099.0464
G0 F9000 X40.711 Y109.159
G1 F1500 X57.391 Y125.839 E3099.83097
G0 F9000 X57.957 Y125.839
G1 F1500 X41.277 Y109.159 E3100.61555
G0 F9000 X41.843 Y109.159
G1 F1500 X58.522 Y125.839 E3101.4001
G0 F9000 X59.088 Y125.839
G1 F1500 X42.408 Y109.159 E3102.18468
G0 F9000 X42.974 Y109.159
G1 F1500 X59.654 Y125.839 E3102.96925
G0 F9000 X60.169 Y125.788
G1 F1500 X43.54 Y109.159 E3103.75143
G0 F9000 X44.105 Y109.159
G1 F1500 X60.647 Y125.701 E3104.52951
G0 F9000 X61.125 Y125.613
G1 F1500 X44.671 Y109.159 E3105.30346
G0 F9000 X45.237 Y109.159
G1 F1500 X61.604 Y125.527 E3106.07334
G0 F9000 X62.082 Y125.439
G1 F1500 X45.802 Y109.159 E3106.8391
G0 F9000 X46.368 Y109.159
G1 F1500 X62.561 Y125.352 E3107.60077
G0 F9000 X63.039 Y125.264
G1 F1500 X46.934 Y109.159 E3108.3583
G0 F9000 X47.499 Y109.159
G1 F1500 X63.517 Y125.177 E3109.11174
G0 F9000 X63.995 Y125.09
G1 F1500 X48.065 Y109.159 E3109.86106
G0 F9000 X48.631 Y109.159
G1 F1500 X64.474 Y125.003 E3110.60629
G0 F9000 X64.952 Y124.915
G1 F1500 X49.196 Y109.159 E3111.3474
G0 F9000 X49.762 Y109.159
G1 F1500 X65.43 Y124.827 E3112.08438
G0 F9000 X65.909 Y124.74
G1 F1500 X50.328 Y109.159 E3112.81726
G0 F9000 X50.894 Y109.159
G1 F1500 X66.387 Y124.653 E3113.54602
G0 F9000 X66.866 Y124.566
G1 F1500 X51.459 Y109.159 E3114.27072
G0 F9000 X52.025 Y109.159
G1 F1500 X67.361 Y124.496 E3114.9921
G0 F9000 X67.862 Y124.43
G1 F1500 X52.591 Y109.159 E3115.71041
G0 F9000 X53.156 Y109.159
G1 F1500 X68.363 Y124.365 E3116.42567
G0 F9000 X68.863 Y124.3
G1 F1500 X53.722 Y109.159 E3117.13786
G0 F9000 X54.288 Y109.159
G1 F1500 X69.365 Y124.236 E3117.84703
G0 F9000 X69.865 Y124.171
G1 F1500 X54.853 Y109.159 E3118.55315
G0 F9000 X55.419 Y109.159
G1 F1500 X70.366 Y124.106 E3119.25621
G0 F9000 X70.866 Y124.041
G1 F1500 X55.985 Y109.159 E3119.95619
G0 F9000 X56.55 Y109.159
G1 F1500 X71.367 Y123.976 E3120.65314
G0 F9000 X71.868 Y123.911
G1 F1500 X57.116 Y109.159 E3121.34703
G0 F9000 X57.682 Y109.159
G1 F1500 X72.369 Y123.846 E3122.03786
G0 F9000 X72.87 Y123.781
G1 F1500 X58.247 Y109.159 E3122.72566
G0 F9000 X58.813 Y109.159
G1 F1500 X73.37 Y123.716 E3123.41038
G0 F9000 X73.871 Y123.651
G1 F1500 X59.379 Y109.159 E3124.09203
G0 F9000 X59.957 Y109.172
G1 F1500 X74.375 Y123.59 E3124.77021
G0 F9000 X74.9 Y123.549
G1 F1500 X60.649 Y109.298 E3125.44054
G0 F9000 X61.341 Y109.424
G1 F1500 X75.425 Y123.508 E3126.103
G0 F9000 X75.951 Y123.468
G1 F1500 X62.033 Y109.55 E3126.75766
G0 F9000 X62.725 Y109.677
G1 F1500 X76.475 Y123.427 E3127.40442
G0 F9000 X77.001 Y123.387
G1 F1500 X63.417 Y109.803 E3128.04337
G0 F9000 X64.109 Y109.929
G1 F1500 X77.525 Y123.346 E3128.67444
G0 F9000 X78.051 Y123.305
G1 F1500 X64.801 Y110.056 E3129.29766
G0 F9000 X65.492 Y110.182
G1 F1500 X78.575 Y123.264 E3129.91302
G0 F9000 X79.101 Y123.224
G1 F1500 X66.185 Y110.308 E3130.52055
G0 F9000 X66.876 Y110.434
G1 F1500 X79.625 Y123.183 E3131.12022
G0 F9000 X80.151 Y123.143
G1 F1500 X67.533 Y110.525 E3131.71373
G0 F9000 X68.183 Y110.609
G1 F1500 X80.675 Y123.102 E3132.30134
G0 F9000 X81.201 Y123.062
G1 F1500 X68.833 Y110.694 E3132.8831
G0 F9000 X69.482 Y110.777
G1 F1500 X81.731 Y123.026 E3133.45925
G0 F9000 X82.283 Y123.012
G1 F1500 X70.132 Y110.861 E3134.0308
G0 F9000 X70.782 Y110.945
G1 F1500 X82.834 Y122.998 E3134.59771
G0 F9000 X83.385 Y122.983
G1 F1500 X71.431 Y111.029 E3135.15999
G0 F9000 X72.081 Y111.114
G1 F1500 X83.937 Y122.969 E3135.71764
G0 F9000 X84.488 Y122.955
G1 F1500 X72.73 Y111.197 E3136.2707
G0 F9000 X73.38 Y111.281
G1 F1500 X85.04 Y122.941 E3136.81915
G0 F9000 X85.591 Y122.926
G1 F1500 X74.03 Y111.365 E3137.36294
G0 F9000 X74.66 Y111.43
G1 F1500 X86.142 Y122.912 E3137.90302
G0 F9000 X86.694 Y122.897
G1 F1500 X75.273 Y111.477 E3138.4402
G0 F9000 X75.886 Y111.524
G1 F1500 X87.245 Y122.883 E3138.9745
G0 F9000 X87.797 Y122.869
G1 F1500 X76.499 Y111.572 E3139.5059
G0 F9000 X77.112 Y111.619
G1 F1500 X88.348 Y122.854 E3140.03438
G0 F9000 X88.899 Y122.84
G1 F1500 X77.725 Y111.667 E3140.55995
G0 F9000 X78.338 Y111.714
G1 F1500 X89.463 Y122.839 E3141.08323
G0 F9000 X90.029 Y122.839
G1 F1500 X78.952 Y111.761 E3141.60428
G0 F9000 X79.565 Y111.809
G1 F1500 X90.595 Y122.839 E3142.1231
G0 F9000 X91.16 Y122.839
G1 F1500 X80.178 Y111.856 E3142.63969
G0 F9000 X80.791 Y111.903
G1 F1500 X91.726 Y122.839 E3143.15406
G0 F9000 X92.292 Y122.839
G1 F1500 X81.404 Y111.951 E3143.6662
G0 F9000 X81.997 Y111.978
G1 F1500 X92.857 Y122.839 E3144.17704
G0 F9000 X93.423 Y122.839
G1 F1500 X82.578 Y111.993 E3144.68718
G0 F9000 X83.158 Y112.008
G1 F1500 X93.989 Y122.839 E3145.19664
G0 F9000 X94.555 Y122.839
G1 F1500 X83.739 Y112.024 E3145.70536
G0 F9000 X84.32 Y112.038
G1 F1500 X95.12 Y122.839 E3146.21339
G0 F9000 X95.686 Y122.839
G1 F1500 X84.9 Y112.053 E3146.72073
G0 F9000 X85.482 Y112.069
G1 F1500 X96.252 Y122.839 E3147.22732
G0 F9000 X96.817 Y122.839
G1 F1500 X86.062 Y112.084 E3147.7332
G0 F9000 X86.643 Y112.099
G1 F1500 X97.383 Y122.839 E3148.23837
G0 F9000 X97.949 Y122.839
G1 F1500 X87.223 Y112.113 E3148.74289
G0 F9000 X87.804 Y112.129
G1 F1500 X98.514 Y122.839 E3149.24666
G0 F9000 X99.08 Y122.839
G1 F1500 X88.385 Y112.144 E3149.74972
G0 F9000 X88.966 Y112.159
G1 F1500 X99.646 Y122.839 E3150.25207
G0 F9000 X100.211 Y122.839
G1 F1500 X89.532 Y112.159 E3150.7544
G0 F9000 X90.098 Y112.159
G1 F1500 X100.777 Y122.839 E3151.25673
G0 F9000 X101.343 Y122.839
G1 F1500 X90.663 Y112.159 E3151.75909
G0 F9000 X91.229 Y112.159
G1 F1500 X101.908 Y122.839 E3152.26142
G0 F9000 X102.474 Y122.839
G1 F1500 X91.795 Y112.159 E3152.76375
G0 F9000 X92.36 Y112.159
G1 F1500 X103.04 Y122.839 E3153.2661
G0 F9000 X103.605 Y122.839
G1 F1500 X92.926 Y112.159 E3153.76844
G0 F9000 X93.492 Y112.159
G1 F1500 X104.171 Y122.839 E3154.27077
G0 F9000 X104.737 Y122.839
G1 F1500 X94.057 Y112.159 E3154.77312
G0 F9000 X94.623 Y112.159
G1 F1500 X105.303 Y122.839 E3155.27548
G0 F9000 X105.868 Y122.839
G1 F1500 X95.189 Y112.159 E3155.77781
G0 F9000 X95.754 Y112.159
G1 F1500 X106.434 Y122.839 E3156.28016
G0 F9000 X107 Y122.839
G1 F1500 X96.32 Y112.159 E3156.78252
G0 F9000 X96.886 Y112.159
G1 F1500 X107.565 Y122.839 E3157.28485
G0 F9000 X108.131 Y122.839
G1 F1500 X97.452 Y112.159 E3157.78718
G0 F9000 X98.017 Y112.159
G1 F1500 X108.697 Y122.839 E3158.28953
G0 F9000 X109.262 Y122.839
G1 F1500 X98.583 Y112.159 E3158.79186
G0 F9000 X99.149 Y112.159
G1 F1500 X109.828 Y122.839 E3159.29419
G0 F9000 X110.394 Y122.839
G1 F1500 X99.714 Y112.159 E3159.79655
G0 F9000 X100.28 Y112.159
G1 F1500 X110.959 Y122.839 E3160.29888
G0 F9000 X111.525 Y122.839
G1 F1500 X100.846 Y112.159 E3160.80121
G0 F9000 X101.411 Y112.159
G1 F1500 X112.091 Y122.839 E3161.30356
G0 F9000 X112.656 Y122.839
G1 F1500 X101.977 Y112.159 E3161.8059
G0 F9000 X102.543 Y112.159
G1 F1500 X113.222 Y122.839 E3162.30823
G0 F9000 X113.788 Y122.839
G1 F1500 X103.108 Y112.159 E3162.81058
G0 F9000 X103.674 Y112.159
G1 F1500 X114.354 Y122.839 E3163.31294
G0 F9000 X114.919 Y122.839
G1 F1500 X104.24 Y112.159 E3163.81527
G0 F9000 X104.805 Y112.159
G1 F1500 X115.485 Y122.839 E3164.31762
G0 F9000 X116.051 Y122.839
G1 F1500 X105.371 Y112.159 E3164.81998
G0 F9000 X105.937 Y112.159
G1 F1500 X116.616 Y122.839 E3165.32231
G0 F9000 X117.182 Y122.839
G1 F1500 X106.503 Y112.159 E3165.82464
G0 F9000 X107.068 Y112.159
G1 F1500 X117.748 Y122.839 E3166.32699
G0 F9000 X118.313 Y122.839
G1 F1500 X107.634 Y112.159 E3166.82932
G0 F9000 X108.2 Y112.159
G1 F1500 X118.879 Y122.839 E3167.33165
G0 F9000 X119.445 Y122.839
G1 F1500 X108.765 Y112.159 E3167.83401
G0 F9000 X109.331 Y112.159
G1 F1500 X120.01 Y122.839 E3168.33634
G0 F9000 X120.576 Y122.839
G1 F1500 X109.897 Y112.159 E3168.83867
G0 F9000 X110.462 Y112.159
G1 F1500 X121.142 Y122.839 E3169.34102
G0 F9000 X121.707 Y122.839
G1 F1500 X111.028 Y112.159 E3169.84336
G0 F9000 X111.594 Y112.159
G1 F1500 X122.273 Y122.839 E3170.34569
G0 F9000 X122.839 Y122.839
G1 F1500 X112.159 Y112.159 E3170.84804
G0 F9000 X112.725 Y112.159
G1 F1500 X123.404 Y122.839 E3171.35037
G0 F9000 X123.97 Y122.839
G1 F1500 X113.291 Y112.159 E3171.8527
G0 F9000 X113.856 Y112.159
G1 F1500 X124.536 Y122.839 E3172.35506
G0 F9000 X125.102 Y122.839
G1 F1500 X114.422 Y112.159 E3172.85741
G0 F9000 X114.988 Y112.159
G1 F1500 X125.667 Y122.839 E3173.35974
G0 F9000 X126.233 Y122.839
G1 F1500 X115.553 Y112.159 E3173.8621
G0 F9000 X116.119 Y112.159
G1 F1500 X126.799 Y122.839 E3174.36445
G0 F9000 X127.364 Y122.839
G1 F1500 X116.685 Y112.159 E3174.86678
G0 F9000 X117.251 Y112.159
G1 F1500 X127.93 Y122.839 E3175.36911
G0 F9000 X128.496 Y122.839
G1 F1500 X117.817 Y112.16 E3175.87142
G0 F9000 X118.383 Y112.16
G1 F1500 X129.061 Y122.839 E3176.3737
G0 F9000 X129.627 Y122.839
G1 F1500 X118.948 Y112.16 E3176.87601
G0 F9000 X119.514 Y112.16
G1 F1500 X130.193 Y122.839 E3177.37832
G0 F9000 X130.758 Y122.839
G1 F1500 X120.08 Y112.16 E3177.8806
G0 F9000 X120.645 Y112.16
G1 F1500 X131.324 Y122.839 E3178.38291
G0 F9000 X131.89 Y122.839
G1 F1500 X121.211 Y112.16 E3178.88522
G0 F9000 X121.777 Y112.16
G1 F1500 X132.455 Y122.839 E3179.3875
G0 F9000 X133.021 Y122.839
G1 F1500 X122.342 Y112.16 E3179.88981
G0 F9000 X122.908 Y112.16
G1 F1500 X133.587 Y122.839 E3180.39212
G0 F9000 X134.153 Y122.839
G1 F1500 X123.474 Y112.16 E3180.89442
G0 F9000 X124.039 Y112.16
G1 F1500 X134.718 Y122.839 E3181.39673
G0 F9000 X135.284 Y122.839
G1 F1500 X124.605 Y112.16 E3181.89904
G0 F9000 X125.171 Y112.16
G1 F1500 X135.85 Y122.839 E3182.40135
G0 F9000 X136.415 Y122.839
G1 F1500 X125.737 Y112.16 E3182.90363
G0 F9000 X126.302 Y112.16
G1 F1500 X136.981 Y122.839 E3183.40594
G0 F9000 X137.547 Y122.839
G1 F1500 X126.868 Y112.16 E3183.90825
G0 F9000 X127.434 Y112.16
G1 F1500 X138.112 Y122.839 E3184.41053
G0 F9000 X138.678 Y122.839
G1 F1500 X127.999 Y112.16 E3184.91284
G0 F9000 X128.565 Y112.16
G1 F1500 X139.244 Y122.839 E3185.41514
G0 F9000 X139.809 Y122.839
G1 F1500 X129.131 Y112.16 E3185.91743
G0 F9000 X129.696 Y112.16
G1 F1500 X140.375 Y122.839 E3186.41974
G0 F9000 X140.941 Y122.839
G1 F1500 X130.262 Y112.16 E3186.92204
G0 F9000 X130.828 Y112.16
G1 F1500 X141.506 Y122.839 E3187.42433
G0 F9000 X142.072 Y122.839
G1 F1500 X131.393 Y112.16 E3187.92663
G0 F9000 X131.959 Y112.16
G1 F1500 X142.638 Y122.839 E3188.42894
G0 F9000 X143.203 Y122.839
G1 F1500 X132.525 Y112.16 E3188.93123
G0 F9000 X133.09 Y112.16
G1 F1500 X143.769 Y122.839 E3189.43353
G0 F9000 X144.335 Y122.839
G1 F1500 X133.656 Y112.16 E3189.93584
G0 F9000 X134.222 Y112.16
G1 F1500 X144.901 Y122.839 E3190.43815
G0 F9000 X145.466 Y122.839
G1 F1500 X134.787 Y112.16 E3190.94045
G0 F9000 X135.353 Y112.16
G1 F1500 X146.033 Y122.84 E3191.44281
G0 F9000 X146.613 Y122.854
G1 F1500 X135.919 Y112.16 E3191.94582
G0 F9000 X136.485 Y112.16
G1 F1500 X147.194 Y122.869 E3192.44954
G0 F9000 X147.774 Y122.884
G1 F1500 X137.05 Y112.16 E3192.95396
G0 F9000 X137.616 Y112.16
G1 F1500 X148.355 Y122.899 E3193.45909
G0 F9000 X148.935 Y122.914
G1 F1500 X138.182 Y112.16 E3193.96491
G0 F9000 X138.747 Y112.16
G1 F1500 X149.517 Y122.929 E3194.47147
G0 F9000 X150.097 Y122.944
G1 F1500 X139.313 Y112.16 E3194.97872
G0 F9000 X139.879 Y112.16
G1 F1500 X150.678 Y122.959 E3195.48667
G0 F9000 X151.258 Y122.974
G1 F1500 X140.444 Y112.16 E3195.99533
G0 F9000 X141.01 Y112.16
G1 F1500 X151.839 Y122.989 E3196.50469
G0 F9000 X152.419 Y123.004
G1 F1500 X141.576 Y112.16 E3197.01473
G0 F9000 X142.141 Y112.16
G1 F1500 X153 Y123.019 E3197.52551
G0 F9000 X153.592 Y123.045
G1 F1500 X142.707 Y112.16 E3198.03751
G0 F9000 X143.273 Y112.16
G1 F1500 X154.205 Y123.093 E3198.55174
G0 F9000 X154.818 Y123.14
G1 F1500 X143.838 Y112.16 E3199.0682
G0 F9000 X144.404 Y112.16
G1 F1500 X155.432 Y123.188 E3199.58693
G0 F9000 X156.045 Y123.235
G1 F1500 X144.97 Y112.16 E3200.10786
G0 F9000 X145.536 Y112.16
G1 F1500 X156.659 Y123.284 E3200.63107
G0 F9000 X157.272 Y123.331
G1 F1500 X146.1 Y112.159 E3201.15657
G0 F9000 X146.651 Y112.145
G1 F1500 X157.886 Y123.379 E3201.68501
G0 F9000 X158.499 Y123.426
G1 F1500 X147.202 Y112.13 E3202.21636
G0 F9000 X147.754 Y112.116
G1 F1500 X159.113 Y123.474 E3202.75063
G0 F9000 X159.726 Y123.522
G1 F1500 X148.305 Y112.101 E3203.28784
G0 F9000 X148.857 Y112.087
G1 F1500 X160.339 Y123.57 E3203.82794
G0 F9000 X160.966 Y123.631
G1 F1500 X149.408 Y112.073 E3204.37159
G0 F9000 X149.96 Y112.059
G1 F1500 X161.617 Y123.716 E3204.9199
G0 F9000 X162.266 Y123.8
G1 F1500 X150.511 Y112.044 E3205.47284
G0 F9000 X151.062 Y112.03
G1 F1500 X162.916 Y123.884 E3206.03042
G0 F9000 X163.566 Y123.968
G1 F1500 X151.614 Y112.016 E3206.59261
G0 F9000 X152.165 Y112.002
G1 F1500 X164.216 Y124.052 E3207.15942
G0 F9000 X164.866 Y124.136
G1 F1500 X152.717 Y111.988 E3207.73085
G0 F9000 X153.268 Y111.973
G1 F1500 X165.516 Y124.22 E3208.30694
G0 F9000 X166.165 Y124.305
G1 F1500 X153.797 Y111.936 E3208.88871
G0 F9000 X154.322 Y111.896
G1 F1500 X166.816 Y124.389 E3209.47637
G0 F9000 X167.466 Y124.474
G1 F1500 X154.847 Y111.855 E3210.06993
G0 F9000 X155.372 Y111.814
G1 F1500 X168.123 Y124.565 E3210.6697
G0 F9000 X168.814 Y124.691
G1 F1500 X155.897 Y111.773 E3211.2773
G0 F9000 X156.422 Y111.733
G1 F1500 X169.506 Y124.817 E3211.89273
G0 F9000 X170.198 Y124.943
G1 F1500 X156.947 Y111.692 E3212.51601
G0 F9000 X157.472 Y111.652
G1 F1500 X170.89 Y125.07 E3213.14716
G0 F9000 X171.582 Y125.196
G1 F1500 X157.997 Y111.611 E3213.78615
G0 F9000 X158.522 Y111.57
G1 F1500 X172.273 Y125.321 E3214.43296
G0 F9000 X172.966 Y125.448
G1 F1500 X159.047 Y111.529 E3215.08766
G0 F9000 X159.572 Y111.489
G1 F1500 X173.657 Y125.574 E3215.75018
G0 F9000 X174.349 Y125.7
G1 F1500 X160.097 Y111.448 E3216.42055
G0 F9000 X160.622 Y111.408
G1 F1500 X175.041 Y125.826 E3217.09875
G0 F9000 X175.619 Y125.839
G1 F1500 X161.126 Y111.345 E3217.78048
G0 F9000 X161.626 Y111.28
G1 F1500 X176.185 Y125.839 E3218.46529
G0 F9000 X176.751 Y125.839
G1 F1500 X162.128 Y111.216 E3219.15311
G0 F9000 X162.628 Y111.151
G1 F1500 X177.316 Y125.839 E3219.84399
G0 F9000 X177.882 Y125.839
G1 F1500 X163.129 Y111.086 E3220.53793
G0 F9000 X163.63 Y111.021
G1 F1500 X178.448 Y125.839 E3221.23492
G0 F9000 X179.013 Y125.839
G1 F1500 X164.131 Y110.957 E3221.93493
G0 F9000 X164.632 Y110.892
G1 F1500 X179.579 Y125.839 E3222.63799
G0 F9000 X180.145 Y125.839
G1 F1500 X165.132 Y110.826 E3223.34415
G0 F9000 X165.634 Y110.762
G1 F1500 X180.711 Y125.839 E3224.05333
G0 F9000 X181.276 Y125.839
G1 F1500 X166.134 Y110.697 E3224.76556
G0 F9000 X166.635 Y110.632
G1 F1500 X181.842 Y125.839 E3225.48085
G0 F9000 X182.408 Y125.839
G1 F1500 X167.136 Y110.568 E3226.19918
G0 F9000 X167.637 Y110.503
G1 F1500 X182.973 Y125.839 E3226.92053
G0 F9000 X183.539 Y125.839
G1 F1500 X168.133 Y110.433 E3227.64519
G0 F9000 X168.611 Y110.346
G1 F1500 X184.105 Y125.839 E3228.37395
G0 F9000 X184.67 Y125.839
G1 F1500 X169.089 Y110.258 E3229.10683
G0 F9000 X169.568 Y110.171
G1 F1500 X185.236 Y125.839 E3229.84381
G0 F9000 X185.802 Y125.839
G1 F1500 X170.046 Y110.083 E3230.58492
G0 F9000 X170.525 Y109.996
G1 F1500 X186.367 Y125.839 E3231.33011
G0 F9000 X186.933 Y125.839
G1 F1500 X171.003 Y109.909 E3232.0794
G0 F9000 X171.481 Y109.822
G1 F1500 X187.499 Y125.839 E3232.83282
G0 F9000 X188.064 Y125.839
G1 F1500 X171.959 Y109.734 E3233.59035
G0 F9000 X172.438 Y109.647
G1 F1500 X188.63 Y125.839 E3234.35197
G0 F9000 X189.196 Y125.839
G1 F1500 X172.917 Y109.56 E3235.11768
G0 F9000 X173.395 Y109.472
G1 F1500 X189.762 Y125.839 E3235.88754
G0 F9000 X190.327 Y125.839
G1 F1500 X173.874 Y109.385 E3236.66146
G0 F9000 X174.352 Y109.298
G1 F1500 X190.893 Y125.839 E3237.4395
G0 F9000 X191.459 Y125.839
G1 F1500 X174.83 Y109.211 E3238.22165
G0 F9000 X175.345 Y109.16
G1 F1500 X192.024 Y125.839 E3239.00618
G0 F9000 X192.59 Y125.839
G1 F1500 X175.911 Y109.16 E3239.79071
G0 F9000 X176.476 Y109.16
G1 F1500 X193.156 Y125.839 E3240.57526
G0 F9000 X193.721 Y125.839
G1 F1500 X177.042 Y109.16 E3241.35979
G0 F9000 X177.608 Y109.16
G1 F1500 X194.287 Y125.839 E3242.14432
G0 F9000 X194.853 Y125.839
G1 F1500 X178.173 Y109.16 E3242.92887
G0 F9000 X178.739 Y109.16
G1 F1500 X195.418 Y125.839 E3243.7134
G0 F9000 X195.984 Y125.839
G1 F1500 X179.305 Y109.16 E3244.49793
G0 F9000 X179.87 Y109.16
G1 F1500 X196.55 Y125.839 E3245.28248
G0 F9000 X197.115 Y125.839
G1 F1500 X180.436 Y109.16 E3246.06701
G0 F9000 X181.002 Y109.16
G1 F1500 X197.681 Y125.839 E3246.85154
G0 F9000 X198.247 Y125.839
G1 F1500 X181.568 Y109.16 E3247.63607
G0 F9000 X182.133 Y109.16
G1 F1500 X198.812 Y125.839 E3248.4206
G0 F9000 X198.839 Y125.3
G1 F1500 X182.699 Y109.16 E3249.17978
G0 F9000 X183.265 Y109.16
G1 F1500 X198.839 Y124.734 E3249.91233
G0 F9000 X198.839 Y124.168
G1 F1500 X183.83 Y109.16 E3250.61828
G0 F9000 X184.396 Y109.16
G1 F1500 X198.839 Y123.602 E3251.29761
G0 F9000 X198.839 Y123.037
G1 F1500 X184.962 Y109.16 E3251.95035
G0 F9000 X185.527 Y109.16
G1 F1500 X198.839 Y122.471 E3252.57648
G0 F9000 X198.839 Y121.905
G1 F1500 X186.093 Y109.16 E3253.17599
G0 F9000 X186.659 Y109.16
G1 F1500 X198.839 Y121.34 E3253.7489
G0 F9000 X198.839 Y120.774
G1 F1500 X187.224 Y109.16 E3254.29521
G0 F9000 X187.79 Y109.16
G1 F1500 X198.839 Y120.208 E3254.81489
G0 F9000 X198.839 Y119.643
G1 F1500 X188.356 Y109.16 E3255.30798
G0 F9000 X188.921 Y109.16
G1 F1500 X198.839 Y119.077 E3255.77447
G0 F9000 X198.839 Y118.511
G1 F1500 X189.487 Y109.16 E3256.21434
G0 F9000 X190.053 Y109.16
G1 F1500 X198.839 Y117.946 E3256.6276
G0 F9000 X198.839 Y117.38
G1 F1500 X190.619 Y109.16 E3257.01425
G0 F9000 X191.184 Y109.16
G1 F1500 X198.839 Y116.814 E3257.37429
G0 F9000 X198.839 Y116.249
G1 F1500 X191.75 Y109.16 E3257.70774
G0 F9000 X192.316 Y109.16
G1 F1500 X198.839 Y115.683 E3258.01456
G0 F9000 X198.839 Y115.117
G1 F1500 X192.881 Y109.16 E3258.29478
G0 F9000 X193.447 Y109.16
G1 F1500 X198.839 Y114.552 E3258.5484
G0 F9000 X198.839 Y113.986
G1 F1500 X194.013 Y109.16 E3258.7754
G0 F9000 X194.578 Y109.16
G1 F1500 X198.839 Y113.42 E3258.97581
G0 F9000 X198.839 Y112.854
G1 F1500 X195.144 Y109.16 E3259.14958
G0 F9000 X195.71 Y109.16
G1 F1500 X198.839 Y112.289 E3259.29676
G0 F9000 X198.839 Y111.723
G1 F1500 X196.275 Y109.16 E3259.41734
G0 F9000 X196.841 Y109.16
G1 F1500 X198.839 Y111.157 E3259.5113
G0 F9000 X198.839 Y110.592
G1 F1500 X197.407 Y109.16 E3259.57865
G0 F9000 X197.972 Y109.16
G1 F1500 X198.839 Y110.026 E3259.61941
G0 F9000 X198.839 Y109.46
G1 F1500 X198.538 Y109.16 E3259.63355
G1 F2700 E3254.63355
;MESH:NONMESH
G0 F300 X198.538 Y109.16 Z3.2
G0 F9000 X198.538 Y108.7
G0 X199.228 Y108.772
G0 X199.228 Y126.228 ;T9.452 R8.000 A1.570 C421.66713599999986 FILLET CORNER
G0 X175.072 Y126.239 ;T-79.003 R8.000 A0.155 C54.41318300000038 FILLET CORNER
G0 X160.635 Y123.993 ;T-140.840 R8.000 A0.103 C-12.441265000000161 FILLET CORNER
G0 X152.351 Y123.566 ;T-318.973 R8.000 A0.049 C-25.682137999999554 FILLET CORNER
G0 X88.985 Y123.4
;TIME_ELAPSED:4495.589947
;LAYER:15
;TYPE:WALL-INNER
;MESH:D638-22 Type I Tensile Specimen.STL
G1 F2700 E3259.63355
G1 F1500 X146.017 Y123.4 E3261.53044
G1 X153.345 Y123.589 E3261.77425
G1 X160.654 Y124.156 E3262.01808
G1 X167.896 Y125.094 E3262.26096
G1 X175.057 Y126.4 E3262.50306
G1 X199.4 Y126.4 E3263.31272 ;T16.343 R8.000 A1.571 C-216.6527000000003 FILLET CORNER
G1 X199.4 Y117.5 E3263.60873
G1 X199.4 Y108.6 E3263.90475 ;T0.900 R8.000 A1.571 C-216.67050000000012 FILLET CORNER
G1 X175.055 Y108.6 E3264.71446
G1 X167.894 Y109.906 E3264.95657
G1 X160.654 Y110.844 E3265.19938
G1 X153.343 Y111.411 E3265.44328
G1 X146.015 Y111.6 E3265.68709
G1 X88.983 Y111.6 E3267.58398
G1 X81.655 Y111.411 E3267.82779
G1 X74.346 Y110.844 E3268.07162
G1 X67.104 Y109.906 E3268.31451
G1 X59.943 Y108.6 E3268.55661
G1 X35.6 Y108.6 E3269.36626 ;T16.343 R8.000 A1.571 C-433.3054000000002 FILLET CORNER
G1 X35.6 Y126.4 E3269.95829 ;T9.800 R8.000 A1.571 C-433.34100000000024 FILLET CORNER
G1 X59.945 Y126.4 E3270.76801
G1 X67.106 Y125.094 E3271.01011
G1 X74.346 Y124.156 E3271.25293
G1 X81.657 Y123.589 E3271.49682
G1 X88.985 Y123.4 E3271.74064
G1 F2700 E3266.74064
G0 F9000 X74.325 Y123.997 ;T-125.765 R8.000 A0.114 C-24.273905000000138 FILLET CORNER
G0 X59.93 Y126.239 ;T-88.476 R8.000 A0.155 C54.320581000000246 FILLET CORNER
G0 X35.772 Y126.228 ;T16.154 R8.000 A1.570 C421.70204799999976 FILLET CORNER
G0 X35.772 Y108.772 ;T9.452 R8.000 A1.570 C421.6671359999997 FILLET CORNER
G0 X59.928 Y108.761 ;T-79.048 R8.000 A0.155 C44.044209000000066 FILLET CORNER
G0 X71.619 Y110.579 ;T-166.367 R8.000 A0.090 C-18.44317799999996 FILLET CORNER
G0 X88.979 Y111.701
G1 F2700 E3271.74064
G0 F9000 X88.993 Y111.2
;TYPE:WALL-OUTER
G1 F1500 X146.005 Y111.2 E3273.63686
G1 X153.302 Y111.012 E3273.87964
G1 X160.592 Y110.448 E3274.12283
G1 X167.842 Y109.509 E3274.36598
G1 X175.019 Y108.2 E3274.60863
G1 X199.8 Y108.2 E3275.43285 ;T16.781 R8.000 A1.571 C230.46329999999998 FILLET CORNER
G1 X199.8 Y117.5 E3275.74217
G1 X199.8 Y126.8 E3276.05149 ;T1.300 R8.000 A1.571 C230.44470000000015 FILLET CORNER
G1 X175.021 Y126.8 E3276.87564
G1 X167.854 Y125.493 E3277.11795
G1 X160.602 Y124.553 E3277.36117
G1 X153.314 Y123.988 E3277.60429
G1 X146.007 Y123.8 E3277.84741
G1 X88.995 Y123.8 E3279.74363
G1 X81.698 Y123.988 E3279.98641
G1 X74.408 Y124.552 E3280.2296
G1 X67.158 Y125.491 E3280.47275
G1 X59.981 Y126.8 E3280.7154
G1 X35.2 Y126.8 E3281.53962 ;T16.781 R8.000 A1.571 C460.92659999999984 FILLET CORNER
G1 X35.2 Y108.2 E3282.15826 ;T10.600 R8.000 A1.571 C460.8893999999998 FILLET CORNER
G1 X59.979 Y108.2 E3282.98241
G1 X67.146 Y109.507 E3283.22472
G1 X74.398 Y110.447 E3283.46794
G1 X81.686 Y111.012 E3283.71107
G1 X88.993 Y111.2 E3283.95418
G0 F9000 X88.975 Y111.96
;TYPE:SKIN
G1 F1500 X146.024 Y111.96 E3285.85164
G1 X153.321 Y111.772 E3286.09441
G1 X160.651 Y111.206 E3286.33894
G1 X167.981 Y110.257 E3286.58477
G1 X175.089 Y108.96 E3286.82509
G1 X199.04 Y108.96 E3287.6217 ;T15.951 R8.000 A1.571 C204.54154000000008 FILLET CORNER
G1 X199.04 Y117.5 E3287.90574
G1 X199.04 Y126.04 E3288.18978 ;T0.540 R8.000 A1.571 C204.51591999999997 FILLET CORNER
G1 X175.092 Y126.04 E3288.9863
G1 X167.99 Y124.744 E3289.22641
G1 X160.7 Y123.799 E3289.47091
G1 X153.372 Y123.23 E3289.71537
G1 X146.027 Y123.04 E3289.95975
G1 X88.977 Y123.04 E3291.85724
G1 X81.64 Y123.23 E3292.10135
G1 X74.347 Y123.794 E3292.34464
G1 X67.023 Y124.742 E3292.59027
G1 X59.911 Y126.04 E3292.83072
G1 X35.96 Y126.04 E3293.62734 ;T15.951 R8.000 A1.571 C409.08308000000034 FILLET CORNER
G1 X35.96 Y108.96 E3294.19542 ;T9.080 R8.000 A1.571 C409.03184000000033 FILLET CORNER
G1 X59.908 Y108.96 E3294.99193
G1 X67.01 Y110.256 E3295.23205
G1 X74.335 Y111.205 E3295.47771
G1 X81.629 Y111.77 E3295.72104
G1 X88.975 Y111.96 E3295.96545
G1 F2700 E3290.96545
G0 F9000 X88.979 Y111.701
G0 X69.848 Y110.443 ;T-137.099 R8.000 A0.102 C19.698982000000086 FILLET CORNER
G0 X59.928 Y108.761 ;T-86.461 R8.000 A0.165 C-39.26837200000011 FILLET CORNER
G0 X36.222 Y108.7
G1 F2700 E3295.96545
G0 F9000 X36.222 Y109.158
G1 F1500 X36.16 Y109.221 E3295.96839
G0 F9000 X36.16 Y109.786
G1 F1500 X36.787 Y109.158 E3295.99791
G0 F9000 X37.353 Y109.158
G1 F1500 X36.16 Y110.352 E3296.05404
G0 F9000 X36.16 Y110.918
G1 F1500 X37.919 Y109.158 E3296.13681
G0 F9000 X38.484 Y109.158
G1 F1500 X36.16 Y111.483 E3296.24614
G0 F9000 X36.16 Y112.049
G1 F1500 X39.05 Y109.158 E3296.3821
G0 F9000 X39.616 Y109.158
G1 F1500 X36.16 Y112.615 E3296.54469
G0 F9000 X36.16 Y113.18
G1 F1500 X40.182 Y109.158 E3296.73387
G0 F9000 X40.747 Y109.158
G1 F1500 X36.16 Y113.746 E3296.94965
G0 F9000 X36.16 Y114.312
G1 F1500 X41.313 Y109.158 E3297.19206
G0 F9000 X41.879 Y109.158
G1 F1500 X36.16 Y114.877 E3297.46106
G0 F9000 X36.16 Y115.443
G1 F1500 X42.444 Y109.158 E3297.75666
G0 F9000 X43.01 Y109.158
G1 F1500 X36.16 Y116.009 E3298.07889
G0 F9000 X36.16 Y116.575
G1 F1500 X43.576 Y109.158 E3298.42774
G0 F9000 X44.141 Y109.158
G1 F1500 X36.16 Y117.14 E3298.80316
G0 F9000 X36.16 Y117.706
G1 F1500 X44.707 Y109.158 E3299.20521
G0 F9000 X45.273 Y109.158
G1 F1500 X36.16 Y118.272 E3299.63388
G0 F9000 X36.16 Y118.837
G1 F1500 X45.838 Y109.158 E3300.08913
G0 F9000 X46.404 Y109.158
G1 F1500 X36.16 Y119.403 E3300.571
G0 F9000 X36.16 Y119.969
G1 F1500 X46.97 Y109.158 E3301.07949
G0 F9000 X47.535 Y109.158
G1 F1500 X36.16 Y120.534 E3301.61456
G0 F9000 X36.16 Y121.1
G1 F1500 X48.101 Y109.158 E3302.17625
G0 F9000 X48.667 Y109.158
G1 F1500 X36.16 Y121.666 E3302.76457
G0 F9000 X36.16 Y122.231
G1 F1500 X49.233 Y109.158 E3303.37948
G0 F9000 X49.798 Y109.158
G1 F1500 X36.16 Y122.797 E3304.021
G0 F9000 X36.16 Y123.363
G1 F1500 X50.364 Y109.158 E3304.68913
G0 F9000 X50.93 Y109.158
G1 F1500 X36.16 Y123.928 E3305.38387
G0 F9000 X36.16 Y124.494
G1 F1500 X51.495 Y109.158 E3306.1052
G0 F9000 X52.061 Y109.158
G1 F1500 X36.16 Y125.06 E3306.85316
G0 F9000 X36.16 Y125.626
G1 F1500 X52.627 Y109.158 E3307.62774
G0 F9000 X53.192 Y109.158
G1 F1500 X36.512 Y125.839 E3308.41234
G0 F9000 X37.077 Y125.839
G1 F1500 X53.758 Y109.158 E3309.19696
G0 F9000 X54.324 Y109.158
G1 F1500 X37.643 Y125.839 E3309.98159
G0 F9000 X38.209 Y125.839
G1 F1500 X54.889 Y109.158 E3310.76619
G0 F9000 X55.455 Y109.158
G1 F1500 X38.774 Y125.839 E3311.55081
G0 F9000 X39.34 Y125.839
G1 F1500 X56.021 Y109.158 E3312.33543
G0 F9000 X56.586 Y109.158
G1 F1500 X39.906 Y125.839 E3313.12003
G0 F9000 X40.471 Y125.839
G1 F1500 X57.152 Y109.158 E3313.90465
G0 F9000 X57.718 Y109.158
G1 F1500 X41.037 Y125.839 E3314.68928
G0 F9000 X41.603 Y125.839
G1 F1500 X58.283 Y109.158 E3315.47388
G0 F9000 X58.849 Y109.158
G1 F1500 X42.169 Y125.839 E3316.25848
G0 F9000 X42.734 Y125.839
G1 F1500 X59.415 Y109.158 E3317.0431
G0 F9000 X59.966 Y109.173
G1 F1500 X43.3 Y125.839 E3317.82702
G0 F9000 X43.866 Y125.839
G1 F1500 X60.444 Y109.26 E3318.60682
G0 F9000 X60.923 Y109.347
G1 F1500 X44.431 Y125.839 E3319.38255
G0 F9000 X44.997 Y125.839
G1 F1500 X61.401 Y109.435 E3320.15415
G0 F9000 X61.88 Y109.522
G1 F1500 X45.563 Y125.839 E3320.92165
G0 F9000 X46.128 Y125.839
G1 F1500 X62.359 Y109.609 E3321.68508
G0 F9000 X62.837 Y109.697
G1 F1500 X46.694 Y125.839 E3322.44437
G0 F9000 X47.26 Y125.839
G1 F1500 X63.315 Y109.783 E3323.19958
G0 F9000 X63.793 Y109.871
G1 F1500 X47.825 Y125.839 E3323.95066
G0 F9000 X48.391 Y125.839
G1 F1500 X64.272 Y109.958 E3324.69766
G0 F9000 X64.75 Y110.046
G1 F1500 X48.957 Y125.839 E3325.44051
G0 F9000 X49.522 Y125.839
G1 F1500 X65.229 Y110.133 E3326.1793
G0 F9000 X65.707 Y110.22
G1 F1500 X50.088 Y125.839 E3326.91397
G0 F9000 X50.654 Y125.839
G1 F1500 X66.185 Y110.307 E3327.64452
G0 F9000 X66.664 Y110.394
G1 F1500 X51.219 Y125.839 E3328.371
G0 F9000 X51.785 Y125.839
G1 F1500 X67.149 Y110.475 E3329.09368
G0 F9000 X67.651 Y110.539
G1 F1500 X52.351 Y125.839 E3329.81335
G0 F9000 X52.917 Y125.839
G1 F1500 X68.151 Y110.604 E3330.52993
G0 F9000 X68.652 Y110.669
G1 F1500 X53.482 Y125.839 E3331.24348
G0 F9000 X54.048 Y125.839
G1 F1500 X69.153 Y110.734 E3331.95397
G0 F9000 X69.654 Y110.799
G1 F1500 X54.614 Y125.839 E3332.66141
G0 F9000 X55.179 Y125.839
G1 F1500 X70.155 Y110.863 E3333.36583
G0 F9000 X70.656 Y110.928
G1 F1500 X55.745 Y125.839 E3334.0672
G0 F9000 X56.311 Y125.839
G1 F1500 X71.156 Y110.993 E3334.76549
G0 F9000 X71.658 Y111.058
G1 F1500 X56.876 Y125.839 E3335.46076
G0 F9000 X57.442 Y125.839
G1 F1500 X72.158 Y111.123 E3336.15296
G0 F9000 X72.66 Y111.187
G1 F1500 X58.008 Y125.839 E3336.84214
G0 F9000 X58.573 Y125.839
G1 F1500 X73.16 Y111.252 E3337.52827
G0 F9000 X73.661 Y111.317
G1 F1500 X59.139 Y125.839 E3338.21134
G0 F9000 X59.705 Y125.839
G1 F1500 X74.162 Y111.382 E3338.89136
G0 F9000 X74.679 Y111.43
G1 F1500 X60.355 Y125.755 E3339.56514
G0 F9000 X61.046 Y125.629
G1 F1500 X75.204 Y111.471 E3340.23109
G0 F9000 X75.729 Y111.512
G1 F1500 X61.738 Y125.502 E3340.88916
G0 F9000 X62.431 Y125.376
G1 F1500 X76.255 Y111.552 E3341.53939
G0 F9000 X76.779 Y111.593
G1 F1500 X63.123 Y125.249 E3342.18173
G0 F9000 X63.814 Y125.123
G1 F1500 X77.305 Y111.633 E3342.81628
G0 F9000 X77.829 Y111.674
G1 F1500 X64.507 Y124.997 E3343.44293
G0 F9000 X65.199 Y124.87
G1 F1500 X78.355 Y111.715 E3344.06173
G0 F9000 X78.88 Y111.755
G1 F1500 X65.891 Y124.744 E3344.67269
G0 F9000 X66.583 Y124.618
G1 F1500 X79.405 Y111.796 E3345.2758
G0 F9000 X79.93 Y111.836
G1 F1500 X67.257 Y124.51 E3345.87192
G0 F9000 X67.906 Y124.426
G1 F1500 X80.455 Y111.877 E3346.46219
G0 F9000 X80.98 Y111.918
G1 F1500 X68.556 Y124.341 E3347.04655
G0 F9000 X69.206 Y124.257
G1 F1500 X81.506 Y111.958 E3347.62508
G0 F9000 X82.05 Y111.979
G1 F1500 X69.857 Y124.172 E3348.1986
G0 F9000 X70.507 Y124.088
G1 F1500 X82.602 Y111.993 E3348.76751
G0 F9000 X83.153 Y112.007
G1 F1500 X71.156 Y124.004 E3349.33182
G0 F9000 X71.806 Y123.92
G1 F1500 X83.705 Y112.021 E3349.89151
G0 F9000 X84.256 Y112.036
G1 F1500 X72.456 Y123.836 E3350.44654
G0 F9000 X73.106 Y123.752
G1 F1500 X84.807 Y112.05 E3350.99695
G0 F9000 X85.359 Y112.065
G1 F1500 X73.756 Y123.667 E3351.54269
G0 F9000 X74.401 Y123.588
G1 F1500 X85.91 Y112.079 E3352.08404
G0 F9000 X86.461 Y112.094
G1 F1500 X75.014 Y123.541 E3352.62247
G0 F9000 X75.627 Y123.494
G1 F1500 X87.013 Y112.108 E3353.15803
G0 F9000 X87.564 Y112.122
G1 F1500 X76.24 Y123.446 E3353.69068
G0 F9000 X76.853 Y123.399
G1 F1500 X88.116 Y112.136 E3354.22046
G0 F9000 X88.667 Y112.15
G1 F1500 X77.466 Y123.351 E3354.74732
G0 F9000 X78.08 Y123.303
G1 F1500 X89.224 Y112.159 E3355.2715
G0 F9000 X89.79 Y112.159
G1 F1500 X78.693 Y123.256 E3355.79347
G0 F9000 X79.306 Y123.209
G1 F1500 X90.356 Y112.159 E3356.31322
G0 F9000 X90.921 Y112.159
G1 F1500 X79.919 Y123.161 E3356.83073
G0 F9000 X80.532 Y123.114
G1 F1500 X91.487 Y112.159 E3357.34601
G0 F9000 X92.053 Y112.159
G1 F1500 X81.145 Y123.066 E3357.85907
G0 F9000 X81.751 Y123.026
G1 F1500 X92.618 Y112.159 E3358.37022
G0 F9000 X93.184 Y112.159
G1 F1500 X82.331 Y123.011 E3358.88069
G0 F9000 X82.912 Y122.996
G1 F1500 X93.75 Y112.159 E3359.39045
G0 F9000 X94.316 Y112.159
G1 F1500 X83.493 Y122.982 E3359.89953
G0 F9000 X84.074 Y122.966
G1 F1500 X94.881 Y112.159 E3360.40786
G0 F9000 X95.447 Y112.159
G1 F1500 X84.654 Y122.951 E3360.91551
G0 F9000 X85.235 Y122.936
G1 F1500 X96.013 Y112.159 E3361.42245
G0 F9000 X96.578 Y112.159
G1 F1500 X85.816 Y122.921 E3361.92866
G0 F9000 X86.397 Y122.906
G1 F1500 X97.144 Y112.159 E3362.43416
G0 F9000 X97.71 Y112.159
G1 F1500 X86.977 Y122.891 E3362.93899
G0 F9000 X87.558 Y122.876
G1 F1500 X98.275 Y112.159 E3363.44308
G0 F9000 X98.841 Y112.159
G1 F1500 X88.139 Y122.861 E3363.94647
G0 F9000 X88.719 Y122.846
G1 F1500 X99.407 Y112.159 E3364.44918
G0 F9000 X99.972 Y112.159
G1 F1500 X89.292 Y122.84 E3364.95156
G0 F9000 X89.857 Y122.84
G1 F1500 X100.538 Y112.159 E3365.45396
G0 F9000 X101.104 Y112.159
G1 F1500 X90.423 Y122.84 E3365.95636
G0 F9000 X90.989 Y122.84
G1 F1500 X101.669 Y112.159 E3366.45874
G0 F9000 X102.235 Y112.159
G1 F1500 X91.554 Y122.84 E3366.96114
G0 F9000 X92.12 Y122.84
G1 F1500 X102.801 Y112.159 E3367.46354
G0 F9000 X103.366 Y112.159
G1 F1500 X92.686 Y122.84 E3367.96592
G0 F9000 X93.251 Y122.84
G1 F1500 X103.932 Y112.159 E3368.46832
G0 F9000 X104.498 Y112.159
G1 F1500 X93.817 Y122.84 E3368.97072
G0 F9000 X94.383 Y122.84
G1 F1500 X105.064 Y112.159 E3369.47312
G0 F9000 X105.629 Y112.159
G1 F1500 X94.948 Y122.84 E3369.97553
G0 F9000 X95.514 Y122.84
G1 F1500 X106.195 Y112.159 E3370.47793
G0 F9000 X106.761 Y112.159
G1 F1500 X96.08 Y122.84 E3370.98033
G0 F9000 X96.645 Y122.84
G1 F1500 X107.326 Y112.159 E3371.48273
G0 F9000 X107.892 Y112.159
G1 F1500 X97.211 Y122.84 E3371.98513
G0 F9000 X97.777 Y122.84
G1 F1500 X108.458 Y112.159 E3372.48753
G0 F9000 X109.023 Y112.159
G1 F1500 X98.342 Y122.84 E3372.98993
G0 F9000 X98.908 Y122.84
G1 F1500 X109.589 Y112.159 E3373.49234
G0 F9000 X110.155 Y112.159
G1 F1500 X99.474 Y122.84 E3373.99474
G0 F9000 X100.04 Y122.84
G1 F1500 X110.72 Y112.159 E3374.49712
G0 F9000 X111.286 Y112.159
G1 F1500 X100.605 Y122.84 E3374.99952
G0 F9000 X101.171 Y122.84
G1 F1500 X111.852 Y112.159 E3375.50192
G0 F9000 X112.417 Y112.159
G1 F1500 X101.737 Y122.84 E3376.0043
G0 F9000 X102.302 Y122.84
G1 F1500 X112.983 Y112.159 E3376.5067
G0 F9000 X113.549 Y112.159
G1 F1500 X102.868 Y122.84 E3377.0091
G0 F9000 X103.434 Y122.84
G1 F1500 X114.115 Y112.159 E3377.5115
G0 F9000 X114.68 Y112.159
G1 F1500 X103.999 Y122.84 E3378.0139
G0 F9000 X104.565 Y122.84
G1 F1500 X115.246 Y112.159 E3378.5163
G0 F9000 X115.812 Y112.159
G1 F1500 X105.131 Y122.84 E3379.01871
G0 F9000 X105.696 Y122.84
G1 F1500 X116.377 Y112.159 E3379.52111
G0 F9000 X116.943 Y112.159
G1 F1500 X106.262 Y122.84 E3380.02351
G0 F9000 X106.828 Y122.84
G1 F1500 X117.508 Y112.159 E3380.52589
G0 F9000 X118.074 Y112.159
G1 F1500 X107.393 Y122.84 E3381.02829
G0 F9000 X107.959 Y122.84
G1 F1500 X118.639 Y112.159 E3381.53067
G0 F9000 X119.205 Y112.159
G1 F1500 X108.525 Y122.84 E3382.03304
G0 F9000 X109.091 Y122.84
G1 F1500 X119.771 Y112.159 E3382.53542
G0 F9000 X120.336 Y112.159
G1 F1500 X109.656 Y122.84 E3383.0378
G0 F9000 X110.222 Y122.84
G1 F1500 X120.902 Y112.159 E3383.54018
G0 F9000 X121.468 Y112.159
G1 F1500 X110.788 Y122.84 E3384.04256
G0 F9000 X111.353 Y122.84
G1 F1500 X122.033 Y112.159 E3384.54493
G0 F9000 X122.599 Y112.159
G1 F1500 X111.919 Y122.84 E3385.04731
G0 F9000 X112.485 Y122.84
G1 F1500 X123.165 Y112.159 E3385.54969
G0 F9000 X123.73 Y112.159
G1 F1500 X113.05 Y122.84 E3386.05207
G0 F9000 X113.616 Y122.84
G1 F1500 X124.296 Y112.159 E3386.55445
G0 F9000 X124.862 Y112.159
G1 F1500 X114.182 Y122.84 E3387.05682
G0 F9000 X114.747 Y122.84
G1 F1500 X125.428 Y112.159 E3387.55923
G0 F9000 X125.993 Y112.159
G1 F1500 X115.313 Y122.84 E3388.0616
G0 F9000 X115.879 Y122.84
G1 F1500 X126.559 Y112.159 E3388.56398
G0 F9000 X127.125 Y112.159
G1 F1500 X116.444 Y122.84 E3389.06638
G0 F9000 X117.01 Y122.84
G1 F1500 X127.69 Y112.159 E3389.56876
G0 F9000 X128.256 Y112.159
G1 F1500 X117.576 Y122.84 E3390.07114
G0 F9000 X118.141 Y122.84
G1 F1500 X128.822 Y112.159 E3390.57354
G0 F9000 X129.387 Y112.159
G1 F1500 X118.707 Y122.84 E3391.07592
G0 F9000 X119.273 Y122.84
G1 F1500 X129.953 Y112.159 E3391.5783
G0 F9000 X130.519 Y112.159
G1 F1500 X119.839 Y122.84 E3392.08067
G0 F9000 X120.404 Y122.84
G1 F1500 X131.084 Y112.159 E3392.58305
G0 F9000 X131.65 Y112.159
G1 F1500 X120.97 Y122.84 E3393.08543
G0 F9000 X121.536 Y122.84
G1 F1500 X132.216 Y112.159 E3393.58781
G0 F9000 X132.781 Y112.159
G1 F1500 X122.101 Y122.84 E3394.09019
G0 F9000 X122.667 Y122.84
G1 F1500 X133.347 Y112.159 E3394.59256
G0 F9000 X133.913 Y112.159
G1 F1500 X123.233 Y122.84 E3395.09494
G0 F9000 X123.798 Y122.84
G1 F1500 X134.478 Y112.159 E3395.59732
G0 F9000 X135.044 Y112.159
G1 F1500 X124.364 Y122.84 E3396.0997
G0 F9000 X124.93 Y122.84
G1 F1500 X135.61 Y112.159 E3396.60208
G0 F9000 X136.176 Y112.159
G1 F1500 X125.495 Y122.84 E3397.10448
G0 F9000 X126.061 Y122.84
G1 F1500 X136.741 Y112.159 E3397.60686
G0 F9000 X137.307 Y112.159
G1 F1500 X126.627 Y122.84 E3398.10923
G0 F9000 X127.192 Y122.84
G1 F1500 X137.873 Y112.159 E3398.61163
G0 F9000 X138.438 Y112.159
G1 F1500 X127.758 Y122.84 E3399.11401
G0 F9000 X128.324 Y122.84
G1 F1500 X139.004 Y112.159 E3399.61639
G0 F9000 X139.57 Y112.159
G1 F1500 X128.89 Y122.84 E3400.11877
G0 F9000 X129.455 Y122.84
G1 F1500 X140.135 Y112.159 E3400.62115
G0 F9000 X140.701 Y112.159
G1 F1500 X130.021 Y122.84 E3401.12352
G0 F9000 X130.587 Y122.84
G1 F1500 X141.267 Y112.159 E3401.6259
G0 F9000 X141.832 Y112.159
G1 F1500 X131.152 Y122.84 E3402.12828
G0 F9000 X131.718 Y122.84
G1 F1500 X142.398 Y112.159 E3402.63066
G0 F9000 X142.964 Y112.159
G1 F1500 X132.284 Y122.84 E3403.13304
G0 F9000 X132.849 Y122.84
G1 F1500 X143.529 Y112.159 E3403.63541
G0 F9000 X144.095 Y112.159
G1 F1500 X133.415 Y122.84 E3404.13779
G0 F9000 X133.981 Y122.84
G1 F1500 X144.661 Y112.159 E3404.64017
G0 F9000 X145.227 Y112.159
G1 F1500 X134.546 Y122.84 E3405.14257
G0 F9000 X135.112 Y122.84
G1 F1500 X145.792 Y112.159 E3405.64495
G0 F9000 X146.366 Y112.151
G1 F1500 X135.678 Y122.84 E3406.1477
G0 F9000 X136.243 Y122.84
G1 F1500 X146.947 Y112.136 E3406.65119
G0 F9000 X147.527 Y112.121
G1 F1500 X136.809 Y122.84 E3407.15535
G0 F9000 X137.375 Y122.84
G1 F1500 X148.109 Y112.106 E3407.66025
G0 F9000 X148.689 Y112.091
G1 F1500 X137.94 Y122.84 E3408.16585
G0 F9000 X138.506 Y122.84
G1 F1500 X149.27 Y112.076 E3408.67215
G0 F9000 X149.851 Y112.06
G1 F1500 X139.072 Y122.84 E3409.17919
G0 F9000 X139.638 Y122.84
G1 F1500 X150.432 Y112.046 E3409.6869
G0 F9000 X151.012 Y112.031
G1 F1500 X140.203 Y122.84 E3410.19533
G0 F9000 X140.769 Y122.84
G1 F1500 X151.593 Y112.016 E3410.70445
G0 F9000 X152.174 Y112
G1 F1500 X141.335 Y122.84 E3411.21431
G0 F9000 X141.9 Y122.84
G1 F1500 X152.754 Y111.985 E3411.72487
G0 F9000 X153.335 Y111.971
G1 F1500 X142.466 Y122.84 E3412.23612
G0 F9000 X143.032 Y122.84
G1 F1500 X153.947 Y111.924 E3412.74955
G0 F9000 X154.561 Y111.876
G1 F1500 X143.597 Y122.84 E3413.26526
G0 F9000 X144.163 Y122.84
G1 F1500 X155.174 Y111.828 E3413.78321
G0 F9000 X155.787 Y111.781
G1 F1500 X144.729 Y122.84 E3414.30337
G0 F9000 X145.294 Y122.84
G1 F1500 X156.4 Y111.734 E3414.82576
G0 F9000 X157.013 Y111.686
G1 F1500 X145.86 Y122.84 E3415.35039
G0 F9000 X146.415 Y122.85
G1 F1500 X157.626 Y111.639 E3415.87772
G0 F9000 X158.24 Y111.591
G1 F1500 X146.967 Y122.864 E3416.40796
G0 F9000 X147.518 Y122.878
G1 F1500 X158.853 Y111.543 E3416.94113
G0 F9000 X159.466 Y111.496
G1 F1500 X148.07 Y122.893 E3417.47718
G0 F9000 X148.621 Y122.907
G1 F1500 X160.079 Y111.449 E3418.01613
G0 F9000 X160.693 Y111.401
G1 F1500 X149.173 Y122.921 E3418.558
G0 F9000 X149.724 Y122.935
G1 F1500 X161.343 Y111.316 E3419.10452
G0 F9000 X161.993 Y111.232
G1 F1500 X150.276 Y122.949 E3419.65565
G0 F9000 X150.827 Y122.963
G1 F1500 X162.643 Y111.148 E3420.21142
G0 F9000 X163.292 Y111.064
G1 F1500 X151.379 Y122.977 E3420.77177
G0 F9000 X151.93 Y122.992
G1 F1500 X163.942 Y110.98 E3421.33678
G0 F9000 X164.592 Y110.896
G1 F1500 X152.481 Y123.006 E3421.90642
G0 F9000 X153.033 Y123.021
G1 F1500 X165.242 Y110.812 E3422.48069
G0 F9000 X165.892 Y110.727
G1 F1500 X153.575 Y123.045 E3423.06007
G0 F9000 X154.1 Y123.085
G1 F1500 X166.542 Y110.643 E3423.6453
G0 F9000 X167.191 Y110.559
G1 F1500 X154.625 Y123.126 E3424.23639
G0 F9000 X155.149 Y123.167
G1 F1500 X167.841 Y110.475 E3424.83338
G0 F9000 X168.521 Y110.361
G1 F1500 X155.675 Y123.207 E3425.43762
G0 F9000 X156.199 Y123.248
G1 F1500 X169.213 Y110.235 E3426.04974
G0 F9000 X169.905 Y110.109
G1 F1500 X156.724 Y123.289 E3426.66971
G0 F9000 X157.249 Y123.33
G1 F1500 X170.597 Y109.982 E3427.29756
G0 F9000 X171.288 Y109.856
G1 F1500 X157.774 Y123.371 E3427.93324
G0 F9000 X158.299 Y123.412
G1 F1500 X171.981 Y109.73 E3428.5768
G0 F9000 X172.672 Y109.604
G1 F1500 X158.823 Y123.453 E3429.22821
G0 F9000 X159.348 Y123.494
G1 F1500 X173.364 Y109.477 E3429.8875
G0 F9000 X174.057 Y109.351
G1 F1500 X159.874 Y123.534 E3430.55463
G0 F9000 X160.398 Y123.575
G1 F1500 X174.748 Y109.225 E3431.22961
G0 F9000 X175.38 Y109.159
G1 F1500 X160.914 Y123.625 E3431.91004
G0 F9000 X161.414 Y123.69
G1 F1500 X175.945 Y109.159 E3432.59354
G0 F9000 X176.511 Y109.159
G1 F1500 X161.916 Y123.755 E3433.28007
G0 F9000 X162.416 Y123.82
G1 F1500 X177.077 Y109.159 E3433.96967
G0 F9000 X177.642 Y109.159
G1 F1500 X162.917 Y123.885 E3434.66232
G0 F9000 X163.418 Y123.95
G1 F1500 X178.208 Y109.159 E3435.35802
G0 F9000 X178.774 Y109.159
G1 F1500 X163.918 Y124.015 E3436.0568
G0 F9000 X164.42 Y124.079
G1 F1500 X179.339 Y109.159 E3436.75856
G0 F9000 X179.905 Y109.159
G1 F1500 X164.92 Y124.144 E3437.46341
G0 F9000 X165.421 Y124.209
G1 F1500 X180.471 Y109.159 E3438.17132
G0 F9000 X181.037 Y109.159
G1 F1500 X165.921 Y124.274 E3438.88231
G0 F9000 X166.423 Y124.339
G1 F1500 X181.602 Y109.159 E3439.5963
G0 F9000 X182.168 Y109.159
G1 F1500 X166.923 Y124.404 E3440.31338
G0 F9000 X167.424 Y124.469
G1 F1500 X182.734 Y109.159 E3441.03352
G0 F9000 X183.299 Y109.159
G1 F1500 X167.925 Y124.534 E3441.75669
G0 F9000 X168.407 Y124.617
G1 F1500 X183.865 Y109.159 E3442.48378
G0 F9000 X184.431 Y109.159
G1 F1500 X168.885 Y124.705 E3443.21502
G0 F9000 X169.364 Y124.792
G1 F1500 X184.996 Y109.159 E3443.95032
G0 F9000 X185.562 Y109.159
G1 F1500 X169.842 Y124.879 E3444.68974
G0 F9000 X170.32 Y124.966
G1 F1500 X186.128 Y109.159 E3445.43328
G0 F9000 X186.693 Y109.159
G1 F1500 X170.799 Y125.053 E3446.18089
G0 F9000 X171.278 Y125.14
G1 F1500 X187.259 Y109.159 E3446.93258
G0 F9000 X187.825 Y109.159
G1 F1500 X171.756 Y125.228 E3447.68842
G0 F9000 X172.234 Y125.315
G1 F1500 X188.39 Y109.159 E3448.44835
G0 F9000 X188.956 Y109.159
G1 F1500 X172.712 Y125.403 E3449.21242
G0 F9000 X173.191 Y125.49
G1 F1500 X189.522 Y109.159 E3449.98058
G0 F9000 X190.087 Y109.159
G1 F1500 X173.67 Y125.577 E3450.75281
G0 F9000 X174.148 Y125.664
G1 F1500 X190.653 Y109.159 E3451.52915
G0 F9000 X191.219 Y109.159
G1 F1500 X174.627 Y125.751 E3452.30959
G0 F9000 X175.105 Y125.839
G1 F1500 X191.785 Y109.159 E3453.09416
G0 F9000 X192.35 Y109.159
G1 F1500 X175.67 Y125.84 E3453.87876
G0 F9000 X176.235 Y125.84
G1 F1500 X192.916 Y109.159 E3454.66339
G0 F9000 X193.482 Y109.159
G1 F1500 X176.801 Y125.84 E3455.44801
G0 F9000 X177.367 Y125.84
G1 F1500 X194.047 Y109.159 E3456.23261
G0 F9000 X194.613 Y109.159
G1 F1500 X177.932 Y125.84 E3457.01723
G0 F9000 X178.498 Y125.84
G1 F1500 X195.179 Y109.159 E3457.80185
G0 F9000 X195.744 Y109.159
G1 F1500 X179.064 Y125.84 E3458.58645
G0 F9000 X179.629 Y125.84
G1 F1500 X196.31 Y109.159 E3459.37108
G0 F9000 X196.876 Y109.159
G1 F1500 X180.195 Y125.84 E3460.1557
G0 F9000 X180.761 Y125.84
G1 F1500 X197.441 Y109.159 E3460.9403
G0 F9000 X198.007 Y109.159
G1 F1500 X181.326 Y125.84 E3461.72492
G0 F9000 X181.892 Y125.84
G1 F1500 X198.573 Y109.159 E3462.50955
G0 F9000 X198.839 Y109.459
G1 F1500 X182.458 Y125.84 E3463.28006
G0 F9000 X183.023 Y125.84
G1 F1500 X198.839 Y110.025 E3464.02397
G0 F9000 X198.839 Y110.59
G1 F1500 X183.589 Y125.84 E3464.74128
G0 F9000 X184.155 Y125.84
G1 F1500 X198.839 Y111.156 E3465.43197
G0 F9000 X198.839 Y111.722
G1 F1500 X184.721 Y125.84 E3466.09604
G0 F9000 X185.286 Y125.84
G1 F1500 X198.839 Y112.287 E3466.73353
G0 F9000 X198.839 Y112.853
G1 F1500 X185.852 Y125.84 E3467.3444
G0 F9000 X186.418 Y125.84
G1 F1500 X198.839 Y113.419 E3467.92865
G0 F9000 X198.839 Y113.984
G1 F1500 X186.983 Y125.84 E3468.48632
G0 F9000 X187.549 Y125.84
G1 F1500 X198.839 Y114.55 E3469.01736
G0 F9000 X198.839 Y115.116
G1 F1500 X188.115 Y125.84 E3469.52179
G0 F9000 X188.68 Y125.84
G1 F1500 X198.839 Y115.681 E3469.99964
G0 F9000 X198.839 Y116.247
G1 F1500 X189.246 Y125.84 E3470.45086
G0 F9000 X189.812 Y125.84
G1 F1500 X198.839 Y116.813 E3470.87546
G0 F9000 X198.839 Y117.379
G1 F1500 X190.377 Y125.84 E3471.27347
G0 F9000 X190.943 Y125.84
G1 F1500 X198.839 Y117.944 E3471.64487
G0 F9000 X198.839 Y118.51
G1 F1500 X191.509 Y125.84 E3471.98965
G0 F9000 X192.074 Y125.84
G1 F1500 X198.839 Y119.076 E3472.30783
G0 F9000 X198.839 Y119.641
G1 F1500 X192.64 Y125.84 E3472.59942
G0 F9000 X193.206 Y125.84
G1 F1500 X198.839 Y120.207 E3472.86437
G0 F9000 X198.839 Y120.773
G1 F1500 X193.772 Y125.84 E3473.10271
G0 F9000 X194.337 Y125.84
G1 F1500 X198.839 Y121.338 E3473.31447
G0 F9000 X198.839 Y121.904
G1 F1500 X194.903 Y125.84 E3473.49961
G0 F9000 X195.469 Y125.84
G1 F1500 X198.839 Y122.47 E3473.65812
G0 F9000 X198.839 Y123.035
G1 F1500 X196.034 Y125.84 E3473.79006
G0 F9000 X196.6 Y125.84
G1 F1500 X198.839 Y123.601 E3473.89538
G0 F9000 X198.839 Y124.167
G1 F1500 X197.166 Y125.84 E3473.97407
G0 F9000 X197.731 Y125.84
G1 F1500 X198.839 Y124.732 E3474.02619
G0 F9000 X198.839 Y125.298
G1 F1500 X198.297 Y125.84 E3474.05168
G1 F2700 E3469.05168
;MESH:NONMESH
G0 F300 X198.297 Y125.84 Z3.4
G0 F9000 X198.297 Y126.3
G0 X199.228 Y126.228
G0 X199.228 Y108.772 ;T9.452 R8.000 A1.570 C-421.702048 FILLET CORNER
G0 X175.07 Y108.761 ;T-78.987 R8.000 A0.155 C-54.417653000000406 FILLET CORNER
G0 X160.635 Y111.007 ;T-140.801 R8.000 A0.103 C12.444365000000179 FILLET CORNER
G0 X152.35 Y111.434 ;T-330.050 R8.000 A0.047 C24.847321999999558 FILLET CORNER
G0 X88.979 Y111.701
G1 F2700 E3474.05168
G0 F9000 X88.983 Y111.6
;TIME_ELAPSED:4784.931591
;LAYER:16
;TYPE:WALL-INNER
;MESH:D638-22 Type I Tensile Specimen.STL
G1 F1500 X146.015 Y111.6 E3475.94857
G1 X153.343 Y111.411 E3476.19238
G1 X160.654 Y110.844 E3476.43628
G1 X167.894 Y109.906 E3476.67909
G1 X175.055 Y108.6 E3476.9212
G1 X199.4 Y108.6 E3477.73092 ;T16.345 R8.000 A1.571 C216.67050000000012 FILLET CORNER
G1 X199.4 Y117.5 E3478.02693
G1 X199.4 Y126.4 E3478.32295 ;T0.900 R8.000 A1.571 C216.6527000000003 FILLET CORNER
G1 X175.057 Y126.4 E3479.1326
G1 X167.896 Y125.094 E3479.3747
G1 X160.654 Y124.156 E3479.61759
G1 X153.345 Y123.589 E3479.86141
G1 X146.017 Y123.4 E3480.10523
G1 X88.985 Y123.4 E3482.00212
G1 X81.657 Y123.589 E3482.24593
G1 X74.346 Y124.156 E3482.48982
G1 X67.106 Y125.094 E3482.73264
G1 X59.945 Y126.4 E3482.97474
G1 X35.6 Y126.4 E3483.78446 ;T16.345 R8.000 A1.571 C433.34100000000024 FILLET CORNER
G1 X35.6 Y108.6 E3484.37649 ;T9.800 R8.000 A1.571 C433.3054000000002 FILLET CORNER
G1 X59.943 Y108.6 E3485.18614
G1 X67.104 Y109.906 E3485.42825
G1 X74.346 Y110.844 E3485.67113
G1 X81.655 Y111.411 E3485.91496
G1 X88.983 Y111.6 E3486.15877
G1 F2700 E3481.15877
G0 F9000 X88.979 Y111.701
G0 X74.325 Y111.003 ;T-134.873 R8.000 A0.107 C22.805162000000145 FILLET CORNER
G0 X59.928 Y108.761 ;T-88.488 R8.000 A0.155 C-54.31611900000024 FILLET CORNER
G0 X35.772 Y108.772 ;T16.152 R8.000 A1.570 C-421.6671359999997 FILLET CORNER
G0 X35.772 Y126.228 ;T9.452 R8.000 A1.570 C-421.70204799999976 FILLET CORNER
G0 X59.93 Y126.239 ;T-78.973 R8.000 A0.155 C-54.41763100000037 FILLET CORNER
G0 X74.363 Y123.993 ;T-117.723 R8.000 A0.121 C25.76019000000028 FILLET CORNER
G0 X88.994 Y123.501
G1 F2700 E3486.15877
G0 F9000 X88.995 Y123.8
;TYPE:WALL-OUTER
G1 F1500 X146.007 Y123.8 E3488.055
G1 X153.314 Y123.988 E3488.29811
G1 X160.602 Y124.553 E3488.54124
G1 X167.854 Y125.493 E3488.78446
G1 X175.021 Y126.8 E3489.02676
G1 X199.8 Y126.8 E3489.85092 ;T16.779 R8.000 A1.571 C-230.44470000000015 FILLET CORNER
G1 X199.8 Y117.5 E3490.16024
G1 X199.8 Y108.2 E3490.46956 ;T1.300 R8.000 A1.571 C-230.46329999999998 FILLET CORNER
G1 X175.019 Y108.2 E3491.29377
G1 X167.842 Y109.509 E3491.53642
G1 X160.592 Y110.448 E3491.77957
G1 X153.302 Y111.012 E3492.02276
G1 X146.005 Y111.2 E3492.26554
G1 X88.993 Y111.2 E3494.16177
G1 X81.686 Y111.012 E3494.40488
G1 X74.398 Y110.447 E3494.64801
G1 X67.146 Y109.507 E3494.89123
G1 X59.979 Y108.2 E3495.13353
G1 X35.2 Y108.2 E3495.95769 ;T16.779 R8.000 A1.571 C-460.8893999999998 FILLET CORNER
G1 X35.2 Y126.8 E3496.57633 ;T10.600 R8.000 A1.571 C-460.92659999999984 FILLET CORNER
G1 X59.981 Y126.8 E3497.40055
G1 X67.158 Y125.491 E3497.64319
G1 X74.408 Y124.552 E3497.88634
G1 X81.698 Y123.988 E3498.12953
G1 X88.995 Y123.8 E3498.37231
G0 F9000 X88.977 Y123.04
;TYPE:SKIN
G1 F1500 X146.027 Y123.04 E3500.2698
G1 X153.372 Y123.23 E3500.51418
G1 X160.7 Y123.799 E3500.75864
G1 X167.99 Y124.744 E3501.00314
G1 X175.092 Y126.04 E3501.24325
G1 X199.04 Y126.04 E3502.03977 ;T15.948 R8.000 A1.571 C-204.51591999999997 FILLET CORNER
G1 X199.04 Y117.5 E3502.32381
G1 X199.04 Y108.96 E3502.60785 ;T0.540 R8.000 A1.571 C-204.54154000000008 FILLET CORNER
G1 X175.089 Y108.96 E3503.40446
G1 X167.981 Y110.257 E3503.64478
G1 X160.651 Y111.206 E3503.89061
G1 X153.321 Y111.772 E3504.13513
G1 X146.024 Y111.96 E3504.37791
G1 X88.975 Y111.96 E3506.27537
G1 X81.629 Y111.77 E3506.51978
G1 X74.335 Y111.205 E3506.76311
G1 X67.01 Y110.256 E3507.00877
G1 X59.908 Y108.96 E3507.24889
G1 X35.96 Y108.96 E3508.0454 ;T15.948 R8.000 A1.571 C-409.03184000000033 FILLET CORNER
G1 X35.96 Y126.04 E3508.61349 ;T9.080 R8.000 A1.571 C-409.08308000000034 FILLET CORNER
G1 X59.911 Y126.04 E3509.4101
G1 X67.023 Y124.742 E3509.65055
G1 X74.347 Y123.794 E3509.89618
G1 X81.64 Y123.23 E3510.13947
G1 X88.977 Y123.04 E3510.38358
G1 F2700 E3505.38358
G0 F9000 X88.98 Y123.3
G0 X69.807 Y124.562 ;T-136.811 R8.000 A0.102 C-19.688347000000128 FILLET CORNER
G0 X59.93 Y126.239 ;T-86.388 R8.000 A0.166 C38.75501600000023 FILLET CORNER
G0 X36.461 Y126.3
G1 F2700 E3510.38358
G0 F9000 X36.461 Y125.839
G1 F1500 X36.16 Y125.538 E3510.39774
G0 F9000 X36.16 Y124.972
G1 F1500 X37.026 Y125.839 E3510.4385
G0 F9000 X37.592 Y125.839
G1 F1500 X36.16 Y124.406 E3510.50588
G0 F9000 X36.16 Y123.841
G1 F1500 X38.158 Y125.839 E3510.59986
G0 F9000 X38.723 Y125.839
G1 F1500 X36.16 Y123.275 E3510.72044
G0 F9000 X36.16 Y122.709
G1 F1500 X39.289 Y125.839 E3510.86764
G0 F9000 X39.855 Y125.839
G1 F1500 X36.16 Y122.144 E3511.04144
G0 F9000 X36.16 Y121.578
G1 F1500 X40.421 Y125.839 E3511.24187
G0 F9000 X40.986 Y125.839
G1 F1500 X36.16 Y121.012 E3511.46889
G0 F9000 X36.16 Y120.447
G1 F1500 X41.552 Y125.839 E3511.72251
G0 F9000 X42.118 Y125.839
G1 F1500 X36.16 Y119.881 E3512.00276
G0 F9000 X36.16 Y119.315
G1 F1500 X42.683 Y125.839 E3512.30961
G0 F9000 X43.249 Y125.839
G1 F1500 X36.16 Y118.75 E3512.64305
G0 F9000 X36.16 Y118.184
G1 F1500 X43.815 Y125.839 E3513.00312
G0 F9000 X44.38 Y125.839
G1 F1500 X36.16 Y117.618 E3513.38979
G0 F9000 X36.16 Y117.053
G1 F1500 X44.946 Y125.839 E3513.80305
G0 F9000 X45.512 Y125.839
G1 F1500 X36.16 Y116.487 E3514.24294
G0 F9000 X36.16 Y115.921
G1 F1500 X46.077 Y125.839 E3514.70943
G0 F9000 X46.643 Y125.839
G1 F1500 X36.16 Y115.355 E3515.20254
G0 F9000 X36.16 Y114.79
G1 F1500 X47.209 Y125.839 E3515.72225
G0 F9000 X47.774 Y125.839
G1 F1500 X36.16 Y114.224 E3516.26856
G0 F9000 X36.16 Y113.658
G1 F1500 X48.34 Y125.839 E3516.8415
G0 F9000 X48.906 Y125.839
G1 F1500 X36.16 Y113.093 E3517.44103
G0 F9000 X36.16 Y112.527
G1 F1500 X49.472 Y125.839 E3518.06718
G0 F9000 X50.037 Y125.839
G1 F1500 X36.16 Y111.961 E3518.71994
G0 F9000 X36.16 Y111.396
G1 F1500 X50.603 Y125.839 E3519.39929
G0 F9000 X51.169 Y125.839
G1 F1500 X36.16 Y110.83 E3520.10527
G0 F9000 X36.16 Y110.264
G1 F1500 X51.734 Y125.839 E3520.83785
G0 F9000 X52.3 Y125.839
G1 F1500 X36.16 Y109.699 E3521.59702
G0 F9000 X36.186 Y109.159
G1 F1500 X52.866 Y125.839 E3522.3816
G0 F9000 X53.431 Y125.839
G1 F1500 X36.751 Y109.159 E3523.16618
G0 F9000 X37.317 Y109.159
G1 F1500 X53.997 Y125.839 E3523.95075
G0 F9000 X54.563 Y125.839
G1 F1500 X37.883 Y109.159 E3524.73533
G0 F9000 X38.448 Y109.159
G1 F1500 X55.128 Y125.839 E3525.5199
G0 F9000 X55.694 Y125.839
G1 F1500 X39.014 Y109.159 E3526.30448
G0 F9000 X39.58 Y109.159
G1 F1500 X56.26 Y125.839 E3527.08906
G0 F9000 X56.825 Y125.839
G1 F1500 X40.145 Y109.159 E3527.87363
G0 F9000 X40.711 Y109.159
G1 F1500 X57.391 Y125.839 E3528.65821
G0 F9000 X57.957 Y125.839
G1 F1500 X41.277 Y109.159 E3529.44279
G0 F9000 X41.843 Y109.159
G1 F1500 X58.522 Y125.839 E3530.22734
G0 F9000 X59.088 Y125.839
G1 F1500 X42.408 Y109.159 E3531.01191
G0 F9000 X42.974 Y109.159
G1 F1500 X59.654 Y125.839 E3531.79649
G0 F9000 X60.169 Y125.788
G1 F1500 X43.54 Y109.159 E3532.57867
G0 F9000 X44.105 Y109.159
G1 F1500 X60.647 Y125.701 E3533.35675
G0 F9000 X61.125 Y125.613
G1 F1500 X44.671 Y109.159 E3534.1307
G0 F9000 X45.237 Y109.159
G1 F1500 X61.604 Y125.527 E3534.90057
G0 F9000 X62.082 Y125.439
G1 F1500 X45.802 Y109.159 E3535.66634
G0 F9000 X46.368 Y109.159
G1 F1500 X62.561 Y125.352 E3536.428
G0 F9000 X63.039 Y125.264
G1 F1500 X46.934 Y109.159 E3537.18553
G0 F9000 X47.499 Y109.159
G1 F1500 X63.517 Y125.177 E3537.93897
G0 F9000 X63.995 Y125.09
G1 F1500 X48.065 Y109.159 E3538.68829
G0 F9000 X48.631 Y109.159
G1 F1500 X64.474 Y125.003 E3539.43352
G0 F9000 X64.952 Y124.915
G1 F1500 X49.196 Y109.159 E3540.17464
G0 F9000 X49.762 Y109.159
G1 F1500 X65.43 Y124.827 E3540.91161
G0 F9000 X65.909 Y124.74
G1 F1500 X50.328 Y109.159 E3541.6445
G0 F9000 X50.894 Y109.159
G1 F1500 X66.387 Y124.653 E3542.37326
G0 F9000 X66.866 Y124.566
G1 F1500 X51.459 Y109.159 E3543.09796
G0 F9000 X52.025 Y109.159
G1 F1500 X67.361 Y124.496 E3543.81934
G0 F9000 X67.862 Y124.43
G1 F1500 X52.591 Y109.159 E3544.53764
G0 F9000 X53.156 Y109.159
G1 F1500 X68.363 Y124.365 E3545.25291
G0 F9000 X68.863 Y124.3
G1 F1500 X53.722 Y109.159 E3545.9651
G0 F9000 X54.288 Y109.159
G1 F1500 X69.365 Y124.236 E3546.67427
G0 F9000 X69.865 Y124.171
G1 F1500 X54.853 Y109.159 E3547.38039
G0 F9000 X55.419 Y109.159
G1 F1500 X70.366 Y124.106 E3548.08345
G0 F9000 X70.866 Y124.041
G1 F1500 X55.985 Y109.159 E3548.78343
G0 F9000 X56.55 Y109.159
G1 F1500 X71.367 Y123.976 E3549.48038
G0 F9000 X71.868 Y123.911
G1 F1500 X57.116 Y109.159 E3550.17427
G0 F9000 X57.682 Y109.159
G1 F1500 X72.369 Y123.846 E3550.8651
G0 F9000 X72.87 Y123.781
G1 F1500 X58.247 Y109.159 E3551.5529
G0 F9000 X58.813 Y109.159
G1 F1500 X73.37 Y123.716 E3552.23761
G0 F9000 X73.871 Y123.651
G1 F1500 X59.379 Y109.159 E3552.91927
G0 F9000 X59.957 Y109.172
G1 F1500 X74.375 Y123.59 E3553.59745
G0 F9000 X74.9 Y123.549
G1 F1500 X60.649 Y109.298 E3554.26777
G0 F9000 X61.341 Y109.424
G1 F1500 X75.425 Y123.508 E3554.93024
G0 F9000 X75.951 Y123.468
G1 F1500 X62.033 Y109.55 E3555.5849
G0 F9000 X62.725 Y109.677
G1 F1500 X76.475 Y123.427 E3556.23166
G0 F9000 X77.001 Y123.387
G1 F1500 X63.417 Y109.803 E3556.87061
G0 F9000 X64.109 Y109.929
G1 F1500 X77.525 Y123.346 E3557.50168
G0 F9000 X78.051 Y123.305
G1 F1500 X64.801 Y110.056 E3558.1249
G0 F9000 X65.492 Y110.182
G1 F1500 X78.575 Y123.264 E3558.74026
G0 F9000 X79.101 Y123.224
G1 F1500 X66.185 Y110.308 E3559.34779
G0 F9000 X66.876 Y110.434
G1 F1500 X79.625 Y123.183 E3559.94746
G0 F9000 X80.151 Y123.143
G1 F1500 X67.533 Y110.525 E3560.54097
G0 F9000 X68.183 Y110.609
G1 F1500 X80.675 Y123.102 E3561.12858
G0 F9000 X81.201 Y123.062
G1 F1500 X68.833 Y110.694 E3561.71033
G0 F9000 X69.482 Y110.777
G1 F1500 X81.731 Y123.026 E3562.28649
G0 F9000 X82.283 Y123.012
G1 F1500 X70.132 Y110.861 E3562.85803
G0 F9000 X70.782 Y110.945
G1 F1500 X82.834 Y122.998 E3563.42495
G0 F9000 X83.385 Y122.983
G1 F1500 X71.431 Y111.029 E3563.98723
G0 F9000 X72.081 Y111.114
G1 F1500 X83.937 Y122.969 E3564.54487
G0 F9000 X84.488 Y122.955
G1 F1500 X72.73 Y111.197 E3565.09793
G0 F9000 X73.38 Y111.281
G1 F1500 X85.04 Y122.941 E3565.64638
G0 F9000 X85.591 Y122.926
G1 F1500 X74.03 Y111.365 E3566.19018
G0 F9000 X74.66 Y111.43
G1 F1500 X86.142 Y122.912 E3566.73026
G0 F9000 X86.694 Y122.897
G1 F1500 X75.273 Y111.477 E3567.26744
G0 F9000 X75.886 Y111.524
G1 F1500 X87.245 Y122.883 E3567.80173
G0 F9000 X87.797 Y122.869
G1 F1500 X76.499 Y111.572 E3568.33313
G0 F9000 X77.112 Y111.619
G1 F1500 X88.348 Y122.854 E3568.86162
G0 F9000 X88.899 Y122.84
G1 F1500 X77.725 Y111.667 E3569.38718
G0 F9000 X78.338 Y111.714
G1 F1500 X89.463 Y122.839 E3569.91047
G0 F9000 X90.029 Y122.839
G1 F1500 X78.952 Y111.761 E3570.43152
G0 F9000 X79.565 Y111.809
G1 F1500 X90.595 Y122.839 E3570.95034
G0 F9000 X91.16 Y122.839
G1 F1500 X80.178 Y111.856 E3571.46692
G0 F9000 X80.791 Y111.903
G1 F1500 X91.726 Y122.839 E3571.98129
G0 F9000 X92.292 Y122.839
G1 F1500 X81.404 Y111.951 E3572.49343
G0 F9000 X81.997 Y111.978
G1 F1500 X92.857 Y122.839 E3573.00428
G0 F9000 X93.423 Y122.839
G1 F1500 X82.578 Y111.993 E3573.51442
G0 F9000 X83.158 Y112.008
G1 F1500 X93.989 Y122.839 E3574.02387
G0 F9000 X94.555 Y122.839
G1 F1500 X83.739 Y112.024 E3574.5326
G0 F9000 X84.32 Y112.038
G1 F1500 X95.12 Y122.839 E3575.04062
G0 F9000 X95.686 Y122.839
G1 F1500 X84.9 Y112.053 E3575.54796
G0 F9000 X85.482 Y112.069
G1 F1500 X96.252 Y122.839 E3576.05455
G0 F9000 X96.817 Y122.839
G1 F1500 X86.062 Y112.084 E3576.56043
G0 F9000 X86.643 Y112.099
G1 F1500 X97.383 Y122.839 E3577.06561
G0 F9000 X97.949 Y122.839
G1 F1500 X87.223 Y112.113 E3577.57013
G0 F9000 X87.804 Y112.129
G1 F1500 X98.514 Y122.839 E3578.07389
G0 F9000 X99.08 Y122.839
G1 F1500 X88.385 Y112.144 E3578.57695
G0 F9000 X88.966 Y112.159
G1 F1500 X99.646 Y122.839 E3579.07931
G0 F9000 X100.211 Y122.839
G1 F1500 X89.532 Y112.159 E3579.58164
G0 F9000 X90.098 Y112.159
G1 F1500 X100.777 Y122.839 E3580.08397
G0 F9000 X101.343 Y122.839
G1 F1500 X90.663 Y112.159 E3580.58633
G0 F9000 X91.229 Y112.159
G1 F1500 X101.908 Y122.839 E3581.08866
G0 F9000 X102.474 Y122.839
G1 F1500 X91.795 Y112.159 E3581.59099
G0 F9000 X92.36 Y112.159
G1 F1500 X103.04 Y122.839 E3582.09334
G0 F9000 X103.605 Y122.839
G1 F1500 X92.926 Y112.159 E3582.59567
G0 F9000 X93.492 Y112.159
G1 F1500 X104.171 Y122.839 E3583.098
G0 F9000 X104.737 Y122.839
G1 F1500 X94.057 Y112.159 E3583.60036
G0 F9000 X94.623 Y112.159
G1 F1500 X105.303 Y122.839 E3584.10271
G0 F9000 X105.868 Y122.839
G1 F1500 X95.189 Y112.159 E3584.60504
G0 F9000 X95.754 Y112.159
G1 F1500 X106.434 Y122.839 E3585.1074
G0 F9000 X107 Y122.839
G1 F1500 X96.32 Y112.159 E3585.60975
G0 F9000 X96.886 Y112.159
G1 F1500 X107.565 Y122.839 E3586.11208
G0 F9000 X108.131 Y122.839
G1 F1500 X97.452 Y112.159 E3586.61441
G0 F9000 X98.017 Y112.159
G1 F1500 X108.697 Y122.839 E3587.11677
G0 F9000 X109.262 Y122.839
G1 F1500 X98.583 Y112.159 E3587.6191
G0 F9000 X99.149 Y112.159
G1 F1500 X109.828 Y122.839 E3588.12143
G0 F9000 X110.394 Y122.839
G1 F1500 X99.714 Y112.159 E3588.62379
G0 F9000 X100.28 Y112.159
G1 F1500 X110.959 Y122.839 E3589.12612
G0 F9000 X111.525 Y122.839
G1 F1500 X100.846 Y112.159 E3589.62845
G0 F9000 X101.411 Y112.159
G1 F1500 X112.091 Y122.839 E3590.1308
G0 F9000 X112.656 Y122.839
G1 F1500 X101.977 Y112.159 E3590.63313
G0 F9000 X102.543 Y112.159
G1 F1500 X113.222 Y122.839 E3591.13546
G0 F9000 X113.788 Y122.839
G1 F1500 X103.108 Y112.159 E3591.63782
G0 F9000 X103.674 Y112.159
G1 F1500 X114.354 Y122.839 E3592.14017
G0 F9000 X114.919 Y122.839
G1 F1500 X104.24 Y112.159 E3592.6425
G0 F9000 X104.805 Y112.159
G1 F1500 X115.485 Y122.839 E3593.14486
G0 F9000 X116.051 Y122.839
G1 F1500 X105.371 Y112.159 E3593.64721
G0 F9000 X105.937 Y112.159
G1 F1500 X116.616 Y122.839 E3594.14954
G0 F9000 X117.182 Y122.839
G1 F1500 X106.503 Y112.159 E3594.65187
G0 F9000 X107.068 Y112.159
G1 F1500 X117.748 Y122.839 E3595.15423
G0 F9000 X118.313 Y122.839
G1 F1500 X107.634 Y112.159 E3595.65656
G0 F9000 X108.2 Y112.159
G1 F1500 X118.879 Y122.839 E3596.15889
G0 F9000 X119.445 Y122.839
G1 F1500 X108.765 Y112.159 E3596.66124
G0 F9000 X109.331 Y112.159
G1 F1500 X120.01 Y122.839 E3597.16358
G0 F9000 X120.576 Y122.839
G1 F1500 X109.897 Y112.159 E3597.66591
G0 F9000 X110.462 Y112.159
G1 F1500 X121.142 Y122.839 E3598.16826
G0 F9000 X121.707 Y122.839
G1 F1500 X111.028 Y112.159 E3598.67059
G0 F9000 X111.594 Y112.159
G1 F1500 X122.273 Y122.839 E3599.17292
G0 F9000 X122.839 Y122.839
G1 F1500 X112.159 Y112.159 E3599.67528
G0 F9000 X112.725 Y112.159
G1 F1500 X123.404 Y122.839 E3600.17761
G0 F9000 X123.97 Y122.839
G1 F1500 X113.291 Y112.159 E3600.67994
G0 F9000 X113.856 Y112.159
G1 F1500 X124.536 Y122.839 E3601.18229
G0 F9000 X125.102 Y122.839
G1 F1500 X114.422 Y112.159 E3601.68465
G0 F9000 X114.988 Y112.159
G1 F1500 X125.667 Y122.839 E3602.18698
G0 F9000 X126.233 Y122.839
G1 F1500 X115.553 Y112.159 E3602.68933
G0 F9000 X116.119 Y112.159
G1 F1500 X126.799 Y122.839 E3603.19169
G0 F9000 X127.364 Y122.839
G1 F1500 X116.685 Y112.159 E3603.69402
G0 F9000 X117.251 Y112.159
G1 F1500 X127.93 Y122.839 E3604.19635
G0 F9000 X128.496 Y122.839
G1 F1500 X117.817 Y112.16 E3604.69866
G0 F9000 X118.383 Y112.16
G1 F1500 X129.061 Y122.839 E3605.20094
G0 F9000 X129.627 Y122.839
G1 F1500 X118.948 Y112.16 E3605.70325
G0 F9000 X119.514 Y112.16
G1 F1500 X130.193 Y122.839 E3606.20556
G0 F9000 X130.758 Y122.839
G1 F1500 X120.08 Y112.16 E3606.70784
G0 F9000 X120.645 Y112.16
G1 F1500 X131.324 Y122.839 E3607.21015
G0 F9000 X131.89 Y122.839
G1 F1500 X121.211 Y112.16 E3607.71246
G0 F9000 X121.777 Y112.16
G1 F1500 X132.455 Y122.839 E3608.21474
G0 F9000 X133.021 Y122.839
G1 F1500 X122.342 Y112.16 E3608.71705
G0 F9000 X122.908 Y112.16
G1 F1500 X133.587 Y122.839 E3609.21935
G0 F9000 X134.153 Y122.839
G1 F1500 X123.474 Y112.16 E3609.72166
G0 F9000 X124.039 Y112.16
G1 F1500 X134.718 Y122.839 E3610.22397
G0 F9000 X135.284 Y122.839
G1 F1500 X124.605 Y112.16 E3610.72628
G0 F9000 X125.171 Y112.16
G1 F1500 X135.85 Y122.839 E3611.22858
G0 F9000 X136.415 Y122.839
G1 F1500 X125.737 Y112.16 E3611.73087
G0 F9000 X126.302 Y112.16
G1 F1500 X136.981 Y122.839 E3612.23317
G0 F9000 X137.547 Y122.839
G1 F1500 X126.868 Y112.16 E3612.73548
G0 F9000 X127.434 Y112.16
G1 F1500 X138.112 Y122.839 E3613.23777
G0 F9000 X138.678 Y122.839
G1 F1500 X127.999 Y112.16 E3613.74007
G0 F9000 X128.565 Y112.16
G1 F1500 X139.244 Y122.839 E3614.24238
G0 F9000 X139.809 Y122.839
G1 F1500 X129.131 Y112.16 E3614.74466
G0 F9000 X129.696 Y112.16
G1 F1500 X140.375 Y122.839 E3615.24697
G0 F9000 X140.941 Y122.839
G1 F1500 X130.262 Y112.16 E3615.74928
G0 F9000 X130.828 Y112.16
G1 F1500 X141.506 Y122.839 E3616.25156
G0 F9000 X142.072 Y122.839
G1 F1500 X131.393 Y112.16 E3616.75387
G0 F9000 X131.959 Y112.16
G1 F1500 X142.638 Y122.839 E3617.25618
G0 F9000 X143.203 Y122.839
G1 F1500 X132.525 Y112.16 E3617.75846
G0 F9000 X133.09 Y112.16
G1 F1500 X143.769 Y122.839 E3618.26077
G0 F9000 X144.335 Y122.839
G1 F1500 X133.656 Y112.16 E3618.76308
G0 F9000 X134.222 Y112.16
G1 F1500 X144.901 Y122.839 E3619.26538
G0 F9000 X145.466 Y122.839
G1 F1500 X134.787 Y112.16 E3619.76769
G0 F9000 X135.353 Y112.16
G1 F1500 X146.033 Y122.84 E3620.27005
G0 F9000 X146.613 Y122.854
G1 F1500 X135.919 Y112.16 E3620.77306
G0 F9000 X136.485 Y112.16
G1 F1500 X147.194 Y122.869 E3621.27678
G0 F9000 X147.774 Y122.884
G1 F1500 X137.05 Y112.16 E3621.7812
G0 F9000 X137.616 Y112.16
G1 F1500 X148.355 Y122.899 E3622.28633
G0 F9000 X148.935 Y122.914
G1 F1500 X138.182 Y112.16 E3622.79214
G0 F9000 X138.747 Y112.16
G1 F1500 X149.517 Y122.929 E3623.29871
G0 F9000 X150.097 Y122.944
G1 F1500 X139.313 Y112.16 E3623.80595
G0 F9000 X139.879 Y112.16
G1 F1500 X150.678 Y122.959 E3624.31391
G0 F9000 X151.258 Y122.974
G1 F1500 X140.444 Y112.16 E3624.82256
G0 F9000 X141.01 Y112.16
G1 F1500 X151.839 Y122.989 E3625.33193
G0 F9000 X152.419 Y123.004
G1 F1500 X141.576 Y112.16 E3625.84197
G0 F9000 X142.141 Y112.16
G1 F1500 X153 Y123.019 E3626.35275
G0 F9000 X153.592 Y123.045
G1 F1500 X142.707 Y112.16 E3626.86474
G0 F9000 X143.273 Y112.16
G1 F1500 X154.205 Y123.093 E3627.37897
G0 F9000 X154.818 Y123.14
G1 F1500 X143.838 Y112.16 E3627.89544
G0 F9000 X144.404 Y112.16
G1 F1500 X155.432 Y123.188 E3628.41416
G0 F9000 X156.045 Y123.235
G1 F1500 X144.97 Y112.16 E3628.9351
G0 F9000 X145.536 Y112.16
G1 F1500 X156.659 Y123.284 E3629.45831
G0 F9000 X157.272 Y123.331
G1 F1500 X146.1 Y112.159 E3629.98381
G0 F9000 X146.651 Y112.145
G1 F1500 X157.886 Y123.379 E3630.51224
G0 F9000 X158.499 Y123.426
G1 F1500 X147.202 Y112.13 E3631.0436
G0 F9000 X147.754 Y112.116
G1 F1500 X159.113 Y123.474 E3631.57787
G0 F9000 X159.726 Y123.522
G1 F1500 X148.305 Y112.101 E3632.11508
G0 F9000 X148.857 Y112.087
G1 F1500 X160.339 Y123.57 E3632.65518
G0 F9000 X160.966 Y123.631
G1 F1500 X149.408 Y112.073 E3633.19883
G0 F9000 X149.96 Y112.059
G1 F1500 X161.617 Y123.716 E3633.74714
G0 F9000 X162.266 Y123.8
G1 F1500 X150.511 Y112.044 E3634.30008
G0 F9000 X151.062 Y112.03
G1 F1500 X162.916 Y123.884 E3634.85766
G0 F9000 X163.566 Y123.968
G1 F1500 X151.614 Y112.016 E3635.41984
G0 F9000 X152.165 Y112.002
G1 F1500 X164.216 Y124.052 E3635.98666
G0 F9000 X164.866 Y124.136
G1 F1500 X152.717 Y111.988 E3636.55809
G0 F9000 X153.268 Y111.973
G1 F1500 X165.516 Y124.22 E3637.13417
G0 F9000 X166.165 Y124.305
G1 F1500 X153.797 Y111.936 E3637.71595
G0 F9000 X154.322 Y111.896
G1 F1500 X166.816 Y124.389 E3638.30361
G0 F9000 X167.466 Y124.474
G1 F1500 X154.847 Y111.855 E3638.89717
G0 F9000 X155.372 Y111.814
G1 F1500 X168.123 Y124.565 E3639.49693
G0 F9000 X168.814 Y124.691
G1 F1500 X155.897 Y111.773 E3640.10453
G0 F9000 X156.422 Y111.733
G1 F1500 X169.506 Y124.817 E3640.71997
G0 F9000 X170.198 Y124.943
G1 F1500 X156.947 Y111.692 E3641.34325
G0 F9000 X157.472 Y111.652
G1 F1500 X170.89 Y125.07 E3641.97439
G0 F9000 X171.582 Y125.196
G1 F1500 X157.997 Y111.611 E3642.61339
G0 F9000 X158.522 Y111.57
G1 F1500 X172.273 Y125.321 E3643.26019
G0 F9000 X172.966 Y125.448
G1 F1500 X159.047 Y111.529 E3643.9149
G0 F9000 X159.572 Y111.489
G1 F1500 X173.657 Y125.574 E3644.57742
G0 F9000 X174.349 Y125.7
G1 F1500 X160.097 Y111.448 E3645.24779
G0 F9000 X160.622 Y111.408
G1 F1500 X175.041 Y125.826 E3645.92599
G0 F9000 X175.619 Y125.839
G1 F1500 X161.126 Y111.345 E3646.60772
G0 F9000 X161.626 Y111.28
G1 F1500 X176.185 Y125.839 E3647.29253
G0 F9000 X176.751 Y125.839
G1 F1500 X162.128 Y111.216 E3647.98035
G0 F9000 X162.628 Y111.151
G1 F1500 X177.316 Y125.839 E3648.67123
G0 F9000 X177.882 Y125.839
G1 F1500 X163.129 Y111.086 E3649.36517
G0 F9000 X163.63 Y111.021
G1 F1500 X178.448 Y125.839 E3650.06216
G0 F9000 X179.013 Y125.839
G1 F1500 X164.131 Y110.957 E3650.76216
G0 F9000 X164.632 Y110.892
G1 F1500 X179.579 Y125.839 E3651.46522
G0 F9000 X180.145 Y125.839
G1 F1500 X165.132 Y110.826 E3652.17139
G0 F9000 X165.634 Y110.762
G1 F1500 X180.711 Y125.839 E3652.88056
G0 F9000 X181.276 Y125.839
G1 F1500 X166.134 Y110.697 E3653.5928
G0 F9000 X166.635 Y110.632
G1 F1500 X181.842 Y125.839 E3654.30809
G0 F9000 X182.408 Y125.839
G1 F1500 X167.136 Y110.568 E3655.02641
G0 F9000 X167.637 Y110.503
G1 F1500 X182.973 Y125.839 E3655.74777
G0 F9000 X183.539 Y125.839
G1 F1500 X168.133 Y110.433 E3656.47242
G0 F9000 X168.611 Y110.346
G1 F1500 X184.105 Y125.839 E3657.20119
G0 F9000 X184.67 Y125.839
G1 F1500 X169.089 Y110.258 E3657.93407
G0 F9000 X169.568 Y110.171
G1 F1500 X185.236 Y125.839 E3658.67105
G0 F9000 X185.802 Y125.839
G1 F1500 X170.046 Y110.083 E3659.41216
G0 F9000 X170.525 Y109.996
G1 F1500 X186.367 Y125.839 E3660.15734
G0 F9000 X186.933 Y125.839
G1 F1500 X171.003 Y109.909 E3660.90664
G0 F9000 X171.481 Y109.822
G1 F1500 X187.499 Y125.839 E3661.66006
G0 F9000 X188.064 Y125.839
G1 F1500 X171.959 Y109.734 E3662.41759
G0 F9000 X172.438 Y109.647
G1 F1500 X188.63 Y125.839 E3663.17921
G0 F9000 X189.196 Y125.839
G1 F1500 X172.917 Y109.56 E3663.94492
G0 F9000 X173.395 Y109.472
G1 F1500 X189.762 Y125.839 E3664.71478
G0 F9000 X190.327 Y125.839
G1 F1500 X173.874 Y109.385 E3665.4887
G0 F9000 X174.352 Y109.298
G1 F1500 X190.893 Y125.839 E3666.26674
G0 F9000 X191.459 Y125.839
G1 F1500 X174.83 Y109.211 E3667.04889
G0 F9000 X175.345 Y109.16
G1 F1500 X192.024 Y125.839 E3667.83342
G0 F9000 X192.59 Y125.839
G1 F1500 X175.911 Y109.16 E3668.61795
G0 F9000 X176.476 Y109.16
G1 F1500 X193.156 Y125.839 E3669.4025
G0 F9000 X193.721 Y125.839
G1 F1500 X177.042 Y109.16 E3670.18703
G0 F9000 X177.608 Y109.16
G1 F1500 X194.287 Y125.839 E3670.97156
G0 F9000 X194.853 Y125.839
G1 F1500 X178.173 Y109.16 E3671.75611
G0 F9000 X178.739 Y109.16
G1 F1500 X195.418 Y125.839 E3672.54064
G0 F9000 X195.984 Y125.839
G1 F1500 X179.305 Y109.16 E3673.32517
G0 F9000 X179.87 Y109.16
G1 F1500 X196.55 Y125.839 E3674.10972
G0 F9000 X197.115 Y125.839
G1 F1500 X180.436 Y109.16 E3674.89425
G0 F9000 X181.002 Y109.16
G1 F1500 X197.681 Y125.839 E3675.67878
G0 F9000 X198.247 Y125.839
G1 F1500 X181.568 Y109.16 E3676.46331
G0 F9000 X182.133 Y109.16
G1 F1500 X198.812 Y125.839 E3677.24784
G0 F9000 X198.839 Y125.3
G1 F1500 X182.699 Y109.16 E3678.00701
G0 F9000 X183.265 Y109.16
G1 F1500 X198.839 Y124.734 E3678.73957
G0 F9000 X198.839 Y124.168
G1 F1500 X183.83 Y109.16 E3679.44552
G0 F9000 X184.396 Y109.16
G1 F1500 X198.839 Y123.602 E3680.12485
G0 F9000 X198.839 Y123.037
G1 F1500 X184.962 Y109.16 E3680.77758
G0 F9000 X185.527 Y109.16
G1 F1500 X198.839 Y122.471 E3681.40371
G0 F9000 X198.839 Y121.905
G1 F1500 X186.093 Y109.16 E3682.00322
G0 F9000 X186.659 Y109.16
G1 F1500 X198.839 Y121.34 E3682.57613
G0 F9000 X198.839 Y120.774
G1 F1500 X187.224 Y109.16 E3683.12244
G0 F9000 X187.79 Y109.16
G1 F1500 X198.839 Y120.208 E3683.64213
G0 F9000 X198.839 Y119.643
G1 F1500 X188.356 Y109.16 E3684.13522
G0 F9000 X188.921 Y109.16
G1 F1500 X198.839 Y119.077 E3684.60171
G0 F9000 X198.839 Y118.511
G1 F1500 X189.487 Y109.16 E3685.04157
G0 F9000 X190.053 Y109.16
G1 F1500 X198.839 Y117.946 E3685.45484
G0 F9000 X198.839 Y117.38
G1 F1500 X190.619 Y109.16 E3685.84148
G0 F9000 X191.184 Y109.16
G1 F1500 X198.839 Y116.814 E3686.20153
G0 F9000 X198.839 Y116.249
G1 F1500 X191.75 Y109.16 E3686.53497
G0 F9000 X192.316 Y109.16
G1 F1500 X198.839 Y115.683 E3686.8418
G0 F9000 X198.839 Y115.117
G1 F1500 X192.881 Y109.16 E3687.12202
G0 F9000 X193.447 Y109.16
G1 F1500 X198.839 Y114.552 E3687.37564
G0 F9000 X198.839 Y113.986
G1 F1500 X194.013 Y109.16 E3687.60264
G0 F9000 X194.578 Y109.16
G1 F1500 X198.839 Y113.42 E3687.80304
G0 F9000 X198.839 Y112.854
G1 F1500 X195.144 Y109.16 E3687.97682
G0 F9000 X195.71 Y109.16
G1 F1500 X198.839 Y112.289 E3688.124
G0 F9000 X198.839 Y111.723
G1 F1500 X196.275 Y109.16 E3688.24458
G0 F9000 X196.841 Y109.16
G1 F1500 X198.839 Y111.157 E3688.33853
G0 F9000 X198.839 Y110.592
G1 F1500 X197.407 Y109.16 E3688.40589
G0 F9000 X197.972 Y109.16
G1 F1500 X198.839 Y110.026 E3688.44665
G0 F9000 X198.839 Y109.46
G1 F1500 X198.538 Y109.16 E3688.46078
G1 F2700 E3683.46078
;MESH:NONMESH
G0 F300 X198.538 Y109.16 Z3.6
G0 F9000 X198.538 Y108.7
G0 X199.228 Y108.772
G0 X199.228 Y126.228 ;T9.452 R8.000 A1.570 C421.66713599999986 FILLET CORNER
G0 X175.072 Y126.239 ;T-79.003 R8.000 A0.155 C54.41318300000038 FILLET CORNER
G0 X160.635 Y123.993 ;T-140.840 R8.000 A0.103 C-12.441265000000161 FILLET CORNER
G0 X152.351 Y123.566 ;T-318.973 R8.000 A0.049 C-25.682137999999554 FILLET CORNER
G0 X88.985 Y123.4
;TIME_ELAPSED:5073.891175
;LAYER:17
;TYPE:WALL-INNER
;MESH:D638-22 Type I Tensile Specimen.STL
G1 F2700 E3688.46078
G1 F1500 X146.017 Y123.4 E3690.35768
G1 X153.345 Y123.589 E3690.60149
G1 X160.654 Y124.156 E3690.84532
G1 X167.896 Y125.094 E3691.0882
G1 X175.057 Y126.4 E3691.3303
G1 X199.4 Y126.4 E3692.13995 ;T16.343 R8.000 A1.571 C-216.6527000000003 FILLET CORNER
G1 X199.4 Y117.5 E3692.43597
G1 X199.4 Y108.6 E3692.73198 ;T0.900 R8.000 A1.571 C-216.67050000000012 FILLET CORNER
G1 X175.055 Y108.6 E3693.5417
G1 X167.894 Y109.906 E3693.78381
G1 X160.654 Y110.844 E3694.02662
G1 X153.343 Y111.411 E3694.27052
G1 X146.015 Y111.6 E3694.51433
G1 X88.983 Y111.6 E3696.41122
G1 X81.655 Y111.411 E3696.65503
G1 X74.346 Y110.844 E3696.89886
G1 X67.104 Y109.906 E3697.14174
G1 X59.943 Y108.6 E3697.38385
G1 X35.6 Y108.6 E3698.1935 ;T16.343 R8.000 A1.571 C-433.3054000000002 FILLET CORNER
G1 X35.6 Y126.4 E3698.78553 ;T9.800 R8.000 A1.571 C-433.34100000000024 FILLET CORNER
G1 X59.945 Y126.4 E3699.59525
G1 X67.106 Y125.094 E3699.83735
G1 X74.346 Y124.156 E3700.08017
G1 X81.657 Y123.589 E3700.32406
G1 X88.985 Y123.4 E3700.56787
G1 F2700 E3695.56787
G0 F9000 X74.325 Y123.997 ;T-125.765 R8.000 A0.114 C-24.273905000000138 FILLET CORNER
G0 X59.93 Y126.239 ;T-88.476 R8.000 A0.155 C54.320581000000246 FILLET CORNER
G0 X35.772 Y126.228 ;T16.154 R8.000 A1.570 C421.70204799999976 FILLET CORNER
G0 X35.772 Y108.772 ;T9.452 R8.000 A1.570 C421.6671359999997 FILLET CORNER
G0 X59.928 Y108.761 ;T-79.048 R8.000 A0.155 C44.044209000000066 FILLET CORNER
G0 X71.619 Y110.579 ;T-166.367 R8.000 A0.090 C-18.44317799999996 FILLET CORNER
G0 X88.979 Y111.701
G1 F2700 E3700.56787
G0 F9000 X88.993 Y111.2
;TYPE:WALL-OUTER
G1 F1500 X146.005 Y111.2 E3702.4641
G1 X153.302 Y111.012 E3702.70688
G1 X160.592 Y110.448 E3702.95007
G1 X167.842 Y109.509 E3703.19322
G1 X175.019 Y108.2 E3703.43587
G1 X199.8 Y108.2 E3704.26009 ;T16.781 R8.000 A1.571 C230.46329999999998 FILLET CORNER
G1 X199.8 Y117.5 E3704.56941
G1 X199.8 Y126.8 E3704.87872 ;T1.300 R8.000 A1.571 C230.44470000000015 FILLET CORNER
G1 X175.021 Y126.8 E3705.70288
G1 X167.854 Y125.493 E3705.94518
G1 X160.602 Y124.553 E3706.1884
G1 X153.314 Y123.988 E3706.43153
G1 X146.007 Y123.8 E3706.67464
G1 X88.995 Y123.8 E3708.57087
G1 X81.698 Y123.988 E3708.81365
G1 X74.408 Y124.552 E3709.05684
G1 X67.158 Y125.491 E3709.29999
G1 X59.981 Y126.8 E3709.54264
G1 X35.2 Y126.8 E3710.36686 ;T16.781 R8.000 A1.571 C460.92659999999984 FILLET CORNER
G1 X35.2 Y108.2 E3710.9855 ;T10.600 R8.000 A1.571 C460.8893999999998 FILLET CORNER
G1 X59.979 Y108.2 E3711.80965
G1 X67.146 Y109.507 E3712.05196
G1 X74.398 Y110.447 E3712.29518
G1 X81.686 Y111.012 E3712.5383
G1 X88.993 Y111.2 E3712.78141
G0 F9000 X88.975 Y111.96
;TYPE:SKIN
G1 F1500 X146.024 Y111.96 E3714.67887
G1 X153.321 Y111.772 E3714.92165
G1 X160.651 Y111.206 E3715.16617
G1 X167.981 Y110.257 E3715.41201
G1 X175.089 Y108.96 E3715.65232
G1 X199.04 Y108.96 E3716.44894 ;T15.951 R8.000 A1.571 C204.54154000000008 FILLET CORNER
G1 X199.04 Y117.5 E3716.73298
G1 X199.04 Y126.04 E3717.01702 ;T0.540 R8.000 A1.571 C204.51591999999997 FILLET CORNER
G1 X175.092 Y126.04 E3717.81353
G1 X167.99 Y124.744 E3718.05365
G1 X160.7 Y123.799 E3718.29814
G1 X153.372 Y123.23 E3718.54261
G1 X146.027 Y123.04 E3718.78698
G1 X88.977 Y123.04 E3720.68447
G1 X81.64 Y123.23 E3720.92859
G1 X74.347 Y123.794 E3721.17188
G1 X67.023 Y124.742 E3721.41751
G1 X59.911 Y126.04 E3721.65796
G1 X35.96 Y126.04 E3722.45457 ;T15.951 R8.000 A1.571 C409.08308000000034 FILLET CORNER
G1 X35.96 Y108.96 E3723.02266 ;T9.080 R8.000 A1.571 C409.03184000000033 FILLET CORNER
G1 X59.908 Y108.96 E3723.81917
G1 X67.01 Y110.256 E3724.05928
G1 X74.335 Y111.205 E3724.30495
G1 X81.629 Y111.77 E3724.54828
G1 X88.975 Y111.96 E3724.79269
G1 F2700 E3719.79269
G0 F9000 X88.979 Y111.701
G0 X69.848 Y110.443 ;T-137.099 R8.000 A0.102 C19.698982000000086 FILLET CORNER
G0 X59.928 Y108.761 ;T-86.461 R8.000 A0.165 C-39.26837200000011 FILLET CORNER
G0 X36.222 Y108.7
G1 F2700 E3724.79269
G0 F9000 X36.222 Y109.158
G1 F1500 X36.16 Y109.221 E3724.79563
G0 F9000 X36.16 Y109.786
G1 F1500 X36.787 Y109.158 E3724.82514
G0 F9000 X37.353 Y109.158
G1 F1500 X36.16 Y110.352 E3724.88128
G0 F9000 X36.16 Y110.918
G1 F1500 X37.919 Y109.158 E3724.96404
G0 F9000 X38.484 Y109.158
G1 F1500 X36.16 Y111.483 E3725.07338
G0 F9000 X36.16 Y112.049
G1 F1500 X39.05 Y109.158 E3725.20934
G0 F9000 X39.616 Y109.158
G1 F1500 X36.16 Y112.615 E3725.37192
G0 F9000 X36.16 Y113.18
G1 F1500 X40.182 Y109.158 E3725.56111
G0 F9000 X40.747 Y109.158
G1 F1500 X36.16 Y113.746 E3725.77689
G0 F9000 X36.16 Y114.312
G1 F1500 X41.313 Y109.158 E3726.01929
G0 F9000 X41.879 Y109.158
G1 F1500 X36.16 Y114.877 E3726.2883
G0 F9000 X36.16 Y115.443
G1 F1500 X42.444 Y109.158 E3726.5839
G0 F9000 X43.01 Y109.158
G1 F1500 X36.16 Y116.009 E3726.90613
G0 F9000 X36.16 Y116.575
G1 F1500 X43.576 Y109.158 E3727.25498
G0 F9000 X44.141 Y109.158
G1 F1500 X36.16 Y117.14 E3727.6304
G0 F9000 X36.16 Y117.706
G1 F1500 X44.707 Y109.158 E3728.03245
G0 F9000 X45.273 Y109.158
G1 F1500 X36.16 Y118.272 E3728.46112
G0 F9000 X36.16 Y118.837
G1 F1500 X45.838 Y109.158 E3728.91637
G0 F9000 X46.404 Y109.158
G1 F1500 X36.16 Y119.403 E3729.39824
G0 F9000 X36.16 Y119.969
G1 F1500 X46.97 Y109.158 E3729.90673
G0 F9000 X47.535 Y109.158
G1 F1500 X36.16 Y120.534 E3730.4418
G0 F9000 X36.16 Y121.1
G1 F1500 X48.101 Y109.158 E3731.00349
G0 F9000 X48.667 Y109.158
G1 F1500 X36.16 Y121.666 E3731.59181
G0 F9000 X36.16 Y122.231
G1 F1500 X49.233 Y109.158 E3732.20672
G0 F9000 X49.798 Y109.158
G1 F1500 X36.16 Y122.797 E3732.84823
G0 F9000 X36.16 Y123.363
G1 F1500 X50.364 Y109.158 E3733.51637
G0 F9000 X50.93 Y109.158
G1 F1500 X36.16 Y123.928 E3734.2111
G0 F9000 X36.16 Y124.494
G1 F1500 X51.495 Y109.158 E3734.93244
G0 F9000 X52.061 Y109.158
G1 F1500 X36.16 Y125.06 E3735.6804
G0 F9000 X36.16 Y125.626
G1 F1500 X52.627 Y109.158 E3736.45498
G0 F9000 X53.192 Y109.158
G1 F1500 X36.512 Y125.839 E3737.23958
G0 F9000 X37.077 Y125.839
G1 F1500 X53.758 Y109.158 E3738.0242
G0 F9000 X54.324 Y109.158
G1 F1500 X37.643 Y125.839 E3738.80882
G0 F9000 X38.209 Y125.839
G1 F1500 X54.889 Y109.158 E3739.59342
G0 F9000 X55.455 Y109.158
G1 F1500 X38.774 Y125.839 E3740.37805
G0 F9000 X39.34 Y125.839
G1 F1500 X56.021 Y109.158 E3741.16267
G0 F9000 X56.586 Y109.158
G1 F1500 X39.906 Y125.839 E3741.94727
G0 F9000 X40.471 Y125.839
G1 F1500 X57.152 Y109.158 E3742.73189
G0 F9000 X57.718 Y109.158
G1 F1500 X41.037 Y125.839 E3743.51651
G0 F9000 X41.603 Y125.839
G1 F1500 X58.283 Y109.158 E3744.30111
G0 F9000 X58.849 Y109.158
G1 F1500 X42.169 Y125.839 E3745.08571
G0 F9000 X42.734 Y125.839
G1 F1500 X59.415 Y109.158 E3745.87034
G0 F9000 X59.966 Y109.173
G1 F1500 X43.3 Y125.839 E3746.65425
G0 F9000 X43.866 Y125.839
G1 F1500 X60.444 Y109.26 E3747.43406
G0 F9000 X60.923 Y109.347
G1 F1500 X44.431 Y125.839 E3748.20979
G0 F9000 X44.997 Y125.839
G1 F1500 X61.401 Y109.435 E3748.98138
G0 F9000 X61.88 Y109.522
G1 F1500 X45.563 Y125.839 E3749.74889
G0 F9000 X46.128 Y125.839
G1 F1500 X62.359 Y109.609 E3750.51232
G0 F9000 X62.837 Y109.697
G1 F1500 X46.694 Y125.839 E3751.27161
G0 F9000 X47.26 Y125.839
G1 F1500 X63.315 Y109.783 E3752.02681
G0 F9000 X63.793 Y109.871
G1 F1500 X47.825 Y125.839 E3752.7779
G0 F9000 X48.391 Y125.839
G1 F1500 X64.272 Y109.958 E3753.52489
G0 F9000 X64.75 Y110.046
G1 F1500 X48.957 Y125.839 E3754.26775
G0 F9000 X49.522 Y125.839
G1 F1500 X65.229 Y110.133 E3755.00653
G0 F9000 X65.707 Y110.22
G1 F1500 X50.088 Y125.839 E3755.7412
G0 F9000 X50.654 Y125.839
G1 F1500 X66.185 Y110.307 E3756.47176
G0 F9000 X66.664 Y110.394
G1 F1500 X51.219 Y125.839 E3757.19824
G0 F9000 X51.785 Y125.839
G1 F1500 X67.149 Y110.475 E3757.92092
G0 F9000 X67.651 Y110.539
G1 F1500 X52.351 Y125.839 E3758.64058
G0 F9000 X52.917 Y125.839
G1 F1500 X68.151 Y110.604 E3759.35717
G0 F9000 X68.652 Y110.669
G1 F1500 X53.482 Y125.839 E3760.07072
G0 F9000 X54.048 Y125.839
G1 F1500 X69.153 Y110.734 E3760.78121
G0 F9000 X69.654 Y110.799
G1 F1500 X54.614 Y125.839 E3761.48865
G0 F9000 X55.179 Y125.839
G1 F1500 X70.155 Y110.863 E3762.19307
G0 F9000 X70.656 Y110.928
G1 F1500 X55.745 Y125.839 E3762.89444
G0 F9000 X56.311 Y125.839
G1 F1500 X71.156 Y110.993 E3763.59272
G0 F9000 X71.658 Y111.058
G1 F1500 X56.876 Y125.839 E3764.288
G0 F9000 X57.442 Y125.839
G1 F1500 X72.158 Y111.123 E3764.9802
G0 F9000 X72.66 Y111.187
G1 F1500 X58.008 Y125.839 E3765.66938
G0 F9000 X58.573 Y125.839
G1 F1500 X73.16 Y111.252 E3766.35551
G0 F9000 X73.661 Y111.317
G1 F1500 X59.139 Y125.839 E3767.03858
G0 F9000 X59.705 Y125.839
G1 F1500 X74.162 Y111.382 E3767.71859
G0 F9000 X74.679 Y111.43
G1 F1500 X60.355 Y125.755 E3768.39237
G0 F9000 X61.046 Y125.629
G1 F1500 X75.204 Y111.471 E3769.05832
G0 F9000 X75.729 Y111.512
G1 F1500 X61.738 Y125.502 E3769.71639
G0 F9000 X62.431 Y125.376
G1 F1500 X76.255 Y111.552 E3770.36663
G0 F9000 X76.779 Y111.593
G1 F1500 X63.123 Y125.249 E3771.00897
G0 F9000 X63.814 Y125.123
G1 F1500 X77.305 Y111.633 E3771.64352
G0 F9000 X77.829 Y111.674
G1 F1500 X64.507 Y124.997 E3772.27017
G0 F9000 X65.199 Y124.87
G1 F1500 X78.355 Y111.715 E3772.88896
G0 F9000 X78.88 Y111.755
G1 F1500 X65.891 Y124.744 E3773.49993
G0 F9000 X66.583 Y124.618
G1 F1500 X79.405 Y111.796 E3774.10303
G0 F9000 X79.93 Y111.836
G1 F1500 X67.257 Y124.51 E3774.69916
G0 F9000 X67.906 Y124.426
G1 F1500 X80.455 Y111.877 E3775.28942
G0 F9000 X80.98 Y111.918
G1 F1500 X68.556 Y124.341 E3775.87379
G0 F9000 X69.206 Y124.257
G1 F1500 X81.506 Y111.958 E3776.45232
G0 F9000 X82.05 Y111.979
G1 F1500 X69.857 Y124.172 E3777.02584
G0 F9000 X70.507 Y124.088
G1 F1500 X82.602 Y111.993 E3777.59475
G0 F9000 X83.153 Y112.007
G1 F1500 X71.156 Y124.004 E3778.15905
G0 F9000 X71.806 Y123.92
G1 F1500 X83.705 Y112.021 E3778.71874
G0 F9000 X84.256 Y112.036
G1 F1500 X72.456 Y123.836 E3779.27378
G0 F9000 X73.106 Y123.752
G1 F1500 X84.807 Y112.05 E3779.82418
G0 F9000 X85.359 Y112.065
G1 F1500 X73.756 Y123.667 E3780.36993
G0 F9000 X74.401 Y123.588
G1 F1500 X85.91 Y112.079 E3780.91128
G0 F9000 X86.461 Y112.094
G1 F1500 X75.014 Y123.541 E3781.44971
G0 F9000 X75.627 Y123.494
G1 F1500 X87.013 Y112.108 E3781.98527
G0 F9000 X87.564 Y112.122
G1 F1500 X76.24 Y123.446 E3782.51792
G0 F9000 X76.853 Y123.399
G1 F1500 X88.116 Y112.136 E3783.04769
G0 F9000 X88.667 Y112.15
G1 F1500 X77.466 Y123.351 E3783.57456
G0 F9000 X78.08 Y123.303
G1 F1500 X89.224 Y112.159 E3784.09874
G0 F9000 X89.79 Y112.159
G1 F1500 X78.693 Y123.256 E3784.6207
G0 F9000 X79.306 Y123.209
G1 F1500 X90.356 Y112.159 E3785.14046
G0 F9000 X90.921 Y112.159
G1 F1500 X79.919 Y123.161 E3785.65796
G0 F9000 X80.532 Y123.114
G1 F1500 X91.487 Y112.159 E3786.17325
G0 F9000 X92.053 Y112.159
G1 F1500 X81.145 Y123.066 E3786.68631
G0 F9000 X81.751 Y123.026
G1 F1500 X92.618 Y112.159 E3787.19746
G0 F9000 X93.184 Y112.159
G1 F1500 X82.331 Y123.011 E3787.70793
G0 F9000 X82.912 Y122.996
G1 F1500 X93.75 Y112.159 E3788.21769
G0 F9000 X94.316 Y112.159
G1 F1500 X83.493 Y122.982 E3788.72677
G0 F9000 X84.074 Y122.966
G1 F1500 X94.881 Y112.159 E3789.2351
G0 F9000 X95.447 Y112.159
G1 F1500 X84.654 Y122.951 E3789.74274
G0 F9000 X85.235 Y122.936
G1 F1500 X96.013 Y112.159 E3790.24968
G0 F9000 X96.578 Y112.159
G1 F1500 X85.816 Y122.921 E3790.7559
G0 F9000 X86.397 Y122.906
G1 F1500 X97.144 Y112.159 E3791.2614
G0 F9000 X97.71 Y112.159
G1 F1500 X86.977 Y122.891 E3791.76623
G0 F9000 X87.558 Y122.876
G1 F1500 X98.275 Y112.159 E3792.27032
G0 F9000 X98.841 Y112.159
G1 F1500 X88.139 Y122.861 E3792.77371
G0 F9000 X88.719 Y122.846
G1 F1500 X99.407 Y112.159 E3793.27642
G0 F9000 X99.972 Y112.159
G1 F1500 X89.292 Y122.84 E3793.77879
G0 F9000 X89.857 Y122.84
G1 F1500 X100.538 Y112.159 E3794.2812
G0 F9000 X101.104 Y112.159
G1 F1500 X90.423 Y122.84 E3794.7836
G0 F9000 X90.989 Y122.84
G1 F1500 X101.669 Y112.159 E3795.28598
G0 F9000 X102.235 Y112.159
G1 F1500 X91.554 Y122.84 E3795.78838
G0 F9000 X92.12 Y122.84
G1 F1500 X102.801 Y112.159 E3796.29078
G0 F9000 X103.366 Y112.159
G1 F1500 X92.686 Y122.84 E3796.79316
G0 F9000 X93.251 Y122.84
G1 F1500 X103.932 Y112.159 E3797.29556
G0 F9000 X104.498 Y112.159
G1 F1500 X93.817 Y122.84 E3797.79796
G0 F9000 X94.383 Y122.84
G1 F1500 X105.064 Y112.159 E3798.30036
G0 F9000 X105.629 Y112.159
G1 F1500 X94.948 Y122.84 E3798.80276
G0 F9000 X95.514 Y122.84
G1 F1500 X106.195 Y112.159 E3799.30516
G0 F9000 X106.761 Y112.159
G1 F1500 X96.08 Y122.84 E3799.80757
G0 F9000 X96.645 Y122.84
G1 F1500 X107.326 Y112.159 E3800.30997
G0 F9000 X107.892 Y112.159
G1 F1500 X97.211 Y122.84 E3800.81237
G0 F9000 X97.777 Y122.84
G1 F1500 X108.458 Y112.159 E3801.31477
G0 F9000 X109.023 Y112.159
G1 F1500 X98.342 Y122.84 E3801.81717
G0 F9000 X98.908 Y122.84
G1 F1500 X109.589 Y112.159 E3802.31957
G0 F9000 X110.155 Y112.159
G1 F1500 X99.474 Y122.84 E3802.82197
G0 F9000 X100.04 Y122.84
G1 F1500 X110.72 Y112.159 E3803.32435
G0 F9000 X111.286 Y112.159
G1 F1500 X100.605 Y122.84 E3803.82675
G0 F9000 X101.171 Y122.84
G1 F1500 X111.852 Y112.159 E3804.32916
G0 F9000 X112.417 Y112.159
G1 F1500 X101.737 Y122.84 E3804.83153
G0 F9000 X102.302 Y122.84
G1 F1500 X112.983 Y112.159 E3805.33394
G0 F9000 X113.549 Y112.159
G1 F1500 X102.868 Y122.84 E3805.83634
G0 F9000 X103.434 Y122.84
G1 F1500 X114.115 Y112.159 E3806.33874
G0 F9000 X114.68 Y112.159
G1 F1500 X103.999 Y122.84 E3806.84114
G0 F9000 X104.565 Y122.84
G1 F1500 X115.246 Y112.159 E3807.34354
G0 F9000 X115.812 Y112.159
G1 F1500 X105.131 Y122.84 E3807.84594
G0 F9000 X105.696 Y122.84
G1 F1500 X116.377 Y112.159 E3808.34834
G0 F9000 X116.943 Y112.159
G1 F1500 X106.262 Y122.84 E3808.85075
G0 F9000 X106.828 Y122.84
G1 F1500 X117.508 Y112.159 E3809.35312
G0 F9000 X118.074 Y112.159
G1 F1500 X107.393 Y122.84 E3809.85553
G0 F9000 X107.959 Y122.84
G1 F1500 X118.639 Y112.159 E3810.3579
G0 F9000 X119.205 Y112.159
G1 F1500 X108.525 Y122.84 E3810.86028
G0 F9000 X109.091 Y122.84
G1 F1500 X119.771 Y112.159 E3811.36266
G0 F9000 X120.336 Y112.159
G1 F1500 X109.656 Y122.84 E3811.86504
G0 F9000 X110.222 Y122.84
G1 F1500 X120.902 Y112.159 E3812.36741
G0 F9000 X121.468 Y112.159
G1 F1500 X110.788 Y122.84 E3812.86979
G0 F9000 X111.353 Y122.84
G1 F1500 X122.033 Y112.159 E3813.37217
G0 F9000 X122.599 Y112.159
G1 F1500 X111.919 Y122.84 E3813.87455
G0 F9000 X112.485 Y122.84
G1 F1500 X123.165 Y112.159 E3814.37693
G0 F9000 X123.73 Y112.159
G1 F1500 X113.05 Y122.84 E3814.8793
G0 F9000 X113.616 Y122.84
G1 F1500 X124.296 Y112.159 E3815.38168
G0 F9000 X124.862 Y112.159
G1 F1500 X114.182 Y122.84 E3815.88406
G0 F9000 X114.747 Y122.84
G1 F1500 X125.428 Y112.159 E3816.38646
G0 F9000 X125.993 Y112.159
G1 F1500 X115.313 Y122.84 E3816.88884
G0 F9000 X115.879 Y122.84
G1 F1500 X126.559 Y112.159 E3817.39122
G0 F9000 X127.125 Y112.159
G1 F1500 X116.444 Y122.84 E3817.89362
G0 F9000 X117.01 Y122.84
G1 F1500 X127.69 Y112.159 E3818.396
G0 F9000 X128.256 Y112.159
G1 F1500 X117.576 Y122.84 E3818.89838
G0 F9000 X118.141 Y122.84
G1 F1500 X128.822 Y112.159 E3819.40078
G0 F9000 X129.387 Y112.159
G1 F1500 X118.707 Y122.84 E3819.90316
G0 F9000 X119.273 Y122.84
G1 F1500 X129.953 Y112.159 E3820.40553
G0 F9000 X130.519 Y112.159
G1 F1500 X119.839 Y122.84 E3820.90791
G0 F9000 X120.404 Y122.84
G1 F1500 X131.084 Y112.159 E3821.41029
G0 F9000 X131.65 Y112.159
G1 F1500 X120.97 Y122.84 E3821.91267
G0 F9000 X121.536 Y122.84
G1 F1500 X132.216 Y112.159 E3822.41505
G0 F9000 X132.781 Y112.159
G1 F1500 X122.101 Y122.84 E3822.91742
G0 F9000 X122.667 Y122.84
G1 F1500 X133.347 Y112.159 E3823.4198
G0 F9000 X133.913 Y112.159
G1 F1500 X123.233 Y122.84 E3823.92218
G0 F9000 X123.798 Y122.84
G1 F1500 X134.478 Y112.159 E3824.42456
G0 F9000 X135.044 Y112.159
G1 F1500 X124.364 Y122.84 E3824.92693
G0 F9000 X124.93 Y122.84
G1 F1500 X135.61 Y112.159 E3825.42931
G0 F9000 X136.176 Y112.159
G1 F1500 X125.495 Y122.84 E3825.93171
G0 F9000 X126.061 Y122.84
G1 F1500 X136.741 Y112.159 E3826.43409
G0 F9000 X137.307 Y112.159
G1 F1500 X126.627 Y122.84 E3826.93647
G0 F9000 X127.192 Y122.84
G1 F1500 X137.873 Y112.159 E3827.43887
G0 F9000 X138.438 Y112.159
G1 F1500 X127.758 Y122.84 E3827.94125
G0 F9000 X128.324 Y122.84
G1 F1500 X139.004 Y112.159 E3828.44363
G0 F9000 X139.57 Y112.159
G1 F1500 X128.89 Y122.84 E3828.94601
G0 F9000 X129.455 Y122.84
G1 F1500 X140.135 Y112.159 E3829.44838
G0 F9000 X140.701 Y112.159
G1 F1500 X130.021 Y122.84 E3829.95076
G0 F9000 X130.587 Y122.84
G1 F1500 X141.267 Y112.159 E3830.45314
G0 F9000 X141.832 Y112.159
G1 F1500 X131.152 Y122.84 E3830.95552
G0 F9000 X131.718 Y122.84
G1 F1500 X142.398 Y112.159 E3831.4579
G0 F9000 X142.964 Y112.159
G1 F1500 X132.284 Y122.84 E3831.96027
G0 F9000 X132.849 Y122.84
G1 F1500 X143.529 Y112.159 E3832.46265
G0 F9000 X144.095 Y112.159
G1 F1500 X133.415 Y122.84 E3832.96503
G0 F9000 X133.981 Y122.84
G1 F1500 X144.661 Y112.159 E3833.46741
G0 F9000 X145.227 Y112.159
G1 F1500 X134.546 Y122.84 E3833.96981
G0 F9000 X135.112 Y122.84
G1 F1500 X145.792 Y112.159 E3834.47219
G0 F9000 X146.366 Y112.151
G1 F1500 X135.678 Y122.84 E3834.97494
G0 F9000 X136.243 Y122.84
G1 F1500 X146.947 Y112.136 E3835.47842
G0 F9000 X147.527 Y112.121
G1 F1500 X136.809 Y122.84 E3835.98259
G0 F9000 X137.375 Y122.84
G1 F1500 X148.109 Y112.106 E3836.48748
G0 F9000 X148.689 Y112.091
G1 F1500 X137.94 Y122.84 E3836.99308
G0 F9000 X138.506 Y122.84
G1 F1500 X149.27 Y112.076 E3837.49939
G0 F9000 X149.851 Y112.06
G1 F1500 X139.072 Y122.84 E3838.00642
G0 F9000 X139.638 Y122.84
G1 F1500 X150.432 Y112.046 E3838.51414
G0 F9000 X151.012 Y112.031
G1 F1500 X140.203 Y122.84 E3839.02256
G0 F9000 X140.769 Y122.84
G1 F1500 X151.593 Y112.016 E3839.53169
G0 F9000 X152.174 Y112
G1 F1500 X141.335 Y122.84 E3840.04155
G0 F9000 X141.9 Y122.84
G1 F1500 X152.754 Y111.985 E3840.55211
G0 F9000 X153.335 Y111.971
G1 F1500 X142.466 Y122.84 E3841.06335
G0 F9000 X143.032 Y122.84
G1 F1500 X153.947 Y111.924 E3841.57679
G0 F9000 X154.561 Y111.876
G1 F1500 X143.597 Y122.84 E3842.0925
G0 F9000 X144.163 Y122.84
G1 F1500 X155.174 Y111.828 E3842.61045
G0 F9000 X155.787 Y111.781
G1 F1500 X144.729 Y122.84 E3843.1306
G0 F9000 X145.294 Y122.84
G1 F1500 X156.4 Y111.734 E3843.653
G0 F9000 X157.013 Y111.686
G1 F1500 X145.86 Y122.84 E3844.17762
G0 F9000 X146.415 Y122.85
G1 F1500 X157.626 Y111.639 E3844.70495
G0 F9000 X158.24 Y111.591
G1 F1500 X146.967 Y122.864 E3845.2352
G0 F9000 X147.518 Y122.878
G1 F1500 X158.853 Y111.543 E3845.76837
G0 F9000 X159.466 Y111.496
G1 F1500 X148.07 Y122.893 E3846.30442
G0 F9000 X148.621 Y122.907
G1 F1500 X160.079 Y111.449 E3846.84337
G0 F9000 X160.693 Y111.401
G1 F1500 X149.173 Y122.921 E3847.38524
G0 F9000 X149.724 Y122.935
G1 F1500 X161.343 Y111.316 E3847.93176
G0 F9000 X161.993 Y111.232
G1 F1500 X150.276 Y122.949 E3848.48289
G0 F9000 X150.827 Y122.963
G1 F1500 X162.643 Y111.148 E3849.03866
G0 F9000 X163.292 Y111.064
G1 F1500 X151.379 Y122.977 E3849.59901
G0 F9000 X151.93 Y122.992
G1 F1500 X163.942 Y110.98 E3850.16401
G0 F9000 X164.592 Y110.896
G1 F1500 X152.481 Y123.006 E3850.73365
G0 F9000 X153.033 Y123.021
G1 F1500 X165.242 Y110.812 E3851.30793
G0 F9000 X165.892 Y110.727
G1 F1500 X153.575 Y123.045 E3851.88731
G0 F9000 X154.1 Y123.085
G1 F1500 X166.542 Y110.643 E3852.47254
G0 F9000 X167.191 Y110.559
G1 F1500 X154.625 Y123.126 E3853.06363
G0 F9000 X155.149 Y123.167
G1 F1500 X167.841 Y110.475 E3853.66062
G0 F9000 X168.521 Y110.361
G1 F1500 X155.675 Y123.207 E3854.26486
G0 F9000 X156.199 Y123.248
G1 F1500 X169.213 Y110.235 E3854.87697
G0 F9000 X169.905 Y110.109
G1 F1500 X156.724 Y123.289 E3855.49694
G0 F9000 X157.249 Y123.33
G1 F1500 X170.597 Y109.982 E3856.12479
G0 F9000 X171.288 Y109.856
G1 F1500 X157.774 Y123.371 E3856.76047
G0 F9000 X158.299 Y123.412
G1 F1500 X171.981 Y109.73 E3857.40403
G0 F9000 X172.672 Y109.604
G1 F1500 X158.823 Y123.453 E3858.05545
G0 F9000 X159.348 Y123.494
G1 F1500 X173.364 Y109.477 E3858.71474
G0 F9000 X174.057 Y109.351
G1 F1500 X159.874 Y123.534 E3859.38187
G0 F9000 X160.398 Y123.575
G1 F1500 X174.748 Y109.225 E3860.05685
G0 F9000 X175.38 Y109.159
G1 F1500 X160.914 Y123.625 E3860.73728
G0 F9000 X161.414 Y123.69
G1 F1500 X175.945 Y109.159 E3861.42078
G0 F9000 X176.511 Y109.159
G1 F1500 X161.916 Y123.755 E3862.1073
G0 F9000 X162.416 Y123.82
G1 F1500 X177.077 Y109.159 E3862.79691
G0 F9000 X177.642 Y109.159
G1 F1500 X162.917 Y123.885 E3863.48955
G0 F9000 X163.418 Y123.95
G1 F1500 X178.208 Y109.159 E3864.18525
G0 F9000 X178.774 Y109.159
G1 F1500 X163.918 Y124.015 E3864.88403
G0 F9000 X164.42 Y124.079
G1 F1500 X179.339 Y109.159 E3865.5858
G0 F9000 X179.905 Y109.159
G1 F1500 X164.92 Y124.144 E3866.29065
G0 F9000 X165.421 Y124.209
G1 F1500 X180.471 Y109.159 E3866.99856
G0 F9000 X181.037 Y109.159
G1 F1500 X165.921 Y124.274 E3867.70954
G0 F9000 X166.423 Y124.339
G1 F1500 X181.602 Y109.159 E3868.42354
G0 F9000 X182.168 Y109.159
G1 F1500 X166.923 Y124.404 E3869.14062
G0 F9000 X167.424 Y124.469
G1 F1500 X182.734 Y109.159 E3869.86075
G0 F9000 X183.299 Y109.159
G1 F1500 X167.925 Y124.534 E3870.58392
G0 F9000 X168.407 Y124.617
G1 F1500 X183.865 Y109.159 E3871.31102
G0 F9000 X184.431 Y109.159
G1 F1500 X168.885 Y124.705 E3872.04226
G0 F9000 X169.364 Y124.792
G1 F1500 X184.996 Y109.159 E3872.77756
G0 F9000 X185.562 Y109.159
G1 F1500 X169.842 Y124.879 E3873.51698
G0 F9000 X170.32 Y124.966
G1 F1500 X186.128 Y109.159 E3874.26052
G0 F9000 X186.693 Y109.159
G1 F1500 X170.799 Y125.053 E3875.00812
G0 F9000 X171.278 Y125.14
G1 F1500 X187.259 Y109.159 E3875.75982
G0 F9000 X187.825 Y109.159
G1 F1500 X171.756 Y125.228 E3876.51566
G0 F9000 X172.234 Y125.315
G1 F1500 X188.39 Y109.159 E3877.27559
G0 F9000 X188.956 Y109.159
G1 F1500 X172.712 Y125.403 E3878.03965
G0 F9000 X173.191 Y125.49
G1 F1500 X189.522 Y109.159 E3878.80781
G0 F9000 X190.087 Y109.159
G1 F1500 X173.67 Y125.577 E3879.58004
G0 F9000 X174.148 Y125.664
G1 F1500 X190.653 Y109.159 E3880.35639
G0 F9000 X191.219 Y109.159
G1 F1500 X174.627 Y125.751 E3881.13682
G0 F9000 X175.105 Y125.839
G1 F1500 X191.785 Y109.159 E3881.9214
G0 F9000 X192.35 Y109.159
G1 F1500 X175.67 Y125.84 E3882.706
G0 F9000 X176.235 Y125.84
G1 F1500 X192.916 Y109.159 E3883.49062
G0 F9000 X193.482 Y109.159
G1 F1500 X176.801 Y125.84 E3884.27525
G0 F9000 X177.367 Y125.84
G1 F1500 X194.047 Y109.159 E3885.05985
G0 F9000 X194.613 Y109.159
G1 F1500 X177.932 Y125.84 E3885.84447
G0 F9000 X178.498 Y125.84
G1 F1500 X195.179 Y109.159 E3886.62909
G0 F9000 X195.744 Y109.159
G1 F1500 X179.064 Y125.84 E3887.41369
G0 F9000 X179.629 Y125.84
G1 F1500 X196.31 Y109.159 E3888.19831
G0 F9000 X196.876 Y109.159
G1 F1500 X180.195 Y125.84 E3888.98294
G0 F9000 X180.761 Y125.84
G1 F1500 X197.441 Y109.159 E3889.76754
G0 F9000 X198.007 Y109.159
G1 F1500 X181.326 Y125.84 E3890.55216
G0 F9000 X181.892 Y125.84
G1 F1500 X198.573 Y109.159 E3891.33678
G0 F9000 X198.839 Y109.459
G1 F1500 X182.458 Y125.84 E3892.10729
G0 F9000 X183.023 Y125.84
G1 F1500 X198.839 Y110.025 E3892.85121
G0 F9000 X198.839 Y110.59
G1 F1500 X183.589 Y125.84 E3893.56852
G0 F9000 X184.155 Y125.84
G1 F1500 X198.839 Y111.156 E3894.25921
G0 F9000 X198.839 Y111.722
G1 F1500 X184.721 Y125.84 E3894.92328
G0 F9000 X185.286 Y125.84
G1 F1500 X198.839 Y112.287 E3895.56077
G0 F9000 X198.839 Y112.853
G1 F1500 X185.852 Y125.84 E3896.17164
G0 F9000 X186.418 Y125.84
G1 F1500 X198.839 Y113.419 E3896.75588
G0 F9000 X198.839 Y113.984
G1 F1500 X186.983 Y125.84 E3897.31355
G0 F9000 X187.549 Y125.84
G1 F1500 X198.839 Y114.55 E3897.8446
G0 F9000 X198.839 Y115.116
G1 F1500 X188.115 Y125.84 E3898.34903
G0 F9000 X188.68 Y125.84
G1 F1500 X198.839 Y115.681 E3898.82687
G0 F9000 X198.839 Y116.247
G1 F1500 X189.246 Y125.84 E3899.2781
G0 F9000 X189.812 Y125.84
G1 F1500 X198.839 Y116.813 E3899.7027
G0 F9000 X198.839 Y117.379
G1 F1500 X190.377 Y125.84 E3900.1007
G0 F9000 X190.943 Y125.84
G1 F1500 X198.839 Y117.944 E3900.47211
G0 F9000 X198.839 Y118.51
G1 F1500 X191.509 Y125.84 E3900.81689
G0 F9000 X192.074 Y125.84
G1 F1500 X198.839 Y119.076 E3901.13507
G0 F9000 X198.839 Y119.641
G1 F1500 X192.64 Y125.84 E3901.42665
G0 F9000 X193.206 Y125.84
G1 F1500 X198.839 Y120.207 E3901.69161
G0 F9000 X198.839 Y120.773
G1 F1500 X193.772 Y125.84 E3901.92995
G0 F9000 X194.337 Y125.84
G1 F1500 X198.839 Y121.338 E3902.14171
G0 F9000 X198.839 Y121.904
G1 F1500 X194.903 Y125.84 E3902.32684
G0 F9000 X195.469 Y125.84
G1 F1500 X198.839 Y122.47 E3902.48536
G0 F9000 X198.839 Y123.035
G1 F1500 X196.034 Y125.84 E3902.6173
G0 F9000 X196.6 Y125.84
G1 F1500 X198.839 Y123.601 E3902.72261
G0 F9000 X198.839 Y124.167
G1 F1500 X197.166 Y125.84 E3902.80131
G0 F9000 X197.731 Y125.84
G1 F1500 X198.839 Y124.732 E3902.85342
G0 F9000 X198.839 Y125.298
G1 F1500 X198.297 Y125.84 E3902.87892
G1 F2700 E3897.87892
;MESH:NONMESH
G0 F300 X198.297 Y125.84 Z3.8
G0 F9000 X198.297 Y126.3
G0 X199.228 Y126.228
G0 X199.228 Y108.772 ;T9.452 R8.000 A1.570 C-421.702048 FILLET CORNER
G0 X175.07 Y108.761 ;T-78.987 R8.000 A0.155 C-54.417653000000406 FILLET CORNER
G0 X160.635 Y111.007 ;T-140.801 R8.000 A0.103 C12.444365000000179 FILLET CORNER
G0 X152.35 Y111.434 ;T-330.050 R8.000 A0.047 C24.847321999999558 FILLET CORNER
G0 X88.979 Y111.701
G1 F2700 E3902.87892
G0 F9000 X88.983 Y111.6
;TIME_ELAPSED:5363.232820
;LAYER:18
;TYPE:WALL-INNER
;MESH:D638-22 Type I Tensile Specimen.STL
G1 F1500 X146.015 Y111.6 E3904.77581
G1 X153.343 Y111.411 E3905.01962
G1 X160.654 Y110.844 E3905.26352
G1 X167.894 Y109.906 E3905.50633
G1 X175.055 Y108.6 E3905.74844
G1 X199.4 Y108.6 E3906.55815 ;T16.345 R8.000 A1.571 C216.67050000000012 FILLET CORNER
G1 X199.4 Y117.5 E3906.85417
G1 X199.4 Y126.4 E3907.15018 ;T0.900 R8.000 A1.571 C216.6527000000003 FILLET CORNER
G1 X175.057 Y126.4 E3907.95984
G1 X167.896 Y125.094 E3908.20194
G1 X160.654 Y124.156 E3908.44482
G1 X153.345 Y123.589 E3908.68865
G1 X146.017 Y123.4 E3908.93246
G1 X88.985 Y123.4 E3910.82935
G1 X81.657 Y123.589 E3911.07317
G1 X74.346 Y124.156 E3911.31706
G1 X67.106 Y125.094 E3911.55988
G1 X59.945 Y126.4 E3911.80198
G1 X35.6 Y126.4 E3912.6117 ;T16.345 R8.000 A1.571 C433.34100000000024 FILLET CORNER
G1 X35.6 Y108.6 E3913.20373 ;T9.800 R8.000 A1.571 C433.3054000000002 FILLET CORNER
G1 X59.943 Y108.6 E3914.01338
G1 X67.104 Y109.906 E3914.25549
G1 X74.346 Y110.844 E3914.49837
G1 X81.655 Y111.411 E3914.7422
G1 X88.983 Y111.6 E3914.98601
G1 F2700 E3909.98601
G0 F9000 X88.979 Y111.701
G0 X74.325 Y111.003 ;T-134.873 R8.000 A0.107 C22.805162000000145 FILLET CORNER
G0 X59.928 Y108.761 ;T-88.488 R8.000 A0.155 C-54.31611900000024 FILLET CORNER
G0 X35.772 Y108.772 ;T16.152 R8.000 A1.570 C-421.6671359999997 FILLET CORNER
G0 X35.772 Y126.228 ;T9.452 R8.000 A1.570 C-421.70204799999976 FILLET CORNER
G0 X59.93 Y126.239 ;T-78.973 R8.000 A0.155 C-54.41763100000037 FILLET CORNER
G0 X74.363 Y123.993 ;T-117.723 R8.000 A0.121 C25.76019000000028 FILLET CORNER
G0 X88.994 Y123.501
G1 F2700 E3914.98601
G0 F9000 X88.995 Y123.8
;TYPE:WALL-OUTER
G1 F1500 X146.007 Y123.8 E3916.88223
G1 X153.314 Y123.988 E3917.12535
G1 X160.602 Y124.553 E3917.36847
G1 X167.854 Y125.493 E3917.61169
G1 X175.021 Y126.8 E3917.854
G1 X199.8 Y126.8 E3918.67815 ;T16.779 R8.000 A1.571 C-230.44470000000015 FILLET CORNER
G1 X199.8 Y117.5 E3918.98747
G1 X199.8 Y108.2 E3919.29679 ;T1.300 R8.000 A1.571 C-230.46329999999998 FILLET CORNER
G1 X175.019 Y108.2 E3920.12101
G1 X167.842 Y109.509 E3920.36366
G1 X160.592 Y110.448 E3920.60681
G1 X153.302 Y111.012 E3920.85
G1 X146.005 Y111.2 E3921.09278
G1 X88.993 Y111.2 E3922.989
G1 X81.686 Y111.012 E3923.23212
G1 X74.398 Y110.447 E3923.47524
G1 X67.146 Y109.507 E3923.71846
G1 X59.979 Y108.2 E3923.96077
G1 X35.2 Y108.2 E3924.78492 ;T16.779 R8.000 A1.571 C-460.8893999999998 FILLET CORNER
G1 X35.2 Y126.8 E3925.40356 ;T10.600 R8.000 A1.571 C-460.92659999999984 FILLET CORNER
G1 X59.981 Y126.8 E3926.22778
G1 X67.158 Y125.491 E3926.47043
G1 X74.408 Y124.552 E3926.71358
G1 X81.698 Y123.988 E3926.95677
G1 X88.995 Y123.8 E3927.19955
G0 F9000 X88.977 Y123.04
;TYPE:SKIN
G1 F1500 X146.027 Y123.04 E3929.09704
G1 X153.372 Y123.23 E3929.34142
G1 X160.7 Y123.799 E3929.58588
G1 X167.99 Y124.744 E3929.83038
G1 X175.092 Y126.04 E3930.07049
G1 X199.04 Y126.04 E3930.867 ;T15.948 R8.000 A1.571 C-204.51591999999997 FILLET CORNER
G1 X199.04 Y117.5 E3931.15105
G1 X199.04 Y108.96 E3931.43509 ;T0.540 R8.000 A1.571 C-204.54154000000008 FILLET CORNER
G1 X175.089 Y108.96 E3932.2317
G1 X167.981 Y110.257 E3932.47202
G1 X160.651 Y111.206 E3932.71785
G1 X153.321 Y111.772 E3932.96237
G1 X146.024 Y111.96 E3933.20515
G1 X88.975 Y111.96 E3935.10261
G1 X81.629 Y111.77 E3935.34702
G1 X74.335 Y111.205 E3935.59035
G1 X67.01 Y110.256 E3935.83601
G1 X59.908 Y108.96 E3936.07613
G1 X35.96 Y108.96 E3936.87264 ;T15.948 R8.000 A1.571 C-409.03184000000033 FILLET CORNER
G1 X35.96 Y126.04 E3937.44072 ;T9.080 R8.000 A1.571 C-409.08308000000034 FILLET CORNER
G1 X59.911 Y126.04 E3938.23734
G1 X67.023 Y124.742 E3938.47779
G1 X74.347 Y123.794 E3938.72342
G1 X81.64 Y123.23 E3938.96671
G1 X88.977 Y123.04 E3939.21082
G1 F2700 E3934.21082
G0 F9000 X88.98 Y123.3
G0 X69.807 Y124.562 ;T-136.811 R8.000 A0.102 C-19.688347000000128 FILLET CORNER
G0 X59.93 Y126.239 ;T-86.388 R8.000 A0.166 C38.75501600000023 FILLET CORNER
G0 X36.461 Y126.3
G1 F2700 E3939.21082
G0 F9000 X36.461 Y125.839
G1 F1500 X36.16 Y125.538 E3939.22498
G0 F9000 X36.16 Y124.972
G1 F1500 X37.026 Y125.839 E3939.26574
G0 F9000 X37.592 Y125.839
G1 F1500 X36.16 Y124.406 E3939.33312
G0 F9000 X36.16 Y123.841
G1 F1500 X38.158 Y125.839 E3939.4271
G0 F9000 X38.723 Y125.839
G1 F1500 X36.16 Y123.275 E3939.54768
G0 F9000 X36.16 Y122.709
G1 F1500 X39.289 Y125.839 E3939.69488
G0 F9000 X39.855 Y125.839
G1 F1500 X36.16 Y122.144 E3939.86868
G0 F9000 X36.16 Y121.578
G1 F1500 X40.421 Y125.839 E3940.0691
G0 F9000 X40.986 Y125.839
G1 F1500 X36.16 Y121.012 E3940.29613
G0 F9000 X36.16 Y120.447
G1 F1500 X41.552 Y125.839 E3940.54975
G0 F9000 X42.118 Y125.839
G1 F1500 X36.16 Y119.881 E3940.83
G0 F9000 X36.16 Y119.315
G1 F1500 X42.683 Y125.839 E3941.13684
G0 F9000 X43.249 Y125.839
G1 F1500 X36.16 Y118.75 E3941.47029
G0 F9000 X36.16 Y118.184
G1 F1500 X43.815 Y125.839 E3941.83035
G0 F9000 X44.38 Y125.839
G1 F1500 X36.16 Y117.618 E3942.21702
G0 F9000 X36.16 Y117.053
G1 F1500 X44.946 Y125.839 E3942.63029
G0 F9000 X45.512 Y125.839
G1 F1500 X36.16 Y116.487 E3943.07018
G0 F9000 X36.16 Y115.921
G1 F1500 X46.077 Y125.839 E3943.53667
G0 F9000 X46.643 Y125.839
G1 F1500 X36.16 Y115.355 E3944.02978
G0 F9000 X36.16 Y114.79
G1 F1500 X47.209 Y125.839 E3944.54949
G0 F9000 X47.774 Y125.839
G1 F1500 X36.16 Y114.224 E3945.0958
G0 F9000 X36.16 Y113.658
G1 F1500 X48.34 Y125.839 E3945.66873
G0 F9000 X48.906 Y125.839
G1 F1500 X36.16 Y113.093 E3946.26827
G0 F9000 X36.16 Y112.527
G1 F1500 X49.472 Y125.839 E3946.89442
G0 F9000 X50.037 Y125.839
G1 F1500 X36.16 Y111.961 E3947.54718
G0 F9000 X36.16 Y111.396
G1 F1500 X50.603 Y125.839 E3948.22653
G0 F9000 X51.169 Y125.839
G1 F1500 X36.16 Y110.83 E3948.93251
G0 F9000 X36.16 Y110.264
G1 F1500 X51.734 Y125.839 E3949.66509
G0 F9000 X52.3 Y125.839
G1 F1500 X36.16 Y109.699 E3950.42426
G0 F9000 X36.186 Y109.159
G1 F1500 X52.866 Y125.839 E3951.20884
G0 F9000 X53.431 Y125.839
G1 F1500 X36.751 Y109.159 E3951.99341
G0 F9000 X37.317 Y109.159
G1 F1500 X53.997 Y125.839 E3952.77799
G0 F9000 X54.563 Y125.839
G1 F1500 X37.883 Y109.159 E3953.56257
G0 F9000 X38.448 Y109.159
G1 F1500 X55.128 Y125.839 E3954.34714
G0 F9000 X55.694 Y125.839
G1 F1500 X39.014 Y109.159 E3955.13172
G0 F9000 X39.58 Y109.159
G1 F1500 X56.26 Y125.839 E3955.91629
G0 F9000 X56.825 Y125.839
G1 F1500 X40.145 Y109.159 E3956.70087
G0 F9000 X40.711 Y109.159
G1 F1500 X57.391 Y125.839 E3957.48545
G0 F9000 X57.957 Y125.839
G1 F1500 X41.277 Y109.159 E3958.27002
G0 F9000 X41.843 Y109.159
G1 F1500 X58.522 Y125.839 E3959.05457
G0 F9000 X59.088 Y125.839
G1 F1500 X42.408 Y109.159 E3959.83915
G0 F9000 X42.974 Y109.159
G1 F1500 X59.654 Y125.839 E3960.62373
G0 F9000 X60.169 Y125.788
G1 F1500 X43.54 Y109.159 E3961.4059
G0 F9000 X44.105 Y109.159
G1 F1500 X60.647 Y125.701 E3962.18399
G0 F9000 X61.125 Y125.613
G1 F1500 X44.671 Y109.159 E3962.95793
G0 F9000 X45.237 Y109.159
G1 F1500 X61.604 Y125.527 E3963.72781
G0 F9000 X62.082 Y125.439
G1 F1500 X45.802 Y109.159 E3964.49357
G0 F9000 X46.368 Y109.159
G1 F1500 X62.561 Y125.352 E3965.25524
G0 F9000 X63.039 Y125.264
G1 F1500 X46.934 Y109.159 E3966.01277
G0 F9000 X47.499 Y109.159
G1 F1500 X63.517 Y125.177 E3966.76621
G0 F9000 X63.995 Y125.09
G1 F1500 X48.065 Y109.159 E3967.51553
G0 F9000 X48.631 Y109.159
G1 F1500 X64.474 Y125.003 E3968.26076
G0 F9000 X64.952 Y124.915
G1 F1500 X49.196 Y109.159 E3969.00187
G0 F9000 X49.762 Y109.159
G1 F1500 X65.43 Y124.827 E3969.73885
G0 F9000 X65.909 Y124.74
G1 F1500 X50.328 Y109.159 E3970.47173
G0 F9000 X50.894 Y109.159
G1 F1500 X66.387 Y124.653 E3971.2005
G0 F9000 X66.866 Y124.566
G1 F1500 X51.459 Y109.159 E3971.9252
G0 F9000 X52.025 Y109.159
G1 F1500 X67.361 Y124.496 E3972.64658
G0 F9000 X67.862 Y124.43
G1 F1500 X52.591 Y109.159 E3973.36488
G0 F9000 X53.156 Y109.159
G1 F1500 X68.363 Y124.365 E3974.08015
G0 F9000 X68.863 Y124.3
G1 F1500 X53.722 Y109.159 E3974.79233
G0 F9000 X54.288 Y109.159
G1 F1500 X69.365 Y124.236 E3975.50151
G0 F9000 X69.865 Y124.171
G1 F1500 X54.853 Y109.159 E3976.20763
G0 F9000 X55.419 Y109.159
G1 F1500 X70.366 Y124.106 E3976.91069
G0 F9000 X70.866 Y124.041
G1 F1500 X55.985 Y109.159 E3977.61067
G0 F9000 X56.55 Y109.159
G1 F1500 X71.367 Y123.976 E3978.30761
G0 F9000 X71.868 Y123.911
G1 F1500 X57.116 Y109.159 E3979.0015
G0 F9000 X57.682 Y109.159
G1 F1500 X72.369 Y123.846 E3979.69234
G0 F9000 X72.87 Y123.781
G1 F1500 X58.247 Y109.159 E3980.38013
G0 F9000 X58.813 Y109.159
G1 F1500 X73.37 Y123.716 E3981.06485
G0 F9000 X73.871 Y123.651
G1 F1500 X59.379 Y109.159 E3981.74651
G0 F9000 X59.957 Y109.172
G1 F1500 X74.375 Y123.59 E3982.42469
G0 F9000 X74.9 Y123.549
G1 F1500 X60.649 Y109.298 E3983.09501
G0 F9000 X61.341 Y109.424
G1 F1500 X75.425 Y123.508 E3983.75748
G0 F9000 X75.951 Y123.468
G1 F1500 X62.033 Y109.55 E3984.41214
G0 F9000 X62.725 Y109.677
G1 F1500 X76.475 Y123.427 E3985.0589
G0 F9000 X77.001 Y123.387
G1 F1500 X63.417 Y109.803 E3985.69785
G0 F9000 X64.109 Y109.929
G1 F1500 X77.525 Y123.346 E3986.32892
G0 F9000 X78.051 Y123.305
G1 F1500 X64.801 Y110.056 E3986.95213
G0 F9000 X65.492 Y110.182
G1 F1500 X78.575 Y123.264 E3987.56749
G0 F9000 X79.101 Y123.224
G1 F1500 X66.185 Y110.308 E3988.17502
G0 F9000 X66.876 Y110.434
G1 F1500 X79.625 Y123.183 E3988.7747
G0 F9000 X80.151 Y123.143
G1 F1500 X67.533 Y110.525 E3989.36821
G0 F9000 X68.183 Y110.609
G1 F1500 X80.675 Y123.102 E3989.95582
G0 F9000 X81.201 Y123.062
G1 F1500 X68.833 Y110.694 E3990.53757
G0 F9000 X69.482 Y110.777
G1 F1500 X81.731 Y123.026 E3991.11373
G0 F9000 X82.283 Y123.012
G1 F1500 X70.132 Y110.861 E3991.68527
G0 F9000 X70.782 Y110.945
G1 F1500 X82.834 Y122.998 E3992.25218
G0 F9000 X83.385 Y122.983
G1 F1500 X71.431 Y111.029 E3992.81446
G0 F9000 X72.081 Y111.114
G1 F1500 X83.937 Y122.969 E3993.37211
G0 F9000 X84.488 Y122.955
G1 F1500 X72.73 Y111.197 E3993.92517
G0 F9000 X73.38 Y111.281
G1 F1500 X85.04 Y122.941 E3994.47362
G0 F9000 X85.591 Y122.926
G1 F1500 X74.03 Y111.365 E3995.01742
G0 F9000 X74.66 Y111.43
G1 F1500 X86.142 Y122.912 E3995.55749
G0 F9000 X86.694 Y122.897
G1 F1500 X75.273 Y111.477 E3996.09468
G0 F9000 X75.886 Y111.524
G1 F1500 X87.245 Y122.883 E3996.62897
G0 F9000 X87.797 Y122.869
G1 F1500 X76.499 Y111.572 E3997.16037
G0 F9000 X77.112 Y111.619
G1 F1500 X88.348 Y122.854 E3997.68885
G0 F9000 X88.899 Y122.84
G1 F1500 X77.725 Y111.667 E3998.21442
G0 F9000 X78.338 Y111.714
G1 F1500 X89.463 Y122.839 E3998.73771
G0 F9000 X90.029 Y122.839
G1 F1500 X78.952 Y111.761 E3999.25876
G0 F9000 X79.565 Y111.809
G1 F1500 X90.595 Y122.839 E3999.77758
G0 F9000 X91.16 Y122.839
G1 F1500 X80.178 Y111.856 E4000.29416
G0 F9000 X80.791 Y111.903
G1 F1500 X91.726 Y122.839 E4000.80853
G0 F9000 X92.292 Y122.839
G1 F1500 X81.404 Y111.951 E4001.32067
G0 F9000 X81.997 Y111.978
G1 F1500 X92.857 Y122.839 E4001.83151
G0 F9000 X93.423 Y122.839
G1 F1500 X82.578 Y111.993 E4002.34165
G0 F9000 X83.158 Y112.008
G1 F1500 X93.989 Y122.839 E4002.85111
G0 F9000 X94.555 Y122.839
G1 F1500 X83.739 Y112.024 E4003.35984
G0 F9000 X84.32 Y112.038
G1 F1500 X95.12 Y122.839 E4003.86786
G0 F9000 X95.686 Y122.839
G1 F1500 X84.9 Y112.053 E4004.3752
G0 F9000 X85.482 Y112.069
G1 F1500 X96.252 Y122.839 E4004.88179
G0 F9000 X96.817 Y122.839
G1 F1500 X86.062 Y112.084 E4005.38767
G0 F9000 X86.643 Y112.099
G1 F1500 X97.383 Y122.839 E4005.89285
G0 F9000 X97.949 Y122.839
G1 F1500 X87.223 Y112.113 E4006.39737
G0 F9000 X87.804 Y112.129
G1 F1500 X98.514 Y122.839 E4006.90113
G0 F9000 X99.08 Y122.839
G1 F1500 X88.385 Y112.144 E4007.40419
G0 F9000 X88.966 Y112.159
G1 F1500 X99.646 Y122.839 E4007.90655
G0 F9000 X100.211 Y122.839
G1 F1500 X89.532 Y112.159 E4008.40888
G0 F9000 X90.098 Y112.159
G1 F1500 X100.777 Y122.839 E4008.91121
G0 F9000 X101.343 Y122.839
G1 F1500 X90.663 Y112.159 E4009.41356
G0 F9000 X91.229 Y112.159
G1 F1500 X101.908 Y122.839 E4009.91589
G0 F9000 X102.474 Y122.839
G1 F1500 X91.795 Y112.159 E4010.41822
G0 F9000 X92.36 Y112.159
G1 F1500 X103.04 Y122.839 E4010.92058
G0 F9000 X103.605 Y122.839
G1 F1500 X92.926 Y112.159 E4011.42291
G0 F9000 X93.492 Y112.159
G1 F1500 X104.171 Y122.839 E4011.92524
G0 F9000 X104.737 Y122.839
G1 F1500 X94.057 Y112.159 E4012.4276
G0 F9000 X94.623 Y112.159
G1 F1500 X105.303 Y122.839 E4012.92995
G0 F9000 X105.868 Y122.839
G1 F1500 X95.189 Y112.159 E4013.43228
G0 F9000 X95.754 Y112.159
G1 F1500 X106.434 Y122.839 E4013.93464
G0 F9000 X107 Y122.839
G1 F1500 X96.32 Y112.159 E4014.43699
G0 F9000 X96.886 Y112.159
G1 F1500 X107.565 Y122.839 E4014.93932
G0 F9000 X108.131 Y122.839
G1 F1500 X97.452 Y112.159 E4015.44165
G0 F9000 X98.017 Y112.159
G1 F1500 X108.697 Y122.839 E4015.94401
G0 F9000 X109.262 Y122.839
G1 F1500 X98.583 Y112.159 E4016.44634
G0 F9000 X99.149 Y112.159
G1 F1500 X109.828 Y122.839 E4016.94867
G0 F9000 X110.394 Y122.839
G1 F1500 X99.714 Y112.159 E4017.45102
G0 F9000 X100.28 Y112.159
G1 F1500 X110.959 Y122.839 E4017.95335
G0 F9000 X111.525 Y122.839
G1 F1500 X100.846 Y112.159 E4018.45568
G0 F9000 X101.411 Y112.159
G1 F1500 X112.091 Y122.839 E4018.95804
G0 F9000 X112.656 Y122.839
G1 F1500 X101.977 Y112.159 E4019.46037
G0 F9000 X102.543 Y112.159
G1 F1500 X113.222 Y122.839 E4019.9627
G0 F9000 X113.788 Y122.839
G1 F1500 X103.108 Y112.159 E4020.46506
G0 F9000 X103.674 Y112.159
G1 F1500 X114.354 Y122.839 E4020.96741
G0 F9000 X114.919 Y122.839
G1 F1500 X104.24 Y112.159 E4021.46974
G0 F9000 X104.805 Y112.159
G1 F1500 X115.485 Y122.839 E4021.97209
G0 F9000 X116.051 Y122.839
G1 F1500 X105.371 Y112.159 E4022.47445
G0 F9000 X105.937 Y112.159
G1 F1500 X116.616 Y122.839 E4022.97678
G0 F9000 X117.182 Y122.839
G1 F1500 X106.503 Y112.159 E4023.47911
G0 F9000 X107.068 Y112.159
G1 F1500 X117.748 Y122.839 E4023.98147
G0 F9000 X118.313 Y122.839
G1 F1500 X107.634 Y112.159 E4024.4838
G0 F9000 X108.2 Y112.159
G1 F1500 X118.879 Y122.839 E4024.98613
G0 F9000 X119.445 Y122.839
G1 F1500 X108.765 Y112.159 E4025.48848
G0 F9000 X109.331 Y112.159
G1 F1500 X120.01 Y122.839 E4025.99081
G0 F9000 X120.576 Y122.839
G1 F1500 X109.897 Y112.159 E4026.49314
G0 F9000 X110.462 Y112.159
G1 F1500 X121.142 Y122.839 E4026.9955
G0 F9000 X121.707 Y122.839
G1 F1500 X111.028 Y112.159 E4027.49783
G0 F9000 X111.594 Y112.159
G1 F1500 X122.273 Y122.839 E4028.00016
G0 F9000 X122.839 Y122.839
G1 F1500 X112.159 Y112.159 E4028.50251
G0 F9000 X112.725 Y112.159
G1 F1500 X123.404 Y122.839 E4029.00485
G0 F9000 X123.97 Y122.839
G1 F1500 X113.291 Y112.159 E4029.50718
G0 F9000 X113.856 Y112.159
G1 F1500 X124.536 Y122.839 E4030.00953
G0 F9000 X125.102 Y122.839
G1 F1500 X114.422 Y112.159 E4030.51189
G0 F9000 X114.988 Y112.159
G1 F1500 X125.667 Y122.839 E4031.01422
G0 F9000 X126.233 Y122.839
G1 F1500 X115.553 Y112.159 E4031.51657
G0 F9000 X116.119 Y112.159
G1 F1500 X126.799 Y122.839 E4032.01893
G0 F9000 X127.364 Y122.839
G1 F1500 X116.685 Y112.159 E4032.52126
G0 F9000 X117.251 Y112.159
G1 F1500 X127.93 Y122.839 E4033.02359
G0 F9000 X128.496 Y122.839
G1 F1500 X117.817 Y112.16 E4033.52589
G0 F9000 X118.383 Y112.16
G1 F1500 X129.061 Y122.839 E4034.02818
G0 F9000 X129.627 Y122.839
G1 F1500 X118.948 Y112.16 E4034.53049
G0 F9000 X119.514 Y112.16
G1 F1500 X130.193 Y122.839 E4035.03279
G0 F9000 X130.758 Y122.839
G1 F1500 X120.08 Y112.16 E4035.53508
G0 F9000 X120.645 Y112.16
G1 F1500 X131.324 Y122.839 E4036.03738
G0 F9000 X131.89 Y122.839
G1 F1500 X121.211 Y112.16 E4036.53969
G0 F9000 X121.777 Y112.16
G1 F1500 X132.455 Y122.839 E4037.04198
G0 F9000 X133.021 Y122.839
G1 F1500 X122.342 Y112.16 E4037.54428
G0 F9000 X122.908 Y112.16
G1 F1500 X133.587 Y122.839 E4038.04659
G0 F9000 X134.153 Y122.839
G1 F1500 X123.474 Y112.16 E4038.5489
G0 F9000 X124.039 Y112.16
G1 F1500 X134.718 Y122.839 E4039.05121
G0 F9000 X135.284 Y122.839
G1 F1500 X124.605 Y112.16 E4039.55351
G0 F9000 X125.171 Y112.16
G1 F1500 X135.85 Y122.839 E4040.05582
G0 F9000 X136.415 Y122.839
G1 F1500 X125.737 Y112.16 E4040.5581
G0 F9000 X126.302 Y112.16
G1 F1500 X136.981 Y122.839 E4041.06041
G0 F9000 X137.547 Y122.839
G1 F1500 X126.868 Y112.16 E4041.56272
G0 F9000 X127.434 Y112.16
G1 F1500 X138.112 Y122.839 E4042.065
G0 F9000 X138.678 Y122.839
G1 F1500 X127.999 Y112.16 E4042.56731
G0 F9000 X128.565 Y112.16
G1 F1500 X139.244 Y122.839 E4043.06962
G0 F9000 X139.809 Y122.839
G1 F1500 X129.131 Y112.16 E4043.5719
G0 F9000 X129.696 Y112.16
G1 F1500 X140.375 Y122.839 E4044.07421
G0 F9000 X140.941 Y122.839
G1 F1500 X130.262 Y112.16 E4044.57652
G0 F9000 X130.828 Y112.16
G1 F1500 X141.506 Y122.839 E4045.0788
G0 F9000 X142.072 Y122.839
G1 F1500 X131.393 Y112.16 E4045.58111
G0 F9000 X131.959 Y112.16
G1 F1500 X142.638 Y122.839 E4046.08342
G0 F9000 X143.203 Y122.839
G1 F1500 X132.525 Y112.16 E4046.5857
G0 F9000 X133.09 Y112.16
G1 F1500 X143.769 Y122.839 E4047.08801
G0 F9000 X144.335 Y122.839
G1 F1500 X133.656 Y112.16 E4047.59031
G0 F9000 X134.222 Y112.16
G1 F1500 X144.901 Y122.839 E4048.09262
G0 F9000 X145.466 Y122.839
G1 F1500 X134.787 Y112.16 E4048.59493
G0 F9000 X135.353 Y112.16
G1 F1500 X146.033 Y122.84 E4049.09728
G0 F9000 X146.613 Y122.854
G1 F1500 X135.919 Y112.16 E4049.6003
G0 F9000 X136.485 Y112.16
G1 F1500 X147.194 Y122.869 E4050.10402
G0 F9000 X147.774 Y122.884
G1 F1500 X137.05 Y112.16 E4050.60844
G0 F9000 X137.616 Y112.16
G1 F1500 X148.355 Y122.899 E4051.11357
G0 F9000 X148.935 Y122.914
G1 F1500 X138.182 Y112.16 E4051.61938
G0 F9000 X138.747 Y112.16
G1 F1500 X149.517 Y122.929 E4052.12594
G0 F9000 X150.097 Y122.944
G1 F1500 X139.313 Y112.16 E4052.63319
G0 F9000 X139.879 Y112.16
G1 F1500 X150.678 Y122.959 E4053.14114
G0 F9000 X151.258 Y122.974
G1 F1500 X140.444 Y112.16 E4053.6498
G0 F9000 X141.01 Y112.16
G1 F1500 X151.839 Y122.989 E4054.15916
G0 F9000 X152.419 Y123.004
G1 F1500 X141.576 Y112.16 E4054.66921
G0 F9000 X142.141 Y112.16
G1 F1500 X153 Y123.019 E4055.17998
G0 F9000 X153.592 Y123.045
G1 F1500 X142.707 Y112.16 E4055.69198
G0 F9000 X143.273 Y112.16
G1 F1500 X154.205 Y123.093 E4056.20621
G0 F9000 X154.818 Y123.14
G1 F1500 X143.838 Y112.16 E4056.72268
G0 F9000 X144.404 Y112.16
G1 F1500 X155.432 Y123.188 E4057.2414
G0 F9000 X156.045 Y123.235
G1 F1500 X144.97 Y112.16 E4057.76233
G0 F9000 X145.536 Y112.16
G1 F1500 X156.659 Y123.284 E4058.28555
G0 F9000 X157.272 Y123.331
G1 F1500 X146.1 Y112.159 E4058.81105
G0 F9000 X146.651 Y112.145
G1 F1500 X157.886 Y123.379 E4059.33948
G0 F9000 X158.499 Y123.426
G1 F1500 X147.202 Y112.13 E4059.87083
G0 F9000 X147.754 Y112.116
G1 F1500 X159.113 Y123.474 E4060.4051
G0 F9000 X159.726 Y123.522
G1 F1500 X148.305 Y112.101 E4060.94231
G0 F9000 X148.857 Y112.087
G1 F1500 X160.339 Y123.57 E4061.48241
G0 F9000 X160.966 Y123.631
G1 F1500 X149.408 Y112.073 E4062.02607
G0 F9000 X149.96 Y112.059
G1 F1500 X161.617 Y123.716 E4062.57438
G0 F9000 X162.266 Y123.8
G1 F1500 X150.511 Y112.044 E4063.12732
G0 F9000 X151.062 Y112.03
G1 F1500 X162.916 Y123.884 E4063.68489
G0 F9000 X163.566 Y123.968
G1 F1500 X151.614 Y112.016 E4064.24708
G0 F9000 X152.165 Y112.002
G1 F1500 X164.216 Y124.052 E4064.8139
G0 F9000 X164.866 Y124.136
G1 F1500 X152.717 Y111.988 E4065.38533
G0 F9000 X153.268 Y111.973
G1 F1500 X165.516 Y124.22 E4065.96141
G0 F9000 X166.165 Y124.305
G1 F1500 X153.797 Y111.936 E4066.54319
G0 F9000 X154.322 Y111.896
G1 F1500 X166.816 Y124.389 E4067.13084
G0 F9000 X167.466 Y124.474
G1 F1500 X154.847 Y111.855 E4067.7244
G0 F9000 X155.372 Y111.814
G1 F1500 X168.123 Y124.565 E4068.32417
G0 F9000 X168.814 Y124.691
G1 F1500 X155.897 Y111.773 E4068.93177
G0 F9000 X156.422 Y111.733
G1 F1500 X169.506 Y124.817 E4069.5472
G0 F9000 X170.198 Y124.943
G1 F1500 X156.947 Y111.692 E4070.17049
G0 F9000 X157.472 Y111.652
G1 F1500 X170.89 Y125.07 E4070.80163
G0 F9000 X171.582 Y125.196
G1 F1500 X157.997 Y111.611 E4071.44063
G0 F9000 X158.522 Y111.57
G1 F1500 X172.273 Y125.321 E4072.08743
G0 F9000 X172.966 Y125.448
G1 F1500 X159.047 Y111.529 E4072.74214
G0 F9000 X159.572 Y111.489
G1 F1500 X173.657 Y125.574 E4073.40465
G0 F9000 X174.349 Y125.7
G1 F1500 X160.097 Y111.448 E4074.07502
G0 F9000 X160.622 Y111.408
G1 F1500 X175.041 Y125.826 E4074.75323
G0 F9000 X175.619 Y125.839
G1 F1500 X161.126 Y111.345 E4075.43496
G0 F9000 X161.626 Y111.28
G1 F1500 X176.185 Y125.839 E4076.11977
G0 F9000 X176.751 Y125.839
G1 F1500 X162.128 Y111.216 E4076.80759
G0 F9000 X162.628 Y111.151
G1 F1500 X177.316 Y125.839 E4077.49847
G0 F9000 X177.882 Y125.839
G1 F1500 X163.129 Y111.086 E4078.1924
G0 F9000 X163.63 Y111.021
G1 F1500 X178.448 Y125.839 E4078.8894
G0 F9000 X179.013 Y125.839
G1 F1500 X164.131 Y110.957 E4079.5894
G0 F9000 X164.632 Y110.892
G1 F1500 X179.579 Y125.839 E4080.29246
G0 F9000 X180.145 Y125.839
G1 F1500 X165.132 Y110.826 E4080.99863
G0 F9000 X165.634 Y110.762
G1 F1500 X180.711 Y125.839 E4081.7078
G0 F9000 X181.276 Y125.839
G1 F1500 X166.134 Y110.697 E4082.42004
G0 F9000 X166.635 Y110.632
G1 F1500 X181.842 Y125.839 E4083.13533
G0 F9000 X182.408 Y125.839
G1 F1500 X167.136 Y110.568 E4083.85365
G0 F9000 X167.637 Y110.503
G1 F1500 X182.973 Y125.839 E4084.57501
G0 F9000 X183.539 Y125.839
G1 F1500 X168.133 Y110.433 E4085.29966
G0 F9000 X168.611 Y110.346
G1 F1500 X184.105 Y125.839 E4086.02843
G0 F9000 X184.67 Y125.839
G1 F1500 X169.089 Y110.258 E4086.76131
G0 F9000 X169.568 Y110.171
G1 F1500 X185.236 Y125.839 E4087.49828
G0 F9000 X185.802 Y125.839
G1 F1500 X170.046 Y110.083 E4088.2394
G0 F9000 X170.525 Y109.996
G1 F1500 X186.367 Y125.839 E4088.98458
G0 F9000 X186.933 Y125.839
G1 F1500 X171.003 Y109.909 E4089.73388
G0 F9000 X171.481 Y109.822
G1 F1500 X187.499 Y125.839 E4090.48729
G0 F9000 X188.064 Y125.839
G1 F1500 X171.959 Y109.734 E4091.24482
G0 F9000 X172.438 Y109.647
G1 F1500 X188.63 Y125.839 E4092.00644
G0 F9000 X189.196 Y125.839
G1 F1500 X172.917 Y109.56 E4092.77216
G0 F9000 X173.395 Y109.472
G1 F1500 X189.762 Y125.839 E4093.54201
G0 F9000 X190.327 Y125.839
G1 F1500 X173.874 Y109.385 E4094.31593
G0 F9000 X174.352 Y109.298
G1 F1500 X190.893 Y125.839 E4095.09397
G0 F9000 X191.459 Y125.839
G1 F1500 X174.83 Y109.211 E4095.87613
G0 F9000 X175.345 Y109.16
G1 F1500 X192.024 Y125.839 E4096.66065
G0 F9000 X192.59 Y125.839
G1 F1500 X175.911 Y109.16 E4097.44518
G0 F9000 X176.476 Y109.16
G1 F1500 X193.156 Y125.839 E4098.22974
G0 F9000 X193.721 Y125.839
G1 F1500 X177.042 Y109.16 E4099.01427
G0 F9000 X177.608 Y109.16
G1 F1500 X194.287 Y125.839 E4099.79879
G0 F9000 X194.853 Y125.839
G1 F1500 X178.173 Y109.16 E4100.58335
G0 F9000 X178.739 Y109.16
G1 F1500 X195.418 Y125.839 E4101.36788
G0 F9000 X195.984 Y125.839
G1 F1500 X179.305 Y109.16 E4102.15241
G0 F9000 X179.87 Y109.16
G1 F1500 X196.55 Y125.839 E4102.93696
G0 F9000 X197.115 Y125.839
G1 F1500 X180.436 Y109.16 E4103.72149
G0 F9000 X181.002 Y109.16
G1 F1500 X197.681 Y125.839 E4104.50602
G0 F9000 X198.247 Y125.839
G1 F1500 X181.568 Y109.16 E4105.29054
G0 F9000 X182.133 Y109.16
G1 F1500 X198.812 Y125.839 E4106.07507
G0 F9000 X198.839 Y125.3
G1 F1500 X182.699 Y109.16 E4106.83425
G0 F9000 X183.265 Y109.16
G1 F1500 X198.839 Y124.734 E4107.5668
G0 F9000 X198.839 Y124.168
G1 F1500 X183.83 Y109.16 E4108.27276
G0 F9000 X184.396 Y109.16
G1 F1500 X198.839 Y123.602 E4108.95209
G0 F9000 X198.839 Y123.037
G1 F1500 X184.962 Y109.16 E4109.60482
G0 F9000 X185.527 Y109.16
G1 F1500 X198.839 Y122.471 E4110.23095
G0 F9000 X198.839 Y121.905
G1 F1500 X186.093 Y109.16 E4110.83046
G0 F9000 X186.659 Y109.16
G1 F1500 X198.839 Y121.34 E4111.40337
G0 F9000 X198.839 Y120.774
G1 F1500 X187.224 Y109.16 E4111.94968
G0 F9000 X187.79 Y109.16
G1 F1500 X198.839 Y120.208 E4112.46937
G0 F9000 X198.839 Y119.643
G1 F1500 X188.356 Y109.16 E4112.96246
G0 F9000 X188.921 Y109.16
G1 F1500 X198.839 Y119.077 E4113.42895
G0 F9000 X198.839 Y118.511
G1 F1500 X189.487 Y109.16 E4113.86881
G0 F9000 X190.053 Y109.16
G1 F1500 X198.839 Y117.946 E4114.28208
G0 F9000 X198.839 Y117.38
G1 F1500 X190.619 Y109.16 E4114.66872
G0 F9000 X191.184 Y109.16
G1 F1500 X198.839 Y116.814 E4115.02877
G0 F9000 X198.839 Y116.249
G1 F1500 X191.75 Y109.16 E4115.36221
G0 F9000 X192.316 Y109.16
G1 F1500 X198.839 Y115.683 E4115.66903
G0 F9000 X198.839 Y115.117
G1 F1500 X192.881 Y109.16 E4115.94926
G0 F9000 X193.447 Y109.16
G1 F1500 X198.839 Y114.552 E4116.20288
G0 F9000 X198.839 Y113.986
G1 F1500 X194.013 Y109.16 E4116.42988
G0 F9000 X194.578 Y109.16
G1 F1500 X198.839 Y113.42 E4116.63028
G0 F9000 X198.839 Y112.854
G1 F1500 X195.144 Y109.16 E4116.80406
G0 F9000 X195.71 Y109.16
G1 F1500 X198.839 Y112.289 E4116.95124
G0 F9000 X198.839 Y111.723
G1 F1500 X196.275 Y109.16 E4117.07182
G0 F9000 X196.841 Y109.16
G1 F1500 X198.839 Y111.157 E4117.16577
G0 F9000 X198.839 Y110.592
G1 F1500 X197.407 Y109.16 E4117.23313
G0 F9000 X197.972 Y109.16
G1 F1500 X198.839 Y110.026 E4117.27389
G0 F9000 X198.839 Y109.46
G1 F1500 X198.538 Y109.16 E4117.28802
G1 F2700 E4112.28802
;MESH:NONMESH
G0 F300 X198.538 Y109.16 Z4
G0 F9000 X198.538 Y108.7
G0 X199.228 Y108.772
G0 X199.228 Y126.228 ;T9.452 R8.000 A1.570 C421.66713599999986 FILLET CORNER
G0 X175.072 Y126.239 ;T-79.003 R8.000 A0.155 C54.41318300000038 FILLET CORNER
G0 X160.635 Y123.993 ;T-140.840 R8.000 A0.103 C-12.441265000000161 FILLET CORNER
G0 X152.351 Y123.566 ;T-318.973 R8.000 A0.049 C-25.682137999999554 FILLET CORNER
G0 X88.985 Y123.4
;TIME_ELAPSED:5652.192404
;LAYER:19
;TYPE:WALL-INNER
;MESH:D638-22 Type I Tensile Specimen.STL
G1 F2700 E4117.28802
G1 F1500 X146.017 Y123.4 E4119.18491
G1 X153.345 Y123.589 E4119.42872
G1 X160.654 Y124.156 E4119.67255
G1 X167.896 Y125.094 E4119.91543
G1 X175.057 Y126.4 E4120.15754
G1 X199.4 Y126.4 E4120.96719 ;T16.343 R8.000 A1.571 C-216.6527000000003 FILLET CORNER
G1 X199.4 Y117.5 E4121.26321
G1 X199.4 Y108.6 E4121.55922 ;T0.900 R8.000 A1.571 C-216.67050000000012 FILLET CORNER
G1 X175.055 Y108.6 E4122.36894
G1 X167.894 Y109.906 E4122.61104
G1 X160.654 Y110.844 E4122.85386
G1 X153.343 Y111.411 E4123.09775
G1 X146.015 Y111.6 E4123.34157
G1 X88.983 Y111.6 E4125.23846
G1 X81.655 Y111.411 E4125.48227
G1 X74.346 Y110.844 E4125.7261
G1 X67.104 Y109.906 E4125.96898
G1 X59.943 Y108.6 E4126.21108
G1 X35.6 Y108.6 E4127.02074 ;T16.343 R8.000 A1.571 C-433.3054000000002 FILLET CORNER
G1 X35.6 Y126.4 E4127.61277 ;T9.800 R8.000 A1.571 C-433.34100000000024 FILLET CORNER
G1 X59.945 Y126.4 E4128.42248
G1 X67.106 Y125.094 E4128.66459
G1 X74.346 Y124.156 E4128.9074
G1 X81.657 Y123.589 E4129.1513
G1 X88.985 Y123.4 E4129.39511
G1 F2700 E4124.39511
G0 F9000 X74.325 Y123.997 ;T-125.765 R8.000 A0.114 C-24.273905000000138 FILLET CORNER
G0 X59.93 Y126.239 ;T-88.476 R8.000 A0.155 C54.320581000000246 FILLET CORNER
G0 X35.772 Y126.228 ;T16.154 R8.000 A1.570 C421.70204799999976 FILLET CORNER
G0 X35.772 Y108.772 ;T9.452 R8.000 A1.570 C421.6671359999997 FILLET CORNER
G0 X59.928 Y108.761 ;T-79.048 R8.000 A0.155 C44.044209000000066 FILLET CORNER
G0 X71.619 Y110.579 ;T-166.367 R8.000 A0.090 C-18.44317799999996 FILLET CORNER
G0 X88.979 Y111.701
G1 F2700 E4129.39511
G0 F9000 X88.993 Y111.2
;TYPE:WALL-OUTER
G1 F1500 X146.005 Y111.2 E4131.29134
G1 X153.302 Y111.012 E4131.53412
G1 X160.592 Y110.448 E4131.77731
G1 X167.842 Y109.509 E4132.02046
G1 X175.019 Y108.2 E4132.2631
G1 X199.8 Y108.2 E4133.08732 ;T16.781 R8.000 A1.571 C230.46329999999998 FILLET CORNER
G1 X199.8 Y117.5 E4133.39664
G1 X199.8 Y126.8 E4133.70596 ;T1.300 R8.000 A1.571 C230.44470000000015 FILLET CORNER
G1 X175.021 Y126.8 E4134.53011
G1 X167.854 Y125.493 E4134.77242
G1 X160.602 Y124.553 E4135.01564
G1 X153.314 Y123.988 E4135.25877
G1 X146.007 Y123.8 E4135.50188
G1 X88.995 Y123.8 E4137.39811
G1 X81.698 Y123.988 E4137.64089
G1 X74.408 Y124.552 E4137.88408
G1 X67.158 Y125.491 E4138.12723
G1 X59.981 Y126.8 E4138.36987
G1 X35.2 Y126.8 E4139.19409 ;T16.781 R8.000 A1.571 C460.92659999999984 FILLET CORNER
G1 X35.2 Y108.2 E4139.81273 ;T10.600 R8.000 A1.571 C460.8893999999998 FILLET CORNER
G1 X59.979 Y108.2 E4140.63689
G1 X67.146 Y109.507 E4140.87919
G1 X74.398 Y110.447 E4141.12241
G1 X81.686 Y111.012 E4141.36554
G1 X88.993 Y111.2 E4141.60865
G0 F9000 X88.975 Y111.96
;TYPE:SKIN
G1 F1500 X146.024 Y111.96 E4143.50611
G1 X153.321 Y111.772 E4143.74889
G1 X160.651 Y111.206 E4143.99341
G1 X167.981 Y110.257 E4144.23924
G1 X175.089 Y108.96 E4144.47956
G1 X199.04 Y108.96 E4145.27617 ;T15.951 R8.000 A1.571 C204.54154000000008 FILLET CORNER
G1 X199.04 Y117.5 E4145.56021
G1 X199.04 Y126.04 E4145.84426 ;T0.540 R8.000 A1.571 C204.51591999999997 FILLET CORNER
G1 X175.092 Y126.04 E4146.64077
G1 X167.99 Y124.744 E4146.88088
G1 X160.7 Y123.799 E4147.12538
G1 X153.372 Y123.23 E4147.36984
G1 X146.027 Y123.04 E4147.61422
G1 X88.977 Y123.04 E4149.51171
G1 X81.64 Y123.23 E4149.75582
G1 X74.347 Y123.794 E4149.99911
G1 X67.023 Y124.742 E4150.24474
G1 X59.911 Y126.04 E4150.4852
G1 X35.96 Y126.04 E4151.28181 ;T15.951 R8.000 A1.571 C409.08308000000034 FILLET CORNER
G1 X35.96 Y108.96 E4151.84989 ;T9.080 R8.000 A1.571 C409.03184000000033 FILLET CORNER
G1 X59.908 Y108.96 E4152.64641
G1 X67.01 Y110.256 E4152.88652
G1 X74.335 Y111.205 E4153.13219
G1 X81.629 Y111.77 E4153.37551
G1 X88.975 Y111.96 E4153.61992
G1 F2700 E4148.61992
G0 F9000 X88.979 Y111.701
G0 X69.848 Y110.443 ;T-137.099 R8.000 A0.102 C19.698982000000086 FILLET CORNER
G0 X59.928 Y108.761 ;T-86.461 R8.000 A0.165 C-39.26837200000011 FILLET CORNER
G0 X36.222 Y108.7
G1 F2700 E4153.61992
G92 E0
G0 F9000 X36.222 Y109.158
G1 F1500 X36.16 Y109.221 E0.00294
G0 F9000 X36.16 Y109.786
G1 F1500 X36.787 Y109.158 E0.03246
G0 F9000 X37.353 Y109.158
G1 F1500 X36.16 Y110.352 E0.08859
G0 F9000 X36.16 Y110.918
G1 F1500 X37.919 Y109.158 E0.17136
G0 F9000 X38.484 Y109.158
G1 F1500 X36.16 Y111.483 E0.28069
G0 F9000 X36.16 Y112.049
G1 F1500 X39.05 Y109.158 E0.41665
G0 F9000 X39.616 Y109.158
G1 F1500 X36.16 Y112.615 E0.57924
G0 F9000 X36.16 Y113.18
G1 F1500 X40.182 Y109.158 E0.76842
G0 F9000 X40.747 Y109.158
G1 F1500 X36.16 Y113.746 E0.9842
G0 F9000 X36.16 Y114.312
G1 F1500 X41.313 Y109.158 E1.22661
G0 F9000 X41.879 Y109.158
G1 F1500 X36.16 Y114.877 E1.49561
G0 F9000 X36.16 Y115.443
G1 F1500 X42.444 Y109.158 E1.79121
G0 F9000 X43.01 Y109.158
G1 F1500 X36.16 Y116.009 E2.11344
G0 F9000 X36.16 Y116.575
G1 F1500 X43.576 Y109.158 E2.46229
G0 F9000 X44.141 Y109.158
G1 F1500 X36.16 Y117.14 E2.83771
G0 F9000 X36.16 Y117.706
G1 F1500 X44.707 Y109.158 E3.23976
G0 F9000 X45.273 Y109.158
G1 F1500 X36.16 Y118.272 E3.66843
G0 F9000 X36.16 Y118.837
G1 F1500 X45.838 Y109.158 E4.12368
G0 F9000 X46.404 Y109.158
G1 F1500 X36.16 Y119.403 E4.60555
G0 F9000 X36.16 Y119.969
G1 F1500 X46.97 Y109.158 E5.11404
G0 F9000 X47.535 Y109.158
G1 F1500 X36.16 Y120.534 E5.64911
G0 F9000 X36.16 Y121.1
G1 F1500 X48.101 Y109.158 E6.2108
G0 F9000 X48.667 Y109.158
G1 F1500 X36.16 Y121.666 E6.79912
G0 F9000 X36.16 Y122.231
G1 F1500 X49.233 Y109.158 E7.41403
G0 F9000 X49.798 Y109.158
G1 F1500 X36.16 Y122.797 E8.05555
G0 F9000 X36.16 Y123.363
G1 F1500 X50.364 Y109.158 E8.72368
G0 F9000 X50.93 Y109.158
G1 F1500 X36.16 Y123.928 E9.41842
G0 F9000 X36.16 Y124.494
G1 F1500 X51.495 Y109.158 E10.13975
G0 F9000 X52.061 Y109.158
G1 F1500 X36.16 Y125.06 E10.88771
G0 F9000 X36.16 Y125.626
G1 F1500 X52.627 Y109.158 E11.66229
G0 F9000 X53.192 Y109.158
G1 F1500 X36.512 Y125.839 E12.44689
G0 F9000 X37.077 Y125.839
G1 F1500 X53.758 Y109.158 E13.23151
G0 F9000 X54.324 Y109.158
G1 F1500 X37.643 Y125.839 E14.01614
G0 F9000 X38.209 Y125.839
G1 F1500 X54.889 Y109.158 E14.80074
G0 F9000 X55.455 Y109.158
G1 F1500 X38.774 Y125.839 E15.58536
G0 F9000 X39.34 Y125.839
G1 F1500 X56.021 Y109.158 E16.36998
G0 F9000 X56.586 Y109.158
G1 F1500 X39.906 Y125.839 E17.15458
G0 F9000 X40.471 Y125.839
G1 F1500 X57.152 Y109.158 E17.9392
G0 F9000 X57.718 Y109.158
G1 F1500 X41.037 Y125.839 E18.72383
G0 F9000 X41.603 Y125.839
G1 F1500 X58.283 Y109.158 E19.50843
G0 F9000 X58.849 Y109.158
G1 F1500 X42.169 Y125.839 E20.29303
G0 F9000 X42.734 Y125.839
G1 F1500 X59.415 Y109.158 E21.07765
G0 F9000 X59.966 Y109.173
G1 F1500 X43.3 Y125.839 E21.86157
G0 F9000 X43.866 Y125.839
G1 F1500 X60.444 Y109.26 E22.64137
G0 F9000 X60.923 Y109.347
G1 F1500 X44.431 Y125.839 E23.4171
G0 F9000 X44.997 Y125.839
G1 F1500 X61.401 Y109.435 E24.1887
G0 F9000 X61.88 Y109.522
G1 F1500 X45.563 Y125.839 E24.9562
G0 F9000 X46.128 Y125.839
G1 F1500 X62.359 Y109.609 E25.71963
G0 F9000 X62.837 Y109.697
G1 F1500 X46.694 Y125.839 E26.47892
G0 F9000 X47.26 Y125.839
G1 F1500 X63.315 Y109.783 E27.23413
G0 F9000 X63.793 Y109.871
G1 F1500 X47.825 Y125.839 E27.98521
G0 F9000 X48.391 Y125.839
G1 F1500 X64.272 Y109.958 E28.73221
G0 F9000 X64.75 Y110.046
G1 F1500 X48.957 Y125.839 E29.47506
G0 F9000 X49.522 Y125.839
G1 F1500 X65.229 Y110.133 E30.21385
G0 F9000 X65.707 Y110.22
G1 F1500 X50.088 Y125.839 E30.94852
G0 F9000 X50.654 Y125.839
G1 F1500 X66.185 Y110.307 E31.67907
G0 F9000 X66.664 Y110.394
G1 F1500 X51.219 Y125.839 E32.40555
G0 F9000 X51.785 Y125.839
G1 F1500 X67.149 Y110.475 E33.12823
G0 F9000 X67.651 Y110.539
G1 F1500 X52.351 Y125.839 E33.8479
G0 F9000 X52.917 Y125.839
G1 F1500 X68.151 Y110.604 E34.56448
G0 F9000 X68.652 Y110.669
G1 F1500 X53.482 Y125.839 E35.27803
G0 F9000 X54.048 Y125.839
G1 F1500 X69.153 Y110.734 E35.98852
G0 F9000 X69.654 Y110.799
G1 F1500 X54.614 Y125.839 E36.69596
G0 F9000 X55.179 Y125.839
G1 F1500 X70.155 Y110.863 E37.40038
G0 F9000 X70.656 Y110.928
G1 F1500 X55.745 Y125.839 E38.10175
G0 F9000 X56.311 Y125.839
G1 F1500 X71.156 Y110.993 E38.80004
G0 F9000 X71.658 Y111.058
G1 F1500 X56.876 Y125.839 E39.49531
G0 F9000 X57.442 Y125.839
G1 F1500 X72.158 Y111.123 E40.18751
G0 F9000 X72.66 Y111.187
G1 F1500 X58.008 Y125.839 E40.8767
G0 F9000 X58.573 Y125.839
G1 F1500 X73.16 Y111.252 E41.56282
G0 F9000 X73.661 Y111.317
G1 F1500 X59.139 Y125.839 E42.24589
G0 F9000 X59.705 Y125.839
G1 F1500 X74.162 Y111.382 E42.92591
G0 F9000 X74.679 Y111.43
G1 F1500 X60.355 Y125.755 E43.59969
G0 F9000 X61.046 Y125.629
G1 F1500 X75.204 Y111.471 E44.26564
G0 F9000 X75.729 Y111.512
G1 F1500 X61.738 Y125.502 E44.92371
G0 F9000 X62.431 Y125.376
G1 F1500 X76.255 Y111.552 E45.57394
G0 F9000 X76.779 Y111.593
G1 F1500 X63.123 Y125.249 E46.21628
G0 F9000 X63.814 Y125.123
G1 F1500 X77.305 Y111.633 E46.85083
G0 F9000 X77.829 Y111.674
G1 F1500 X64.507 Y124.997 E47.47748
G0 F9000 X65.199 Y124.87
G1 F1500 X78.355 Y111.715 E48.09628
G0 F9000 X78.88 Y111.755
G1 F1500 X65.891 Y124.744 E48.70724
G0 F9000 X66.583 Y124.618
G1 F1500 X79.405 Y111.796 E49.31035
G0 F9000 X79.93 Y111.836
G1 F1500 X67.257 Y124.51 E49.90647
G0 F9000 X67.906 Y124.426
G1 F1500 X80.455 Y111.877 E50.49674
G0 F9000 X80.98 Y111.918
G1 F1500 X68.556 Y124.341 E51.0811
G0 F9000 X69.206 Y124.257
G1 F1500 X81.506 Y111.958 E51.65963
G0 F9000 X82.05 Y111.979
G1 F1500 X69.857 Y124.172 E52.23315
G0 F9000 X70.507 Y124.088
G1 F1500 X82.602 Y111.993 E52.80206
G0 F9000 X83.153 Y112.007
G1 F1500 X71.156 Y124.004 E53.36637
G0 F9000 X71.806 Y123.92
G1 F1500 X83.705 Y112.021 E53.92606
G0 F9000 X84.256 Y112.036
G1 F1500 X72.456 Y123.836 E54.48109
G0 F9000 X73.106 Y123.752
G1 F1500 X84.807 Y112.05 E55.0315
G0 F9000 X85.359 Y112.065
G1 F1500 X73.756 Y123.667 E55.57724
G0 F9000 X74.401 Y123.588
G1 F1500 X85.91 Y112.079 E56.11859
G0 F9000 X86.461 Y112.094
G1 F1500 X75.014 Y123.541 E56.65702
G0 F9000 X75.627 Y123.494
G1 F1500 X87.013 Y112.108 E57.19258
G0 F9000 X87.564 Y112.122
G1 F1500 X76.24 Y123.446 E57.72523
G0 F9000 X76.853 Y123.399
G1 F1500 X88.116 Y112.136 E58.25501
G0 F9000 X88.667 Y112.15
G1 F1500 X77.466 Y123.351 E58.78187
G0 F9000 X78.08 Y123.303
G1 F1500 X89.224 Y112.159 E59.30605
G0 F9000 X89.79 Y112.159
G1 F1500 X78.693 Y123.256 E59.82802
G0 F9000 X79.306 Y123.209
G1 F1500 X90.356 Y112.159 E60.34778
G0 F9000 X90.921 Y112.159
G1 F1500 X79.919 Y123.161 E60.86528
G0 F9000 X80.532 Y123.114
G1 F1500 X91.487 Y112.159 E61.38057
G0 F9000 X92.053 Y112.159
G1 F1500 X81.145 Y123.066 E61.89362
G0 F9000 X81.751 Y123.026
G1 F1500 X92.618 Y112.159 E62.40477
G0 F9000 X93.184 Y112.159
G1 F1500 X82.331 Y123.011 E62.91524
G0 F9000 X82.912 Y122.996
G1 F1500 X93.75 Y112.159 E63.425
G0 F9000 X94.316 Y112.159
G1 F1500 X83.493 Y122.982 E63.93408
G0 F9000 X84.074 Y122.966
G1 F1500 X94.881 Y112.159 E64.44241
G0 F9000 X95.447 Y112.159
G1 F1500 X84.654 Y122.951 E64.95006
G0 F9000 X85.235 Y122.936
G1 F1500 X96.013 Y112.159 E65.457
G0 F9000 X96.578 Y112.159
G1 F1500 X85.816 Y122.921 E65.96321
G0 F9000 X86.397 Y122.906
G1 F1500 X97.144 Y112.159 E66.46871
G0 F9000 X97.71 Y112.159
G1 F1500 X86.977 Y122.891 E66.97354
G0 F9000 X87.558 Y122.876
G1 F1500 X98.275 Y112.159 E67.47763
G0 F9000 X98.841 Y112.159
G1 F1500 X88.139 Y122.861 E67.98102
G0 F9000 X88.719 Y122.846
G1 F1500 X99.407 Y112.159 E68.48373
G0 F9000 X99.972 Y112.159
G1 F1500 X89.292 Y122.84 E68.98611
G0 F9000 X89.857 Y122.84
G1 F1500 X100.538 Y112.159 E69.48851
G0 F9000 X101.104 Y112.159
G1 F1500 X90.423 Y122.84 E69.99091
G0 F9000 X90.989 Y122.84
G1 F1500 X101.669 Y112.159 E70.49329
G0 F9000 X102.235 Y112.159
G1 F1500 X91.554 Y122.84 E70.99569
G0 F9000 X92.12 Y122.84
G1 F1500 X102.801 Y112.159 E71.49809
G0 F9000 X103.366 Y112.159
G1 F1500 X92.686 Y122.84 E72.00047
G0 F9000 X93.251 Y122.84
G1 F1500 X103.932 Y112.159 E72.50287
G0 F9000 X104.498 Y112.159
G1 F1500 X93.817 Y122.84 E73.00527
G0 F9000 X94.383 Y122.84
G1 F1500 X105.064 Y112.159 E73.50767
G0 F9000 X105.629 Y112.159
G1 F1500 X94.948 Y122.84 E74.01008
G0 F9000 X95.514 Y122.84
G1 F1500 X106.195 Y112.159 E74.51248
G0 F9000 X106.761 Y112.159
G1 F1500 X96.08 Y122.84 E75.01488
G0 F9000 X96.645 Y122.84
G1 F1500 X107.326 Y112.159 E75.51728
G0 F9000 X107.892 Y112.159
G1 F1500 X97.211 Y122.84 E76.01968
G0 F9000 X97.777 Y122.84
G1 F1500 X108.458 Y112.159 E76.52208
G0 F9000 X109.023 Y112.159
G1 F1500 X98.342 Y122.84 E77.02448
G0 F9000 X98.908 Y122.84
G1 F1500 X109.589 Y112.159 E77.52689
G0 F9000 X110.155 Y112.159
G1 F1500 X99.474 Y122.84 E78.02929
G0 F9000 X100.04 Y122.84
G1 F1500 X110.72 Y112.159 E78.53167
G0 F9000 X111.286 Y112.159
G1 F1500 X100.605 Y122.84 E79.03407
G0 F9000 X101.171 Y122.84
G1 F1500 X111.852 Y112.159 E79.53647
G0 F9000 X112.417 Y112.159
G1 F1500 X101.737 Y122.84 E80.03885
G0 F9000 X102.302 Y122.84
G1 F1500 X112.983 Y112.159 E80.54125
G0 F9000 X113.549 Y112.159
G1 F1500 X102.868 Y122.84 E81.04365
G0 F9000 X103.434 Y122.84
G1 F1500 X114.115 Y112.159 E81.54605
G0 F9000 X114.68 Y112.159
G1 F1500 X103.999 Y122.84 E82.04845
G0 F9000 X104.565 Y122.84
G1 F1500 X115.246 Y112.159 E82.55085
G0 F9000 X115.812 Y112.159
G1 F1500 X105.131 Y122.84 E83.05326
G0 F9000 X105.696 Y122.84
G1 F1500 X116.377 Y112.159 E83.55566
G0 F9000 X116.943 Y112.159
G1 F1500 X106.262 Y122.84 E84.05806
G0 F9000 X106.828 Y122.84
G1 F1500 X117.508 Y112.159 E84.56044
G0 F9000 X118.074 Y112.159
G1 F1500 X107.393 Y122.84 E85.06284
G0 F9000 X107.959 Y122.84
G1 F1500 X118.639 Y112.159 E85.56522
G0 F9000 X119.205 Y112.159
G1 F1500 X108.525 Y122.84 E86.06759
G0 F9000 X109.091 Y122.84
G1 F1500 X119.771 Y112.159 E86.56997
G0 F9000 X120.336 Y112.159
G1 F1500 X109.656 Y122.84 E87.07235
G0 F9000 X110.222 Y122.84
G1 F1500 X120.902 Y112.159 E87.57473
G0 F9000 X121.468 Y112.159
G1 F1500 X110.788 Y122.84 E88.07711
G0 F9000 X111.353 Y122.84
G1 F1500 X122.033 Y112.159 E88.57948
G0 F9000 X122.599 Y112.159
G1 F1500 X111.919 Y122.84 E89.08186
G0 F9000 X112.485 Y122.84
G1 F1500 X123.165 Y112.159 E89.58424
G0 F9000 X123.73 Y112.159
G1 F1500 X113.05 Y122.84 E90.08662
G0 F9000 X113.616 Y122.84
G1 F1500 X124.296 Y112.159 E90.589
G0 F9000 X124.862 Y112.159
G1 F1500 X114.182 Y122.84 E91.09137
G0 F9000 X114.747 Y122.84
G1 F1500 X125.428 Y112.159 E91.59378
G0 F9000 X125.993 Y112.159
G1 F1500 X115.313 Y122.84 E92.09615
G0 F9000 X115.879 Y122.84
G1 F1500 X126.559 Y112.159 E92.59853
G0 F9000 X127.125 Y112.159
G1 F1500 X116.444 Y122.84 E93.10093
G0 F9000 X117.01 Y122.84
G1 F1500 X127.69 Y112.159 E93.60331
G0 F9000 X128.256 Y112.159
G1 F1500 X117.576 Y122.84 E94.10569
G0 F9000 X118.141 Y122.84
G1 F1500 X128.822 Y112.159 E94.60809
G0 F9000 X129.387 Y112.159
G1 F1500 X118.707 Y122.84 E95.11047
G0 F9000 X119.273 Y122.84
G1 F1500 X129.953 Y112.159 E95.61285
G0 F9000 X130.519 Y112.159
G1 F1500 X119.839 Y122.84 E96.11522
G0 F9000 X120.404 Y122.84
G1 F1500 X131.084 Y112.159 E96.6176
G0 F9000 X131.65 Y112.159
G1 F1500 X120.97 Y122.84 E97.11998
G0 F9000 X121.536 Y122.84
G1 F1500 X132.216 Y112.159 E97.62236
G0 F9000 X132.781 Y112.159
G1 F1500 X122.101 Y122.84 E98.12474
G0 F9000 X122.667 Y122.84
G1 F1500 X133.347 Y112.159 E98.62711
G0 F9000 X133.913 Y112.159
G1 F1500 X123.233 Y122.84 E99.12949
G0 F9000 X123.798 Y122.84
G1 F1500 X134.478 Y112.159 E99.63187
G0 F9000 X135.044 Y112.159
G1 F1500 X124.364 Y122.84 E100.13425
G0 F9000 X124.93 Y122.84
G1 F1500 X135.61 Y112.159 E100.63663
G0 F9000 X136.176 Y112.159
G1 F1500 X125.495 Y122.84 E101.13903
G0 F9000 X126.061 Y122.84
G1 F1500 X136.741 Y112.159 E101.64141
G0 F9000 X137.307 Y112.159
G1 F1500 X126.627 Y122.84 E102.14378
G0 F9000 X127.192 Y122.84
G1 F1500 X137.873 Y112.159 E102.64618
G0 F9000 X138.438 Y112.159
G1 F1500 X127.758 Y122.84 E103.14856
G0 F9000 X128.324 Y122.84
G1 F1500 X139.004 Y112.159 E103.65094
G0 F9000 X139.57 Y112.159
G1 F1500 X128.89 Y122.84 E104.15332
G0 F9000 X129.455 Y122.84
G1 F1500 X140.135 Y112.159 E104.6557
G0 F9000 X140.701 Y112.159
G1 F1500 X130.021 Y122.84 E105.15807
G0 F9000 X130.587 Y122.84
G1 F1500 X141.267 Y112.159 E105.66045
G0 F9000 X141.832 Y112.159
G1 F1500 X131.152 Y122.84 E106.16283
G0 F9000 X131.718 Y122.84
G1 F1500 X142.398 Y112.159 E106.66521
G0 F9000 X142.964 Y112.159
G1 F1500 X132.284 Y122.84 E107.16759
G0 F9000 X132.849 Y122.84
G1 F1500 X143.529 Y112.159 E107.66996
G0 F9000 X144.095 Y112.159
G1 F1500 X133.415 Y122.84 E108.17234
G0 F9000 X133.981 Y122.84
G1 F1500 X144.661 Y112.159 E108.67472
G0 F9000 X145.227 Y112.159
G1 F1500 X134.546 Y122.84 E109.17712
G0 F9000 X135.112 Y122.84
G1 F1500 X145.792 Y112.159 E109.6795
G0 F9000 X146.366 Y112.151
G1 F1500 X135.678 Y122.84 E110.18225
G0 F9000 X136.243 Y122.84
G1 F1500 X146.947 Y112.136 E110.68574
G0 F9000 X147.527 Y112.121
G1 F1500 X136.809 Y122.84 E111.1899
G0 F9000 X137.375 Y122.84
G1 F1500 X148.109 Y112.106 E111.6948
G0 F9000 X148.689 Y112.091
G1 F1500 X137.94 Y122.84 E112.2004
G0 F9000 X138.506 Y122.84
G1 F1500 X149.27 Y112.076 E112.7067
G0 F9000 X149.851 Y112.06
G1 F1500 X139.072 Y122.84 E113.21374
G0 F9000 X139.638 Y122.84
G1 F1500 X150.432 Y112.046 E113.72145
G0 F9000 X151.012 Y112.031
G1 F1500 X140.203 Y122.84 E114.22988
G0 F9000 X140.769 Y122.84
G1 F1500 X151.593 Y112.016 E114.739
G0 F9000 X152.174 Y112
G1 F1500 X141.335 Y122.84 E115.24886
G0 F9000 X141.9 Y122.84
G1 F1500 X152.754 Y111.985 E115.75942
G0 F9000 X153.335 Y111.971
G1 F1500 X142.466 Y122.84 E116.27067
G0 F9000 X143.032 Y122.84
G1 F1500 X153.947 Y111.924 E116.7841
G0 F9000 X154.561 Y111.876
G1 F1500 X143.597 Y122.84 E117.29981
G0 F9000 X144.163 Y122.84
G1 F1500 X155.174 Y111.828 E117.81776
G0 F9000 X155.787 Y111.781
G1 F1500 X144.729 Y122.84 E118.33792
G0 F9000 X145.294 Y122.84
G1 F1500 X156.4 Y111.734 E118.86031
G0 F9000 X157.013 Y111.686
G1 F1500 X145.86 Y122.84 E119.38494
G0 F9000 X146.415 Y122.85
G1 F1500 X157.626 Y111.639 E119.91227
G0 F9000 X158.24 Y111.591
G1 F1500 X146.967 Y122.864 E120.44251
G0 F9000 X147.518 Y122.878
G1 F1500 X158.853 Y111.543 E120.97568
G0 F9000 X159.466 Y111.496
G1 F1500 X148.07 Y122.893 E121.51173
G0 F9000 X148.621 Y122.907
G1 F1500 X160.079 Y111.449 E122.05068
G0 F9000 X160.693 Y111.401
G1 F1500 X149.173 Y122.921 E122.59255
G0 F9000 X149.724 Y122.935
G1 F1500 X161.343 Y111.316 E123.13907
G0 F9000 X161.993 Y111.232
G1 F1500 X150.276 Y122.949 E123.6902
G0 F9000 X150.827 Y122.963
G1 F1500 X162.643 Y111.148 E124.24597
G0 F9000 X163.292 Y111.064
G1 F1500 X151.379 Y122.977 E124.80632
G0 F9000 X151.93 Y122.992
G1 F1500 X163.942 Y110.98 E125.37133
G0 F9000 X164.592 Y110.896
G1 F1500 X152.481 Y123.006 E125.94097
G0 F9000 X153.033 Y123.021
G1 F1500 X165.242 Y110.812 E126.51524
G0 F9000 X165.892 Y110.727
G1 F1500 X153.575 Y123.045 E127.09462
G0 F9000 X154.1 Y123.085
G1 F1500 X166.542 Y110.643 E127.67985
G0 F9000 X167.191 Y110.559
G1 F1500 X154.625 Y123.126 E128.27094
G0 F9000 X155.149 Y123.167
G1 F1500 X167.841 Y110.475 E128.86794
G0 F9000 X168.521 Y110.361
G1 F1500 X155.675 Y123.207 E129.47217
G0 F9000 X156.199 Y123.248
G1 F1500 X169.213 Y110.235 E130.08429
G0 F9000 X169.905 Y110.109
G1 F1500 X156.724 Y123.289 E130.70426
G0 F9000 X157.249 Y123.33
G1 F1500 X170.597 Y109.982 E131.33211
G0 F9000 X171.288 Y109.856
G1 F1500 X157.774 Y123.371 E131.96779
G0 F9000 X158.299 Y123.412
G1 F1500 X171.981 Y109.73 E132.61135
G0 F9000 X172.672 Y109.604
G1 F1500 X158.823 Y123.453 E133.26276
G0 F9000 X159.348 Y123.494
G1 F1500 X173.364 Y109.477 E133.92205
G0 F9000 X174.057 Y109.351
G1 F1500 X159.874 Y123.534 E134.58918
G0 F9000 X160.398 Y123.575
G1 F1500 X174.748 Y109.225 E135.26416
G0 F9000 X175.38 Y109.159
G1 F1500 X160.914 Y123.625 E135.94459
G0 F9000 X161.414 Y123.69
G1 F1500 X175.945 Y109.159 E136.62809
G0 F9000 X176.511 Y109.159
G1 F1500 X161.916 Y123.755 E137.31462
G0 F9000 X162.416 Y123.82
G1 F1500 X177.077 Y109.159 E138.00422
G0 F9000 X177.642 Y109.159
G1 F1500 X162.917 Y123.885 E138.69687
G0 F9000 X163.418 Y123.95
G1 F1500 X178.208 Y109.159 E139.39257
G0 F9000 X178.774 Y109.159
G1 F1500 X163.918 Y124.015 E140.09135
G0 F9000 X164.42 Y124.079
G1 F1500 X179.339 Y109.159 E140.79311
G0 F9000 X179.905 Y109.159
G1 F1500 X164.92 Y124.144 E141.49796
G0 F9000 X165.421 Y124.209
G1 F1500 X180.471 Y109.159 E142.20587
G0 F9000 X181.037 Y109.159
G1 F1500 X165.921 Y124.274 E142.91686
G0 F9000 X166.423 Y124.339
G1 F1500 X181.602 Y109.159 E143.63085
G0 F9000 X182.168 Y109.159
G1 F1500 X166.923 Y124.404 E144.34793
G0 F9000 X167.424 Y124.469
G1 F1500 X182.734 Y109.159 E145.06807
G0 F9000 X183.299 Y109.159
G1 F1500 X167.925 Y124.534 E145.79124
G0 F9000 X168.407 Y124.617
G1 F1500 X183.865 Y109.159 E146.51833
G0 F9000 X184.431 Y109.159
G1 F1500 X168.885 Y124.705 E147.24957
G0 F9000 X169.364 Y124.792
G1 F1500 X184.996 Y109.159 E147.98487
G0 F9000 X185.562 Y109.159
G1 F1500 X169.842 Y124.879 E148.72429
G0 F9000 X170.32 Y124.966
G1 F1500 X186.128 Y109.159 E149.46783
G0 F9000 X186.693 Y109.159
G1 F1500 X170.799 Y125.053 E150.21544
G0 F9000 X171.278 Y125.14
G1 F1500 X187.259 Y109.159 E150.96713
G0 F9000 X187.825 Y109.159
G1 F1500 X171.756 Y125.228 E151.72297
G0 F9000 X172.234 Y125.315
G1 F1500 X188.39 Y109.159 E152.4829
G0 F9000 X188.956 Y109.159
G1 F1500 X172.712 Y125.403 E153.24697
G0 F9000 X173.191 Y125.49
G1 F1500 X189.522 Y109.159 E154.01513
G0 F9000 X190.087 Y109.159
G1 F1500 X173.67 Y125.577 E154.78736
G0 F9000 X174.148 Y125.664
G1 F1500 X190.653 Y109.159 E155.5637
G0 F9000 X191.219 Y109.159
G1 F1500 X174.627 Y125.751 E156.34414
G0 F9000 X175.105 Y125.839
G1 F1500 X191.785 Y109.159 E157.12871
G0 F9000 X192.35 Y109.159
G1 F1500 X175.67 Y125.84 E157.91331
G0 F9000 X176.235 Y125.84
G1 F1500 X192.916 Y109.159 E158.69794
G0 F9000 X193.482 Y109.159
G1 F1500 X176.801 Y125.84 E159.48256
G0 F9000 X177.367 Y125.84
G1 F1500 X194.047 Y109.159 E160.26716
G0 F9000 X194.613 Y109.159
G1 F1500 X177.932 Y125.84 E161.05178
G0 F9000 X178.498 Y125.84
G1 F1500 X195.179 Y109.159 E161.8364
G0 F9000 X195.744 Y109.159
G1 F1500 X179.064 Y125.84 E162.621
G0 F9000 X179.629 Y125.84
G1 F1500 X196.31 Y109.159 E163.40563
G0 F9000 X196.876 Y109.159
G1 F1500 X180.195 Y125.84 E164.19025
G0 F9000 X180.761 Y125.84
G1 F1500 X197.441 Y109.159 E164.97485
G0 F9000 X198.007 Y109.159
G1 F1500 X181.326 Y125.84 E165.75947
G0 F9000 X181.892 Y125.84
G1 F1500 X198.573 Y109.159 E166.5441
G0 F9000 X198.839 Y109.459
G1 F1500 X182.458 Y125.84 E167.31461
G0 F9000 X183.023 Y125.84
G1 F1500 X198.839 Y110.025 E168.05852
G0 F9000 X198.839 Y110.59
G1 F1500 X183.589 Y125.84 E168.77583
G0 F9000 X184.155 Y125.84
G1 F1500 X198.839 Y111.156 E169.46652
G0 F9000 X198.839 Y111.722
G1 F1500 X184.721 Y125.84 E170.13059
G0 F9000 X185.286 Y125.84
G1 F1500 X198.839 Y112.287 E170.76808
G0 F9000 X198.839 Y112.853
G1 F1500 X185.852 Y125.84 E171.37895
G0 F9000 X186.418 Y125.84
G1 F1500 X198.839 Y113.419 E171.9632
G0 F9000 X198.839 Y113.984
G1 F1500 X186.983 Y125.84 E172.52087
G0 F9000 X187.549 Y125.84
G1 F1500 X198.839 Y114.55 E173.05191
G0 F9000 X198.839 Y115.116
G1 F1500 X188.115 Y125.84 E173.55634
G0 F9000 X188.68 Y125.84
G1 F1500 X198.839 Y115.681 E174.03419
G0 F9000 X198.839 Y116.247
G1 F1500 X189.246 Y125.84 E174.48541
G0 F9000 X189.812 Y125.84
G1 F1500 X198.839 Y116.813 E174.91001
G0 F9000 X198.839 Y117.379
G1 F1500 X190.377 Y125.84 E175.30802
G0 F9000 X190.943 Y125.84
G1 F1500 X198.839 Y117.944 E175.67942
G0 F9000 X198.839 Y118.51
G1 F1500 X191.509 Y125.84 E176.0242
G0 F9000 X192.074 Y125.84
G1 F1500 X198.839 Y119.076 E176.34238
G0 F9000 X198.839 Y119.641
G1 F1500 X192.64 Y125.84 E176.63397
G0 F9000 X193.206 Y125.84
G1 F1500 X198.839 Y120.207 E176.89892
G0 F9000 X198.839 Y120.773
G1 F1500 X193.772 Y125.84 E177.13726
G0 F9000 X194.337 Y125.84
G1 F1500 X198.839 Y121.338 E177.34902
G0 F9000 X198.839 Y121.904
G1 F1500 X194.903 Y125.84 E177.53416
G0 F9000 X195.469 Y125.84
G1 F1500 X198.839 Y122.47 E177.69267
G0 F9000 X198.839 Y123.035
G1 F1500 X196.034 Y125.84 E177.82461
G0 F9000 X196.6 Y125.84
G1 F1500 X198.839 Y123.601 E177.92993
G0 F9000 X198.839 Y124.167
G1 F1500 X197.166 Y125.84 E178.00862
G0 F9000 X197.731 Y125.84
G1 F1500 X198.839 Y124.732 E178.06074
G0 F9000 X198.839 Y125.298
G1 F1500 X198.297 Y125.84 E178.08623
G1 F2700 E173.08623
;MESH:NONMESH
G0 F300 X198.297 Y125.84 Z4.2
G0 F9000 X198.297 Y126.3
G0 X199.228 Y126.228
G0 X199.228 Y108.772 ;T9.452 R8.000 A1.570 C-421.702048 FILLET CORNER
G0 X175.07 Y108.761 ;T-78.987 R8.000 A0.155 C-54.417653000000406 FILLET CORNER
G0 X160.635 Y111.007 ;T-140.801 R8.000 A0.103 C12.444365000000179 FILLET CORNER
G0 X152.35 Y111.434 ;T-330.050 R8.000 A0.047 C24.847321999999558 FILLET CORNER
G0 X88.979 Y111.701
G1 F2700 E178.08623
G0 F9000 X88.983 Y111.6
;TIME_ELAPSED:6024.584496
;LAYER:20
;TYPE:WALL-INNER
;MESH:D638-22 Type I Tensile Specimen.STL
G1 F1500 X146.015 Y111.6 E179.98312
G1 X153.343 Y111.411 E180.22693
G1 X160.654 Y110.844 E180.47083
G1 X167.894 Y109.906 E180.71364
G1 X175.055 Y108.6 E180.95575
G1 X199.4 Y108.6 E181.76547 ;T16.345 R8.000 A1.571 C216.67050000000012 FILLET CORNER
G1 X199.4 Y117.5 E182.06148
G1 X199.4 Y126.4 E182.3575 ;T0.900 R8.000 A1.571 C216.6527000000003 FILLET CORNER
G1 X175.057 Y126.4 E183.16715
G1 X167.896 Y125.094 E183.40925
G1 X160.654 Y124.156 E183.65214
G1 X153.345 Y123.589 E183.89596
G1 X146.017 Y123.4 E184.13978
G1 X88.985 Y123.4 E186.03667
G1 X81.657 Y123.589 E186.28048
G1 X74.346 Y124.156 E186.52437
G1 X67.106 Y125.094 E186.76719
G1 X59.945 Y126.4 E187.00929
G1 X35.6 Y126.4 E187.81901 ;T16.345 R8.000 A1.571 C433.34100000000024 FILLET CORNER
G1 X35.6 Y108.6 E188.41104 ;T9.800 R8.000 A1.571 C433.3054000000002 FILLET CORNER
G1 X59.943 Y108.6 E189.22069
G1 X67.104 Y109.906 E189.4628
G1 X74.346 Y110.844 E189.70568
G1 X81.655 Y111.411 E189.94951
G1 X88.983 Y111.6 E190.19332
G1 F2700 E185.19332
G0 F9000 X88.979 Y111.701
G0 X74.325 Y111.003 ;T-134.873 R8.000 A0.107 C22.805162000000145 FILLET CORNER
G0 X59.928 Y108.761 ;T-88.488 R8.000 A0.155 C-54.31611900000024 FILLET CORNER
G0 X35.772 Y108.772 ;T16.152 R8.000 A1.570 C-421.6671359999997 FILLET CORNER
G0 X35.772 Y126.228 ;T9.452 R8.000 A1.570 C-421.70204799999976 FILLET CORNER
G0 X59.93 Y126.239 ;T-78.973 R8.000 A0.155 C-54.41763100000037 FILLET CORNER
G0 X74.363 Y123.993 ;T-117.723 R8.000 A0.121 C25.76019000000028 FILLET CORNER
G0 X88.994 Y123.501
G1 F2700 E190.19332
G0 F9000 X88.995 Y123.8
;TYPE:WALL-OUTER
G1 F1500 X146.007 Y123.8 E192.08955
G1 X153.314 Y123.988 E192.33266
G1 X160.602 Y124.553 E192.57579
G1 X167.854 Y125.493 E192.81901
G1 X175.021 Y126.8 E193.06131
G1 X199.8 Y126.8 E193.88547 ;T16.779 R8.000 A1.571 C-230.44470000000015 FILLET CORNER
G1 X199.8 Y117.5 E194.19479
G1 X199.8 Y108.2 E194.50411 ;T1.300 R8.000 A1.571 C-230.46329999999998 FILLET CORNER
G1 X175.019 Y108.2 E195.32832
G1 X167.842 Y109.509 E195.57097
G1 X160.592 Y110.448 E195.81412
G1 X153.302 Y111.012 E196.05731
G1 X146.005 Y111.2 E196.30009
G1 X88.993 Y111.2 E198.19632
G1 X81.686 Y111.012 E198.43943
G1 X74.398 Y110.447 E198.68256
G1 X67.146 Y109.507 E198.92578
G1 X59.979 Y108.2 E199.16808
G1 X35.2 Y108.2 E199.99224 ;T16.779 R8.000 A1.571 C-460.8893999999998 FILLET CORNER
G1 X35.2 Y126.8 E200.61088 ;T10.600 R8.000 A1.571 C-460.92659999999984 FILLET CORNER
G1 X59.981 Y126.8 E201.4351
G1 X67.158 Y125.491 E201.67774
G1 X74.408 Y124.552 E201.92089
G1 X81.698 Y123.988 E202.16408
G1 X88.995 Y123.8 E202.40686
G0 F9000 X88.977 Y123.04
;TYPE:SKIN
G1 F1500 X146.027 Y123.04 E204.30435
G1 X153.372 Y123.23 E204.54873
G1 X160.7 Y123.799 E204.79319
G1 X167.99 Y124.744 E205.03769
G1 X175.092 Y126.04 E205.2778
G1 X199.04 Y126.04 E206.07432 ;T15.948 R8.000 A1.571 C-204.51591999999997 FILLET CORNER
G1 X199.04 Y117.5 E206.35836
G1 X199.04 Y108.96 E206.6424 ;T0.540 R8.000 A1.571 C-204.54154000000008 FILLET CORNER
G1 X175.089 Y108.96 E207.43901
G1 X167.981 Y110.257 E207.67933
G1 X160.651 Y111.206 E207.92516
G1 X153.321 Y111.772 E208.16968
G1 X146.024 Y111.96 E208.41246
G1 X88.975 Y111.96 E210.30992
G1 X81.629 Y111.77 E210.55433
G1 X74.335 Y111.205 E210.79766
G1 X67.01 Y110.256 E211.04332
G1 X59.908 Y108.96 E211.28344
G1 X35.96 Y108.96 E212.07995 ;T15.948 R8.000 A1.571 C-409.03184000000033 FILLET CORNER
G1 X35.96 Y126.04 E212.64804 ;T9.080 R8.000 A1.571 C-409.08308000000034 FILLET CORNER
G1 X59.911 Y126.04 E213.44465
G1 X67.023 Y124.742 E213.6851
G1 X74.347 Y123.794 E213.93073
G1 X81.64 Y123.23 E214.17402
G1 X88.977 Y123.04 E214.41813
G1 F2700 E209.41813
G0 F9000 X88.98 Y123.3
G0 X69.807 Y124.562 ;T-136.811 R8.000 A0.102 C-19.688347000000128 FILLET CORNER
G0 X59.93 Y126.239 ;T-86.388 R8.000 A0.166 C38.75501600000023 FILLET CORNER
G0 X36.461 Y126.3
G1 F2700 E214.41813
G0 F9000 X36.461 Y125.839
G1 F1500 X36.16 Y125.538 E214.43229
G0 F9000 X36.16 Y124.972
G1 F1500 X37.026 Y125.839 E214.47305
G0 F9000 X37.592 Y125.839
G1 F1500 X36.16 Y124.406 E214.54043
G0 F9000 X36.16 Y123.841
G1 F1500 X38.158 Y125.839 E214.63441
G0 F9000 X38.723 Y125.839
G1 F1500 X36.16 Y123.275 E214.75499
G0 F9000 X36.16 Y122.709
G1 F1500 X39.289 Y125.839 E214.90219
G0 F9000 X39.855 Y125.839
G1 F1500 X36.16 Y122.144 E215.07599
G0 F9000 X36.16 Y121.578
G1 F1500 X40.421 Y125.839 E215.27642
G0 F9000 X40.986 Y125.839
G1 F1500 X36.16 Y121.012 E215.50344
G0 F9000 X36.16 Y120.447
G1 F1500 X41.552 Y125.839 E215.75706
G0 F9000 X42.118 Y125.839
G1 F1500 X36.16 Y119.881 E216.03731
G0 F9000 X36.16 Y119.315
G1 F1500 X42.683 Y125.839 E216.34416
G0 F9000 X43.249 Y125.839
G1 F1500 X36.16 Y118.75 E216.6776
G0 F9000 X36.16 Y118.184
G1 F1500 X43.815 Y125.839 E217.03767
G0 F9000 X44.38 Y125.839
G1 F1500 X36.16 Y117.618 E217.42434
G0 F9000 X36.16 Y117.053
G1 F1500 X44.946 Y125.839 E217.8376
G0 F9000 X45.512 Y125.839
G1 F1500 X36.16 Y116.487 E218.27749
G0 F9000 X36.16 Y115.921
G1 F1500 X46.077 Y125.839 E218.74398
G0 F9000 X46.643 Y125.839
G1 F1500 X36.16 Y115.355 E219.23709
G0 F9000 X36.16 Y114.79
G1 F1500 X47.209 Y125.839 E219.7568
G0 F9000 X47.774 Y125.839
G1 F1500 X36.16 Y114.224 E220.30311
G0 F9000 X36.16 Y113.658
G1 F1500 X48.34 Y125.839 E220.87605
G0 F9000 X48.906 Y125.839
G1 F1500 X36.16 Y113.093 E221.47558
G0 F9000 X36.16 Y112.527
G1 F1500 X49.472 Y125.839 E222.10173
G0 F9000 X50.037 Y125.839
G1 F1500 X36.16 Y111.961 E222.75449
G0 F9000 X36.16 Y111.396
G1 F1500 X50.603 Y125.839 E223.43384
G0 F9000 X51.169 Y125.839
G1 F1500 X36.16 Y110.83 E224.13982
G0 F9000 X36.16 Y110.264
G1 F1500 X51.734 Y125.839 E224.8724
G0 F9000 X52.3 Y125.839
G1 F1500 X36.16 Y109.699 E225.63157
G0 F9000 X36.186 Y109.159
G1 F1500 X52.866 Y125.839 E226.41615
G0 F9000 X53.431 Y125.839
G1 F1500 X36.751 Y109.159 E227.20073
G0 F9000 X37.317 Y109.159
G1 F1500 X53.997 Y125.839 E227.9853
G0 F9000 X54.563 Y125.839
G1 F1500 X37.883 Y109.159 E228.76988
G0 F9000 X38.448 Y109.159
G1 F1500 X55.128 Y125.839 E229.55445
G0 F9000 X55.694 Y125.839
G1 F1500 X39.014 Y109.159 E230.33903
G0 F9000 X39.58 Y109.159
G1 F1500 X56.26 Y125.839 E231.12361
G0 F9000 X56.825 Y125.839
G1 F1500 X40.145 Y109.159 E231.90818
G0 F9000 X40.711 Y109.159
G1 F1500 X57.391 Y125.839 E232.69276
G0 F9000 X57.957 Y125.839
G1 F1500 X41.277 Y109.159 E233.47734
G0 F9000 X41.843 Y109.159
G1 F1500 X58.522 Y125.839 E234.26189
G0 F9000 X59.088 Y125.839
G1 F1500 X42.408 Y109.159 E235.04646
G0 F9000 X42.974 Y109.159
G1 F1500 X59.654 Y125.839 E235.83104
G0 F9000 X60.169 Y125.788
G1 F1500 X43.54 Y109.159 E236.61322
G0 F9000 X44.105 Y109.159
G1 F1500 X60.647 Y125.701 E237.3913
G0 F9000 X61.125 Y125.613
G1 F1500 X44.671 Y109.159 E238.16525
G0 F9000 X45.237 Y109.159
G1 F1500 X61.604 Y125.527 E238.93512
G0 F9000 X62.082 Y125.439
G1 F1500 X45.802 Y109.159 E239.70089
G0 F9000 X46.368 Y109.159
G1 F1500 X62.561 Y125.352 E240.46256
G0 F9000 X63.039 Y125.264
G1 F1500 X46.934 Y109.159 E241.22008
G0 F9000 X47.499 Y109.159
G1 F1500 X63.517 Y125.177 E241.97352
G0 F9000 X63.995 Y125.09
G1 F1500 X48.065 Y109.159 E242.72284
G0 F9000 X48.631 Y109.159
G1 F1500 X64.474 Y125.003 E243.46807
G0 F9000 X64.952 Y124.915
G1 F1500 X49.196 Y109.159 E244.20919
G0 F9000 X49.762 Y109.159
G1 F1500 X65.43 Y124.827 E244.94616
G0 F9000 X65.909 Y124.74
G1 F1500 X50.328 Y109.159 E245.67905
G0 F9000 X50.894 Y109.159
G1 F1500 X66.387 Y124.653 E246.40781
G0 F9000 X66.866 Y124.566
G1 F1500 X51.459 Y109.159 E247.13251
G0 F9000 X52.025 Y109.159
G1 F1500 X67.361 Y124.496 E247.85389
G0 F9000 X67.862 Y124.43
G1 F1500 X52.591 Y109.159 E248.57219
G0 F9000 X53.156 Y109.159
G1 F1500 X68.363 Y124.365 E249.28746
G0 F9000 X68.863 Y124.3
G1 F1500 X53.722 Y109.159 E249.99965
G0 F9000 X54.288 Y109.159
G1 F1500 X69.365 Y124.236 E250.70882
G0 F9000 X69.865 Y124.171
G1 F1500 X54.853 Y109.159 E251.41494
G0 F9000 X55.419 Y109.159
G1 F1500 X70.366 Y124.106 E252.118
G0 F9000 X70.866 Y124.041
G1 F1500 X55.985 Y109.159 E252.81798
G0 F9000 X56.55 Y109.159
G1 F1500 X71.367 Y123.976 E253.51493
G0 F9000 X71.868 Y123.911
G1 F1500 X57.116 Y109.159 E254.20882
G0 F9000 X57.682 Y109.159
G1 F1500 X72.369 Y123.846 E254.89965
G0 F9000 X72.87 Y123.781
G1 F1500 X58.247 Y109.159 E255.58745
G0 F9000 X58.813 Y109.159
G1 F1500 X73.37 Y123.716 E256.27216
G0 F9000 X73.871 Y123.651
G1 F1500 X59.379 Y109.159 E256.95382
G0 F9000 X59.957 Y109.172
G1 F1500 X74.375 Y123.59 E257.632
G0 F9000 X74.9 Y123.549
G1 F1500 X60.649 Y109.298 E258.30232
G0 F9000 X61.341 Y109.424
G1 F1500 X75.425 Y123.508 E258.96479
G0 F9000 X75.951 Y123.468
G1 F1500 X62.033 Y109.55 E259.61945
G0 F9000 X62.725 Y109.677
G1 F1500 X76.475 Y123.427 E260.26621
G0 F9000 X77.001 Y123.387
G1 F1500 X63.417 Y109.803 E260.90516
G0 F9000 X64.109 Y109.929
G1 F1500 X77.525 Y123.346 E261.53623
G0 F9000 X78.051 Y123.305
G1 F1500 X64.801 Y110.056 E262.15945
G0 F9000 X65.492 Y110.182
G1 F1500 X78.575 Y123.264 E262.77481
G0 F9000 X79.101 Y123.224
G1 F1500 X66.185 Y110.308 E263.38234
G0 F9000 X66.876 Y110.434
G1 F1500 X79.625 Y123.183 E263.98201
G0 F9000 X80.151 Y123.143
G1 F1500 X67.533 Y110.525 E264.57552
G0 F9000 X68.183 Y110.609
G1 F1500 X80.675 Y123.102 E265.16313
G0 F9000 X81.201 Y123.062
G1 F1500 X68.833 Y110.694 E265.74488
G0 F9000 X69.482 Y110.777
G1 F1500 X81.731 Y123.026 E266.32104
G0 F9000 X82.283 Y123.012
G1 F1500 X70.132 Y110.861 E266.89258
G0 F9000 X70.782 Y110.945
G1 F1500 X82.834 Y122.998 E267.4595
G0 F9000 X83.385 Y122.983
G1 F1500 X71.431 Y111.029 E268.02178
G0 F9000 X72.081 Y111.114
G1 F1500 X83.937 Y122.969 E268.57942
G0 F9000 X84.488 Y122.955
G1 F1500 X72.73 Y111.197 E269.13248
G0 F9000 X73.38 Y111.281
G1 F1500 X85.04 Y122.941 E269.68093
G0 F9000 X85.591 Y122.926
G1 F1500 X74.03 Y111.365 E270.22473
G0 F9000 X74.66 Y111.43
G1 F1500 X86.142 Y122.912 E270.76481
G0 F9000 X86.694 Y122.897
G1 F1500 X75.273 Y111.477 E271.30199
G0 F9000 X75.886 Y111.524
G1 F1500 X87.245 Y122.883 E271.83628
G0 F9000 X87.797 Y122.869
G1 F1500 X76.499 Y111.572 E272.36768
G0 F9000 X77.112 Y111.619
G1 F1500 X88.348 Y122.854 E272.89617
G0 F9000 X88.899 Y122.84
G1 F1500 X77.725 Y111.667 E273.42173
G0 F9000 X78.338 Y111.714
G1 F1500 X89.463 Y122.839 E273.94502
G0 F9000 X90.029 Y122.839
G1 F1500 X78.952 Y111.761 E274.46607
G0 F9000 X79.565 Y111.809
G1 F1500 X90.595 Y122.839 E274.98489
G0 F9000 X91.16 Y122.839
G1 F1500 X80.178 Y111.856 E275.50147
G0 F9000 X80.791 Y111.903
G1 F1500 X91.726 Y122.839 E276.01585
G0 F9000 X92.292 Y122.839
G1 F1500 X81.404 Y111.951 E276.52798
G0 F9000 X81.997 Y111.978
G1 F1500 X92.857 Y122.839 E277.03883
G0 F9000 X93.423 Y122.839
G1 F1500 X82.578 Y111.993 E277.54897
G0 F9000 X83.158 Y112.008
G1 F1500 X93.989 Y122.839 E278.05842
G0 F9000 X94.555 Y122.839
G1 F1500 X83.739 Y112.024 E278.56715
G0 F9000 X84.32 Y112.038
G1 F1500 X95.12 Y122.839 E279.07517
G0 F9000 X95.686 Y122.839
G1 F1500 X84.9 Y112.053 E279.58251
G0 F9000 X85.482 Y112.069
G1 F1500 X96.252 Y122.839 E280.0891
G0 F9000 X96.817 Y122.839
G1 F1500 X86.062 Y112.084 E280.59498
G0 F9000 X86.643 Y112.099
G1 F1500 X97.383 Y122.839 E281.10016
G0 F9000 X97.949 Y122.839
G1 F1500 X87.223 Y112.113 E281.60468
G0 F9000 X87.804 Y112.129
G1 F1500 X98.514 Y122.839 E282.10845
G0 F9000 X99.08 Y122.839
G1 F1500 X88.385 Y112.144 E282.61151
G0 F9000 X88.966 Y112.159
G1 F1500 X99.646 Y122.839 E283.11386
G0 F9000 X100.211 Y122.839
G1 F1500 X89.532 Y112.159 E283.61619
G0 F9000 X90.098 Y112.159
G1 F1500 X100.777 Y122.839 E284.11852
G0 F9000 X101.343 Y122.839
G1 F1500 X90.663 Y112.159 E284.62088
G0 F9000 X91.229 Y112.159
G1 F1500 X101.908 Y122.839 E285.12321
G0 F9000 X102.474 Y122.839
G1 F1500 X91.795 Y112.159 E285.62554
G0 F9000 X92.36 Y112.159
G1 F1500 X103.04 Y122.839 E286.12789
G0 F9000 X103.605 Y122.839
G1 F1500 X92.926 Y112.159 E286.63022
G0 F9000 X93.492 Y112.159
G1 F1500 X104.171 Y122.839 E287.13255
G0 F9000 X104.737 Y122.839
G1 F1500 X94.057 Y112.159 E287.63491
G0 F9000 X94.623 Y112.159
G1 F1500 X105.303 Y122.839 E288.13726
G0 F9000 X105.868 Y122.839
G1 F1500 X95.189 Y112.159 E288.63959
G0 F9000 X95.754 Y112.159
G1 F1500 X106.434 Y122.839 E289.14195
G0 F9000 X107 Y122.839
G1 F1500 X96.32 Y112.159 E289.6443
G0 F9000 X96.886 Y112.159
G1 F1500 X107.565 Y122.839 E290.14663
G0 F9000 X108.131 Y122.839
G1 F1500 X97.452 Y112.159 E290.64896
G0 F9000 X98.017 Y112.159
G1 F1500 X108.697 Y122.839 E291.15132
G0 F9000 X109.262 Y122.839
G1 F1500 X98.583 Y112.159 E291.65365
G0 F9000 X99.149 Y112.159
G1 F1500 X109.828 Y122.839 E292.15598
G0 F9000 X110.394 Y122.839
G1 F1500 X99.714 Y112.159 E292.65834
G0 F9000 X100.28 Y112.159
G1 F1500 X110.959 Y122.839 E293.16067
G0 F9000 X111.525 Y122.839
G1 F1500 X100.846 Y112.159 E293.663
G0 F9000 X101.411 Y112.159
G1 F1500 X112.091 Y122.839 E294.16535
G0 F9000 X112.656 Y122.839
G1 F1500 X101.977 Y112.159 E294.66768
G0 F9000 X102.543 Y112.159
G1 F1500 X113.222 Y122.839 E295.17001
G0 F9000 X113.788 Y122.839
G1 F1500 X103.108 Y112.159 E295.67237
G0 F9000 X103.674 Y112.159
G1 F1500 X114.354 Y122.839 E296.17472
G0 F9000 X114.919 Y122.839
G1 F1500 X104.24 Y112.159 E296.67705
G0 F9000 X104.805 Y112.159
G1 F1500 X115.485 Y122.839 E297.17941
G0 F9000 X116.051 Y122.839
G1 F1500 X105.371 Y112.159 E297.68176
G0 F9000 X105.937 Y112.159
G1 F1500 X116.616 Y122.839 E298.18409
G0 F9000 X117.182 Y122.839
G1 F1500 X106.503 Y112.159 E298.68642
G0 F9000 X107.068 Y112.159
G1 F1500 X117.748 Y122.839 E299.18878
G0 F9000 X118.313 Y122.839
G1 F1500 X107.634 Y112.159 E299.69111
G0 F9000 X108.2 Y112.159
G1 F1500 X118.879 Y122.839 E300.19344
G0 F9000 X119.445 Y122.839
G1 F1500 X108.765 Y112.159 E300.6958
G0 F9000 X109.331 Y112.159
G1 F1500 X120.01 Y122.839 E301.19813
G0 F9000 X120.576 Y122.839
G1 F1500 X109.897 Y112.159 E301.70046
G0 F9000 X110.462 Y112.159
G1 F1500 X121.142 Y122.839 E302.20281
G0 F9000 X121.707 Y122.839
G1 F1500 X111.028 Y112.159 E302.70514
G0 F9000 X111.594 Y112.159
G1 F1500 X122.273 Y122.839 E303.20747
G0 F9000 X122.839 Y122.839
G1 F1500 X112.159 Y112.159 E303.70983
G0 F9000 X112.725 Y112.159
G1 F1500 X123.404 Y122.839 E304.21216
G0 F9000 X123.97 Y122.839
G1 F1500 X113.291 Y112.159 E304.71449
G0 F9000 X113.856 Y112.159
G1 F1500 X124.536 Y122.839 E305.21684
G0 F9000 X125.102 Y122.839
G1 F1500 X114.422 Y112.159 E305.7192
G0 F9000 X114.988 Y112.159
G1 F1500 X125.667 Y122.839 E306.22153
G0 F9000 X126.233 Y122.839
G1 F1500 X115.553 Y112.159 E306.72388
G0 F9000 X116.119 Y112.159
G1 F1500 X126.799 Y122.839 E307.22624
G0 F9000 X127.364 Y122.839
G1 F1500 X116.685 Y112.159 E307.72857
G0 F9000 X117.251 Y112.159
G1 F1500 X127.93 Y122.839 E308.2309
G0 F9000 X128.496 Y122.839
G1 F1500 X117.817 Y112.16 E308.73321
G0 F9000 X118.383 Y112.16
G1 F1500 X129.061 Y122.839 E309.23549
G0 F9000 X129.627 Y122.839
G1 F1500 X118.948 Y112.16 E309.7378
G0 F9000 X119.514 Y112.16
G1 F1500 X130.193 Y122.839 E310.24011
G0 F9000 X130.758 Y122.839
G1 F1500 X120.08 Y112.16 E310.74239
G0 F9000 X120.645 Y112.16
G1 F1500 X131.324 Y122.839 E311.2447
G0 F9000 X131.89 Y122.839
G1 F1500 X121.211 Y112.16 E311.74701
G0 F9000 X121.777 Y112.16
G1 F1500 X132.455 Y122.839 E312.24929
G0 F9000 X133.021 Y122.839
G1 F1500 X122.342 Y112.16 E312.7516
G0 F9000 X122.908 Y112.16
G1 F1500 X133.587 Y122.839 E313.2539
G0 F9000 X134.153 Y122.839
G1 F1500 X123.474 Y112.16 E313.75621
G0 F9000 X124.039 Y112.16
G1 F1500 X134.718 Y122.839 E314.25852
G0 F9000 X135.284 Y122.839
G1 F1500 X124.605 Y112.16 E314.76083
G0 F9000 X125.171 Y112.16
G1 F1500 X135.85 Y122.839 E315.26313
G0 F9000 X136.415 Y122.839
G1 F1500 X125.737 Y112.16 E315.76542
G0 F9000 X126.302 Y112.16
G1 F1500 X136.981 Y122.839 E316.26772
G0 F9000 X137.547 Y122.839
G1 F1500 X126.868 Y112.16 E316.77003
G0 F9000 X127.434 Y112.16
G1 F1500 X138.112 Y122.839 E317.27232
G0 F9000 X138.678 Y122.839
G1 F1500 X127.999 Y112.16 E317.77462
G0 F9000 X128.565 Y112.16
G1 F1500 X139.244 Y122.839 E318.27693
G0 F9000 X139.809 Y122.839
G1 F1500 X129.131 Y112.16 E318.77921
G0 F9000 X129.696 Y112.16
G1 F1500 X140.375 Y122.839 E319.28152
G0 F9000 X140.941 Y122.839
G1 F1500 X130.262 Y112.16 E319.78383
G0 F9000 X130.828 Y112.16
G1 F1500 X141.506 Y122.839 E320.28611
G0 F9000 X142.072 Y122.839
G1 F1500 X131.393 Y112.16 E320.78842
G0 F9000 X131.959 Y112.16
G1 F1500 X142.638 Y122.839 E321.29073
G0 F9000 X143.203 Y122.839
G1 F1500 X132.525 Y112.16 E321.79301
G0 F9000 X133.09 Y112.16
G1 F1500 X143.769 Y122.839 E322.29532
G0 F9000 X144.335 Y122.839
G1 F1500 X133.656 Y112.16 E322.79763
G0 F9000 X134.222 Y112.16
G1 F1500 X144.901 Y122.839 E323.29993
G0 F9000 X145.466 Y122.839
G1 F1500 X134.787 Y112.16 E323.80224
G0 F9000 X135.353 Y112.16
G1 F1500 X146.033 Y122.84 E324.3046
G0 F9000 X146.613 Y122.854
G1 F1500 X135.919 Y112.16 E324.80761
G0 F9000 X136.485 Y112.16
G1 F1500 X147.194 Y122.869 E325.31133
G0 F9000 X147.774 Y122.884
G1 F1500 X137.05 Y112.16 E325.81575
G0 F9000 X137.616 Y112.16
G1 F1500 X148.355 Y122.899 E326.32088
G0 F9000 X148.935 Y122.914
G1 F1500 X138.182 Y112.16 E326.82669
G0 F9000 X138.747 Y112.16
G1 F1500 X149.517 Y122.929 E327.33326
G0 F9000 X150.097 Y122.944
G1 F1500 X139.313 Y112.16 E327.8405
G0 F9000 X139.879 Y112.16
G1 F1500 X150.678 Y122.959 E328.34846
G0 F9000 X151.258 Y122.974
G1 F1500 X140.444 Y112.16 E328.85711
G0 F9000 X141.01 Y112.16
G1 F1500 X151.839 Y122.989 E329.36648
G0 F9000 X152.419 Y123.004
G1 F1500 X141.576 Y112.16 E329.87652
G0 F9000 X142.141 Y112.16
G1 F1500 X153 Y123.019 E330.3873
G0 F9000 X153.592 Y123.045
G1 F1500 X142.707 Y112.16 E330.89929
G0 F9000 X143.273 Y112.16
G1 F1500 X154.205 Y123.093 E331.41352
G0 F9000 X154.818 Y123.14
G1 F1500 X143.838 Y112.16 E331.92999
G0 F9000 X144.404 Y112.16
G1 F1500 X155.432 Y123.188 E332.44871
G0 F9000 X156.045 Y123.235
G1 F1500 X144.97 Y112.16 E332.96965
G0 F9000 X145.536 Y112.16
G1 F1500 X156.659 Y123.284 E333.49286
G0 F9000 X157.272 Y123.331
G1 F1500 X146.1 Y112.159 E334.01836
G0 F9000 X146.651 Y112.145
G1 F1500 X157.886 Y123.379 E334.54679
G0 F9000 X158.499 Y123.426
G1 F1500 X147.202 Y112.13 E335.07815
G0 F9000 X147.754 Y112.116
G1 F1500 X159.113 Y123.474 E335.61242
G0 F9000 X159.726 Y123.522
G1 F1500 X148.305 Y112.101 E336.14963
G0 F9000 X148.857 Y112.087
G1 F1500 X160.339 Y123.57 E336.68973
G0 F9000 X160.966 Y123.631
G1 F1500 X149.408 Y112.073 E337.23338
G0 F9000 X149.96 Y112.059
G1 F1500 X161.617 Y123.716 E337.78169
G0 F9000 X162.266 Y123.8
G1 F1500 X150.511 Y112.044 E338.33463
G0 F9000 X151.062 Y112.03
G1 F1500 X162.916 Y123.884 E338.89221
G0 F9000 X163.566 Y123.968
G1 F1500 X151.614 Y112.016 E339.45439
G0 F9000 X152.165 Y112.002
G1 F1500 X164.216 Y124.052 E340.02121
G0 F9000 X164.866 Y124.136
G1 F1500 X152.717 Y111.988 E340.59264
G0 F9000 X153.268 Y111.973
G1 F1500 X165.516 Y124.22 E341.16873
G0 F9000 X166.165 Y124.305
G1 F1500 X153.797 Y111.936 E341.7505
G0 F9000 X154.322 Y111.896
G1 F1500 X166.816 Y124.389 E342.33816
G0 F9000 X167.466 Y124.474
G1 F1500 X154.847 Y111.855 E342.93172
G0 F9000 X155.372 Y111.814
G1 F1500 X168.123 Y124.565 E343.53148
G0 F9000 X168.814 Y124.691
G1 F1500 X155.897 Y111.773 E344.13908
G0 F9000 X156.422 Y111.733
G1 F1500 X169.506 Y124.817 E344.75452
G0 F9000 X170.198 Y124.943
G1 F1500 X156.947 Y111.692 E345.3778
G0 F9000 X157.472 Y111.652
G1 F1500 X170.89 Y125.07 E346.00894
G0 F9000 X171.582 Y125.196
G1 F1500 X157.997 Y111.611 E346.64794
G0 F9000 X158.522 Y111.57
G1 F1500 X172.273 Y125.321 E347.29474
G0 F9000 X172.966 Y125.448
G1 F1500 X159.047 Y111.529 E347.94945
G0 F9000 X159.572 Y111.489
G1 F1500 X173.657 Y125.574 E348.61197
G0 F9000 X174.349 Y125.7
G1 F1500 X160.097 Y111.448 E349.28234
G0 F9000 X160.622 Y111.408
G1 F1500 X175.041 Y125.826 E349.96054
G0 F9000 X175.619 Y125.839
G1 F1500 X161.126 Y111.345 E350.64227
G0 F9000 X161.626 Y111.28
G1 F1500 X176.185 Y125.839 E351.32708
G0 F9000 X176.751 Y125.839
G1 F1500 X162.128 Y111.216 E352.0149
G0 F9000 X162.628 Y111.151
G1 F1500 X177.316 Y125.839 E352.70578
G0 F9000 X177.882 Y125.839
G1 F1500 X163.129 Y111.086 E353.39972
G0 F9000 X163.63 Y111.021
G1 F1500 X178.448 Y125.839 E354.09671
G0 F9000 X179.013 Y125.839
G1 F1500 X164.131 Y110.957 E354.79671
G0 F9000 X164.632 Y110.892
G1 F1500 X179.579 Y125.839 E355.49977
G0 F9000 X180.145 Y125.839
G1 F1500 X165.132 Y110.826 E356.20594
G0 F9000 X165.634 Y110.762
G1 F1500 X180.711 Y125.839 E356.91511
G0 F9000 X181.276 Y125.839
G1 F1500 X166.134 Y110.697 E357.62735
G0 F9000 X166.635 Y110.632
G1 F1500 X181.842 Y125.839 E358.34264
G0 F9000 X182.408 Y125.839
G1 F1500 X167.136 Y110.568 E359.06096
G0 F9000 X167.637 Y110.503
G1 F1500 X182.973 Y125.839 E359.78232
G0 F9000 X183.539 Y125.839
G1 F1500 X168.133 Y110.433 E360.50697
G0 F9000 X168.611 Y110.346
G1 F1500 X184.105 Y125.839 E361.23574
G0 F9000 X184.67 Y125.839
G1 F1500 X169.089 Y110.258 E361.96862
G0 F9000 X169.568 Y110.171
G1 F1500 X185.236 Y125.839 E362.7056
G0 F9000 X185.802 Y125.839
G1 F1500 X170.046 Y110.083 E363.44671
G0 F9000 X170.525 Y109.996
G1 F1500 X186.367 Y125.839 E364.19189
G0 F9000 X186.933 Y125.839
G1 F1500 X171.003 Y109.909 E364.94119
G0 F9000 X171.481 Y109.822
G1 F1500 X187.499 Y125.839 E365.69461
G0 F9000 X188.064 Y125.839
G1 F1500 X171.959 Y109.734 E366.45214
G0 F9000 X172.438 Y109.647
G1 F1500 X188.63 Y125.839 E367.21376
G0 F9000 X189.196 Y125.839
G1 F1500 X172.917 Y109.56 E367.97947
G0 F9000 X173.395 Y109.472
G1 F1500 X189.762 Y125.839 E368.74933
G0 F9000 X190.327 Y125.839
G1 F1500 X173.874 Y109.385 E369.52325
G0 F9000 X174.352 Y109.298
G1 F1500 X190.893 Y125.839 E370.30129
G0 F9000 X191.459 Y125.839
G1 F1500 X174.83 Y109.211 E371.08344
G0 F9000 X175.345 Y109.16
G1 F1500 X192.024 Y125.839 E371.86797
G0 F9000 X192.59 Y125.839
G1 F1500 X175.911 Y109.16 E372.6525
G0 F9000 X176.476 Y109.16
G1 F1500 X193.156 Y125.839 E373.43705
G0 F9000 X193.721 Y125.839
G1 F1500 X177.042 Y109.16 E374.22158
G0 F9000 X177.608 Y109.16
G1 F1500 X194.287 Y125.839 E375.00611
G0 F9000 X194.853 Y125.839
G1 F1500 X178.173 Y109.16 E375.79066
G0 F9000 X178.739 Y109.16
G1 F1500 X195.418 Y125.839 E376.57519
G0 F9000 X195.984 Y125.839
G1 F1500 X179.305 Y109.16 E377.35972
G0 F9000 X179.87 Y109.16
G1 F1500 X196.55 Y125.839 E378.14427
G0 F9000 X197.115 Y125.839
G1 F1500 X180.436 Y109.16 E378.9288
G0 F9000 X181.002 Y109.16
G1 F1500 X197.681 Y125.839 E379.71333
G0 F9000 X198.247 Y125.839
G1 F1500 X181.568 Y109.16 E380.49786
G0 F9000 X182.133 Y109.16
G1 F1500 X198.812 Y125.839 E381.28239
G0 F9000 X198.839 Y125.3
G1 F1500 X182.699 Y109.16 E382.04156
G0 F9000 X183.265 Y109.16
G1 F1500 X198.839 Y124.734 E382.77412
G0 F9000 X198.839 Y124.168
G1 F1500 X183.83 Y109.16 E383.48007
G0 F9000 X184.396 Y109.16
G1 F1500 X198.839 Y123.602 E384.1594
G0 F9000 X198.839 Y123.037
G1 F1500 X184.962 Y109.16 E384.81213
G0 F9000 X185.527 Y109.16
G1 F1500 X198.839 Y122.471 E385.43826
G0 F9000 X198.839 Y121.905
G1 F1500 X186.093 Y109.16 E386.03777
G0 F9000 X186.659 Y109.16
G1 F1500 X198.839 Y121.34 E386.61068
G0 F9000 X198.839 Y120.774
G1 F1500 X187.224 Y109.16 E387.15699
G0 F9000 X187.79 Y109.16
G1 F1500 X198.839 Y120.208 E387.67668
G0 F9000 X198.839 Y119.643
G1 F1500 X188.356 Y109.16 E388.16977
G0 F9000 X188.921 Y109.16
G1 F1500 X198.839 Y119.077 E388.63626
G0 F9000 X198.839 Y118.511
G1 F1500 X189.487 Y109.16 E389.07612
G0 F9000 X190.053 Y109.16
G1 F1500 X198.839 Y117.946 E389.48939
G0 F9000 X198.839 Y117.38
G1 F1500 X190.619 Y109.16 E389.87603
G0 F9000 X191.184 Y109.16
G1 F1500 X198.839 Y116.814 E390.23608
G0 F9000 X198.839 Y116.249
G1 F1500 X191.75 Y109.16 E390.56952
G0 F9000 X192.316 Y109.16
G1 F1500 X198.839 Y115.683 E390.87635
G0 F9000 X198.839 Y115.117
G1 F1500 X192.881 Y109.16 E391.15657
G0 F9000 X193.447 Y109.16
G1 F1500 X198.839 Y114.552 E391.41019
G0 F9000 X198.839 Y113.986
G1 F1500 X194.013 Y109.16 E391.63719
G0 F9000 X194.578 Y109.16
G1 F1500 X198.839 Y113.42 E391.83759
G0 F9000 X198.839 Y112.854
G1 F1500 X195.144 Y109.16 E392.01137
G0 F9000 X195.71 Y109.16
G1 F1500 X198.839 Y112.289 E392.15855
G0 F9000 X198.839 Y111.723
G1 F1500 X196.275 Y109.16 E392.27913
G0 F9000 X196.841 Y109.16
G1 F1500 X198.839 Y111.157 E392.37308
G0 F9000 X198.839 Y110.592
G1 F1500 X197.407 Y109.16 E392.44044
G0 F9000 X197.972 Y109.16
G1 F1500 X198.839 Y110.026 E392.4812
G0 F9000 X198.839 Y109.46
G1 F1500 X198.538 Y109.16 E392.49533
G1 F2700 E387.49533
;MESH:NONMESH
G0 F300 X198.538 Y109.16 Z4.4
G0 F9000 X198.538 Y108.7
G0 X199.228 Y108.772
G0 X199.228 Y126.228 ;T9.452 R8.000 A1.570 C421.66713599999986 FILLET CORNER
G0 X175.072 Y126.239 ;T-79.003 R8.000 A0.155 C54.41318300000038 FILLET CORNER
G0 X160.635 Y123.993 ;T-140.840 R8.000 A0.103 C-12.441265000000161 FILLET CORNER
G0 X152.351 Y123.566 ;T-318.973 R8.000 A0.049 C-25.682137999999554 FILLET CORNER
G0 X88.985 Y123.4
;TIME_ELAPSED:6313.544080
;LAYER:21
;TYPE:WALL-INNER
;MESH:D638-22 Type I Tensile Specimen.STL
G1 F2700 E392.49533
G1 F1500 X146.017 Y123.4 E394.39223
G1 X153.345 Y123.589 E394.63604
G1 X160.654 Y124.156 E394.87987
G1 X167.896 Y125.094 E395.12275
G1 X175.057 Y126.4 E395.36485
G1 X199.4 Y126.4 E396.1745 ;T16.343 R8.000 A1.571 C-216.6527000000003 FILLET CORNER
G1 X199.4 Y117.5 E396.47052
G1 X199.4 Y108.6 E396.76653 ;T0.900 R8.000 A1.571 C-216.67050000000012 FILLET CORNER
G1 X175.055 Y108.6 E397.57625
G1 X167.894 Y109.906 E397.81836
G1 X160.654 Y110.844 E398.06117
G1 X153.343 Y111.411 E398.30507
G1 X146.015 Y111.6 E398.54888
G1 X88.983 Y111.6 E400.44577
G1 X81.655 Y111.411 E400.68958
G1 X74.346 Y110.844 E400.93341
G1 X67.104 Y109.906 E401.17629
G1 X59.943 Y108.6 E401.4184
G1 X35.6 Y108.6 E402.22805 ;T16.343 R8.000 A1.571 C-433.3054000000002 FILLET CORNER
G1 X35.6 Y126.4 E402.82008 ;T9.800 R8.000 A1.571 C-433.34100000000024 FILLET CORNER
G1 X59.945 Y126.4 E403.6298
G1 X67.106 Y125.094 E403.8719
G1 X74.346 Y124.156 E404.11472
G1 X81.657 Y123.589 E404.35861
G1 X88.985 Y123.4 E404.60242
G1 F2700 E399.60242
G0 F9000 X74.325 Y123.997 ;T-125.765 R8.000 A0.114 C-24.273905000000138 FILLET CORNER
G0 X59.93 Y126.239 ;T-88.476 R8.000 A0.155 C54.320581000000246 FILLET CORNER
G0 X35.772 Y126.228 ;T16.154 R8.000 A1.570 C421.70204799999976 FILLET CORNER
G0 X35.772 Y108.772 ;T9.452 R8.000 A1.570 C421.6671359999997 FILLET CORNER
G0 X59.928 Y108.761 ;T-79.048 R8.000 A0.155 C44.044209000000066 FILLET CORNER
G0 X71.619 Y110.579 ;T-166.367 R8.000 A0.090 C-18.44317799999996 FILLET CORNER
G0 X88.979 Y111.701
G1 F2700 E404.60242
G0 F9000 X88.993 Y111.2
;TYPE:WALL-OUTER
G1 F1500 X146.005 Y111.2 E406.49865
G1 X153.302 Y111.012 E406.74143
G1 X160.592 Y110.448 E406.98462
G1 X167.842 Y109.509 E407.22777
G1 X175.019 Y108.2 E407.47042
G1 X199.8 Y108.2 E408.29464 ;T16.781 R8.000 A1.571 C230.46329999999998 FILLET CORNER
G1 X199.8 Y117.5 E408.60396
G1 X199.8 Y126.8 E408.91327 ;T1.300 R8.000 A1.571 C230.44470000000015 FILLET CORNER
G1 X175.021 Y126.8 E409.73743
G1 X167.854 Y125.493 E409.97973
G1 X160.602 Y124.553 E410.22295
G1 X153.314 Y123.988 E410.46608
G1 X146.007 Y123.8 E410.70919
G1 X88.995 Y123.8 E412.60542
G1 X81.698 Y123.988 E412.8482
G1 X74.408 Y124.552 E413.09139
G1 X67.158 Y125.491 E413.33454
G1 X59.981 Y126.8 E413.57719
G1 X35.2 Y126.8 E414.40141 ;T16.781 R8.000 A1.571 C460.92659999999984 FILLET CORNER
G1 X35.2 Y108.2 E415.02005 ;T10.600 R8.000 A1.571 C460.8893999999998 FILLET CORNER
G1 X59.979 Y108.2 E415.8442
G1 X67.146 Y109.507 E416.08651
G1 X74.398 Y110.447 E416.32973
G1 X81.686 Y111.012 E416.57285
G1 X88.993 Y111.2 E416.81596
G0 F9000 X88.975 Y111.96
;TYPE:SKIN
G1 F1500 X146.024 Y111.96 E418.71342
G1 X153.321 Y111.772 E418.9562
G1 X160.651 Y111.206 E419.20072
G1 X167.981 Y110.257 E419.44656
G1 X175.089 Y108.96 E419.68687
G1 X199.04 Y108.96 E420.48349 ;T15.951 R8.000 A1.571 C204.54154000000008 FILLET CORNER
G1 X199.04 Y117.5 E420.76753
G1 X199.04 Y126.04 E421.05157 ;T0.540 R8.000 A1.571 C204.51591999999997 FILLET CORNER
G1 X175.092 Y126.04 E421.84808
G1 X167.99 Y124.744 E422.0882
G1 X160.7 Y123.799 E422.33269
G1 X153.372 Y123.23 E422.57716
G1 X146.027 Y123.04 E422.82153
G1 X88.977 Y123.04 E424.71902
G1 X81.64 Y123.23 E424.96314
G1 X74.347 Y123.794 E425.20643
G1 X67.023 Y124.742 E425.45206
G1 X59.911 Y126.04 E425.69251
G1 X35.96 Y126.04 E426.48912 ;T15.951 R8.000 A1.571 C409.08308000000034 FILLET CORNER
G1 X35.96 Y108.96 E427.05721 ;T9.080 R8.000 A1.571 C409.03184000000033 FILLET CORNER
G1 X59.908 Y108.96 E427.85372
G1 X67.01 Y110.256 E428.09383
G1 X74.335 Y111.205 E428.3395
G1 X81.629 Y111.77 E428.58283
G1 X88.975 Y111.96 E428.82724
G1 F2700 E423.82724
G0 F9000 X88.979 Y111.701
G0 X69.848 Y110.443 ;T-137.099 R8.000 A0.102 C19.698982000000086 FILLET CORNER
G0 X59.928 Y108.761 ;T-86.461 R8.000 A0.165 C-39.26837200000011 FILLET CORNER
G0 X36.222 Y108.7
G1 F2700 E428.82724
G0 F9000 X36.222 Y109.158
G1 F1500 X36.16 Y109.221 E428.83018
G0 F9000 X36.16 Y109.786
G1 F1500 X36.787 Y109.158 E428.85969
G0 F9000 X37.353 Y109.158
G1 F1500 X36.16 Y110.352 E428.91583
G0 F9000 X36.16 Y110.918
G1 F1500 X37.919 Y109.158 E428.99859
G0 F9000 X38.484 Y109.158
G1 F1500 X36.16 Y111.483 E429.10793
G0 F9000 X36.16 Y112.049
G1 F1500 X39.05 Y109.158 E429.24389
G0 F9000 X39.616 Y109.158
G1 F1500 X36.16 Y112.615 E429.40647
G0 F9000 X36.16 Y113.18
G1 F1500 X40.182 Y109.158 E429.59566
G0 F9000 X40.747 Y109.158
G1 F1500 X36.16 Y113.746 E429.81144
G0 F9000 X36.16 Y114.312
G1 F1500 X41.313 Y109.158 E430.05384
G0 F9000 X41.879 Y109.158
G1 F1500 X36.16 Y114.877 E430.32285
G0 F9000 X36.16 Y115.443
G1 F1500 X42.444 Y109.158 E430.61845
G0 F9000 X43.01 Y109.158
G1 F1500 X36.16 Y116.009 E430.94068
G0 F9000 X36.16 Y116.575
G1 F1500 X43.576 Y109.158 E431.28953
G0 F9000 X44.141 Y109.158
G1 F1500 X36.16 Y117.14 E431.66495
G0 F9000 X36.16 Y117.706
G1 F1500 X44.707 Y109.158 E432.067
G0 F9000 X45.273 Y109.158
G1 F1500 X36.16 Y118.272 E432.49567
G0 F9000 X36.16 Y118.837
G1 F1500 X45.838 Y109.158 E432.95092
G0 F9000 X46.404 Y109.158
G1 F1500 X36.16 Y119.403 E433.43279
G0 F9000 X36.16 Y119.969
G1 F1500 X46.97 Y109.158 E433.94128
G0 F9000 X47.535 Y109.158
G1 F1500 X36.16 Y120.534 E434.47635
G0 F9000 X36.16 Y121.1
G1 F1500 X48.101 Y109.158 E435.03804
G0 F9000 X48.667 Y109.158
G1 F1500 X36.16 Y121.666 E435.62636
G0 F9000 X36.16 Y122.231
G1 F1500 X49.233 Y109.158 E436.24127
G0 F9000 X49.798 Y109.158
G1 F1500 X36.16 Y122.797 E436.88278
G0 F9000 X36.16 Y123.363
G1 F1500 X50.364 Y109.158 E437.55092
G0 F9000 X50.93 Y109.158
G1 F1500 X36.16 Y123.928 E438.24565
G0 F9000 X36.16 Y124.494
G1 F1500 X51.495 Y109.158 E438.96699
G0 F9000 X52.061 Y109.158
G1 F1500 X36.16 Y125.06 E439.71495
G0 F9000 X36.16 Y125.626
G1 F1500 X52.627 Y109.158 E440.48953
G0 F9000 X53.192 Y109.158
G1 F1500 X36.512 Y125.839 E441.27413
G0 F9000 X37.077 Y125.839
G1 F1500 X53.758 Y109.158 E442.05875
G0 F9000 X54.324 Y109.158
G1 F1500 X37.643 Y125.839 E442.84337
G0 F9000 X38.209 Y125.839
G1 F1500 X54.889 Y109.158 E443.62797
G0 F9000 X55.455 Y109.158
G1 F1500 X38.774 Y125.839 E444.4126
G0 F9000 X39.34 Y125.839
G1 F1500 X56.021 Y109.158 E445.19722
G0 F9000 X56.586 Y109.158
G1 F1500 X39.906 Y125.839 E445.98182
G0 F9000 X40.471 Y125.839
G1 F1500 X57.152 Y109.158 E446.76644
G0 F9000 X57.718 Y109.158
G1 F1500 X41.037 Y125.839 E447.55106
G0 F9000 X41.603 Y125.839
G1 F1500 X58.283 Y109.158 E448.33566
G0 F9000 X58.849 Y109.158
G1 F1500 X42.169 Y125.839 E449.12026
G0 F9000 X42.734 Y125.839
G1 F1500 X59.415 Y109.158 E449.90489
G0 F9000 X59.966 Y109.173
G1 F1500 X43.3 Y125.839 E450.6888
G0 F9000 X43.866 Y125.839
G1 F1500 X60.444 Y109.26 E451.46861
G0 F9000 X60.923 Y109.347
G1 F1500 X44.431 Y125.839 E452.24434
G0 F9000 X44.997 Y125.839
G1 F1500 X61.401 Y109.435 E453.01593
G0 F9000 X61.88 Y109.522
G1 F1500 X45.563 Y125.839 E453.78344
G0 F9000 X46.128 Y125.839
G1 F1500 X62.359 Y109.609 E454.54687
G0 F9000 X62.837 Y109.697
G1 F1500 X46.694 Y125.839 E455.30616
G0 F9000 X47.26 Y125.839
G1 F1500 X63.315 Y109.783 E456.06136
G0 F9000 X63.793 Y109.871
G1 F1500 X47.825 Y125.839 E456.81245
G0 F9000 X48.391 Y125.839
G1 F1500 X64.272 Y109.958 E457.55944
G0 F9000 X64.75 Y110.046
G1 F1500 X48.957 Y125.839 E458.3023
G0 F9000 X49.522 Y125.839
G1 F1500 X65.229 Y110.133 E459.04108
G0 F9000 X65.707 Y110.22
G1 F1500 X50.088 Y125.839 E459.77575
G0 F9000 X50.654 Y125.839
G1 F1500 X66.185 Y110.307 E460.50631
G0 F9000 X66.664 Y110.394
G1 F1500 X51.219 Y125.839 E461.23279
G0 F9000 X51.785 Y125.839
G1 F1500 X67.149 Y110.475 E461.95547
G0 F9000 X67.651 Y110.539
G1 F1500 X52.351 Y125.839 E462.67513
G0 F9000 X52.917 Y125.839
G1 F1500 X68.151 Y110.604 E463.39172
G0 F9000 X68.652 Y110.669
G1 F1500 X53.482 Y125.839 E464.10527
G0 F9000 X54.048 Y125.839
G1 F1500 X69.153 Y110.734 E464.81576
G0 F9000 X69.654 Y110.799
G1 F1500 X54.614 Y125.839 E465.5232
G0 F9000 X55.179 Y125.839
G1 F1500 X70.155 Y110.863 E466.22762
G0 F9000 X70.656 Y110.928
G1 F1500 X55.745 Y125.839 E466.92899
G0 F9000 X56.311 Y125.839
G1 F1500 X71.156 Y110.993 E467.62728
G0 F9000 X71.658 Y111.058
G1 F1500 X56.876 Y125.839 E468.32255
G0 F9000 X57.442 Y125.839
G1 F1500 X72.158 Y111.123 E469.01475
G0 F9000 X72.66 Y111.187
G1 F1500 X58.008 Y125.839 E469.70393
G0 F9000 X58.573 Y125.839
G1 F1500 X73.16 Y111.252 E470.39006
G0 F9000 X73.661 Y111.317
G1 F1500 X59.139 Y125.839 E471.07313
G0 F9000 X59.705 Y125.839
G1 F1500 X74.162 Y111.382 E471.75314
G0 F9000 X74.679 Y111.43
G1 F1500 X60.355 Y125.755 E472.42692
G0 F9000 X61.046 Y125.629
G1 F1500 X75.204 Y111.471 E473.09287
G0 F9000 X75.729 Y111.512
G1 F1500 X61.738 Y125.502 E473.75094
G0 F9000 X62.431 Y125.376
G1 F1500 X76.255 Y111.552 E474.40118
G0 F9000 X76.779 Y111.593
G1 F1500 X63.123 Y125.249 E475.04352
G0 F9000 X63.814 Y125.123
G1 F1500 X77.305 Y111.633 E475.67807
G0 F9000 X77.829 Y111.674
G1 F1500 X64.507 Y124.997 E476.30472
G0 F9000 X65.199 Y124.87
G1 F1500 X78.355 Y111.715 E476.92351
G0 F9000 X78.88 Y111.755
G1 F1500 X65.891 Y124.744 E477.53448
G0 F9000 X66.583 Y124.618
G1 F1500 X79.405 Y111.796 E478.13758
G0 F9000 X79.93 Y111.836
G1 F1500 X67.257 Y124.51 E478.73371
G0 F9000 X67.906 Y124.426
G1 F1500 X80.455 Y111.877 E479.32397
G0 F9000 X80.98 Y111.918
G1 F1500 X68.556 Y124.341 E479.90834
G0 F9000 X69.206 Y124.257
G1 F1500 X81.506 Y111.958 E480.48687
G0 F9000 X82.05 Y111.979
G1 F1500 X69.857 Y124.172 E481.06039
G0 F9000 X70.507 Y124.088
G1 F1500 X82.602 Y111.993 E481.6293
G0 F9000 X83.153 Y112.007
G1 F1500 X71.156 Y124.004 E482.1936
G0 F9000 X71.806 Y123.92
G1 F1500 X83.705 Y112.021 E482.75329
G0 F9000 X84.256 Y112.036
G1 F1500 X72.456 Y123.836 E483.30833
G0 F9000 X73.106 Y123.752
G1 F1500 X84.807 Y112.05 E483.85873
G0 F9000 X85.359 Y112.065
G1 F1500 X73.756 Y123.667 E484.40448
G0 F9000 X74.401 Y123.588
G1 F1500 X85.91 Y112.079 E484.94583
G0 F9000 X86.461 Y112.094
G1 F1500 X75.014 Y123.541 E485.48426
G0 F9000 X75.627 Y123.494
G1 F1500 X87.013 Y112.108 E486.01982
G0 F9000 X87.564 Y112.122
G1 F1500 X76.24 Y123.446 E486.55247
G0 F9000 X76.853 Y123.399
G1 F1500 X88.116 Y112.136 E487.08224
G0 F9000 X88.667 Y112.15
G1 F1500 X77.466 Y123.351 E487.60911
G0 F9000 X78.08 Y123.303
G1 F1500 X89.224 Y112.159 E488.13329
G0 F9000 X89.79 Y112.159
G1 F1500 X78.693 Y123.256 E488.65525
G0 F9000 X79.306 Y123.209
G1 F1500 X90.356 Y112.159 E489.17501
G0 F9000 X90.921 Y112.159
G1 F1500 X79.919 Y123.161 E489.69251
G0 F9000 X80.532 Y123.114
G1 F1500 X91.487 Y112.159 E490.2078
G0 F9000 X92.053 Y112.159
G1 F1500 X81.145 Y123.066 E490.72086
G0 F9000 X81.751 Y123.026
G1 F1500 X92.618 Y112.159 E491.23201
G0 F9000 X93.184 Y112.159
G1 F1500 X82.331 Y123.011 E491.74248
G0 F9000 X82.912 Y122.996
G1 F1500 X93.75 Y112.159 E492.25224
G0 F9000 X94.316 Y112.159
G1 F1500 X83.493 Y122.982 E492.76132
G0 F9000 X84.074 Y122.966
G1 F1500 X94.881 Y112.159 E493.26965
G0 F9000 X95.447 Y112.159
G1 F1500 X84.654 Y122.951 E493.77729
G0 F9000 X85.235 Y122.936
G1 F1500 X96.013 Y112.159 E494.28423
G0 F9000 X96.578 Y112.159
G1 F1500 X85.816 Y122.921 E494.79045
G0 F9000 X86.397 Y122.906
G1 F1500 X97.144 Y112.159 E495.29595
G0 F9000 X97.71 Y112.159
G1 F1500 X86.977 Y122.891 E495.80078
G0 F9000 X87.558 Y122.876
G1 F1500 X98.275 Y112.159 E496.30487
G0 F9000 X98.841 Y112.159
G1 F1500 X88.139 Y122.861 E496.80826
G0 F9000 X88.719 Y122.846
G1 F1500 X99.407 Y112.159 E497.31097
G0 F9000 X99.972 Y112.159
G1 F1500 X89.292 Y122.84 E497.81335
G0 F9000 X89.857 Y122.84
G1 F1500 X100.538 Y112.159 E498.31575
G0 F9000 X101.104 Y112.159
G1 F1500 X90.423 Y122.84 E498.81815
G0 F9000 X90.989 Y122.84
G1 F1500 X101.669 Y112.159 E499.32053
G0 F9000 X102.235 Y112.159
G1 F1500 X91.554 Y122.84 E499.82293
G0 F9000 X92.12 Y122.84
G1 F1500 X102.801 Y112.159 E500.32533
G0 F9000 X103.366 Y112.159
G1 F1500 X92.686 Y122.84 E500.82771
G0 F9000 X93.251 Y122.84
G1 F1500 X103.932 Y112.159 E501.33011
G0 F9000 X104.498 Y112.159
G1 F1500 X93.817 Y122.84 E501.83251
G0 F9000 X94.383 Y122.84
G1 F1500 X105.064 Y112.159 E502.33491
G0 F9000 X105.629 Y112.159
G1 F1500 X94.948 Y122.84 E502.83731
G0 F9000 X95.514 Y122.84
G1 F1500 X106.195 Y112.159 E503.33971
G0 F9000 X106.761 Y112.159
G1 F1500 X96.08 Y122.84 E503.84212
G0 F9000 X96.645 Y122.84
G1 F1500 X107.326 Y112.159 E504.34452
G0 F9000 X107.892 Y112.159
G1 F1500 X97.211 Y122.84 E504.84692
G0 F9000 X97.777 Y122.84
G1 F1500 X108.458 Y112.159 E505.34932
G0 F9000 X109.023 Y112.159
G1 F1500 X98.342 Y122.84 E505.85172
G0 F9000 X98.908 Y122.84
G1 F1500 X109.589 Y112.159 E506.35412
G0 F9000 X110.155 Y112.159
G1 F1500 X99.474 Y122.84 E506.85652
G0 F9000 X100.04 Y122.84
G1 F1500 X110.72 Y112.159 E507.3589
G0 F9000 X111.286 Y112.159
G1 F1500 X100.605 Y122.84 E507.8613
G0 F9000 X101.171 Y122.84
G1 F1500 X111.852 Y112.159 E508.36371
G0 F9000 X112.417 Y112.159
G1 F1500 X101.737 Y122.84 E508.86608
G0 F9000 X102.302 Y122.84
G1 F1500 X112.983 Y112.159 E509.36849
G0 F9000 X113.549 Y112.159
G1 F1500 X102.868 Y122.84 E509.87089
G0 F9000 X103.434 Y122.84
G1 F1500 X114.115 Y112.159 E510.37329
G0 F9000 X114.68 Y112.159
G1 F1500 X103.999 Y122.84 E510.87569
G0 F9000 X104.565 Y122.84
G1 F1500 X115.246 Y112.159 E511.37809
G0 F9000 X115.812 Y112.159
G1 F1500 X105.131 Y122.84 E511.88049
G0 F9000 X105.696 Y122.84
G1 F1500 X116.377 Y112.159 E512.38289
G0 F9000 X116.943 Y112.159
G1 F1500 X106.262 Y122.84 E512.8853
G0 F9000 X106.828 Y122.84
G1 F1500 X117.508 Y112.159 E513.38767
G0 F9000 X118.074 Y112.159
G1 F1500 X107.393 Y122.84 E513.89008
G0 F9000 X107.959 Y122.84
G1 F1500 X118.639 Y112.159 E514.39245
G0 F9000 X119.205 Y112.159
G1 F1500 X108.525 Y122.84 E514.89483
G0 F9000 X109.091 Y122.84
G1 F1500 X119.771 Y112.159 E515.39721
G0 F9000 X120.336 Y112.159
G1 F1500 X109.656 Y122.84 E515.89959
G0 F9000 X110.222 Y122.84
G1 F1500 X120.902 Y112.159 E516.40197
G0 F9000 X121.468 Y112.159
G1 F1500 X110.788 Y122.84 E516.90434
G0 F9000 X111.353 Y122.84
G1 F1500 X122.033 Y112.159 E517.40672
G0 F9000 X122.599 Y112.159
G1 F1500 X111.919 Y122.84 E517.9091
G0 F9000 X112.485 Y122.84
G1 F1500 X123.165 Y112.159 E518.41148
G0 F9000 X123.73 Y112.159
G1 F1500 X113.05 Y122.84 E518.91386
G0 F9000 X113.616 Y122.84
G1 F1500 X124.296 Y112.159 E519.41623
G0 F9000 X124.862 Y112.159
G1 F1500 X114.182 Y122.84 E519.91861
G0 F9000 X114.747 Y122.84
G1 F1500 X125.428 Y112.159 E520.42101
G0 F9000 X125.993 Y112.159
G1 F1500 X115.313 Y122.84 E520.92339
G0 F9000 X115.879 Y122.84
G1 F1500 X126.559 Y112.159 E521.42577
G0 F9000 X127.125 Y112.159
G1 F1500 X116.444 Y122.84 E521.92817
G0 F9000 X117.01 Y122.84
G1 F1500 X127.69 Y112.159 E522.43055
G0 F9000 X128.256 Y112.159
G1 F1500 X117.576 Y122.84 E522.93293
G0 F9000 X118.141 Y122.84
G1 F1500 X128.822 Y112.159 E523.43533
G0 F9000 X129.387 Y112.159
G1 F1500 X118.707 Y122.84 E523.93771
G0 F9000 X119.273 Y122.84
G1 F1500 X129.953 Y112.159 E524.44008
G0 F9000 X130.519 Y112.159
G1 F1500 X119.839 Y122.84 E524.94246
G0 F9000 X120.404 Y122.84
G1 F1500 X131.084 Y112.159 E525.44484
G0 F9000 X131.65 Y112.159
G1 F1500 X120.97 Y122.84 E525.94722
G0 F9000 X121.536 Y122.84
G1 F1500 X132.216 Y112.159 E526.4496
G0 F9000 X132.781 Y112.159
G1 F1500 X122.101 Y122.84 E526.95197
G0 F9000 X122.667 Y122.84
G1 F1500 X133.347 Y112.159 E527.45435
G0 F9000 X133.913 Y112.159
G1 F1500 X123.233 Y122.84 E527.95673
G0 F9000 X123.798 Y122.84
G1 F1500 X134.478 Y112.159 E528.45911
G0 F9000 X135.044 Y112.159
G1 F1500 X124.364 Y122.84 E528.96149
G0 F9000 X124.93 Y122.84
G1 F1500 X135.61 Y112.159 E529.46386
G0 F9000 X136.176 Y112.159
G1 F1500 X125.495 Y122.84 E529.96626
G0 F9000 X126.061 Y122.84
G1 F1500 X136.741 Y112.159 E530.46864
G0 F9000 X137.307 Y112.159
G1 F1500 X126.627 Y122.84 E530.97102
G0 F9000 X127.192 Y122.84
G1 F1500 X137.873 Y112.159 E531.47342
G0 F9000 X138.438 Y112.159
G1 F1500 X127.758 Y122.84 E531.9758
G0 F9000 X128.324 Y122.84
G1 F1500 X139.004 Y112.159 E532.47818
G0 F9000 X139.57 Y112.159
G1 F1500 X128.89 Y122.84 E532.98056
G0 F9000 X129.455 Y122.84
G1 F1500 X140.135 Y112.159 E533.48293
G0 F9000 X140.701 Y112.159
G1 F1500 X130.021 Y122.84 E533.98531
G0 F9000 X130.587 Y122.84
G1 F1500 X141.267 Y112.159 E534.48769
G0 F9000 X141.832 Y112.159
G1 F1500 X131.152 Y122.84 E534.99007
G0 F9000 X131.718 Y122.84
G1 F1500 X142.398 Y112.159 E535.49245
G0 F9000 X142.964 Y112.159
G1 F1500 X132.284 Y122.84 E535.99482
G0 F9000 X132.849 Y122.84
G1 F1500 X143.529 Y112.159 E536.4972
G0 F9000 X144.095 Y112.159
G1 F1500 X133.415 Y122.84 E536.99958
G0 F9000 X133.981 Y122.84
G1 F1500 X144.661 Y112.159 E537.50196
G0 F9000 X145.227 Y112.159
G1 F1500 X134.546 Y122.84 E538.00436
G0 F9000 X135.112 Y122.84
G1 F1500 X145.792 Y112.159 E538.50674
G0 F9000 X146.366 Y112.151
G1 F1500 X135.678 Y122.84 E539.00949
G0 F9000 X136.243 Y122.84
G1 F1500 X146.947 Y112.136 E539.51297
G0 F9000 X147.527 Y112.121
G1 F1500 X136.809 Y122.84 E540.01714
G0 F9000 X137.375 Y122.84
G1 F1500 X148.109 Y112.106 E540.52203
G0 F9000 X148.689 Y112.091
G1 F1500 X137.94 Y122.84 E541.02763
G0 F9000 X138.506 Y122.84
G1 F1500 X149.27 Y112.076 E541.53394
G0 F9000 X149.851 Y112.06
G1 F1500 X139.072 Y122.84 E542.04097
G0 F9000 X139.638 Y122.84
G1 F1500 X150.432 Y112.046 E542.54869
G0 F9000 X151.012 Y112.031
G1 F1500 X140.203 Y122.84 E543.05711
G0 F9000 X140.769 Y122.84
G1 F1500 X151.593 Y112.016 E543.56624
G0 F9000 X152.174 Y112
G1 F1500 X141.335 Y122.84 E544.0761
G0 F9000 X141.9 Y122.84
G1 F1500 X152.754 Y111.985 E544.58666
G0 F9000 X153.335 Y111.971
G1 F1500 X142.466 Y122.84 E545.09791
G0 F9000 X143.032 Y122.84
G1 F1500 X153.947 Y111.924 E545.61134
G0 F9000 X154.561 Y111.876
G1 F1500 X143.597 Y122.84 E546.12705
G0 F9000 X144.163 Y122.84
G1 F1500 X155.174 Y111.828 E546.645
G0 F9000 X155.787 Y111.781
G1 F1500 X144.729 Y122.84 E547.16515
G0 F9000 X145.294 Y122.84
G1 F1500 X156.4 Y111.734 E547.68755
G0 F9000 X157.013 Y111.686
G1 F1500 X145.86 Y122.84 E548.21217
G0 F9000 X146.415 Y122.85
G1 F1500 X157.626 Y111.639 E548.7395
G0 F9000 X158.24 Y111.591
G1 F1500 X146.967 Y122.864 E549.26975
G0 F9000 X147.518 Y122.878
G1 F1500 X158.853 Y111.543 E549.80292
G0 F9000 X159.466 Y111.496
G1 F1500 X148.07 Y122.893 E550.33897
G0 F9000 X148.621 Y122.907
G1 F1500 X160.079 Y111.449 E550.87792
G0 F9000 X160.693 Y111.401
G1 F1500 X149.173 Y122.921 E551.41979
G0 F9000 X149.724 Y122.935
G1 F1500 X161.343 Y111.316 E551.96631
G0 F9000 X161.993 Y111.232
G1 F1500 X150.276 Y122.949 E552.51744
G0 F9000 X150.827 Y122.963
G1 F1500 X162.643 Y111.148 E553.07321
G0 F9000 X163.292 Y111.064
G1 F1500 X151.379 Y122.977 E553.63356
G0 F9000 X151.93 Y122.992
G1 F1500 X163.942 Y110.98 E554.19856
G0 F9000 X164.592 Y110.896
G1 F1500 X152.481 Y123.006 E554.7682
G0 F9000 X153.033 Y123.021
G1 F1500 X165.242 Y110.812 E555.34248
G0 F9000 X165.892 Y110.727
G1 F1500 X153.575 Y123.045 E555.92186
G0 F9000 X154.1 Y123.085
G1 F1500 X166.542 Y110.643 E556.50709
G0 F9000 X167.191 Y110.559
G1 F1500 X154.625 Y123.126 E557.09818
G0 F9000 X155.149 Y123.167
G1 F1500 X167.841 Y110.475 E557.69517
G0 F9000 X168.521 Y110.361
G1 F1500 X155.675 Y123.207 E558.29941
G0 F9000 X156.199 Y123.248
G1 F1500 X169.213 Y110.235 E558.91152
G0 F9000 X169.905 Y110.109
G1 F1500 X156.724 Y123.289 E559.53149
G0 F9000 X157.249 Y123.33
G1 F1500 X170.597 Y109.982 E560.15934
G0 F9000 X171.288 Y109.856
G1 F1500 X157.774 Y123.371 E560.79502
G0 F9000 X158.299 Y123.412
G1 F1500 X171.981 Y109.73 E561.43858
G0 F9000 X172.672 Y109.604
G1 F1500 X158.823 Y123.453 E562.09
G0 F9000 X159.348 Y123.494
G1 F1500 X173.364 Y109.477 E562.74929
G0 F9000 X174.057 Y109.351
G1 F1500 X159.874 Y123.534 E563.41642
G0 F9000 X160.398 Y123.575
G1 F1500 X174.748 Y109.225 E564.0914
G0 F9000 X175.38 Y109.159
G1 F1500 X160.914 Y123.625 E564.77183
G0 F9000 X161.414 Y123.69
G1 F1500 X175.945 Y109.159 E565.45533
G0 F9000 X176.511 Y109.159
G1 F1500 X161.916 Y123.755 E566.14185
G0 F9000 X162.416 Y123.82
G1 F1500 X177.077 Y109.159 E566.83146
G0 F9000 X177.642 Y109.159
G1 F1500 X162.917 Y123.885 E567.5241
G0 F9000 X163.418 Y123.95
G1 F1500 X178.208 Y109.159 E568.2198
G0 F9000 X178.774 Y109.159
G1 F1500 X163.918 Y124.015 E568.91858
G0 F9000 X164.42 Y124.079
G1 F1500 X179.339 Y109.159 E569.62035
G0 F9000 X179.905 Y109.159
G1 F1500 X164.92 Y124.144 E570.3252
G0 F9000 X165.421 Y124.209
G1 F1500 X180.471 Y109.159 E571.03311
G0 F9000 X181.037 Y109.159
G1 F1500 X165.921 Y124.274 E571.74409
G0 F9000 X166.423 Y124.339
G1 F1500 X181.602 Y109.159 E572.45809
G0 F9000 X182.168 Y109.159
G1 F1500 X166.923 Y124.404 E573.17517
G0 F9000 X167.424 Y124.469
G1 F1500 X182.734 Y109.159 E573.8953
G0 F9000 X183.299 Y109.159
G1 F1500 X167.925 Y124.534 E574.61847
G0 F9000 X168.407 Y124.617
G1 F1500 X183.865 Y109.159 E575.34557
G0 F9000 X184.431 Y109.159
G1 F1500 X168.885 Y124.705 E576.07681
G0 F9000 X169.364 Y124.792
G1 F1500 X184.996 Y109.159 E576.81211
G0 F9000 X185.562 Y109.159
G1 F1500 X169.842 Y124.879 E577.55153
G0 F9000 X170.32 Y124.966
G1 F1500 X186.128 Y109.159 E578.29507
G0 F9000 X186.693 Y109.159
G1 F1500 X170.799 Y125.053 E579.04267
G0 F9000 X171.278 Y125.14
G1 F1500 X187.259 Y109.159 E579.79437
G0 F9000 X187.825 Y109.159
G1 F1500 X171.756 Y125.228 E580.55021
G0 F9000 X172.234 Y125.315
G1 F1500 X188.39 Y109.159 E581.31014
G0 F9000 X188.956 Y109.159
G1 F1500 X172.712 Y125.403 E582.0742
G0 F9000 X173.191 Y125.49
G1 F1500 X189.522 Y109.159 E582.84236
G0 F9000 X190.087 Y109.159
G1 F1500 X173.67 Y125.577 E583.61459
G0 F9000 X174.148 Y125.664
G1 F1500 X190.653 Y109.159 E584.39094
G0 F9000 X191.219 Y109.159
G1 F1500 X174.627 Y125.751 E585.17137
G0 F9000 X175.105 Y125.839
G1 F1500 X191.785 Y109.159 E585.95595
G0 F9000 X192.35 Y109.159
G1 F1500 X175.67 Y125.84 E586.74055
G0 F9000 X176.235 Y125.84
G1 F1500 X192.916 Y109.159 E587.52517
G0 F9000 X193.482 Y109.159
G1 F1500 X176.801 Y125.84 E588.3098
G0 F9000 X177.367 Y125.84
G1 F1500 X194.047 Y109.159 E589.0944
G0 F9000 X194.613 Y109.159
G1 F1500 X177.932 Y125.84 E589.87902
G0 F9000 X178.498 Y125.84
G1 F1500 X195.179 Y109.159 E590.66364
G0 F9000 X195.744 Y109.159
G1 F1500 X179.064 Y125.84 E591.44824
G0 F9000 X179.629 Y125.84
G1 F1500 X196.31 Y109.159 E592.23286
G0 F9000 X196.876 Y109.159
G1 F1500 X180.195 Y125.84 E593.01749
G0 F9000 X180.761 Y125.84
G1 F1500 X197.441 Y109.159 E593.80209
G0 F9000 X198.007 Y109.159
G1 F1500 X181.326 Y125.84 E594.58671
G0 F9000 X181.892 Y125.84
G1 F1500 X198.573 Y109.159 E595.37133
G0 F9000 X198.839 Y109.459
G1 F1500 X182.458 Y125.84 E596.14185
G0 F9000 X183.023 Y125.84
G1 F1500 X198.839 Y110.025 E596.88576
G0 F9000 X198.839 Y110.59
G1 F1500 X183.589 Y125.84 E597.60307
G0 F9000 X184.155 Y125.84
G1 F1500 X198.839 Y111.156 E598.29376
G0 F9000 X198.839 Y111.722
G1 F1500 X184.721 Y125.84 E598.95783
G0 F9000 X185.286 Y125.84
G1 F1500 X198.839 Y112.287 E599.59532
G0 F9000 X198.839 Y112.853
G1 F1500 X185.852 Y125.84 E600.20619
G0 F9000 X186.418 Y125.84
G1 F1500 X198.839 Y113.419 E600.79043
G0 F9000 X198.839 Y113.984
G1 F1500 X186.983 Y125.84 E601.3481
G0 F9000 X187.549 Y125.84
G1 F1500 X198.839 Y114.55 E601.87915
G0 F9000 X198.839 Y115.116
G1 F1500 X188.115 Y125.84 E602.38358
G0 F9000 X188.68 Y125.84
G1 F1500 X198.839 Y115.681 E602.86142
G0 F9000 X198.839 Y116.247
G1 F1500 X189.246 Y125.84 E603.31265
G0 F9000 X189.812 Y125.84
G1 F1500 X198.839 Y116.813 E603.73725
G0 F9000 X198.839 Y117.379
G1 F1500 X190.377 Y125.84 E604.13525
G0 F9000 X190.943 Y125.84
G1 F1500 X198.839 Y117.944 E604.50666
G0 F9000 X198.839 Y118.51
G1 F1500 X191.509 Y125.84 E604.85144
G0 F9000 X192.074 Y125.84
G1 F1500 X198.839 Y119.076 E605.16962
G0 F9000 X198.839 Y119.641
G1 F1500 X192.64 Y125.84 E605.4612
G0 F9000 X193.206 Y125.84
G1 F1500 X198.839 Y120.207 E605.72616
G0 F9000 X198.839 Y120.773
G1 F1500 X193.772 Y125.84 E605.9645
G0 F9000 X194.337 Y125.84
G1 F1500 X198.839 Y121.338 E606.17626
G0 F9000 X198.839 Y121.904
G1 F1500 X194.903 Y125.84 E606.3614
G0 F9000 X195.469 Y125.84
G1 F1500 X198.839 Y122.47 E606.51991
G0 F9000 X198.839 Y123.035
G1 F1500 X196.034 Y125.84 E606.65185
G0 F9000 X196.6 Y125.84
G1 F1500 X198.839 Y123.601 E606.75716
G0 F9000 X198.839 Y124.167
G1 F1500 X197.166 Y125.84 E606.83586
G0 F9000 X197.731 Y125.84
G1 F1500 X198.839 Y124.732 E606.88797
G0 F9000 X198.839 Y125.298
G1 F1500 X198.297 Y125.84 E606.91347
G1 F2700 E601.91347
;MESH:NONMESH
G0 F300 X198.297 Y125.84 Z4.6
G0 F9000 X198.297 Y126.3
G0 X199.228 Y126.228
G0 X199.228 Y108.772 ;T9.452 R8.000 A1.570 C-421.702048 FILLET CORNER
G0 X175.07 Y108.761 ;T-78.987 R8.000 A0.155 C-54.417653000000406 FILLET CORNER
G0 X160.635 Y111.007 ;T-140.801 R8.000 A0.103 C12.444365000000179 FILLET CORNER
G0 X152.35 Y111.434 ;T-330.050 R8.000 A0.047 C24.847321999999558 FILLET CORNER
G0 X88.979 Y111.701
G1 F2700 E606.91347
G0 F9000 X88.983 Y111.6
;TIME_ELAPSED:6602.885725
;LAYER:22
;TYPE:WALL-INNER
;MESH:D638-22 Type I Tensile Specimen.STL
G1 F1500 X146.015 Y111.6 E608.81036
G1 X153.343 Y111.411 E609.05417
G1 X160.654 Y110.844 E609.29807
G1 X167.894 Y109.906 E609.54088
G1 X175.055 Y108.6 E609.78299
G1 X199.4 Y108.6 E610.5927 ;T16.345 R8.000 A1.571 C216.67050000000012 FILLET CORNER
G1 X199.4 Y117.5 E610.88872
G1 X199.4 Y126.4 E611.18473 ;T0.900 R8.000 A1.571 C216.6527000000003 FILLET CORNER
G1 X175.057 Y126.4 E611.99439
G1 X167.896 Y125.094 E612.23649
G1 X160.654 Y124.156 E612.47937
G1 X153.345 Y123.589 E612.7232
G1 X146.017 Y123.4 E612.96701
G1 X88.985 Y123.4 E614.8639
G1 X81.657 Y123.589 E615.10772
G1 X74.346 Y124.156 E615.35161
G1 X67.106 Y125.094 E615.59443
G1 X59.945 Y126.4 E615.83653
G1 X35.6 Y126.4 E616.64625 ;T16.345 R8.000 A1.571 C433.34100000000024 FILLET CORNER
G1 X35.6 Y108.6 E617.23828 ;T9.800 R8.000 A1.571 C433.3054000000002 FILLET CORNER
G1 X59.943 Y108.6 E618.04793
G1 X67.104 Y109.906 E618.29004
G1 X74.346 Y110.844 E618.53292
G1 X81.655 Y111.411 E618.77675
G1 X88.983 Y111.6 E619.02056
G1 F2700 E614.02056
G0 F9000 X88.979 Y111.701
G0 X74.325 Y111.003 ;T-134.873 R8.000 A0.107 C22.805162000000145 FILLET CORNER
G0 X59.928 Y108.761 ;T-88.488 R8.000 A0.155 C-54.31611900000024 FILLET CORNER
G0 X35.772 Y108.772 ;T16.152 R8.000 A1.570 C-421.6671359999997 FILLET CORNER
G0 X35.772 Y126.228 ;T9.452 R8.000 A1.570 C-421.70204799999976 FILLET CORNER
G0 X59.93 Y126.239 ;T-78.973 R8.000 A0.155 C-54.41763100000037 FILLET CORNER
G0 X74.363 Y123.993 ;T-117.723 R8.000 A0.121 C25.76019000000028 FILLET CORNER
G0 X88.994 Y123.501
G1 F2700 E619.02056
G0 F9000 X88.995 Y123.8
;TYPE:WALL-OUTER
G1 F1500 X146.007 Y123.8 E620.91678
G1 X153.314 Y123.988 E621.1599
G1 X160.602 Y124.553 E621.40302
G1 X167.854 Y125.493 E621.64624
G1 X175.021 Y126.8 E621.88855
G1 X199.8 Y126.8 E622.7127 ;T16.779 R8.000 A1.571 C-230.44470000000015 FILLET CORNER
G1 X199.8 Y117.5 E623.02202
G1 X199.8 Y108.2 E623.33134 ;T1.300 R8.000 A1.571 C-230.46329999999998 FILLET CORNER
G1 X175.019 Y108.2 E624.15556
G1 X167.842 Y109.509 E624.39821
G1 X160.592 Y110.448 E624.64136
G1 X153.302 Y111.012 E624.88455
G1 X146.005 Y111.2 E625.12733
G1 X88.993 Y111.2 E627.02356
G1 X81.686 Y111.012 E627.26667
G1 X74.398 Y110.447 E627.50979
G1 X67.146 Y109.507 E627.75301
G1 X59.979 Y108.2 E627.99532
G1 X35.2 Y108.2 E628.81947 ;T16.779 R8.000 A1.571 C-460.8893999999998 FILLET CORNER
G1 X35.2 Y126.8 E629.43811 ;T10.600 R8.000 A1.571 C-460.92659999999984 FILLET CORNER
G1 X59.981 Y126.8 E630.26233
G1 X67.158 Y125.491 E630.50498
G1 X74.408 Y124.552 E630.74813
G1 X81.698 Y123.988 E630.99132
G1 X88.995 Y123.8 E631.2341
G0 F9000 X88.977 Y123.04
;TYPE:SKIN
G1 F1500 X146.027 Y123.04 E633.13159
G1 X153.372 Y123.23 E633.37597
G1 X160.7 Y123.799 E633.62043
G1 X167.99 Y124.744 E633.86493
G1 X175.092 Y126.04 E634.10504
G1 X199.04 Y126.04 E634.90155 ;T15.948 R8.000 A1.571 C-204.51591999999997 FILLET CORNER
G1 X199.04 Y117.5 E635.1856
G1 X199.04 Y108.96 E635.46964 ;T0.540 R8.000 A1.571 C-204.54154000000008 FILLET CORNER
G1 X175.089 Y108.96 E636.26625
G1 X167.981 Y110.257 E636.50657
G1 X160.651 Y111.206 E636.7524
G1 X153.321 Y111.772 E636.99692
G1 X146.024 Y111.96 E637.2397
G1 X88.975 Y111.96 E639.13716
G1 X81.629 Y111.77 E639.38157
G1 X74.335 Y111.205 E639.6249
G1 X67.01 Y110.256 E639.87056
G1 X59.908 Y108.96 E640.11068
G1 X35.96 Y108.96 E640.90719 ;T15.948 R8.000 A1.571 C-409.03184000000033 FILLET CORNER
G1 X35.96 Y126.04 E641.47527 ;T9.080 R8.000 A1.571 C-409.08308000000034 FILLET CORNER
G1 X59.911 Y126.04 E642.27189
G1 X67.023 Y124.742 E642.51234
G1 X74.347 Y123.794 E642.75797
G1 X81.64 Y123.23 E643.00126
G1 X88.977 Y123.04 E643.24537
G1 F2700 E638.24537
G0 F9000 X88.98 Y123.3
G0 X69.807 Y124.562 ;T-136.811 R8.000 A0.102 C-19.688347000000128 FILLET CORNER
G0 X59.93 Y126.239 ;T-86.388 R8.000 A0.166 C38.75501600000023 FILLET CORNER
G0 X36.461 Y126.3
G1 F2700 E643.24537
G0 F9000 X36.461 Y125.839
G1 F1500 X36.16 Y125.538 E643.25953
G0 F9000 X36.16 Y124.972
G1 F1500 X37.026 Y125.839 E643.30029
G0 F9000 X37.592 Y125.839
G1 F1500 X36.16 Y124.406 E643.36767
G0 F9000 X36.16 Y123.841
G1 F1500 X38.158 Y125.839 E643.46165
G0 F9000 X38.723 Y125.839
G1 F1500 X36.16 Y123.275 E643.58223
G0 F9000 X36.16 Y122.709
G1 F1500 X39.289 Y125.839 E643.72943
G0 F9000 X39.855 Y125.839
G1 F1500 X36.16 Y122.144 E643.90323
G0 F9000 X36.16 Y121.578
G1 F1500 X40.421 Y125.839 E644.10365
G0 F9000 X40.986 Y125.839
G1 F1500 X36.16 Y121.012 E644.33068
G0 F9000 X36.16 Y120.447
G1 F1500 X41.552 Y125.839 E644.5843
G0 F9000 X42.118 Y125.839
G1 F1500 X36.16 Y119.881 E644.86455
G0 F9000 X36.16 Y119.315
G1 F1500 X42.683 Y125.839 E645.17139
G0 F9000 X43.249 Y125.839
G1 F1500 X36.16 Y118.75 E645.50484
G0 F9000 X36.16 Y118.184
G1 F1500 X43.815 Y125.839 E645.86491
G0 F9000 X44.38 Y125.839
G1 F1500 X36.16 Y117.618 E646.25157
G0 F9000 X36.16 Y117.053
G1 F1500 X44.946 Y125.839 E646.66484
G0 F9000 X45.512 Y125.839
G1 F1500 X36.16 Y116.487 E647.10473
G0 F9000 X36.16 Y115.921
G1 F1500 X46.077 Y125.839 E647.57122
G0 F9000 X46.643 Y125.839
G1 F1500 X36.16 Y115.355 E648.06433
G0 F9000 X36.16 Y114.79
G1 F1500 X47.209 Y125.839 E648.58404
G0 F9000 X47.774 Y125.839
G1 F1500 X36.16 Y114.224 E649.13035
G0 F9000 X36.16 Y113.658
G1 F1500 X48.34 Y125.839 E649.70328
G0 F9000 X48.906 Y125.839
G1 F1500 X36.16 Y113.093 E650.30282
G0 F9000 X36.16 Y112.527
G1 F1500 X49.472 Y125.839 E650.92897
G0 F9000 X50.037 Y125.839
G1 F1500 X36.16 Y111.961 E651.58173
G0 F9000 X36.16 Y111.396
G1 F1500 X50.603 Y125.839 E652.26108
G0 F9000 X51.169 Y125.839
G1 F1500 X36.16 Y110.83 E652.96706
G0 F9000 X36.16 Y110.264
G1 F1500 X51.734 Y125.839 E653.69964
G0 F9000 X52.3 Y125.839
G1 F1500 X36.16 Y109.699 E654.45881
G0 F9000 X36.186 Y109.159
G1 F1500 X52.866 Y125.839 E655.24339
G0 F9000 X53.431 Y125.839
G1 F1500 X36.751 Y109.159 E656.02796
G0 F9000 X37.317 Y109.159
G1 F1500 X53.997 Y125.839 E656.81254
G0 F9000 X54.563 Y125.839
G1 F1500 X37.883 Y109.159 E657.59712
G0 F9000 X38.448 Y109.159
G1 F1500 X55.128 Y125.839 E658.38169
G0 F9000 X55.694 Y125.839
G1 F1500 X39.014 Y109.159 E659.16627
G0 F9000 X39.58 Y109.159
G1 F1500 X56.26 Y125.839 E659.95084
G0 F9000 X56.825 Y125.839
G1 F1500 X40.145 Y109.159 E660.73542
G0 F9000 X40.711 Y109.159
G1 F1500 X57.391 Y125.839 E661.52
G0 F9000 X57.957 Y125.839
G1 F1500 X41.277 Y109.159 E662.30457
G0 F9000 X41.843 Y109.159
G1 F1500 X58.522 Y125.839 E663.08912
G0 F9000 X59.088 Y125.839
G1 F1500 X42.408 Y109.159 E663.8737
G0 F9000 X42.974 Y109.159
G1 F1500 X59.654 Y125.839 E664.65828
G0 F9000 X60.169 Y125.788
G1 F1500 X43.54 Y109.159 E665.44045
G0 F9000 X44.105 Y109.159
G1 F1500 X60.647 Y125.701 E666.21854
G0 F9000 X61.125 Y125.613
G1 F1500 X44.671 Y109.159 E666.99248
G0 F9000 X45.237 Y109.159
G1 F1500 X61.604 Y125.527 E667.76236
G0 F9000 X62.082 Y125.439
G1 F1500 X45.802 Y109.159 E668.52812
G0 F9000 X46.368 Y109.159
G1 F1500 X62.561 Y125.352 E669.28979
G0 F9000 X63.039 Y125.264
G1 F1500 X46.934 Y109.159 E670.04732
G0 F9000 X47.499 Y109.159
G1 F1500 X63.517 Y125.177 E670.80076
G0 F9000 X63.995 Y125.09
G1 F1500 X48.065 Y109.159 E671.55008
G0 F9000 X48.631 Y109.159
G1 F1500 X64.474 Y125.003 E672.29531
G0 F9000 X64.952 Y124.915
G1 F1500 X49.196 Y109.159 E673.03643
G0 F9000 X49.762 Y109.159
G1 F1500 X65.43 Y124.827 E673.7734
G0 F9000 X65.909 Y124.74
G1 F1500 X50.328 Y109.159 E674.50628
G0 F9000 X50.894 Y109.159
G1 F1500 X66.387 Y124.653 E675.23505
G0 F9000 X66.866 Y124.566
G1 F1500 X51.459 Y109.159 E675.95975
G0 F9000 X52.025 Y109.159
G1 F1500 X67.361 Y124.496 E676.68113
G0 F9000 X67.862 Y124.43
G1 F1500 X52.591 Y109.159 E677.39943
G0 F9000 X53.156 Y109.159
G1 F1500 X68.363 Y124.365 E678.1147
G0 F9000 X68.863 Y124.3
G1 F1500 X53.722 Y109.159 E678.82688
G0 F9000 X54.288 Y109.159
G1 F1500 X69.365 Y124.236 E679.53606
G0 F9000 X69.865 Y124.171
G1 F1500 X54.853 Y109.159 E680.24218
G0 F9000 X55.419 Y109.159
G1 F1500 X70.366 Y124.106 E680.94524
G0 F9000 X70.866 Y124.041
G1 F1500 X55.985 Y109.159 E681.64522
G0 F9000 X56.55 Y109.159
G1 F1500 X71.367 Y123.976 E682.34217
G0 F9000 X71.868 Y123.911
G1 F1500 X57.116 Y109.159 E683.03605
G0 F9000 X57.682 Y109.159
G1 F1500 X72.369 Y123.846 E683.72689
G0 F9000 X72.87 Y123.781
G1 F1500 X58.247 Y109.159 E684.41468
G0 F9000 X58.813 Y109.159
G1 F1500 X73.37 Y123.716 E685.0994
G0 F9000 X73.871 Y123.651
G1 F1500 X59.379 Y109.159 E685.78106
G0 F9000 X59.957 Y109.172
G1 F1500 X74.375 Y123.59 E686.45924
G0 F9000 X74.9 Y123.549
G1 F1500 X60.649 Y109.298 E687.12956
G0 F9000 X61.341 Y109.424
G1 F1500 X75.425 Y123.508 E687.79203
G0 F9000 X75.951 Y123.468
G1 F1500 X62.033 Y109.55 E688.44669
G0 F9000 X62.725 Y109.677
G1 F1500 X76.475 Y123.427 E689.09345
G0 F9000 X77.001 Y123.387
G1 F1500 X63.417 Y109.803 E689.7324
G0 F9000 X64.109 Y109.929
G1 F1500 X77.525 Y123.346 E690.36347
G0 F9000 X78.051 Y123.305
G1 F1500 X64.801 Y110.056 E690.98668
G0 F9000 X65.492 Y110.182
G1 F1500 X78.575 Y123.264 E691.60204
G0 F9000 X79.101 Y123.224
G1 F1500 X66.185 Y110.308 E692.20957
G0 F9000 X66.876 Y110.434
G1 F1500 X79.625 Y123.183 E692.80925
G0 F9000 X80.151 Y123.143
G1 F1500 X67.533 Y110.525 E693.40276
G0 F9000 X68.183 Y110.609
G1 F1500 X80.675 Y123.102 E693.99037
G0 F9000 X81.201 Y123.062
G1 F1500 X68.833 Y110.694 E694.57212
G0 F9000 X69.482 Y110.777
G1 F1500 X81.731 Y123.026 E695.14828
G0 F9000 X82.283 Y123.012
G1 F1500 X70.132 Y110.861 E695.71982
G0 F9000 X70.782 Y110.945
G1 F1500 X82.834 Y122.998 E696.28673
G0 F9000 X83.385 Y122.983
G1 F1500 X71.431 Y111.029 E696.84901
G0 F9000 X72.081 Y111.114
G1 F1500 X83.937 Y122.969 E697.40666
G0 F9000 X84.488 Y122.955
G1 F1500 X72.73 Y111.197 E697.95972
G0 F9000 X73.38 Y111.281
G1 F1500 X85.04 Y122.941 E698.50817
G0 F9000 X85.591 Y122.926
G1 F1500 X74.03 Y111.365 E699.05197
G0 F9000 X74.66 Y111.43
G1 F1500 X86.142 Y122.912 E699.59204
G0 F9000 X86.694 Y122.897
G1 F1500 X75.273 Y111.477 E700.12923
G0 F9000 X75.886 Y111.524
G1 F1500 X87.245 Y122.883 E700.66352
G0 F9000 X87.797 Y122.869
G1 F1500 X76.499 Y111.572 E701.19492
G0 F9000 X77.112 Y111.619
G1 F1500 X88.348 Y122.854 E701.7234
G0 F9000 X88.899 Y122.84
G1 F1500 X77.725 Y111.667 E702.24897
G0 F9000 X78.338 Y111.714
G1 F1500 X89.463 Y122.839 E702.77226
G0 F9000 X90.029 Y122.839
G1 F1500 X78.952 Y111.761 E703.29331
G0 F9000 X79.565 Y111.809
G1 F1500 X90.595 Y122.839 E703.81213
G0 F9000 X91.16 Y122.839
G1 F1500 X80.178 Y111.856 E704.32871
G0 F9000 X80.791 Y111.903
G1 F1500 X91.726 Y122.839 E704.84308
G0 F9000 X92.292 Y122.839
G1 F1500 X81.404 Y111.951 E705.35522
G0 F9000 X81.997 Y111.978
G1 F1500 X92.857 Y122.839 E705.86606
G0 F9000 X93.423 Y122.839
G1 F1500 X82.578 Y111.993 E706.3762
G0 F9000 X83.158 Y112.008
G1 F1500 X93.989 Y122.839 E706.88566
G0 F9000 X94.555 Y122.839
G1 F1500 X83.739 Y112.024 E707.39439
G0 F9000 X84.32 Y112.038
G1 F1500 X95.12 Y122.839 E707.90241
G0 F9000 X95.686 Y122.839
G1 F1500 X84.9 Y112.053 E708.40975
G0 F9000 X85.482 Y112.069
G1 F1500 X96.252 Y122.839 E708.91634
G0 F9000 X96.817 Y122.839
G1 F1500 X86.062 Y112.084 E709.42222
G0 F9000 X86.643 Y112.099
G1 F1500 X97.383 Y122.839 E709.9274
G0 F9000 X97.949 Y122.839
G1 F1500 X87.223 Y112.113 E710.43192
G0 F9000 X87.804 Y112.129
G1 F1500 X98.514 Y122.839 E710.93568
G0 F9000 X99.08 Y122.839
G1 F1500 X88.385 Y112.144 E711.43874
G0 F9000 X88.966 Y112.159
G1 F1500 X99.646 Y122.839 E711.9411
G0 F9000 X100.211 Y122.839
G1 F1500 X89.532 Y112.159 E712.44343
G0 F9000 X90.098 Y112.159
G1 F1500 X100.777 Y122.839 E712.94576
G0 F9000 X101.343 Y122.839
G1 F1500 X90.663 Y112.159 E713.44811
G0 F9000 X91.229 Y112.159
G1 F1500 X101.908 Y122.839 E713.95044
G0 F9000 X102.474 Y122.839
G1 F1500 X91.795 Y112.159 E714.45277
G0 F9000 X92.36 Y112.159
G1 F1500 X103.04 Y122.839 E714.95513
G0 F9000 X103.605 Y122.839
G1 F1500 X92.926 Y112.159 E715.45746
G0 F9000 X93.492 Y112.159
G1 F1500 X104.171 Y122.839 E715.95979
G0 F9000 X104.737 Y122.839
G1 F1500 X94.057 Y112.159 E716.46215
G0 F9000 X94.623 Y112.159
G1 F1500 X105.303 Y122.839 E716.9645
G0 F9000 X105.868 Y122.839
G1 F1500 X95.189 Y112.159 E717.46683
G0 F9000 X95.754 Y112.159
G1 F1500 X106.434 Y122.839 E717.96919
G0 F9000 X107 Y122.839
G1 F1500 X96.32 Y112.159 E718.47154
G0 F9000 X96.886 Y112.159
G1 F1500 X107.565 Y122.839 E718.97387
G0 F9000 X108.131 Y122.839
G1 F1500 X97.452 Y112.159 E719.4762
G0 F9000 X98.017 Y112.159
G1 F1500 X108.697 Y122.839 E719.97856
G0 F9000 X109.262 Y122.839
G1 F1500 X98.583 Y112.159 E720.48089
G0 F9000 X99.149 Y112.159
G1 F1500 X109.828 Y122.839 E720.98322
G0 F9000 X110.394 Y122.839
G1 F1500 X99.714 Y112.159 E721.48557
G0 F9000 X100.28 Y112.159
G1 F1500 X110.959 Y122.839 E721.9879
G0 F9000 X111.525 Y122.839
G1 F1500 X100.846 Y112.159 E722.49023
G0 F9000 X101.411 Y112.159
G1 F1500 X112.091 Y122.839 E722.99259
G0 F9000 X112.656 Y122.839
G1 F1500 X101.977 Y112.159 E723.49492
G0 F9000 X102.543 Y112.159
G1 F1500 X113.222 Y122.839 E723.99725
G0 F9000 X113.788 Y122.839
G1 F1500 X103.108 Y112.159 E724.49961
G0 F9000 X103.674 Y112.159
G1 F1500 X114.354 Y122.839 E725.00196
G0 F9000 X114.919 Y122.839
G1 F1500 X104.24 Y112.159 E725.50429
G0 F9000 X104.805 Y112.159
G1 F1500 X115.485 Y122.839 E726.00665
G0 F9000 X116.051 Y122.839
G1 F1500 X105.371 Y112.159 E726.509
G0 F9000 X105.937 Y112.159
G1 F1500 X116.616 Y122.839 E727.01133
G0 F9000 X117.182 Y122.839
G1 F1500 X106.503 Y112.159 E727.51366
G0 F9000 X107.068 Y112.159
G1 F1500 X117.748 Y122.839 E728.01602
G0 F9000 X118.313 Y122.839
G1 F1500 X107.634 Y112.159 E728.51835
G0 F9000 X108.2 Y112.159
G1 F1500 X118.879 Y122.839 E729.02068
G0 F9000 X119.445 Y122.839
G1 F1500 X108.765 Y112.159 E729.52303
G0 F9000 X109.331 Y112.159
G1 F1500 X120.01 Y122.839 E730.02536
G0 F9000 X120.576 Y122.839
G1 F1500 X109.897 Y112.159 E730.52769
G0 F9000 X110.462 Y112.159
G1 F1500 X121.142 Y122.839 E731.03005
G0 F9000 X121.707 Y122.839
G1 F1500 X111.028 Y112.159 E731.53238
G0 F9000 X111.594 Y112.159
G1 F1500 X122.273 Y122.839 E732.03471
G0 F9000 X122.839 Y122.839
G1 F1500 X112.159 Y112.159 E732.53706
G0 F9000 X112.725 Y112.159
G1 F1500 X123.404 Y122.839 E733.0394
G0 F9000 X123.97 Y122.839
G1 F1500 X113.291 Y112.159 E733.54173
G0 F9000 X113.856 Y112.159
G1 F1500 X124.536 Y122.839 E734.04408
G0 F9000 X125.102 Y122.839
G1 F1500 X114.422 Y112.159 E734.54644
G0 F9000 X114.988 Y112.159
G1 F1500 X125.667 Y122.839 E735.04877
G0 F9000 X126.233 Y122.839
G1 F1500 X115.553 Y112.159 E735.55112
G0 F9000 X116.119 Y112.159
G1 F1500 X126.799 Y122.839 E736.05348
G0 F9000 X127.364 Y122.839
G1 F1500 X116.685 Y112.159 E736.55581
G0 F9000 X117.251 Y112.159
G1 F1500 X127.93 Y122.839 E737.05814
G0 F9000 X128.496 Y122.839
G1 F1500 X117.817 Y112.16 E737.56044
G0 F9000 X118.383 Y112.16
G1 F1500 X129.061 Y122.839 E738.06273
G0 F9000 X129.627 Y122.839
G1 F1500 X118.948 Y112.16 E738.56504
G0 F9000 X119.514 Y112.16
G1 F1500 X130.193 Y122.839 E739.06734
G0 F9000 X130.758 Y122.839
G1 F1500 X120.08 Y112.16 E739.56963
G0 F9000 X120.645 Y112.16
G1 F1500 X131.324 Y122.839 E740.07193
G0 F9000 X131.89 Y122.839
G1 F1500 X121.211 Y112.16 E740.57424
G0 F9000 X121.777 Y112.16
G1 F1500 X132.455 Y122.839 E741.07653
G0 F9000 X133.021 Y122.839
G1 F1500 X122.342 Y112.16 E741.57883
G0 F9000 X122.908 Y112.16
G1 F1500 X133.587 Y122.839 E742.08114
G0 F9000 X134.153 Y122.839
G1 F1500 X123.474 Y112.16 E742.58345
G0 F9000 X124.039 Y112.16
G1 F1500 X134.718 Y122.839 E743.08576
G0 F9000 X135.284 Y122.839
G1 F1500 X124.605 Y112.16 E743.58806
G0 F9000 X125.171 Y112.16
G1 F1500 X135.85 Y122.839 E744.09037
G0 F9000 X136.415 Y122.839
G1 F1500 X125.737 Y112.16 E744.59265
G0 F9000 X126.302 Y112.16
G1 F1500 X136.981 Y122.839 E745.09496
G0 F9000 X137.547 Y122.839
G1 F1500 X126.868 Y112.16 E745.59727
G0 F9000 X127.434 Y112.16
G1 F1500 X138.112 Y122.839 E746.09955
G0 F9000 X138.678 Y122.839
G1 F1500 X127.999 Y112.16 E746.60186
G0 F9000 X128.565 Y112.16
G1 F1500 X139.244 Y122.839 E747.10417
G0 F9000 X139.809 Y122.839
G1 F1500 X129.131 Y112.16 E747.60645
G0 F9000 X129.696 Y112.16
G1 F1500 X140.375 Y122.839 E748.10876
G0 F9000 X140.941 Y122.839
G1 F1500 X130.262 Y112.16 E748.61107
G0 F9000 X130.828 Y112.16
G1 F1500 X141.506 Y122.839 E749.11335
G0 F9000 X142.072 Y122.839
G1 F1500 X131.393 Y112.16 E749.61566
G0 F9000 X131.959 Y112.16
G1 F1500 X142.638 Y122.839 E750.11797
G0 F9000 X143.203 Y122.839
G1 F1500 X132.525 Y112.16 E750.62025
G0 F9000 X133.09 Y112.16
G1 F1500 X143.769 Y122.839 E751.12256
G0 F9000 X144.335 Y122.839
G1 F1500 X133.656 Y112.16 E751.62486
G0 F9000 X134.222 Y112.16
G1 F1500 X144.901 Y122.839 E752.12717
G0 F9000 X145.466 Y122.839
G1 F1500 X134.787 Y112.16 E752.62948
G0 F9000 X135.353 Y112.16
G1 F1500 X146.033 Y122.84 E753.13183
G0 F9000 X146.613 Y122.854
G1 F1500 X135.919 Y112.16 E753.63485
G0 F9000 X136.485 Y112.16
G1 F1500 X147.194 Y122.869 E754.13857
G0 F9000 X147.774 Y122.884
G1 F1500 X137.05 Y112.16 E754.64299
G0 F9000 X137.616 Y112.16
G1 F1500 X148.355 Y122.899 E755.14812
G0 F9000 X148.935 Y122.914
G1 F1500 X138.182 Y112.16 E755.65393
G0 F9000 X138.747 Y112.16
G1 F1500 X149.517 Y122.929 E756.16049
G0 F9000 X150.097 Y122.944
G1 F1500 X139.313 Y112.16 E756.66774
G0 F9000 X139.879 Y112.16
G1 F1500 X150.678 Y122.959 E757.17569
G0 F9000 X151.258 Y122.974
G1 F1500 X140.444 Y112.16 E757.68435
G0 F9000 X141.01 Y112.16
G1 F1500 X151.839 Y122.989 E758.19371
G0 F9000 X152.419 Y123.004
G1 F1500 X141.576 Y112.16 E758.70376
G0 F9000 X142.141 Y112.16
G1 F1500 X153 Y123.019 E759.21453
G0 F9000 X153.592 Y123.045
G1 F1500 X142.707 Y112.16 E759.72653
G0 F9000 X143.273 Y112.16
G1 F1500 X154.205 Y123.093 E760.24076
G0 F9000 X154.818 Y123.14
G1 F1500 X143.838 Y112.16 E760.75723
G0 F9000 X144.404 Y112.16
G1 F1500 X155.432 Y123.188 E761.27595
G0 F9000 X156.045 Y123.235
G1 F1500 X144.97 Y112.16 E761.79688
G0 F9000 X145.536 Y112.16
G1 F1500 X156.659 Y123.284 E762.3201
G0 F9000 X157.272 Y123.331
G1 F1500 X146.1 Y112.159 E762.8456
G0 F9000 X146.651 Y112.145
G1 F1500 X157.886 Y123.379 E763.37403
G0 F9000 X158.499 Y123.426
G1 F1500 X147.202 Y112.13 E763.90538
G0 F9000 X147.754 Y112.116
G1 F1500 X159.113 Y123.474 E764.43965
G0 F9000 X159.726 Y123.522
G1 F1500 X148.305 Y112.101 E764.97686
G0 F9000 X148.857 Y112.087
G1 F1500 X160.339 Y123.57 E765.51696
G0 F9000 X160.966 Y123.631
G1 F1500 X149.408 Y112.073 E766.06062
G0 F9000 X149.96 Y112.059
G1 F1500 X161.617 Y123.716 E766.60893
G0 F9000 X162.266 Y123.8
G1 F1500 X150.511 Y112.044 E767.16187
G0 F9000 X151.062 Y112.03
G1 F1500 X162.916 Y123.884 E767.71945
G0 F9000 X163.566 Y123.968
G1 F1500 X151.614 Y112.016 E768.28163
G0 F9000 X152.165 Y112.002
G1 F1500 X164.216 Y124.052 E768.84845
G0 F9000 X164.866 Y124.136
G1 F1500 X152.717 Y111.988 E769.41988
G0 F9000 X153.268 Y111.973
G1 F1500 X165.516 Y124.22 E769.99596
G0 F9000 X166.165 Y124.305
G1 F1500 X153.797 Y111.936 E770.57774
G0 F9000 X154.322 Y111.896
G1 F1500 X166.816 Y124.389 E771.16539
G0 F9000 X167.466 Y124.474
G1 F1500 X154.847 Y111.855 E771.75895
G0 F9000 X155.372 Y111.814
G1 F1500 X168.123 Y124.565 E772.35872
G0 F9000 X168.814 Y124.691
G1 F1500 X155.897 Y111.773 E772.96632
G0 F9000 X156.422 Y111.733
G1 F1500 X169.506 Y124.817 E773.58175
G0 F9000 X170.198 Y124.943
G1 F1500 X156.947 Y111.692 E774.20504
G0 F9000 X157.472 Y111.652
G1 F1500 X170.89 Y125.07 E774.83618
G0 F9000 X171.582 Y125.196
G1 F1500 X157.997 Y111.611 E775.47518
G0 F9000 X158.522 Y111.57
G1 F1500 X172.273 Y125.321 E776.12198
G0 F9000 X172.966 Y125.448
G1 F1500 X159.047 Y111.529 E776.77669
G0 F9000 X159.572 Y111.489
G1 F1500 X173.657 Y125.574 E777.4392
G0 F9000 X174.349 Y125.7
G1 F1500 X160.097 Y111.448 E778.10957
G0 F9000 X160.622 Y111.408
G1 F1500 X175.041 Y125.826 E778.78778
G0 F9000 X175.619 Y125.839
G1 F1500 X161.126 Y111.345 E779.46951
G0 F9000 X161.626 Y111.28
G1 F1500 X176.185 Y125.839 E780.15432
G0 F9000 X176.751 Y125.839
G1 F1500 X162.128 Y111.216 E780.84214
G0 F9000 X162.628 Y111.151
G1 F1500 X177.316 Y125.839 E781.53302
G0 F9000 X177.882 Y125.839
G1 F1500 X163.129 Y111.086 E782.22695
G0 F9000 X163.63 Y111.021
G1 F1500 X178.448 Y125.839 E782.92395
G0 F9000 X179.013 Y125.839
G1 F1500 X164.131 Y110.957 E783.62395
G0 F9000 X164.632 Y110.892
G1 F1500 X179.579 Y125.839 E784.32701
G0 F9000 X180.145 Y125.839
G1 F1500 X165.132 Y110.826 E785.03318
G0 F9000 X165.634 Y110.762
G1 F1500 X180.711 Y125.839 E785.74235
G0 F9000 X181.276 Y125.839
G1 F1500 X166.134 Y110.697 E786.45459
G0 F9000 X166.635 Y110.632
G1 F1500 X181.842 Y125.839 E787.16988
G0 F9000 X182.408 Y125.839
G1 F1500 X167.136 Y110.568 E787.8882
G0 F9000 X167.637 Y110.503
G1 F1500 X182.973 Y125.839 E788.60956
G0 F9000 X183.539 Y125.839
G1 F1500 X168.133 Y110.433 E789.33421
G0 F9000 X168.611 Y110.346
G1 F1500 X184.105 Y125.839 E790.06298
G0 F9000 X184.67 Y125.839
G1 F1500 X169.089 Y110.258 E790.79586
G0 F9000 X169.568 Y110.171
G1 F1500 X185.236 Y125.839 E791.53283
G0 F9000 X185.802 Y125.839
G1 F1500 X170.046 Y110.083 E792.27395
G0 F9000 X170.525 Y109.996
G1 F1500 X186.367 Y125.839 E793.01913
G0 F9000 X186.933 Y125.839
G1 F1500 X171.003 Y109.909 E793.76843
G0 F9000 X171.481 Y109.822
G1 F1500 X187.499 Y125.839 E794.52184
G0 F9000 X188.064 Y125.839
G1 F1500 X171.959 Y109.734 E795.27937
G0 F9000 X172.438 Y109.647
G1 F1500 X188.63 Y125.839 E796.04099
G0 F9000 X189.196 Y125.839
G1 F1500 X172.917 Y109.56 E796.80671
G0 F9000 X173.395 Y109.472
G1 F1500 X189.762 Y125.839 E797.57656
G0 F9000 X190.327 Y125.839
G1 F1500 X173.874 Y109.385 E798.35048
G0 F9000 X174.352 Y109.298
G1 F1500 X190.893 Y125.839 E799.12852
G0 F9000 X191.459 Y125.839
G1 F1500 X174.83 Y109.211 E799.91068
G0 F9000 X175.345 Y109.16
G1 F1500 X192.024 Y125.839 E800.69521
G0 F9000 X192.59 Y125.839
G1 F1500 X175.911 Y109.16 E801.47973
G0 F9000 X176.476 Y109.16
G1 F1500 X193.156 Y125.839 E802.26429
G0 F9000 X193.721 Y125.839
G1 F1500 X177.042 Y109.16 E803.04882
G0 F9000 X177.608 Y109.16
G1 F1500 X194.287 Y125.839 E803.83334
G0 F9000 X194.853 Y125.839
G1 F1500 X178.173 Y109.16 E804.6179
G0 F9000 X178.739 Y109.16
G1 F1500 X195.418 Y125.839 E805.40243
G0 F9000 X195.984 Y125.839
G1 F1500 X179.305 Y109.16 E806.18696
G0 F9000 X179.87 Y109.16
G1 F1500 X196.55 Y125.839 E806.97151
G0 F9000 X197.115 Y125.839
G1 F1500 X180.436 Y109.16 E807.75604
G0 F9000 X181.002 Y109.16
G1 F1500 X197.681 Y125.839 E808.54057
G0 F9000 X198.247 Y125.839
G1 F1500 X181.568 Y109.16 E809.32509
G0 F9000 X182.133 Y109.16
G1 F1500 X198.812 Y125.839 E810.10962
G0 F9000 X198.839 Y125.3
G1 F1500 X182.699 Y109.16 E810.8688
G0 F9000 X183.265 Y109.16
G1 F1500 X198.839 Y124.734 E811.60135
G0 F9000 X198.839 Y124.168
G1 F1500 X183.83 Y109.16 E812.30731
G0 F9000 X184.396 Y109.16
G1 F1500 X198.839 Y123.602 E812.98664
G0 F9000 X198.839 Y123.037
G1 F1500 X184.962 Y109.16 E813.63937
G0 F9000 X185.527 Y109.16
G1 F1500 X198.839 Y122.471 E814.2655
G0 F9000 X198.839 Y121.905
G1 F1500 X186.093 Y109.16 E814.86501
G0 F9000 X186.659 Y109.16
G1 F1500 X198.839 Y121.34 E815.43792
G0 F9000 X198.839 Y120.774
G1 F1500 X187.224 Y109.16 E815.98423
G0 F9000 X187.79 Y109.16
G1 F1500 X198.839 Y120.208 E816.50392
G0 F9000 X198.839 Y119.643
G1 F1500 X188.356 Y109.16 E816.99701
G0 F9000 X188.921 Y109.16
G1 F1500 X198.839 Y119.077 E817.4635
G0 F9000 X198.839 Y118.511
G1 F1500 X189.487 Y109.16 E817.90336
G0 F9000 X190.053 Y109.16
G1 F1500 X198.839 Y117.946 E818.31663
G0 F9000 X198.839 Y117.38
G1 F1500 X190.619 Y109.16 E818.70327
G0 F9000 X191.184 Y109.16
G1 F1500 X198.839 Y116.814 E819.06332
G0 F9000 X198.839 Y116.249
G1 F1500 X191.75 Y109.16 E819.39676
G0 F9000 X192.316 Y109.16
G1 F1500 X198.839 Y115.683 E819.70358
G0 F9000 X198.839 Y115.117
G1 F1500 X192.881 Y109.16 E819.98381
G0 F9000 X193.447 Y109.16
G1 F1500 X198.839 Y114.552 E820.23743
G0 F9000 X198.839 Y113.986
G1 F1500 X194.013 Y109.16 E820.46443
G0 F9000 X194.578 Y109.16
G1 F1500 X198.839 Y113.42 E820.66483
G0 F9000 X198.839 Y112.854
G1 F1500 X195.144 Y109.16 E820.83861
G0 F9000 X195.71 Y109.16
G1 F1500 X198.839 Y112.289 E820.98579
G0 F9000 X198.839 Y111.723
G1 F1500 X196.275 Y109.16 E821.10637
G0 F9000 X196.841 Y109.16
G1 F1500 X198.839 Y111.157 E821.20032
G0 F9000 X198.839 Y110.592
G1 F1500 X197.407 Y109.16 E821.26768
G0 F9000 X197.972 Y109.16
G1 F1500 X198.839 Y110.026 E821.30844
G0 F9000 X198.839 Y109.46
G1 F1500 X198.538 Y109.16 E821.32257
G1 F2700 E816.32257
;MESH:NONMESH
G0 F300 X198.538 Y109.16 Z4.8
G0 F9000 X198.538 Y108.7
G0 X199.228 Y108.772
G0 X199.228 Y126.228 ;T9.452 R8.000 A1.570 C421.66713599999986 FILLET CORNER
G0 X175.072 Y126.239 ;T-79.003 R8.000 A0.155 C54.41318300000038 FILLET CORNER
G0 X160.635 Y123.993 ;T-140.840 R8.000 A0.103 C-12.441265000000161 FILLET CORNER
G0 X152.351 Y123.566 ;T-318.973 R8.000 A0.049 C-25.682137999999554 FILLET CORNER
G0 X88.985 Y123.4
;TIME_ELAPSED:6891.845308
;LAYER:23
;TYPE:WALL-INNER
;MESH:D638-22 Type I Tensile Specimen.STL
G1 F2700 E821.32257
G1 F1500 X146.017 Y123.4 E823.21946
G1 X153.314 Y123.588 E823.46224
G1 X160.654 Y124.156 E823.7071
G1 X167.896 Y125.094 E823.94998
G1 X175.057 Y126.4 E824.19209
G1 X199.4 Y126.4 E825.00174 ;T16.343 R8.000 A1.571 C-433.3054000000006 FILLET CORNER
G1 X199.4 Y108.6 E825.59377 ;T9.800 R8.000 A1.571 C-433.34100000000024 FILLET CORNER
G1 X175.055 Y108.6 E826.40349
G1 X167.894 Y109.906 E826.64559
G1 X160.654 Y110.844 E826.88841
G1 X153.343 Y111.411 E827.1323
G1 X146.015 Y111.6 E827.37611
G1 X88.983 Y111.6 E829.27301
G1 X81.655 Y111.411 E829.51682
G1 X74.346 Y110.844 E829.76065
G1 X67.104 Y109.906 E830.00353
G1 X59.943 Y108.6 E830.24563
G1 X35.6 Y108.6 E831.05528 ;T16.343 R8.000 A1.571 C-433.3054000000002 FILLET CORNER
G1 X35.6 Y126.4 E831.64731 ;T9.800 R8.000 A1.571 C-433.34100000000024 FILLET CORNER
G1 X59.945 Y126.4 E832.45703
G1 X67.106 Y125.094 E832.69914
G1 X74.346 Y124.156 E832.94195
G1 X81.657 Y123.589 E833.18585
G1 X88.985 Y123.4 E833.42966
G1 F2700 E828.42966
G0 F9000 X146.005 Y123.561
G0 X153.321 Y123.749
G0 X157.46 Y124.069
G0 X167.946 Y125
G1 F2700 E833.42966
G0 F9000 X167.854 Y125.493
;TYPE:WALL-OUTER
G1 F1500 X160.602 Y124.553 E833.67288
G1 X153.304 Y123.988 E833.91634
G1 X146.007 Y123.8 E834.15912
G1 X88.995 Y123.8 E836.05535
G1 X81.698 Y123.988 E836.29812
G1 X74.408 Y124.552 E836.54132
G1 X67.158 Y125.491 E836.78447
G1 X59.981 Y126.8 E837.02711
G1 X35.2 Y126.8 E837.85133 ;T16.781 R8.000 A1.571 C460.92659999999984 FILLET CORNER
G1 X35.2 Y108.2 E838.46997 ;T10.600 R8.000 A1.571 C460.8893999999998 FILLET CORNER
G1 X59.979 Y108.2 E839.29412
G1 X67.146 Y109.507 E839.53643
G1 X74.398 Y110.447 E839.77965
G1 X81.686 Y111.012 E840.02278
G1 X88.993 Y111.2 E840.26589
G1 X146.005 Y111.2 E842.16212
G1 X153.302 Y111.012 E842.4049
G1 X160.592 Y110.448 E842.64809
G1 X167.842 Y109.509 E842.89124
G1 X175.019 Y108.2 E843.13388
G1 X199.8 Y108.2 E843.9581 ;T16.781 R8.000 A1.571 C460.92659999999995 FILLET CORNER
G1 X199.8 Y126.8 E844.57674 ;T10.600 R8.000 A1.571 C460.8894000000003 FILLET CORNER
G1 X175.021 Y126.8 E845.40089
G1 X167.854 Y125.493 E845.6432
G1 F2700 E840.6432
G0 F9000 X167.946 Y125
G0 X175.072 Y126.239
G0 X199.228 Y126.228 ;T16.152 R8.000 A1.570 C-421.66713599999986 FILLET CORNER
G0 X199.228 Y108.772 ;T9.452 R8.000 A1.570 C-421.702048 FILLET CORNER
G0 X175.07 Y108.761 ;T-78.987 R8.000 A0.155 C-54.417653000000406 FILLET CORNER
G0 X160.635 Y111.007 ;T-140.801 R8.000 A0.103 C12.444365000000179 FILLET CORNER
G0 X152.35 Y111.434 ;T-330.050 R8.000 A0.047 C24.847321999999558 FILLET CORNER
G0 X88.979 Y111.701
G1 F2700 E845.6432
G0 F9000 X88.975 Y111.96
;TYPE:SKIN
G1 F1500 X146.024 Y111.96 E847.54066
G1 X153.321 Y111.772 E847.78344
G1 X160.651 Y111.206 E848.02796
G1 X167.981 Y110.257 E848.27379
G1 X175.089 Y108.96 E848.51411
G1 X199.04 Y108.96 E849.31072 ;T15.951 R8.000 A1.571 C204.54154000000008 FILLET CORNER
G1 X199.04 Y117.5 E849.59476
G1 X199.04 Y126.04 E849.8788 ;T0.540 R8.000 A1.571 C204.51591999999997 FILLET CORNER
G1 X175.092 Y126.04 E850.67532
G1 X167.99 Y124.744 E850.91543
G1 X160.7 Y123.799 E851.15993
G1 X153.372 Y123.23 E851.40439
G1 X146.027 Y123.04 E851.64877
G1 X88.977 Y123.04 E853.54626
G1 X81.64 Y123.23 E853.79037
G1 X74.347 Y123.794 E854.03366
G1 X67.023 Y124.742 E854.27929
G1 X59.911 Y126.04 E854.51974
G1 X35.96 Y126.04 E855.31636 ;T15.951 R8.000 A1.571 C409.08308000000034 FILLET CORNER
G1 X35.96 Y108.96 E855.88444 ;T9.080 R8.000 A1.571 C409.03184000000033 FILLET CORNER
G1 X59.908 Y108.96 E856.68095
G1 X67.01 Y110.256 E856.92107
G1 X74.335 Y111.205 E857.16674
G1 X81.629 Y111.77 E857.41006
G1 X88.975 Y111.96 E857.65447
G1 F2700 E852.65447
G0 F9000 X88.979 Y111.701
G0 X69.848 Y110.443 ;T-137.099 R8.000 A0.102 C19.698982000000086 FILLET CORNER
G0 X59.928 Y108.761 ;T-86.461 R8.000 A0.165 C-39.26837200000011 FILLET CORNER
G0 X36.222 Y108.7
G1 F2700 E857.65447
G0 F9000 X36.222 Y109.158
G1 F1500 X36.16 Y109.221 E857.65741
G0 F9000 X36.16 Y109.786
G1 F1500 X36.787 Y109.158 E857.68693
G0 F9000 X37.353 Y109.158
G1 F1500 X36.16 Y110.352 E857.74307
G0 F9000 X36.16 Y110.918
G1 F1500 X37.919 Y109.158 E857.82583
G0 F9000 X38.484 Y109.158
G1 F1500 X36.16 Y111.483 E857.93517
G0 F9000 X36.16 Y112.049
G1 F1500 X39.05 Y109.158 E858.07113
G0 F9000 X39.616 Y109.158
G1 F1500 X36.16 Y112.615 E858.23371
G0 F9000 X36.16 Y113.18
G1 F1500 X40.182 Y109.158 E858.42289
G0 F9000 X40.747 Y109.158
G1 F1500 X36.16 Y113.746 E858.63867
G0 F9000 X36.16 Y114.312
G1 F1500 X41.313 Y109.158 E858.88108
G0 F9000 X41.879 Y109.158
G1 F1500 X36.16 Y114.877 E859.15008
G0 F9000 X36.16 Y115.443
G1 F1500 X42.444 Y109.158 E859.44569
G0 F9000 X43.01 Y109.158
G1 F1500 X36.16 Y116.009 E859.76791
G0 F9000 X36.16 Y116.575
G1 F1500 X43.576 Y109.158 E860.11676
G0 F9000 X44.141 Y109.158
G1 F1500 X36.16 Y117.14 E860.49219
G0 F9000 X36.16 Y117.706
G1 F1500 X44.707 Y109.158 E860.89424
G0 F9000 X45.273 Y109.158
G1 F1500 X36.16 Y118.272 E861.32291
G0 F9000 X36.16 Y118.837
G1 F1500 X45.838 Y109.158 E861.77815
G0 F9000 X46.404 Y109.158
G1 F1500 X36.16 Y119.403 E862.26002
G0 F9000 X36.16 Y119.969
G1 F1500 X46.97 Y109.158 E862.76852
G0 F9000 X47.535 Y109.158
G1 F1500 X36.16 Y120.534 E863.30358
G0 F9000 X36.16 Y121.1
G1 F1500 X48.101 Y109.158 E863.86528
G0 F9000 X48.667 Y109.158
G1 F1500 X36.16 Y121.666 E864.45359
G0 F9000 X36.16 Y122.231
G1 F1500 X49.233 Y109.158 E865.0685
G0 F9000 X49.798 Y109.158
G1 F1500 X36.16 Y122.797 E865.71002
G0 F9000 X36.16 Y123.363
G1 F1500 X50.364 Y109.158 E866.37815
G0 F9000 X50.93 Y109.158
G1 F1500 X36.16 Y123.928 E867.07289
G0 F9000 X36.16 Y124.494
G1 F1500 X51.495 Y109.158 E867.79422
G0 F9000 X52.061 Y109.158
G1 F1500 X36.16 Y125.06 E868.54218
G0 F9000 X36.16 Y125.626
G1 F1500 X52.627 Y109.158 E869.31676
G0 F9000 X53.192 Y109.158
G1 F1500 X36.512 Y125.839 E870.10136
G0 F9000 X37.077 Y125.839
G1 F1500 X53.758 Y109.158 E870.88599
G0 F9000 X54.324 Y109.158
G1 F1500 X37.643 Y125.839 E871.67061
G0 F9000 X38.209 Y125.839
G1 F1500 X54.889 Y109.158 E872.45521
G0 F9000 X55.455 Y109.158
G1 F1500 X38.774 Y125.839 E873.23983
G0 F9000 X39.34 Y125.839
G1 F1500 X56.021 Y109.158 E874.02445
G0 F9000 X56.586 Y109.158
G1 F1500 X39.906 Y125.839 E874.80905
G0 F9000 X40.471 Y125.839
G1 F1500 X57.152 Y109.158 E875.59368
G0 F9000 X57.718 Y109.158
G1 F1500 X41.037 Y125.839 E876.3783
G0 F9000 X41.603 Y125.839
G1 F1500 X58.283 Y109.158 E877.1629
G0 F9000 X58.849 Y109.158
G1 F1500 X42.169 Y125.839 E877.9475
G0 F9000 X42.734 Y125.839
G1 F1500 X59.415 Y109.158 E878.73212
G0 F9000 X59.966 Y109.173
G1 F1500 X43.3 Y125.839 E879.51604
G0 F9000 X43.866 Y125.839
G1 F1500 X60.444 Y109.26 E880.29584
G0 F9000 X60.923 Y109.347
G1 F1500 X44.431 Y125.839 E881.07157
G0 F9000 X44.997 Y125.839
G1 F1500 X61.401 Y109.435 E881.84317
G0 F9000 X61.88 Y109.522
G1 F1500 X45.563 Y125.839 E882.61067
G0 F9000 X46.128 Y125.839
G1 F1500 X62.359 Y109.609 E883.3741
G0 F9000 X62.837 Y109.697
G1 F1500 X46.694 Y125.839 E884.1334
G0 F9000 X47.26 Y125.839
G1 F1500 X63.315 Y109.783 E884.8886
G0 F9000 X63.793 Y109.871
G1 F1500 X47.825 Y125.839 E885.63968
G0 F9000 X48.391 Y125.839
G1 F1500 X64.272 Y109.958 E886.38668
G0 F9000 X64.75 Y110.046
G1 F1500 X48.957 Y125.839 E887.12953
G0 F9000 X49.522 Y125.839
G1 F1500 X65.229 Y110.133 E887.86832
G0 F9000 X65.707 Y110.22
G1 F1500 X50.088 Y125.839 E888.60299
G0 F9000 X50.654 Y125.839
G1 F1500 X66.185 Y110.307 E889.33354
G0 F9000 X66.664 Y110.394
G1 F1500 X51.219 Y125.839 E890.06003
G0 F9000 X51.785 Y125.839
G1 F1500 X67.149 Y110.475 E890.7827
G0 F9000 X67.651 Y110.539
G1 F1500 X52.351 Y125.839 E891.50237
G0 F9000 X52.917 Y125.839
G1 F1500 X68.151 Y110.604 E892.21895
G0 F9000 X68.652 Y110.669
G1 F1500 X53.482 Y125.839 E892.9325
G0 F9000 X54.048 Y125.839
G1 F1500 X69.153 Y110.734 E893.643
G0 F9000 X69.654 Y110.799
G1 F1500 X54.614 Y125.839 E894.35043
G0 F9000 X55.179 Y125.839
G1 F1500 X70.155 Y110.863 E895.05486
G0 F9000 X70.656 Y110.928
G1 F1500 X55.745 Y125.839 E895.75622
G0 F9000 X56.311 Y125.839
G1 F1500 X71.156 Y110.993 E896.45451
G0 F9000 X71.658 Y111.058
G1 F1500 X56.876 Y125.839 E897.14979
G0 F9000 X57.442 Y125.839
G1 F1500 X72.158 Y111.123 E897.84198
G0 F9000 X72.66 Y111.187
G1 F1500 X58.008 Y125.839 E898.53117
G0 F9000 X58.573 Y125.839
G1 F1500 X73.16 Y111.252 E899.2173
G0 F9000 X73.661 Y111.317
G1 F1500 X59.139 Y125.839 E899.90037
G0 F9000 X59.705 Y125.839
G1 F1500 X74.162 Y111.382 E900.58038
G0 F9000 X74.679 Y111.43
G1 F1500 X60.355 Y125.755 E901.25416
G0 F9000 X61.046 Y125.629
G1 F1500 X75.204 Y111.471 E901.92011
G0 F9000 X75.729 Y111.512
G1 F1500 X61.738 Y125.502 E902.57818
G0 F9000 X62.431 Y125.376
G1 F1500 X76.255 Y111.552 E903.22842
G0 F9000 X76.779 Y111.593
G1 F1500 X63.123 Y125.249 E903.87075
G0 F9000 X63.814 Y125.123
G1 F1500 X77.305 Y111.633 E904.5053
G0 F9000 X77.829 Y111.674
G1 F1500 X64.507 Y124.997 E905.13195
G0 F9000 X65.199 Y124.87
G1 F1500 X78.355 Y111.715 E905.75075
G0 F9000 X78.88 Y111.755
G1 F1500 X65.891 Y124.744 E906.36171
G0 F9000 X66.583 Y124.618
G1 F1500 X79.405 Y111.796 E906.96482
G0 F9000 X79.93 Y111.836
G1 F1500 X67.257 Y124.51 E907.56094
G0 F9000 X67.906 Y124.426
G1 F1500 X80.455 Y111.877 E908.15121
G0 F9000 X80.98 Y111.918
G1 F1500 X68.556 Y124.341 E908.73557
G0 F9000 X69.206 Y124.257
G1 F1500 X81.506 Y111.958 E909.3141
G0 F9000 X82.05 Y111.979
G1 F1500 X69.857 Y124.172 E909.88762
G0 F9000 X70.507 Y124.088
G1 F1500 X82.602 Y111.993 E910.45654
G0 F9000 X83.153 Y112.007
G1 F1500 X71.156 Y124.004 E911.02084
G0 F9000 X71.806 Y123.92
G1 F1500 X83.705 Y112.021 E911.58053
G0 F9000 X84.256 Y112.036
G1 F1500 X72.456 Y123.836 E912.13557
G0 F9000 X73.106 Y123.752
G1 F1500 X84.807 Y112.05 E912.68597
G0 F9000 X85.359 Y112.065
G1 F1500 X73.756 Y123.667 E913.23171
G0 F9000 X74.401 Y123.588
G1 F1500 X85.91 Y112.079 E913.77306
G0 F9000 X86.461 Y112.094
G1 F1500 X75.014 Y123.541 E914.31149
G0 F9000 X75.627 Y123.494
G1 F1500 X87.013 Y112.108 E914.84706
G0 F9000 X87.564 Y112.122
G1 F1500 X76.24 Y123.446 E915.3797
G0 F9000 X76.853 Y123.399
G1 F1500 X88.116 Y112.136 E915.90948
G0 F9000 X88.667 Y112.15
G1 F1500 X77.466 Y123.351 E916.43634
G0 F9000 X78.08 Y123.303
G1 F1500 X89.224 Y112.159 E916.96052
G0 F9000 X89.79 Y112.159
G1 F1500 X78.693 Y123.256 E917.48249
G0 F9000 X79.306 Y123.209
G1 F1500 X90.356 Y112.159 E918.00225
G0 F9000 X90.921 Y112.159
G1 F1500 X79.919 Y123.161 E918.51975
G0 F9000 X80.532 Y123.114
G1 F1500 X91.487 Y112.159 E919.03504
G0 F9000 X92.053 Y112.159
G1 F1500 X81.145 Y123.066 E919.54809
G0 F9000 X81.751 Y123.026
G1 F1500 X92.618 Y112.159 E920.05924
G0 F9000 X93.184 Y112.159
G1 F1500 X82.331 Y123.011 E920.56971
G0 F9000 X82.912 Y122.996
G1 F1500 X93.75 Y112.159 E921.07947
G0 F9000 X94.316 Y112.159
G1 F1500 X83.493 Y122.982 E921.58855
G0 F9000 X84.074 Y122.966
G1 F1500 X94.881 Y112.159 E922.09688
G0 F9000 X95.447 Y112.159
G1 F1500 X84.654 Y122.951 E922.60453
G0 F9000 X85.235 Y122.936
G1 F1500 X96.013 Y112.159 E923.11147
G0 F9000 X96.578 Y112.159
G1 F1500 X85.816 Y122.921 E923.61768
G0 F9000 X86.397 Y122.906
G1 F1500 X97.144 Y112.159 E924.12319
G0 F9000 X97.71 Y112.159
G1 F1500 X86.977 Y122.891 E924.62801
G0 F9000 X87.558 Y122.876
G1 F1500 X98.275 Y112.159 E925.13211
G0 F9000 X98.841 Y112.159
G1 F1500 X88.139 Y122.861 E925.6355
G0 F9000 X88.719 Y122.846
G1 F1500 X99.407 Y112.159 E926.1382
G0 F9000 X99.972 Y112.159
G1 F1500 X89.292 Y122.84 E926.64058
G0 F9000 X89.857 Y122.84
G1 F1500 X100.538 Y112.159 E927.14298
G0 F9000 X101.104 Y112.159
G1 F1500 X90.423 Y122.84 E927.64538
G0 F9000 X90.989 Y122.84
G1 F1500 X101.669 Y112.159 E928.14776
G0 F9000 X102.235 Y112.159
G1 F1500 X91.554 Y122.84 E928.65016
G0 F9000 X92.12 Y122.84
G1 F1500 X102.801 Y112.159 E929.15256
G0 F9000 X103.366 Y112.159
G1 F1500 X92.686 Y122.84 E929.65494
G0 F9000 X93.251 Y122.84
G1 F1500 X103.932 Y112.159 E930.15734
G0 F9000 X104.498 Y112.159
G1 F1500 X93.817 Y122.84 E930.65975
G0 F9000 X94.383 Y122.84
G1 F1500 X105.064 Y112.159 E931.16215
G0 F9000 X105.629 Y112.159
G1 F1500 X94.948 Y122.84 E931.66455
G0 F9000 X95.514 Y122.84
G1 F1500 X106.195 Y112.159 E932.16695
G0 F9000 X106.761 Y112.159
G1 F1500 X96.08 Y122.84 E932.66935
G0 F9000 X96.645 Y122.84
G1 F1500 X107.326 Y112.159 E933.17175
G0 F9000 X107.892 Y112.159
G1 F1500 X97.211 Y122.84 E933.67415
G0 F9000 X97.777 Y122.84
G1 F1500 X108.458 Y112.159 E934.17656
G0 F9000 X109.023 Y112.159
G1 F1500 X98.342 Y122.84 E934.67896
G0 F9000 X98.908 Y122.84
G1 F1500 X109.589 Y112.159 E935.18136
G0 F9000 X110.155 Y112.159
G1 F1500 X99.474 Y122.84 E935.68376
G0 F9000 X100.04 Y122.84
G1 F1500 X110.72 Y112.159 E936.18614
G0 F9000 X111.286 Y112.159
G1 F1500 X100.605 Y122.84 E936.68854
G0 F9000 X101.171 Y122.84
G1 F1500 X111.852 Y112.159 E937.19094
G0 F9000 X112.417 Y112.159
G1 F1500 X101.737 Y122.84 E937.69332
G0 F9000 X102.302 Y122.84
G1 F1500 X112.983 Y112.159 E938.19572
G0 F9000 X113.549 Y112.159
G1 F1500 X102.868 Y122.84 E938.69812
G0 F9000 X103.434 Y122.84
G1 F1500 X114.115 Y112.159 E939.20052
G0 F9000 X114.68 Y112.159
G1 F1500 X103.999 Y122.84 E939.70292
G0 F9000 X104.565 Y122.84
G1 F1500 X115.246 Y112.159 E940.20533
G0 F9000 X115.812 Y112.159
G1 F1500 X105.131 Y122.84 E940.70773
G0 F9000 X105.696 Y122.84
G1 F1500 X116.377 Y112.159 E941.21013
G0 F9000 X116.943 Y112.159
G1 F1500 X106.262 Y122.84 E941.71253
G0 F9000 X106.828 Y122.84
G1 F1500 X117.508 Y112.159 E942.21491
G0 F9000 X118.074 Y112.159
G1 F1500 X107.393 Y122.84 E942.71731
G0 F9000 X107.959 Y122.84
G1 F1500 X118.639 Y112.159 E943.21969
G0 F9000 X119.205 Y112.159
G1 F1500 X108.525 Y122.84 E943.72207
G0 F9000 X109.091 Y122.84
G1 F1500 X119.771 Y112.159 E944.22444
G0 F9000 X120.336 Y112.159
G1 F1500 X109.656 Y122.84 E944.72682
G0 F9000 X110.222 Y122.84
G1 F1500 X120.902 Y112.159 E945.2292
G0 F9000 X121.468 Y112.159
G1 F1500 X110.788 Y122.84 E945.73158
G0 F9000 X111.353 Y122.84
G1 F1500 X122.033 Y112.159 E946.23396
G0 F9000 X122.599 Y112.159
G1 F1500 X111.919 Y122.84 E946.73633
G0 F9000 X112.485 Y122.84
G1 F1500 X123.165 Y112.159 E947.23871
G0 F9000 X123.73 Y112.159
G1 F1500 X113.05 Y122.84 E947.74109
G0 F9000 X113.616 Y122.84
G1 F1500 X124.296 Y112.159 E948.24347
G0 F9000 X124.862 Y112.159
G1 F1500 X114.182 Y122.84 E948.74585
G0 F9000 X114.747 Y122.84
G1 F1500 X125.428 Y112.159 E949.24825
G0 F9000 X125.993 Y112.159
G1 F1500 X115.313 Y122.84 E949.75063
G0 F9000 X115.879 Y122.84
G1 F1500 X126.559 Y112.159 E950.253
G0 F9000 X127.125 Y112.159
G1 F1500 X116.444 Y122.84 E950.75541
G0 F9000 X117.01 Y122.84
G1 F1500 X127.69 Y112.159 E951.25778
G0 F9000 X128.256 Y112.159
G1 F1500 X117.576 Y122.84 E951.76016
G0 F9000 X118.141 Y122.84
G1 F1500 X128.822 Y112.159 E952.26256
G0 F9000 X129.387 Y112.159
G1 F1500 X118.707 Y122.84 E952.76494
G0 F9000 X119.273 Y122.84
G1 F1500 X129.953 Y112.159 E953.26732
G0 F9000 X130.519 Y112.159
G1 F1500 X119.839 Y122.84 E953.7697
G0 F9000 X120.404 Y122.84
G1 F1500 X131.084 Y112.159 E954.27207
G0 F9000 X131.65 Y112.159
G1 F1500 X120.97 Y122.84 E954.77445
G0 F9000 X121.536 Y122.84
G1 F1500 X132.216 Y112.159 E955.27683
G0 F9000 X132.781 Y112.159
G1 F1500 X122.101 Y122.84 E955.77921
G0 F9000 X122.667 Y122.84
G1 F1500 X133.347 Y112.159 E956.28159
G0 F9000 X133.913 Y112.159
G1 F1500 X123.233 Y122.84 E956.78396
G0 F9000 X123.798 Y122.84
G1 F1500 X134.478 Y112.159 E957.28634
G0 F9000 X135.044 Y112.159
G1 F1500 X124.364 Y122.84 E957.78872
G0 F9000 X124.93 Y122.84
G1 F1500 X135.61 Y112.159 E958.2911
G0 F9000 X136.176 Y112.159
G1 F1500 X125.495 Y122.84 E958.7935
G0 F9000 X126.061 Y122.84
G1 F1500 X136.741 Y112.159 E959.29588
G0 F9000 X137.307 Y112.159
G1 F1500 X126.627 Y122.84 E959.79826
G0 F9000 X127.192 Y122.84
G1 F1500 X137.873 Y112.159 E960.30066
G0 F9000 X138.438 Y112.159
G1 F1500 X127.758 Y122.84 E960.80304
G0 F9000 X128.324 Y122.84
G1 F1500 X139.004 Y112.159 E961.30541
G0 F9000 X139.57 Y112.159
G1 F1500 X128.89 Y122.84 E961.80779
G0 F9000 X129.455 Y122.84
G1 F1500 X140.135 Y112.159 E962.31017
G0 F9000 X140.701 Y112.159
G1 F1500 X130.021 Y122.84 E962.81255
G0 F9000 X130.587 Y122.84
G1 F1500 X141.267 Y112.159 E963.31492
G0 F9000 X141.832 Y112.159
G1 F1500 X131.152 Y122.84 E963.8173
G0 F9000 X131.718 Y122.84
G1 F1500 X142.398 Y112.159 E964.31968
G0 F9000 X142.964 Y112.159
G1 F1500 X132.284 Y122.84 E964.82206
G0 F9000 X132.849 Y122.84
G1 F1500 X143.529 Y112.159 E965.32444
G0 F9000 X144.095 Y112.159
G1 F1500 X133.415 Y122.84 E965.82681
G0 F9000 X133.981 Y122.84
G1 F1500 X144.661 Y112.159 E966.32919
G0 F9000 X145.227 Y112.159
G1 F1500 X134.546 Y122.84 E966.83159
G0 F9000 X135.112 Y122.84
G1 F1500 X145.792 Y112.159 E967.33397
G0 F9000 X146.366 Y112.151
G1 F1500 X135.678 Y122.84 E967.83673
G0 F9000 X136.243 Y122.84
G1 F1500 X146.947 Y112.136 E968.34021
G0 F9000 X147.527 Y112.121
G1 F1500 X136.809 Y122.84 E968.84438
G0 F9000 X137.375 Y122.84
G1 F1500 X148.109 Y112.106 E969.34927
G0 F9000 X148.689 Y112.091
G1 F1500 X137.94 Y122.84 E969.85487
G0 F9000 X138.506 Y122.84
G1 F1500 X149.27 Y112.076 E970.36118
G0 F9000 X149.851 Y112.06
G1 F1500 X139.072 Y122.84 E970.86821
G0 F9000 X139.638 Y122.84
G1 F1500 X150.432 Y112.046 E971.37593
G0 F9000 X151.012 Y112.031
G1 F1500 X140.203 Y122.84 E971.88435
G0 F9000 X140.769 Y122.84
G1 F1500 X151.593 Y112.016 E972.39348
G0 F9000 X152.174 Y112
G1 F1500 X141.335 Y122.84 E972.90333
G0 F9000 X141.9 Y122.84
G1 F1500 X152.754 Y111.985 E973.4139
G0 F9000 X153.335 Y111.971
G1 F1500 X142.466 Y122.84 E973.92514
G0 F9000 X143.032 Y122.84
G1 F1500 X153.947 Y111.924 E974.43857
G0 F9000 X154.561 Y111.876
G1 F1500 X143.597 Y122.84 E974.95428
G0 F9000 X144.163 Y122.84
G1 F1500 X155.174 Y111.828 E975.47223
G0 F9000 X155.787 Y111.781
G1 F1500 X144.729 Y122.84 E975.99239
G0 F9000 X145.294 Y122.84
G1 F1500 X156.4 Y111.734 E976.51478
G0 F9000 X157.013 Y111.686
G1 F1500 X145.86 Y122.84 E977.03941
G0 F9000 X146.415 Y122.85
G1 F1500 X157.626 Y111.639 E977.56674
G0 F9000 X158.24 Y111.591
G1 F1500 X146.967 Y122.864 E978.09699
G0 F9000 X147.518 Y122.878
G1 F1500 X158.853 Y111.543 E978.63015
G0 F9000 X159.466 Y111.496
G1 F1500 X148.07 Y122.893 E979.16621
G0 F9000 X148.621 Y122.907
G1 F1500 X160.079 Y111.449 E979.70516
G0 F9000 X160.693 Y111.401
G1 F1500 X149.173 Y122.921 E980.24702
G0 F9000 X149.724 Y122.935
G1 F1500 X161.343 Y111.316 E980.79354
G0 F9000 X161.993 Y111.232
G1 F1500 X150.276 Y122.949 E981.34468
G0 F9000 X150.827 Y122.963
G1 F1500 X162.643 Y111.148 E981.90044
G0 F9000 X163.292 Y111.064
G1 F1500 X151.379 Y122.977 E982.46079
G0 F9000 X151.93 Y122.992
G1 F1500 X163.942 Y110.98 E983.0258
G0 F9000 X164.592 Y110.896
G1 F1500 X152.481 Y123.006 E983.59544
G0 F9000 X153.033 Y123.021
G1 F1500 X165.242 Y110.812 E984.16971
G0 F9000 X165.892 Y110.727
G1 F1500 X153.575 Y123.045 E984.74909
G0 F9000 X154.1 Y123.085
G1 F1500 X166.542 Y110.643 E985.33432
G0 F9000 X167.191 Y110.559
G1 F1500 X154.625 Y123.126 E985.92541
G0 F9000 X155.149 Y123.167
G1 F1500 X167.841 Y110.475 E986.52241
G0 F9000 X168.521 Y110.361
G1 F1500 X155.675 Y123.207 E987.12664
G0 F9000 X156.199 Y123.248
G1 F1500 X169.213 Y110.235 E987.73876
G0 F9000 X169.905 Y110.109
G1 F1500 X156.724 Y123.289 E988.35873
G0 F9000 X157.249 Y123.33
G1 F1500 X170.597 Y109.982 E988.98658
G0 F9000 X171.288 Y109.856
G1 F1500 X157.774 Y123.371 E989.62226
G0 F9000 X158.299 Y123.412
G1 F1500 X171.981 Y109.73 E990.26582
G0 F9000 X172.672 Y109.604
G1 F1500 X158.823 Y123.453 E990.91723
G0 F9000 X159.348 Y123.494
G1 F1500 X173.364 Y109.477 E991.57653
G0 F9000 X174.057 Y109.351
G1 F1500 X159.874 Y123.534 E992.24365
G0 F9000 X160.398 Y123.575
G1 F1500 X174.748 Y109.225 E992.91863
G0 F9000 X175.38 Y109.159
G1 F1500 X160.914 Y123.625 E993.59907
G0 F9000 X161.414 Y123.69
G1 F1500 X175.945 Y109.159 E994.28256
G0 F9000 X176.511 Y109.159
G1 F1500 X161.916 Y123.755 E994.96909
G0 F9000 X162.416 Y123.82
G1 F1500 X177.077 Y109.159 E995.6587
G0 F9000 X177.642 Y109.159
G1 F1500 X162.917 Y123.885 E996.35134
G0 F9000 X163.418 Y123.95
G1 F1500 X178.208 Y109.159 E997.04704
G0 F9000 X178.774 Y109.159
G1 F1500 X163.918 Y124.015 E997.74582
G0 F9000 X164.42 Y124.079
G1 F1500 X179.339 Y109.159 E998.44759
G0 F9000 X179.905 Y109.159
G1 F1500 X164.92 Y124.144 E999.15244
G0 F9000 X165.421 Y124.209
G1 F1500 X180.471 Y109.159 E999.86034
G0 F9000 X181.037 Y109.159
G1 F1500 X165.921 Y124.274 E1000.57133
G0 F9000 X166.423 Y124.339
G1 F1500 X181.602 Y109.159 E1001.28533
G0 F9000 X182.168 Y109.159
G1 F1500 X166.923 Y124.404 E1002.0024
G0 F9000 X167.424 Y124.469
G1 F1500 X182.734 Y109.159 E1002.72254
G0 F9000 X183.299 Y109.159
G1 F1500 X167.925 Y124.534 E1003.44571
G0 F9000 X168.407 Y124.617
G1 F1500 X183.865 Y109.159 E1004.17281
G0 F9000 X184.431 Y109.159
G1 F1500 X168.885 Y124.705 E1004.90404
G0 F9000 X169.364 Y124.792
G1 F1500 X184.996 Y109.159 E1005.63935
G0 F9000 X185.562 Y109.159
G1 F1500 X169.842 Y124.879 E1006.37877
G0 F9000 X170.32 Y124.966
G1 F1500 X186.128 Y109.159 E1007.1223
G0 F9000 X186.693 Y109.159
G1 F1500 X170.799 Y125.053 E1007.86991
G0 F9000 X171.278 Y125.14
G1 F1500 X187.259 Y109.159 E1008.62161
G0 F9000 X187.825 Y109.159
G1 F1500 X171.756 Y125.228 E1009.37744
G0 F9000 X172.234 Y125.315
G1 F1500 X188.39 Y109.159 E1010.13737
G0 F9000 X188.956 Y109.159
G1 F1500 X172.712 Y125.403 E1010.90144
G0 F9000 X173.191 Y125.49
G1 F1500 X189.522 Y109.159 E1011.6696
G0 F9000 X190.087 Y109.159
G1 F1500 X173.67 Y125.577 E1012.44183
G0 F9000 X174.148 Y125.664
G1 F1500 X190.653 Y109.159 E1013.21817
G0 F9000 X191.219 Y109.159
G1 F1500 X174.627 Y125.751 E1013.99861
G0 F9000 X175.105 Y125.839
G1 F1500 X191.785 Y109.159 E1014.78319
G0 F9000 X192.35 Y109.159
G1 F1500 X175.67 Y125.84 E1015.56778
G0 F9000 X176.235 Y125.84
G1 F1500 X192.916 Y109.159 E1016.35241
G0 F9000 X193.482 Y109.159
G1 F1500 X176.801 Y125.84 E1017.13703
G0 F9000 X177.367 Y125.84
G1 F1500 X194.047 Y109.159 E1017.92163
G0 F9000 X194.613 Y109.159
G1 F1500 X177.932 Y125.84 E1018.70625
G0 F9000 X178.498 Y125.84
G1 F1500 X195.179 Y109.159 E1019.49088
G0 F9000 X195.744 Y109.159
G1 F1500 X179.064 Y125.84 E1020.27548
G0 F9000 X179.629 Y125.84
G1 F1500 X196.31 Y109.159 E1021.0601
G0 F9000 X196.876 Y109.159
G1 F1500 X180.195 Y125.84 E1021.84472
G0 F9000 X180.761 Y125.84
G1 F1500 X197.441 Y109.159 E1022.62932
G0 F9000 X198.007 Y109.159
G1 F1500 X181.326 Y125.84 E1023.41395
G0 F9000 X181.892 Y125.84
G1 F1500 X198.573 Y109.159 E1024.19857
G0 F9000 X198.839 Y109.459
G1 F1500 X182.458 Y125.84 E1024.96908
G0 F9000 X183.023 Y125.84
G1 F1500 X198.839 Y110.025 E1025.71299
G0 F9000 X198.839 Y110.59
G1 F1500 X183.589 Y125.84 E1026.43031
G0 F9000 X184.155 Y125.84
G1 F1500 X198.839 Y111.156 E1027.121
G0 F9000 X198.839 Y111.722
G1 F1500 X184.721 Y125.84 E1027.78506
G0 F9000 X185.286 Y125.84
G1 F1500 X198.839 Y112.287 E1028.42256
G0 F9000 X198.839 Y112.853
G1 F1500 X185.852 Y125.84 E1029.03342
G0 F9000 X186.418 Y125.84
G1 F1500 X198.839 Y113.419 E1029.61767
G0 F9000 X198.839 Y113.984
G1 F1500 X186.983 Y125.84 E1030.17534
G0 F9000 X187.549 Y125.84
G1 F1500 X198.839 Y114.55 E1030.70639
G0 F9000 X198.839 Y115.116
G1 F1500 X188.115 Y125.84 E1031.21081
G0 F9000 X188.68 Y125.84
G1 F1500 X198.839 Y115.681 E1031.68866
G0 F9000 X198.839 Y116.247
G1 F1500 X189.246 Y125.84 E1032.13988
G0 F9000 X189.812 Y125.84
G1 F1500 X198.839 Y116.813 E1032.56449
G0 F9000 X198.839 Y117.379
G1 F1500 X190.377 Y125.84 E1032.96249
G0 F9000 X190.943 Y125.84
G1 F1500 X198.839 Y117.944 E1033.33389
G0 F9000 X198.839 Y118.51
G1 F1500 X191.509 Y125.84 E1033.67867
G0 F9000 X192.074 Y125.84
G1 F1500 X198.839 Y119.076 E1033.99686
G0 F9000 X198.839 Y119.641
G1 F1500 X192.64 Y125.84 E1034.28844
G0 F9000 X193.206 Y125.84
G1 F1500 X198.839 Y120.207 E1034.5534
G0 F9000 X198.839 Y120.773
G1 F1500 X193.772 Y125.84 E1034.79173
G0 F9000 X194.337 Y125.84
G1 F1500 X198.839 Y121.338 E1035.00349
G0 F9000 X198.839 Y121.904
G1 F1500 X194.903 Y125.84 E1035.18863
G0 F9000 X195.469 Y125.84
G1 F1500 X198.839 Y122.47 E1035.34714
G0 F9000 X198.839 Y123.035
G1 F1500 X196.034 Y125.84 E1035.47908
G0 F9000 X196.6 Y125.84
G1 F1500 X198.839 Y123.601 E1035.5844
G0 F9000 X198.839 Y124.167
G1 F1500 X197.166 Y125.84 E1035.66309
G0 F9000 X197.731 Y125.84
G1 F1500 X198.839 Y124.732 E1035.71521
G0 F9000 X198.839 Y125.298
G1 F1500 X198.297 Y125.84 E1035.7407
G1 F2700 E1030.7407
;MESH:NONMESH
G0 F300 X198.297 Y125.84 Z5
G0 F9000 X198.297 Y126.3
G0 X175.072 Y126.239 ;T-82.038 R8.000 A0.152 C51.28269300000031 FILLET CORNER
G0 X160.635 Y123.993 ;T-140.920 R8.000 A0.103 C-21.935300000000264 FILLET CORNER
G0 X146.022 Y123.239 ;T-278.854 R8.000 A0.055 C-51.31748199999936 FILLET CORNER
G0 X81.644 Y123.429 ;T-95.079 R8.000 A0.100 C-94.56591600000004 FILLET CORNER
G0 X67.046 Y124.941
G0 X59.93 Y126.239
G0 X35.772 Y126.228 ;T16.076 R8.000 A1.561 C425.85533200000003 FILLET CORNER
G0 X35.6 Y108.6 ;T9.707 R8.000 A1.581 C429.11840399999994 FILLET CORNER
;TIME_ELAPSED:7182.774953
;LAYER:24
;TYPE:WALL-INNER
;MESH:D638-22 Type I Tensile Specimen.STL
G1 F2700 E1035.7407
G1 F1500 X59.943 Y108.6 E1036.55035
G1 X67.104 Y109.906 E1036.79246
G1 X74.346 Y110.844 E1037.03534
G1 X81.655 Y111.411 E1037.27917
G1 X88.983 Y111.6 E1037.52298
G1 X146.015 Y111.6 E1039.41987
G1 X153.343 Y111.411 E1039.66368
G1 X160.654 Y110.844 E1039.90758
G1 X167.894 Y109.906 E1040.15039
G1 X175.055 Y108.6 E1040.3925
G1 X199.4 Y108.6 E1041.20222 ;T16.345 R8.000 A1.571 C433.34100000000024 FILLET CORNER
G1 X199.4 Y126.4 E1041.79425 ;T9.800 R8.000 A1.571 C433.3054000000006 FILLET CORNER
G1 X175.057 Y126.4 E1042.6039
G1 X167.896 Y125.094 E1042.846
G1 X160.654 Y124.156 E1043.08889
G1 X153.345 Y123.589 E1043.33271
G1 X146.017 Y123.4 E1043.57653
G1 X88.985 Y123.4 E1045.47342
G1 X81.657 Y123.589 E1045.71723
G1 X74.346 Y124.156 E1045.96112
G1 X67.106 Y125.094 E1046.20394
G1 X59.945 Y126.4 E1046.44604
G1 X35.6 Y126.4 E1047.25576 ;T16.345 R8.000 A1.571 C433.34100000000024 FILLET CORNER
G1 X35.6 Y108.6 E1047.84779
G1 F2700 E1042.84779
G0 F9000 X35.772 Y126.228 ;T9.547 R8.000 A1.561 C-425.85533200000003 FILLET CORNER
G0 X59.93 Y126.239 ;T-78.973 R8.000 A0.155 C-54.41763100000037 FILLET CORNER
G0 X74.363 Y123.993 ;T-117.723 R8.000 A0.121 C25.76019000000028 FILLET CORNER
G0 X88.994 Y123.501
G1 F2700 E1047.84779
G0 F9000 X88.995 Y123.8
;TYPE:WALL-OUTER
G1 F1500 X146.007 Y123.8 E1049.74402
G1 X153.314 Y123.988 E1049.98713
G1 X160.602 Y124.553 E1050.23026
G1 X167.854 Y125.493 E1050.47348
G1 X175.021 Y126.8 E1050.71579
G1 X199.8 Y126.8 E1051.53994 ;T16.779 R8.000 A1.571 C-460.8894000000003 FILLET CORNER
G1 X199.8 Y108.2 E1052.15858 ;T10.600 R8.000 A1.571 C-460.92659999999995 FILLET CORNER
G1 X175.019 Y108.2 E1052.9828
G1 X167.842 Y109.509 E1053.22544
G1 X160.592 Y110.448 E1053.46859
G1 X153.302 Y111.012 E1053.71178
G1 X146.005 Y111.2 E1053.95456
G1 X88.993 Y111.2 E1055.85079
G1 X81.686 Y111.012 E1056.0939
G1 X74.398 Y110.447 E1056.33703
G1 X67.146 Y109.507 E1056.58025
G1 X59.979 Y108.2 E1056.82256
G1 X35.2 Y108.2 E1057.64671 ;T16.779 R8.000 A1.571 C-460.8893999999998 FILLET CORNER
G1 X35.2 Y126.8 E1058.26535 ;T10.600 R8.000 A1.571 C-460.92659999999984 FILLET CORNER
G1 X59.981 Y126.8 E1059.08957
G1 X67.158 Y125.491 E1059.33221
G1 X74.408 Y124.552 E1059.57536
G1 X81.698 Y123.988 E1059.81855
G1 X88.995 Y123.8 E1060.06133
G0 F9000 X88.977 Y123.04
;TYPE:SKIN
G1 F1500 X146.027 Y123.04 E1061.95882
G1 X153.372 Y123.23 E1062.2032
G1 X160.7 Y123.799 E1062.44767
G1 X167.99 Y124.744 E1062.69216
G1 X175.092 Y126.04 E1062.93228
G1 X199.04 Y126.04 E1063.72879 ;T15.948 R8.000 A1.571 C-204.51591999999997 FILLET CORNER
G1 X199.04 Y117.5 E1064.01283
G1 X199.04 Y108.96 E1064.29687 ;T0.540 R8.000 A1.571 C-204.54154000000008 FILLET CORNER
G1 X175.089 Y108.96 E1065.09349
G1 X167.981 Y110.257 E1065.3338
G1 X160.651 Y111.206 E1065.57963
G1 X153.321 Y111.772 E1065.82416
G1 X146.024 Y111.96 E1066.06694
G1 X88.975 Y111.96 E1067.96439
G1 X81.629 Y111.77 E1068.2088
G1 X74.335 Y111.205 E1068.45213
G1 X67.01 Y110.256 E1068.6978
G1 X59.908 Y108.96 E1068.93791
G1 X35.96 Y108.96 E1069.73443 ;T15.948 R8.000 A1.571 C-409.03184000000033 FILLET CORNER
G1 X35.96 Y126.04 E1070.30251 ;T9.080 R8.000 A1.571 C-409.08308000000034 FILLET CORNER
G1 X59.911 Y126.04 E1071.09912
G1 X67.023 Y124.742 E1071.33958
G1 X74.347 Y123.794 E1071.5852
G1 X81.64 Y123.23 E1071.82849
G1 X88.977 Y123.04 E1072.07261
G1 F2700 E1067.07261
G0 F9000 X88.98 Y123.3
G0 X69.807 Y124.562 ;T-136.811 R8.000 A0.102 C-19.688347000000128 FILLET CORNER
G0 X59.93 Y126.239 ;T-86.388 R8.000 A0.166 C38.75501600000023 FILLET CORNER
G0 X36.461 Y126.3
G1 F2700 E1072.07261
G0 F9000 X36.461 Y125.839
G1 F1500 X36.16 Y125.538 E1072.08676
G0 F9000 X36.16 Y124.972
G1 F1500 X37.026 Y125.839 E1072.12752
G0 F9000 X37.592 Y125.839
G1 F1500 X36.16 Y124.406 E1072.1949
G0 F9000 X36.16 Y123.841
G1 F1500 X38.158 Y125.839 E1072.28888
G0 F9000 X38.723 Y125.839
G1 F1500 X36.16 Y123.275 E1072.40946
G0 F9000 X36.16 Y122.709
G1 F1500 X39.289 Y125.839 E1072.55666
G0 F9000 X39.855 Y125.839
G1 F1500 X36.16 Y122.144 E1072.73046
G0 F9000 X36.16 Y121.578
G1 F1500 X40.421 Y125.839 E1072.93089
G0 F9000 X40.986 Y125.839
G1 F1500 X36.16 Y121.012 E1073.15791
G0 F9000 X36.16 Y120.447
G1 F1500 X41.552 Y125.839 E1073.41154
G0 F9000 X42.118 Y125.839
G1 F1500 X36.16 Y119.881 E1073.69178
G0 F9000 X36.16 Y119.315
G1 F1500 X42.683 Y125.839 E1073.99863
G0 F9000 X43.249 Y125.839
G1 F1500 X36.16 Y118.75 E1074.33207
G0 F9000 X36.16 Y118.184
G1 F1500 X43.815 Y125.839 E1074.69214
G0 F9000 X44.38 Y125.839
G1 F1500 X36.16 Y117.618 E1075.07881
G0 F9000 X36.16 Y117.053
G1 F1500 X44.946 Y125.839 E1075.49207
G0 F9000 X45.512 Y125.839
G1 F1500 X36.16 Y116.487 E1075.93196
G0 F9000 X36.16 Y115.921
G1 F1500 X46.077 Y125.839 E1076.39845
G0 F9000 X46.643 Y125.839
G1 F1500 X36.16 Y115.355 E1076.89156
G0 F9000 X36.16 Y114.79
G1 F1500 X47.209 Y125.839 E1077.41127
G0 F9000 X47.774 Y125.839
G1 F1500 X36.16 Y114.224 E1077.95759
G0 F9000 X36.16 Y113.658
G1 F1500 X48.34 Y125.839 E1078.53052
G0 F9000 X48.906 Y125.839
G1 F1500 X36.16 Y113.093 E1079.13005
G0 F9000 X36.16 Y112.527
G1 F1500 X49.472 Y125.839 E1079.75621
G0 F9000 X50.037 Y125.839
G1 F1500 X36.16 Y111.961 E1080.40896
G0 F9000 X36.16 Y111.396
G1 F1500 X50.603 Y125.839 E1081.08832
G0 F9000 X51.169 Y125.839
G1 F1500 X36.16 Y110.83 E1081.79429
G0 F9000 X36.16 Y110.264
G1 F1500 X51.734 Y125.839 E1082.52687
G0 F9000 X52.3 Y125.839
G1 F1500 X36.16 Y109.699 E1083.28605
G0 F9000 X36.186 Y109.159
G1 F1500 X52.866 Y125.839 E1084.07062
G0 F9000 X53.431 Y125.839
G1 F1500 X36.751 Y109.159 E1084.8552
G0 F9000 X37.317 Y109.159
G1 F1500 X53.997 Y125.839 E1085.63978
G0 F9000 X54.563 Y125.839
G1 F1500 X37.883 Y109.159 E1086.42435
G0 F9000 X38.448 Y109.159
G1 F1500 X55.128 Y125.839 E1087.20893
G0 F9000 X55.694 Y125.839
G1 F1500 X39.014 Y109.159 E1087.9935
G0 F9000 X39.58 Y109.159
G1 F1500 X56.26 Y125.839 E1088.77808
G0 F9000 X56.825 Y125.839
G1 F1500 X40.145 Y109.159 E1089.56266
G0 F9000 X40.711 Y109.159
G1 F1500 X57.391 Y125.839 E1090.34723
G0 F9000 X57.957 Y125.839
G1 F1500 X41.277 Y109.159 E1091.13181
G0 F9000 X41.843 Y109.159
G1 F1500 X58.522 Y125.839 E1091.91636
G0 F9000 X59.088 Y125.839
G1 F1500 X42.408 Y109.159 E1092.70094
G0 F9000 X42.974 Y109.159
G1 F1500 X59.654 Y125.839 E1093.48551
G0 F9000 X60.169 Y125.788
G1 F1500 X43.54 Y109.159 E1094.26769
G0 F9000 X44.105 Y109.159
G1 F1500 X60.647 Y125.701 E1095.04577
G0 F9000 X61.125 Y125.613
G1 F1500 X44.671 Y109.159 E1095.81972
G0 F9000 X45.237 Y109.159
G1 F1500 X61.604 Y125.527 E1096.5896
G0 F9000 X62.082 Y125.439
G1 F1500 X45.802 Y109.159 E1097.35536
G0 F9000 X46.368 Y109.159
G1 F1500 X62.561 Y125.352 E1098.11703
G0 F9000 X63.039 Y125.264
G1 F1500 X46.934 Y109.159 E1098.87456
G0 F9000 X47.499 Y109.159
G1 F1500 X63.517 Y125.177 E1099.62799
G0 F9000 X63.995 Y125.09
G1 F1500 X48.065 Y109.159 E1100.37732
G0 F9000 X48.631 Y109.159
G1 F1500 X64.474 Y125.003 E1101.12255
G0 F9000 X64.952 Y124.915
G1 F1500 X49.196 Y109.159 E1101.86366
G0 F9000 X49.762 Y109.159
G1 F1500 X65.43 Y124.827 E1102.60063
G0 F9000 X65.909 Y124.74
G1 F1500 X50.328 Y109.159 E1103.33352
G0 F9000 X50.894 Y109.159
G1 F1500 X66.387 Y124.653 E1104.06228
G0 F9000 X66.866 Y124.566
G1 F1500 X51.459 Y109.159 E1104.78698
G0 F9000 X52.025 Y109.159
G1 F1500 X67.361 Y124.496 E1105.50836
G0 F9000 X67.862 Y124.43
G1 F1500 X52.591 Y109.159 E1106.22667
G0 F9000 X53.156 Y109.159
G1 F1500 X68.363 Y124.365 E1106.94193
G0 F9000 X68.863 Y124.3
G1 F1500 X53.722 Y109.159 E1107.65412
G0 F9000 X54.288 Y109.159
G1 F1500 X69.365 Y124.236 E1108.36329
G0 F9000 X69.865 Y124.171
G1 F1500 X54.853 Y109.159 E1109.06941
G0 F9000 X55.419 Y109.159
G1 F1500 X70.366 Y124.106 E1109.77247
G0 F9000 X70.866 Y124.041
G1 F1500 X55.985 Y109.159 E1110.47245
G0 F9000 X56.55 Y109.159
G1 F1500 X71.367 Y123.976 E1111.1694
G0 F9000 X71.868 Y123.911
G1 F1500 X57.116 Y109.159 E1111.86329
G0 F9000 X57.682 Y109.159
G1 F1500 X72.369 Y123.846 E1112.55412
G0 F9000 X72.87 Y123.781
G1 F1500 X58.247 Y109.159 E1113.24192
G0 F9000 X58.813 Y109.159
G1 F1500 X73.37 Y123.716 E1113.92663
G0 F9000 X73.871 Y123.651
G1 F1500 X59.379 Y109.159 E1114.60829
G0 F9000 X59.957 Y109.172
G1 F1500 X74.375 Y123.59 E1115.28647
G0 F9000 X74.9 Y123.549
G1 F1500 X60.649 Y109.298 E1115.9568
G0 F9000 X61.341 Y109.424
G1 F1500 X75.425 Y123.508 E1116.61926
G0 F9000 X75.951 Y123.468
G1 F1500 X62.033 Y109.55 E1117.27392
G0 F9000 X62.725 Y109.677
G1 F1500 X76.475 Y123.427 E1117.92068
G0 F9000 X77.001 Y123.387
G1 F1500 X63.417 Y109.803 E1118.55963
G0 F9000 X64.109 Y109.929
G1 F1500 X77.525 Y123.346 E1119.1907
G0 F9000 X78.051 Y123.305
G1 F1500 X64.801 Y110.056 E1119.81392
G0 F9000 X65.492 Y110.182
G1 F1500 X78.575 Y123.264 E1120.42928
G0 F9000 X79.101 Y123.224
G1 F1500 X66.185 Y110.308 E1121.03681
G0 F9000 X66.876 Y110.434
G1 F1500 X79.625 Y123.183 E1121.63648
G0 F9000 X80.151 Y123.143
G1 F1500 X67.533 Y110.525 E1122.22999
G0 F9000 X68.183 Y110.609
G1 F1500 X80.675 Y123.102 E1122.8176
G0 F9000 X81.201 Y123.062
G1 F1500 X68.833 Y110.694 E1123.39936
G0 F9000 X69.482 Y110.777
G1 F1500 X81.731 Y123.026 E1123.97551
G0 F9000 X82.283 Y123.012
G1 F1500 X70.132 Y110.861 E1124.54706
G0 F9000 X70.782 Y110.945
G1 F1500 X82.834 Y122.998 E1125.11397
G0 F9000 X83.385 Y122.983
G1 F1500 X71.431 Y111.029 E1125.67625
G0 F9000 X72.081 Y111.114
G1 F1500 X83.937 Y122.969 E1126.2339
G0 F9000 X84.488 Y122.955
G1 F1500 X72.73 Y111.197 E1126.78696
G0 F9000 X73.38 Y111.281
G1 F1500 X85.04 Y122.941 E1127.33541
G0 F9000 X85.591 Y122.926
G1 F1500 X74.03 Y111.365 E1127.8792
G0 F9000 X74.66 Y111.43
G1 F1500 X86.142 Y122.912 E1128.41928
G0 F9000 X86.694 Y122.897
G1 F1500 X75.273 Y111.477 E1128.95646
G0 F9000 X75.886 Y111.524
G1 F1500 X87.245 Y122.883 E1129.49076
G0 F9000 X87.797 Y122.869
G1 F1500 X76.499 Y111.572 E1130.02216
G0 F9000 X77.112 Y111.619
G1 F1500 X88.348 Y122.854 E1130.55064
G0 F9000 X88.899 Y122.84
G1 F1500 X77.725 Y111.667 E1131.07621
G0 F9000 X78.338 Y111.714
G1 F1500 X89.463 Y122.839 E1131.59949
G0 F9000 X90.029 Y122.839
G1 F1500 X78.952 Y111.761 E1132.12054
G0 F9000 X79.565 Y111.809
G1 F1500 X90.595 Y122.839 E1132.63936
G0 F9000 X91.16 Y122.839
G1 F1500 X80.178 Y111.856 E1133.15594
G0 F9000 X80.791 Y111.903
G1 F1500 X91.726 Y122.839 E1133.67032
G0 F9000 X92.292 Y122.839
G1 F1500 X81.404 Y111.951 E1134.18246
G0 F9000 X81.997 Y111.978
G1 F1500 X92.857 Y122.839 E1134.6933
G0 F9000 X93.423 Y122.839
G1 F1500 X82.578 Y111.993 E1135.20344
G0 F9000 X83.158 Y112.008
G1 F1500 X93.989 Y122.839 E1135.7129
G0 F9000 X94.555 Y122.839
G1 F1500 X83.739 Y112.024 E1136.22162
G0 F9000 X84.32 Y112.038
G1 F1500 X95.12 Y122.839 E1136.72965
G0 F9000 X95.686 Y122.839
G1 F1500 X84.9 Y112.053 E1137.23699
G0 F9000 X85.482 Y112.069
G1 F1500 X96.252 Y122.839 E1137.74357
G0 F9000 X96.817 Y122.839
G1 F1500 X86.062 Y112.084 E1138.24946
G0 F9000 X86.643 Y112.099
G1 F1500 X97.383 Y122.839 E1138.75463
G0 F9000 X97.949 Y122.839
G1 F1500 X87.223 Y112.113 E1139.25915
G0 F9000 X87.804 Y112.129
G1 F1500 X98.514 Y122.839 E1139.76292
G0 F9000 X99.08 Y122.839
G1 F1500 X88.385 Y112.144 E1140.26598
G0 F9000 X88.966 Y112.159
G1 F1500 X99.646 Y122.839 E1140.76833
G0 F9000 X100.211 Y122.839
G1 F1500 X89.532 Y112.159 E1141.27066
G0 F9000 X90.098 Y112.159
G1 F1500 X100.777 Y122.839 E1141.77299
G0 F9000 X101.343 Y122.839
G1 F1500 X90.663 Y112.159 E1142.27535
G0 F9000 X91.229 Y112.159
G1 F1500 X101.908 Y122.839 E1142.77768
G0 F9000 X102.474 Y122.839
G1 F1500 X91.795 Y112.159 E1143.28001
G0 F9000 X92.36 Y112.159
G1 F1500 X103.04 Y122.839 E1143.78236
G0 F9000 X103.605 Y122.839
G1 F1500 X92.926 Y112.159 E1144.2847
G0 F9000 X93.492 Y112.159
G1 F1500 X104.171 Y122.839 E1144.78703
G0 F9000 X104.737 Y122.839
G1 F1500 X94.057 Y112.159 E1145.28938
G0 F9000 X94.623 Y112.159
G1 F1500 X105.303 Y122.839 E1145.79174
G0 F9000 X105.868 Y122.839
G1 F1500 X95.189 Y112.159 E1146.29407
G0 F9000 X95.754 Y112.159
G1 F1500 X106.434 Y122.839 E1146.79642
G0 F9000 X107 Y122.839
G1 F1500 X96.32 Y112.159 E1147.29878
G0 F9000 X96.886 Y112.159
G1 F1500 X107.565 Y122.839 E1147.80111
G0 F9000 X108.131 Y122.839
G1 F1500 X97.452 Y112.159 E1148.30344
G0 F9000 X98.017 Y112.159
G1 F1500 X108.697 Y122.839 E1148.80579
G0 F9000 X109.262 Y122.839
G1 F1500 X98.583 Y112.159 E1149.30812
G0 F9000 X99.149 Y112.159
G1 F1500 X109.828 Y122.839 E1149.81045
G0 F9000 X110.394 Y122.839
G1 F1500 X99.714 Y112.159 E1150.31281
G0 F9000 X100.28 Y112.159
G1 F1500 X110.959 Y122.839 E1150.81514
G0 F9000 X111.525 Y122.839
G1 F1500 X100.846 Y112.159 E1151.31747
G0 F9000 X101.411 Y112.159
G1 F1500 X112.091 Y122.839 E1151.81982
G0 F9000 X112.656 Y122.839
G1 F1500 X101.977 Y112.159 E1152.32215
G0 F9000 X102.543 Y112.159
G1 F1500 X113.222 Y122.839 E1152.82449
G0 F9000 X113.788 Y122.839
G1 F1500 X103.108 Y112.159 E1153.32684
G0 F9000 X103.674 Y112.159
G1 F1500 X114.354 Y122.839 E1153.82919
G0 F9000 X114.919 Y122.839
G1 F1500 X104.24 Y112.159 E1154.33153
G0 F9000 X104.805 Y112.159
G1 F1500 X115.485 Y122.839 E1154.83388
G0 F9000 X116.051 Y122.839
G1 F1500 X105.371 Y112.159 E1155.33623
G0 F9000 X105.937 Y112.159
G1 F1500 X116.616 Y122.839 E1155.83857
G0 F9000 X117.182 Y122.839
G1 F1500 X106.503 Y112.159 E1156.3409
G0 F9000 X107.068 Y112.159
G1 F1500 X117.748 Y122.839 E1156.84325
G0 F9000 X118.313 Y122.839
G1 F1500 X107.634 Y112.159 E1157.34558
G0 F9000 X108.2 Y112.159
G1 F1500 X118.879 Y122.839 E1157.84791
G0 F9000 X119.445 Y122.839
G1 F1500 X108.765 Y112.159 E1158.35027
G0 F9000 X109.331 Y112.159
G1 F1500 X120.01 Y122.839 E1158.8526
G0 F9000 X120.576 Y122.839
G1 F1500 X109.897 Y112.159 E1159.35493
G0 F9000 X110.462 Y112.159
G1 F1500 X121.142 Y122.839 E1159.85728
G0 F9000 X121.707 Y122.839
G1 F1500 X111.028 Y112.159 E1160.35961
G0 F9000 X111.594 Y112.159
G1 F1500 X122.273 Y122.839 E1160.86195
G0 F9000 X122.839 Y122.839
G1 F1500 X112.159 Y112.159 E1161.3643
G0 F9000 X112.725 Y112.159
G1 F1500 X123.404 Y122.839 E1161.86663
G0 F9000 X123.97 Y122.839
G1 F1500 X113.291 Y112.159 E1162.36896
G0 F9000 X113.856 Y112.159
G1 F1500 X124.536 Y122.839 E1162.87132
G0 F9000 X125.102 Y122.839
G1 F1500 X114.422 Y112.159 E1163.37367
G0 F9000 X114.988 Y112.159
G1 F1500 X125.667 Y122.839 E1163.876
G0 F9000 X126.233 Y122.839
G1 F1500 X115.553 Y112.159 E1164.37836
G0 F9000 X116.119 Y112.159
G1 F1500 X126.799 Y122.839 E1164.88071
G0 F9000 X127.364 Y122.839
G1 F1500 X116.685 Y112.159 E1165.38304
G0 F9000 X117.251 Y112.159
G1 F1500 X127.93 Y122.839 E1165.88537
G0 F9000 X128.496 Y122.839
G1 F1500 X117.817 Y112.16 E1166.38768
G0 F9000 X118.383 Y112.16
G1 F1500 X129.061 Y122.839 E1166.88996
G0 F9000 X129.627 Y122.839
G1 F1500 X118.948 Y112.16 E1167.39227
G0 F9000 X119.514 Y112.16
G1 F1500 X130.193 Y122.839 E1167.89458
G0 F9000 X130.758 Y122.839
G1 F1500 X120.08 Y112.16 E1168.39686
G0 F9000 X120.645 Y112.16
G1 F1500 X131.324 Y122.839 E1168.89917
G0 F9000 X131.89 Y122.839
G1 F1500 X121.211 Y112.16 E1169.40148
G0 F9000 X121.777 Y112.16
G1 F1500 X132.455 Y122.839 E1169.90376
G0 F9000 X133.021 Y122.839
G1 F1500 X122.342 Y112.16 E1170.40607
G0 F9000 X122.908 Y112.16
G1 F1500 X133.587 Y122.839 E1170.90838
G0 F9000 X134.153 Y122.839
G1 F1500 X123.474 Y112.16 E1171.41068
G0 F9000 X124.039 Y112.16
G1 F1500 X134.718 Y122.839 E1171.91299
G0 F9000 X135.284 Y122.839
G1 F1500 X124.605 Y112.16 E1172.4153
G0 F9000 X125.171 Y112.16
G1 F1500 X135.85 Y122.839 E1172.91761
G0 F9000 X136.415 Y122.839
G1 F1500 X125.737 Y112.16 E1173.41989
G0 F9000 X126.302 Y112.16
G1 F1500 X136.981 Y122.839 E1173.9222
G0 F9000 X137.547 Y122.839
G1 F1500 X126.868 Y112.16 E1174.4245
G0 F9000 X127.434 Y112.16
G1 F1500 X138.112 Y122.839 E1174.92679
G0 F9000 X138.678 Y122.839
G1 F1500 X127.999 Y112.16 E1175.4291
G0 F9000 X128.565 Y112.16
G1 F1500 X139.244 Y122.839 E1175.9314
G0 F9000 X139.809 Y122.839
G1 F1500 X129.131 Y112.16 E1176.43369
G0 F9000 X129.696 Y112.16
G1 F1500 X140.375 Y122.839 E1176.93599
G0 F9000 X140.941 Y122.839
G1 F1500 X130.262 Y112.16 E1177.4383
G0 F9000 X130.828 Y112.16
G1 F1500 X141.506 Y122.839 E1177.94059
G0 F9000 X142.072 Y122.839
G1 F1500 X131.393 Y112.16 E1178.44289
G0 F9000 X131.959 Y112.16
G1 F1500 X142.638 Y122.839 E1178.9452
G0 F9000 X143.203 Y122.839
G1 F1500 X132.525 Y112.16 E1179.44748
G0 F9000 X133.09 Y112.16
G1 F1500 X143.769 Y122.839 E1179.94979
G0 F9000 X144.335 Y122.839
G1 F1500 X133.656 Y112.16 E1180.4521
G0 F9000 X134.222 Y112.16
G1 F1500 X144.901 Y122.839 E1180.95441
G0 F9000 X145.466 Y122.839
G1 F1500 X134.787 Y112.16 E1181.45671
G0 F9000 X135.353 Y112.16
G1 F1500 X146.033 Y122.84 E1181.95907
G0 F9000 X146.613 Y122.854
G1 F1500 X135.919 Y112.16 E1182.46208
G0 F9000 X136.485 Y112.16
G1 F1500 X147.194 Y122.869 E1182.9658
G0 F9000 X147.774 Y122.884
G1 F1500 X137.05 Y112.16 E1183.47022
G0 F9000 X137.616 Y112.16
G1 F1500 X148.355 Y122.899 E1183.97535
G0 F9000 X148.935 Y122.914
G1 F1500 X138.182 Y112.16 E1184.48117
G0 F9000 X138.747 Y112.16
G1 F1500 X149.517 Y122.929 E1184.98773
G0 F9000 X150.097 Y122.944
G1 F1500 X139.313 Y112.16 E1185.49498
G0 F9000 X139.879 Y112.16
G1 F1500 X150.678 Y122.959 E1186.00293
G0 F9000 X151.258 Y122.974
G1 F1500 X140.444 Y112.16 E1186.51159
G0 F9000 X141.01 Y112.16
G1 F1500 X151.839 Y122.989 E1187.02095
G0 F9000 X152.419 Y123.004
G1 F1500 X141.576 Y112.16 E1187.53099
G0 F9000 X142.141 Y112.16
G1 F1500 X153 Y123.019 E1188.04177
G0 F9000 X153.592 Y123.045
G1 F1500 X142.707 Y112.16 E1188.55376
G0 F9000 X143.273 Y112.16
G1 F1500 X154.205 Y123.093 E1189.068
G0 F9000 X154.818 Y123.14
G1 F1500 X143.838 Y112.16 E1189.58446
G0 F9000 X144.404 Y112.16
G1 F1500 X155.432 Y123.188 E1190.10318
G0 F9000 X156.045 Y123.235
G1 F1500 X144.97 Y112.16 E1190.62412
G0 F9000 X145.536 Y112.16
G1 F1500 X156.659 Y123.284 E1191.14733
G0 F9000 X157.272 Y123.331
G1 F1500 X146.1 Y112.159 E1191.67283
G0 F9000 X146.651 Y112.145
G1 F1500 X157.886 Y123.379 E1192.20127
G0 F9000 X158.499 Y123.426
G1 F1500 X147.202 Y112.13 E1192.73262
G0 F9000 X147.754 Y112.116
G1 F1500 X159.113 Y123.474 E1193.26689
G0 F9000 X159.726 Y123.522
G1 F1500 X148.305 Y112.101 E1193.8041
G0 F9000 X148.857 Y112.087
G1 F1500 X160.339 Y123.57 E1194.3442
G0 F9000 X160.966 Y123.631
G1 F1500 X149.408 Y112.073 E1194.88785
G0 F9000 X149.96 Y112.059
G1 F1500 X161.617 Y123.716 E1195.43616
G0 F9000 X162.266 Y123.8
G1 F1500 X150.511 Y112.044 E1195.9891
G0 F9000 X151.062 Y112.03
G1 F1500 X162.916 Y123.884 E1196.54668
G0 F9000 X163.566 Y123.968
G1 F1500 X151.614 Y112.016 E1197.10887
G0 F9000 X152.165 Y112.002
G1 F1500 X164.216 Y124.052 E1197.67568
G0 F9000 X164.866 Y124.136
G1 F1500 X152.717 Y111.988 E1198.24711
G0 F9000 X153.268 Y111.973
G1 F1500 X165.516 Y124.22 E1198.8232
G0 F9000 X166.165 Y124.305
G1 F1500 X153.797 Y111.936 E1199.40497
G0 F9000 X154.322 Y111.896
G1 F1500 X166.816 Y124.389 E1199.99263
G0 F9000 X167.466 Y124.474
G1 F1500 X154.847 Y111.855 E1200.58619
G0 F9000 X155.372 Y111.814
G1 F1500 X168.123 Y124.565 E1201.18596
G0 F9000 X168.814 Y124.691
G1 F1500 X155.897 Y111.773 E1201.79356
G0 F9000 X156.422 Y111.733
G1 F1500 X169.506 Y124.817 E1202.40899
G0 F9000 X170.198 Y124.943
G1 F1500 X156.947 Y111.692 E1203.03227
G0 F9000 X157.472 Y111.652
G1 F1500 X170.89 Y125.07 E1203.66342
G0 F9000 X171.582 Y125.196
G1 F1500 X157.997 Y111.611 E1204.30241
G0 F9000 X158.522 Y111.57
G1 F1500 X172.273 Y125.321 E1204.94922
G0 F9000 X172.966 Y125.448
G1 F1500 X159.047 Y111.529 E1205.60392
G0 F9000 X159.572 Y111.489
G1 F1500 X173.657 Y125.574 E1206.26644
G0 F9000 X174.349 Y125.7
G1 F1500 X160.097 Y111.448 E1206.93681
G0 F9000 X160.622 Y111.408
G1 F1500 X175.041 Y125.826 E1207.61501
G0 F9000 X175.619 Y125.839
G1 F1500 X161.126 Y111.345 E1208.29674
G0 F9000 X161.626 Y111.28
G1 F1500 X176.185 Y125.839 E1208.98155
G0 F9000 X176.751 Y125.839
G1 F1500 X162.128 Y111.216 E1209.66937
G0 F9000 X162.628 Y111.151
G1 F1500 X177.316 Y125.839 E1210.36025
G0 F9000 X177.882 Y125.839
G1 F1500 X163.129 Y111.086 E1211.05419
G0 F9000 X163.63 Y111.021
G1 F1500 X178.448 Y125.839 E1211.75118
G0 F9000 X179.013 Y125.839
G1 F1500 X164.131 Y110.957 E1212.45118
G0 F9000 X164.632 Y110.892
G1 F1500 X179.579 Y125.839 E1213.15425
G0 F9000 X180.145 Y125.839
G1 F1500 X165.132 Y110.826 E1213.86041
G0 F9000 X165.634 Y110.762
G1 F1500 X180.711 Y125.839 E1214.56959
G0 F9000 X181.276 Y125.839
G1 F1500 X166.134 Y110.697 E1215.28182
G0 F9000 X166.635 Y110.632
G1 F1500 X181.842 Y125.839 E1215.99711
G0 F9000 X182.408 Y125.839
G1 F1500 X167.136 Y110.568 E1216.71544
G0 F9000 X167.637 Y110.503
G1 F1500 X182.973 Y125.839 E1217.43679
G0 F9000 X183.539 Y125.839
G1 F1500 X168.133 Y110.433 E1218.16144
G0 F9000 X168.611 Y110.346
G1 F1500 X184.105 Y125.839 E1218.89021
G0 F9000 X184.67 Y125.839
G1 F1500 X169.089 Y110.258 E1219.62309
G0 F9000 X169.568 Y110.171
G1 F1500 X185.236 Y125.839 E1220.36007
G0 F9000 X185.802 Y125.839
G1 F1500 X170.046 Y110.083 E1221.10118
G0 F9000 X170.525 Y109.996
G1 F1500 X186.367 Y125.839 E1221.84637
G0 F9000 X186.933 Y125.839
G1 F1500 X171.003 Y109.909 E1222.59566
G0 F9000 X171.481 Y109.822
G1 F1500 X187.499 Y125.839 E1223.34908
G0 F9000 X188.064 Y125.839
G1 F1500 X171.959 Y109.734 E1224.10661
G0 F9000 X172.438 Y109.647
G1 F1500 X188.63 Y125.839 E1224.86823
G0 F9000 X189.196 Y125.839
G1 F1500 X172.917 Y109.56 E1225.63394
G0 F9000 X173.395 Y109.472
G1 F1500 X189.762 Y125.839 E1226.4038
G0 F9000 X190.327 Y125.839
G1 F1500 X173.874 Y109.385 E1227.17772
G0 F9000 X174.352 Y109.298
G1 F1500 X190.893 Y125.839 E1227.95576
G0 F9000 X191.459 Y125.839
G1 F1500 X174.83 Y109.211 E1228.73791
G0 F9000 X175.345 Y109.16
G1 F1500 X192.024 Y125.839 E1229.52244
G0 F9000 X192.59 Y125.839
G1 F1500 X175.911 Y109.16 E1230.30697
G0 F9000 X176.476 Y109.16
G1 F1500 X193.156 Y125.839 E1231.09152
G0 F9000 X193.721 Y125.839
G1 F1500 X177.042 Y109.16 E1231.87605
G0 F9000 X177.608 Y109.16
G1 F1500 X194.287 Y125.839 E1232.66058
G0 F9000 X194.853 Y125.839
G1 F1500 X178.173 Y109.16 E1233.44513
G0 F9000 X178.739 Y109.16
G1 F1500 X195.418 Y125.839 E1234.22966
G0 F9000 X195.984 Y125.839
G1 F1500 X179.305 Y109.16 E1235.01419
G0 F9000 X179.87 Y109.16
G1 F1500 X196.55 Y125.839 E1235.79874
G0 F9000 X197.115 Y125.839
G1 F1500 X180.436 Y109.16 E1236.58327
G0 F9000 X181.002 Y109.16
G1 F1500 X197.681 Y125.839 E1237.3678
G0 F9000 X198.247 Y125.839
G1 F1500 X181.568 Y109.16 E1238.15233
G0 F9000 X182.133 Y109.16
G1 F1500 X198.812 Y125.839 E1238.93686
G0 F9000 X198.839 Y125.3
G1 F1500 X182.699 Y109.16 E1239.69604
G0 F9000 X183.265 Y109.16
G1 F1500 X198.839 Y124.734 E1240.42859
G0 F9000 X198.839 Y124.168
G1 F1500 X183.83 Y109.16 E1241.13454
G0 F9000 X184.396 Y109.16
G1 F1500 X198.839 Y123.602 E1241.81387
G0 F9000 X198.839 Y123.037
G1 F1500 X184.962 Y109.16 E1242.4666
G0 F9000 X185.527 Y109.16
G1 F1500 X198.839 Y122.471 E1243.09274
G0 F9000 X198.839 Y121.905
G1 F1500 X186.093 Y109.16 E1243.69225
G0 F9000 X186.659 Y109.16
G1 F1500 X198.839 Y121.34 E1244.26516
G0 F9000 X198.839 Y120.774
G1 F1500 X187.224 Y109.16 E1244.81147
G0 F9000 X187.79 Y109.16
G1 F1500 X198.839 Y120.208 E1245.33115
G0 F9000 X198.839 Y119.643
G1 F1500 X188.356 Y109.16 E1245.82424
G0 F9000 X188.921 Y109.16
G1 F1500 X198.839 Y119.077 E1246.29073
G0 F9000 X198.839 Y118.511
G1 F1500 X189.487 Y109.16 E1246.7306
G0 F9000 X190.053 Y109.16
G1 F1500 X198.839 Y117.946 E1247.14386
G0 F9000 X198.839 Y117.38
G1 F1500 X190.619 Y109.16 E1247.53051
G0 F9000 X191.184 Y109.16
G1 F1500 X198.839 Y116.814 E1247.89055
G0 F9000 X198.839 Y116.249
G1 F1500 X191.75 Y109.16 E1248.224
G0 F9000 X192.316 Y109.16
G1 F1500 X198.839 Y115.683 E1248.53082
G0 F9000 X198.839 Y115.117
G1 F1500 X192.881 Y109.16 E1248.81104
G0 F9000 X193.447 Y109.16
G1 F1500 X198.839 Y114.552 E1249.06466
G0 F9000 X198.839 Y113.986
G1 F1500 X194.013 Y109.16 E1249.29166
G0 F9000 X194.578 Y109.16
G1 F1500 X198.839 Y113.42 E1249.49206
G0 F9000 X198.839 Y112.854
G1 F1500 X195.144 Y109.16 E1249.66584
G0 F9000 X195.71 Y109.16
G1 F1500 X198.839 Y112.289 E1249.81302
G0 F9000 X198.839 Y111.723
G1 F1500 X196.275 Y109.16 E1249.9336
G0 F9000 X196.841 Y109.16
G1 F1500 X198.839 Y111.157 E1250.02756
G0 F9000 X198.839 Y110.592
G1 F1500 X197.407 Y109.16 E1250.09491
G0 F9000 X197.972 Y109.16
G1 F1500 X198.839 Y110.026 E1250.13567
G0 F9000 X198.839 Y109.46
G1 F1500 X198.538 Y109.16 E1250.14981
G1 F2700 E1245.14981
;MESH:NONMESH
G0 F300 X198.538 Y109.16 Z5.2
G0 F9000 X198.538 Y108.7
G0 X199.228 Y108.772
G0 X199.228 Y126.228 ;T9.452 R8.000 A1.570 C421.66713599999986 FILLET CORNER
G0 X175.072 Y126.239 ;T-79.003 R8.000 A0.155 C54.41318300000038 FILLET CORNER
G0 X160.635 Y123.993 ;T-140.840 R8.000 A0.103 C-12.441265000000161 FILLET CORNER
G0 X152.351 Y123.566 ;T-318.973 R8.000 A0.049 C-25.682137999999554 FILLET CORNER
G0 X88.985 Y123.4
;TIME_ELAPSED:7471.171001
;LAYER:25
;TYPE:WALL-INNER
;MESH:D638-22 Type I Tensile Specimen.STL
G1 F2700 E1250.14981
G1 F1500 X146.017 Y123.4 E1252.0467
G1 X153.345 Y123.589 E1252.29051
G1 X160.654 Y124.156 E1252.53434
G1 X167.896 Y125.094 E1252.77722
G1 X175.057 Y126.4 E1253.01932
G1 X199.4 Y126.4 E1253.82898 ;T16.343 R8.000 A1.571 C-216.6527000000003 FILLET CORNER
G1 X199.4 Y117.5 E1254.12499
G1 X199.4 Y108.6 E1254.42101 ;T0.900 R8.000 A1.571 C-216.67050000000012 FILLET CORNER
G1 X175.055 Y108.6 E1255.23072
G1 X167.894 Y109.906 E1255.47283
G1 X160.654 Y110.844 E1255.71564
G1 X153.343 Y111.411 E1255.95954
G1 X146.015 Y111.6 E1256.20335
G1 X88.983 Y111.6 E1258.10024
G1 X81.655 Y111.411 E1258.34405
G1 X74.346 Y110.844 E1258.58788
G1 X67.104 Y109.906 E1258.83076
G1 X59.943 Y108.6 E1259.07287
G1 X35.6 Y108.6 E1259.88252 ;T16.343 R8.000 A1.571 C-433.3054000000002 FILLET CORNER
G1 X35.6 Y126.4 E1260.47455 ;T9.800 R8.000 A1.571 C-433.34100000000024 FILLET CORNER
G1 X59.945 Y126.4 E1261.28427
G1 X67.106 Y125.094 E1261.52637
G1 X74.346 Y124.156 E1261.76919
G1 X81.657 Y123.589 E1262.01308
G1 X88.985 Y123.4 E1262.2569
G1 F2700 E1257.2569
G0 F9000 X74.325 Y123.997 ;T-125.765 R8.000 A0.114 C-24.273905000000138 FILLET CORNER
G0 X59.93 Y126.239 ;T-88.476 R8.000 A0.155 C54.320581000000246 FILLET CORNER
G0 X35.772 Y126.228 ;T16.154 R8.000 A1.570 C421.70204799999976 FILLET CORNER
G0 X35.772 Y108.772 ;T9.452 R8.000 A1.570 C421.6671359999997 FILLET CORNER
G0 X59.928 Y108.761 ;T-79.048 R8.000 A0.155 C44.044209000000066 FILLET CORNER
G0 X71.619 Y110.579 ;T-166.367 R8.000 A0.090 C-18.44317799999996 FILLET CORNER
G0 X88.979 Y111.701
G1 F2700 E1262.2569
G0 F9000 X88.993 Y111.2
;TYPE:WALL-OUTER
G1 F1500 X146.005 Y111.2 E1264.15312
G1 X153.302 Y111.012 E1264.3959
G1 X160.592 Y110.448 E1264.63909
G1 X167.842 Y109.509 E1264.88224
G1 X175.019 Y108.2 E1265.12489
G1 X199.8 Y108.2 E1265.94911 ;T16.781 R8.000 A1.571 C230.46329999999998 FILLET CORNER
G1 X199.8 Y117.5 E1266.25843
G1 X199.8 Y126.8 E1266.56775 ;T1.300 R8.000 A1.571 C230.44470000000015 FILLET CORNER
G1 X175.021 Y126.8 E1267.3919
G1 X167.854 Y125.493 E1267.63421
G1 X160.602 Y124.553 E1267.87743
G1 X153.314 Y123.988 E1268.12055
G1 X146.007 Y123.8 E1268.36367
G1 X88.995 Y123.8 E1270.25989
G1 X81.698 Y123.988 E1270.50267
G1 X74.408 Y124.552 E1270.74586
G1 X67.158 Y125.491 E1270.98901
G1 X59.981 Y126.8 E1271.23166
G1 X35.2 Y126.8 E1272.05588 ;T16.781 R8.000 A1.571 C460.92659999999984 FILLET CORNER
G1 X35.2 Y108.2 E1272.67452 ;T10.600 R8.000 A1.571 C460.8893999999998 FILLET CORNER
G1 X59.979 Y108.2 E1273.49867
G1 X67.146 Y109.507 E1273.74098
G1 X74.398 Y110.447 E1273.9842
G1 X81.686 Y111.012 E1274.22732
G1 X88.993 Y111.2 E1274.47044
G0 F9000 X88.975 Y111.96
;TYPE:SKIN
G1 F1500 X146.024 Y111.96 E1276.36789
G1 X153.321 Y111.772 E1276.61067
G1 X160.651 Y111.206 E1276.8552
G1 X167.981 Y110.257 E1277.10103
G1 X175.089 Y108.96 E1277.34134
G1 X199.04 Y108.96 E1278.13796 ;T15.951 R8.000 A1.571 C204.54154000000008 FILLET CORNER
G1 X199.04 Y117.5 E1278.422
G1 X199.04 Y126.04 E1278.70604 ;T0.540 R8.000 A1.571 C204.51591999999997 FILLET CORNER
G1 X175.092 Y126.04 E1279.50256
G1 X167.99 Y124.744 E1279.74267
G1 X160.7 Y123.799 E1279.98716
G1 X153.372 Y123.23 E1280.23163
G1 X146.027 Y123.04 E1280.47601
G1 X88.977 Y123.04 E1282.3735
G1 X81.64 Y123.23 E1282.61761
G1 X74.347 Y123.794 E1282.8609
G1 X67.023 Y124.742 E1283.10653
G1 X59.911 Y126.04 E1283.34698
G1 X35.96 Y126.04 E1284.14359 ;T15.951 R8.000 A1.571 C409.08308000000034 FILLET CORNER
G1 X35.96 Y108.96 E1284.71168 ;T9.080 R8.000 A1.571 C409.03184000000033 FILLET CORNER
G1 X59.908 Y108.96 E1285.50819
G1 X67.01 Y110.256 E1285.74831
G1 X74.335 Y111.205 E1285.99397
G1 X81.629 Y111.77 E1286.2373
G1 X88.975 Y111.96 E1286.48171
G1 F2700 E1281.48171
G0 F9000 X88.979 Y111.701
G0 X69.848 Y110.443 ;T-137.099 R8.000 A0.102 C19.698982000000086 FILLET CORNER
G0 X59.928 Y108.761 ;T-86.461 R8.000 A0.165 C-39.26837200000011 FILLET CORNER
G0 X36.222 Y108.7
G1 F2700 E1286.48171
G0 F9000 X36.222 Y109.158
G1 F1500 X36.16 Y109.221 E1286.48465
G0 F9000 X36.16 Y109.786
G1 F1500 X36.787 Y109.158 E1286.51416
G0 F9000 X37.353 Y109.158
G1 F1500 X36.16 Y110.352 E1286.5703
G0 F9000 X36.16 Y110.918
G1 F1500 X37.919 Y109.158 E1286.65306
G0 F9000 X38.484 Y109.158
G1 F1500 X36.16 Y111.483 E1286.7624
G0 F9000 X36.16 Y112.049
G1 F1500 X39.05 Y109.158 E1286.89836
G0 F9000 X39.616 Y109.158
G1 F1500 X36.16 Y112.615 E1287.06095
G0 F9000 X36.16 Y113.18
G1 F1500 X40.182 Y109.158 E1287.25013
G0 F9000 X40.747 Y109.158
G1 F1500 X36.16 Y113.746 E1287.46591
G0 F9000 X36.16 Y114.312
G1 F1500 X41.313 Y109.158 E1287.70832
G0 F9000 X41.879 Y109.158
G1 F1500 X36.16 Y114.877 E1287.97732
G0 F9000 X36.16 Y115.443
G1 F1500 X42.444 Y109.158 E1288.27292
G0 F9000 X43.01 Y109.158
G1 F1500 X36.16 Y116.009 E1288.59515
G0 F9000 X36.16 Y116.575
G1 F1500 X43.576 Y109.158 E1288.944
G0 F9000 X44.141 Y109.158
G1 F1500 X36.16 Y117.14 E1289.31942
G0 F9000 X36.16 Y117.706
G1 F1500 X44.707 Y109.158 E1289.72147
G0 F9000 X45.273 Y109.158
G1 F1500 X36.16 Y118.272 E1290.15014
G0 F9000 X36.16 Y118.837
G1 F1500 X45.838 Y109.158 E1290.60539
G0 F9000 X46.404 Y109.158
G1 F1500 X36.16 Y119.403 E1291.08726
G0 F9000 X36.16 Y119.969
G1 F1500 X46.97 Y109.158 E1291.59575
G0 F9000 X47.535 Y109.158
G1 F1500 X36.16 Y120.534 E1292.13082
G0 F9000 X36.16 Y121.1
G1 F1500 X48.101 Y109.158 E1292.69251
G0 F9000 X48.667 Y109.158
G1 F1500 X36.16 Y121.666 E1293.28083
G0 F9000 X36.16 Y122.231
G1 F1500 X49.233 Y109.158 E1293.89574
G0 F9000 X49.798 Y109.158
G1 F1500 X36.16 Y122.797 E1294.53725
G0 F9000 X36.16 Y123.363
G1 F1500 X50.364 Y109.158 E1295.20539
G0 F9000 X50.93 Y109.158
G1 F1500 X36.16 Y123.928 E1295.90013
G0 F9000 X36.16 Y124.494
G1 F1500 X51.495 Y109.158 E1296.62146
G0 F9000 X52.061 Y109.158
G1 F1500 X36.16 Y125.06 E1297.36942
G0 F9000 X36.16 Y125.626
G1 F1500 X52.627 Y109.158 E1298.144
G0 F9000 X53.192 Y109.158
G1 F1500 X36.512 Y125.839 E1298.9286
G0 F9000 X37.077 Y125.839
G1 F1500 X53.758 Y109.158 E1299.71322
G0 F9000 X54.324 Y109.158
G1 F1500 X37.643 Y125.839 E1300.49785
G0 F9000 X38.209 Y125.839
G1 F1500 X54.889 Y109.158 E1301.28245
G0 F9000 X55.455 Y109.158
G1 F1500 X38.774 Y125.839 E1302.06707
G0 F9000 X39.34 Y125.839
G1 F1500 X56.021 Y109.158 E1302.85169
G0 F9000 X56.586 Y109.158
G1 F1500 X39.906 Y125.839 E1303.63629
G0 F9000 X40.471 Y125.839
G1 F1500 X57.152 Y109.158 E1304.42091
G0 F9000 X57.718 Y109.158
G1 F1500 X41.037 Y125.839 E1305.20554
G0 F9000 X41.603 Y125.839
G1 F1500 X58.283 Y109.158 E1305.99014
G0 F9000 X58.849 Y109.158
G1 F1500 X42.169 Y125.839 E1306.77474
G0 F9000 X42.734 Y125.839
G1 F1500 X59.415 Y109.158 E1307.55936
G0 F9000 X59.966 Y109.173
G1 F1500 X43.3 Y125.839 E1308.34328
G0 F9000 X43.866 Y125.839
G1 F1500 X60.444 Y109.26 E1309.12308
G0 F9000 X60.923 Y109.347
G1 F1500 X44.431 Y125.839 E1309.89881
G0 F9000 X44.997 Y125.839
G1 F1500 X61.401 Y109.435 E1310.67041
G0 F9000 X61.88 Y109.522
G1 F1500 X45.563 Y125.839 E1311.43791
G0 F9000 X46.128 Y125.839
G1 F1500 X62.359 Y109.609 E1312.20134
G0 F9000 X62.837 Y109.697
G1 F1500 X46.694 Y125.839 E1312.96063
G0 F9000 X47.26 Y125.839
G1 F1500 X63.315 Y109.783 E1313.71584
G0 F9000 X63.793 Y109.871
G1 F1500 X47.825 Y125.839 E1314.46692
G0 F9000 X48.391 Y125.839
G1 F1500 X64.272 Y109.958 E1315.21391
G0 F9000 X64.75 Y110.046
G1 F1500 X48.957 Y125.839 E1315.95677
G0 F9000 X49.522 Y125.839
G1 F1500 X65.229 Y110.133 E1316.69555
G0 F9000 X65.707 Y110.22
G1 F1500 X50.088 Y125.839 E1317.43022
G0 F9000 X50.654 Y125.839
G1 F1500 X66.185 Y110.307 E1318.16078
G0 F9000 X66.664 Y110.394
G1 F1500 X51.219 Y125.839 E1318.88726
G0 F9000 X51.785 Y125.839
G1 F1500 X67.149 Y110.475 E1319.60994
G0 F9000 X67.651 Y110.539
G1 F1500 X52.351 Y125.839 E1320.3296
G0 F9000 X52.917 Y125.839
G1 F1500 X68.151 Y110.604 E1321.04619
G0 F9000 X68.652 Y110.669
G1 F1500 X53.482 Y125.839 E1321.75974
G0 F9000 X54.048 Y125.839
G1 F1500 X69.153 Y110.734 E1322.47023
G0 F9000 X69.654 Y110.799
G1 F1500 X54.614 Y125.839 E1323.17767
G0 F9000 X55.179 Y125.839
G1 F1500 X70.155 Y110.863 E1323.88209
G0 F9000 X70.656 Y110.928
G1 F1500 X55.745 Y125.839 E1324.58346
G0 F9000 X56.311 Y125.839
G1 F1500 X71.156 Y110.993 E1325.28175
G0 F9000 X71.658 Y111.058
G1 F1500 X56.876 Y125.839 E1325.97702
G0 F9000 X57.442 Y125.839
G1 F1500 X72.158 Y111.123 E1326.66922
G0 F9000 X72.66 Y111.187
G1 F1500 X58.008 Y125.839 E1327.3584
G0 F9000 X58.573 Y125.839
G1 F1500 X73.16 Y111.252 E1328.04453
G0 F9000 X73.661 Y111.317
G1 F1500 X59.139 Y125.839 E1328.7276
G0 F9000 X59.705 Y125.839
G1 F1500 X74.162 Y111.382 E1329.40762
G0 F9000 X74.679 Y111.43
G1 F1500 X60.355 Y125.755 E1330.0814
G0 F9000 X61.046 Y125.629
G1 F1500 X75.204 Y111.471 E1330.74734
G0 F9000 X75.729 Y111.512
G1 F1500 X61.738 Y125.502 E1331.40542
G0 F9000 X62.431 Y125.376
G1 F1500 X76.255 Y111.552 E1332.05565
G0 F9000 X76.779 Y111.593
G1 F1500 X63.123 Y125.249 E1332.69799
G0 F9000 X63.814 Y125.123
G1 F1500 X77.305 Y111.633 E1333.33254
G0 F9000 X77.829 Y111.674
G1 F1500 X64.507 Y124.997 E1333.95919
G0 F9000 X65.199 Y124.87
G1 F1500 X78.355 Y111.715 E1334.57799
G0 F9000 X78.88 Y111.755
G1 F1500 X65.891 Y124.744 E1335.18895
G0 F9000 X66.583 Y124.618
G1 F1500 X79.405 Y111.796 E1335.79206
G0 F9000 X79.93 Y111.836
G1 F1500 X67.257 Y124.51 E1336.38818
G0 F9000 X67.906 Y124.426
G1 F1500 X80.455 Y111.877 E1336.97845
G0 F9000 X80.98 Y111.918
G1 F1500 X68.556 Y124.341 E1337.56281
G0 F9000 X69.206 Y124.257
G1 F1500 X81.506 Y111.958 E1338.14134
G0 F9000 X82.05 Y111.979
G1 F1500 X69.857 Y124.172 E1338.71486
G0 F9000 X70.507 Y124.088
G1 F1500 X82.602 Y111.993 E1339.28377
G0 F9000 X83.153 Y112.007
G1 F1500 X71.156 Y124.004 E1339.84807
G0 F9000 X71.806 Y123.92
G1 F1500 X83.705 Y112.021 E1340.40777
G0 F9000 X84.256 Y112.036
G1 F1500 X72.456 Y123.836 E1340.9628
G0 F9000 X73.106 Y123.752
G1 F1500 X84.807 Y112.05 E1341.51321
G0 F9000 X85.359 Y112.065
G1 F1500 X73.756 Y123.667 E1342.05895
G0 F9000 X74.401 Y123.588
G1 F1500 X85.91 Y112.079 E1342.6003
G0 F9000 X86.461 Y112.094
G1 F1500 X75.014 Y123.541 E1343.13873
G0 F9000 X75.627 Y123.494
G1 F1500 X87.013 Y112.108 E1343.67429
G0 F9000 X87.564 Y112.122
G1 F1500 X76.24 Y123.446 E1344.20694
G0 F9000 X76.853 Y123.399
G1 F1500 X88.116 Y112.136 E1344.73672
G0 F9000 X88.667 Y112.15
G1 F1500 X77.466 Y123.351 E1345.26358
G0 F9000 X78.08 Y123.303
G1 F1500 X89.224 Y112.159 E1345.78776
G0 F9000 X89.79 Y112.159
G1 F1500 X78.693 Y123.256 E1346.30973
G0 F9000 X79.306 Y123.209
G1 F1500 X90.356 Y112.159 E1346.82948
G0 F9000 X90.921 Y112.159
G1 F1500 X79.919 Y123.161 E1347.34698
G0 F9000 X80.532 Y123.114
G1 F1500 X91.487 Y112.159 E1347.86227
G0 F9000 X92.053 Y112.159
G1 F1500 X81.145 Y123.066 E1348.37533
G0 F9000 X81.751 Y123.026
G1 F1500 X92.618 Y112.159 E1348.88648
G0 F9000 X93.184 Y112.159
G1 F1500 X82.331 Y123.011 E1349.39695
G0 F9000 X82.912 Y122.996
G1 F1500 X93.75 Y112.159 E1349.90671
G0 F9000 X94.316 Y112.159
G1 F1500 X83.493 Y122.982 E1350.41579
G0 F9000 X84.074 Y122.966
G1 F1500 X94.881 Y112.159 E1350.92412
G0 F9000 X95.447 Y112.159
G1 F1500 X84.654 Y122.951 E1351.43177
G0 F9000 X85.235 Y122.936
G1 F1500 X96.013 Y112.159 E1351.93871
G0 F9000 X96.578 Y112.159
G1 F1500 X85.816 Y122.921 E1352.44492
G0 F9000 X86.397 Y122.906
G1 F1500 X97.144 Y112.159 E1352.95042
G0 F9000 X97.71 Y112.159
G1 F1500 X86.977 Y122.891 E1353.45525
G0 F9000 X87.558 Y122.876
G1 F1500 X98.275 Y112.159 E1353.95934
G0 F9000 X98.841 Y112.159
G1 F1500 X88.139 Y122.861 E1354.46273
G0 F9000 X88.719 Y122.846
G1 F1500 X99.407 Y112.159 E1354.96544
G0 F9000 X99.972 Y112.159
G1 F1500 X89.292 Y122.84 E1355.46782
G0 F9000 X89.857 Y122.84
G1 F1500 X100.538 Y112.159 E1355.97022
G0 F9000 X101.104 Y112.159
G1 F1500 X90.423 Y122.84 E1356.47262
G0 F9000 X90.989 Y122.84
G1 F1500 X101.669 Y112.159 E1356.975
G0 F9000 X102.235 Y112.159
G1 F1500 X91.554 Y122.84 E1357.4774
G0 F9000 X92.12 Y122.84
G1 F1500 X102.801 Y112.159 E1357.9798
G0 F9000 X103.366 Y112.159
G1 F1500 X92.686 Y122.84 E1358.48218
G0 F9000 X93.251 Y122.84
G1 F1500 X103.932 Y112.159 E1358.98458
G0 F9000 X104.498 Y112.159
G1 F1500 X93.817 Y122.84 E1359.48698
G0 F9000 X94.383 Y122.84
G1 F1500 X105.064 Y112.159 E1359.98938
G0 F9000 X105.629 Y112.159
G1 F1500 X94.948 Y122.84 E1360.49179
G0 F9000 X95.514 Y122.84
G1 F1500 X106.195 Y112.159 E1360.99419
G0 F9000 X106.761 Y112.159
G1 F1500 X96.08 Y122.84 E1361.49659
G0 F9000 X96.645 Y122.84
G1 F1500 X107.326 Y112.159 E1361.99899
G0 F9000 X107.892 Y112.159
G1 F1500 X97.211 Y122.84 E1362.50139
G0 F9000 X97.777 Y122.84
G1 F1500 X108.458 Y112.159 E1363.00379
G0 F9000 X109.023 Y112.159
G1 F1500 X98.342 Y122.84 E1363.50619
G0 F9000 X98.908 Y122.84
G1 F1500 X109.589 Y112.159 E1364.0086
G0 F9000 X110.155 Y112.159
G1 F1500 X99.474 Y122.84 E1364.511
G0 F9000 X100.04 Y122.84
G1 F1500 X110.72 Y112.159 E1365.01338
G0 F9000 X111.286 Y112.159
G1 F1500 X100.605 Y122.84 E1365.51578
G0 F9000 X101.171 Y122.84
G1 F1500 X111.852 Y112.159 E1366.01818
G0 F9000 X112.417 Y112.159
G1 F1500 X101.737 Y122.84 E1366.52056
G0 F9000 X102.302 Y122.84
G1 F1500 X112.983 Y112.159 E1367.02296
G0 F9000 X113.549 Y112.159
G1 F1500 X102.868 Y122.84 E1367.52536
G0 F9000 X103.434 Y122.84
G1 F1500 X114.115 Y112.159 E1368.02776
G0 F9000 X114.68 Y112.159
G1 F1500 X103.999 Y122.84 E1368.53016
G0 F9000 X104.565 Y122.84
G1 F1500 X115.246 Y112.159 E1369.03256
G0 F9000 X115.812 Y112.159
G1 F1500 X105.131 Y122.84 E1369.53497
G0 F9000 X105.696 Y122.84
G1 F1500 X116.377 Y112.159 E1370.03737
G0 F9000 X116.943 Y112.159
G1 F1500 X106.262 Y122.84 E1370.53977
G0 F9000 X106.828 Y122.84
G1 F1500 X117.508 Y112.159 E1371.04215
G0 F9000 X118.074 Y112.159
G1 F1500 X107.393 Y122.84 E1371.54455
G0 F9000 X107.959 Y122.84
G1 F1500 X118.639 Y112.159 E1372.04693
G0 F9000 X119.205 Y112.159
G1 F1500 X108.525 Y122.84 E1372.5493
G0 F9000 X109.091 Y122.84
G1 F1500 X119.771 Y112.159 E1373.05168
G0 F9000 X120.336 Y112.159
G1 F1500 X109.656 Y122.84 E1373.55406
G0 F9000 X110.222 Y122.84
G1 F1500 X120.902 Y112.159 E1374.05644
G0 F9000 X121.468 Y112.159
G1 F1500 X110.788 Y122.84 E1374.55882
G0 F9000 X111.353 Y122.84
G1 F1500 X122.033 Y112.159 E1375.06119
G0 F9000 X122.599 Y112.159
G1 F1500 X111.919 Y122.84 E1375.56357
G0 F9000 X112.485 Y122.84
G1 F1500 X123.165 Y112.159 E1376.06595
G0 F9000 X123.73 Y112.159
G1 F1500 X113.05 Y122.84 E1376.56833
G0 F9000 X113.616 Y122.84
G1 F1500 X124.296 Y112.159 E1377.07071
G0 F9000 X124.862 Y112.159
G1 F1500 X114.182 Y122.84 E1377.57308
G0 F9000 X114.747 Y122.84
G1 F1500 X125.428 Y112.159 E1378.07548
G0 F9000 X125.993 Y112.159
G1 F1500 X115.313 Y122.84 E1378.57786
G0 F9000 X115.879 Y122.84
G1 F1500 X126.559 Y112.159 E1379.08024
G0 F9000 X127.125 Y112.159
G1 F1500 X116.444 Y122.84 E1379.58264
G0 F9000 X117.01 Y122.84
G1 F1500 X127.69 Y112.159 E1380.08502
G0 F9000 X128.256 Y112.159
G1 F1500 X117.576 Y122.84 E1380.5874
G0 F9000 X118.141 Y122.84
G1 F1500 X128.822 Y112.159 E1381.0898
G0 F9000 X129.387 Y112.159
G1 F1500 X118.707 Y122.84 E1381.59218
G0 F9000 X119.273 Y122.84
G1 F1500 X129.953 Y112.159 E1382.09456
G0 F9000 X130.519 Y112.159
G1 F1500 X119.839 Y122.84 E1382.59693
G0 F9000 X120.404 Y122.84
G1 F1500 X131.084 Y112.159 E1383.09931
G0 F9000 X131.65 Y112.159
G1 F1500 X120.97 Y122.84 E1383.60169
G0 F9000 X121.536 Y122.84
G1 F1500 X132.216 Y112.159 E1384.10407
G0 F9000 X132.781 Y112.159
G1 F1500 X122.101 Y122.84 E1384.60645
G0 F9000 X122.667 Y122.84
G1 F1500 X133.347 Y112.159 E1385.10882
G0 F9000 X133.913 Y112.159
G1 F1500 X123.233 Y122.84 E1385.6112
G0 F9000 X123.798 Y122.84
G1 F1500 X134.478 Y112.159 E1386.11358
G0 F9000 X135.044 Y112.159
G1 F1500 X124.364 Y122.84 E1386.61596
G0 F9000 X124.93 Y122.84
G1 F1500 X135.61 Y112.159 E1387.11834
G0 F9000 X136.176 Y112.159
G1 F1500 X125.495 Y122.84 E1387.62074
G0 F9000 X126.061 Y122.84
G1 F1500 X136.741 Y112.159 E1388.12311
G0 F9000 X137.307 Y112.159
G1 F1500 X126.627 Y122.84 E1388.62549
G0 F9000 X127.192 Y122.84
G1 F1500 X137.873 Y112.159 E1389.12789
G0 F9000 X138.438 Y112.159
G1 F1500 X127.758 Y122.84 E1389.63027
G0 F9000 X128.324 Y122.84
G1 F1500 X139.004 Y112.159 E1390.13265
G0 F9000 X139.57 Y112.159
G1 F1500 X128.89 Y122.84 E1390.63503
G0 F9000 X129.455 Y122.84
G1 F1500 X140.135 Y112.159 E1391.13741
G0 F9000 X140.701 Y112.159
G1 F1500 X130.021 Y122.84 E1391.63978
G0 F9000 X130.587 Y122.84
G1 F1500 X141.267 Y112.159 E1392.14216
G0 F9000 X141.832 Y112.159
G1 F1500 X131.152 Y122.84 E1392.64454
G0 F9000 X131.718 Y122.84
G1 F1500 X142.398 Y112.159 E1393.14692
G0 F9000 X142.964 Y112.159
G1 F1500 X132.284 Y122.84 E1393.6493
G0 F9000 X132.849 Y122.84
G1 F1500 X143.529 Y112.159 E1394.15167
G0 F9000 X144.095 Y112.159
G1 F1500 X133.415 Y122.84 E1394.65405
G0 F9000 X133.981 Y122.84
G1 F1500 X144.661 Y112.159 E1395.15643
G0 F9000 X145.227 Y112.159
G1 F1500 X134.546 Y122.84 E1395.65883
G0 F9000 X135.112 Y122.84
G1 F1500 X145.792 Y112.159 E1396.16121
G0 F9000 X146.366 Y112.151
G1 F1500 X135.678 Y122.84 E1396.66396
G0 F9000 X136.243 Y122.84
G1 F1500 X146.947 Y112.136 E1397.16745
G0 F9000 X147.527 Y112.121
G1 F1500 X136.809 Y122.84 E1397.67161
G0 F9000 X137.375 Y122.84
G1 F1500 X148.109 Y112.106 E1398.17651
G0 F9000 X148.689 Y112.091
G1 F1500 X137.94 Y122.84 E1398.68211
G0 F9000 X138.506 Y122.84
G1 F1500 X149.27 Y112.076 E1399.18841
G0 F9000 X149.851 Y112.06
G1 F1500 X139.072 Y122.84 E1399.69545
G0 F9000 X139.638 Y122.84
G1 F1500 X150.432 Y112.046 E1400.20316
G0 F9000 X151.012 Y112.031
G1 F1500 X140.203 Y122.84 E1400.71159
G0 F9000 X140.769 Y122.84
G1 F1500 X151.593 Y112.016 E1401.22071
G0 F9000 X152.174 Y112
G1 F1500 X141.335 Y122.84 E1401.73057
G0 F9000 X141.9 Y122.84
G1 F1500 X152.754 Y111.985 E1402.24113
G0 F9000 X153.335 Y111.971
G1 F1500 X142.466 Y122.84 E1402.75238
G0 F9000 X143.032 Y122.84
G1 F1500 X153.947 Y111.924 E1403.26581
G0 F9000 X154.561 Y111.876
G1 F1500 X143.597 Y122.84 E1403.78152
G0 F9000 X144.163 Y122.84
G1 F1500 X155.174 Y111.828 E1404.29947
G0 F9000 X155.787 Y111.781
G1 F1500 X144.729 Y122.84 E1404.81963
G0 F9000 X145.294 Y122.84
G1 F1500 X156.4 Y111.734 E1405.34202
G0 F9000 X157.013 Y111.686
G1 F1500 X145.86 Y122.84 E1405.86665
G0 F9000 X146.415 Y122.85
G1 F1500 X157.626 Y111.639 E1406.39398
G0 F9000 X158.24 Y111.591
G1 F1500 X146.967 Y122.864 E1406.92422
G0 F9000 X147.518 Y122.878
G1 F1500 X158.853 Y111.543 E1407.45739
G0 F9000 X159.466 Y111.496
G1 F1500 X148.07 Y122.893 E1407.99344
G0 F9000 X148.621 Y122.907
G1 F1500 X160.079 Y111.449 E1408.53239
G0 F9000 X160.693 Y111.401
G1 F1500 X149.173 Y122.921 E1409.07426
G0 F9000 X149.724 Y122.935
G1 F1500 X161.343 Y111.316 E1409.62078
G0 F9000 X161.993 Y111.232
G1 F1500 X150.276 Y122.949 E1410.17191
G0 F9000 X150.827 Y122.963
G1 F1500 X162.643 Y111.148 E1410.72768
G0 F9000 X163.292 Y111.064
G1 F1500 X151.379 Y122.977 E1411.28803
G0 F9000 X151.93 Y122.992
G1 F1500 X163.942 Y110.98 E1411.85304
G0 F9000 X164.592 Y110.896
G1 F1500 X152.481 Y123.006 E1412.42268
G0 F9000 X153.033 Y123.021
G1 F1500 X165.242 Y110.812 E1412.99695
G0 F9000 X165.892 Y110.727
G1 F1500 X153.575 Y123.045 E1413.57633
G0 F9000 X154.1 Y123.085
G1 F1500 X166.542 Y110.643 E1414.16156
G0 F9000 X167.191 Y110.559
G1 F1500 X154.625 Y123.126 E1414.75265
G0 F9000 X155.149 Y123.167
G1 F1500 X167.841 Y110.475 E1415.34964
G0 F9000 X168.521 Y110.361
G1 F1500 X155.675 Y123.207 E1415.95388
G0 F9000 X156.199 Y123.248
G1 F1500 X169.213 Y110.235 E1416.566
G0 F9000 X169.905 Y110.109
G1 F1500 X156.724 Y123.289 E1417.18597
G0 F9000 X157.249 Y123.33
G1 F1500 X170.597 Y109.982 E1417.81382
G0 F9000 X171.288 Y109.856
G1 F1500 X157.774 Y123.371 E1418.4495
G0 F9000 X158.299 Y123.412
G1 F1500 X171.981 Y109.73 E1419.09306
G0 F9000 X172.672 Y109.604
G1 F1500 X158.823 Y123.453 E1419.74447
G0 F9000 X159.348 Y123.494
G1 F1500 X173.364 Y109.477 E1420.40376
G0 F9000 X174.057 Y109.351
G1 F1500 X159.874 Y123.534 E1421.07089
G0 F9000 X160.398 Y123.575
G1 F1500 X174.748 Y109.225 E1421.74587
G0 F9000 X175.38 Y109.159
G1 F1500 X160.914 Y123.625 E1422.4263
G0 F9000 X161.414 Y123.69
G1 F1500 X175.945 Y109.159 E1423.1098
G0 F9000 X176.511 Y109.159
G1 F1500 X161.916 Y123.755 E1423.79633
G0 F9000 X162.416 Y123.82
G1 F1500 X177.077 Y109.159 E1424.48593
G0 F9000 X177.642 Y109.159
G1 F1500 X162.917 Y123.885 E1425.17858
G0 F9000 X163.418 Y123.95
G1 F1500 X178.208 Y109.159 E1425.87428
G0 F9000 X178.774 Y109.159
G1 F1500 X163.918 Y124.015 E1426.57306
G0 F9000 X164.42 Y124.079
G1 F1500 X179.339 Y109.159 E1427.27482
G0 F9000 X179.905 Y109.159
G1 F1500 X164.92 Y124.144 E1427.97967
G0 F9000 X165.421 Y124.209
G1 F1500 X180.471 Y109.159 E1428.68758
G0 F9000 X181.037 Y109.159
G1 F1500 X165.921 Y124.274 E1429.39857
G0 F9000 X166.423 Y124.339
G1 F1500 X181.602 Y109.159 E1430.11256
G0 F9000 X182.168 Y109.159
G1 F1500 X166.923 Y124.404 E1430.82964
G0 F9000 X167.424 Y124.469
G1 F1500 X182.734 Y109.159 E1431.54978
G0 F9000 X183.299 Y109.159
G1 F1500 X167.925 Y124.534 E1432.27295
G0 F9000 X168.407 Y124.617
G1 F1500 X183.865 Y109.159 E1433.00004
G0 F9000 X184.431 Y109.159
G1 F1500 X168.885 Y124.705 E1433.73128
G0 F9000 X169.364 Y124.792
G1 F1500 X184.996 Y109.159 E1434.46658
G0 F9000 X185.562 Y109.159
G1 F1500 X169.842 Y124.879 E1435.206
G0 F9000 X170.32 Y124.966
G1 F1500 X186.128 Y109.159 E1435.94954
G0 F9000 X186.693 Y109.159
G1 F1500 X170.799 Y125.053 E1436.69715
G0 F9000 X171.278 Y125.14
G1 F1500 X187.259 Y109.159 E1437.44884
G0 F9000 X187.825 Y109.159
G1 F1500 X171.756 Y125.228 E1438.20468
G0 F9000 X172.234 Y125.315
G1 F1500 X188.39 Y109.159 E1438.96461
G0 F9000 X188.956 Y109.159
G1 F1500 X172.712 Y125.403 E1439.72868
G0 F9000 X173.191 Y125.49
G1 F1500 X189.522 Y109.159 E1440.49684
G0 F9000 X190.087 Y109.159
G1 F1500 X173.67 Y125.577 E1441.26906
G0 F9000 X174.148 Y125.664
G1 F1500 X190.653 Y109.159 E1442.04541
G0 F9000 X191.219 Y109.159
G1 F1500 X174.627 Y125.751 E1442.82585
G0 F9000 X175.105 Y125.839
G1 F1500 X191.785 Y109.159 E1443.61042
G0 F9000 X192.35 Y109.159
G1 F1500 X175.67 Y125.84 E1444.39502
G0 F9000 X176.235 Y125.84
G1 F1500 X192.916 Y109.159 E1445.17964
G0 F9000 X193.482 Y109.159
G1 F1500 X176.801 Y125.84 E1445.96427
G0 F9000 X177.367 Y125.84
G1 F1500 X194.047 Y109.159 E1446.74887
G0 F9000 X194.613 Y109.159
G1 F1500 X177.932 Y125.84 E1447.53349
G0 F9000 X178.498 Y125.84
G1 F1500 X195.179 Y109.159 E1448.31811
G0 F9000 X195.744 Y109.159
G1 F1500 X179.064 Y125.84 E1449.10271
G0 F9000 X179.629 Y125.84
G1 F1500 X196.31 Y109.159 E1449.88734
G0 F9000 X196.876 Y109.159
G1 F1500 X180.195 Y125.84 E1450.67196
G0 F9000 X180.761 Y125.84
G1 F1500 X197.441 Y109.159 E1451.45656
G0 F9000 X198.007 Y109.159
G1 F1500 X181.326 Y125.84 E1452.24118
G0 F9000 X181.892 Y125.84
G1 F1500 X198.573 Y109.159 E1453.02581
G0 F9000 X198.839 Y109.459
G1 F1500 X182.458 Y125.84 E1453.79632
G0 F9000 X183.023 Y125.84
G1 F1500 X198.839 Y110.025 E1454.54023
G0 F9000 X198.839 Y110.59
G1 F1500 X183.589 Y125.84 E1455.25754
G0 F9000 X184.155 Y125.84
G1 F1500 X198.839 Y111.156 E1455.94823
G0 F9000 X198.839 Y111.722
G1 F1500 X184.721 Y125.84 E1456.6123
G0 F9000 X185.286 Y125.84
G1 F1500 X198.839 Y112.287 E1457.24979
G0 F9000 X198.839 Y112.853
G1 F1500 X185.852 Y125.84 E1457.86066
G0 F9000 X186.418 Y125.84
G1 F1500 X198.839 Y113.419 E1458.44491
G0 F9000 X198.839 Y113.984
G1 F1500 X186.983 Y125.84 E1459.00258
G0 F9000 X187.549 Y125.84
G1 F1500 X198.839 Y114.55 E1459.53362
G0 F9000 X198.839 Y115.116
G1 F1500 X188.115 Y125.84 E1460.03805
G0 F9000 X188.68 Y125.84
G1 F1500 X198.839 Y115.681 E1460.5159
G0 F9000 X198.839 Y116.247
G1 F1500 X189.246 Y125.84 E1460.96712
G0 F9000 X189.812 Y125.84
G1 F1500 X198.839 Y116.813 E1461.39172
G0 F9000 X198.839 Y117.379
G1 F1500 X190.377 Y125.84 E1461.78973
G0 F9000 X190.943 Y125.84
G1 F1500 X198.839 Y117.944 E1462.16113
G0 F9000 X198.839 Y118.51
G1 F1500 X191.509 Y125.84 E1462.50591
G0 F9000 X192.074 Y125.84
G1 F1500 X198.839 Y119.076 E1462.82409
G0 F9000 X198.839 Y119.641
G1 F1500 X192.64 Y125.84 E1463.11567
G0 F9000 X193.206 Y125.84
G1 F1500 X198.839 Y120.207 E1463.38063
G0 F9000 X198.839 Y120.773
G1 F1500 X193.772 Y125.84 E1463.61897
G0 F9000 X194.337 Y125.84
G1 F1500 X198.839 Y121.338 E1463.83073
G0 F9000 X198.839 Y121.904
G1 F1500 X194.903 Y125.84 E1464.01587
G0 F9000 X195.469 Y125.84
G1 F1500 X198.839 Y122.47 E1464.17438
G0 F9000 X198.839 Y123.035
G1 F1500 X196.034 Y125.84 E1464.30632
G0 F9000 X196.6 Y125.84
G1 F1500 X198.839 Y123.601 E1464.41164
G0 F9000 X198.839 Y124.167
G1 F1500 X197.166 Y125.84 E1464.49033
G0 F9000 X197.731 Y125.84
G1 F1500 X198.839 Y124.732 E1464.54245
G0 F9000 X198.839 Y125.298
G1 F1500 X198.297 Y125.84 E1464.56794
G1 F2700 E1459.56794
;MESH:NONMESH
G0 F300 X198.297 Y125.84 Z5.4
G0 F9000 X198.297 Y126.3
G0 X199.228 Y126.228
G0 X199.228 Y108.772 ;T9.452 R8.000 A1.570 C-421.702048 FILLET CORNER
G0 X175.07 Y108.761 ;T-78.987 R8.000 A0.155 C-54.417653000000406 FILLET CORNER
G0 X160.635 Y111.007 ;T-140.801 R8.000 A0.103 C12.444365000000179 FILLET CORNER
G0 X152.35 Y111.434 ;T-330.050 R8.000 A0.047 C24.847321999999558 FILLET CORNER
G0 X88.979 Y111.701
G1 F2700 E1464.56794
G0 F9000 X88.983 Y111.6
;TIME_ELAPSED:7760.512645
;LAYER:26
;TYPE:WALL-INNER
;MESH:D638-22 Type I Tensile Specimen.STL
G1 F1500 X146.015 Y111.6 E1466.46483
G1 X153.343 Y111.411 E1466.70864
G1 X160.654 Y110.844 E1466.95254
G1 X167.894 Y109.906 E1467.19535
G1 X175.055 Y108.6 E1467.43746
G1 X199.4 Y108.6 E1468.24718 ;T16.345 R8.000 A1.571 C216.67050000000012 FILLET CORNER
G1 X199.4 Y117.5 E1468.54319
G1 X199.4 Y126.4 E1468.83921 ;T0.900 R8.000 A1.571 C216.6527000000003 FILLET CORNER
G1 X175.057 Y126.4 E1469.64886
G1 X167.896 Y125.094 E1469.89096
G1 X160.654 Y124.156 E1470.13384
G1 X153.345 Y123.589 E1470.37767
G1 X146.017 Y123.4 E1470.62148
G1 X88.985 Y123.4 E1472.51838
G1 X81.657 Y123.589 E1472.76219
G1 X74.346 Y124.156 E1473.00608
G1 X67.106 Y125.094 E1473.2489
G1 X59.945 Y126.4 E1473.491
G1 X35.6 Y126.4 E1474.30072 ;T16.345 R8.000 A1.571 C433.34100000000024 FILLET CORNER
G1 X35.6 Y108.6 E1474.89275 ;T9.800 R8.000 A1.571 C433.3054000000002 FILLET CORNER
G1 X59.943 Y108.6 E1475.7024
G1 X67.104 Y109.906 E1475.94451
G1 X74.346 Y110.844 E1476.18739
G1 X81.655 Y111.411 E1476.43122
G1 X88.983 Y111.6 E1476.67503
G1 F2700 E1471.67503
G0 F9000 X88.979 Y111.701
G0 X74.325 Y111.003 ;T-134.873 R8.000 A0.107 C22.805162000000145 FILLET CORNER
G0 X59.928 Y108.761 ;T-88.488 R8.000 A0.155 C-54.31611900000024 FILLET CORNER
G0 X35.772 Y108.772 ;T16.152 R8.000 A1.570 C-421.6671359999997 FILLET CORNER
G0 X35.772 Y126.228 ;T9.452 R8.000 A1.570 C-421.70204799999976 FILLET CORNER
G0 X59.93 Y126.239 ;T-78.973 R8.000 A0.155 C-54.41763100000037 FILLET CORNER
G0 X74.363 Y123.993 ;T-117.723 R8.000 A0.121 C25.76019000000028 FILLET CORNER
G0 X88.994 Y123.501
G1 F2700 E1476.67503
G0 F9000 X88.995 Y123.8
;TYPE:WALL-OUTER
G1 F1500 X146.007 Y123.8 E1478.57126
G1 X153.314 Y123.988 E1478.81437
G1 X160.602 Y124.553 E1479.0575
G1 X167.854 Y125.493 E1479.30072
G1 X175.021 Y126.8 E1479.54302
G1 X199.8 Y126.8 E1480.36718 ;T16.779 R8.000 A1.571 C-230.44470000000015 FILLET CORNER
G1 X199.8 Y117.5 E1480.6765
G1 X199.8 Y108.2 E1480.98581 ;T1.300 R8.000 A1.571 C-230.46329999999998 FILLET CORNER
G1 X175.019 Y108.2 E1481.81003
G1 X167.842 Y109.509 E1482.05268
G1 X160.592 Y110.448 E1482.29583
G1 X153.302 Y111.012 E1482.53902
G1 X146.005 Y111.2 E1482.7818
G1 X88.993 Y111.2 E1484.67803
G1 X81.686 Y111.012 E1484.92114
G1 X74.398 Y110.447 E1485.16427
G1 X67.146 Y109.507 E1485.40749
G1 X59.979 Y108.2 E1485.64979
G1 X35.2 Y108.2 E1486.47395 ;T16.779 R8.000 A1.571 C-460.8893999999998 FILLET CORNER
G1 X35.2 Y126.8 E1487.09259 ;T10.600 R8.000 A1.571 C-460.92659999999984 FILLET CORNER
G1 X59.981 Y126.8 E1487.9168
G1 X67.158 Y125.491 E1488.15945
G1 X74.408 Y124.552 E1488.4026
G1 X81.698 Y123.988 E1488.64579
G1 X88.995 Y123.8 E1488.88857
G0 F9000 X88.977 Y123.04
;TYPE:SKIN
G1 F1500 X146.027 Y123.04 E1490.78606
G1 X153.372 Y123.23 E1491.03044
G1 X160.7 Y123.799 E1491.2749
G1 X167.99 Y124.744 E1491.5194
G1 X175.092 Y126.04 E1491.75951
G1 X199.04 Y126.04 E1492.55603 ;T15.948 R8.000 A1.571 C-204.51591999999997 FILLET CORNER
G1 X199.04 Y117.5 E1492.84007
G1 X199.04 Y108.96 E1493.12411 ;T0.540 R8.000 A1.571 C-204.54154000000008 FILLET CORNER
G1 X175.089 Y108.96 E1493.92072
G1 X167.981 Y110.257 E1494.16104
G1 X160.651 Y111.206 E1494.40687
G1 X153.321 Y111.772 E1494.65139
G1 X146.024 Y111.96 E1494.89417
G1 X88.975 Y111.96 E1496.79163
G1 X81.629 Y111.77 E1497.03604
G1 X74.335 Y111.205 E1497.27937
G1 X67.01 Y110.256 E1497.52503
G1 X59.908 Y108.96 E1497.76515
G1 X35.96 Y108.96 E1498.56166 ;T15.948 R8.000 A1.571 C-409.03184000000033 FILLET CORNER
G1 X35.96 Y126.04 E1499.12975 ;T9.080 R8.000 A1.571 C-409.08308000000034 FILLET CORNER
G1 X59.911 Y126.04 E1499.92636
G1 X67.023 Y124.742 E1500.16681
G1 X74.347 Y123.794 E1500.41244
G1 X81.64 Y123.23 E1500.65573
G1 X88.977 Y123.04 E1500.89984
G1 F2700 E1495.89984
G0 F9000 X88.98 Y123.3
G0 X69.807 Y124.562 ;T-136.811 R8.000 A0.102 C-19.688347000000128 FILLET CORNER
G0 X59.93 Y126.239 ;T-86.388 R8.000 A0.166 C38.75501600000023 FILLET CORNER
G0 X36.461 Y126.3
G1 F2700 E1500.89984
G0 F9000 X36.461 Y125.839
G1 F1500 X36.16 Y125.538 E1500.914
G0 F9000 X36.16 Y124.972
G1 F1500 X37.026 Y125.839 E1500.95476
G0 F9000 X37.592 Y125.839
G1 F1500 X36.16 Y124.406 E1501.02214
G0 F9000 X36.16 Y123.841
G1 F1500 X38.158 Y125.839 E1501.11612
G0 F9000 X38.723 Y125.839
G1 F1500 X36.16 Y123.275 E1501.2367
G0 F9000 X36.16 Y122.709
G1 F1500 X39.289 Y125.839 E1501.3839
G0 F9000 X39.855 Y125.839
G1 F1500 X36.16 Y122.144 E1501.5577
G0 F9000 X36.16 Y121.578
G1 F1500 X40.421 Y125.839 E1501.75813
G0 F9000 X40.986 Y125.839
G1 F1500 X36.16 Y121.012 E1501.98515
G0 F9000 X36.16 Y120.447
G1 F1500 X41.552 Y125.839 E1502.23877
G0 F9000 X42.118 Y125.839
G1 F1500 X36.16 Y119.881 E1502.51902
G0 F9000 X36.16 Y119.315
G1 F1500 X42.683 Y125.839 E1502.82586
G0 F9000 X43.249 Y125.839
G1 F1500 X36.16 Y118.75 E1503.15931
G0 F9000 X36.16 Y118.184
G1 F1500 X43.815 Y125.839 E1503.51938
G0 F9000 X44.38 Y125.839
G1 F1500 X36.16 Y117.618 E1503.90604
G0 F9000 X36.16 Y117.053
G1 F1500 X44.946 Y125.839 E1504.31931
G0 F9000 X45.512 Y125.839
G1 F1500 X36.16 Y116.487 E1504.7592
G0 F9000 X36.16 Y115.921
G1 F1500 X46.077 Y125.839 E1505.22569
G0 F9000 X46.643 Y125.839
G1 F1500 X36.16 Y115.355 E1505.7188
G0 F9000 X36.16 Y114.79
G1 F1500 X47.209 Y125.839 E1506.23851
G0 F9000 X47.774 Y125.839
G1 F1500 X36.16 Y114.224 E1506.78482
G0 F9000 X36.16 Y113.658
G1 F1500 X48.34 Y125.839 E1507.35776
G0 F9000 X48.906 Y125.839
G1 F1500 X36.16 Y113.093 E1507.95729
G0 F9000 X36.16 Y112.527
G1 F1500 X49.472 Y125.839 E1508.58344
G0 F9000 X50.037 Y125.839
G1 F1500 X36.16 Y111.961 E1509.2362
G0 F9000 X36.16 Y111.396
G1 F1500 X50.603 Y125.839 E1509.91555
G0 F9000 X51.169 Y125.839
G1 F1500 X36.16 Y110.83 E1510.62153
G0 F9000 X36.16 Y110.264
G1 F1500 X51.734 Y125.839 E1511.35411
G0 F9000 X52.3 Y125.839
G1 F1500 X36.16 Y109.699 E1512.11328
G0 F9000 X36.186 Y109.159
G1 F1500 X52.866 Y125.839 E1512.89786
G0 F9000 X53.431 Y125.839
G1 F1500 X36.751 Y109.159 E1513.68244
G0 F9000 X37.317 Y109.159
G1 F1500 X53.997 Y125.839 E1514.46701
G0 F9000 X54.563 Y125.839
G1 F1500 X37.883 Y109.159 E1515.25159
G0 F9000 X38.448 Y109.159
G1 F1500 X55.128 Y125.839 E1516.03616
G0 F9000 X55.694 Y125.839
G1 F1500 X39.014 Y109.159 E1516.82074
G0 F9000 X39.58 Y109.159
G1 F1500 X56.26 Y125.839 E1517.60532
G0 F9000 X56.825 Y125.839
G1 F1500 X40.145 Y109.159 E1518.38989
G0 F9000 X40.711 Y109.159
G1 F1500 X57.391 Y125.839 E1519.17447
G0 F9000 X57.957 Y125.839
G1 F1500 X41.277 Y109.159 E1519.95904
G0 F9000 X41.843 Y109.159
G1 F1500 X58.522 Y125.839 E1520.7436
G0 F9000 X59.088 Y125.839
G1 F1500 X42.408 Y109.159 E1521.52817
G0 F9000 X42.974 Y109.159
G1 F1500 X59.654 Y125.839 E1522.31275
G0 F9000 X60.169 Y125.788
G1 F1500 X43.54 Y109.159 E1523.09493
G0 F9000 X44.105 Y109.159
G1 F1500 X60.647 Y125.701 E1523.87301
G0 F9000 X61.125 Y125.613
G1 F1500 X44.671 Y109.159 E1524.64696
G0 F9000 X45.237 Y109.159
G1 F1500 X61.604 Y125.527 E1525.41683
G0 F9000 X62.082 Y125.439
G1 F1500 X45.802 Y109.159 E1526.1826
G0 F9000 X46.368 Y109.159
G1 F1500 X62.561 Y125.352 E1526.94426
G0 F9000 X63.039 Y125.264
G1 F1500 X46.934 Y109.159 E1527.70179
G0 F9000 X47.499 Y109.159
G1 F1500 X63.517 Y125.177 E1528.45523
G0 F9000 X63.995 Y125.09
G1 F1500 X48.065 Y109.159 E1529.20455
G0 F9000 X48.631 Y109.159
G1 F1500 X64.474 Y125.003 E1529.94978
G0 F9000 X64.952 Y124.915
G1 F1500 X49.196 Y109.159 E1530.6909
G0 F9000 X49.762 Y109.159
G1 F1500 X65.43 Y124.827 E1531.42787
G0 F9000 X65.909 Y124.74
G1 F1500 X50.328 Y109.159 E1532.16075
G0 F9000 X50.894 Y109.159
G1 F1500 X66.387 Y124.653 E1532.88952
G0 F9000 X66.866 Y124.566
G1 F1500 X51.459 Y109.159 E1533.61422
G0 F9000 X52.025 Y109.159
G1 F1500 X67.361 Y124.496 E1534.3356
G0 F9000 X67.862 Y124.43
G1 F1500 X52.591 Y109.159 E1535.0539
G0 F9000 X53.156 Y109.159
G1 F1500 X68.363 Y124.365 E1535.76917
G0 F9000 X68.863 Y124.3
G1 F1500 X53.722 Y109.159 E1536.48136
G0 F9000 X54.288 Y109.159
G1 F1500 X69.365 Y124.236 E1537.19053
G0 F9000 X69.865 Y124.171
G1 F1500 X54.853 Y109.159 E1537.89665
G0 F9000 X55.419 Y109.159
G1 F1500 X70.366 Y124.106 E1538.59971
G0 F9000 X70.866 Y124.041
G1 F1500 X55.985 Y109.159 E1539.29969
G0 F9000 X56.55 Y109.159
G1 F1500 X71.367 Y123.976 E1539.99664
G0 F9000 X71.868 Y123.911
G1 F1500 X57.116 Y109.159 E1540.69053
G0 F9000 X57.682 Y109.159
G1 F1500 X72.369 Y123.846 E1541.38136
G0 F9000 X72.87 Y123.781
G1 F1500 X58.247 Y109.159 E1542.06916
G0 F9000 X58.813 Y109.159
G1 F1500 X73.37 Y123.716 E1542.75387
G0 F9000 X73.871 Y123.651
G1 F1500 X59.379 Y109.159 E1543.43553
G0 F9000 X59.957 Y109.172
G1 F1500 X74.375 Y123.59 E1544.11371
G0 F9000 X74.9 Y123.549
G1 F1500 X60.649 Y109.298 E1544.78403
G0 F9000 X61.341 Y109.424
G1 F1500 X75.425 Y123.508 E1545.4465
G0 F9000 X75.951 Y123.468
G1 F1500 X62.033 Y109.55 E1546.10116
G0 F9000 X62.725 Y109.677
G1 F1500 X76.475 Y123.427 E1546.74792
G0 F9000 X77.001 Y123.387
G1 F1500 X63.417 Y109.803 E1547.38687
G0 F9000 X64.109 Y109.929
G1 F1500 X77.525 Y123.346 E1548.01794
G0 F9000 X78.051 Y123.305
G1 F1500 X64.801 Y110.056 E1548.64116
G0 F9000 X65.492 Y110.182
G1 F1500 X78.575 Y123.264 E1549.25652
G0 F9000 X79.101 Y123.224
G1 F1500 X66.185 Y110.308 E1549.86405
G0 F9000 X66.876 Y110.434
G1 F1500 X79.625 Y123.183 E1550.46372
G0 F9000 X80.151 Y123.143
G1 F1500 X67.533 Y110.525 E1551.05723
G0 F9000 X68.183 Y110.609
G1 F1500 X80.675 Y123.102 E1551.64484
G0 F9000 X81.201 Y123.062
G1 F1500 X68.833 Y110.694 E1552.22659
G0 F9000 X69.482 Y110.777
G1 F1500 X81.731 Y123.026 E1552.80275
G0 F9000 X82.283 Y123.012
G1 F1500 X70.132 Y110.861 E1553.37429
G0 F9000 X70.782 Y110.945
G1 F1500 X82.834 Y122.998 E1553.94121
G0 F9000 X83.385 Y122.983
G1 F1500 X71.431 Y111.029 E1554.50349
G0 F9000 X72.081 Y111.114
G1 F1500 X83.937 Y122.969 E1555.06113
G0 F9000 X84.488 Y122.955
G1 F1500 X72.73 Y111.197 E1555.61419
G0 F9000 X73.38 Y111.281
G1 F1500 X85.04 Y122.941 E1556.16264
G0 F9000 X85.591 Y122.926
G1 F1500 X74.03 Y111.365 E1556.70644
G0 F9000 X74.66 Y111.43
G1 F1500 X86.142 Y122.912 E1557.24652
G0 F9000 X86.694 Y122.897
G1 F1500 X75.273 Y111.477 E1557.7837
G0 F9000 X75.886 Y111.524
G1 F1500 X87.245 Y122.883 E1558.31799
G0 F9000 X87.797 Y122.869
G1 F1500 X76.499 Y111.572 E1558.84939
G0 F9000 X77.112 Y111.619
G1 F1500 X88.348 Y122.854 E1559.37788
G0 F9000 X88.899 Y122.84
G1 F1500 X77.725 Y111.667 E1559.90344
G0 F9000 X78.338 Y111.714
G1 F1500 X89.463 Y122.839 E1560.42673
G0 F9000 X90.029 Y122.839
G1 F1500 X78.952 Y111.761 E1560.94778
G0 F9000 X79.565 Y111.809
G1 F1500 X90.595 Y122.839 E1561.4666
G0 F9000 X91.16 Y122.839
G1 F1500 X80.178 Y111.856 E1561.98318
G0 F9000 X80.791 Y111.903
G1 F1500 X91.726 Y122.839 E1562.49755
G0 F9000 X92.292 Y122.839
G1 F1500 X81.404 Y111.951 E1563.00969
G0 F9000 X81.997 Y111.978
G1 F1500 X92.857 Y122.839 E1563.52054
G0 F9000 X93.423 Y122.839
G1 F1500 X82.578 Y111.993 E1564.03068
G0 F9000 X83.158 Y112.008
G1 F1500 X93.989 Y122.839 E1564.54013
G0 F9000 X94.555 Y122.839
G1 F1500 X83.739 Y112.024 E1565.04886
G0 F9000 X84.32 Y112.038
G1 F1500 X95.12 Y122.839 E1565.55688
G0 F9000 X95.686 Y122.839
G1 F1500 X84.9 Y112.053 E1566.06422
G0 F9000 X85.482 Y112.069
G1 F1500 X96.252 Y122.839 E1566.57081
G0 F9000 X96.817 Y122.839
G1 F1500 X86.062 Y112.084 E1567.07669
G0 F9000 X86.643 Y112.099
G1 F1500 X97.383 Y122.839 E1567.58187
G0 F9000 X97.949 Y122.839
G1 F1500 X87.223 Y112.113 E1568.08639
G0 F9000 X87.804 Y112.129
G1 F1500 X98.514 Y122.839 E1568.59015
G0 F9000 X99.08 Y122.839
G1 F1500 X88.385 Y112.144 E1569.09321
G0 F9000 X88.966 Y112.159
G1 F1500 X99.646 Y122.839 E1569.59557
G0 F9000 X100.211 Y122.839
G1 F1500 X89.532 Y112.159 E1570.0979
G0 F9000 X90.098 Y112.159
G1 F1500 X100.777 Y122.839 E1570.60023
G0 F9000 X101.343 Y122.839
G1 F1500 X90.663 Y112.159 E1571.10259
G0 F9000 X91.229 Y112.159
G1 F1500 X101.908 Y122.839 E1571.60492
G0 F9000 X102.474 Y122.839
G1 F1500 X91.795 Y112.159 E1572.10725
G0 F9000 X92.36 Y112.159
G1 F1500 X103.04 Y122.839 E1572.6096
G0 F9000 X103.605 Y122.839
G1 F1500 X92.926 Y112.159 E1573.11193
G0 F9000 X93.492 Y112.159
G1 F1500 X104.171 Y122.839 E1573.61426
G0 F9000 X104.737 Y122.839
G1 F1500 X94.057 Y112.159 E1574.11662
G0 F9000 X94.623 Y112.159
G1 F1500 X105.303 Y122.839 E1574.61897
G0 F9000 X105.868 Y122.839
G1 F1500 X95.189 Y112.159 E1575.1213
G0 F9000 X95.754 Y112.159
G1 F1500 X106.434 Y122.839 E1575.62366
G0 F9000 X107 Y122.839
G1 F1500 X96.32 Y112.159 E1576.12601
G0 F9000 X96.886 Y112.159
G1 F1500 X107.565 Y122.839 E1576.62834
G0 F9000 X108.131 Y122.839
G1 F1500 X97.452 Y112.159 E1577.13067
G0 F9000 X98.017 Y112.159
G1 F1500 X108.697 Y122.839 E1577.63303
G0 F9000 X109.262 Y122.839
G1 F1500 X98.583 Y112.159 E1578.13536
G0 F9000 X99.149 Y112.159
G1 F1500 X109.828 Y122.839 E1578.63769
G0 F9000 X110.394 Y122.839
G1 F1500 X99.714 Y112.159 E1579.14004
G0 F9000 X100.28 Y112.159
G1 F1500 X110.959 Y122.839 E1579.64238
G0 F9000 X111.525 Y122.839
G1 F1500 X100.846 Y112.159 E1580.14471
G0 F9000 X101.411 Y112.159
G1 F1500 X112.091 Y122.839 E1580.64706
G0 F9000 X112.656 Y122.839
G1 F1500 X101.977 Y112.159 E1581.14939
G0 F9000 X102.543 Y112.159
G1 F1500 X113.222 Y122.839 E1581.65172
G0 F9000 X113.788 Y122.839
G1 F1500 X103.108 Y112.159 E1582.15408
G0 F9000 X103.674 Y112.159
G1 F1500 X114.354 Y122.839 E1582.65643
G0 F9000 X114.919 Y122.839
G1 F1500 X104.24 Y112.159 E1583.15876
G0 F9000 X104.805 Y112.159
G1 F1500 X115.485 Y122.839 E1583.66112
G0 F9000 X116.051 Y122.839
G1 F1500 X105.371 Y112.159 E1584.16347
G0 F9000 X105.937 Y112.159
G1 F1500 X116.616 Y122.839 E1584.6658
G0 F9000 X117.182 Y122.839
G1 F1500 X106.503 Y112.159 E1585.16813
G0 F9000 X107.068 Y112.159
G1 F1500 X117.748 Y122.839 E1585.67049
G0 F9000 X118.313 Y122.839
G1 F1500 X107.634 Y112.159 E1586.17282
G0 F9000 X108.2 Y112.159
G1 F1500 X118.879 Y122.839 E1586.67515
G0 F9000 X119.445 Y122.839
G1 F1500 X108.765 Y112.159 E1587.1775
G0 F9000 X109.331 Y112.159
G1 F1500 X120.01 Y122.839 E1587.67984
G0 F9000 X120.576 Y122.839
G1 F1500 X109.897 Y112.159 E1588.18217
G0 F9000 X110.462 Y112.159
G1 F1500 X121.142 Y122.839 E1588.68452
G0 F9000 X121.707 Y122.839
G1 F1500 X111.028 Y112.159 E1589.18685
G0 F9000 X111.594 Y112.159
G1 F1500 X122.273 Y122.839 E1589.68918
G0 F9000 X122.839 Y122.839
G1 F1500 X112.159 Y112.159 E1590.19154
G0 F9000 X112.725 Y112.159
G1 F1500 X123.404 Y122.839 E1590.69387
G0 F9000 X123.97 Y122.839
G1 F1500 X113.291 Y112.159 E1591.1962
G0 F9000 X113.856 Y112.159
G1 F1500 X124.536 Y122.839 E1591.69855
G0 F9000 X125.102 Y122.839
G1 F1500 X114.422 Y112.159 E1592.20091
G0 F9000 X114.988 Y112.159
G1 F1500 X125.667 Y122.839 E1592.70324
G0 F9000 X126.233 Y122.839
G1 F1500 X115.553 Y112.159 E1593.20559
G0 F9000 X116.119 Y112.159
G1 F1500 X126.799 Y122.839 E1593.70795
G0 F9000 X127.364 Y122.839
G1 F1500 X116.685 Y112.159 E1594.21028
G0 F9000 X117.251 Y112.159
G1 F1500 X127.93 Y122.839 E1594.71261
G0 F9000 X128.496 Y122.839
G1 F1500 X117.817 Y112.16 E1595.21492
G0 F9000 X118.383 Y112.16
G1 F1500 X129.061 Y122.839 E1595.7172
G0 F9000 X129.627 Y122.839
G1 F1500 X118.948 Y112.16 E1596.21951
G0 F9000 X119.514 Y112.16
G1 F1500 X130.193 Y122.839 E1596.72182
G0 F9000 X130.758 Y122.839
G1 F1500 X120.08 Y112.16 E1597.2241
G0 F9000 X120.645 Y112.16
G1 F1500 X131.324 Y122.839 E1597.72641
G0 F9000 X131.89 Y122.839
G1 F1500 X121.211 Y112.16 E1598.22871
G0 F9000 X121.777 Y112.16
G1 F1500 X132.455 Y122.839 E1598.731
G0 F9000 X133.021 Y122.839
G1 F1500 X122.342 Y112.16 E1599.23331
G0 F9000 X122.908 Y112.16
G1 F1500 X133.587 Y122.839 E1599.73561
G0 F9000 X134.153 Y122.839
G1 F1500 X123.474 Y112.16 E1600.23792
G0 F9000 X124.039 Y112.16
G1 F1500 X134.718 Y122.839 E1600.74023
G0 F9000 X135.284 Y122.839
G1 F1500 X124.605 Y112.16 E1601.24254
G0 F9000 X125.171 Y112.16
G1 F1500 X135.85 Y122.839 E1601.74484
G0 F9000 X136.415 Y122.839
G1 F1500 X125.737 Y112.16 E1602.24713
G0 F9000 X126.302 Y112.16
G1 F1500 X136.981 Y122.839 E1602.74943
G0 F9000 X137.547 Y122.839
G1 F1500 X126.868 Y112.16 E1603.25174
G0 F9000 X127.434 Y112.16
G1 F1500 X138.112 Y122.839 E1603.75403
G0 F9000 X138.678 Y122.839
G1 F1500 X127.999 Y112.16 E1604.25633
G0 F9000 X128.565 Y112.16
G1 F1500 X139.244 Y122.839 E1604.75864
G0 F9000 X139.809 Y122.839
G1 F1500 X129.131 Y112.16 E1605.26092
G0 F9000 X129.696 Y112.16
G1 F1500 X140.375 Y122.839 E1605.76323
G0 F9000 X140.941 Y122.839
G1 F1500 X130.262 Y112.16 E1606.26554
G0 F9000 X130.828 Y112.16
G1 F1500 X141.506 Y122.839 E1606.76782
G0 F9000 X142.072 Y122.839
G1 F1500 X131.393 Y112.16 E1607.27013
G0 F9000 X131.959 Y112.16
G1 F1500 X142.638 Y122.839 E1607.77244
G0 F9000 X143.203 Y122.839
G1 F1500 X132.525 Y112.16 E1608.27472
G0 F9000 X133.09 Y112.16
G1 F1500 X143.769 Y122.839 E1608.77703
G0 F9000 X144.335 Y122.839
G1 F1500 X133.656 Y112.16 E1609.27934
G0 F9000 X134.222 Y112.16
G1 F1500 X144.901 Y122.839 E1609.78164
G0 F9000 X145.466 Y122.839
G1 F1500 X134.787 Y112.16 E1610.28395
G0 F9000 X135.353 Y112.16
G1 F1500 X146.033 Y122.84 E1610.78631
G0 F9000 X146.613 Y122.854
G1 F1500 X135.919 Y112.16 E1611.28932
G0 F9000 X136.485 Y112.16
G1 F1500 X147.194 Y122.869 E1611.79304
G0 F9000 X147.774 Y122.884
G1 F1500 X137.05 Y112.16 E1612.29746
G0 F9000 X137.616 Y112.16
G1 F1500 X148.355 Y122.899 E1612.80259
G0 F9000 X148.935 Y122.914
G1 F1500 X138.182 Y112.16 E1613.3084
G0 F9000 X138.747 Y112.16
G1 F1500 X149.517 Y122.929 E1613.81497
G0 F9000 X150.097 Y122.944
G1 F1500 X139.313 Y112.16 E1614.32221
G0 F9000 X139.879 Y112.16
G1 F1500 X150.678 Y122.959 E1614.83017
G0 F9000 X151.258 Y122.974
G1 F1500 X140.444 Y112.16 E1615.33882
G0 F9000 X141.01 Y112.16
G1 F1500 X151.839 Y122.989 E1615.84819
G0 F9000 X152.419 Y123.004
G1 F1500 X141.576 Y112.16 E1616.35823
G0 F9000 X142.141 Y112.16
G1 F1500 X153 Y123.019 E1616.869
G0 F9000 X153.592 Y123.045
G1 F1500 X142.707 Y112.16 E1617.381
G0 F9000 X143.273 Y112.16
G1 F1500 X154.205 Y123.093 E1617.89523
G0 F9000 X154.818 Y123.14
G1 F1500 X143.838 Y112.16 E1618.4117
G0 F9000 X144.404 Y112.16
G1 F1500 X155.432 Y123.188 E1618.93042
G0 F9000 X156.045 Y123.235
G1 F1500 X144.97 Y112.16 E1619.45136
G0 F9000 X145.536 Y112.16
G1 F1500 X156.659 Y123.284 E1619.97457
G0 F9000 X157.272 Y123.331
G1 F1500 X146.1 Y112.159 E1620.50007
G0 F9000 X146.651 Y112.145
G1 F1500 X157.886 Y123.379 E1621.0285
G0 F9000 X158.499 Y123.426
G1 F1500 X147.202 Y112.13 E1621.55986
G0 F9000 X147.754 Y112.116
G1 F1500 X159.113 Y123.474 E1622.09413
G0 F9000 X159.726 Y123.522
G1 F1500 X148.305 Y112.101 E1622.63133
G0 F9000 X148.857 Y112.087
G1 F1500 X160.339 Y123.57 E1623.17144
G0 F9000 X160.966 Y123.631
G1 F1500 X149.408 Y112.073 E1623.71509
G0 F9000 X149.96 Y112.059
G1 F1500 X161.617 Y123.716 E1624.2634
G0 F9000 X162.266 Y123.8
G1 F1500 X150.511 Y112.044 E1624.81634
G0 F9000 X151.062 Y112.03
G1 F1500 X162.916 Y123.884 E1625.37392
G0 F9000 X163.566 Y123.968
G1 F1500 X151.614 Y112.016 E1625.9361
G0 F9000 X152.165 Y112.002
G1 F1500 X164.216 Y124.052 E1626.50292
G0 F9000 X164.866 Y124.136
G1 F1500 X152.717 Y111.988 E1627.07435
G0 F9000 X153.268 Y111.973
G1 F1500 X165.516 Y124.22 E1627.65043
G0 F9000 X166.165 Y124.305
G1 F1500 X153.797 Y111.936 E1628.23221
G0 F9000 X154.322 Y111.896
G1 F1500 X166.816 Y124.389 E1628.81987
G0 F9000 X167.466 Y124.474
G1 F1500 X154.847 Y111.855 E1629.41343
G0 F9000 X155.372 Y111.814
G1 F1500 X168.123 Y124.565 E1630.01319
G0 F9000 X168.814 Y124.691
G1 F1500 X155.897 Y111.773 E1630.62079
G0 F9000 X156.422 Y111.733
G1 F1500 X169.506 Y124.817 E1631.23622
G0 F9000 X170.198 Y124.943
G1 F1500 X156.947 Y111.692 E1631.85951
G0 F9000 X157.472 Y111.652
G1 F1500 X170.89 Y125.07 E1632.49065
G0 F9000 X171.582 Y125.196
G1 F1500 X157.997 Y111.611 E1633.12965
G0 F9000 X158.522 Y111.57
G1 F1500 X172.273 Y125.321 E1633.77645
G0 F9000 X172.966 Y125.448
G1 F1500 X159.047 Y111.529 E1634.43116
G0 F9000 X159.572 Y111.489
G1 F1500 X173.657 Y125.574 E1635.09368
G0 F9000 X174.349 Y125.7
G1 F1500 X160.097 Y111.448 E1635.76405
G0 F9000 X160.622 Y111.408
G1 F1500 X175.041 Y125.826 E1636.44225
G0 F9000 X175.619 Y125.839
G1 F1500 X161.126 Y111.345 E1637.12398
G0 F9000 X161.626 Y111.28
G1 F1500 X176.185 Y125.839 E1637.80879
G0 F9000 X176.751 Y125.839
G1 F1500 X162.128 Y111.216 E1638.49661
G0 F9000 X162.628 Y111.151
G1 F1500 X177.316 Y125.839 E1639.18749
G0 F9000 X177.882 Y125.839
G1 F1500 X163.129 Y111.086 E1639.88142
G0 F9000 X163.63 Y111.021
G1 F1500 X178.448 Y125.839 E1640.57842
G0 F9000 X179.013 Y125.839
G1 F1500 X164.131 Y110.957 E1641.27842
G0 F9000 X164.632 Y110.892
G1 F1500 X179.579 Y125.839 E1641.98148
G0 F9000 X180.145 Y125.839
G1 F1500 X165.132 Y110.826 E1642.68765
G0 F9000 X165.634 Y110.762
G1 F1500 X180.711 Y125.839 E1643.39682
G0 F9000 X181.276 Y125.839
G1 F1500 X166.134 Y110.697 E1644.10906
G0 F9000 X166.635 Y110.632
G1 F1500 X181.842 Y125.839 E1644.82435
G0 F9000 X182.408 Y125.839
G1 F1500 X167.136 Y110.568 E1645.54267
G0 F9000 X167.637 Y110.503
G1 F1500 X182.973 Y125.839 E1646.26403
G0 F9000 X183.539 Y125.839
G1 F1500 X168.133 Y110.433 E1646.98868
G0 F9000 X168.611 Y110.346
G1 F1500 X184.105 Y125.839 E1647.71745
G0 F9000 X184.67 Y125.839
G1 F1500 X169.089 Y110.258 E1648.45033
G0 F9000 X169.568 Y110.171
G1 F1500 X185.236 Y125.839 E1649.18731
G0 F9000 X185.802 Y125.839
G1 F1500 X170.046 Y110.083 E1649.92842
G0 F9000 X170.525 Y109.996
G1 F1500 X186.367 Y125.839 E1650.6736
G0 F9000 X186.933 Y125.839
G1 F1500 X171.003 Y109.909 E1651.4229
G0 F9000 X171.481 Y109.822
G1 F1500 X187.499 Y125.839 E1652.17631
G0 F9000 X188.064 Y125.839
G1 F1500 X171.959 Y109.734 E1652.93384
G0 F9000 X172.438 Y109.647
G1 F1500 X188.63 Y125.839 E1653.69547
G0 F9000 X189.196 Y125.839
G1 F1500 X172.917 Y109.56 E1654.46118
G0 F9000 X173.395 Y109.472
G1 F1500 X189.762 Y125.839 E1655.23103
G0 F9000 X190.327 Y125.839
G1 F1500 X173.874 Y109.385 E1656.00496
G0 F9000 X174.352 Y109.298
G1 F1500 X190.893 Y125.839 E1656.78299
G0 F9000 X191.459 Y125.839
G1 F1500 X174.83 Y109.211 E1657.56515
G0 F9000 X175.345 Y109.16
G1 F1500 X192.024 Y125.839 E1658.34968
G0 F9000 X192.59 Y125.839
G1 F1500 X175.911 Y109.16 E1659.13421
G0 F9000 X176.476 Y109.16
G1 F1500 X193.156 Y125.839 E1659.91876
G0 F9000 X193.721 Y125.839
G1 F1500 X177.042 Y109.16 E1660.70329
G0 F9000 X177.608 Y109.16
G1 F1500 X194.287 Y125.839 E1661.48782
G0 F9000 X194.853 Y125.839
G1 F1500 X178.173 Y109.16 E1662.27237
G0 F9000 X178.739 Y109.16
G1 F1500 X195.418 Y125.839 E1663.0569
G0 F9000 X195.984 Y125.839
G1 F1500 X179.305 Y109.16 E1663.84143
G0 F9000 X179.87 Y109.16
G1 F1500 X196.55 Y125.839 E1664.62598
G0 F9000 X197.115 Y125.839
G1 F1500 X180.436 Y109.16 E1665.41051
G0 F9000 X181.002 Y109.16
G1 F1500 X197.681 Y125.839 E1666.19504
G0 F9000 X198.247 Y125.839
G1 F1500 X181.568 Y109.16 E1666.97957
G0 F9000 X182.133 Y109.16
G1 F1500 X198.812 Y125.839 E1667.7641
G0 F9000 X198.839 Y125.3
G1 F1500 X182.699 Y109.16 E1668.52327
G0 F9000 X183.265 Y109.16
G1 F1500 X198.839 Y124.734 E1669.25583
G0 F9000 X198.839 Y124.168
G1 F1500 X183.83 Y109.16 E1669.96178
G0 F9000 X184.396 Y109.16
G1 F1500 X198.839 Y123.602 E1670.64111
G0 F9000 X198.839 Y123.037
G1 F1500 X184.962 Y109.16 E1671.29384
G0 F9000 X185.527 Y109.16
G1 F1500 X198.839 Y122.471 E1671.91997
G0 F9000 X198.839 Y121.905
G1 F1500 X186.093 Y109.16 E1672.51948
G0 F9000 X186.659 Y109.16
G1 F1500 X198.839 Y121.34 E1673.09239
G0 F9000 X198.839 Y120.774
G1 F1500 X187.224 Y109.16 E1673.6387
G0 F9000 X187.79 Y109.16
G1 F1500 X198.839 Y120.208 E1674.15839
G0 F9000 X198.839 Y119.643
G1 F1500 X188.356 Y109.16 E1674.65148
G0 F9000 X188.921 Y109.16
G1 F1500 X198.839 Y119.077 E1675.11797
G0 F9000 X198.839 Y118.511
G1 F1500 X189.487 Y109.16 E1675.55783
G0 F9000 X190.053 Y109.16
G1 F1500 X198.839 Y117.946 E1675.9711
G0 F9000 X198.839 Y117.38
G1 F1500 X190.619 Y109.16 E1676.35774
G0 F9000 X191.184 Y109.16
G1 F1500 X198.839 Y116.814 E1676.71779
G0 F9000 X198.839 Y116.249
G1 F1500 X191.75 Y109.16 E1677.05123
G0 F9000 X192.316 Y109.16
G1 F1500 X198.839 Y115.683 E1677.35806
G0 F9000 X198.839 Y115.117
G1 F1500 X192.881 Y109.16 E1677.63828
G0 F9000 X193.447 Y109.16
G1 F1500 X198.839 Y114.552 E1677.8919
G0 F9000 X198.839 Y113.986
G1 F1500 X194.013 Y109.16 E1678.1189
G0 F9000 X194.578 Y109.16
G1 F1500 X198.839 Y113.42 E1678.3193
G0 F9000 X198.839 Y112.854
G1 F1500 X195.144 Y109.16 E1678.49308
G0 F9000 X195.71 Y109.16
G1 F1500 X198.839 Y112.289 E1678.64026
G0 F9000 X198.839 Y111.723
G1 F1500 X196.275 Y109.16 E1678.76084
G0 F9000 X196.841 Y109.16
G1 F1500 X198.839 Y111.157 E1678.85479
G0 F9000 X198.839 Y110.592
G1 F1500 X197.407 Y109.16 E1678.92215
G0 F9000 X197.972 Y109.16
G1 F1500 X198.839 Y110.026 E1678.96291
G0 F9000 X198.839 Y109.46
G1 F1500 X198.538 Y109.16 E1678.97704
G1 F2700 E1673.97704
;MESH:NONMESH
G0 F300 X198.538 Y109.16 Z5.6
G0 F9000 X198.538 Y108.7
G0 X199.228 Y108.772
G0 X199.228 Y126.228 ;T9.452 R8.000 A1.570 C421.66713599999986 FILLET CORNER
G0 X175.072 Y126.239 ;T-79.003 R8.000 A0.155 C54.41318300000038 FILLET CORNER
G0 X160.635 Y123.993 ;T-140.840 R8.000 A0.103 C-12.441265000000161 FILLET CORNER
G0 X152.351 Y123.566 ;T-318.973 R8.000 A0.049 C-25.682137999999554 FILLET CORNER
G0 X88.985 Y123.4
;TIME_ELAPSED:8049.472229
;LAYER:27
;TYPE:WALL-INNER
;MESH:D638-22 Type I Tensile Specimen.STL
G1 F2700 E1678.97704
G1 F1500 X146.017 Y123.4 E1680.87393
G1 X153.345 Y123.589 E1681.11775
G1 X160.654 Y124.156 E1681.36157
G1 X167.896 Y125.094 E1681.60446
G1 X175.057 Y126.4 E1681.84656
G1 X199.4 Y126.4 E1682.65621 ;T16.343 R8.000 A1.571 C-216.6527000000003 FILLET CORNER
G1 X199.4 Y117.5 E1682.95223
G1 X199.4 Y108.6 E1683.24824 ;T0.900 R8.000 A1.571 C-216.67050000000012 FILLET CORNER
G1 X175.055 Y108.6 E1684.05796
G1 X167.894 Y109.906 E1684.30007
G1 X160.654 Y110.844 E1684.54288
G1 X153.343 Y111.411 E1684.78678
G1 X146.015 Y111.6 E1685.03059
G1 X88.983 Y111.6 E1686.92748
G1 X81.655 Y111.411 E1687.17129
G1 X74.346 Y110.844 E1687.41512
G1 X67.104 Y109.906 E1687.658
G1 X59.943 Y108.6 E1687.90011
G1 X35.6 Y108.6 E1688.70976 ;T16.343 R8.000 A1.571 C-433.3054000000002 FILLET CORNER
G1 X35.6 Y126.4 E1689.30179 ;T9.800 R8.000 A1.571 C-433.34100000000024 FILLET CORNER
G1 X59.945 Y126.4 E1690.11151
G1 X67.106 Y125.094 E1690.35361
G1 X74.346 Y124.156 E1690.59643
G1 X81.657 Y123.589 E1690.84032
G1 X88.985 Y123.4 E1691.08413
G1 F2700 E1686.08413
G0 F9000 X74.325 Y123.997 ;T-125.765 R8.000 A0.114 C-24.273905000000138 FILLET CORNER
G0 X59.93 Y126.239 ;T-88.476 R8.000 A0.155 C54.320581000000246 FILLET CORNER
G0 X35.772 Y126.228 ;T16.154 R8.000 A1.570 C421.70204799999976 FILLET CORNER
G0 X35.772 Y108.772 ;T9.452 R8.000 A1.570 C421.6671359999997 FILLET CORNER
G0 X59.928 Y108.761 ;T-79.048 R8.000 A0.155 C44.044209000000066 FILLET CORNER
G0 X71.619 Y110.579 ;T-166.367 R8.000 A0.090 C-18.44317799999996 FILLET CORNER
G0 X88.979 Y111.701
G1 F2700 E1691.08413
G0 F9000 X88.993 Y111.2
;TYPE:WALL-OUTER
G1 F1500 X146.005 Y111.2 E1692.98036
G1 X153.302 Y111.012 E1693.22314
G1 X160.592 Y110.448 E1693.46633
G1 X167.842 Y109.509 E1693.70948
G1 X175.019 Y108.2 E1693.95213
G1 X199.8 Y108.2 E1694.77635 ;T16.781 R8.000 A1.571 C230.46329999999998 FILLET CORNER
G1 X199.8 Y117.5 E1695.08566
G1 X199.8 Y126.8 E1695.39498 ;T1.300 R8.000 A1.571 C230.44470000000015 FILLET CORNER
G1 X175.021 Y126.8 E1696.21914
G1 X167.854 Y125.493 E1696.46144
G1 X160.602 Y124.553 E1696.70466
G1 X153.314 Y123.988 E1696.94779
G1 X146.007 Y123.8 E1697.1909
G1 X88.995 Y123.8 E1699.08713
G1 X81.698 Y123.988 E1699.32991
G1 X74.408 Y124.552 E1699.5731
G1 X67.158 Y125.491 E1699.81625
G1 X59.981 Y126.8 E1700.0589
G1 X35.2 Y126.8 E1700.88312 ;T16.781 R8.000 A1.571 C460.92659999999984 FILLET CORNER
G1 X35.2 Y108.2 E1701.50175 ;T10.600 R8.000 A1.571 C460.8893999999998 FILLET CORNER
G1 X59.979 Y108.2 E1702.32591
G1 X67.146 Y109.507 E1702.56821
G1 X74.398 Y110.447 E1702.81143
G1 X81.686 Y111.012 E1703.05456
G1 X88.993 Y111.2 E1703.29767
G0 F9000 X88.975 Y111.96
;TYPE:SKIN
G1 F1500 X146.024 Y111.96 E1705.19513
G1 X153.321 Y111.772 E1705.43791
G1 X160.651 Y111.206 E1705.68243
G1 X167.981 Y110.257 E1705.92827
G1 X175.089 Y108.96 E1706.16858
G1 X199.04 Y108.96 E1706.9652 ;T15.951 R8.000 A1.571 C204.54154000000008 FILLET CORNER
G1 X199.04 Y117.5 E1707.24924
G1 X199.04 Y126.04 E1707.53328 ;T0.540 R8.000 A1.571 C204.51591999999997 FILLET CORNER
G1 X175.092 Y126.04 E1708.32979
G1 X167.99 Y124.744 E1708.56991
G1 X160.7 Y123.799 E1708.8144
G1 X153.372 Y123.23 E1709.05887
G1 X146.027 Y123.04 E1709.30324
G1 X88.977 Y123.04 E1711.20073
G1 X81.64 Y123.23 E1711.44485
G1 X74.347 Y123.794 E1711.68814
G1 X67.023 Y124.742 E1711.93376
G1 X59.911 Y126.04 E1712.17422
G1 X35.96 Y126.04 E1712.97083 ;T15.951 R8.000 A1.571 C409.08308000000034 FILLET CORNER
G1 X35.96 Y108.96 E1713.53891 ;T9.080 R8.000 A1.571 C409.03184000000033 FILLET CORNER
G1 X59.908 Y108.96 E1714.33543
G1 X67.01 Y110.256 E1714.57554
G1 X74.335 Y111.205 E1714.82121
G1 X81.629 Y111.77 E1715.06454
G1 X88.975 Y111.96 E1715.30895
G1 F2700 E1710.30895
G0 F9000 X88.979 Y111.701
G0 X69.848 Y110.443 ;T-137.099 R8.000 A0.102 C19.698982000000086 FILLET CORNER
G0 X59.928 Y108.761 ;T-86.461 R8.000 A0.165 C-39.26837200000011 FILLET CORNER
G0 X36.222 Y108.7
G1 F2700 E1715.30895
G0 F9000 X36.222 Y109.158
G1 F1500 X36.16 Y109.221 E1715.31189
G0 F9000 X36.16 Y109.786
G1 F1500 X36.787 Y109.158 E1715.3414
G0 F9000 X37.353 Y109.158
G1 F1500 X36.16 Y110.352 E1715.39754
G0 F9000 X36.16 Y110.918
G1 F1500 X37.919 Y109.158 E1715.4803
G0 F9000 X38.484 Y109.158
G1 F1500 X36.16 Y111.483 E1715.58964
G0 F9000 X36.16 Y112.049
G1 F1500 X39.05 Y109.158 E1715.7256
G0 F9000 X39.616 Y109.158
G1 F1500 X36.16 Y112.615 E1715.88818
G0 F9000 X36.16 Y113.18
G1 F1500 X40.182 Y109.158 E1716.07737
G0 F9000 X40.747 Y109.158
G1 F1500 X36.16 Y113.746 E1716.29315
G0 F9000 X36.16 Y114.312
G1 F1500 X41.313 Y109.158 E1716.53555
G0 F9000 X41.879 Y109.158
G1 F1500 X36.16 Y114.877 E1716.80456
G0 F9000 X36.16 Y115.443
G1 F1500 X42.444 Y109.158 E1717.10016
G0 F9000 X43.01 Y109.158
G1 F1500 X36.16 Y116.009 E1717.42239
G0 F9000 X36.16 Y116.575
G1 F1500 X43.576 Y109.158 E1717.77124
G0 F9000 X44.141 Y109.158
G1 F1500 X36.16 Y117.14 E1718.14666
G0 F9000 X36.16 Y117.706
G1 F1500 X44.707 Y109.158 E1718.54871
G0 F9000 X45.273 Y109.158
G1 F1500 X36.16 Y118.272 E1718.97738
G0 F9000 X36.16 Y118.837
G1 F1500 X45.838 Y109.158 E1719.43263
G0 F9000 X46.404 Y109.158
G1 F1500 X36.16 Y119.403 E1719.9145
G0 F9000 X36.16 Y119.969
G1 F1500 X46.97 Y109.158 E1720.42299
G0 F9000 X47.535 Y109.158
G1 F1500 X36.16 Y120.534 E1720.95806
G0 F9000 X36.16 Y121.1
G1 F1500 X48.101 Y109.158 E1721.51975
G0 F9000 X48.667 Y109.158
G1 F1500 X36.16 Y121.666 E1722.10806
G0 F9000 X36.16 Y122.231
G1 F1500 X49.233 Y109.158 E1722.72298
G0 F9000 X49.798 Y109.158
G1 F1500 X36.16 Y122.797 E1723.36449
G0 F9000 X36.16 Y123.363
G1 F1500 X50.364 Y109.158 E1724.03263
G0 F9000 X50.93 Y109.158
G1 F1500 X36.16 Y123.928 E1724.72736
G0 F9000 X36.16 Y124.494
G1 F1500 X51.495 Y109.158 E1725.4487
G0 F9000 X52.061 Y109.158
G1 F1500 X36.16 Y125.06 E1726.19666
G0 F9000 X36.16 Y125.626
G1 F1500 X52.627 Y109.158 E1726.97124
G0 F9000 X53.192 Y109.158
G1 F1500 X36.512 Y125.839 E1727.75584
G0 F9000 X37.077 Y125.839
G1 F1500 X53.758 Y109.158 E1728.54046
G0 F9000 X54.324 Y109.158
G1 F1500 X37.643 Y125.839 E1729.32508
G0 F9000 X38.209 Y125.839
G1 F1500 X54.889 Y109.158 E1730.10968
G0 F9000 X55.455 Y109.158
G1 F1500 X38.774 Y125.839 E1730.89431
G0 F9000 X39.34 Y125.839
G1 F1500 X56.021 Y109.158 E1731.67893
G0 F9000 X56.586 Y109.158
G1 F1500 X39.906 Y125.839 E1732.46353
G0 F9000 X40.471 Y125.839
G1 F1500 X57.152 Y109.158 E1733.24815
G0 F9000 X57.718 Y109.158
G1 F1500 X41.037 Y125.839 E1734.03277
G0 F9000 X41.603 Y125.839
G1 F1500 X58.283 Y109.158 E1734.81737
G0 F9000 X58.849 Y109.158
G1 F1500 X42.169 Y125.839 E1735.60197
G0 F9000 X42.734 Y125.839
G1 F1500 X59.415 Y109.158 E1736.3866
G0 F9000 X59.966 Y109.173
G1 F1500 X43.3 Y125.839 E1737.17051
G0 F9000 X43.866 Y125.839
G1 F1500 X60.444 Y109.26 E1737.95032
G0 F9000 X60.923 Y109.347
G1 F1500 X44.431 Y125.839 E1738.72605
G0 F9000 X44.997 Y125.839
G1 F1500 X61.401 Y109.435 E1739.49764
G0 F9000 X61.88 Y109.522
G1 F1500 X45.563 Y125.839 E1740.26514
G0 F9000 X46.128 Y125.839
G1 F1500 X62.359 Y109.609 E1741.02858
G0 F9000 X62.837 Y109.697
G1 F1500 X46.694 Y125.839 E1741.78787
G0 F9000 X47.26 Y125.839
G1 F1500 X63.315 Y109.783 E1742.54307
G0 F9000 X63.793 Y109.871
G1 F1500 X47.825 Y125.839 E1743.29416
G0 F9000 X48.391 Y125.839
G1 F1500 X64.272 Y109.958 E1744.04115
G0 F9000 X64.75 Y110.046
G1 F1500 X48.957 Y125.839 E1744.78401
G0 F9000 X49.522 Y125.839
G1 F1500 X65.229 Y110.133 E1745.52279
G0 F9000 X65.707 Y110.22
G1 F1500 X50.088 Y125.839 E1746.25746
G0 F9000 X50.654 Y125.839
G1 F1500 X66.185 Y110.307 E1746.98802
G0 F9000 X66.664 Y110.394
G1 F1500 X51.219 Y125.839 E1747.7145
G0 F9000 X51.785 Y125.839
G1 F1500 X67.149 Y110.475 E1748.43718
G0 F9000 X67.651 Y110.539
G1 F1500 X52.351 Y125.839 E1749.15684
G0 F9000 X52.917 Y125.839
G1 F1500 X68.151 Y110.604 E1749.87343
G0 F9000 X68.652 Y110.669
G1 F1500 X53.482 Y125.839 E1750.58698
G0 F9000 X54.048 Y125.839
G1 F1500 X69.153 Y110.734 E1751.29747
G0 F9000 X69.654 Y110.799
G1 F1500 X54.614 Y125.839 E1752.0049
G0 F9000 X55.179 Y125.839
G1 F1500 X70.155 Y110.863 E1752.70933
G0 F9000 X70.656 Y110.928
G1 F1500 X55.745 Y125.839 E1753.4107
G0 F9000 X56.311 Y125.839
G1 F1500 X71.156 Y110.993 E1754.10898
G0 F9000 X71.658 Y111.058
G1 F1500 X56.876 Y125.839 E1754.80426
G0 F9000 X57.442 Y125.839
G1 F1500 X72.158 Y111.123 E1755.49646
G0 F9000 X72.66 Y111.187
G1 F1500 X58.008 Y125.839 E1756.18564
G0 F9000 X58.573 Y125.839
G1 F1500 X73.16 Y111.252 E1756.87177
G0 F9000 X73.661 Y111.317
G1 F1500 X59.139 Y125.839 E1757.55484
G0 F9000 X59.705 Y125.839
G1 F1500 X74.162 Y111.382 E1758.23485
G0 F9000 X74.679 Y111.43
G1 F1500 X60.355 Y125.755 E1758.90863
G0 F9000 X61.046 Y125.629
G1 F1500 X75.204 Y111.471 E1759.57458
G0 F9000 X75.729 Y111.512
G1 F1500 X61.738 Y125.502 E1760.23265
G0 F9000 X62.431 Y125.376
G1 F1500 X76.255 Y111.552 E1760.88289
G0 F9000 X76.779 Y111.593
G1 F1500 X63.123 Y125.249 E1761.52523
G0 F9000 X63.814 Y125.123
G1 F1500 X77.305 Y111.633 E1762.15978
G0 F9000 X77.829 Y111.674
G1 F1500 X64.507 Y124.997 E1762.78643
G0 F9000 X65.199 Y124.87
G1 F1500 X78.355 Y111.715 E1763.40522
G0 F9000 X78.88 Y111.755
G1 F1500 X65.891 Y124.744 E1764.01619
G0 F9000 X66.583 Y124.618
G1 F1500 X79.405 Y111.796 E1764.61929
G0 F9000 X79.93 Y111.836
G1 F1500 X67.257 Y124.51 E1765.21542
G0 F9000 X67.906 Y124.426
G1 F1500 X80.455 Y111.877 E1765.80568
G0 F9000 X80.98 Y111.918
G1 F1500 X68.556 Y124.341 E1766.39005
G0 F9000 X69.206 Y124.257
G1 F1500 X81.506 Y111.958 E1766.96858
G0 F9000 X82.05 Y111.979
G1 F1500 X69.857 Y124.172 E1767.5421
G0 F9000 X70.507 Y124.088
G1 F1500 X82.602 Y111.993 E1768.11101
G0 F9000 X83.153 Y112.007
G1 F1500 X71.156 Y124.004 E1768.67531
G0 F9000 X71.806 Y123.92
G1 F1500 X83.705 Y112.021 E1769.235
G0 F9000 X84.256 Y112.036
G1 F1500 X72.456 Y123.836 E1769.79004
G0 F9000 X73.106 Y123.752
G1 F1500 X84.807 Y112.05 E1770.34044
G0 F9000 X85.359 Y112.065
G1 F1500 X73.756 Y123.667 E1770.88619
G0 F9000 X74.401 Y123.588
G1 F1500 X85.91 Y112.079 E1771.42754
G0 F9000 X86.461 Y112.094
G1 F1500 X75.014 Y123.541 E1771.96597
G0 F9000 X75.627 Y123.494
G1 F1500 X87.013 Y112.108 E1772.50153
G0 F9000 X87.564 Y112.122
G1 F1500 X76.24 Y123.446 E1773.03418
G0 F9000 X76.853 Y123.399
G1 F1500 X88.116 Y112.136 E1773.56395
G0 F9000 X88.667 Y112.15
G1 F1500 X77.466 Y123.351 E1774.09081
G0 F9000 X78.08 Y123.303
G1 F1500 X89.224 Y112.159 E1774.61499
G0 F9000 X89.79 Y112.159
G1 F1500 X78.693 Y123.256 E1775.13696
G0 F9000 X79.306 Y123.209
G1 F1500 X90.356 Y112.159 E1775.65672
G0 F9000 X90.921 Y112.159
G1 F1500 X79.919 Y123.161 E1776.17422
G0 F9000 X80.532 Y123.114
G1 F1500 X91.487 Y112.159 E1776.68951
G0 F9000 X92.053 Y112.159
G1 F1500 X81.145 Y123.066 E1777.20257
G0 F9000 X81.751 Y123.026
G1 F1500 X92.618 Y112.159 E1777.71372
G0 F9000 X93.184 Y112.159
G1 F1500 X82.331 Y123.011 E1778.22419
G0 F9000 X82.912 Y122.996
G1 F1500 X93.75 Y112.159 E1778.73395
G0 F9000 X94.316 Y112.159
G1 F1500 X83.493 Y122.982 E1779.24303
G0 F9000 X84.074 Y122.966
G1 F1500 X94.881 Y112.159 E1779.75136
G0 F9000 X95.447 Y112.159
G1 F1500 X84.654 Y122.951 E1780.259
G0 F9000 X85.235 Y122.936
G1 F1500 X96.013 Y112.159 E1780.76594
G0 F9000 X96.578 Y112.159
G1 F1500 X85.816 Y122.921 E1781.27216
G0 F9000 X86.397 Y122.906
G1 F1500 X97.144 Y112.159 E1781.77766
G0 F9000 X97.71 Y112.159
G1 F1500 X86.977 Y122.891 E1782.28249
G0 F9000 X87.558 Y122.876
G1 F1500 X98.275 Y112.159 E1782.78658
G0 F9000 X98.841 Y112.159
G1 F1500 X88.139 Y122.861 E1783.28997
G0 F9000 X88.719 Y122.846
G1 F1500 X99.407 Y112.159 E1783.79268
G0 F9000 X99.972 Y112.159
G1 F1500 X89.292 Y122.84 E1784.29505
G0 F9000 X89.857 Y122.84
G1 F1500 X100.538 Y112.159 E1784.79746
G0 F9000 X101.104 Y112.159
G1 F1500 X90.423 Y122.84 E1785.29986
G0 F9000 X90.989 Y122.84
G1 F1500 X101.669 Y112.159 E1785.80224
G0 F9000 X102.235 Y112.159
G1 F1500 X91.554 Y122.84 E1786.30464
G0 F9000 X92.12 Y122.84
G1 F1500 X102.801 Y112.159 E1786.80704
G0 F9000 X103.366 Y112.159
G1 F1500 X92.686 Y122.84 E1787.30942
G0 F9000 X93.251 Y122.84
G1 F1500 X103.932 Y112.159 E1787.81182
G0 F9000 X104.498 Y112.159
G1 F1500 X93.817 Y122.84 E1788.31422
G0 F9000 X94.383 Y122.84
G1 F1500 X105.064 Y112.159 E1788.81662
G0 F9000 X105.629 Y112.159
G1 F1500 X94.948 Y122.84 E1789.31902
G0 F9000 X95.514 Y122.84
G1 F1500 X106.195 Y112.159 E1789.82142
G0 F9000 X106.761 Y112.159
G1 F1500 X96.08 Y122.84 E1790.32383
G0 F9000 X96.645 Y122.84
G1 F1500 X107.326 Y112.159 E1790.82623
G0 F9000 X107.892 Y112.159
G1 F1500 X97.211 Y122.84 E1791.32863
G0 F9000 X97.777 Y122.84
G1 F1500 X108.458 Y112.159 E1791.83103
G0 F9000 X109.023 Y112.159
G1 F1500 X98.342 Y122.84 E1792.33343
G0 F9000 X98.908 Y122.84
G1 F1500 X109.589 Y112.159 E1792.83583
G0 F9000 X110.155 Y112.159
G1 F1500 X99.474 Y122.84 E1793.33823
G0 F9000 X100.04 Y122.84
G1 F1500 X110.72 Y112.159 E1793.84061
G0 F9000 X111.286 Y112.159
G1 F1500 X100.605 Y122.84 E1794.34301
G0 F9000 X101.171 Y122.84
G1 F1500 X111.852 Y112.159 E1794.84542
G0 F9000 X112.417 Y112.159
G1 F1500 X101.737 Y122.84 E1795.34779
G0 F9000 X102.302 Y122.84
G1 F1500 X112.983 Y112.159 E1795.85019
G0 F9000 X113.549 Y112.159
G1 F1500 X102.868 Y122.84 E1796.3526
G0 F9000 X103.434 Y122.84
G1 F1500 X114.115 Y112.159 E1796.855
G0 F9000 X114.68 Y112.159
G1 F1500 X103.999 Y122.84 E1797.3574
G0 F9000 X104.565 Y122.84
G1 F1500 X115.246 Y112.159 E1797.8598
G0 F9000 X115.812 Y112.159
G1 F1500 X105.131 Y122.84 E1798.3622
G0 F9000 X105.696 Y122.84
G1 F1500 X116.377 Y112.159 E1798.8646
G0 F9000 X116.943 Y112.159
G1 F1500 X106.262 Y122.84 E1799.36701
G0 F9000 X106.828 Y122.84
G1 F1500 X117.508 Y112.159 E1799.86938
G0 F9000 X118.074 Y112.159
G1 F1500 X107.393 Y122.84 E1800.37178
G0 F9000 X107.959 Y122.84
G1 F1500 X118.639 Y112.159 E1800.87416
G0 F9000 X119.205 Y112.159
G1 F1500 X108.525 Y122.84 E1801.37654
G0 F9000 X109.091 Y122.84
G1 F1500 X119.771 Y112.159 E1801.87892
G0 F9000 X120.336 Y112.159
G1 F1500 X109.656 Y122.84 E1802.3813
G0 F9000 X110.222 Y122.84
G1 F1500 X120.902 Y112.159 E1802.88367
G0 F9000 X121.468 Y112.159
G1 F1500 X110.788 Y122.84 E1803.38605
G0 F9000 X111.353 Y122.84
G1 F1500 X122.033 Y112.159 E1803.88843
G0 F9000 X122.599 Y112.159
G1 F1500 X111.919 Y122.84 E1804.39081
G0 F9000 X112.485 Y122.84
G1 F1500 X123.165 Y112.159 E1804.89319
G0 F9000 X123.73 Y112.159
G1 F1500 X113.05 Y122.84 E1805.39556
G0 F9000 X113.616 Y122.84
G1 F1500 X124.296 Y112.159 E1805.89794
G0 F9000 X124.862 Y112.159
G1 F1500 X114.182 Y122.84 E1806.40032
G0 F9000 X114.747 Y122.84
G1 F1500 X125.428 Y112.159 E1806.90272
G0 F9000 X125.993 Y112.159
G1 F1500 X115.313 Y122.84 E1807.4051
G0 F9000 X115.879 Y122.84
G1 F1500 X126.559 Y112.159 E1807.90748
G0 F9000 X127.125 Y112.159
G1 F1500 X116.444 Y122.84 E1808.40988
G0 F9000 X117.01 Y122.84
G1 F1500 X127.69 Y112.159 E1808.91226
G0 F9000 X128.256 Y112.159
G1 F1500 X117.576 Y122.84 E1809.41464
G0 F9000 X118.141 Y122.84
G1 F1500 X128.822 Y112.159 E1809.91704
G0 F9000 X129.387 Y112.159
G1 F1500 X118.707 Y122.84 E1810.41941
G0 F9000 X119.273 Y122.84
G1 F1500 X129.953 Y112.159 E1810.92179
G0 F9000 X130.519 Y112.159
G1 F1500 X119.839 Y122.84 E1811.42417
G0 F9000 X120.404 Y122.84
G1 F1500 X131.084 Y112.159 E1811.92655
G0 F9000 X131.65 Y112.159
G1 F1500 X120.97 Y122.84 E1812.42893
G0 F9000 X121.536 Y122.84
G1 F1500 X132.216 Y112.159 E1812.9313
G0 F9000 X132.781 Y112.159
G1 F1500 X122.101 Y122.84 E1813.43368
G0 F9000 X122.667 Y122.84
G1 F1500 X133.347 Y112.159 E1813.93606
G0 F9000 X133.913 Y112.159
G1 F1500 X123.233 Y122.84 E1814.43844
G0 F9000 X123.798 Y122.84
G1 F1500 X134.478 Y112.159 E1814.94082
G0 F9000 X135.044 Y112.159
G1 F1500 X124.364 Y122.84 E1815.44319
G0 F9000 X124.93 Y122.84
G1 F1500 X135.61 Y112.159 E1815.94557
G0 F9000 X136.176 Y112.159
G1 F1500 X125.495 Y122.84 E1816.44797
G0 F9000 X126.061 Y122.84
G1 F1500 X136.741 Y112.159 E1816.95035
G0 F9000 X137.307 Y112.159
G1 F1500 X126.627 Y122.84 E1817.45273
G0 F9000 X127.192 Y122.84
G1 F1500 X137.873 Y112.159 E1817.95513
G0 F9000 X138.438 Y112.159
G1 F1500 X127.758 Y122.84 E1818.45751
G0 F9000 X128.324 Y122.84
G1 F1500 X139.004 Y112.159 E1818.95989
G0 F9000 X139.57 Y112.159
G1 F1500 X128.89 Y122.84 E1819.46227
G0 F9000 X129.455 Y122.84
G1 F1500 X140.135 Y112.159 E1819.96464
G0 F9000 X140.701 Y112.159
G1 F1500 X130.021 Y122.84 E1820.46702
G0 F9000 X130.587 Y122.84
G1 F1500 X141.267 Y112.159 E1820.9694
G0 F9000 X141.832 Y112.159
G1 F1500 X131.152 Y122.84 E1821.47178
G0 F9000 X131.718 Y122.84
G1 F1500 X142.398 Y112.159 E1821.97416
G0 F9000 X142.964 Y112.159
G1 F1500 X132.284 Y122.84 E1822.47653
G0 F9000 X132.849 Y122.84
G1 F1500 X143.529 Y112.159 E1822.97891
G0 F9000 X144.095 Y112.159
G1 F1500 X133.415 Y122.84 E1823.48129
G0 F9000 X133.981 Y122.84
G1 F1500 X144.661 Y112.159 E1823.98367
G0 F9000 X145.227 Y112.159
G1 F1500 X134.546 Y122.84 E1824.48607
G0 F9000 X135.112 Y122.84
G1 F1500 X145.792 Y112.159 E1824.98845
G0 F9000 X146.366 Y112.151
G1 F1500 X135.678 Y122.84 E1825.4912
G0 F9000 X136.243 Y122.84
G1 F1500 X146.947 Y112.136 E1825.99468
G0 F9000 X147.527 Y112.121
G1 F1500 X136.809 Y122.84 E1826.49885
G0 F9000 X137.375 Y122.84
G1 F1500 X148.109 Y112.106 E1827.00374
G0 F9000 X148.689 Y112.091
G1 F1500 X137.94 Y122.84 E1827.50934
G0 F9000 X138.506 Y122.84
G1 F1500 X149.27 Y112.076 E1828.01565
G0 F9000 X149.851 Y112.06
G1 F1500 X139.072 Y122.84 E1828.52268
G0 F9000 X139.638 Y122.84
G1 F1500 X150.432 Y112.046 E1829.0304
G0 F9000 X151.012 Y112.031
G1 F1500 X140.203 Y122.84 E1829.53882
G0 F9000 X140.769 Y122.84
G1 F1500 X151.593 Y112.016 E1830.04795
G0 F9000 X152.174 Y112
G1 F1500 X141.335 Y122.84 E1830.55781
G0 F9000 X141.9 Y122.84
G1 F1500 X152.754 Y111.985 E1831.06837
G0 F9000 X153.335 Y111.971
G1 F1500 X142.466 Y122.84 E1831.57961
G0 F9000 X143.032 Y122.84
G1 F1500 X153.947 Y111.924 E1832.09305
G0 F9000 X154.561 Y111.876
G1 F1500 X143.597 Y122.84 E1832.60876
G0 F9000 X144.163 Y122.84
G1 F1500 X155.174 Y111.828 E1833.12671
G0 F9000 X155.787 Y111.781
G1 F1500 X144.729 Y122.84 E1833.64686
G0 F9000 X145.294 Y122.84
G1 F1500 X156.4 Y111.734 E1834.16926
G0 F9000 X157.013 Y111.686
G1 F1500 X145.86 Y122.84 E1834.69388
G0 F9000 X146.415 Y122.85
G1 F1500 X157.626 Y111.639 E1835.22121
G0 F9000 X158.24 Y111.591
G1 F1500 X146.967 Y122.864 E1835.75146
G0 F9000 X147.518 Y122.878
G1 F1500 X158.853 Y111.543 E1836.28462
G0 F9000 X159.466 Y111.496
G1 F1500 X148.07 Y122.893 E1836.82068
G0 F9000 X148.621 Y122.907
G1 F1500 X160.079 Y111.449 E1837.35963
G0 F9000 X160.693 Y111.401
G1 F1500 X149.173 Y122.921 E1837.9015
G0 F9000 X149.724 Y122.935
G1 F1500 X161.343 Y111.316 E1838.44802
G0 F9000 X161.993 Y111.232
G1 F1500 X150.276 Y122.949 E1838.99915
G0 F9000 X150.827 Y122.963
G1 F1500 X162.643 Y111.148 E1839.55491
G0 F9000 X163.292 Y111.064
G1 F1500 X151.379 Y122.977 E1840.11527
G0 F9000 X151.93 Y122.992
G1 F1500 X163.942 Y110.98 E1840.68027
G0 F9000 X164.592 Y110.896
G1 F1500 X152.481 Y123.006 E1841.24991
G0 F9000 X153.033 Y123.021
G1 F1500 X165.242 Y110.812 E1841.82419
G0 F9000 X165.892 Y110.727
G1 F1500 X153.575 Y123.045 E1842.40357
G0 F9000 X154.1 Y123.085
G1 F1500 X166.542 Y110.643 E1842.9888
G0 F9000 X167.191 Y110.559
G1 F1500 X154.625 Y123.126 E1843.57989
G0 F9000 X155.149 Y123.167
G1 F1500 X167.841 Y110.475 E1844.17688
G0 F9000 X168.521 Y110.361
G1 F1500 X155.675 Y123.207 E1844.78112
G0 F9000 X156.199 Y123.248
G1 F1500 X169.213 Y110.235 E1845.39323
G0 F9000 X169.905 Y110.109
G1 F1500 X156.724 Y123.289 E1846.0132
G0 F9000 X157.249 Y123.33
G1 F1500 X170.597 Y109.982 E1846.64105
G0 F9000 X171.288 Y109.856
G1 F1500 X157.774 Y123.371 E1847.27673
G0 F9000 X158.299 Y123.412
G1 F1500 X171.981 Y109.73 E1847.92029
G0 F9000 X172.672 Y109.604
G1 F1500 X158.823 Y123.453 E1848.57171
G0 F9000 X159.348 Y123.494
G1 F1500 X173.364 Y109.477 E1849.231
G0 F9000 X174.057 Y109.351
G1 F1500 X159.874 Y123.534 E1849.89812
G0 F9000 X160.398 Y123.575
G1 F1500 X174.748 Y109.225 E1850.5731
G0 F9000 X175.38 Y109.159
G1 F1500 X160.914 Y123.625 E1851.25354
G0 F9000 X161.414 Y123.69
G1 F1500 X175.945 Y109.159 E1851.93703
G0 F9000 X176.511 Y109.159
G1 F1500 X161.916 Y123.755 E1852.62356
G0 F9000 X162.416 Y123.82
G1 F1500 X177.077 Y109.159 E1853.31317
G0 F9000 X177.642 Y109.159
G1 F1500 X162.917 Y123.885 E1854.00581
G0 F9000 X163.418 Y123.95
G1 F1500 X178.208 Y109.159 E1854.70151
G0 F9000 X178.774 Y109.159
G1 F1500 X163.918 Y124.015 E1855.40029
G0 F9000 X164.42 Y124.079
G1 F1500 X179.339 Y109.159 E1856.10206
G0 F9000 X179.905 Y109.159
G1 F1500 X164.92 Y124.144 E1856.80691
G0 F9000 X165.421 Y124.209
G1 F1500 X180.471 Y109.159 E1857.51482
G0 F9000 X181.037 Y109.159
G1 F1500 X165.921 Y124.274 E1858.2258
G0 F9000 X166.423 Y124.339
G1 F1500 X181.602 Y109.159 E1858.9398
G0 F9000 X182.168 Y109.159
G1 F1500 X166.923 Y124.404 E1859.65688
G0 F9000 X167.424 Y124.469
G1 F1500 X182.734 Y109.159 E1860.37701
G0 F9000 X183.299 Y109.159
G1 F1500 X167.925 Y124.534 E1861.10018
G0 F9000 X168.407 Y124.617
G1 F1500 X183.865 Y109.159 E1861.82728
G0 F9000 X184.431 Y109.159
G1 F1500 X168.885 Y124.705 E1862.55852
G0 F9000 X169.364 Y124.792
G1 F1500 X184.996 Y109.159 E1863.29382
G0 F9000 X185.562 Y109.159
G1 F1500 X169.842 Y124.879 E1864.03324
G0 F9000 X170.32 Y124.966
G1 F1500 X186.128 Y109.159 E1864.77678
G0 F9000 X186.693 Y109.159
G1 F1500 X170.799 Y125.053 E1865.52438
G0 F9000 X171.278 Y125.14
G1 F1500 X187.259 Y109.159 E1866.27608
G0 F9000 X187.825 Y109.159
G1 F1500 X171.756 Y125.228 E1867.03192
G0 F9000 X172.234 Y125.315
G1 F1500 X188.39 Y109.159 E1867.79184
G0 F9000 X188.956 Y109.159
G1 F1500 X172.712 Y125.403 E1868.55591
G0 F9000 X173.191 Y125.49
G1 F1500 X189.522 Y109.159 E1869.32407
G0 F9000 X190.087 Y109.159
G1 F1500 X173.67 Y125.577 E1870.0963
G0 F9000 X174.148 Y125.664
G1 F1500 X190.653 Y109.159 E1870.87265
G0 F9000 X191.219 Y109.159
G1 F1500 X174.627 Y125.751 E1871.65308
G0 F9000 X175.105 Y125.839
G1 F1500 X191.785 Y109.159 E1872.43766
G0 F9000 X192.35 Y109.159
G1 F1500 X175.67 Y125.84 E1873.22226
G0 F9000 X176.235 Y125.84
G1 F1500 X192.916 Y109.159 E1874.00688
G0 F9000 X193.482 Y109.159
G1 F1500 X176.801 Y125.84 E1874.79151
G0 F9000 X177.367 Y125.84
G1 F1500 X194.047 Y109.159 E1875.5761
G0 F9000 X194.613 Y109.159
G1 F1500 X177.932 Y125.84 E1876.36073
G0 F9000 X178.498 Y125.84
G1 F1500 X195.179 Y109.159 E1877.14535
G0 F9000 X195.744 Y109.159
G1 F1500 X179.064 Y125.84 E1877.92995
G0 F9000 X179.629 Y125.84
G1 F1500 X196.31 Y109.159 E1878.71457
G0 F9000 X196.876 Y109.159
G1 F1500 X180.195 Y125.84 E1879.4992
G0 F9000 X180.761 Y125.84
G1 F1500 X197.441 Y109.159 E1880.2838
G0 F9000 X198.007 Y109.159
G1 F1500 X181.326 Y125.84 E1881.06842
G0 F9000 X181.892 Y125.84
G1 F1500 X198.573 Y109.159 E1881.85304
G0 F9000 X198.839 Y109.459
G1 F1500 X182.458 Y125.84 E1882.62355
G0 F9000 X183.023 Y125.84
G1 F1500 X198.839 Y110.025 E1883.36747
G0 F9000 X198.839 Y110.59
G1 F1500 X183.589 Y125.84 E1884.08478
G0 F9000 X184.155 Y125.84
G1 F1500 X198.839 Y111.156 E1884.77547
G0 F9000 X198.839 Y111.722
G1 F1500 X184.721 Y125.84 E1885.43954
G0 F9000 X185.286 Y125.84
G1 F1500 X198.839 Y112.287 E1886.07703
G0 F9000 X198.839 Y112.853
G1 F1500 X185.852 Y125.84 E1886.6879
G0 F9000 X186.418 Y125.84
G1 F1500 X198.839 Y113.419 E1887.27214
G0 F9000 X198.839 Y113.984
G1 F1500 X186.983 Y125.84 E1887.82981
G0 F9000 X187.549 Y125.84
G1 F1500 X198.839 Y114.55 E1888.36086
G0 F9000 X198.839 Y115.116
G1 F1500 X188.115 Y125.84 E1888.86528
G0 F9000 X188.68 Y125.84
G1 F1500 X198.839 Y115.681 E1889.34313
G0 F9000 X198.839 Y116.247
G1 F1500 X189.246 Y125.84 E1889.79436
G0 F9000 X189.812 Y125.84
G1 F1500 X198.839 Y116.813 E1890.21896
G0 F9000 X198.839 Y117.379
G1 F1500 X190.377 Y125.84 E1890.61696
G0 F9000 X190.943 Y125.84
G1 F1500 X198.839 Y117.944 E1890.98837
G0 F9000 X198.839 Y118.51
G1 F1500 X191.509 Y125.84 E1891.33315
G0 F9000 X192.074 Y125.84
G1 F1500 X198.839 Y119.076 E1891.65133
G0 F9000 X198.839 Y119.641
G1 F1500 X192.64 Y125.84 E1891.94291
G0 F9000 X193.206 Y125.84
G1 F1500 X198.839 Y120.207 E1892.20787
G0 F9000 X198.839 Y120.773
G1 F1500 X193.772 Y125.84 E1892.44621
G0 F9000 X194.337 Y125.84
G1 F1500 X198.839 Y121.338 E1892.65797
G0 F9000 X198.839 Y121.904
G1 F1500 X194.903 Y125.84 E1892.8431
G0 F9000 X195.469 Y125.84
G1 F1500 X198.839 Y122.47 E1893.00162
G0 F9000 X198.839 Y123.035
G1 F1500 X196.034 Y125.84 E1893.13356
G0 F9000 X196.6 Y125.84
G1 F1500 X198.839 Y123.601 E1893.23887
G0 F9000 X198.839 Y124.167
G1 F1500 X197.166 Y125.84 E1893.31757
G0 F9000 X197.731 Y125.84
G1 F1500 X198.839 Y124.732 E1893.36968
G0 F9000 X198.839 Y125.298
G1 F1500 X198.297 Y125.84 E1893.39518
G1 F2700 E1888.39518
;MESH:NONMESH
G0 F300 X198.297 Y125.84 Z5.8
G0 F9000 X198.297 Y126.3
G0 X199.228 Y126.228
G0 X199.228 Y108.772 ;T9.452 R8.000 A1.570 C-421.702048 FILLET CORNER
G0 X175.07 Y108.761 ;T-78.987 R8.000 A0.155 C-54.417653000000406 FILLET CORNER
G0 X160.635 Y111.007 ;T-140.801 R8.000 A0.103 C12.444365000000179 FILLET CORNER
G0 X152.35 Y111.434 ;T-330.050 R8.000 A0.047 C24.847321999999558 FILLET CORNER
G0 X88.979 Y111.701
G1 F2700 E1893.39518
G0 F9000 X88.983 Y111.6
;TIME_ELAPSED:8338.813874
;LAYER:28
;TYPE:WALL-INNER
;MESH:D638-22 Type I Tensile Specimen.STL
G1 F1500 X146.015 Y111.6 E1895.29207
G1 X153.343 Y111.411 E1895.53588
G1 X160.654 Y110.844 E1895.77978
G1 X167.894 Y109.906 E1896.02259
G1 X175.055 Y108.6 E1896.2647
G1 X199.4 Y108.6 E1897.07441 ;T16.345 R8.000 A1.571 C216.67050000000012 FILLET CORNER
G1 X199.4 Y117.5 E1897.37043
G1 X199.4 Y126.4 E1897.66644 ;T0.900 R8.000 A1.571 C216.6527000000003 FILLET CORNER
G1 X175.057 Y126.4 E1898.4761
G1 X167.896 Y125.094 E1898.7182
G1 X160.654 Y124.156 E1898.96108
G1 X153.345 Y123.589 E1899.20491
G1 X146.017 Y123.4 E1899.44872
G1 X88.985 Y123.4 E1901.34561
G1 X81.657 Y123.589 E1901.58943
G1 X74.346 Y124.156 E1901.83332
G1 X67.106 Y125.094 E1902.07614
G1 X59.945 Y126.4 E1902.31824
G1 X35.6 Y126.4 E1903.12796 ;T16.345 R8.000 A1.571 C433.34100000000024 FILLET CORNER
G1 X35.6 Y108.6 E1903.71999 ;T9.800 R8.000 A1.571 C433.3054000000002 FILLET CORNER
G1 X59.943 Y108.6 E1904.52964
G1 X67.104 Y109.906 E1904.77174
G1 X74.346 Y110.844 E1905.01463
G1 X81.655 Y111.411 E1905.25846
G1 X88.983 Y111.6 E1905.50227
G1 F2700 E1900.50227
G0 F9000 X88.979 Y111.701
G0 X74.325 Y111.003 ;T-134.873 R8.000 A0.107 C22.805162000000145 FILLET CORNER
G0 X59.928 Y108.761 ;T-88.488 R8.000 A0.155 C-54.31611900000024 FILLET CORNER
G0 X35.772 Y108.772 ;T16.152 R8.000 A1.570 C-421.6671359999997 FILLET CORNER
G0 X35.772 Y126.228 ;T9.452 R8.000 A1.570 C-421.70204799999976 FILLET CORNER
G0 X59.93 Y126.239 ;T-78.973 R8.000 A0.155 C-54.41763100000037 FILLET CORNER
G0 X74.363 Y123.993 ;T-117.723 R8.000 A0.121 C25.76019000000028 FILLET CORNER
G0 X88.994 Y123.501
G1 F2700 E1905.50227
G0 F9000 X88.995 Y123.8
;TYPE:WALL-OUTER
G1 F1500 X146.007 Y123.8 E1907.39849
G1 X153.314 Y123.988 E1907.64161
G1 X160.602 Y124.553 E1907.88473
G1 X167.854 Y125.493 E1908.12795
G1 X175.021 Y126.8 E1908.37026
G1 X199.8 Y126.8 E1909.19441 ;T16.779 R8.000 A1.571 C-230.44470000000015 FILLET CORNER
G1 X199.8 Y117.5 E1909.50373
G1 X199.8 Y108.2 E1909.81305 ;T1.300 R8.000 A1.571 C-230.46329999999998 FILLET CORNER
G1 X175.019 Y108.2 E1910.63727
G1 X167.842 Y109.509 E1910.87992
G1 X160.592 Y110.448 E1911.12307
G1 X153.302 Y111.012 E1911.36626
G1 X146.005 Y111.2 E1911.60904
G1 X88.993 Y111.2 E1913.50526
G1 X81.686 Y111.012 E1913.74838
G1 X74.398 Y110.447 E1913.9915
G1 X67.146 Y109.507 E1914.23472
G1 X59.979 Y108.2 E1914.47703
G1 X35.2 Y108.2 E1915.30118 ;T16.779 R8.000 A1.571 C-460.8893999999998 FILLET CORNER
G1 X35.2 Y126.8 E1915.91982 ;T10.600 R8.000 A1.571 C-460.92659999999984 FILLET CORNER
G1 X59.981 Y126.8 E1916.74404
G1 X67.158 Y125.491 E1916.98669
G1 X74.408 Y124.552 E1917.22984
G1 X81.698 Y123.988 E1917.47303
G1 X88.995 Y123.8 E1917.71581
G0 F9000 X88.977 Y123.04
;TYPE:SKIN
G1 F1500 X146.027 Y123.04 E1919.6133
G1 X153.372 Y123.23 E1919.85768
G1 X160.7 Y123.799 E1920.10214
G1 X167.99 Y124.744 E1920.34664
G1 X175.092 Y126.04 E1920.58675
G1 X199.04 Y126.04 E1921.38326 ;T15.948 R8.000 A1.571 C-409.03183999999993 FILLET CORNER
G1 X199.04 Y108.96 E1921.95135 ;T9.080 R8.000 A1.571 C-409.08308000000017 FILLET CORNER
G1 X175.089 Y108.96 E1922.74796
G1 X167.981 Y110.257 E1922.98828
G1 X160.651 Y111.206 E1923.23411
G1 X153.321 Y111.772 E1923.47863
G1 X146.024 Y111.96 E1923.72141
G1 X88.975 Y111.96 E1925.61887
G1 X81.629 Y111.77 E1925.86328
G1 X74.339 Y111.205 E1926.10647
G1 X67.01 Y110.256 E1926.35227
G1 X59.908 Y108.96 E1926.59238
G1 X35.96 Y108.96 E1927.3889 ;T15.948 R8.000 A1.571 C-409.03184000000033 FILLET CORNER
G1 X35.96 Y126.04 E1927.95698 ;T9.080 R8.000 A1.571 C-409.08308000000034 FILLET CORNER
G1 X59.911 Y126.04 E1928.7536
G1 X67.023 Y124.742 E1928.99405
G1 X74.347 Y123.794 E1929.23968
G1 X81.64 Y123.23 E1929.48297
G1 X88.977 Y123.04 E1929.72708
G1 F2700 E1924.72708
G0 F9000 X88.98 Y123.3
G0 X69.807 Y124.562 ;T-136.811 R8.000 A0.102 C-19.688347000000128 FILLET CORNER
G0 X59.93 Y126.239 ;T-86.388 R8.000 A0.166 C38.75501600000023 FILLET CORNER
G0 X36.461 Y126.3
G1 F2700 E1929.72708
G0 F9000 X36.461 Y125.839
G1 F1500 X36.16 Y125.538 E1929.74124
G0 F9000 X36.16 Y124.972
G1 F1500 X37.026 Y125.839 E1929.782
G0 F9000 X37.592 Y125.839
G1 F1500 X36.16 Y124.406 E1929.84938
G0 F9000 X36.16 Y123.841
G1 F1500 X38.158 Y125.839 E1929.94336
G0 F9000 X38.723 Y125.839
G1 F1500 X36.16 Y123.275 E1930.06393
G0 F9000 X36.16 Y122.709
G1 F1500 X39.289 Y125.839 E1930.21114
G0 F9000 X39.855 Y125.839
G1 F1500 X36.16 Y122.144 E1930.38494
G0 F9000 X36.16 Y121.578
G1 F1500 X40.421 Y125.839 E1930.58536
G0 F9000 X40.986 Y125.839
G1 F1500 X36.16 Y121.012 E1930.81239
G0 F9000 X36.16 Y120.447
G1 F1500 X41.552 Y125.839 E1931.06601
G0 F9000 X42.118 Y125.839
G1 F1500 X36.16 Y119.881 E1931.34626
G0 F9000 X36.16 Y119.315
G1 F1500 X42.683 Y125.839 E1931.6531
G0 F9000 X43.249 Y125.839
G1 F1500 X36.16 Y118.75 E1931.98655
G0 F9000 X36.16 Y118.184
G1 F1500 X43.815 Y125.839 E1932.34661
G0 F9000 X44.38 Y125.839
G1 F1500 X36.16 Y117.618 E1932.73328
G0 F9000 X36.16 Y117.053
G1 F1500 X44.946 Y125.839 E1933.14655
G0 F9000 X45.512 Y125.839
G1 F1500 X36.16 Y116.487 E1933.58644
G0 F9000 X36.16 Y115.921
G1 F1500 X46.077 Y125.839 E1934.05293
G0 F9000 X46.643 Y125.839
G1 F1500 X36.16 Y115.355 E1934.54604
G0 F9000 X36.16 Y114.79
G1 F1500 X47.209 Y125.839 E1935.06575
G0 F9000 X47.774 Y125.839
G1 F1500 X36.16 Y114.224 E1935.61206
G0 F9000 X36.16 Y113.658
G1 F1500 X48.34 Y125.839 E1936.18499
G0 F9000 X48.906 Y125.839
G1 F1500 X36.16 Y113.093 E1936.78452
G0 F9000 X36.16 Y112.527
G1 F1500 X49.472 Y125.839 E1937.41068
G0 F9000 X50.037 Y125.839
G1 F1500 X36.16 Y111.961 E1938.06344
G0 F9000 X36.16 Y111.396
G1 F1500 X50.603 Y125.839 E1938.74279
G0 F9000 X51.169 Y125.839
G1 F1500 X36.16 Y110.83 E1939.44877
G0 F9000 X36.16 Y110.264
G1 F1500 X51.734 Y125.839 E1940.18134
G0 F9000 X52.3 Y125.839
G1 F1500 X36.16 Y109.699 E1940.94052
G0 F9000 X36.186 Y109.159
G1 F1500 X52.866 Y125.839 E1941.7251
G0 F9000 X53.431 Y125.839
G1 F1500 X36.751 Y109.159 E1942.50967
G0 F9000 X37.317 Y109.159
G1 F1500 X53.997 Y125.839 E1943.29425
G0 F9000 X54.563 Y125.839
G1 F1500 X37.883 Y109.159 E1944.07882
G0 F9000 X38.448 Y109.159
G1 F1500 X55.128 Y125.839 E1944.8634
G0 F9000 X55.694 Y125.839
G1 F1500 X39.014 Y109.159 E1945.64798
G0 F9000 X39.58 Y109.159
G1 F1500 X56.26 Y125.839 E1946.43255
G0 F9000 X56.825 Y125.839
G1 F1500 X40.145 Y109.159 E1947.21713
G0 F9000 X40.711 Y109.159
G1 F1500 X57.391 Y125.839 E1948.0017
G0 F9000 X57.957 Y125.839
G1 F1500 X41.277 Y109.159 E1948.78628
G0 F9000 X41.843 Y109.159
G1 F1500 X58.522 Y125.839 E1949.57083
G0 F9000 X59.088 Y125.839
G1 F1500 X42.408 Y109.159 E1950.35541
G0 F9000 X42.974 Y109.159
G1 F1500 X59.654 Y125.839 E1951.13999
G0 F9000 X60.169 Y125.788
G1 F1500 X43.54 Y109.159 E1951.92216
G0 F9000 X44.105 Y109.159
G1 F1500 X60.647 Y125.701 E1952.70025
G0 F9000 X61.125 Y125.613
G1 F1500 X44.671 Y109.159 E1953.47419
G0 F9000 X45.237 Y109.159
G1 F1500 X61.604 Y125.527 E1954.24407
G0 F9000 X62.082 Y125.439
G1 F1500 X45.802 Y109.159 E1955.00983
G0 F9000 X46.368 Y109.159
G1 F1500 X62.561 Y125.352 E1955.7715
G0 F9000 X63.039 Y125.264
G1 F1500 X46.934 Y109.159 E1956.52903
G0 F9000 X47.499 Y109.159
G1 F1500 X63.517 Y125.177 E1957.28247
G0 F9000 X63.995 Y125.09
G1 F1500 X48.065 Y109.159 E1958.03179
G0 F9000 X48.631 Y109.159
G1 F1500 X64.474 Y125.003 E1958.77702
G0 F9000 X64.952 Y124.915
G1 F1500 X49.196 Y109.159 E1959.51813
G0 F9000 X49.762 Y109.159
G1 F1500 X65.43 Y124.827 E1960.25511
G0 F9000 X65.909 Y124.74
G1 F1500 X50.328 Y109.159 E1960.98799
G0 F9000 X50.894 Y109.159
G1 F1500 X66.387 Y124.653 E1961.71676
G0 F9000 X66.866 Y124.566
G1 F1500 X51.459 Y109.159 E1962.44146
G0 F9000 X52.025 Y109.159
G1 F1500 X67.361 Y124.496 E1963.16284
G0 F9000 X67.862 Y124.43
G1 F1500 X52.591 Y109.159 E1963.88114
G0 F9000 X53.156 Y109.159
G1 F1500 X68.363 Y124.365 E1964.59641
G0 F9000 X68.863 Y124.3
G1 F1500 X53.722 Y109.159 E1965.30859
G0 F9000 X54.288 Y109.159
G1 F1500 X69.365 Y124.236 E1966.01777
G0 F9000 X69.865 Y124.171
G1 F1500 X54.853 Y109.159 E1966.72389
G0 F9000 X55.419 Y109.159
G1 F1500 X70.366 Y124.106 E1967.42695
G0 F9000 X70.866 Y124.041
G1 F1500 X55.985 Y109.159 E1968.12693
G0 F9000 X56.55 Y109.159
G1 F1500 X71.367 Y123.976 E1968.82387
G0 F9000 X71.868 Y123.911
G1 F1500 X57.116 Y109.159 E1969.51776
G0 F9000 X57.682 Y109.159
G1 F1500 X72.369 Y123.846 E1970.20859
G0 F9000 X72.87 Y123.781
G1 F1500 X58.247 Y109.159 E1970.89639
G0 F9000 X58.813 Y109.159
G1 F1500 X73.37 Y123.716 E1971.58111
G0 F9000 X73.871 Y123.651
G1 F1500 X59.379 Y109.159 E1972.26277
G0 F9000 X59.957 Y109.172
G1 F1500 X74.375 Y123.59 E1972.94095
G0 F9000 X74.9 Y123.549
G1 F1500 X60.649 Y109.298 E1973.61127
G0 F9000 X61.341 Y109.424
G1 F1500 X75.425 Y123.508 E1974.27374
G0 F9000 X75.951 Y123.468
G1 F1500 X62.033 Y109.55 E1974.9284
G0 F9000 X62.725 Y109.677
G1 F1500 X76.475 Y123.427 E1975.57516
G0 F9000 X77.001 Y123.387
G1 F1500 X63.417 Y109.803 E1976.21411
G0 F9000 X64.109 Y109.929
G1 F1500 X77.525 Y123.346 E1976.84518
G0 F9000 X78.051 Y123.305
G1 F1500 X64.801 Y110.056 E1977.46839
G0 F9000 X65.492 Y110.182
G1 F1500 X78.575 Y123.264 E1978.08375
G0 F9000 X79.101 Y123.224
G1 F1500 X66.185 Y110.308 E1978.69128
G0 F9000 X66.876 Y110.434
G1 F1500 X79.625 Y123.183 E1979.29096
G0 F9000 X80.151 Y123.143
G1 F1500 X67.533 Y110.525 E1979.88447
G0 F9000 X68.183 Y110.609
G1 F1500 X80.675 Y123.102 E1980.47208
G0 F9000 X81.201 Y123.062
G1 F1500 X68.833 Y110.694 E1981.05383
G0 F9000 X69.482 Y110.777
G1 F1500 X81.731 Y123.026 E1981.62998
G0 F9000 X82.283 Y123.012
G1 F1500 X70.132 Y110.861 E1982.20153
G0 F9000 X70.782 Y110.945
G1 F1500 X82.834 Y122.998 E1982.76844
G0 F9000 X83.385 Y122.983
G1 F1500 X71.431 Y111.029 E1983.33072
G0 F9000 X72.081 Y111.114
G1 F1500 X83.937 Y122.969 E1983.88837
G0 F9000 X84.488 Y122.955
G1 F1500 X72.73 Y111.197 E1984.44143
G0 F9000 X73.38 Y111.281
G1 F1500 X85.04 Y122.941 E1984.98988
G0 F9000 X85.591 Y122.926
G1 F1500 X74.03 Y111.365 E1985.53367
G0 F9000 X74.66 Y111.43
G1 F1500 X86.142 Y122.912 E1986.07375
G0 F9000 X86.694 Y122.897
G1 F1500 X75.273 Y111.477 E1986.61094
G0 F9000 X75.886 Y111.524
G1 F1500 X87.245 Y122.883 E1987.14523
G0 F9000 X87.797 Y122.869
G1 F1500 X76.499 Y111.572 E1987.67663
G0 F9000 X77.112 Y111.619
G1 F1500 X88.348 Y122.854 E1988.20511
G0 F9000 X88.899 Y122.84
G1 F1500 X77.725 Y111.667 E1988.73068
G0 F9000 X78.338 Y111.714
G1 F1500 X89.463 Y122.839 E1989.25397
G0 F9000 X90.029 Y122.839
G1 F1500 X78.952 Y111.761 E1989.77502
G0 F9000 X79.565 Y111.809
G1 F1500 X90.595 Y122.839 E1990.29384
G0 F9000 X91.16 Y122.839
G1 F1500 X80.178 Y111.856 E1990.81042
G0 F9000 X80.791 Y111.903
G1 F1500 X91.726 Y122.839 E1991.32479
G0 F9000 X92.292 Y122.839
G1 F1500 X81.404 Y111.951 E1991.83693
G0 F9000 X81.997 Y111.978
G1 F1500 X92.857 Y122.839 E1992.34777
G0 F9000 X93.423 Y122.839
G1 F1500 X82.578 Y111.993 E1992.85791
G0 F9000 X83.158 Y112.008
G1 F1500 X93.989 Y122.839 E1993.36737
G0 F9000 X94.555 Y122.839
G1 F1500 X83.739 Y112.024 E1993.8761
G0 F9000 X84.32 Y112.038
G1 F1500 X95.12 Y122.839 E1994.38412
G0 F9000 X95.686 Y122.839
G1 F1500 X84.9 Y112.053 E1994.89146
G0 F9000 X85.482 Y112.069
G1 F1500 X96.252 Y122.839 E1995.39805
G0 F9000 X96.817 Y122.839
G1 F1500 X86.062 Y112.084 E1995.90393
G0 F9000 X86.643 Y112.099
G1 F1500 X97.383 Y122.839 E1996.40911
G0 F9000 X97.949 Y122.839
G1 F1500 X87.223 Y112.113 E1996.91363
G0 F9000 X87.804 Y112.129
G1 F1500 X98.514 Y122.839 E1997.41739
G0 F9000 X99.08 Y122.839
G1 F1500 X88.385 Y112.144 E1997.92045
G0 F9000 X88.966 Y112.159
G1 F1500 X99.646 Y122.839 E1998.42281
G0 F9000 X100.211 Y122.839
G1 F1500 X89.532 Y112.159 E1998.92514
G0 F9000 X90.098 Y112.159
G1 F1500 X100.777 Y122.839 E1999.42747
G0 F9000 X101.343 Y122.839
G1 F1500 X90.663 Y112.159 E1999.92982
G0 F9000 X91.229 Y112.159
G1 F1500 X101.908 Y122.839 E2000.43215
G0 F9000 X102.474 Y122.839
G1 F1500 X91.795 Y112.159 E2000.93448
G0 F9000 X92.36 Y112.159
G1 F1500 X103.04 Y122.839 E2001.43684
G0 F9000 X103.605 Y122.839
G1 F1500 X92.926 Y112.159 E2001.93917
G0 F9000 X93.492 Y112.159
G1 F1500 X104.171 Y122.839 E2002.4415
G0 F9000 X104.737 Y122.839
G1 F1500 X94.057 Y112.159 E2002.94385
G0 F9000 X94.623 Y112.159
G1 F1500 X105.303 Y122.839 E2003.44621
G0 F9000 X105.868 Y122.839
G1 F1500 X95.189 Y112.159 E2003.94854
G0 F9000 X95.754 Y112.159
G1 F1500 X106.434 Y122.839 E2004.45089
G0 F9000 X107 Y122.839
G1 F1500 X96.32 Y112.159 E2004.95325
G0 F9000 X96.886 Y112.159
G1 F1500 X107.565 Y122.839 E2005.45558
G0 F9000 X108.131 Y122.839
G1 F1500 X97.452 Y112.159 E2005.95791
G0 F9000 X98.017 Y112.159
G1 F1500 X108.697 Y122.839 E2006.46026
G0 F9000 X109.262 Y122.839
G1 F1500 X98.583 Y112.159 E2006.9626
G0 F9000 X99.149 Y112.159
G1 F1500 X109.828 Y122.839 E2007.46493
G0 F9000 X110.394 Y122.839
G1 F1500 X99.714 Y112.159 E2007.96728
G0 F9000 X100.28 Y112.159
G1 F1500 X110.959 Y122.839 E2008.46961
G0 F9000 X111.525 Y122.839
G1 F1500 X100.846 Y112.159 E2008.97194
G0 F9000 X101.411 Y112.159
G1 F1500 X112.091 Y122.839 E2009.4743
G0 F9000 X112.656 Y122.839
G1 F1500 X101.977 Y112.159 E2009.97663
G0 F9000 X102.543 Y112.159
G1 F1500 X113.222 Y122.839 E2010.47896
G0 F9000 X113.788 Y122.839
G1 F1500 X103.108 Y112.159 E2010.98131
G0 F9000 X103.674 Y112.159
G1 F1500 X114.354 Y122.839 E2011.48367
G0 F9000 X114.919 Y122.839
G1 F1500 X104.24 Y112.159 E2011.986
G0 F9000 X104.805 Y112.159
G1 F1500 X115.485 Y122.839 E2012.48835
G0 F9000 X116.051 Y122.839
G1 F1500 X105.371 Y112.159 E2012.99071
G0 F9000 X105.937 Y112.159
G1 F1500 X116.616 Y122.839 E2013.49304
G0 F9000 X117.182 Y122.839
G1 F1500 X106.503 Y112.159 E2013.99537
G0 F9000 X107.068 Y112.159
G1 F1500 X117.748 Y122.839 E2014.49772
G0 F9000 X118.313 Y122.839
G1 F1500 X107.634 Y112.159 E2015.00006
G0 F9000 X108.2 Y112.159
G1 F1500 X118.879 Y122.839 E2015.50239
G0 F9000 X119.445 Y122.839
G1 F1500 X108.765 Y112.159 E2016.00474
G0 F9000 X109.331 Y112.159
G1 F1500 X120.01 Y122.839 E2016.50707
G0 F9000 X120.576 Y122.839
G1 F1500 X109.897 Y112.159 E2017.0094
G0 F9000 X110.462 Y112.159
G1 F1500 X121.142 Y122.839 E2017.51176
G0 F9000 X121.707 Y122.839
G1 F1500 X111.028 Y112.159 E2018.01409
G0 F9000 X111.594 Y112.159
G1 F1500 X122.273 Y122.839 E2018.51642
G0 F9000 X122.839 Y122.839
G1 F1500 X112.159 Y112.159 E2019.01877
G0 F9000 X112.725 Y112.159
G1 F1500 X123.404 Y122.839 E2019.5211
G0 F9000 X123.97 Y122.839
G1 F1500 X113.291 Y112.159 E2020.02344
G0 F9000 X113.856 Y112.159
G1 F1500 X124.536 Y122.839 E2020.52579
G0 F9000 X125.102 Y122.839
G1 F1500 X114.422 Y112.159 E2021.02814
G0 F9000 X114.988 Y112.159
G1 F1500 X125.667 Y122.839 E2021.53048
G0 F9000 X126.233 Y122.839
G1 F1500 X115.553 Y112.159 E2022.03283
G0 F9000 X116.119 Y112.159
G1 F1500 X126.799 Y122.839 E2022.53518
G0 F9000 X127.364 Y122.839
G1 F1500 X116.685 Y112.159 E2023.03752
G0 F9000 X117.251 Y112.159
G1 F1500 X127.93 Y122.839 E2023.53985
G0 F9000 X128.496 Y122.839
G1 F1500 X117.817 Y112.16 E2024.04215
G0 F9000 X118.383 Y112.16
G1 F1500 X129.061 Y122.839 E2024.54444
G0 F9000 X129.627 Y122.839
G1 F1500 X118.948 Y112.16 E2025.04674
G0 F9000 X119.514 Y112.16
G1 F1500 X130.193 Y122.839 E2025.54905
G0 F9000 X130.758 Y122.839
G1 F1500 X120.08 Y112.16 E2026.05134
G0 F9000 X120.645 Y112.16
G1 F1500 X131.324 Y122.839 E2026.55364
G0 F9000 X131.89 Y122.839
G1 F1500 X121.211 Y112.16 E2027.05595
G0 F9000 X121.777 Y112.16
G1 F1500 X132.455 Y122.839 E2027.55823
G0 F9000 X133.021 Y122.839
G1 F1500 X122.342 Y112.16 E2028.06054
G0 F9000 X122.908 Y112.16
G1 F1500 X133.587 Y122.839 E2028.56285
G0 F9000 X134.153 Y122.839
G1 F1500 X123.474 Y112.16 E2029.06516
G0 F9000 X124.039 Y112.16
G1 F1500 X134.718 Y122.839 E2029.56746
G0 F9000 X135.284 Y122.839
G1 F1500 X124.605 Y112.16 E2030.06977
G0 F9000 X125.171 Y112.16
G1 F1500 X135.85 Y122.839 E2030.57208
G0 F9000 X136.415 Y122.839
G1 F1500 X125.737 Y112.16 E2031.07436
G0 F9000 X126.302 Y112.16
G1 F1500 X136.981 Y122.839 E2031.57667
G0 F9000 X137.547 Y122.839
G1 F1500 X126.868 Y112.16 E2032.07898
G0 F9000 X127.434 Y112.16
G1 F1500 X138.112 Y122.839 E2032.58126
G0 F9000 X138.678 Y122.839
G1 F1500 X127.999 Y112.16 E2033.08357
G0 F9000 X128.565 Y112.16
G1 F1500 X139.244 Y122.839 E2033.58588
G0 F9000 X139.809 Y122.839
G1 F1500 X129.131 Y112.16 E2034.08816
G0 F9000 X129.696 Y112.16
G1 F1500 X140.375 Y122.839 E2034.59047
G0 F9000 X140.941 Y122.839
G1 F1500 X130.262 Y112.16 E2035.09278
G0 F9000 X130.828 Y112.16
G1 F1500 X141.506 Y122.839 E2035.59506
G0 F9000 X142.072 Y122.839
G1 F1500 X131.393 Y112.16 E2036.09737
G0 F9000 X131.959 Y112.16
G1 F1500 X142.638 Y122.839 E2036.59967
G0 F9000 X143.203 Y122.839
G1 F1500 X132.525 Y112.16 E2037.10196
G0 F9000 X133.09 Y112.16
G1 F1500 X143.769 Y122.839 E2037.60427
G0 F9000 X144.335 Y122.839
G1 F1500 X133.656 Y112.16 E2038.10657
G0 F9000 X134.222 Y112.16
G1 F1500 X144.901 Y122.839 E2038.60888
G0 F9000 X145.466 Y122.839
G1 F1500 X134.787 Y112.16 E2039.11119
G0 F9000 X135.353 Y112.16
G1 F1500 X146.033 Y122.84 E2039.61354
G0 F9000 X146.613 Y122.854
G1 F1500 X135.919 Y112.16 E2040.11656
G0 F9000 X136.485 Y112.16
G1 F1500 X147.194 Y122.869 E2040.62027
G0 F9000 X147.774 Y122.884
G1 F1500 X137.05 Y112.16 E2041.1247
G0 F9000 X137.616 Y112.16
G1 F1500 X148.355 Y122.899 E2041.62983
G0 F9000 X148.935 Y122.914
G1 F1500 X138.182 Y112.16 E2042.13564
G0 F9000 X138.747 Y112.16
G1 F1500 X149.517 Y122.929 E2042.6422
G0 F9000 X150.097 Y122.944
G1 F1500 X139.313 Y112.16 E2043.14945
G0 F9000 X139.879 Y112.16
G1 F1500 X150.678 Y122.959 E2043.6574
G0 F9000 X151.258 Y122.974
G1 F1500 X140.444 Y112.16 E2044.16606
G0 F9000 X141.01 Y112.16
G1 F1500 X151.839 Y122.989 E2044.67542
G0 F9000 X152.419 Y123.004
G1 F1500 X141.576 Y112.16 E2045.18547
G0 F9000 X142.141 Y112.16
G1 F1500 X153 Y123.019 E2045.69624
G0 F9000 X153.592 Y123.045
G1 F1500 X142.707 Y112.16 E2046.20824
G0 F9000 X143.273 Y112.16
G1 F1500 X154.205 Y123.093 E2046.72247
G0 F9000 X154.818 Y123.14
G1 F1500 X143.838 Y112.16 E2047.23893
G0 F9000 X144.404 Y112.16
G1 F1500 X155.432 Y123.188 E2047.75766
G0 F9000 X156.045 Y123.235
G1 F1500 X144.97 Y112.16 E2048.27859
G0 F9000 X145.536 Y112.16
G1 F1500 X156.659 Y123.284 E2048.80181
G0 F9000 X157.272 Y123.331
G1 F1500 X146.1 Y112.159 E2049.3273
G0 F9000 X146.651 Y112.145
G1 F1500 X157.886 Y123.379 E2049.85574
G0 F9000 X158.499 Y123.426
G1 F1500 X147.202 Y112.13 E2050.38709
G0 F9000 X147.754 Y112.116
G1 F1500 X159.113 Y123.474 E2050.92136
G0 F9000 X159.726 Y123.522
G1 F1500 X148.305 Y112.101 E2051.45857
G0 F9000 X148.857 Y112.087
G1 F1500 X160.339 Y123.57 E2051.99867
G0 F9000 X160.966 Y123.631
G1 F1500 X149.408 Y112.073 E2052.54233
G0 F9000 X149.96 Y112.059
G1 F1500 X161.617 Y123.716 E2053.09064
G0 F9000 X162.266 Y123.8
G1 F1500 X150.511 Y112.044 E2053.64358
G0 F9000 X151.062 Y112.03
G1 F1500 X162.916 Y123.884 E2054.20115
G0 F9000 X163.566 Y123.968
G1 F1500 X151.614 Y112.016 E2054.76334
G0 F9000 X152.165 Y112.002
G1 F1500 X164.216 Y124.052 E2055.33016
G0 F9000 X164.866 Y124.136
G1 F1500 X152.717 Y111.988 E2055.90159
G0 F9000 X153.268 Y111.973
G1 F1500 X165.516 Y124.22 E2056.47767
G0 F9000 X166.165 Y124.305
G1 F1500 X153.797 Y111.936 E2057.05945
G0 F9000 X154.322 Y111.896
G1 F1500 X166.816 Y124.389 E2057.6471
G0 F9000 X167.466 Y124.474
G1 F1500 X154.847 Y111.855 E2058.24066
G0 F9000 X155.372 Y111.814
G1 F1500 X168.123 Y124.565 E2058.84043
G0 F9000 X168.814 Y124.691
G1 F1500 X155.897 Y111.773 E2059.44803
G0 F9000 X156.422 Y111.733
G1 F1500 X169.506 Y124.817 E2060.06346
G0 F9000 X170.198 Y124.943
G1 F1500 X156.947 Y111.692 E2060.68675
G0 F9000 X157.472 Y111.652
G1 F1500 X170.89 Y125.07 E2061.31789
G0 F9000 X171.582 Y125.196
G1 F1500 X157.997 Y111.611 E2061.95689
G0 F9000 X158.522 Y111.57
G1 F1500 X172.273 Y125.321 E2062.60369
G0 F9000 X172.966 Y125.448
G1 F1500 X159.047 Y111.529 E2063.2584
G0 F9000 X159.572 Y111.489
G1 F1500 X173.657 Y125.574 E2063.92091
G0 F9000 X174.349 Y125.7
G1 F1500 X160.097 Y111.448 E2064.59128
G0 F9000 X160.622 Y111.408
G1 F1500 X175.041 Y125.826 E2065.26949
G0 F9000 X175.619 Y125.839
G1 F1500 X161.126 Y111.345 E2065.95121
G0 F9000 X161.626 Y111.28
G1 F1500 X176.185 Y125.839 E2066.63603
G0 F9000 X176.751 Y125.839
G1 F1500 X162.128 Y111.216 E2067.32385
G0 F9000 X162.628 Y111.151
G1 F1500 X177.316 Y125.839 E2068.01473
G0 F9000 X177.882 Y125.839
G1 F1500 X163.129 Y111.086 E2068.70866
G0 F9000 X163.63 Y111.021
G1 F1500 X178.448 Y125.839 E2069.40565
G0 F9000 X179.013 Y125.839
G1 F1500 X164.131 Y110.957 E2070.10566
G0 F9000 X164.632 Y110.892
G1 F1500 X179.579 Y125.839 E2070.80872
G0 F9000 X180.145 Y125.839
G1 F1500 X165.132 Y110.826 E2071.51488
G0 F9000 X165.634 Y110.762
G1 F1500 X180.711 Y125.839 E2072.22406
G0 F9000 X181.276 Y125.839
G1 F1500 X166.134 Y110.697 E2072.93629
G0 F9000 X166.635 Y110.632
G1 F1500 X181.842 Y125.839 E2073.65158
G0 F9000 X182.408 Y125.839
G1 F1500 X167.136 Y110.568 E2074.36991
G0 F9000 X167.637 Y110.503
G1 F1500 X182.973 Y125.839 E2075.09127
G0 F9000 X183.539 Y125.839
G1 F1500 X168.133 Y110.433 E2075.81592
G0 F9000 X168.611 Y110.346
G1 F1500 X184.105 Y125.839 E2076.54469
G0 F9000 X184.67 Y125.839
G1 F1500 X169.089 Y110.258 E2077.27757
G0 F9000 X169.568 Y110.171
G1 F1500 X185.236 Y125.839 E2078.01454
G0 F9000 X185.802 Y125.839
G1 F1500 X170.046 Y110.083 E2078.75566
G0 F9000 X170.525 Y109.996
G1 F1500 X186.367 Y125.839 E2079.50084
G0 F9000 X186.933 Y125.839
G1 F1500 X171.003 Y109.909 E2080.25014
G0 F9000 X171.481 Y109.822
G1 F1500 X187.499 Y125.839 E2081.00355
G0 F9000 X188.064 Y125.839
G1 F1500 X171.959 Y109.734 E2081.76108
G0 F9000 X172.438 Y109.647
G1 F1500 X188.63 Y125.839 E2082.5227
G0 F9000 X189.196 Y125.839
G1 F1500 X172.917 Y109.56 E2083.28842
G0 F9000 X173.395 Y109.472
G1 F1500 X189.762 Y125.839 E2084.05827
G0 F9000 X190.327 Y125.839
G1 F1500 X173.874 Y109.385 E2084.83219
G0 F9000 X174.352 Y109.298
G1 F1500 X190.893 Y125.839 E2085.61023
G0 F9000 X191.459 Y125.839
G1 F1500 X174.83 Y109.211 E2086.39238
G0 F9000 X175.345 Y109.16
G1 F1500 X192.024 Y125.839 E2087.17691
G0 F9000 X192.59 Y125.839
G1 F1500 X175.911 Y109.16 E2087.96144
G0 F9000 X176.476 Y109.16
G1 F1500 X193.156 Y125.839 E2088.746
G0 F9000 X193.721 Y125.839
G1 F1500 X177.042 Y109.16 E2089.53052
G0 F9000 X177.608 Y109.16
G1 F1500 X194.287 Y125.839 E2090.31505
G0 F9000 X194.853 Y125.839
G1 F1500 X178.173 Y109.16 E2091.09961
G0 F9000 X178.739 Y109.16
G1 F1500 X195.418 Y125.839 E2091.88413
G0 F9000 X195.984 Y125.839
G1 F1500 X179.305 Y109.16 E2092.66866
G0 F9000 X179.87 Y109.16
G1 F1500 X196.55 Y125.839 E2093.45322
G0 F9000 X197.115 Y125.839
G1 F1500 X180.436 Y109.16 E2094.23775
G0 F9000 X181.002 Y109.16
G1 F1500 X197.681 Y125.839 E2095.02227
G0 F9000 X198.247 Y125.839
G1 F1500 X181.568 Y109.16 E2095.8068
G0 F9000 X182.133 Y109.16
G1 F1500 X198.812 Y125.839 E2096.59133
G0 F9000 X198.839 Y125.3
G1 F1500 X182.699 Y109.16 E2097.35051
G0 F9000 X183.265 Y109.16
G1 F1500 X198.839 Y124.734 E2098.08306
G0 F9000 X198.839 Y124.168
G1 F1500 X183.83 Y109.16 E2098.78902
G0 F9000 X184.396 Y109.16
G1 F1500 X198.839 Y123.602 E2099.46835
G0 F9000 X198.839 Y123.037
G1 F1500 X184.962 Y109.16 E2100.12108
G0 F9000 X185.527 Y109.16
G1 F1500 X198.839 Y122.471 E2100.74721
G0 F9000 X198.839 Y121.905
G1 F1500 X186.093 Y109.16 E2101.34672
G0 F9000 X186.659 Y109.16
G1 F1500 X198.839 Y121.34 E2101.91963
G0 F9000 X198.839 Y120.774
G1 F1500 X187.224 Y109.16 E2102.46594
G0 F9000 X187.79 Y109.16
G1 F1500 X198.839 Y120.208 E2102.98563
G0 F9000 X198.839 Y119.643
G1 F1500 X188.356 Y109.16 E2103.47872
G0 F9000 X188.921 Y109.16
G1 F1500 X198.839 Y119.077 E2103.9452
G0 F9000 X198.839 Y118.511
G1 F1500 X189.487 Y109.16 E2104.38507
G0 F9000 X190.053 Y109.16
G1 F1500 X198.839 Y117.946 E2104.79834
G0 F9000 X198.839 Y117.38
G1 F1500 X190.619 Y109.16 E2105.18498
G0 F9000 X191.184 Y109.16
G1 F1500 X198.839 Y116.814 E2105.54502
G0 F9000 X198.839 Y116.249
G1 F1500 X191.75 Y109.16 E2105.87847
G0 F9000 X192.316 Y109.16
G1 F1500 X198.839 Y115.683 E2106.18529
G0 F9000 X198.839 Y115.117
G1 F1500 X192.881 Y109.16 E2106.46551
G0 F9000 X193.447 Y109.16
G1 F1500 X198.839 Y114.552 E2106.71914
G0 F9000 X198.839 Y113.986
G1 F1500 X194.013 Y109.16 E2106.94614
G0 F9000 X194.578 Y109.16
G1 F1500 X198.839 Y113.42 E2107.14654
G0 F9000 X198.839 Y112.854
G1 F1500 X195.144 Y109.16 E2107.32032
G0 F9000 X195.71 Y109.16
G1 F1500 X198.839 Y112.289 E2107.46749
G0 F9000 X198.839 Y111.723
G1 F1500 X196.275 Y109.16 E2107.58807
G0 F9000 X196.841 Y109.16
G1 F1500 X198.839 Y111.157 E2107.68203
G0 F9000 X198.839 Y110.592
G1 F1500 X197.407 Y109.16 E2107.74939
G0 F9000 X197.972 Y109.16
G1 F1500 X198.839 Y110.026 E2107.79014
G0 F9000 X198.839 Y109.46
G1 F1500 X198.538 Y109.16 E2107.80428
G1 F2700 E2102.80428
;MESH:NONMESH
G0 F300 X198.538 Y109.16 Z6
G0 F9000 X198.538 Y108.7
G0 X199.228 Y108.772
G0 X199.228 Y126.228 ;T9.452 R8.000 A1.570 C421.66713599999986 FILLET CORNER
G0 X175.072 Y126.239 ;T-79.003 R8.000 A0.155 C54.41318300000038 FILLET CORNER
G0 X160.635 Y123.993 ;T-140.840 R8.000 A0.103 C-12.441265000000161 FILLET CORNER
G0 X152.351 Y123.566 ;T-318.973 R8.000 A0.049 C-25.682137999999554 FILLET CORNER
G0 X88.985 Y123.4
;TIME_ELAPSED:8627.773457
;LAYER:29
;TYPE:WALL-INNER
;MESH:D638-22 Type I Tensile Specimen.STL
G1 F2700 E2107.80428
G1 F1500 X146.017 Y123.4 E2109.70117
G1 X153.345 Y123.589 E2109.94498
G1 X160.654 Y124.156 E2110.18881
G1 X167.896 Y125.094 E2110.43169
G1 X175.057 Y126.4 E2110.6738
G1 X199.4 Y126.4 E2111.48345 ;T16.343 R8.000 A1.571 C-433.3054000000006 FILLET CORNER
G1 X199.4 Y108.6 E2112.07548 ;T9.800 R8.000 A1.571 C-433.34100000000024 FILLET CORNER
G1 X175.055 Y108.6 E2112.8852
G1 X167.894 Y109.906 E2113.1273
G1 X160.654 Y110.844 E2113.37012
G1 X153.343 Y111.411 E2113.61401
G1 X146.015 Y111.6 E2113.85782
G1 X88.983 Y111.6 E2115.75472
G1 X81.655 Y111.411 E2115.99853
G1 X74.346 Y110.844 E2116.24236
G1 X67.104 Y109.906 E2116.48524
G1 X59.943 Y108.6 E2116.72734
G1 X35.6 Y108.6 E2117.53699 ;T16.343 R8.000 A1.571 C-433.3054000000002 FILLET CORNER
G1 X35.6 Y126.4 E2118.12902 ;T9.800 R8.000 A1.571 C-433.34100000000024 FILLET CORNER
G1 X59.945 Y126.4 E2118.93874
G1 X67.106 Y125.094 E2119.18085
G1 X74.377 Y124.153 E2119.4247
G1 X81.657 Y123.589 E2119.66756
G1 X88.985 Y123.4 E2119.91137
G1 F2700 E2114.91137
G0 F9000 X81.679 Y123.749
G0 X74.378 Y124.315
G0 X67.841 Y125.161
G0 X59.952 Y126.501
G1 F2700 E2119.91137
G0 F9000 X59.981 Y126.8
;TYPE:WALL-OUTER
G1 F1500 X35.2 Y126.8 E2120.73559 ;T16.781 R8.000 A1.571 C460.92659999999984 FILLET CORNER
G1 X35.2 Y108.2 E2121.35423 ;T10.600 R8.000 A1.571 C460.8893999999998 FILLET CORNER
G1 X59.979 Y108.2 E2122.17838
G1 X67.146 Y109.507 E2122.42069
G1 X74.398 Y110.447 E2122.66391
G1 X81.686 Y111.012 E2122.90703
G1 X88.993 Y111.2 E2123.15015
G1 X146.005 Y111.2 E2125.04637
G1 X153.302 Y111.012 E2125.28915
G1 X160.592 Y110.448 E2125.53234
G1 X167.842 Y109.509 E2125.77549
G1 X175.019 Y108.2 E2126.01814
G1 X199.8 Y108.2 E2126.84236 ;T16.781 R8.000 A1.571 C460.92659999999995 FILLET CORNER
G1 X199.8 Y126.8 E2127.461 ;T10.600 R8.000 A1.571 C460.8894000000003 FILLET CORNER
G1 X175.021 Y126.8 E2128.28515
G1 X167.854 Y125.493 E2128.52746
G1 X160.602 Y124.553 E2128.77068
G1 X153.314 Y123.988 E2129.0138
G1 X146.007 Y123.8 E2129.25692
G1 X88.995 Y123.8 E2131.15314
G1 X81.698 Y123.988 E2131.39592
G1 X74.408 Y124.552 E2131.63911
G1 X67.158 Y125.491 E2131.88226
G1 X59.981 Y126.8 E2132.12491
G1 F2700 E2127.12491
G0 F9000 X59.952 Y126.501
G0 X35.772 Y126.228 ;T16.091 R8.000 A1.560 C422.08607999999975 FILLET CORNER
G0 X35.772 Y108.772 ;T9.452 R8.000 A1.570 C421.6671359999997 FILLET CORNER
G0 X59.928 Y108.761 ;T-79.048 R8.000 A0.155 C44.044209000000066 FILLET CORNER
G0 X71.619 Y110.579 ;T-166.367 R8.000 A0.090 C-18.44317799999996 FILLET CORNER
G0 X88.979 Y111.701
G1 F2700 E2132.12491
G0 F9000 X88.975 Y111.96
;TYPE:SKIN
G1 F1500 X146.024 Y111.96 E2134.02237
G1 X153.321 Y111.772 E2134.26515
G1 X160.651 Y111.206 E2134.50967
G1 X167.981 Y110.257 E2134.7555
G1 X175.089 Y108.96 E2134.99582
G1 X199.04 Y108.96 E2135.79243 ;T15.951 R8.000 A1.571 C204.54154000000008 FILLET CORNER
G1 X199.04 Y117.5 E2136.07647
G1 X199.04 Y126.04 E2136.36051 ;T0.540 R8.000 A1.571 C204.51591999999997 FILLET CORNER
G1 X175.092 Y126.04 E2137.15703
G1 X167.99 Y124.744 E2137.39714
G1 X160.7 Y123.799 E2137.64164
G1 X153.372 Y123.23 E2137.8861
G1 X146.027 Y123.04 E2138.13048
G1 X88.977 Y123.04 E2140.02797
G1 X81.64 Y123.23 E2140.27208
G1 X74.347 Y123.794 E2140.51537
G1 X67.023 Y124.742 E2140.761
G1 X59.911 Y126.04 E2141.00145
G1 X35.96 Y126.04 E2141.79807 ;T15.951 R8.000 A1.571 C409.08308000000034 FILLET CORNER
G1 X35.96 Y108.96 E2142.36615 ;T9.080 R8.000 A1.571 C409.03184000000033 FILLET CORNER
G1 X59.908 Y108.96 E2143.16266
G1 X67.01 Y110.256 E2143.40278
G1 X74.335 Y111.205 E2143.64845
G1 X81.629 Y111.77 E2143.89177
G1 X88.975 Y111.96 E2144.13618
G1 F2700 E2139.13618
G0 F9000 X88.979 Y111.701
G0 X69.848 Y110.443 ;T-137.099 R8.000 A0.102 C19.698982000000086 FILLET CORNER
G0 X59.928 Y108.761 ;T-86.461 R8.000 A0.165 C-39.26837200000011 FILLET CORNER
G0 X36.222 Y108.7
G1 F2700 E2144.13618
G0 F9000 X36.222 Y109.158
G1 F1500 X36.16 Y109.221 E2144.13912
G0 F9000 X36.16 Y109.786
G1 F1500 X36.787 Y109.158 E2144.16864
G0 F9000 X37.353 Y109.158
G1 F1500 X36.16 Y110.352 E2144.22478
G0 F9000 X36.16 Y110.918
G1 F1500 X37.919 Y109.158 E2144.30754
G0 F9000 X38.484 Y109.158
G1 F1500 X36.16 Y111.483 E2144.41688
G0 F9000 X36.16 Y112.049
G1 F1500 X39.05 Y109.158 E2144.55284
G0 F9000 X39.616 Y109.158
G1 F1500 X36.16 Y112.615 E2144.71542
G0 F9000 X36.16 Y113.18
G1 F1500 X40.182 Y109.158 E2144.9046
G0 F9000 X40.747 Y109.158
G1 F1500 X36.16 Y113.746 E2145.12038
G0 F9000 X36.16 Y114.312
G1 F1500 X41.313 Y109.158 E2145.36279
G0 F9000 X41.879 Y109.158
G1 F1500 X36.16 Y114.877 E2145.63179
G0 F9000 X36.16 Y115.443
G1 F1500 X42.444 Y109.158 E2145.9274
G0 F9000 X43.01 Y109.158
G1 F1500 X36.16 Y116.009 E2146.24962
G0 F9000 X36.16 Y116.575
G1 F1500 X43.576 Y109.158 E2146.59847
G0 F9000 X44.141 Y109.158
G1 F1500 X36.16 Y117.14 E2146.9739
G0 F9000 X36.16 Y117.706
G1 F1500 X44.707 Y109.158 E2147.37595
G0 F9000 X45.273 Y109.158
G1 F1500 X36.16 Y118.272 E2147.80462
G0 F9000 X36.16 Y118.837
G1 F1500 X45.838 Y109.158 E2148.25986
G0 F9000 X46.404 Y109.158
G1 F1500 X36.16 Y119.403 E2148.74173
G0 F9000 X36.16 Y119.969
G1 F1500 X46.97 Y109.158 E2149.25023
G0 F9000 X47.535 Y109.158
G1 F1500 X36.16 Y120.534 E2149.78529
G0 F9000 X36.16 Y121.1
G1 F1500 X48.101 Y109.158 E2150.34699
G0 F9000 X48.667 Y109.158
G1 F1500 X36.16 Y121.666 E2150.9353
G0 F9000 X36.16 Y122.231
G1 F1500 X49.233 Y109.158 E2151.55021
G0 F9000 X49.798 Y109.158
G1 F1500 X36.16 Y122.797 E2152.19173
G0 F9000 X36.16 Y123.363
G1 F1500 X50.364 Y109.158 E2152.85986
G0 F9000 X50.93 Y109.158
G1 F1500 X36.16 Y123.928 E2153.5546
G0 F9000 X36.16 Y124.494
G1 F1500 X51.495 Y109.158 E2154.27593
G0 F9000 X52.061 Y109.158
G1 F1500 X36.16 Y125.06 E2155.02389
G0 F9000 X36.16 Y125.626
G1 F1500 X52.627 Y109.158 E2155.79847
G0 F9000 X53.192 Y109.158
G1 F1500 X36.512 Y125.839 E2156.58307
G0 F9000 X37.077 Y125.839
G1 F1500 X53.758 Y109.158 E2157.3677
G0 F9000 X54.324 Y109.158
G1 F1500 X37.643 Y125.839 E2158.15232
G0 F9000 X38.209 Y125.839
G1 F1500 X54.889 Y109.158 E2158.93692
G0 F9000 X55.455 Y109.158
G1 F1500 X38.774 Y125.839 E2159.72154
G0 F9000 X39.34 Y125.839
G1 F1500 X56.021 Y109.158 E2160.50616
G0 F9000 X56.586 Y109.158
G1 F1500 X39.906 Y125.839 E2161.29076
G0 F9000 X40.471 Y125.839
G1 F1500 X57.152 Y109.158 E2162.07539
G0 F9000 X57.718 Y109.158
G1 F1500 X41.037 Y125.839 E2162.86001
G0 F9000 X41.603 Y125.839
G1 F1500 X58.283 Y109.158 E2163.64461
G0 F9000 X58.849 Y109.158
G1 F1500 X42.169 Y125.839 E2164.42921
G0 F9000 X42.734 Y125.839
G1 F1500 X59.415 Y109.158 E2165.21383
G0 F9000 X59.966 Y109.173
G1 F1500 X43.3 Y125.839 E2165.99775
G0 F9000 X43.866 Y125.839
G1 F1500 X60.444 Y109.26 E2166.77755
G0 F9000 X60.923 Y109.347
G1 F1500 X44.431 Y125.839 E2167.55328
G0 F9000 X44.997 Y125.839
G1 F1500 X61.401 Y109.435 E2168.32488
G0 F9000 X61.88 Y109.522
G1 F1500 X45.563 Y125.839 E2169.09238
G0 F9000 X46.128 Y125.839
G1 F1500 X62.359 Y109.609 E2169.85581
G0 F9000 X62.837 Y109.697
G1 F1500 X46.694 Y125.839 E2170.61511
G0 F9000 X47.26 Y125.839
G1 F1500 X63.315 Y109.783 E2171.37031
G0 F9000 X63.793 Y109.871
G1 F1500 X47.825 Y125.839 E2172.12139
G0 F9000 X48.391 Y125.839
G1 F1500 X64.272 Y109.958 E2172.86839
G0 F9000 X64.75 Y110.046
G1 F1500 X48.957 Y125.839 E2173.61124
G0 F9000 X49.522 Y125.839
G1 F1500 X65.229 Y110.133 E2174.35003
G0 F9000 X65.707 Y110.22
G1 F1500 X50.088 Y125.839 E2175.0847
G0 F9000 X50.654 Y125.839
G1 F1500 X66.185 Y110.307 E2175.81525
G0 F9000 X66.664 Y110.394
G1 F1500 X51.219 Y125.839 E2176.54174
G0 F9000 X51.785 Y125.839
G1 F1500 X67.149 Y110.475 E2177.26441
G0 F9000 X67.651 Y110.539
G1 F1500 X52.351 Y125.839 E2177.98408
G0 F9000 X52.917 Y125.839
G1 F1500 X68.151 Y110.604 E2178.70066
G0 F9000 X68.652 Y110.669
G1 F1500 X53.482 Y125.839 E2179.41421
G0 F9000 X54.048 Y125.839
G1 F1500 X69.153 Y110.734 E2180.12471
G0 F9000 X69.654 Y110.799
G1 F1500 X54.614 Y125.839 E2180.83214
G0 F9000 X55.179 Y125.839
G1 F1500 X70.155 Y110.863 E2181.53657
G0 F9000 X70.656 Y110.928
G1 F1500 X55.745 Y125.839 E2182.23793
G0 F9000 X56.311 Y125.839
G1 F1500 X71.156 Y110.993 E2182.93622
G0 F9000 X71.658 Y111.058
G1 F1500 X56.876 Y125.839 E2183.6315
G0 F9000 X57.442 Y125.839
G1 F1500 X72.158 Y111.123 E2184.32369
G0 F9000 X72.66 Y111.187
G1 F1500 X58.008 Y125.839 E2185.01288
G0 F9000 X58.573 Y125.839
G1 F1500 X73.16 Y111.252 E2185.69901
G0 F9000 X73.661 Y111.317
G1 F1500 X59.139 Y125.839 E2186.38208
G0 F9000 X59.705 Y125.839
G1 F1500 X74.162 Y111.382 E2187.06209
G0 F9000 X74.679 Y111.43
G1 F1500 X60.355 Y125.755 E2187.73587
G0 F9000 X61.046 Y125.629
G1 F1500 X75.204 Y111.471 E2188.40182
G0 F9000 X75.729 Y111.512
G1 F1500 X61.738 Y125.502 E2189.05989
G0 F9000 X62.431 Y125.376
G1 F1500 X76.255 Y111.552 E2189.71013
G0 F9000 X76.779 Y111.593
G1 F1500 X63.123 Y125.249 E2190.35246
G0 F9000 X63.814 Y125.123
G1 F1500 X77.305 Y111.633 E2190.98701
G0 F9000 X77.829 Y111.674
G1 F1500 X64.507 Y124.997 E2191.61366
G0 F9000 X65.199 Y124.87
G1 F1500 X78.355 Y111.715 E2192.23246
G0 F9000 X78.88 Y111.755
G1 F1500 X65.891 Y124.744 E2192.84342
G0 F9000 X66.583 Y124.618
G1 F1500 X79.405 Y111.796 E2193.44653
G0 F9000 X79.93 Y111.836
G1 F1500 X67.257 Y124.51 E2194.04265
G0 F9000 X67.906 Y124.426
G1 F1500 X80.455 Y111.877 E2194.63292
G0 F9000 X80.98 Y111.918
G1 F1500 X68.556 Y124.341 E2195.21728
G0 F9000 X69.206 Y124.257
G1 F1500 X81.506 Y111.958 E2195.79581
G0 F9000 X82.05 Y111.979
G1 F1500 X69.857 Y124.172 E2196.36933
G0 F9000 X70.507 Y124.088
G1 F1500 X82.602 Y111.993 E2196.93825
G0 F9000 X83.153 Y112.007
G1 F1500 X71.156 Y124.004 E2197.50255
G0 F9000 X71.806 Y123.92
G1 F1500 X83.705 Y112.021 E2198.06224
G0 F9000 X84.256 Y112.036
G1 F1500 X72.456 Y123.836 E2198.61728
G0 F9000 X73.106 Y123.752
G1 F1500 X84.807 Y112.05 E2199.16768
G0 F9000 X85.359 Y112.065
G1 F1500 X73.756 Y123.667 E2199.71342
G0 F9000 X74.401 Y123.588
G1 F1500 X85.91 Y112.079 E2200.25477
G0 F9000 X86.461 Y112.094
G1 F1500 X75.014 Y123.541 E2200.7932
G0 F9000 X75.627 Y123.494
G1 F1500 X87.013 Y112.108 E2201.32877
G0 F9000 X87.564 Y112.122
G1 F1500 X76.24 Y123.446 E2201.86141
G0 F9000 X76.853 Y123.399
G1 F1500 X88.116 Y112.136 E2202.39119
G0 F9000 X88.667 Y112.15
G1 F1500 X77.466 Y123.351 E2202.91805
G0 F9000 X78.08 Y123.303
G1 F1500 X89.224 Y112.159 E2203.44223
G0 F9000 X89.79 Y112.159
G1 F1500 X78.693 Y123.256 E2203.9642
G0 F9000 X79.306 Y123.209
G1 F1500 X90.356 Y112.159 E2204.48396
G0 F9000 X90.921 Y112.159
G1 F1500 X79.919 Y123.161 E2205.00146
G0 F9000 X80.532 Y123.114
G1 F1500 X91.487 Y112.159 E2205.51675
G0 F9000 X92.053 Y112.159
G1 F1500 X81.145 Y123.066 E2206.0298
G0 F9000 X81.751 Y123.026
G1 F1500 X92.618 Y112.159 E2206.54095
G0 F9000 X93.184 Y112.159
G1 F1500 X82.331 Y123.011 E2207.05142
G0 F9000 X82.912 Y122.996
G1 F1500 X93.75 Y112.159 E2207.56118
G0 F9000 X94.316 Y112.159
G1 F1500 X83.493 Y122.982 E2208.07026
G0 F9000 X84.074 Y122.966
G1 F1500 X94.881 Y112.159 E2208.57859
G0 F9000 X95.447 Y112.159
G1 F1500 X84.654 Y122.951 E2209.08624
G0 F9000 X85.235 Y122.936
G1 F1500 X96.013 Y112.159 E2209.59318
G0 F9000 X96.578 Y112.159
G1 F1500 X85.816 Y122.921 E2210.09939
G0 F9000 X86.397 Y122.906
G1 F1500 X97.144 Y112.159 E2210.6049
G0 F9000 X97.71 Y112.159
G1 F1500 X86.977 Y122.891 E2211.10972
G0 F9000 X87.558 Y122.876
G1 F1500 X98.275 Y112.159 E2211.61382
G0 F9000 X98.841 Y112.159
G1 F1500 X88.139 Y122.861 E2212.11721
G0 F9000 X88.719 Y122.846
G1 F1500 X99.407 Y112.159 E2212.61991
G0 F9000 X99.972 Y112.159
G1 F1500 X89.292 Y122.84 E2213.12229
G0 F9000 X89.857 Y122.84
G1 F1500 X100.538 Y112.159 E2213.62469
G0 F9000 X101.104 Y112.159
G1 F1500 X90.423 Y122.84 E2214.12709
G0 F9000 X90.989 Y122.84
G1 F1500 X101.669 Y112.159 E2214.62947
G0 F9000 X102.235 Y112.159
G1 F1500 X91.554 Y122.84 E2215.13187
G0 F9000 X92.12 Y122.84
G1 F1500 X102.801 Y112.159 E2215.63427
G0 F9000 X103.366 Y112.159
G1 F1500 X92.686 Y122.84 E2216.13665
G0 F9000 X93.251 Y122.84
G1 F1500 X103.932 Y112.159 E2216.63905
G0 F9000 X104.498 Y112.159
G1 F1500 X93.817 Y122.84 E2217.14146
G0 F9000 X94.383 Y122.84
G1 F1500 X105.064 Y112.159 E2217.64386
G0 F9000 X105.629 Y112.159
G1 F1500 X94.948 Y122.84 E2218.14626
G0 F9000 X95.514 Y122.84
G1 F1500 X106.195 Y112.159 E2218.64866
G0 F9000 X106.761 Y112.159
G1 F1500 X96.08 Y122.84 E2219.15106
G0 F9000 X96.645 Y122.84
G1 F1500 X107.326 Y112.159 E2219.65346
G0 F9000 X107.892 Y112.159
G1 F1500 X97.211 Y122.84 E2220.15586
G0 F9000 X97.777 Y122.84
G1 F1500 X108.458 Y112.159 E2220.65827
G0 F9000 X109.023 Y112.159
G1 F1500 X98.342 Y122.84 E2221.16067
G0 F9000 X98.908 Y122.84
G1 F1500 X109.589 Y112.159 E2221.66307
G0 F9000 X110.155 Y112.159
G1 F1500 X99.474 Y122.84 E2222.16547
G0 F9000 X100.04 Y122.84
G1 F1500 X110.72 Y112.159 E2222.66785
G0 F9000 X111.286 Y112.159
G1 F1500 X100.605 Y122.84 E2223.17025
G0 F9000 X101.171 Y122.84
G1 F1500 X111.852 Y112.159 E2223.67265
G0 F9000 X112.417 Y112.159
G1 F1500 X101.737 Y122.84 E2224.17503
G0 F9000 X102.302 Y122.84
G1 F1500 X112.983 Y112.159 E2224.67743
G0 F9000 X113.549 Y112.159
G1 F1500 X102.868 Y122.84 E2225.17983
G0 F9000 X103.434 Y122.84
G1 F1500 X114.115 Y112.159 E2225.68223
G0 F9000 X114.68 Y112.159
G1 F1500 X103.999 Y122.84 E2226.18464
G0 F9000 X104.565 Y122.84
G1 F1500 X115.246 Y112.159 E2226.68704
G0 F9000 X115.812 Y112.159
G1 F1500 X105.131 Y122.84 E2227.18944
G0 F9000 X105.696 Y122.84
G1 F1500 X116.377 Y112.159 E2227.69184
G0 F9000 X116.943 Y112.159
G1 F1500 X106.262 Y122.84 E2228.19424
G0 F9000 X106.828 Y122.84
G1 F1500 X117.508 Y112.159 E2228.69662
G0 F9000 X118.074 Y112.159
G1 F1500 X107.393 Y122.84 E2229.19902
G0 F9000 X107.959 Y122.84
G1 F1500 X118.639 Y112.159 E2229.7014
G0 F9000 X119.205 Y112.159
G1 F1500 X108.525 Y122.84 E2230.20378
G0 F9000 X109.091 Y122.84
G1 F1500 X119.771 Y112.159 E2230.70615
G0 F9000 X120.336 Y112.159
G1 F1500 X109.656 Y122.84 E2231.20853
G0 F9000 X110.222 Y122.84
G1 F1500 X120.902 Y112.159 E2231.71091
G0 F9000 X121.468 Y112.159
G1 F1500 X110.788 Y122.84 E2232.21329
G0 F9000 X111.353 Y122.84
G1 F1500 X122.033 Y112.159 E2232.71567
G0 F9000 X122.599 Y112.159
G1 F1500 X111.919 Y122.84 E2233.21804
G0 F9000 X112.485 Y122.84
G1 F1500 X123.165 Y112.159 E2233.72042
G0 F9000 X123.73 Y112.159
G1 F1500 X113.05 Y122.84 E2234.2228
G0 F9000 X113.616 Y122.84
G1 F1500 X124.296 Y112.159 E2234.72518
G0 F9000 X124.862 Y112.159
G1 F1500 X114.182 Y122.84 E2235.22756
G0 F9000 X114.747 Y122.84
G1 F1500 X125.428 Y112.159 E2235.72996
G0 F9000 X125.993 Y112.159
G1 F1500 X115.313 Y122.84 E2236.23234
G0 F9000 X115.879 Y122.84
G1 F1500 X126.559 Y112.159 E2236.73471
G0 F9000 X127.125 Y112.159
G1 F1500 X116.444 Y122.84 E2237.23712
G0 F9000 X117.01 Y122.84
G1 F1500 X127.69 Y112.159 E2237.73949
G0 F9000 X128.256 Y112.159
G1 F1500 X117.576 Y122.84 E2238.24187
G0 F9000 X118.141 Y122.84
G1 F1500 X128.822 Y112.159 E2238.74427
G0 F9000 X129.387 Y112.159
G1 F1500 X118.707 Y122.84 E2239.24665
G0 F9000 X119.273 Y122.84
G1 F1500 X129.953 Y112.159 E2239.74903
G0 F9000 X130.519 Y112.159
G1 F1500 X119.839 Y122.84 E2240.25141
G0 F9000 X120.404 Y122.84
G1 F1500 X131.084 Y112.159 E2240.75378
G0 F9000 X131.65 Y112.159
G1 F1500 X120.97 Y122.84 E2241.25616
G0 F9000 X121.536 Y122.84
G1 F1500 X132.216 Y112.159 E2241.75854
G0 F9000 X132.781 Y112.159
G1 F1500 X122.101 Y122.84 E2242.26092
G0 F9000 X122.667 Y122.84
G1 F1500 X133.347 Y112.159 E2242.7633
G0 F9000 X133.913 Y112.159
G1 F1500 X123.233 Y122.84 E2243.26567
G0 F9000 X123.798 Y122.84
G1 F1500 X134.478 Y112.159 E2243.76805
G0 F9000 X135.044 Y112.159
G1 F1500 X124.364 Y122.84 E2244.27043
G0 F9000 X124.93 Y122.84
G1 F1500 X135.61 Y112.159 E2244.77281
G0 F9000 X136.176 Y112.159
G1 F1500 X125.495 Y122.84 E2245.27521
G0 F9000 X126.061 Y122.84
G1 F1500 X136.741 Y112.159 E2245.77759
G0 F9000 X137.307 Y112.159
G1 F1500 X126.627 Y122.84 E2246.27997
G0 F9000 X127.192 Y122.84
G1 F1500 X137.873 Y112.159 E2246.78237
G0 F9000 X138.438 Y112.159
G1 F1500 X127.758 Y122.84 E2247.28475
G0 F9000 X128.324 Y122.84
G1 F1500 X139.004 Y112.159 E2247.78712
G0 F9000 X139.57 Y112.159
G1 F1500 X128.89 Y122.84 E2248.2895
G0 F9000 X129.455 Y122.84
G1 F1500 X140.135 Y112.159 E2248.79188
G0 F9000 X140.701 Y112.159
G1 F1500 X130.021 Y122.84 E2249.29426
G0 F9000 X130.587 Y122.84
G1 F1500 X141.267 Y112.159 E2249.79664
G0 F9000 X141.832 Y112.159
G1 F1500 X131.152 Y122.84 E2250.29901
G0 F9000 X131.718 Y122.84
G1 F1500 X142.398 Y112.159 E2250.80139
G0 F9000 X142.964 Y112.159
G1 F1500 X132.284 Y122.84 E2251.30377
G0 F9000 X132.849 Y122.84
G1 F1500 X143.529 Y112.159 E2251.80615
G0 F9000 X144.095 Y112.159
G1 F1500 X133.415 Y122.84 E2252.30853
G0 F9000 X133.981 Y122.84
G1 F1500 X144.661 Y112.159 E2252.8109
G0 F9000 X145.227 Y112.159
G1 F1500 X134.546 Y122.84 E2253.3133
G0 F9000 X135.112 Y122.84
G1 F1500 X145.792 Y112.159 E2253.81568
G0 F9000 X146.366 Y112.151
G1 F1500 X135.678 Y122.84 E2254.31844
G0 F9000 X136.243 Y122.84
G1 F1500 X146.947 Y112.136 E2254.82192
G0 F9000 X147.527 Y112.121
G1 F1500 X136.809 Y122.84 E2255.32609
G0 F9000 X137.375 Y122.84
G1 F1500 X148.109 Y112.106 E2255.83098
G0 F9000 X148.689 Y112.091
G1 F1500 X137.94 Y122.84 E2256.33658
G0 F9000 X138.506 Y122.84
G1 F1500 X149.27 Y112.076 E2256.84289
G0 F9000 X149.851 Y112.06
G1 F1500 X139.072 Y122.84 E2257.34992
G0 F9000 X139.638 Y122.84
G1 F1500 X150.432 Y112.046 E2257.85764
G0 F9000 X151.012 Y112.031
G1 F1500 X140.203 Y122.84 E2258.36606
G0 F9000 X140.769 Y122.84
G1 F1500 X151.593 Y112.016 E2258.87519
G0 F9000 X152.174 Y112
G1 F1500 X141.335 Y122.84 E2259.38504
G0 F9000 X141.9 Y122.84
G1 F1500 X152.754 Y111.985 E2259.89561
G0 F9000 X153.335 Y111.971
G1 F1500 X142.466 Y122.84 E2260.40685
G0 F9000 X143.032 Y122.84
G1 F1500 X153.947 Y111.924 E2260.92028
G0 F9000 X154.561 Y111.876
G1 F1500 X143.597 Y122.84 E2261.436
G0 F9000 X144.163 Y122.84
G1 F1500 X155.174 Y111.828 E2261.95394
G0 F9000 X155.787 Y111.781
G1 F1500 X144.729 Y122.84 E2262.4741
G0 F9000 X145.294 Y122.84
G1 F1500 X156.4 Y111.734 E2262.99649
G0 F9000 X157.013 Y111.686
G1 F1500 X145.86 Y122.84 E2263.52112
G0 F9000 X146.415 Y122.85
G1 F1500 X157.626 Y111.639 E2264.04845
G0 F9000 X158.24 Y111.591
G1 F1500 X146.967 Y122.864 E2264.5787
G0 F9000 X147.518 Y122.878
G1 F1500 X158.853 Y111.543 E2265.11186
G0 F9000 X159.466 Y111.496
G1 F1500 X148.07 Y122.893 E2265.64792
G0 F9000 X148.621 Y122.907
G1 F1500 X160.079 Y111.449 E2266.18687
G0 F9000 X160.693 Y111.401
G1 F1500 X149.173 Y122.921 E2266.72873
G0 F9000 X149.724 Y122.935
G1 F1500 X161.343 Y111.316 E2267.27525
G0 F9000 X161.993 Y111.232
G1 F1500 X150.276 Y122.949 E2267.82639
G0 F9000 X150.827 Y122.963
G1 F1500 X162.643 Y111.148 E2268.38215
G0 F9000 X163.292 Y111.064
G1 F1500 X151.379 Y122.977 E2268.9425
G0 F9000 X151.93 Y122.992
G1 F1500 X163.942 Y110.98 E2269.50751
G0 F9000 X164.592 Y110.896
G1 F1500 X152.481 Y123.006 E2270.07715
G0 F9000 X153.033 Y123.021
G1 F1500 X165.242 Y110.812 E2270.65142
G0 F9000 X165.892 Y110.727
G1 F1500 X153.575 Y123.045 E2271.2308
G0 F9000 X154.1 Y123.085
G1 F1500 X166.542 Y110.643 E2271.81604
G0 F9000 X167.191 Y110.559
G1 F1500 X154.625 Y123.126 E2272.40712
G0 F9000 X155.149 Y123.167
G1 F1500 X167.841 Y110.475 E2273.00412
G0 F9000 X168.521 Y110.361
G1 F1500 X155.675 Y123.207 E2273.60835
G0 F9000 X156.199 Y123.248
G1 F1500 X169.213 Y110.235 E2274.22047
G0 F9000 X169.905 Y110.109
G1 F1500 X156.724 Y123.289 E2274.84044
G0 F9000 X157.249 Y123.33
G1 F1500 X170.597 Y109.982 E2275.46829
G0 F9000 X171.288 Y109.856
G1 F1500 X157.774 Y123.371 E2276.10397
G0 F9000 X158.299 Y123.412
G1 F1500 X171.981 Y109.73 E2276.74753
G0 F9000 X172.672 Y109.604
G1 F1500 X158.823 Y123.453 E2277.39894
G0 F9000 X159.348 Y123.494
G1 F1500 X173.364 Y109.477 E2278.05824
G0 F9000 X174.057 Y109.351
G1 F1500 X159.874 Y123.534 E2278.72536
G0 F9000 X160.398 Y123.575
G1 F1500 X174.748 Y109.225 E2279.40034
G0 F9000 X175.38 Y109.159
G1 F1500 X160.914 Y123.625 E2280.08078
G0 F9000 X161.414 Y123.69
G1 F1500 X175.945 Y109.159 E2280.76427
G0 F9000 X176.511 Y109.159
G1 F1500 X161.916 Y123.755 E2281.4508
G0 F9000 X162.416 Y123.82
G1 F1500 X177.077 Y109.159 E2282.14041
G0 F9000 X177.642 Y109.159
G1 F1500 X162.917 Y123.885 E2282.83305
G0 F9000 X163.418 Y123.95
G1 F1500 X178.208 Y109.159 E2283.52875
G0 F9000 X178.774 Y109.159
G1 F1500 X163.918 Y124.015 E2284.22753
G0 F9000 X164.42 Y124.079
G1 F1500 X179.339 Y109.159 E2284.9293
G0 F9000 X179.905 Y109.159
G1 F1500 X164.92 Y124.144 E2285.63415
G0 F9000 X165.421 Y124.209
G1 F1500 X180.471 Y109.159 E2286.34205
G0 F9000 X181.037 Y109.159
G1 F1500 X165.921 Y124.274 E2287.05304
G0 F9000 X166.423 Y124.339
G1 F1500 X181.602 Y109.159 E2287.76704
G0 F9000 X182.168 Y109.159
G1 F1500 X166.923 Y124.404 E2288.48411
G0 F9000 X167.424 Y124.469
G1 F1500 X182.734 Y109.159 E2289.20425
G0 F9000 X183.299 Y109.159
G1 F1500 X167.925 Y124.534 E2289.92742
G0 F9000 X168.407 Y124.617
G1 F1500 X183.865 Y109.159 E2290.65452
G0 F9000 X184.431 Y109.159
G1 F1500 X168.885 Y124.705 E2291.38575
G0 F9000 X169.364 Y124.792
G1 F1500 X184.996 Y109.159 E2292.12106
G0 F9000 X185.562 Y109.159
G1 F1500 X169.842 Y124.879 E2292.86048
G0 F9000 X170.32 Y124.966
G1 F1500 X186.128 Y109.159 E2293.60401
G0 F9000 X186.693 Y109.159
G1 F1500 X170.799 Y125.053 E2294.35162
G0 F9000 X171.278 Y125.14
G1 F1500 X187.259 Y109.159 E2295.10332
G0 F9000 X187.825 Y109.159
G1 F1500 X171.756 Y125.228 E2295.85915
G0 F9000 X172.234 Y125.315
G1 F1500 X188.39 Y109.159 E2296.61908
G0 F9000 X188.956 Y109.159
G1 F1500 X172.712 Y125.403 E2297.38315
G0 F9000 X173.191 Y125.49
G1 F1500 X189.522 Y109.159 E2298.15131
G0 F9000 X190.087 Y109.159
G1 F1500 X173.67 Y125.577 E2298.92354
G0 F9000 X174.148 Y125.664
G1 F1500 X190.653 Y109.159 E2299.69988
G0 F9000 X191.219 Y109.159
G1 F1500 X174.627 Y125.751 E2300.48032
G0 F9000 X175.105 Y125.839
G1 F1500 X191.785 Y109.159 E2301.2649
G0 F9000 X192.35 Y109.159
G1 F1500 X175.67 Y125.84 E2302.04949
G0 F9000 X176.235 Y125.84
G1 F1500 X192.916 Y109.159 E2302.83412
G0 F9000 X193.482 Y109.159
G1 F1500 X176.801 Y125.84 E2303.61874
G0 F9000 X177.367 Y125.84
G1 F1500 X194.047 Y109.159 E2304.40334
G0 F9000 X194.613 Y109.159
G1 F1500 X177.932 Y125.84 E2305.18796
G0 F9000 X178.498 Y125.84
G1 F1500 X195.179 Y109.159 E2305.97259
G0 F9000 X195.744 Y109.159
G1 F1500 X179.064 Y125.84 E2306.75719
G0 F9000 X179.629 Y125.84
G1 F1500 X196.31 Y109.159 E2307.54181
G0 F9000 X196.876 Y109.159
G1 F1500 X180.195 Y125.84 E2308.32643
G0 F9000 X180.761 Y125.84
G1 F1500 X197.441 Y109.159 E2309.11103
G0 F9000 X198.007 Y109.159
G1 F1500 X181.326 Y125.84 E2309.89566
G0 F9000 X181.892 Y125.84
G1 F1500 X198.573 Y109.159 E2310.68028
G0 F9000 X198.839 Y109.459
G1 F1500 X182.458 Y125.84 E2311.45079
G0 F9000 X183.023 Y125.84
G1 F1500 X198.839 Y110.025 E2312.1947
G0 F9000 X198.839 Y110.59
G1 F1500 X183.589 Y125.84 E2312.91202
G0 F9000 X184.155 Y125.84
G1 F1500 X198.839 Y111.156 E2313.60271
G0 F9000 X198.839 Y111.722
G1 F1500 X184.721 Y125.84 E2314.26677
G0 F9000 X185.286 Y125.84
G1 F1500 X198.839 Y112.287 E2314.90427
G0 F9000 X198.839 Y112.853
G1 F1500 X185.852 Y125.84 E2315.51513
G0 F9000 X186.418 Y125.84
G1 F1500 X198.839 Y113.419 E2316.09938
G0 F9000 X198.839 Y113.984
G1 F1500 X186.983 Y125.84 E2316.65705
G0 F9000 X187.549 Y125.84
G1 F1500 X198.839 Y114.55 E2317.1881
G0 F9000 X198.839 Y115.116
G1 F1500 X188.115 Y125.84 E2317.69252
G0 F9000 X188.68 Y125.84
G1 F1500 X198.839 Y115.681 E2318.17037
G0 F9000 X198.839 Y116.247
G1 F1500 X189.246 Y125.84 E2318.62159
G0 F9000 X189.812 Y125.84
G1 F1500 X198.839 Y116.813 E2319.0462
G0 F9000 X198.839 Y117.379
G1 F1500 X190.377 Y125.84 E2319.4442
G0 F9000 X190.943 Y125.84
G1 F1500 X198.839 Y117.944 E2319.8156
G0 F9000 X198.839 Y118.51
G1 F1500 X191.509 Y125.84 E2320.16038
G0 F9000 X192.074 Y125.84
G1 F1500 X198.839 Y119.076 E2320.47857
G0 F9000 X198.839 Y119.641
G1 F1500 X192.64 Y125.84 E2320.77015
G0 F9000 X193.206 Y125.84
G1 F1500 X198.839 Y120.207 E2321.03511
G0 F9000 X198.839 Y120.773
G1 F1500 X193.772 Y125.84 E2321.27344
G0 F9000 X194.337 Y125.84
G1 F1500 X198.839 Y121.338 E2321.4852
G0 F9000 X198.839 Y121.904
G1 F1500 X194.903 Y125.84 E2321.67034
G0 F9000 X195.469 Y125.84
G1 F1500 X198.839 Y122.47 E2321.82885
G0 F9000 X198.839 Y123.035
G1 F1500 X196.034 Y125.84 E2321.96079
G0 F9000 X196.6 Y125.84
G1 F1500 X198.839 Y123.601 E2322.06611
G0 F9000 X198.839 Y124.167
G1 F1500 X197.166 Y125.84 E2322.1448
G0 F9000 X197.731 Y125.84
G1 F1500 X198.839 Y124.732 E2322.19692
G0 F9000 X198.839 Y125.298
G1 F1500 X198.297 Y125.84 E2322.22241
G1 F2700 E2317.22241
;MESH:NONMESH
G0 F300 X198.297 Y125.84 Z6.2
G0 F9000 X198.297 Y126.3
G0 X199.228 Y126.228
G0 X199.228 Y108.772 ;T9.452 R8.000 A1.570 C-421.702048 FILLET CORNER
G0 X175.07 Y108.761 ;T-78.987 R8.000 A0.155 C-54.417653000000406 FILLET CORNER
G0 X160.635 Y111.007 ;T-140.801 R8.000 A0.103 C12.444365000000179 FILLET CORNER
G0 X152.35 Y111.434 ;T-330.050 R8.000 A0.047 C24.847321999999558 FILLET CORNER
G0 X88.979 Y111.701
G1 F2700 E2322.22241
G0 F9000 X88.983 Y111.6
;TIME_ELAPSED:8917.610346
;LAYER:30
;TYPE:WALL-INNER
;MESH:D638-22 Type I Tensile Specimen.STL
G1 F1500 X146.015 Y111.6 E2324.1193
G1 X153.343 Y111.411 E2324.36312
G1 X160.654 Y110.844 E2324.60701
G1 X167.894 Y109.906 E2324.84983
G1 X175.055 Y108.6 E2325.09193
G1 X199.4 Y108.6 E2325.90165 ;T16.345 R8.000 A1.571 C216.67050000000012 FILLET CORNER
G1 X199.4 Y117.5 E2326.19766
G1 X199.4 Y126.4 E2326.49368 ;T0.900 R8.000 A1.571 C216.6527000000003 FILLET CORNER
G1 X175.057 Y126.4 E2327.30333
G1 X167.896 Y125.094 E2327.54544
G1 X160.654 Y124.156 E2327.78832
G1 X153.345 Y123.589 E2328.03215
G1 X146.017 Y123.4 E2328.27596
G1 X88.985 Y123.4 E2330.17285
G1 X81.657 Y123.589 E2330.41666
G1 X74.346 Y124.156 E2330.66056
G1 X67.106 Y125.094 E2330.90337
G1 X59.945 Y126.4 E2331.14548
G1 X35.6 Y126.4 E2331.95519 ;T16.345 R8.000 A1.571 C433.34100000000024 FILLET CORNER
G1 X35.6 Y108.6 E2332.54723 ;T9.800 R8.000 A1.571 C433.3054000000002 FILLET CORNER
G1 X59.943 Y108.6 E2333.35688
G1 X67.104 Y109.906 E2333.59898
G1 X74.346 Y110.844 E2333.84186
G1 X81.655 Y111.411 E2334.08569
G1 X88.983 Y111.6 E2334.3295
G1 F2700 E2329.3295
G0 F9000 X88.979 Y111.701
G0 X74.325 Y111.003 ;T-134.873 R8.000 A0.107 C22.805162000000145 FILLET CORNER
G0 X59.928 Y108.761 ;T-88.488 R8.000 A0.155 C-54.31611900000024 FILLET CORNER
G0 X35.772 Y108.772 ;T16.152 R8.000 A1.570 C-421.6671359999997 FILLET CORNER
G0 X35.772 Y126.228 ;T9.452 R8.000 A1.570 C-421.70204799999976 FILLET CORNER
G0 X59.93 Y126.239 ;T-78.973 R8.000 A0.155 C-54.41763100000037 FILLET CORNER
G0 X74.363 Y123.993 ;T-117.723 R8.000 A0.121 C25.76019000000028 FILLET CORNER
G0 X88.994 Y123.501
G1 F2700 E2334.3295
G0 F9000 X88.995 Y123.8
;TYPE:WALL-OUTER
G1 F1500 X146.007 Y123.8 E2336.22573
G1 X153.314 Y123.988 E2336.46884
G1 X160.602 Y124.553 E2336.71197
G1 X167.854 Y125.493 E2336.95519
G1 X175.021 Y126.8 E2337.1975
G1 X199.8 Y126.8 E2338.02165 ;T16.779 R8.000 A1.571 C-230.44470000000015 FILLET CORNER
G1 X199.8 Y117.5 E2338.33097
G1 X199.8 Y108.2 E2338.64029 ;T1.300 R8.000 A1.571 C-230.46329999999998 FILLET CORNER
G1 X175.019 Y108.2 E2339.46451
G1 X167.842 Y109.509 E2339.70715
G1 X160.592 Y110.448 E2339.9503
G1 X153.302 Y111.012 E2340.19349
G1 X146.005 Y111.2 E2340.43627
G1 X88.993 Y111.2 E2342.3325
G1 X81.686 Y111.012 E2342.57561
G1 X74.398 Y110.447 E2342.81874
G1 X67.146 Y109.507 E2343.06196
G1 X59.979 Y108.2 E2343.30427
G1 X35.2 Y108.2 E2344.12842 ;T16.779 R8.000 A1.571 C-460.8893999999998 FILLET CORNER
G1 X35.2 Y126.8 E2344.74706 ;T10.600 R8.000 A1.571 C-460.92659999999984 FILLET CORNER
G1 X59.981 Y126.8 E2345.57128
G1 X67.158 Y125.491 E2345.81392
G1 X74.408 Y124.552 E2346.05707
G1 X81.698 Y123.988 E2346.30026
G1 X88.995 Y123.8 E2346.54304
G0 F9000 X88.977 Y123.04
;TYPE:SKIN
G1 F1500 X146.027 Y123.04 E2348.44054
G1 X153.372 Y123.23 E2348.68491
G1 X160.7 Y123.799 E2348.92938
G1 X167.99 Y124.744 E2349.17387
G1 X175.092 Y126.04 E2349.41399
G1 X199.04 Y126.04 E2350.2105 ;T15.948 R8.000 A1.571 C-204.51591999999997 FILLET CORNER
G1 X199.04 Y117.5 E2350.49454
G1 X199.04 Y108.96 E2350.77858 ;T0.540 R8.000 A1.571 C-204.54154000000008 FILLET CORNER
G1 X175.089 Y108.96 E2351.5752
G1 X167.981 Y110.257 E2351.81551
G1 X160.651 Y111.206 E2352.06134
G1 X153.321 Y111.772 E2352.30587
G1 X146.024 Y111.96 E2352.54865
G1 X88.975 Y111.96 E2354.4461
G1 X81.629 Y111.77 E2354.69051
G1 X74.335 Y111.205 E2354.93384
G1 X67.01 Y110.256 E2355.17951
G1 X59.908 Y108.96 E2355.41962
G1 X35.96 Y108.96 E2356.21614 ;T15.948 R8.000 A1.571 C-409.03184000000033 FILLET CORNER
G1 X35.96 Y126.04 E2356.78422 ;T9.080 R8.000 A1.571 C-409.08308000000034 FILLET CORNER
G1 X59.911 Y126.04 E2357.58083
G1 X67.023 Y124.742 E2357.82129
G1 X74.347 Y123.794 E2358.06691
G1 X81.64 Y123.23 E2358.31021
G1 X88.977 Y123.04 E2358.55432
G1 F2700 E2353.55432
G0 F9000 X88.98 Y123.3
G0 X69.807 Y124.562 ;T-136.811 R8.000 A0.102 C-19.688347000000128 FILLET CORNER
G0 X59.93 Y126.239 ;T-86.388 R8.000 A0.166 C38.75501600000023 FILLET CORNER
G0 X36.461 Y126.3
G1 F2700 E2358.55432
G0 F9000 X36.461 Y125.839
G1 F1500 X36.16 Y125.538 E2358.56847
G0 F9000 X36.16 Y124.972
G1 F1500 X37.026 Y125.839 E2358.60923
G0 F9000 X37.592 Y125.839
G1 F1500 X36.16 Y124.406 E2358.67661
G0 F9000 X36.16 Y123.841
G1 F1500 X38.158 Y125.839 E2358.77059
G0 F9000 X38.723 Y125.839
G1 F1500 X36.16 Y123.275 E2358.89117
G0 F9000 X36.16 Y122.709
G1 F1500 X39.289 Y125.839 E2359.03837
G0 F9000 X39.855 Y125.839
G1 F1500 X36.16 Y122.144 E2359.21218
G0 F9000 X36.16 Y121.578
G1 F1500 X40.421 Y125.839 E2359.4126
G0 F9000 X40.986 Y125.839
G1 F1500 X36.16 Y121.012 E2359.63962
G0 F9000 X36.16 Y120.447
G1 F1500 X41.552 Y125.839 E2359.89325
G0 F9000 X42.118 Y125.839
G1 F1500 X36.16 Y119.881 E2360.17349
G0 F9000 X36.16 Y119.315
G1 F1500 X42.683 Y125.839 E2360.48034
G0 F9000 X43.249 Y125.839
G1 F1500 X36.16 Y118.75 E2360.81378
G0 F9000 X36.16 Y118.184
G1 F1500 X43.815 Y125.839 E2361.17385
G0 F9000 X44.38 Y125.839
G1 F1500 X36.16 Y117.618 E2361.56052
G0 F9000 X36.16 Y117.053
G1 F1500 X44.946 Y125.839 E2361.97378
G0 F9000 X45.512 Y125.839
G1 F1500 X36.16 Y116.487 E2362.41367
G0 F9000 X36.16 Y115.921
G1 F1500 X46.077 Y125.839 E2362.88016
G0 F9000 X46.643 Y125.839
G1 F1500 X36.16 Y115.355 E2363.37327
G0 F9000 X36.16 Y114.79
G1 F1500 X47.209 Y125.839 E2363.89299
G0 F9000 X47.774 Y125.839
G1 F1500 X36.16 Y114.224 E2364.4393
G0 F9000 X36.16 Y113.658
G1 F1500 X48.34 Y125.839 E2365.01223
G0 F9000 X48.906 Y125.839
G1 F1500 X36.16 Y113.093 E2365.61176
G0 F9000 X36.16 Y112.527
G1 F1500 X49.472 Y125.839 E2366.23792
G0 F9000 X50.037 Y125.839
G1 F1500 X36.16 Y111.961 E2366.89067
G0 F9000 X36.16 Y111.396
G1 F1500 X50.603 Y125.839 E2367.57003
G0 F9000 X51.169 Y125.839
G1 F1500 X36.16 Y110.83 E2368.276
G0 F9000 X36.16 Y110.264
G1 F1500 X51.734 Y125.839 E2369.00858
G0 F9000 X52.3 Y125.839
G1 F1500 X36.16 Y109.699 E2369.76776
G0 F9000 X36.186 Y109.159
G1 F1500 X52.866 Y125.839 E2370.55233
G0 F9000 X53.431 Y125.839
G1 F1500 X36.751 Y109.159 E2371.33691
G0 F9000 X37.317 Y109.159
G1 F1500 X53.997 Y125.839 E2372.12149
G0 F9000 X54.563 Y125.839
G1 F1500 X37.883 Y109.159 E2372.90606
G0 F9000 X38.448 Y109.159
G1 F1500 X55.128 Y125.839 E2373.69064
G0 F9000 X55.694 Y125.839
G1 F1500 X39.014 Y109.159 E2374.47521
G0 F9000 X39.58 Y109.159
G1 F1500 X56.26 Y125.839 E2375.25979
G0 F9000 X56.825 Y125.839
G1 F1500 X40.145 Y109.159 E2376.04437
G0 F9000 X40.711 Y109.159
G1 F1500 X57.391 Y125.839 E2376.82894
G0 F9000 X57.957 Y125.839
G1 F1500 X41.277 Y109.159 E2377.61352
G0 F9000 X41.843 Y109.159
G1 F1500 X58.522 Y125.839 E2378.39807
G0 F9000 X59.088 Y125.839
G1 F1500 X42.408 Y109.159 E2379.18265
G0 F9000 X42.974 Y109.159
G1 F1500 X59.654 Y125.839 E2379.96722
G0 F9000 X60.169 Y125.788
G1 F1500 X43.54 Y109.159 E2380.7494
G0 F9000 X44.105 Y109.159
G1 F1500 X60.647 Y125.701 E2381.52748
G0 F9000 X61.125 Y125.613
G1 F1500 X44.671 Y109.159 E2382.30143
G0 F9000 X45.237 Y109.159
G1 F1500 X61.604 Y125.527 E2383.07131
G0 F9000 X62.082 Y125.439
G1 F1500 X45.802 Y109.159 E2383.83707
G0 F9000 X46.368 Y109.159
G1 F1500 X62.561 Y125.352 E2384.59874
G0 F9000 X63.039 Y125.264
G1 F1500 X46.934 Y109.159 E2385.35627
G0 F9000 X47.499 Y109.159
G1 F1500 X63.517 Y125.177 E2386.1097
G0 F9000 X63.995 Y125.09
G1 F1500 X48.065 Y109.159 E2386.85903
G0 F9000 X48.631 Y109.159
G1 F1500 X64.474 Y125.003 E2387.60426
G0 F9000 X64.952 Y124.915
G1 F1500 X49.196 Y109.159 E2388.34537
G0 F9000 X49.762 Y109.159
G1 F1500 X65.43 Y124.827 E2389.08235
G0 F9000 X65.909 Y124.74
G1 F1500 X50.328 Y109.159 E2389.81523
G0 F9000 X50.894 Y109.159
G1 F1500 X66.387 Y124.653 E2390.54399
G0 F9000 X66.866 Y124.566
G1 F1500 X51.459 Y109.159 E2391.26869
G0 F9000 X52.025 Y109.159
G1 F1500 X67.361 Y124.496 E2391.99007
G0 F9000 X67.862 Y124.43
G1 F1500 X52.591 Y109.159 E2392.70838
G0 F9000 X53.156 Y109.159
G1 F1500 X68.363 Y124.365 E2393.42364
G0 F9000 X68.863 Y124.3
G1 F1500 X53.722 Y109.159 E2394.13583
G0 F9000 X54.288 Y109.159
G1 F1500 X69.365 Y124.236 E2394.845
G0 F9000 X69.865 Y124.171
G1 F1500 X54.853 Y109.159 E2395.55112
G0 F9000 X55.419 Y109.159
G1 F1500 X70.366 Y124.106 E2396.25418
G0 F9000 X70.866 Y124.041
G1 F1500 X55.985 Y109.159 E2396.95416
G0 F9000 X56.55 Y109.159
G1 F1500 X71.367 Y123.976 E2397.65111
G0 F9000 X71.868 Y123.911
G1 F1500 X57.116 Y109.159 E2398.345
G0 F9000 X57.682 Y109.159
G1 F1500 X72.369 Y123.846 E2399.03583
G0 F9000 X72.87 Y123.781
G1 F1500 X58.247 Y109.159 E2399.72363
G0 F9000 X58.813 Y109.159
G1 F1500 X73.37 Y123.716 E2400.40834
G0 F9000 X73.871 Y123.651
G1 F1500 X59.379 Y109.159 E2401.09
G0 F9000 X59.957 Y109.172
G1 F1500 X74.375 Y123.59 E2401.76818
G0 F9000 X74.9 Y123.549
G1 F1500 X60.649 Y109.298 E2402.43851
G0 F9000 X61.341 Y109.424
G1 F1500 X75.425 Y123.508 E2403.10097
G0 F9000 X75.951 Y123.468
G1 F1500 X62.033 Y109.55 E2403.75563
G0 F9000 X62.725 Y109.677
G1 F1500 X76.475 Y123.427 E2404.40239
G0 F9000 X77.001 Y123.387
G1 F1500 X63.417 Y109.803 E2405.04134
G0 F9000 X64.109 Y109.929
G1 F1500 X77.525 Y123.346 E2405.67241
G0 F9000 X78.051 Y123.305
G1 F1500 X64.801 Y110.056 E2406.29563
G0 F9000 X65.492 Y110.182
G1 F1500 X78.575 Y123.264 E2406.91099
G0 F9000 X79.101 Y123.224
G1 F1500 X66.185 Y110.308 E2407.51852
G0 F9000 X66.876 Y110.434
G1 F1500 X79.625 Y123.183 E2408.11819
G0 F9000 X80.151 Y123.143
G1 F1500 X67.533 Y110.525 E2408.7117
G0 F9000 X68.183 Y110.609
G1 F1500 X80.675 Y123.102 E2409.29931
G0 F9000 X81.201 Y123.062
G1 F1500 X68.833 Y110.694 E2409.88107
G0 F9000 X69.482 Y110.777
G1 F1500 X81.731 Y123.026 E2410.45722
G0 F9000 X82.283 Y123.012
G1 F1500 X70.132 Y110.861 E2411.02877
G0 F9000 X70.782 Y110.945
G1 F1500 X82.834 Y122.998 E2411.59568
G0 F9000 X83.385 Y122.983
G1 F1500 X71.431 Y111.029 E2412.15796
G0 F9000 X72.081 Y111.114
G1 F1500 X83.937 Y122.969 E2412.71561
G0 F9000 X84.488 Y122.955
G1 F1500 X72.73 Y111.197 E2413.26867
G0 F9000 X73.38 Y111.281
G1 F1500 X85.04 Y122.941 E2413.81712
G0 F9000 X85.591 Y122.926
G1 F1500 X74.03 Y111.365 E2414.36091
G0 F9000 X74.66 Y111.43
G1 F1500 X86.142 Y122.912 E2414.90099
G0 F9000 X86.694 Y122.897
G1 F1500 X75.273 Y111.477 E2415.43817
G0 F9000 X75.886 Y111.524
G1 F1500 X87.245 Y122.883 E2415.97247
G0 F9000 X87.797 Y122.869
G1 F1500 X76.499 Y111.572 E2416.50387
G0 F9000 X77.112 Y111.619
G1 F1500 X88.348 Y122.854 E2417.03235
G0 F9000 X88.899 Y122.84
G1 F1500 X77.725 Y111.667 E2417.55792
G0 F9000 X78.338 Y111.714
G1 F1500 X89.463 Y122.839 E2418.0812
G0 F9000 X90.029 Y122.839
G1 F1500 X78.952 Y111.761 E2418.60225
G0 F9000 X79.565 Y111.809
G1 F1500 X90.595 Y122.839 E2419.12107
G0 F9000 X91.16 Y122.839
G1 F1500 X80.178 Y111.856 E2419.63766
G0 F9000 X80.791 Y111.903
G1 F1500 X91.726 Y122.839 E2420.15203
G0 F9000 X92.292 Y122.839
G1 F1500 X81.404 Y111.951 E2420.66417
G0 F9000 X81.997 Y111.978
G1 F1500 X92.857 Y122.839 E2421.17501
G0 F9000 X93.423 Y122.839
G1 F1500 X82.578 Y111.993 E2421.68515
G0 F9000 X83.158 Y112.008
G1 F1500 X93.989 Y122.839 E2422.19461
G0 F9000 X94.555 Y122.839
G1 F1500 X83.739 Y112.024 E2422.70333
G0 F9000 X84.32 Y112.038
G1 F1500 X95.12 Y122.839 E2423.21136
G0 F9000 X95.686 Y122.839
G1 F1500 X84.9 Y112.053 E2423.7187
G0 F9000 X85.482 Y112.069
G1 F1500 X96.252 Y122.839 E2424.22528
G0 F9000 X96.817 Y122.839
G1 F1500 X86.062 Y112.084 E2424.73117
G0 F9000 X86.643 Y112.099
G1 F1500 X97.383 Y122.839 E2425.23634
G0 F9000 X97.949 Y122.839
G1 F1500 X87.223 Y112.113 E2425.74086
G0 F9000 X87.804 Y112.129
G1 F1500 X98.514 Y122.839 E2426.24463
G0 F9000 X99.08 Y122.839
G1 F1500 X88.385 Y112.144 E2426.74769
G0 F9000 X88.966 Y112.159
G1 F1500 X99.646 Y122.839 E2427.25004
G0 F9000 X100.211 Y122.839
G1 F1500 X89.532 Y112.159 E2427.75237
G0 F9000 X90.098 Y112.159
G1 F1500 X100.777 Y122.839 E2428.2547
G0 F9000 X101.343 Y122.839
G1 F1500 X90.663 Y112.159 E2428.75706
G0 F9000 X91.229 Y112.159
G1 F1500 X101.908 Y122.839 E2429.25939
G0 F9000 X102.474 Y122.839
G1 F1500 X91.795 Y112.159 E2429.76172
G0 F9000 X92.36 Y112.159
G1 F1500 X103.04 Y122.839 E2430.26407
G0 F9000 X103.605 Y122.839
G1 F1500 X92.926 Y112.159 E2430.76641
G0 F9000 X93.492 Y112.159
G1 F1500 X104.171 Y122.839 E2431.26874
G0 F9000 X104.737 Y122.839
G1 F1500 X94.057 Y112.159 E2431.77109
G0 F9000 X94.623 Y112.159
G1 F1500 X105.303 Y122.839 E2432.27345
G0 F9000 X105.868 Y122.839
G1 F1500 X95.189 Y112.159 E2432.77578
G0 F9000 X95.754 Y112.159
G1 F1500 X106.434 Y122.839 E2433.27813
G0 F9000 X107 Y122.839
G1 F1500 X96.32 Y112.159 E2433.78049
G0 F9000 X96.886 Y112.159
G1 F1500 X107.565 Y122.839 E2434.28282
G0 F9000 X108.131 Y122.839
G1 F1500 X97.452 Y112.159 E2434.78515
G0 F9000 X98.017 Y112.159
G1 F1500 X108.697 Y122.839 E2435.2875
G0 F9000 X109.262 Y122.839
G1 F1500 X98.583 Y112.159 E2435.78983
G0 F9000 X99.149 Y112.159
G1 F1500 X109.828 Y122.839 E2436.29216
G0 F9000 X110.394 Y122.839
G1 F1500 X99.714 Y112.159 E2436.79452
G0 F9000 X100.28 Y112.159
G1 F1500 X110.959 Y122.839 E2437.29685
G0 F9000 X111.525 Y122.839
G1 F1500 X100.846 Y112.159 E2437.79918
G0 F9000 X101.411 Y112.159
G1 F1500 X112.091 Y122.839 E2438.30153
G0 F9000 X112.656 Y122.839
G1 F1500 X101.977 Y112.159 E2438.80387
G0 F9000 X102.543 Y112.159
G1 F1500 X113.222 Y122.839 E2439.3062
G0 F9000 X113.788 Y122.839
G1 F1500 X103.108 Y112.159 E2439.80855
G0 F9000 X103.674 Y112.159
G1 F1500 X114.354 Y122.839 E2440.31091
G0 F9000 X114.919 Y122.839
G1 F1500 X104.24 Y112.159 E2440.81324
G0 F9000 X104.805 Y112.159
G1 F1500 X115.485 Y122.839 E2441.31559
G0 F9000 X116.051 Y122.839
G1 F1500 X105.371 Y112.159 E2441.81794
G0 F9000 X105.937 Y112.159
G1 F1500 X116.616 Y122.839 E2442.32028
G0 F9000 X117.182 Y122.839
G1 F1500 X106.503 Y112.159 E2442.82261
G0 F9000 X107.068 Y112.159
G1 F1500 X117.748 Y122.839 E2443.32496
G0 F9000 X118.313 Y122.839
G1 F1500 X107.634 Y112.159 E2443.82729
G0 F9000 X108.2 Y112.159
G1 F1500 X118.879 Y122.839 E2444.32962
G0 F9000 X119.445 Y122.839
G1 F1500 X108.765 Y112.159 E2444.83198
G0 F9000 X109.331 Y112.159
G1 F1500 X120.01 Y122.839 E2445.33431
G0 F9000 X120.576 Y122.839
G1 F1500 X109.897 Y112.159 E2445.83664
G0 F9000 X110.462 Y112.159
G1 F1500 X121.142 Y122.839 E2446.33899
G0 F9000 X121.707 Y122.839
G1 F1500 X111.028 Y112.159 E2446.84132
G0 F9000 X111.594 Y112.159
G1 F1500 X122.273 Y122.839 E2447.34366
G0 F9000 X122.839 Y122.839
G1 F1500 X112.159 Y112.159 E2447.84601
G0 F9000 X112.725 Y112.159
G1 F1500 X123.404 Y122.839 E2448.34834
G0 F9000 X123.97 Y122.839
G1 F1500 X113.291 Y112.159 E2448.85067
G0 F9000 X113.856 Y112.159
G1 F1500 X124.536 Y122.839 E2449.35303
G0 F9000 X125.102 Y122.839
G1 F1500 X114.422 Y112.159 E2449.85538
G0 F9000 X114.988 Y112.159
G1 F1500 X125.667 Y122.839 E2450.35771
G0 F9000 X126.233 Y122.839
G1 F1500 X115.553 Y112.159 E2450.86007
G0 F9000 X116.119 Y112.159
G1 F1500 X126.799 Y122.839 E2451.36242
G0 F9000 X127.364 Y122.839
G1 F1500 X116.685 Y112.159 E2451.86475
G0 F9000 X117.251 Y112.159
G1 F1500 X127.93 Y122.839 E2452.36708
G0 F9000 X128.496 Y122.839
G1 F1500 X117.817 Y112.16 E2452.86939
G0 F9000 X118.383 Y112.16
G1 F1500 X129.061 Y122.839 E2453.37167
G0 F9000 X129.627 Y122.839
G1 F1500 X118.948 Y112.16 E2453.87398
G0 F9000 X119.514 Y112.16
G1 F1500 X130.193 Y122.839 E2454.37629
G0 F9000 X130.758 Y122.839
G1 F1500 X120.08 Y112.16 E2454.87857
G0 F9000 X120.645 Y112.16
G1 F1500 X131.324 Y122.839 E2455.38088
G0 F9000 X131.89 Y122.839
G1 F1500 X121.211 Y112.16 E2455.88319
G0 F9000 X121.777 Y112.16
G1 F1500 X132.455 Y122.839 E2456.38547
G0 F9000 X133.021 Y122.839
G1 F1500 X122.342 Y112.16 E2456.88778
G0 F9000 X122.908 Y112.16
G1 F1500 X133.587 Y122.839 E2457.39009
G0 F9000 X134.153 Y122.839
G1 F1500 X123.474 Y112.16 E2457.89239
G0 F9000 X124.039 Y112.16
G1 F1500 X134.718 Y122.839 E2458.3947
G0 F9000 X135.284 Y122.839
G1 F1500 X124.605 Y112.16 E2458.89701
G0 F9000 X125.171 Y112.16
G1 F1500 X135.85 Y122.839 E2459.39932
G0 F9000 X136.415 Y122.839
G1 F1500 X125.737 Y112.16 E2459.9016
G0 F9000 X126.302 Y112.16
G1 F1500 X136.981 Y122.839 E2460.40391
G0 F9000 X137.547 Y122.839
G1 F1500 X126.868 Y112.16 E2460.90621
G0 F9000 X127.434 Y112.16
G1 F1500 X138.112 Y122.839 E2461.4085
G0 F9000 X138.678 Y122.839
G1 F1500 X127.999 Y112.16 E2461.91081
G0 F9000 X128.565 Y112.16
G1 F1500 X139.244 Y122.839 E2462.41311
G0 F9000 X139.809 Y122.839
G1 F1500 X129.131 Y112.16 E2462.9154
G0 F9000 X129.696 Y112.16
G1 F1500 X140.375 Y122.839 E2463.4177
G0 F9000 X140.941 Y122.839
G1 F1500 X130.262 Y112.16 E2463.92001
G0 F9000 X130.828 Y112.16
G1 F1500 X141.506 Y122.839 E2464.4223
G0 F9000 X142.072 Y122.839
G1 F1500 X131.393 Y112.16 E2464.9246
G0 F9000 X131.959 Y112.16
G1 F1500 X142.638 Y122.839 E2465.42691
G0 F9000 X143.203 Y122.839
G1 F1500 X132.525 Y112.16 E2465.92919
G0 F9000 X133.09 Y112.16
G1 F1500 X143.769 Y122.839 E2466.4315
G0 F9000 X144.335 Y122.839
G1 F1500 X133.656 Y112.16 E2466.93381
G0 F9000 X134.222 Y112.16
G1 F1500 X144.901 Y122.839 E2467.43612
G0 F9000 X145.466 Y122.839
G1 F1500 X134.787 Y112.16 E2467.93842
G0 F9000 X135.353 Y112.16
G1 F1500 X146.033 Y122.84 E2468.44078
G0 F9000 X146.613 Y122.854
G1 F1500 X135.919 Y112.16 E2468.94379
G0 F9000 X136.485 Y112.16
G1 F1500 X147.194 Y122.869 E2469.44751
G0 F9000 X147.774 Y122.884
G1 F1500 X137.05 Y112.16 E2469.95193
G0 F9000 X137.616 Y112.16
G1 F1500 X148.355 Y122.899 E2470.45706
G0 F9000 X148.935 Y122.914
G1 F1500 X138.182 Y112.16 E2470.96288
G0 F9000 X138.747 Y112.16
G1 F1500 X149.517 Y122.929 E2471.46944
G0 F9000 X150.097 Y122.944
G1 F1500 X139.313 Y112.16 E2471.97669
G0 F9000 X139.879 Y112.16
G1 F1500 X150.678 Y122.959 E2472.48464
G0 F9000 X151.258 Y122.974
G1 F1500 X140.444 Y112.16 E2472.9933
G0 F9000 X141.01 Y112.16
G1 F1500 X151.839 Y122.989 E2473.50266
G0 F9000 X152.419 Y123.004
G1 F1500 X141.576 Y112.16 E2474.0127
G0 F9000 X142.141 Y112.16
G1 F1500 X153 Y123.019 E2474.52348
G0 F9000 X153.592 Y123.045
G1 F1500 X142.707 Y112.16 E2475.03547
G0 F9000 X143.273 Y112.16
G1 F1500 X154.205 Y123.093 E2475.54971
G0 F9000 X154.818 Y123.14
G1 F1500 X143.838 Y112.16 E2476.06617
G0 F9000 X144.404 Y112.16
G1 F1500 X155.432 Y123.188 E2476.58489
G0 F9000 X156.045 Y123.235
G1 F1500 X144.97 Y112.16 E2477.10583
G0 F9000 X145.536 Y112.16
G1 F1500 X156.659 Y123.284 E2477.62904
G0 F9000 X157.272 Y123.331
G1 F1500 X146.1 Y112.159 E2478.15454
G0 F9000 X146.651 Y112.145
G1 F1500 X157.886 Y123.379 E2478.68298
G0 F9000 X158.499 Y123.426
G1 F1500 X147.202 Y112.13 E2479.21433
G0 F9000 X147.754 Y112.116
G1 F1500 X159.113 Y123.474 E2479.7486
G0 F9000 X159.726 Y123.522
G1 F1500 X148.305 Y112.101 E2480.28581
G0 F9000 X148.857 Y112.087
G1 F1500 X160.339 Y123.57 E2480.82591
G0 F9000 X160.966 Y123.631
G1 F1500 X149.408 Y112.073 E2481.36956
G0 F9000 X149.96 Y112.059
G1 F1500 X161.617 Y123.716 E2481.91787
G0 F9000 X162.266 Y123.8
G1 F1500 X150.511 Y112.044 E2482.47081
G0 F9000 X151.062 Y112.03
G1 F1500 X162.916 Y123.884 E2483.02839
G0 F9000 X163.566 Y123.968
G1 F1500 X151.614 Y112.016 E2483.59058
G0 F9000 X152.165 Y112.002
G1 F1500 X164.216 Y124.052 E2484.15739
G0 F9000 X164.866 Y124.136
G1 F1500 X152.717 Y111.988 E2484.72882
G0 F9000 X153.268 Y111.973
G1 F1500 X165.516 Y124.22 E2485.30491
G0 F9000 X166.165 Y124.305
G1 F1500 X153.797 Y111.936 E2485.88668
G0 F9000 X154.322 Y111.896
G1 F1500 X166.816 Y124.389 E2486.47434
G0 F9000 X167.466 Y124.474
G1 F1500 X154.847 Y111.855 E2487.0679
G0 F9000 X155.372 Y111.814
G1 F1500 X168.123 Y124.565 E2487.66767
G0 F9000 X168.814 Y124.691
G1 F1500 X155.897 Y111.773 E2488.27527
G0 F9000 X156.422 Y111.733
G1 F1500 X169.506 Y124.817 E2488.8907
G0 F9000 X170.198 Y124.943
G1 F1500 X156.947 Y111.692 E2489.51398
G0 F9000 X157.472 Y111.652
G1 F1500 X170.89 Y125.07 E2490.14513
G0 F9000 X171.582 Y125.196
G1 F1500 X157.997 Y111.611 E2490.78412
G0 F9000 X158.522 Y111.57
G1 F1500 X172.273 Y125.321 E2491.43093
G0 F9000 X172.966 Y125.448
G1 F1500 X159.047 Y111.529 E2492.08563
G0 F9000 X159.572 Y111.489
G1 F1500 X173.657 Y125.574 E2492.74815
G0 F9000 X174.349 Y125.7
G1 F1500 X160.097 Y111.448 E2493.41852
G0 F9000 X160.622 Y111.408
G1 F1500 X175.041 Y125.826 E2494.09672
G0 F9000 X175.619 Y125.839
G1 F1500 X161.126 Y111.345 E2494.77845
G0 F9000 X161.626 Y111.28
G1 F1500 X176.185 Y125.839 E2495.46326
G0 F9000 X176.751 Y125.839
G1 F1500 X162.128 Y111.216 E2496.15108
G0 F9000 X162.628 Y111.151
G1 F1500 X177.316 Y125.839 E2496.84196
G0 F9000 X177.882 Y125.839
G1 F1500 X163.129 Y111.086 E2497.5359
G0 F9000 X163.63 Y111.021
G1 F1500 X178.448 Y125.839 E2498.23289
G0 F9000 X179.013 Y125.839
G1 F1500 X164.131 Y110.957 E2498.93289
G0 F9000 X164.632 Y110.892
G1 F1500 X179.579 Y125.839 E2499.63596
G0 F9000 X180.145 Y125.839
G1 F1500 X165.132 Y110.826 E2500.34212
G0 F9000 X165.634 Y110.762
G1 F1500 X180.711 Y125.839 E2501.0513
G0 F9000 X181.276 Y125.839
G1 F1500 X166.134 Y110.697 E2501.76353
G0 F9000 X166.635 Y110.632
G1 F1500 X181.842 Y125.839 E2502.47882
G0 F9000 X182.408 Y125.839
G1 F1500 X167.136 Y110.568 E2503.19715
G0 F9000 X167.637 Y110.503
G1 F1500 X182.973 Y125.839 E2503.9185
G0 F9000 X183.539 Y125.839
G1 F1500 X168.133 Y110.433 E2504.64316
G0 F9000 X168.611 Y110.346
G1 F1500 X184.105 Y125.839 E2505.37192
G0 F9000 X184.67 Y125.839
G1 F1500 X169.089 Y110.258 E2506.1048
G0 F9000 X169.568 Y110.171
G1 F1500 X185.236 Y125.839 E2506.84178
G0 F9000 X185.802 Y125.839
G1 F1500 X170.046 Y110.083 E2507.58289
G0 F9000 X170.525 Y109.996
G1 F1500 X186.367 Y125.839 E2508.32808
G0 F9000 X186.933 Y125.839
G1 F1500 X171.003 Y109.909 E2509.07737
G0 F9000 X171.481 Y109.822
G1 F1500 X187.499 Y125.839 E2509.83079
G0 F9000 X188.064 Y125.839
G1 F1500 X171.959 Y109.734 E2510.58832
G0 F9000 X172.438 Y109.647
G1 F1500 X188.63 Y125.839 E2511.34994
G0 F9000 X189.196 Y125.839
G1 F1500 X172.917 Y109.56 E2512.11565
G0 F9000 X173.395 Y109.472
G1 F1500 X189.762 Y125.839 E2512.88551
G0 F9000 X190.327 Y125.839
G1 F1500 X173.874 Y109.385 E2513.65943
G0 F9000 X174.352 Y109.298
G1 F1500 X190.893 Y125.839 E2514.43747
G0 F9000 X191.459 Y125.839
G1 F1500 X174.83 Y109.211 E2515.21962
G0 F9000 X175.345 Y109.16
G1 F1500 X192.024 Y125.839 E2516.00415
G0 F9000 X192.59 Y125.839
G1 F1500 X175.911 Y109.16 E2516.78868
G0 F9000 X176.476 Y109.16
G1 F1500 X193.156 Y125.839 E2517.57323
G0 F9000 X193.721 Y125.839
G1 F1500 X177.042 Y109.16 E2518.35776
G0 F9000 X177.608 Y109.16
G1 F1500 X194.287 Y125.839 E2519.14229
G0 F9000 X194.853 Y125.839
G1 F1500 X178.173 Y109.16 E2519.92684
G0 F9000 X178.739 Y109.16
G1 F1500 X195.418 Y125.839 E2520.71137
G0 F9000 X195.984 Y125.839
G1 F1500 X179.305 Y109.16 E2521.4959
G0 F9000 X179.87 Y109.16
G1 F1500 X196.55 Y125.839 E2522.28045
G0 F9000 X197.115 Y125.839
G1 F1500 X180.436 Y109.16 E2523.06498
G0 F9000 X181.002 Y109.16
G1 F1500 X197.681 Y125.839 E2523.84951
G0 F9000 X198.247 Y125.839
G1 F1500 X181.568 Y109.16 E2524.63404
G0 F9000 X182.133 Y109.16
G1 F1500 X198.812 Y125.839 E2525.41857
G0 F9000 X198.839 Y125.3
G1 F1500 X182.699 Y109.16 E2526.17775
G0 F9000 X183.265 Y109.16
G1 F1500 X198.839 Y124.734 E2526.9103
G0 F9000 X198.839 Y124.168
G1 F1500 X183.83 Y109.16 E2527.61625
G0 F9000 X184.396 Y109.16
G1 F1500 X198.839 Y123.602 E2528.29558
G0 F9000 X198.839 Y123.037
G1 F1500 X184.962 Y109.16 E2528.94831
G0 F9000 X185.527 Y109.16
G1 F1500 X198.839 Y122.471 E2529.57445
G0 F9000 X198.839 Y121.905
G1 F1500 X186.093 Y109.16 E2530.17396
G0 F9000 X186.659 Y109.16
G1 F1500 X198.839 Y121.34 E2530.74687
G0 F9000 X198.839 Y120.774
G1 F1500 X187.224 Y109.16 E2531.29318
G0 F9000 X187.79 Y109.16
G1 F1500 X198.839 Y120.208 E2531.81286
G0 F9000 X198.839 Y119.643
G1 F1500 X188.356 Y109.16 E2532.30595
G0 F9000 X188.921 Y109.16
G1 F1500 X198.839 Y119.077 E2532.77244
G0 F9000 X198.839 Y118.511
G1 F1500 X189.487 Y109.16 E2533.21231
G0 F9000 X190.053 Y109.16
G1 F1500 X198.839 Y117.946 E2533.62557
G0 F9000 X198.839 Y117.38
G1 F1500 X190.619 Y109.16 E2534.01222
G0 F9000 X191.184 Y109.16
G1 F1500 X198.839 Y116.814 E2534.37226
G0 F9000 X198.839 Y116.249
G1 F1500 X191.75 Y109.16 E2534.70571
G0 F9000 X192.316 Y109.16
G1 F1500 X198.839 Y115.683 E2535.01253
G0 F9000 X198.839 Y115.117
G1 F1500 X192.881 Y109.16 E2535.29275
G0 F9000 X193.447 Y109.16
G1 F1500 X198.839 Y114.552 E2535.54637
G0 F9000 X198.839 Y113.986
G1 F1500 X194.013 Y109.16 E2535.77337
G0 F9000 X194.578 Y109.16
G1 F1500 X198.839 Y113.42 E2535.97377
G0 F9000 X198.839 Y112.854
G1 F1500 X195.144 Y109.16 E2536.14755
G0 F9000 X195.71 Y109.16
G1 F1500 X198.839 Y112.289 E2536.29473
G0 F9000 X198.839 Y111.723
G1 F1500 X196.275 Y109.16 E2536.41531
G0 F9000 X196.841 Y109.16
G1 F1500 X198.839 Y111.157 E2536.50927
G0 F9000 X198.839 Y110.592
G1 F1500 X197.407 Y109.16 E2536.57662
G0 F9000 X197.972 Y109.16
G1 F1500 X198.839 Y110.026 E2536.61738
G0 F9000 X198.839 Y109.46
G1 F1500 X198.538 Y109.16 E2536.63152
G1 F2700 E2531.63152
;MESH:NONMESH
G0 F300 X198.538 Y109.16 Z6.4
G0 F9000 X198.538 Y108.7
G0 X199.228 Y108.772
G0 X199.228 Y126.228 ;T9.452 R8.000 A1.570 C421.66713599999986 FILLET CORNER
G0 X175.072 Y126.239 ;T-79.003 R8.000 A0.155 C54.41318300000038 FILLET CORNER
G0 X160.635 Y123.993 ;T-140.840 R8.000 A0.103 C-12.441265000000161 FILLET CORNER
G0 X152.351 Y123.566 ;T-318.973 R8.000 A0.049 C-25.682137999999554 FILLET CORNER
G0 X88.985 Y123.4
;TIME_ELAPSED:9206.569930
;LAYER:31
;TYPE:WALL-INNER
;MESH:D638-22 Type I Tensile Specimen.STL
G1 F2700 E2536.63152
G1 F1500 X146.017 Y123.4 E2538.52841
G1 X153.345 Y123.589 E2538.77222
G1 X160.654 Y124.156 E2539.01605
G1 X167.896 Y125.094 E2539.25893
G1 X175.057 Y126.4 E2539.50103
G1 X199.4 Y126.4 E2540.31069 ;T16.343 R8.000 A1.571 C-216.6527000000003 FILLET CORNER
G1 X199.4 Y117.5 E2540.6067
G1 X199.4 Y108.6 E2540.90272 ;T0.900 R8.000 A1.571 C-216.67050000000012 FILLET CORNER
G1 X175.055 Y108.6 E2541.71243
G1 X167.894 Y109.906 E2541.95454
G1 X160.654 Y110.844 E2542.19735
G1 X153.343 Y111.411 E2542.44125
G1 X146.015 Y111.6 E2542.68506
G1 X88.983 Y111.6 E2544.58195
G1 X81.655 Y111.411 E2544.82576
G1 X74.346 Y110.844 E2545.06959
G1 X67.104 Y109.906 E2545.31247
G1 X59.943 Y108.6 E2545.55458
G1 X35.6 Y108.6 E2546.36423 ;T16.343 R8.000 A1.571 C-433.3054000000002 FILLET CORNER
G1 X35.6 Y126.4 E2546.95626 ;T9.800 R8.000 A1.571 C-433.34100000000024 FILLET CORNER
G1 X59.945 Y126.4 E2547.76598
G1 X67.106 Y125.094 E2548.00808
G1 X74.346 Y124.156 E2548.2509
G1 X81.657 Y123.589 E2548.49479
G1 X88.985 Y123.4 E2548.73861
G1 F2700 E2543.73861
G0 F9000 X74.325 Y123.997 ;T-125.765 R8.000 A0.114 C-24.273905000000138 FILLET CORNER
G0 X59.93 Y126.239 ;T-88.476 R8.000 A0.155 C54.320581000000246 FILLET CORNER
G0 X35.772 Y126.228 ;T16.154 R8.000 A1.570 C421.70204799999976 FILLET CORNER
G0 X35.772 Y108.772 ;T9.452 R8.000 A1.570 C421.6671359999997 FILLET CORNER
G0 X59.928 Y108.761 ;T-79.048 R8.000 A0.155 C44.044209000000066 FILLET CORNER
G0 X71.619 Y110.579 ;T-166.367 R8.000 A0.090 C-18.44317799999996 FILLET CORNER
G0 X88.979 Y111.701
G1 F2700 E2548.73861
G0 F9000 X88.993 Y111.2
;TYPE:WALL-OUTER
G1 F1500 X146.005 Y111.2 E2550.63483
G1 X153.302 Y111.012 E2550.87761
G1 X160.592 Y110.448 E2551.1208
G1 X167.842 Y109.509 E2551.36395
G1 X175.019 Y108.2 E2551.6066
G1 X199.8 Y108.2 E2552.43082 ;T16.781 R8.000 A1.571 C230.46329999999998 FILLET CORNER
G1 X199.8 Y117.5 E2552.74014
G1 X199.8 Y126.8 E2553.04946 ;T1.300 R8.000 A1.571 C230.44470000000015 FILLET CORNER
G1 X175.021 Y126.8 E2553.87361
G1 X167.854 Y125.493 E2554.11592
G1 X160.602 Y124.553 E2554.35914
G1 X153.314 Y123.988 E2554.60226
G1 X146.007 Y123.8 E2554.84538
G1 X88.995 Y123.8 E2556.7416
G1 X81.698 Y123.988 E2556.98438
G1 X74.408 Y124.552 E2557.22757
G1 X67.158 Y125.491 E2557.47072
G1 X59.981 Y126.8 E2557.71337
G1 X35.2 Y126.8 E2558.53759 ;T16.781 R8.000 A1.571 C460.92659999999984 FILLET CORNER
G1 X35.2 Y108.2 E2559.15623 ;T10.600 R8.000 A1.571 C460.8893999999998 FILLET CORNER
G1 X59.979 Y108.2 E2559.98038
G1 X67.146 Y109.507 E2560.22269
G1 X74.398 Y110.447 E2560.46591
G1 X81.686 Y111.012 E2560.70904
G1 X88.993 Y111.2 E2560.95215
G0 F9000 X88.975 Y111.96
;TYPE:SKIN
G1 F1500 X146.024 Y111.96 E2562.8496
G1 X153.321 Y111.772 E2563.09238
G1 X160.651 Y111.206 E2563.33691
G1 X167.981 Y110.257 E2563.58274
G1 X175.089 Y108.96 E2563.82306
G1 X199.04 Y108.96 E2564.61967 ;T15.951 R8.000 A1.571 C204.54154000000008 FILLET CORNER
G1 X199.04 Y117.5 E2564.90371
G1 X199.04 Y126.04 E2565.18775 ;T0.540 R8.000 A1.571 C204.51591999999997 FILLET CORNER
G1 X175.092 Y126.04 E2565.98427
G1 X167.99 Y124.744 E2566.22438
G1 X160.7 Y123.799 E2566.46887
G1 X153.372 Y123.23 E2566.71334
G1 X146.027 Y123.04 E2566.95772
G1 X88.977 Y123.04 E2568.85521
G1 X81.64 Y123.23 E2569.09932
G1 X74.347 Y123.794 E2569.34261
G1 X67.023 Y124.742 E2569.58824
G1 X59.911 Y126.04 E2569.82869
G1 X35.96 Y126.04 E2570.6253 ;T15.951 R8.000 A1.571 C409.08308000000034 FILLET CORNER
G1 X35.96 Y108.96 E2571.19339 ;T9.080 R8.000 A1.571 C409.03184000000033 FILLET CORNER
G1 X59.908 Y108.96 E2571.9899
G1 X67.01 Y110.256 E2572.23002
G1 X74.335 Y111.205 E2572.47568
G1 X81.629 Y111.77 E2572.71901
G1 X88.975 Y111.96 E2572.96342
G1 F2700 E2567.96342
G0 F9000 X88.979 Y111.701
G0 X69.848 Y110.443 ;T-137.099 R8.000 A0.102 C19.698982000000086 FILLET CORNER
G0 X59.928 Y108.761 ;T-86.461 R8.000 A0.165 C-39.26837200000011 FILLET CORNER
G0 X36.222 Y108.7
G1 F2700 E2572.96342
G0 F9000 X36.222 Y109.158
G1 F1500 X36.16 Y109.221 E2572.96636
G0 F9000 X36.16 Y109.786
G1 F1500 X36.787 Y109.158 E2572.99588
G0 F9000 X37.353 Y109.158
G1 F1500 X36.16 Y110.352 E2573.05201
G0 F9000 X36.16 Y110.918
G1 F1500 X37.919 Y109.158 E2573.13478
G0 F9000 X38.484 Y109.158
G1 F1500 X36.16 Y111.483 E2573.24411
G0 F9000 X36.16 Y112.049
G1 F1500 X39.05 Y109.158 E2573.38007
G0 F9000 X39.616 Y109.158
G1 F1500 X36.16 Y112.615 E2573.54266
G0 F9000 X36.16 Y113.18
G1 F1500 X40.182 Y109.158 E2573.73184
G0 F9000 X40.747 Y109.158
G1 F1500 X36.16 Y113.746 E2573.94762
G0 F9000 X36.16 Y114.312
G1 F1500 X41.313 Y109.158 E2574.19003
G0 F9000 X41.879 Y109.158
G1 F1500 X36.16 Y114.877 E2574.45903
G0 F9000 X36.16 Y115.443
G1 F1500 X42.444 Y109.158 E2574.75463
G0 F9000 X43.01 Y109.158
G1 F1500 X36.16 Y116.009 E2575.07686
G0 F9000 X36.16 Y116.575
G1 F1500 X43.576 Y109.158 E2575.42571
G0 F9000 X44.141 Y109.158
G1 F1500 X36.16 Y117.14 E2575.80113
G0 F9000 X36.16 Y117.706
G1 F1500 X44.707 Y109.158 E2576.20318
G0 F9000 X45.273 Y109.158
G1 F1500 X36.16 Y118.272 E2576.63185
G0 F9000 X36.16 Y118.837
G1 F1500 X45.838 Y109.158 E2577.0871
G0 F9000 X46.404 Y109.158
G1 F1500 X36.16 Y119.403 E2577.56897
G0 F9000 X36.16 Y119.969
G1 F1500 X46.97 Y109.158 E2578.07746
G0 F9000 X47.535 Y109.158
G1 F1500 X36.16 Y120.534 E2578.61253
G0 F9000 X36.16 Y121.1
G1 F1500 X48.101 Y109.158 E2579.17422
G0 F9000 X48.667 Y109.158
G1 F1500 X36.16 Y121.666 E2579.76254
G0 F9000 X36.16 Y122.231
G1 F1500 X49.233 Y109.158 E2580.37745
G0 F9000 X49.798 Y109.158
G1 F1500 X36.16 Y122.797 E2581.01896
G0 F9000 X36.16 Y123.363
G1 F1500 X50.364 Y109.158 E2581.6871
G0 F9000 X50.93 Y109.158
G1 F1500 X36.16 Y123.928 E2582.38184
G0 F9000 X36.16 Y124.494
G1 F1500 X51.495 Y109.158 E2583.10317
G0 F9000 X52.061 Y109.158
G1 F1500 X36.16 Y125.06 E2583.85113
G0 F9000 X36.16 Y125.626
G1 F1500 X52.627 Y109.158 E2584.62571
G0 F9000 X53.192 Y109.158
G1 F1500 X36.512 Y125.839 E2585.41031
G0 F9000 X37.077 Y125.839
G1 F1500 X53.758 Y109.158 E2586.19493
G0 F9000 X54.324 Y109.158
G1 F1500 X37.643 Y125.839 E2586.97956
G0 F9000 X38.209 Y125.839
G1 F1500 X54.889 Y109.158 E2587.76416
G0 F9000 X55.455 Y109.158
G1 F1500 X38.774 Y125.839 E2588.54878
G0 F9000 X39.34 Y125.839
G1 F1500 X56.021 Y109.158 E2589.3334
G0 F9000 X56.586 Y109.158
G1 F1500 X39.906 Y125.839 E2590.118
G0 F9000 X40.471 Y125.839
G1 F1500 X57.152 Y109.158 E2590.90262
G0 F9000 X57.718 Y109.158
G1 F1500 X41.037 Y125.839 E2591.68725
G0 F9000 X41.603 Y125.839
G1 F1500 X58.283 Y109.158 E2592.47185
G0 F9000 X58.849 Y109.158
G1 F1500 X42.169 Y125.839 E2593.25645
G0 F9000 X42.734 Y125.839
G1 F1500 X59.415 Y109.158 E2594.04107
G0 F9000 X59.966 Y109.173
G1 F1500 X43.3 Y125.839 E2594.82499
G0 F9000 X43.866 Y125.839
G1 F1500 X60.444 Y109.26 E2595.60479
G0 F9000 X60.923 Y109.347
G1 F1500 X44.431 Y125.839 E2596.38052
G0 F9000 X44.997 Y125.839
G1 F1500 X61.401 Y109.435 E2597.15212
G0 F9000 X61.88 Y109.522
G1 F1500 X45.563 Y125.839 E2597.91962
G0 F9000 X46.128 Y125.839
G1 F1500 X62.359 Y109.609 E2598.68305
G0 F9000 X62.837 Y109.697
G1 F1500 X46.694 Y125.839 E2599.44234
G0 F9000 X47.26 Y125.839
G1 F1500 X63.315 Y109.783 E2600.19755
G0 F9000 X63.793 Y109.871
G1 F1500 X47.825 Y125.839 E2600.94863
G0 F9000 X48.391 Y125.839
G1 F1500 X64.272 Y109.958 E2601.69563
G0 F9000 X64.75 Y110.046
G1 F1500 X48.957 Y125.839 E2602.43848
G0 F9000 X49.522 Y125.839
G1 F1500 X65.229 Y110.133 E2603.17726
G0 F9000 X65.707 Y110.22
G1 F1500 X50.088 Y125.839 E2603.91193
G0 F9000 X50.654 Y125.839
G1 F1500 X66.185 Y110.307 E2604.64249
G0 F9000 X66.664 Y110.394
G1 F1500 X51.219 Y125.839 E2605.36897
G0 F9000 X51.785 Y125.839
G1 F1500 X67.149 Y110.475 E2606.09165
G0 F9000 X67.651 Y110.539
G1 F1500 X52.351 Y125.839 E2606.81131
G0 F9000 X52.917 Y125.839
G1 F1500 X68.151 Y110.604 E2607.5279
G0 F9000 X68.652 Y110.669
G1 F1500 X53.482 Y125.839 E2608.24145
G0 F9000 X54.048 Y125.839
G1 F1500 X69.153 Y110.734 E2608.95194
G0 F9000 X69.654 Y110.799
G1 F1500 X54.614 Y125.839 E2609.65938
G0 F9000 X55.179 Y125.839
G1 F1500 X70.155 Y110.863 E2610.3638
G0 F9000 X70.656 Y110.928
G1 F1500 X55.745 Y125.839 E2611.06517
G0 F9000 X56.311 Y125.839
G1 F1500 X71.156 Y110.993 E2611.76346
G0 F9000 X71.658 Y111.058
G1 F1500 X56.876 Y125.839 E2612.45873
G0 F9000 X57.442 Y125.839
G1 F1500 X72.158 Y111.123 E2613.15093
G0 F9000 X72.66 Y111.187
G1 F1500 X58.008 Y125.839 E2613.84011
G0 F9000 X58.573 Y125.839
G1 F1500 X73.16 Y111.252 E2614.52624
G0 F9000 X73.661 Y111.317
G1 F1500 X59.139 Y125.839 E2615.20931
G0 F9000 X59.705 Y125.839
G1 F1500 X74.162 Y111.382 E2615.88933
G0 F9000 X74.679 Y111.43
G1 F1500 X60.355 Y125.755 E2616.56311
G0 F9000 X61.046 Y125.629
G1 F1500 X75.204 Y111.471 E2617.22906
G0 F9000 X75.729 Y111.512
G1 F1500 X61.738 Y125.502 E2617.88713
G0 F9000 X62.431 Y125.376
G1 F1500 X76.255 Y111.552 E2618.53736
G0 F9000 X76.779 Y111.593
G1 F1500 X63.123 Y125.249 E2619.1797
G0 F9000 X63.814 Y125.123
G1 F1500 X77.305 Y111.633 E2619.81425
G0 F9000 X77.829 Y111.674
G1 F1500 X64.507 Y124.997 E2620.4409
G0 F9000 X65.199 Y124.87
G1 F1500 X78.355 Y111.715 E2621.0597
G0 F9000 X78.88 Y111.755
G1 F1500 X65.891 Y124.744 E2621.67066
G0 F9000 X66.583 Y124.618
G1 F1500 X79.405 Y111.796 E2622.27377
G0 F9000 X79.93 Y111.836
G1 F1500 X67.257 Y124.51 E2622.86989
G0 F9000 X67.906 Y124.426
G1 F1500 X80.455 Y111.877 E2623.46016
G0 F9000 X80.98 Y111.918
G1 F1500 X68.556 Y124.341 E2624.04452
G0 F9000 X69.206 Y124.257
G1 F1500 X81.506 Y111.958 E2624.62305
G0 F9000 X82.05 Y111.979
G1 F1500 X69.857 Y124.172 E2625.19657
G0 F9000 X70.507 Y124.088
G1 F1500 X82.602 Y111.993 E2625.76548
G0 F9000 X83.153 Y112.007
G1 F1500 X71.156 Y124.004 E2626.32978
G0 F9000 X71.806 Y123.92
G1 F1500 X83.705 Y112.021 E2626.88948
G0 F9000 X84.256 Y112.036
G1 F1500 X72.456 Y123.836 E2627.44451
G0 F9000 X73.106 Y123.752
G1 F1500 X84.807 Y112.05 E2627.99492
G0 F9000 X85.359 Y112.065
G1 F1500 X73.756 Y123.667 E2628.54066
G0 F9000 X74.401 Y123.588
G1 F1500 X85.91 Y112.079 E2629.08201
G0 F9000 X86.461 Y112.094
G1 F1500 X75.014 Y123.541 E2629.62044
G0 F9000 X75.627 Y123.494
G1 F1500 X87.013 Y112.108 E2630.156
G0 F9000 X87.564 Y112.122
G1 F1500 X76.24 Y123.446 E2630.68865
G0 F9000 X76.853 Y123.399
G1 F1500 X88.116 Y112.136 E2631.21843
G0 F9000 X88.667 Y112.15
G1 F1500 X77.466 Y123.351 E2631.74529
G0 F9000 X78.08 Y123.303
G1 F1500 X89.224 Y112.159 E2632.26947
G0 F9000 X89.79 Y112.159
G1 F1500 X78.693 Y123.256 E2632.79144
G0 F9000 X79.306 Y123.209
G1 F1500 X90.356 Y112.159 E2633.31119
G0 F9000 X90.921 Y112.159
G1 F1500 X79.919 Y123.161 E2633.82869
G0 F9000 X80.532 Y123.114
G1 F1500 X91.487 Y112.159 E2634.34398
G0 F9000 X92.053 Y112.159
G1 F1500 X81.145 Y123.066 E2634.85704
G0 F9000 X81.751 Y123.026
G1 F1500 X92.618 Y112.159 E2635.36819
G0 F9000 X93.184 Y112.159
G1 F1500 X82.331 Y123.011 E2635.87866
G0 F9000 X82.912 Y122.996
G1 F1500 X93.75 Y112.159 E2636.38842
G0 F9000 X94.316 Y112.159
G1 F1500 X83.493 Y122.982 E2636.8975
G0 F9000 X84.074 Y122.966
G1 F1500 X94.881 Y112.159 E2637.40583
G0 F9000 X95.447 Y112.159
G1 F1500 X84.654 Y122.951 E2637.91348
G0 F9000 X85.235 Y122.936
G1 F1500 X96.013 Y112.159 E2638.42042
G0 F9000 X96.578 Y112.159
G1 F1500 X85.816 Y122.921 E2638.92663
G0 F9000 X86.397 Y122.906
G1 F1500 X97.144 Y112.159 E2639.43213
G0 F9000 X97.71 Y112.159
G1 F1500 X86.977 Y122.891 E2639.93696
G0 F9000 X87.558 Y122.876
G1 F1500 X98.275 Y112.159 E2640.44105
G0 F9000 X98.841 Y112.159
G1 F1500 X88.139 Y122.861 E2640.94444
G0 F9000 X88.719 Y122.846
G1 F1500 X99.407 Y112.159 E2641.44715
G0 F9000 X99.972 Y112.159
G1 F1500 X89.292 Y122.84 E2641.94953
G0 F9000 X89.857 Y122.84
G1 F1500 X100.538 Y112.159 E2642.45193
G0 F9000 X101.104 Y112.159
G1 F1500 X90.423 Y122.84 E2642.95433
G0 F9000 X90.989 Y122.84
G1 F1500 X101.669 Y112.159 E2643.45671
G0 F9000 X102.235 Y112.159
G1 F1500 X91.554 Y122.84 E2643.95911
G0 F9000 X92.12 Y122.84
G1 F1500 X102.801 Y112.159 E2644.46151
G0 F9000 X103.366 Y112.159
G1 F1500 X92.686 Y122.84 E2644.96389
G0 F9000 X93.251 Y122.84
G1 F1500 X103.932 Y112.159 E2645.46629
G0 F9000 X104.498 Y112.159
G1 F1500 X93.817 Y122.84 E2645.96869
G0 F9000 X94.383 Y122.84
G1 F1500 X105.064 Y112.159 E2646.47109
G0 F9000 X105.629 Y112.159
G1 F1500 X94.948 Y122.84 E2646.9735
G0 F9000 X95.514 Y122.84
G1 F1500 X106.195 Y112.159 E2647.4759
G0 F9000 X106.761 Y112.159
G1 F1500 X96.08 Y122.84 E2647.9783
G0 F9000 X96.645 Y122.84
G1 F1500 X107.326 Y112.159 E2648.4807
G0 F9000 X107.892 Y112.159
G1 F1500 X97.211 Y122.84 E2648.9831
G0 F9000 X97.777 Y122.84
G1 F1500 X108.458 Y112.159 E2649.4855
G0 F9000 X109.023 Y112.159
G1 F1500 X98.342 Y122.84 E2649.9879
G0 F9000 X98.908 Y122.84
G1 F1500 X109.589 Y112.159 E2650.49031
G0 F9000 X110.155 Y112.159
G1 F1500 X99.474 Y122.84 E2650.99271
G0 F9000 X100.04 Y122.84
G1 F1500 X110.72 Y112.159 E2651.49509
G0 F9000 X111.286 Y112.159
G1 F1500 X100.605 Y122.84 E2651.99749
G0 F9000 X101.171 Y122.84
G1 F1500 X111.852 Y112.159 E2652.49989
G0 F9000 X112.417 Y112.159
G1 F1500 X101.737 Y122.84 E2653.00227
G0 F9000 X102.302 Y122.84
G1 F1500 X112.983 Y112.159 E2653.50467
G0 F9000 X113.549 Y112.159
G1 F1500 X102.868 Y122.84 E2654.00707
G0 F9000 X103.434 Y122.84
G1 F1500 X114.115 Y112.159 E2654.50947
G0 F9000 X114.68 Y112.159
G1 F1500 X103.999 Y122.84 E2655.01187
G0 F9000 X104.565 Y122.84
G1 F1500 X115.246 Y112.159 E2655.51427
G0 F9000 X115.812 Y112.159
G1 F1500 X105.131 Y122.84 E2656.01668
G0 F9000 X105.696 Y122.84
G1 F1500 X116.377 Y112.159 E2656.51908
G0 F9000 X116.943 Y112.159
G1 F1500 X106.262 Y122.84 E2657.02148
G0 F9000 X106.828 Y122.84
G1 F1500 X117.508 Y112.159 E2657.52386
G0 F9000 X118.074 Y112.159
G1 F1500 X107.393 Y122.84 E2658.02626
G0 F9000 X107.959 Y122.84
G1 F1500 X118.639 Y112.159 E2658.52864
G0 F9000 X119.205 Y112.159
G1 F1500 X108.525 Y122.84 E2659.03101
G0 F9000 X109.091 Y122.84
G1 F1500 X119.771 Y112.159 E2659.53339
G0 F9000 X120.336 Y112.159
G1 F1500 X109.656 Y122.84 E2660.03577
G0 F9000 X110.222 Y122.84
G1 F1500 X120.902 Y112.159 E2660.53815
G0 F9000 X121.468 Y112.159
G1 F1500 X110.788 Y122.84 E2661.04053
G0 F9000 X111.353 Y122.84
G1 F1500 X122.033 Y112.159 E2661.5429
G0 F9000 X122.599 Y112.159
G1 F1500 X111.919 Y122.84 E2662.04528
G0 F9000 X112.485 Y122.84
G1 F1500 X123.165 Y112.159 E2662.54766
G0 F9000 X123.73 Y112.159
G1 F1500 X113.05 Y122.84 E2663.05004
G0 F9000 X113.616 Y122.84
G1 F1500 X124.296 Y112.159 E2663.55242
G0 F9000 X124.862 Y112.159
G1 F1500 X114.182 Y122.84 E2664.05479
G0 F9000 X114.747 Y122.84
G1 F1500 X125.428 Y112.159 E2664.55719
G0 F9000 X125.993 Y112.159
G1 F1500 X115.313 Y122.84 E2665.05957
G0 F9000 X115.879 Y122.84
G1 F1500 X126.559 Y112.159 E2665.56195
G0 F9000 X127.125 Y112.159
G1 F1500 X116.444 Y122.84 E2666.06435
G0 F9000 X117.01 Y122.84
G1 F1500 X127.69 Y112.159 E2666.56673
G0 F9000 X128.256 Y112.159
G1 F1500 X117.576 Y122.84 E2667.06911
G0 F9000 X118.141 Y122.84
G1 F1500 X128.822 Y112.159 E2667.57151
G0 F9000 X129.387 Y112.159
G1 F1500 X118.707 Y122.84 E2668.07389
G0 F9000 X119.273 Y122.84
G1 F1500 X129.953 Y112.159 E2668.57627
G0 F9000 X130.519 Y112.159
G1 F1500 X119.839 Y122.84 E2669.07864
G0 F9000 X120.404 Y122.84
G1 F1500 X131.084 Y112.159 E2669.58102
G0 F9000 X131.65 Y112.159
G1 F1500 X120.97 Y122.84 E2670.0834
G0 F9000 X121.536 Y122.84
G1 F1500 X132.216 Y112.159 E2670.58578
G0 F9000 X132.781 Y112.159
G1 F1500 X122.101 Y122.84 E2671.08816
G0 F9000 X122.667 Y122.84
G1 F1500 X133.347 Y112.159 E2671.59053
G0 F9000 X133.913 Y112.159
G1 F1500 X123.233 Y122.84 E2672.09291
G0 F9000 X123.798 Y122.84
G1 F1500 X134.478 Y112.159 E2672.59529
G0 F9000 X135.044 Y112.159
G1 F1500 X124.364 Y122.84 E2673.09767
G0 F9000 X124.93 Y122.84
G1 F1500 X135.61 Y112.159 E2673.60005
G0 F9000 X136.176 Y112.159
G1 F1500 X125.495 Y122.84 E2674.10245
G0 F9000 X126.061 Y122.84
G1 F1500 X136.741 Y112.159 E2674.60482
G0 F9000 X137.307 Y112.159
G1 F1500 X126.627 Y122.84 E2675.1072
G0 F9000 X127.192 Y122.84
G1 F1500 X137.873 Y112.159 E2675.6096
G0 F9000 X138.438 Y112.159
G1 F1500 X127.758 Y122.84 E2676.11198
G0 F9000 X128.324 Y122.84
G1 F1500 X139.004 Y112.159 E2676.61436
G0 F9000 X139.57 Y112.159
G1 F1500 X128.89 Y122.84 E2677.11674
G0 F9000 X129.455 Y122.84
G1 F1500 X140.135 Y112.159 E2677.61912
G0 F9000 X140.701 Y112.159
G1 F1500 X130.021 Y122.84 E2678.12149
G0 F9000 X130.587 Y122.84
G1 F1500 X141.267 Y112.159 E2678.62387
G0 F9000 X141.832 Y112.159
G1 F1500 X131.152 Y122.84 E2679.12625
G0 F9000 X131.718 Y122.84
G1 F1500 X142.398 Y112.159 E2679.62863
G0 F9000 X142.964 Y112.159
G1 F1500 X132.284 Y122.84 E2680.13101
G0 F9000 X132.849 Y122.84
G1 F1500 X143.529 Y112.159 E2680.63338
G0 F9000 X144.095 Y112.159
G1 F1500 X133.415 Y122.84 E2681.13576
G0 F9000 X133.981 Y122.84
G1 F1500 X144.661 Y112.159 E2681.63814
G0 F9000 X145.227 Y112.159
G1 F1500 X134.546 Y122.84 E2682.14054
G0 F9000 X135.112 Y122.84
G1 F1500 X145.792 Y112.159 E2682.64292
G0 F9000 X146.366 Y112.151
G1 F1500 X135.678 Y122.84 E2683.14567
G0 F9000 X136.243 Y122.84
G1 F1500 X146.947 Y112.136 E2683.64916
G0 F9000 X147.527 Y112.121
G1 F1500 X136.809 Y122.84 E2684.15332
G0 F9000 X137.375 Y122.84
G1 F1500 X148.109 Y112.106 E2684.65822
G0 F9000 X148.689 Y112.091
G1 F1500 X137.94 Y122.84 E2685.16382
G0 F9000 X138.506 Y122.84
G1 F1500 X149.27 Y112.076 E2685.67012
G0 F9000 X149.851 Y112.06
G1 F1500 X139.072 Y122.84 E2686.17716
G0 F9000 X139.638 Y122.84
G1 F1500 X150.432 Y112.046 E2686.68487
G0 F9000 X151.012 Y112.031
G1 F1500 X140.203 Y122.84 E2687.1933
G0 F9000 X140.769 Y122.84
G1 F1500 X151.593 Y112.016 E2687.70242
G0 F9000 X152.174 Y112
G1 F1500 X141.335 Y122.84 E2688.21228
G0 F9000 X141.9 Y122.84
G1 F1500 X152.754 Y111.985 E2688.72284
G0 F9000 X153.335 Y111.971
G1 F1500 X142.466 Y122.84 E2689.23409
G0 F9000 X143.032 Y122.84
G1 F1500 X153.947 Y111.924 E2689.74752
G0 F9000 X154.561 Y111.876
G1 F1500 X143.597 Y122.84 E2690.26323
G0 F9000 X144.163 Y122.84
G1 F1500 X155.174 Y111.828 E2690.78118
G0 F9000 X155.787 Y111.781
G1 F1500 X144.729 Y122.84 E2691.30134
G0 F9000 X145.294 Y122.84
G1 F1500 X156.4 Y111.734 E2691.82373
G0 F9000 X157.013 Y111.686
G1 F1500 X145.86 Y122.84 E2692.34836
G0 F9000 X146.415 Y122.85
G1 F1500 X157.626 Y111.639 E2692.87569
G0 F9000 X158.24 Y111.591
G1 F1500 X146.967 Y122.864 E2693.40593
G0 F9000 X147.518 Y122.878
G1 F1500 X158.853 Y111.543 E2693.9391
G0 F9000 X159.466 Y111.496
G1 F1500 X148.07 Y122.893 E2694.47515
G0 F9000 X148.621 Y122.907
G1 F1500 X160.079 Y111.449 E2695.0141
G0 F9000 X160.693 Y111.401
G1 F1500 X149.173 Y122.921 E2695.55597
G0 F9000 X149.724 Y122.935
G1 F1500 X161.343 Y111.316 E2696.10249
G0 F9000 X161.993 Y111.232
G1 F1500 X150.276 Y122.949 E2696.65362
G0 F9000 X150.827 Y122.963
G1 F1500 X162.643 Y111.148 E2697.20939
G0 F9000 X163.292 Y111.064
G1 F1500 X151.379 Y122.977 E2697.76974
G0 F9000 X151.93 Y122.992
G1 F1500 X163.942 Y110.98 E2698.33475
G0 F9000 X164.592 Y110.896
G1 F1500 X152.481 Y123.006 E2698.90439
G0 F9000 X153.033 Y123.021
G1 F1500 X165.242 Y110.812 E2699.47866
G0 F9000 X165.892 Y110.727
G1 F1500 X153.575 Y123.045 E2700.05804
G0 F9000 X154.1 Y123.085
G1 F1500 X166.542 Y110.643 E2700.64327
G0 F9000 X167.191 Y110.559
G1 F1500 X154.625 Y123.126 E2701.23436
G0 F9000 X155.149 Y123.167
G1 F1500 X167.841 Y110.475 E2701.83135
G0 F9000 X168.521 Y110.361
G1 F1500 X155.675 Y123.207 E2702.43559
G0 F9000 X156.199 Y123.248
G1 F1500 X169.213 Y110.235 E2703.04771
G0 F9000 X169.905 Y110.109
G1 F1500 X156.724 Y123.289 E2703.66768
G0 F9000 X157.249 Y123.33
G1 F1500 X170.597 Y109.982 E2704.29553
G0 F9000 X171.288 Y109.856
G1 F1500 X157.774 Y123.371 E2704.93121
G0 F9000 X158.299 Y123.412
G1 F1500 X171.981 Y109.73 E2705.57477
G0 F9000 X172.672 Y109.604
G1 F1500 X158.823 Y123.453 E2706.22618
G0 F9000 X159.348 Y123.494
G1 F1500 X173.364 Y109.477 E2706.88547
G0 F9000 X174.057 Y109.351
G1 F1500 X159.874 Y123.534 E2707.5526
G0 F9000 X160.398 Y123.575
G1 F1500 X174.748 Y109.225 E2708.22758
G0 F9000 X175.38 Y109.159
G1 F1500 X160.914 Y123.625 E2708.90801
G0 F9000 X161.414 Y123.69
G1 F1500 X175.945 Y109.159 E2709.59151
G0 F9000 X176.511 Y109.159
G1 F1500 X161.916 Y123.755 E2710.27804
G0 F9000 X162.416 Y123.82
G1 F1500 X177.077 Y109.159 E2710.96764
G0 F9000 X177.642 Y109.159
G1 F1500 X162.917 Y123.885 E2711.66029
G0 F9000 X163.418 Y123.95
G1 F1500 X178.208 Y109.159 E2712.35599
G0 F9000 X178.774 Y109.159
G1 F1500 X163.918 Y124.015 E2713.05477
G0 F9000 X164.42 Y124.079
G1 F1500 X179.339 Y109.159 E2713.75653
G0 F9000 X179.905 Y109.159
G1 F1500 X164.92 Y124.144 E2714.46138
G0 F9000 X165.421 Y124.209
G1 F1500 X180.471 Y109.159 E2715.16929
G0 F9000 X181.037 Y109.159
G1 F1500 X165.921 Y124.274 E2715.88028
G0 F9000 X166.423 Y124.339
G1 F1500 X181.602 Y109.159 E2716.59427
G0 F9000 X182.168 Y109.159
G1 F1500 X166.923 Y124.404 E2717.31135
G0 F9000 X167.424 Y124.469
G1 F1500 X182.734 Y109.159 E2718.03149
G0 F9000 X183.299 Y109.159
G1 F1500 X167.925 Y124.534 E2718.75466
G0 F9000 X168.407 Y124.617
G1 F1500 X183.865 Y109.159 E2719.48175
G0 F9000 X184.431 Y109.159
G1 F1500 X168.885 Y124.705 E2720.21299
G0 F9000 X169.364 Y124.792
G1 F1500 X184.996 Y109.159 E2720.94829
G0 F9000 X185.562 Y109.159
G1 F1500 X169.842 Y124.879 E2721.68771
G0 F9000 X170.32 Y124.966
G1 F1500 X186.128 Y109.159 E2722.43125
G0 F9000 X186.693 Y109.159
G1 F1500 X170.799 Y125.053 E2723.17886
G0 F9000 X171.278 Y125.14
G1 F1500 X187.259 Y109.159 E2723.93055
G0 F9000 X187.825 Y109.159
G1 F1500 X171.756 Y125.228 E2724.68639
G0 F9000 X172.234 Y125.315
G1 F1500 X188.39 Y109.159 E2725.44632
G0 F9000 X188.956 Y109.159
G1 F1500 X172.712 Y125.403 E2726.21039
G0 F9000 X173.191 Y125.49
G1 F1500 X189.522 Y109.159 E2726.97855
G0 F9000 X190.087 Y109.159
G1 F1500 X173.67 Y125.577 E2727.75077
G0 F9000 X174.148 Y125.664
G1 F1500 X190.653 Y109.159 E2728.52712
G0 F9000 X191.219 Y109.159
G1 F1500 X174.627 Y125.751 E2729.30756
G0 F9000 X175.105 Y125.839
G1 F1500 X191.785 Y109.159 E2730.09213
G0 F9000 X192.35 Y109.159
G1 F1500 X175.67 Y125.84 E2730.87673
G0 F9000 X176.235 Y125.84
G1 F1500 X192.916 Y109.159 E2731.66136
G0 F9000 X193.482 Y109.159
G1 F1500 X176.801 Y125.84 E2732.44598
G0 F9000 X177.367 Y125.84
G1 F1500 X194.047 Y109.159 E2733.23058
G0 F9000 X194.613 Y109.159
G1 F1500 X177.932 Y125.84 E2734.0152
G0 F9000 X178.498 Y125.84
G1 F1500 X195.179 Y109.159 E2734.79982
G0 F9000 X195.744 Y109.159
G1 F1500 X179.064 Y125.84 E2735.58442
G0 F9000 X179.629 Y125.84
G1 F1500 X196.31 Y109.159 E2736.36905
G0 F9000 X196.876 Y109.159
G1 F1500 X180.195 Y125.84 E2737.15367
G0 F9000 X180.761 Y125.84
G1 F1500 X197.441 Y109.159 E2737.93827
G0 F9000 X198.007 Y109.159
G1 F1500 X181.326 Y125.84 E2738.72289
G0 F9000 X181.892 Y125.84
G1 F1500 X198.573 Y109.159 E2739.50752
G0 F9000 X198.839 Y109.459
G1 F1500 X182.458 Y125.84 E2740.27803
G0 F9000 X183.023 Y125.84
G1 F1500 X198.839 Y110.025 E2741.02194
G0 F9000 X198.839 Y110.59
G1 F1500 X183.589 Y125.84 E2741.73925
G0 F9000 X184.155 Y125.84
G1 F1500 X198.839 Y111.156 E2742.42994
G0 F9000 X198.839 Y111.722
G1 F1500 X184.721 Y125.84 E2743.09401
G0 F9000 X185.286 Y125.84
G1 F1500 X198.839 Y112.287 E2743.7315
G0 F9000 X198.839 Y112.853
G1 F1500 X185.852 Y125.84 E2744.34237
G0 F9000 X186.418 Y125.84
G1 F1500 X198.839 Y113.419 E2744.92662
G0 F9000 X198.839 Y113.984
G1 F1500 X186.983 Y125.84 E2745.48429
G0 F9000 X187.549 Y125.84
G1 F1500 X198.839 Y114.55 E2746.01533
G0 F9000 X198.839 Y115.116
G1 F1500 X188.115 Y125.84 E2746.51976
G0 F9000 X188.68 Y125.84
G1 F1500 X198.839 Y115.681 E2746.99761
G0 F9000 X198.839 Y116.247
G1 F1500 X189.246 Y125.84 E2747.44883
G0 F9000 X189.812 Y125.84
G1 F1500 X198.839 Y116.813 E2747.87343
G0 F9000 X198.839 Y117.379
G1 F1500 X190.377 Y125.84 E2748.27144
G0 F9000 X190.943 Y125.84
G1 F1500 X198.839 Y117.944 E2748.64284
G0 F9000 X198.839 Y118.51
G1 F1500 X191.509 Y125.84 E2748.98762
G0 F9000 X192.074 Y125.84
G1 F1500 X198.839 Y119.076 E2749.3058
G0 F9000 X198.839 Y119.641
G1 F1500 X192.64 Y125.84 E2749.59738
G0 F9000 X193.206 Y125.84
G1 F1500 X198.839 Y120.207 E2749.86234
G0 F9000 X198.839 Y120.773
G1 F1500 X193.772 Y125.84 E2750.10068
G0 F9000 X194.337 Y125.84
G1 F1500 X198.839 Y121.338 E2750.31244
G0 F9000 X198.839 Y121.904
G1 F1500 X194.903 Y125.84 E2750.49758
G0 F9000 X195.469 Y125.84
G1 F1500 X198.839 Y122.47 E2750.65609
G0 F9000 X198.839 Y123.035
G1 F1500 X196.034 Y125.84 E2750.78803
G0 F9000 X196.6 Y125.84
G1 F1500 X198.839 Y123.601 E2750.89335
G0 F9000 X198.839 Y124.167
G1 F1500 X197.166 Y125.84 E2750.97204
G0 F9000 X197.731 Y125.84
G1 F1500 X198.839 Y124.732 E2751.02416
G0 F9000 X198.839 Y125.298
G1 F1500 X198.297 Y125.84 E2751.04965
G1 F2700 E2746.04965
;MESH:NONMESH
G0 F300 X198.297 Y125.84 Z6.6
G0 F9000 X198.297 Y126.3
G0 X199.228 Y126.228
G0 X199.228 Y108.772 ;T9.452 R8.000 A1.570 C-421.702048 FILLET CORNER
G0 X175.07 Y108.761 ;T-78.987 R8.000 A0.155 C-54.417653000000406 FILLET CORNER
G0 X160.635 Y111.007 ;T-140.801 R8.000 A0.103 C12.444365000000179 FILLET CORNER
G0 X152.35 Y111.434 ;T-330.050 R8.000 A0.047 C24.847321999999558 FILLET CORNER
G0 X88.979 Y111.701
G1 F2700 E2751.04965
G0 F9000 X88.983 Y111.6
;TIME_ELAPSED:9495.911575
;LAYER:32
;TYPE:WALL-INNER
;MESH:D638-22 Type I Tensile Specimen.STL
G1 F1500 X146.015 Y111.6 E2752.94654
G1 X153.343 Y111.411 E2753.19035
G1 X160.654 Y110.844 E2753.43425
G1 X167.894 Y109.906 E2753.67706
G1 X175.055 Y108.6 E2753.91917
G1 X199.4 Y108.6 E2754.72889 ;T16.345 R8.000 A1.571 C216.67050000000012 FILLET CORNER
G1 X199.4 Y117.5 E2755.0249
G1 X199.4 Y126.4 E2755.32092 ;T0.900 R8.000 A1.571 C216.6527000000003 FILLET CORNER
G1 X175.057 Y126.4 E2756.13057
G1 X167.896 Y125.094 E2756.37267
G1 X160.654 Y124.156 E2756.61555
G1 X153.345 Y123.589 E2756.85938
G1 X146.017 Y123.4 E2757.1032
G1 X88.985 Y123.4 E2759.00009
G1 X81.657 Y123.589 E2759.2439
G1 X74.346 Y124.156 E2759.48779
G1 X67.106 Y125.094 E2759.73061
G1 X59.945 Y126.4 E2759.97271
G1 X35.6 Y126.4 E2760.78243 ;T16.345 R8.000 A1.571 C433.34100000000024 FILLET CORNER
G1 X35.6 Y108.6 E2761.37446 ;T9.800 R8.000 A1.571 C433.3054000000002 FILLET CORNER
G1 X59.943 Y108.6 E2762.18411
G1 X67.104 Y109.906 E2762.42622
G1 X74.346 Y110.844 E2762.6691
G1 X81.655 Y111.411 E2762.91293
G1 X88.983 Y111.6 E2763.15674
G1 F2700 E2758.15674
G0 F9000 X88.979 Y111.701
G0 X74.325 Y111.003 ;T-134.873 R8.000 A0.107 C22.805162000000145 FILLET CORNER
G0 X59.928 Y108.761 ;T-88.488 R8.000 A0.155 C-54.31611900000024 FILLET CORNER
G0 X35.772 Y108.772 ;T16.152 R8.000 A1.570 C-421.6671359999997 FILLET CORNER
G0 X35.772 Y126.228 ;T9.452 R8.000 A1.570 C-421.70204799999976 FILLET CORNER
G0 X59.93 Y126.239 ;T-78.973 R8.000 A0.155 C-54.41763100000037 FILLET CORNER
G0 X74.363 Y123.993 ;T-117.723 R8.000 A0.121 C25.76019000000028 FILLET CORNER
G0 X88.994 Y123.501
G1 F2700 E2763.15674
G0 F9000 X88.995 Y123.8
;TYPE:WALL-OUTER
G1 F1500 X146.007 Y123.8 E2765.05297
G1 X153.314 Y123.988 E2765.29608
G1 X160.602 Y124.553 E2765.53921
G1 X167.854 Y125.493 E2765.78243
G1 X175.021 Y126.8 E2766.02473
G1 X199.8 Y126.8 E2766.84889 ;T16.779 R8.000 A1.571 C-230.44470000000015 FILLET CORNER
G1 X199.8 Y117.5 E2767.15821
G1 X199.8 Y108.2 E2767.46752 ;T1.300 R8.000 A1.571 C-230.46329999999998 FILLET CORNER
G1 X175.019 Y108.2 E2768.29174
G1 X167.842 Y109.509 E2768.53439
G1 X160.592 Y110.448 E2768.77754
G1 X153.302 Y111.012 E2769.02073
G1 X146.005 Y111.2 E2769.26351
G1 X88.993 Y111.2 E2771.15974
G1 X81.686 Y111.012 E2771.40285
G1 X74.398 Y110.447 E2771.64598
G1 X67.146 Y109.507 E2771.8892
G1 X59.979 Y108.2 E2772.1315
G1 X35.2 Y108.2 E2772.95566 ;T16.779 R8.000 A1.571 C-460.8893999999998 FILLET CORNER
G1 X35.2 Y126.8 E2773.5743 ;T10.600 R8.000 A1.571 C-460.92659999999984 FILLET CORNER
G1 X59.981 Y126.8 E2774.39851
G1 X67.158 Y125.491 E2774.64116
G1 X74.408 Y124.552 E2774.88431
G1 X81.698 Y123.988 E2775.1275
G1 X88.995 Y123.8 E2775.37028
G0 F9000 X88.977 Y123.04
;TYPE:SKIN
G1 F1500 X146.027 Y123.04 E2777.26777
G1 X153.372 Y123.23 E2777.51215
G1 X160.7 Y123.799 E2777.75661
G1 X167.99 Y124.744 E2778.00111
G1 X175.092 Y126.04 E2778.24122
G1 X199.04 Y126.04 E2779.03774 ;T15.948 R8.000 A1.571 C-204.51591999999997 FILLET CORNER
G1 X199.04 Y117.5 E2779.32178
G1 X199.04 Y108.96 E2779.60582 ;T0.540 R8.000 A1.571 C-204.54154000000008 FILLET CORNER
G1 X175.089 Y108.96 E2780.40243
G1 X167.981 Y110.257 E2780.64275
G1 X160.651 Y111.206 E2780.88858
G1 X153.321 Y111.772 E2781.1331
G1 X146.024 Y111.96 E2781.37588
G1 X88.975 Y111.96 E2783.27334
G1 X81.629 Y111.77 E2783.51775
G1 X74.335 Y111.205 E2783.76108
G1 X67.01 Y110.256 E2784.00674
G1 X59.908 Y108.96 E2784.24686
G1 X35.96 Y108.96 E2785.04337 ;T15.948 R8.000 A1.571 C-409.03184000000033 FILLET CORNER
G1 X35.96 Y126.04 E2785.61146 ;T9.080 R8.000 A1.571 C-409.08308000000034 FILLET CORNER
G1 X59.911 Y126.04 E2786.40807
G1 X67.023 Y124.742 E2786.64852
G1 X74.347 Y123.794 E2786.89415
G1 X81.64 Y123.23 E2787.13744
G1 X88.977 Y123.04 E2787.38155
G1 F2700 E2782.38155
G0 F9000 X88.98 Y123.3
G0 X69.807 Y124.562 ;T-136.811 R8.000 A0.102 C-19.688347000000128 FILLET CORNER
G0 X59.93 Y126.239 ;T-86.388 R8.000 A0.166 C38.75501600000023 FILLET CORNER
G0 X36.461 Y126.3
G1 F2700 E2787.38155
G0 F9000 X36.461 Y125.839
G1 F1500 X36.16 Y125.538 E2787.39571
G0 F9000 X36.16 Y124.972
G1 F1500 X37.026 Y125.839 E2787.43647
G0 F9000 X37.592 Y125.839
G1 F1500 X36.16 Y124.406 E2787.50385
G0 F9000 X36.16 Y123.841
G1 F1500 X38.158 Y125.839 E2787.59783
G0 F9000 X38.723 Y125.839
G1 F1500 X36.16 Y123.275 E2787.71841
G0 F9000 X36.16 Y122.709
G1 F1500 X39.289 Y125.839 E2787.86561
G0 F9000 X39.855 Y125.839
G1 F1500 X36.16 Y122.144 E2788.03941
G0 F9000 X36.16 Y121.578
G1 F1500 X40.421 Y125.839 E2788.23984
G0 F9000 X40.986 Y125.839
G1 F1500 X36.16 Y121.012 E2788.46686
G0 F9000 X36.16 Y120.447
G1 F1500 X41.552 Y125.839 E2788.72048
G0 F9000 X42.118 Y125.839
G1 F1500 X36.16 Y119.881 E2789.00073
G0 F9000 X36.16 Y119.315
G1 F1500 X42.683 Y125.839 E2789.30757
G0 F9000 X43.249 Y125.839
G1 F1500 X36.16 Y118.75 E2789.64102
G0 F9000 X36.16 Y118.184
G1 F1500 X43.815 Y125.839 E2790.00109
G0 F9000 X44.38 Y125.839
G1 F1500 X36.16 Y117.618 E2790.38775
G0 F9000 X36.16 Y117.053
G1 F1500 X44.946 Y125.839 E2790.80102
G0 F9000 X45.512 Y125.839
G1 F1500 X36.16 Y116.487 E2791.24091
G0 F9000 X36.16 Y115.921
G1 F1500 X46.077 Y125.839 E2791.7074
G0 F9000 X46.643 Y125.839
G1 F1500 X36.16 Y115.355 E2792.20051
G0 F9000 X36.16 Y114.79
G1 F1500 X47.209 Y125.839 E2792.72022
G0 F9000 X47.774 Y125.839
G1 F1500 X36.16 Y114.224 E2793.26653
G0 F9000 X36.16 Y113.658
G1 F1500 X48.34 Y125.839 E2793.83947
G0 F9000 X48.906 Y125.839
G1 F1500 X36.16 Y113.093 E2794.439
G0 F9000 X36.16 Y112.527
G1 F1500 X49.472 Y125.839 E2795.06515
G0 F9000 X50.037 Y125.839
G1 F1500 X36.16 Y111.961 E2795.71791
G0 F9000 X36.16 Y111.396
G1 F1500 X50.603 Y125.839 E2796.39726
G0 F9000 X51.169 Y125.839
G1 F1500 X36.16 Y110.83 E2797.10324
G0 F9000 X36.16 Y110.264
G1 F1500 X51.734 Y125.839 E2797.83582
G0 F9000 X52.3 Y125.839
G1 F1500 X36.16 Y109.699 E2798.59499
G0 F9000 X36.186 Y109.159
G1 F1500 X52.866 Y125.839 E2799.37957
G0 F9000 X53.431 Y125.839
G1 F1500 X36.751 Y109.159 E2800.16415
G0 F9000 X37.317 Y109.159
G1 F1500 X53.997 Y125.839 E2800.94872
G0 F9000 X54.563 Y125.839
G1 F1500 X37.883 Y109.159 E2801.7333
G0 F9000 X38.448 Y109.159
G1 F1500 X55.128 Y125.839 E2802.51787
G0 F9000 X55.694 Y125.839
G1 F1500 X39.014 Y109.159 E2803.30245
G0 F9000 X39.58 Y109.159
G1 F1500 X56.26 Y125.839 E2804.08703
G0 F9000 X56.825 Y125.839
G1 F1500 X40.145 Y109.159 E2804.8716
G0 F9000 X40.711 Y109.159
G1 F1500 X57.391 Y125.839 E2805.65618
G0 F9000 X57.957 Y125.839
G1 F1500 X41.277 Y109.159 E2806.44075
G0 F9000 X41.843 Y109.159
G1 F1500 X58.522 Y125.839 E2807.22531
G0 F9000 X59.088 Y125.839
G1 F1500 X42.408 Y109.159 E2808.00988
G0 F9000 X42.974 Y109.159
G1 F1500 X59.654 Y125.839 E2808.79446
G0 F9000 X60.169 Y125.788
G1 F1500 X43.54 Y109.159 E2809.57664
G0 F9000 X44.105 Y109.159
G1 F1500 X60.647 Y125.701 E2810.35472
G0 F9000 X61.125 Y125.613
G1 F1500 X44.671 Y109.159 E2811.12867
G0 F9000 X45.237 Y109.159
G1 F1500 X61.604 Y125.527 E2811.89854
G0 F9000 X62.082 Y125.439
G1 F1500 X45.802 Y109.159 E2812.66431
G0 F9000 X46.368 Y109.159
G1 F1500 X62.561 Y125.352 E2813.42597
G0 F9000 X63.039 Y125.264
G1 F1500 X46.934 Y109.159 E2814.1835
G0 F9000 X47.499 Y109.159
G1 F1500 X63.517 Y125.177 E2814.93694
G0 F9000 X63.995 Y125.09
G1 F1500 X48.065 Y109.159 E2815.68626
G0 F9000 X48.631 Y109.159
G1 F1500 X64.474 Y125.003 E2816.43149
G0 F9000 X64.952 Y124.915
G1 F1500 X49.196 Y109.159 E2817.17261
G0 F9000 X49.762 Y109.159
G1 F1500 X65.43 Y124.827 E2817.90958
G0 F9000 X65.909 Y124.74
G1 F1500 X50.328 Y109.159 E2818.64246
G0 F9000 X50.894 Y109.159
G1 F1500 X66.387 Y124.653 E2819.37123
G0 F9000 X66.866 Y124.566
G1 F1500 X51.459 Y109.159 E2820.09593
G0 F9000 X52.025 Y109.159
G1 F1500 X67.361 Y124.496 E2820.81731
G0 F9000 X67.862 Y124.43
G1 F1500 X52.591 Y109.159 E2821.53561
G0 F9000 X53.156 Y109.159
G1 F1500 X68.363 Y124.365 E2822.25088
G0 F9000 X68.863 Y124.3
G1 F1500 X53.722 Y109.159 E2822.96307
G0 F9000 X54.288 Y109.159
G1 F1500 X69.365 Y124.236 E2823.67224
G0 F9000 X69.865 Y124.171
G1 F1500 X54.853 Y109.159 E2824.37836
G0 F9000 X55.419 Y109.159
G1 F1500 X70.366 Y124.106 E2825.08142
G0 F9000 X70.866 Y124.041
G1 F1500 X55.985 Y109.159 E2825.7814
G0 F9000 X56.55 Y109.159
G1 F1500 X71.367 Y123.976 E2826.47835
G0 F9000 X71.868 Y123.911
G1 F1500 X57.116 Y109.159 E2827.17224
G0 F9000 X57.682 Y109.159
G1 F1500 X72.369 Y123.846 E2827.86307
G0 F9000 X72.87 Y123.781
G1 F1500 X58.247 Y109.159 E2828.55087
G0 F9000 X58.813 Y109.159
G1 F1500 X73.37 Y123.716 E2829.23558
G0 F9000 X73.871 Y123.651
G1 F1500 X59.379 Y109.159 E2829.91724
G0 F9000 X59.957 Y109.172
G1 F1500 X74.375 Y123.59 E2830.59542
G0 F9000 X74.9 Y123.549
G1 F1500 X60.649 Y109.298 E2831.26574
G0 F9000 X61.341 Y109.424
G1 F1500 X75.425 Y123.508 E2831.92821
G0 F9000 X75.951 Y123.468
G1 F1500 X62.033 Y109.55 E2832.58287
G0 F9000 X62.725 Y109.677
G1 F1500 X76.475 Y123.427 E2833.22963
G0 F9000 X77.001 Y123.387
G1 F1500 X63.417 Y109.803 E2833.86858
G0 F9000 X64.109 Y109.929
G1 F1500 X77.525 Y123.346 E2834.49965
G0 F9000 X78.051 Y123.305
G1 F1500 X64.801 Y110.056 E2835.12287
G0 F9000 X65.492 Y110.182
G1 F1500 X78.575 Y123.264 E2835.73823
G0 F9000 X79.101 Y123.224
G1 F1500 X66.185 Y110.308 E2836.34576
G0 F9000 X66.876 Y110.434
G1 F1500 X79.625 Y123.183 E2836.94543
G0 F9000 X80.151 Y123.143
G1 F1500 X67.533 Y110.525 E2837.53894
G0 F9000 X68.183 Y110.609
G1 F1500 X80.675 Y123.102 E2838.12655
G0 F9000 X81.201 Y123.062
G1 F1500 X68.833 Y110.694 E2838.7083
G0 F9000 X69.482 Y110.777
G1 F1500 X81.731 Y123.026 E2839.28446
G0 F9000 X82.283 Y123.012
G1 F1500 X70.132 Y110.861 E2839.856
G0 F9000 X70.782 Y110.945
G1 F1500 X82.834 Y122.998 E2840.42292
G0 F9000 X83.385 Y122.983
G1 F1500 X71.431 Y111.029 E2840.9852
G0 F9000 X72.081 Y111.114
G1 F1500 X83.937 Y122.969 E2841.54284
G0 F9000 X84.488 Y122.955
G1 F1500 X72.73 Y111.197 E2842.0959
G0 F9000 X73.38 Y111.281
G1 F1500 X85.04 Y122.941 E2842.64435
G0 F9000 X85.591 Y122.926
G1 F1500 X74.03 Y111.365 E2843.18815
G0 F9000 X74.66 Y111.43
G1 F1500 X86.142 Y122.912 E2843.72823
G0 F9000 X86.694 Y122.897
G1 F1500 X75.273 Y111.477 E2844.26541
G0 F9000 X75.886 Y111.524
G1 F1500 X87.245 Y122.883 E2844.7997
G0 F9000 X87.797 Y122.869
G1 F1500 X76.499 Y111.572 E2845.3311
G0 F9000 X77.112 Y111.619
G1 F1500 X88.348 Y122.854 E2845.85959
G0 F9000 X88.899 Y122.84
G1 F1500 X77.725 Y111.667 E2846.38515
G0 F9000 X78.338 Y111.714
G1 F1500 X89.463 Y122.839 E2846.90844
G0 F9000 X90.029 Y122.839
G1 F1500 X78.952 Y111.761 E2847.42949
G0 F9000 X79.565 Y111.809
G1 F1500 X90.595 Y122.839 E2847.94831
G0 F9000 X91.16 Y122.839
G1 F1500 X80.178 Y111.856 E2848.46489
G0 F9000 X80.791 Y111.903
G1 F1500 X91.726 Y122.839 E2848.97926
G0 F9000 X92.292 Y122.839
G1 F1500 X81.404 Y111.951 E2849.4914
G0 F9000 X81.997 Y111.978
G1 F1500 X92.857 Y122.839 E2850.00225
G0 F9000 X93.423 Y122.839
G1 F1500 X82.578 Y111.993 E2850.51239
G0 F9000 X83.158 Y112.008
G1 F1500 X93.989 Y122.839 E2851.02184
G0 F9000 X94.555 Y122.839
G1 F1500 X83.739 Y112.024 E2851.53057
G0 F9000 X84.32 Y112.038
G1 F1500 X95.12 Y122.839 E2852.03859
G0 F9000 X95.686 Y122.839
G1 F1500 X84.9 Y112.053 E2852.54593
G0 F9000 X85.482 Y112.069
G1 F1500 X96.252 Y122.839 E2853.05252
G0 F9000 X96.817 Y122.839
G1 F1500 X86.062 Y112.084 E2853.5584
G0 F9000 X86.643 Y112.099
G1 F1500 X97.383 Y122.839 E2854.06358
G0 F9000 X97.949 Y122.839
G1 F1500 X87.223 Y112.113 E2854.5681
G0 F9000 X87.804 Y112.129
G1 F1500 X98.514 Y122.839 E2855.07186
G0 F9000 X99.08 Y122.839
G1 F1500 X88.385 Y112.144 E2855.57492
G0 F9000 X88.966 Y112.159
G1 F1500 X99.646 Y122.839 E2856.07728
G0 F9000 X100.211 Y122.839
G1 F1500 X89.532 Y112.159 E2856.57961
G0 F9000 X90.098 Y112.159
G1 F1500 X100.777 Y122.839 E2857.08194
G0 F9000 X101.343 Y122.839
G1 F1500 X90.663 Y112.159 E2857.5843
G0 F9000 X91.229 Y112.159
G1 F1500 X101.908 Y122.839 E2858.08663
G0 F9000 X102.474 Y122.839
G1 F1500 X91.795 Y112.159 E2858.58896
G0 F9000 X92.36 Y112.159
G1 F1500 X103.04 Y122.839 E2859.09131
G0 F9000 X103.605 Y122.839
G1 F1500 X92.926 Y112.159 E2859.59364
G0 F9000 X93.492 Y112.159
G1 F1500 X104.171 Y122.839 E2860.09597
G0 F9000 X104.737 Y122.839
G1 F1500 X94.057 Y112.159 E2860.59833
G0 F9000 X94.623 Y112.159
G1 F1500 X105.303 Y122.839 E2861.10068
G0 F9000 X105.868 Y122.839
G1 F1500 X95.189 Y112.159 E2861.60301
G0 F9000 X95.754 Y112.159
G1 F1500 X106.434 Y122.839 E2862.10537
G0 F9000 X107 Y122.839
G1 F1500 X96.32 Y112.159 E2862.60772
G0 F9000 X96.886 Y112.159
G1 F1500 X107.565 Y122.839 E2863.11005
G0 F9000 X108.131 Y122.839
G1 F1500 X97.452 Y112.159 E2863.61238
G0 F9000 X98.017 Y112.159
G1 F1500 X108.697 Y122.839 E2864.11474
G0 F9000 X109.262 Y122.839
G1 F1500 X98.583 Y112.159 E2864.61707
G0 F9000 X99.149 Y112.159
G1 F1500 X109.828 Y122.839 E2865.1194
G0 F9000 X110.394 Y122.839
G1 F1500 X99.714 Y112.159 E2865.62175
G0 F9000 X100.28 Y112.159
G1 F1500 X110.959 Y122.839 E2866.12409
G0 F9000 X111.525 Y122.839
G1 F1500 X100.846 Y112.159 E2866.62642
G0 F9000 X101.411 Y112.159
G1 F1500 X112.091 Y122.839 E2867.12877
G0 F9000 X112.656 Y122.839
G1 F1500 X101.977 Y112.159 E2867.6311
G0 F9000 X102.543 Y112.159
G1 F1500 X113.222 Y122.839 E2868.13343
G0 F9000 X113.788 Y122.839
G1 F1500 X103.108 Y112.159 E2868.63579
G0 F9000 X103.674 Y112.159
G1 F1500 X114.354 Y122.839 E2869.13814
G0 F9000 X114.919 Y122.839
G1 F1500 X104.24 Y112.159 E2869.64047
G0 F9000 X104.805 Y112.159
G1 F1500 X115.485 Y122.839 E2870.14283
G0 F9000 X116.051 Y122.839
G1 F1500 X105.371 Y112.159 E2870.64518
G0 F9000 X105.937 Y112.159
G1 F1500 X116.616 Y122.839 E2871.14751
G0 F9000 X117.182 Y122.839
G1 F1500 X106.503 Y112.159 E2871.64984
G0 F9000 X107.068 Y112.159
G1 F1500 X117.748 Y122.839 E2872.1522
G0 F9000 X118.313 Y122.839
G1 F1500 X107.634 Y112.159 E2872.65453
G0 F9000 X108.2 Y112.159
G1 F1500 X118.879 Y122.839 E2873.15686
G0 F9000 X119.445 Y122.839
G1 F1500 X108.765 Y112.159 E2873.65921
G0 F9000 X109.331 Y112.159
G1 F1500 X120.01 Y122.839 E2874.16155
G0 F9000 X120.576 Y122.839
G1 F1500 X109.897 Y112.159 E2874.66388
G0 F9000 X110.462 Y112.159
G1 F1500 X121.142 Y122.839 E2875.16623
G0 F9000 X121.707 Y122.839
G1 F1500 X111.028 Y112.159 E2875.66856
G0 F9000 X111.594 Y112.159
G1 F1500 X122.273 Y122.839 E2876.17089
G0 F9000 X122.839 Y122.839
G1 F1500 X112.159 Y112.159 E2876.67325
G0 F9000 X112.725 Y112.159
G1 F1500 X123.404 Y122.839 E2877.17558
G0 F9000 X123.97 Y122.839
G1 F1500 X113.291 Y112.159 E2877.67791
G0 F9000 X113.856 Y112.159
G1 F1500 X124.536 Y122.839 E2878.18026
G0 F9000 X125.102 Y122.839
G1 F1500 X114.422 Y112.159 E2878.68262
G0 F9000 X114.988 Y112.159
G1 F1500 X125.667 Y122.839 E2879.18495
G0 F9000 X126.233 Y122.839
G1 F1500 X115.553 Y112.159 E2879.6873
G0 F9000 X116.119 Y112.159
G1 F1500 X126.799 Y122.839 E2880.18966
G0 F9000 X127.364 Y122.839
G1 F1500 X116.685 Y112.159 E2880.69199
G0 F9000 X117.251 Y112.159
G1 F1500 X127.93 Y122.839 E2881.19432
G0 F9000 X128.496 Y122.839
G1 F1500 X117.817 Y112.16 E2881.69663
G0 F9000 X118.383 Y112.16
G1 F1500 X129.061 Y122.839 E2882.19891
G0 F9000 X129.627 Y122.839
G1 F1500 X118.948 Y112.16 E2882.70122
G0 F9000 X119.514 Y112.16
G1 F1500 X130.193 Y122.839 E2883.20353
G0 F9000 X130.758 Y122.839
G1 F1500 X120.08 Y112.16 E2883.70581
G0 F9000 X120.645 Y112.16
G1 F1500 X131.324 Y122.839 E2884.20812
G0 F9000 X131.89 Y122.839
G1 F1500 X121.211 Y112.16 E2884.71042
G0 F9000 X121.777 Y112.16
G1 F1500 X132.455 Y122.839 E2885.21271
G0 F9000 X133.021 Y122.839
G1 F1500 X122.342 Y112.16 E2885.71502
G0 F9000 X122.908 Y112.16
G1 F1500 X133.587 Y122.839 E2886.21732
G0 F9000 X134.153 Y122.839
G1 F1500 X123.474 Y112.16 E2886.71963
G0 F9000 X124.039 Y112.16
G1 F1500 X134.718 Y122.839 E2887.22194
G0 F9000 X135.284 Y122.839
G1 F1500 X124.605 Y112.16 E2887.72425
G0 F9000 X125.171 Y112.16
G1 F1500 X135.85 Y122.839 E2888.22655
G0 F9000 X136.415 Y122.839
G1 F1500 X125.737 Y112.16 E2888.72884
G0 F9000 X126.302 Y112.16
G1 F1500 X136.981 Y122.839 E2889.23114
G0 F9000 X137.547 Y122.839
G1 F1500 X126.868 Y112.16 E2889.73345
G0 F9000 X127.434 Y112.16
G1 F1500 X138.112 Y122.839 E2890.23574
G0 F9000 X138.678 Y122.839
G1 F1500 X127.999 Y112.16 E2890.73804
G0 F9000 X128.565 Y112.16
G1 F1500 X139.244 Y122.839 E2891.24035
G0 F9000 X139.809 Y122.839
G1 F1500 X129.131 Y112.16 E2891.74263
G0 F9000 X129.696 Y112.16
G1 F1500 X140.375 Y122.839 E2892.24494
G0 F9000 X140.941 Y122.839
G1 F1500 X130.262 Y112.16 E2892.74725
G0 F9000 X130.828 Y112.16
G1 F1500 X141.506 Y122.839 E2893.24953
G0 F9000 X142.072 Y122.839
G1 F1500 X131.393 Y112.16 E2893.75184
G0 F9000 X131.959 Y112.16
G1 F1500 X142.638 Y122.839 E2894.25415
G0 F9000 X143.203 Y122.839
G1 F1500 X132.525 Y112.16 E2894.75643
G0 F9000 X133.09 Y112.16
G1 F1500 X143.769 Y122.839 E2895.25874
G0 F9000 X144.335 Y122.839
G1 F1500 X133.656 Y112.16 E2895.76105
G0 F9000 X134.222 Y112.16
G1 F1500 X144.901 Y122.839 E2896.26335
G0 F9000 X145.466 Y122.839
G1 F1500 X134.787 Y112.16 E2896.76566
G0 F9000 X135.353 Y112.16
G1 F1500 X146.033 Y122.84 E2897.26802
G0 F9000 X146.613 Y122.854
G1 F1500 X135.919 Y112.16 E2897.77103
G0 F9000 X136.485 Y112.16
G1 F1500 X147.194 Y122.869 E2898.27475
G0 F9000 X147.774 Y122.884
G1 F1500 X137.05 Y112.16 E2898.77917
G0 F9000 X137.616 Y112.16
G1 F1500 X148.355 Y122.899 E2899.2843
G0 F9000 X148.935 Y122.914
G1 F1500 X138.182 Y112.16 E2899.79011
G0 F9000 X138.747 Y112.16
G1 F1500 X149.517 Y122.929 E2900.29668
G0 F9000 X150.097 Y122.944
G1 F1500 X139.313 Y112.16 E2900.80392
G0 F9000 X139.879 Y112.16
G1 F1500 X150.678 Y122.959 E2901.31188
G0 F9000 X151.258 Y122.974
G1 F1500 X140.444 Y112.16 E2901.82053
G0 F9000 X141.01 Y112.16
G1 F1500 X151.839 Y122.989 E2902.3299
G0 F9000 X152.419 Y123.004
G1 F1500 X141.576 Y112.16 E2902.83994
G0 F9000 X142.141 Y112.16
G1 F1500 X153 Y123.019 E2903.35071
G0 F9000 X153.592 Y123.045
G1 F1500 X142.707 Y112.16 E2903.86271
G0 F9000 X143.273 Y112.16
G1 F1500 X154.205 Y123.093 E2904.37694
G0 F9000 X154.818 Y123.14
G1 F1500 X143.838 Y112.16 E2904.89341
G0 F9000 X144.404 Y112.16
G1 F1500 X155.432 Y123.188 E2905.41213
G0 F9000 X156.045 Y123.235
G1 F1500 X144.97 Y112.16 E2905.93307
G0 F9000 X145.536 Y112.16
G1 F1500 X156.659 Y123.284 E2906.45628
G0 F9000 X157.272 Y123.331
G1 F1500 X146.1 Y112.159 E2906.98178
G0 F9000 X146.651 Y112.145
G1 F1500 X157.886 Y123.379 E2907.51021
G0 F9000 X158.499 Y123.426
G1 F1500 X147.202 Y112.13 E2908.04157
G0 F9000 X147.754 Y112.116
G1 F1500 X159.113 Y123.474 E2908.57584
G0 F9000 X159.726 Y123.522
G1 F1500 X148.305 Y112.101 E2909.11304
G0 F9000 X148.857 Y112.087
G1 F1500 X160.339 Y123.57 E2909.65315
G0 F9000 X160.966 Y123.631
G1 F1500 X149.408 Y112.073 E2910.1968
G0 F9000 X149.96 Y112.059
G1 F1500 X161.617 Y123.716 E2910.74511
G0 F9000 X162.266 Y123.8
G1 F1500 X150.511 Y112.044 E2911.29805
G0 F9000 X151.062 Y112.03
G1 F1500 X162.916 Y123.884 E2911.85563
G0 F9000 X163.566 Y123.968
G1 F1500 X151.614 Y112.016 E2912.41781
G0 F9000 X152.165 Y112.002
G1 F1500 X164.216 Y124.052 E2912.98463
G0 F9000 X164.866 Y124.136
G1 F1500 X152.717 Y111.988 E2913.55606
G0 F9000 X153.268 Y111.973
G1 F1500 X165.516 Y124.22 E2914.13214
G0 F9000 X166.165 Y124.305
G1 F1500 X153.797 Y111.936 E2914.71392
G0 F9000 X154.322 Y111.896
G1 F1500 X166.816 Y124.389 E2915.30158
G0 F9000 X167.466 Y124.474
G1 F1500 X154.847 Y111.855 E2915.89514
G0 F9000 X155.372 Y111.814
G1 F1500 X168.123 Y124.565 E2916.4949
G0 F9000 X168.814 Y124.691
G1 F1500 X155.897 Y111.773 E2917.1025
G0 F9000 X156.422 Y111.733
G1 F1500 X169.506 Y124.817 E2917.71793
G0 F9000 X170.198 Y124.943
G1 F1500 X156.947 Y111.692 E2918.34122
G0 F9000 X157.472 Y111.652
G1 F1500 X170.89 Y125.07 E2918.97236
G0 F9000 X171.582 Y125.196
G1 F1500 X157.997 Y111.611 E2919.61136
G0 F9000 X158.522 Y111.57
G1 F1500 X172.273 Y125.321 E2920.25816
G0 F9000 X172.966 Y125.448
G1 F1500 X159.047 Y111.529 E2920.91287
G0 F9000 X159.572 Y111.489
G1 F1500 X173.657 Y125.574 E2921.57539
G0 F9000 X174.349 Y125.7
G1 F1500 X160.097 Y111.448 E2922.24576
G0 F9000 X160.622 Y111.408
G1 F1500 X175.041 Y125.826 E2922.92396
G0 F9000 X175.619 Y125.839
G1 F1500 X161.126 Y111.345 E2923.60569
G0 F9000 X161.626 Y111.28
G1 F1500 X176.185 Y125.839 E2924.2905
G0 F9000 X176.751 Y125.839
G1 F1500 X162.128 Y111.216 E2924.97832
G0 F9000 X162.628 Y111.151
G1 F1500 X177.316 Y125.839 E2925.6692
G0 F9000 X177.882 Y125.839
G1 F1500 X163.129 Y111.086 E2926.36313
G0 F9000 X163.63 Y111.021
G1 F1500 X178.448 Y125.839 E2927.06013
G0 F9000 X179.013 Y125.839
G1 F1500 X164.131 Y110.957 E2927.76013
G0 F9000 X164.632 Y110.892
G1 F1500 X179.579 Y125.839 E2928.46319
G0 F9000 X180.145 Y125.839
G1 F1500 X165.132 Y110.826 E2929.16936
G0 F9000 X165.634 Y110.762
G1 F1500 X180.711 Y125.839 E2929.87853
G0 F9000 X181.276 Y125.839
G1 F1500 X166.134 Y110.697 E2930.59077
G0 F9000 X166.635 Y110.632
G1 F1500 X181.842 Y125.839 E2931.30606
G0 F9000 X182.408 Y125.839
G1 F1500 X167.136 Y110.568 E2932.02438
G0 F9000 X167.637 Y110.503
G1 F1500 X182.973 Y125.839 E2932.74574
G0 F9000 X183.539 Y125.839
G1 F1500 X168.133 Y110.433 E2933.47039
G0 F9000 X168.611 Y110.346
G1 F1500 X184.105 Y125.839 E2934.19916
G0 F9000 X184.67 Y125.839
G1 F1500 X169.089 Y110.258 E2934.93204
G0 F9000 X169.568 Y110.171
G1 F1500 X185.236 Y125.839 E2935.66902
G0 F9000 X185.802 Y125.839
G1 F1500 X170.046 Y110.083 E2936.41013
G0 F9000 X170.525 Y109.996
G1 F1500 X186.367 Y125.839 E2937.15531
G0 F9000 X186.933 Y125.839
G1 F1500 X171.003 Y109.909 E2937.90461
G0 F9000 X171.481 Y109.822
G1 F1500 X187.499 Y125.839 E2938.65803
G0 F9000 X188.064 Y125.839
G1 F1500 X171.959 Y109.734 E2939.41555
G0 F9000 X172.438 Y109.647
G1 F1500 X188.63 Y125.839 E2940.17718
G0 F9000 X189.196 Y125.839
G1 F1500 X172.917 Y109.56 E2940.94289
G0 F9000 X173.395 Y109.472
G1 F1500 X189.762 Y125.839 E2941.71274
G0 F9000 X190.327 Y125.839
G1 F1500 X173.874 Y109.385 E2942.48667
G0 F9000 X174.352 Y109.298
G1 F1500 X190.893 Y125.839 E2943.2647
G0 F9000 X191.459 Y125.839
G1 F1500 X174.83 Y109.211 E2944.04686
G0 F9000 X175.345 Y109.16
G1 F1500 X192.024 Y125.839 E2944.83139
G0 F9000 X192.59 Y125.839
G1 F1500 X175.911 Y109.16 E2945.61592
G0 F9000 X176.476 Y109.16
G1 F1500 X193.156 Y125.839 E2946.40047
G0 F9000 X193.721 Y125.839
G1 F1500 X177.042 Y109.16 E2947.185
G0 F9000 X177.608 Y109.16
G1 F1500 X194.287 Y125.839 E2947.96953
G0 F9000 X194.853 Y125.839
G1 F1500 X178.173 Y109.16 E2948.75408
G0 F9000 X178.739 Y109.16
G1 F1500 X195.418 Y125.839 E2949.53861
G0 F9000 X195.984 Y125.839
G1 F1500 X179.305 Y109.16 E2950.32314
G0 F9000 X179.87 Y109.16
G1 F1500 X196.55 Y125.839 E2951.10769
G0 F9000 X197.115 Y125.839
G1 F1500 X180.436 Y109.16 E2951.89222
G0 F9000 X181.002 Y109.16
G1 F1500 X197.681 Y125.839 E2952.67675
G0 F9000 X198.247 Y125.839
G1 F1500 X181.568 Y109.16 E2953.46128
G0 F9000 X182.133 Y109.16
G1 F1500 X198.812 Y125.839 E2954.24581
G0 F9000 X198.839 Y125.3
G1 F1500 X182.699 Y109.16 E2955.00498
G0 F9000 X183.265 Y109.16
G1 F1500 X198.839 Y124.734 E2955.73754
G0 F9000 X198.839 Y124.168
G1 F1500 X183.83 Y109.16 E2956.44349
G0 F9000 X184.396 Y109.16
G1 F1500 X198.839 Y123.602 E2957.12282
G0 F9000 X198.839 Y123.037
G1 F1500 X184.962 Y109.16 E2957.77555
G0 F9000 X185.527 Y109.16
G1 F1500 X198.839 Y122.471 E2958.40168
G0 F9000 X198.839 Y121.905
G1 F1500 X186.093 Y109.16 E2959.00119
G0 F9000 X186.659 Y109.16
G1 F1500 X198.839 Y121.34 E2959.5741
G0 F9000 X198.839 Y120.774
G1 F1500 X187.224 Y109.16 E2960.12041
G0 F9000 X187.79 Y109.16
G1 F1500 X198.839 Y120.208 E2960.6401
G0 F9000 X198.839 Y119.643
G1 F1500 X188.356 Y109.16 E2961.13319
G0 F9000 X188.921 Y109.16
G1 F1500 X198.839 Y119.077 E2961.59968
G0 F9000 X198.839 Y118.511
G1 F1500 X189.487 Y109.16 E2962.03954
G0 F9000 X190.053 Y109.16
G1 F1500 X198.839 Y117.946 E2962.45281
G0 F9000 X198.839 Y117.38
G1 F1500 X190.619 Y109.16 E2962.83945
G0 F9000 X191.184 Y109.16
G1 F1500 X198.839 Y116.814 E2963.1995
G0 F9000 X198.839 Y116.249
G1 F1500 X191.75 Y109.16 E2963.53294
G0 F9000 X192.316 Y109.16
G1 F1500 X198.839 Y115.683 E2963.83977
G0 F9000 X198.839 Y115.117
G1 F1500 X192.881 Y109.16 E2964.11999
G0 F9000 X193.447 Y109.16
G1 F1500 X198.839 Y114.552 E2964.37361
G0 F9000 X198.839 Y113.986
G1 F1500 X194.013 Y109.16 E2964.60061
G0 F9000 X194.578 Y109.16
G1 F1500 X198.839 Y113.42 E2964.80101
G0 F9000 X198.839 Y112.854
G1 F1500 X195.144 Y109.16 E2964.97479
G0 F9000 X195.71 Y109.16
G1 F1500 X198.839 Y112.289 E2965.12197
G0 F9000 X198.839 Y111.723
G1 F1500 X196.275 Y109.16 E2965.24255
G0 F9000 X196.841 Y109.16
G1 F1500 X198.839 Y111.157 E2965.3365
G0 F9000 X198.839 Y110.592
G1 F1500 X197.407 Y109.16 E2965.40386
G0 F9000 X197.972 Y109.16
G1 F1500 X198.839 Y110.026 E2965.44462
G0 F9000 X198.839 Y109.46
G1 F1500 X198.538 Y109.16 E2965.45875
G1 F2700 E2960.45875
;MESH:NONMESH
G0 F300 X198.538 Y109.16 Z6.8
G0 F9000 X198.538 Y108.7
G0 X199.228 Y108.772
G0 X199.228 Y126.228 ;T9.452 R8.000 A1.570 C421.66713599999986 FILLET CORNER
G0 X175.072 Y126.239 ;T-79.003 R8.000 A0.155 C54.41318300000038 FILLET CORNER
G0 X160.635 Y123.993 ;T-140.840 R8.000 A0.103 C-12.441265000000161 FILLET CORNER
G0 X152.351 Y123.566 ;T-318.973 R8.000 A0.049 C-25.682137999999554 FILLET CORNER
G0 X88.985 Y123.4
;TIME_ELAPSED:9784.871159
;LAYER:33
;TYPE:WALL-INNER
;MESH:D638-22 Type I Tensile Specimen.STL
G1 F2700 E2965.45875
G1 F1500 X146.017 Y123.4 E2967.35564
G1 X153.345 Y123.589 E2967.59946
G1 X160.654 Y124.156 E2967.84329
G1 X167.896 Y125.094 E2968.08617
G1 X175.057 Y126.4 E2968.32827
G1 X199.4 Y126.4 E2969.13792 ;T16.343 R8.000 A1.571 C-216.6527000000003 FILLET CORNER
G1 X199.4 Y117.5 E2969.43394
G1 X199.4 Y108.6 E2969.72995 ;T0.900 R8.000 A1.571 C-216.67050000000012 FILLET CORNER
G1 X175.055 Y108.6 E2970.53967
G1 X167.894 Y109.906 E2970.78178
G1 X160.654 Y110.844 E2971.02459
G1 X153.343 Y111.411 E2971.26849
G1 X146.015 Y111.6 E2971.5123
G1 X88.983 Y111.6 E2973.40919
G1 X81.655 Y111.411 E2973.653
G1 X74.346 Y110.844 E2973.89683
G1 X67.104 Y109.906 E2974.13971
G1 X59.943 Y108.6 E2974.38182
G1 X35.6 Y108.6 E2975.19147 ;T16.343 R8.000 A1.571 C-433.3054000000002 FILLET CORNER
G1 X35.6 Y126.4 E2975.7835 ;T9.800 R8.000 A1.571 C-433.34100000000024 FILLET CORNER
G1 X59.945 Y126.4 E2976.59322
G1 X67.106 Y125.094 E2976.83532
G1 X74.346 Y124.156 E2977.07814
G1 X81.657 Y123.589 E2977.32203
G1 X88.985 Y123.4 E2977.56584
G1 F2700 E2972.56584
G0 F9000 X74.325 Y123.997 ;T-125.765 R8.000 A0.114 C-24.273905000000138 FILLET CORNER
G0 X59.93 Y126.239 ;T-88.476 R8.000 A0.155 C54.320581000000246 FILLET CORNER
G0 X35.772 Y126.228 ;T16.154 R8.000 A1.570 C421.70204799999976 FILLET CORNER
G0 X35.772 Y108.772 ;T9.452 R8.000 A1.570 C421.6671359999997 FILLET CORNER
G0 X59.928 Y108.761 ;T-79.048 R8.000 A0.155 C44.044209000000066 FILLET CORNER
G0 X71.619 Y110.579 ;T-166.367 R8.000 A0.090 C-18.44317799999996 FILLET CORNER
G0 X88.979 Y111.701
G1 F2700 E2977.56584
G0 F9000 X88.993 Y111.2
;TYPE:WALL-OUTER
G1 F1500 X146.005 Y111.2 E2979.46207
G1 X153.302 Y111.012 E2979.70485
G1 X160.592 Y110.448 E2979.94804
G1 X167.842 Y109.509 E2980.19119
G1 X175.019 Y108.2 E2980.43384
G1 X199.8 Y108.2 E2981.25806 ;T16.781 R8.000 A1.571 C230.46329999999998 FILLET CORNER
G1 X199.8 Y117.5 E2981.56738
G1 X199.8 Y126.8 E2981.87669 ;T1.300 R8.000 A1.571 C230.44470000000015 FILLET CORNER
G1 X175.021 Y126.8 E2982.70085
G1 X167.854 Y125.493 E2982.94315
G1 X160.602 Y124.553 E2983.18637
G1 X153.314 Y123.988 E2983.4295
G1 X146.007 Y123.8 E2983.67261
G1 X88.995 Y123.8 E2985.56884
G1 X81.698 Y123.988 E2985.81162
G1 X74.408 Y124.552 E2986.05481
G1 X67.158 Y125.491 E2986.29796
G1 X59.981 Y126.8 E2986.54061
G1 X35.2 Y126.8 E2987.36483 ;T16.781 R8.000 A1.571 C460.92659999999984 FILLET CORNER
G1 X35.2 Y108.2 E2987.98347 ;T10.600 R8.000 A1.571 C460.8893999999998 FILLET CORNER
G1 X59.979 Y108.2 E2988.80762
G1 X67.146 Y109.507 E2989.04992
G1 X74.398 Y110.447 E2989.29314
G1 X81.686 Y111.012 E2989.53627
G1 X88.993 Y111.2 E2989.77938
G0 F9000 X88.975 Y111.96
;TYPE:SKIN
G1 F1500 X146.024 Y111.96 E2991.67684
G1 X153.321 Y111.772 E2991.91962
G1 X160.651 Y111.206 E2992.16414
G1 X167.981 Y110.257 E2992.40998
G1 X175.089 Y108.96 E2992.65029
G1 X199.04 Y108.96 E2993.44691 ;T15.951 R8.000 A1.571 C204.54154000000008 FILLET CORNER
G1 X199.04 Y117.5 E2993.73095
G1 X199.04 Y126.04 E2994.01499 ;T0.540 R8.000 A1.571 C204.51591999999997 FILLET CORNER
G1 X175.092 Y126.04 E2994.8115
G1 X167.99 Y124.744 E2995.05162
G1 X160.7 Y123.799 E2995.29611
G1 X153.372 Y123.23 E2995.54058
G1 X146.027 Y123.04 E2995.78495
G1 X88.977 Y123.04 E2997.68244
G1 X81.64 Y123.23 E2997.92656
G1 X74.347 Y123.794 E2998.16985
G1 X67.023 Y124.742 E2998.41548
G1 X59.911 Y126.04 E2998.65593
G1 X35.96 Y126.04 E2999.45254 ;T15.951 R8.000 A1.571 C409.08308000000034 FILLET CORNER
G1 X35.96 Y108.96 E3000.02063 ;T9.080 R8.000 A1.571 C409.03184000000033 FILLET CORNER
G1 X59.908 Y108.96 E3000.81714
G1 X67.01 Y110.256 E3001.05725
G1 X74.335 Y111.205 E3001.30292
G1 X81.629 Y111.77 E3001.54625
G1 X88.975 Y111.96 E3001.79066
G1 F2700 E2996.79066
G0 F9000 X88.979 Y111.701
G0 X69.848 Y110.443 ;T-137.099 R8.000 A0.102 C19.698982000000086 FILLET CORNER
G0 X59.928 Y108.761 ;T-86.461 R8.000 A0.165 C-39.26837200000011 FILLET CORNER
G0 X36.222 Y108.7
G1 F2700 E3001.79066
G0 F9000 X36.222 Y109.158
G1 F1500 X36.16 Y109.221 E3001.7936
G0 F9000 X36.16 Y109.786
G1 F1500 X36.787 Y109.158 E3001.82311
G0 F9000 X37.353 Y109.158
G1 F1500 X36.16 Y110.352 E3001.87925
G0 F9000 X36.16 Y110.918
G1 F1500 X37.919 Y109.158 E3001.96201
G0 F9000 X38.484 Y109.158
G1 F1500 X36.16 Y111.483 E3002.07135
G0 F9000 X36.16 Y112.049
G1 F1500 X39.05 Y109.158 E3002.20731
G0 F9000 X39.616 Y109.158
G1 F1500 X36.16 Y112.615 E3002.36989
G0 F9000 X36.16 Y113.18
G1 F1500 X40.182 Y109.158 E3002.55908
G0 F9000 X40.747 Y109.158
G1 F1500 X36.16 Y113.746 E3002.77486
G0 F9000 X36.16 Y114.312
G1 F1500 X41.313 Y109.158 E3003.01726
G0 F9000 X41.879 Y109.158
G1 F1500 X36.16 Y114.877 E3003.28627
G0 F9000 X36.16 Y115.443
G1 F1500 X42.444 Y109.158 E3003.58187
G0 F9000 X43.01 Y109.158
G1 F1500 X36.16 Y116.009 E3003.9041
G0 F9000 X36.16 Y116.575
G1 F1500 X43.576 Y109.158 E3004.25295
G0 F9000 X44.141 Y109.158
G1 F1500 X36.16 Y117.14 E3004.62837
G0 F9000 X36.16 Y117.706
G1 F1500 X44.707 Y109.158 E3005.03042
G0 F9000 X45.273 Y109.158
G1 F1500 X36.16 Y118.272 E3005.45909
G0 F9000 X36.16 Y118.837
G1 F1500 X45.838 Y109.158 E3005.91434
G0 F9000 X46.404 Y109.158
G1 F1500 X36.16 Y119.403 E3006.39621
G0 F9000 X36.16 Y119.969
G1 F1500 X46.97 Y109.158 E3006.9047
G0 F9000 X47.535 Y109.158
G1 F1500 X36.16 Y120.534 E3007.43977
G0 F9000 X36.16 Y121.1
G1 F1500 X48.101 Y109.158 E3008.00146
G0 F9000 X48.667 Y109.158
G1 F1500 X36.16 Y121.666 E3008.58977
G0 F9000 X36.16 Y122.231
G1 F1500 X49.233 Y109.158 E3009.20469
G0 F9000 X49.798 Y109.158
G1 F1500 X36.16 Y122.797 E3009.8462
G0 F9000 X36.16 Y123.363
G1 F1500 X50.364 Y109.158 E3010.51434
G0 F9000 X50.93 Y109.158
G1 F1500 X36.16 Y123.928 E3011.20907
G0 F9000 X36.16 Y124.494
G1 F1500 X51.495 Y109.158 E3011.93041
G0 F9000 X52.061 Y109.158
G1 F1500 X36.16 Y125.06 E3012.67837
G0 F9000 X36.16 Y125.626
G1 F1500 X52.627 Y109.158 E3013.45295
G0 F9000 X53.192 Y109.158
G1 F1500 X36.512 Y125.839 E3014.23755
G0 F9000 X37.077 Y125.839
G1 F1500 X53.758 Y109.158 E3015.02217
G0 F9000 X54.324 Y109.158
G1 F1500 X37.643 Y125.839 E3015.80679
G0 F9000 X38.209 Y125.839
G1 F1500 X54.889 Y109.158 E3016.59139
G0 F9000 X55.455 Y109.158
G1 F1500 X38.774 Y125.839 E3017.37602
G0 F9000 X39.34 Y125.839
G1 F1500 X56.021 Y109.158 E3018.16064
G0 F9000 X56.586 Y109.158
G1 F1500 X39.906 Y125.839 E3018.94524
G0 F9000 X40.471 Y125.839
G1 F1500 X57.152 Y109.158 E3019.72986
G0 F9000 X57.718 Y109.158
G1 F1500 X41.037 Y125.839 E3020.51448
G0 F9000 X41.603 Y125.839
G1 F1500 X58.283 Y109.158 E3021.29908
G0 F9000 X58.849 Y109.158
G1 F1500 X42.169 Y125.839 E3022.08368
G0 F9000 X42.734 Y125.839
G1 F1500 X59.415 Y109.158 E3022.86831
G0 F9000 X59.966 Y109.173
G1 F1500 X43.3 Y125.839 E3023.65222
G0 F9000 X43.866 Y125.839
G1 F1500 X60.444 Y109.26 E3024.43203
G0 F9000 X60.923 Y109.347
G1 F1500 X44.431 Y125.839 E3025.20776
G0 F9000 X44.997 Y125.839
G1 F1500 X61.401 Y109.435 E3025.97935
G0 F9000 X61.88 Y109.522
G1 F1500 X45.563 Y125.839 E3026.74685
G0 F9000 X46.128 Y125.839
G1 F1500 X62.359 Y109.609 E3027.51029
G0 F9000 X62.837 Y109.697
G1 F1500 X46.694 Y125.839 E3028.26958
G0 F9000 X47.26 Y125.839
G1 F1500 X63.315 Y109.783 E3029.02478
G0 F9000 X63.793 Y109.871
G1 F1500 X47.825 Y125.839 E3029.77587
G0 F9000 X48.391 Y125.839
G1 F1500 X64.272 Y109.958 E3030.52286
G0 F9000 X64.75 Y110.046
G1 F1500 X48.957 Y125.839 E3031.26572
G0 F9000 X49.522 Y125.839
G1 F1500 X65.229 Y110.133 E3032.0045
G0 F9000 X65.707 Y110.22
G1 F1500 X50.088 Y125.839 E3032.73917
G0 F9000 X50.654 Y125.839
G1 F1500 X66.185 Y110.307 E3033.46973
G0 F9000 X66.664 Y110.394
G1 F1500 X51.219 Y125.839 E3034.19621
G0 F9000 X51.785 Y125.839
G1 F1500 X67.149 Y110.475 E3034.91889
G0 F9000 X67.651 Y110.539
G1 F1500 X52.351 Y125.839 E3035.63855
G0 F9000 X52.917 Y125.839
G1 F1500 X68.151 Y110.604 E3036.35514
G0 F9000 X68.652 Y110.669
G1 F1500 X53.482 Y125.839 E3037.06869
G0 F9000 X54.048 Y125.839
G1 F1500 X69.153 Y110.734 E3037.77918
G0 F9000 X69.654 Y110.799
G1 F1500 X54.614 Y125.839 E3038.48661
G0 F9000 X55.179 Y125.839
G1 F1500 X70.155 Y110.863 E3039.19104
G0 F9000 X70.656 Y110.928
G1 F1500 X55.745 Y125.839 E3039.89241
G0 F9000 X56.311 Y125.839
G1 F1500 X71.156 Y110.993 E3040.59069
G0 F9000 X71.658 Y111.058
G1 F1500 X56.876 Y125.839 E3041.28597
G0 F9000 X57.442 Y125.839
G1 F1500 X72.158 Y111.123 E3041.97817
G0 F9000 X72.66 Y111.187
G1 F1500 X58.008 Y125.839 E3042.66735
G0 F9000 X58.573 Y125.839
G1 F1500 X73.16 Y111.252 E3043.35348
G0 F9000 X73.661 Y111.317
G1 F1500 X59.139 Y125.839 E3044.03655
G0 F9000 X59.705 Y125.839
G1 F1500 X74.162 Y111.382 E3044.71656
G0 F9000 X74.679 Y111.43
G1 F1500 X60.355 Y125.755 E3045.39034
G0 F9000 X61.046 Y125.629
G1 F1500 X75.204 Y111.471 E3046.05629
G0 F9000 X75.729 Y111.512
G1 F1500 X61.738 Y125.502 E3046.71436
G0 F9000 X62.431 Y125.376
G1 F1500 X76.255 Y111.552 E3047.3646
G0 F9000 X76.779 Y111.593
G1 F1500 X63.123 Y125.249 E3048.00694
G0 F9000 X63.814 Y125.123
G1 F1500 X77.305 Y111.633 E3048.64149
G0 F9000 X77.829 Y111.674
G1 F1500 X64.507 Y124.997 E3049.26814
G0 F9000 X65.199 Y124.87
G1 F1500 X78.355 Y111.715 E3049.88693
G0 F9000 X78.88 Y111.755
G1 F1500 X65.891 Y124.744 E3050.4979
G0 F9000 X66.583 Y124.618
G1 F1500 X79.405 Y111.796 E3051.101
G0 F9000 X79.93 Y111.836
G1 F1500 X67.257 Y124.51 E3051.69713
G0 F9000 X67.906 Y124.426
G1 F1500 X80.455 Y111.877 E3052.28739
G0 F9000 X80.98 Y111.918
G1 F1500 X68.556 Y124.341 E3052.87176
G0 F9000 X69.206 Y124.257
G1 F1500 X81.506 Y111.958 E3053.45029
G0 F9000 X82.05 Y111.979
G1 F1500 X69.857 Y124.172 E3054.02381
G0 F9000 X70.507 Y124.088
G1 F1500 X82.602 Y111.993 E3054.59272
G0 F9000 X83.153 Y112.007
G1 F1500 X71.156 Y124.004 E3055.15702
G0 F9000 X71.806 Y123.92
G1 F1500 X83.705 Y112.021 E3055.71671
G0 F9000 X84.256 Y112.036
G1 F1500 X72.456 Y123.836 E3056.27175
G0 F9000 X73.106 Y123.752
G1 F1500 X84.807 Y112.05 E3056.82215
G0 F9000 X85.359 Y112.065
G1 F1500 X73.756 Y123.667 E3057.3679
G0 F9000 X74.401 Y123.588
G1 F1500 X85.91 Y112.079 E3057.90925
G0 F9000 X86.461 Y112.094
G1 F1500 X75.014 Y123.541 E3058.44768
G0 F9000 X75.627 Y123.494
G1 F1500 X87.013 Y112.108 E3058.98324
G0 F9000 X87.564 Y112.122
G1 F1500 X76.24 Y123.446 E3059.51589
G0 F9000 X76.853 Y123.399
G1 F1500 X88.116 Y112.136 E3060.04566
G0 F9000 X88.667 Y112.15
G1 F1500 X77.466 Y123.351 E3060.57253
G0 F9000 X78.08 Y123.303
G1 F1500 X89.224 Y112.159 E3061.0967
G0 F9000 X89.79 Y112.159
G1 F1500 X78.693 Y123.256 E3061.61867
G0 F9000 X79.306 Y123.209
G1 F1500 X90.356 Y112.159 E3062.13843
G0 F9000 X90.921 Y112.159
G1 F1500 X79.919 Y123.161 E3062.65593
G0 F9000 X80.532 Y123.114
G1 F1500 X91.487 Y112.159 E3063.17122
G0 F9000 X92.053 Y112.159
G1 F1500 X81.145 Y123.066 E3063.68428
G0 F9000 X81.751 Y123.026
G1 F1500 X92.618 Y112.159 E3064.19543
G0 F9000 X93.184 Y112.159
G1 F1500 X82.331 Y123.011 E3064.7059
G0 F9000 X82.912 Y122.996
G1 F1500 X93.75 Y112.159 E3065.21566
G0 F9000 X94.316 Y112.159
G1 F1500 X83.493 Y122.982 E3065.72474
G0 F9000 X84.074 Y122.966
G1 F1500 X94.881 Y112.159 E3066.23307
G0 F9000 X95.447 Y112.159
G1 F1500 X84.654 Y122.951 E3066.74071
G0 F9000 X85.235 Y122.936
G1 F1500 X96.013 Y112.159 E3067.24765
G0 F9000 X96.578 Y112.159
G1 F1500 X85.816 Y122.921 E3067.75387
G0 F9000 X86.397 Y122.906
G1 F1500 X97.144 Y112.159 E3068.25937
G0 F9000 X97.71 Y112.159
G1 F1500 X86.977 Y122.891 E3068.7642
G0 F9000 X87.558 Y122.876
G1 F1500 X98.275 Y112.159 E3069.26829
G0 F9000 X98.841 Y112.159
G1 F1500 X88.139 Y122.861 E3069.77168
G0 F9000 X88.719 Y122.846
G1 F1500 X99.407 Y112.159 E3070.27439
G0 F9000 X99.972 Y112.159
G1 F1500 X89.292 Y122.84 E3070.77676
G0 F9000 X89.857 Y122.84
G1 F1500 X100.538 Y112.159 E3071.27917
G0 F9000 X101.104 Y112.159
G1 F1500 X90.423 Y122.84 E3071.78157
G0 F9000 X90.989 Y122.84
G1 F1500 X101.669 Y112.159 E3072.28395
G0 F9000 X102.235 Y112.159
G1 F1500 X91.554 Y122.84 E3072.78635
G0 F9000 X92.12 Y122.84
G1 F1500 X102.801 Y112.159 E3073.28875
G0 F9000 X103.366 Y112.159
G1 F1500 X92.686 Y122.84 E3073.79113
G0 F9000 X93.251 Y122.84
G1 F1500 X103.932 Y112.159 E3074.29353
G0 F9000 X104.498 Y112.159
G1 F1500 X93.817 Y122.84 E3074.79593
G0 F9000 X94.383 Y122.84
G1 F1500 X105.064 Y112.159 E3075.29833
G0 F9000 X105.629 Y112.159
G1 F1500 X94.948 Y122.84 E3075.80073
G0 F9000 X95.514 Y122.84
G1 F1500 X106.195 Y112.159 E3076.30313
G0 F9000 X106.761 Y112.159
G1 F1500 X96.08 Y122.84 E3076.80554
G0 F9000 X96.645 Y122.84
G1 F1500 X107.326 Y112.159 E3077.30794
G0 F9000 X107.892 Y112.159
G1 F1500 X97.211 Y122.84 E3077.81034
G0 F9000 X97.777 Y122.84
G1 F1500 X108.458 Y112.159 E3078.31274
G0 F9000 X109.023 Y112.159
G1 F1500 X98.342 Y122.84 E3078.81514
G0 F9000 X98.908 Y122.84
G1 F1500 X109.589 Y112.159 E3079.31754
G0 F9000 X110.155 Y112.159
G1 F1500 X99.474 Y122.84 E3079.81994
G0 F9000 X100.04 Y122.84
G1 F1500 X110.72 Y112.159 E3080.32232
G0 F9000 X111.286 Y112.159
G1 F1500 X100.605 Y122.84 E3080.82472
G0 F9000 X101.171 Y122.84
G1 F1500 X111.852 Y112.159 E3081.32713
G0 F9000 X112.417 Y112.159
G1 F1500 X101.737 Y122.84 E3081.8295
G0 F9000 X102.302 Y122.84
G1 F1500 X112.983 Y112.159 E3082.3319
G0 F9000 X113.549 Y112.159
G1 F1500 X102.868 Y122.84 E3082.83431
G0 F9000 X103.434 Y122.84
G1 F1500 X114.115 Y112.159 E3083.33671
G0 F9000 X114.68 Y112.159
G1 F1500 X103.999 Y122.84 E3083.83911
G0 F9000 X104.565 Y122.84
G1 F1500 X115.246 Y112.159 E3084.34151
G0 F9000 X115.812 Y112.159
G1 F1500 X105.131 Y122.84 E3084.84391
G0 F9000 X105.696 Y122.84
G1 F1500 X116.377 Y112.159 E3085.34631
G0 F9000 X116.943 Y112.159
G1 F1500 X106.262 Y122.84 E3085.84872
G0 F9000 X106.828 Y122.84
G1 F1500 X117.508 Y112.159 E3086.35109
G0 F9000 X118.074 Y112.159
G1 F1500 X107.393 Y122.84 E3086.85349
G0 F9000 X107.959 Y122.84
G1 F1500 X118.639 Y112.159 E3087.35587
G0 F9000 X119.205 Y112.159
G1 F1500 X108.525 Y122.84 E3087.85825
G0 F9000 X109.091 Y122.84
G1 F1500 X119.771 Y112.159 E3088.36063
G0 F9000 X120.336 Y112.159
G1 F1500 X109.656 Y122.84 E3088.86301
G0 F9000 X110.222 Y122.84
G1 F1500 X120.902 Y112.159 E3089.36538
G0 F9000 X121.468 Y112.159
G1 F1500 X110.788 Y122.84 E3089.86776
G0 F9000 X111.353 Y122.84
G1 F1500 X122.033 Y112.159 E3090.37014
G0 F9000 X122.599 Y112.159
G1 F1500 X111.919 Y122.84 E3090.87252
G0 F9000 X112.485 Y122.84
G1 F1500 X123.165 Y112.159 E3091.3749
G0 F9000 X123.73 Y112.159
G1 F1500 X113.05 Y122.84 E3091.87727
G0 F9000 X113.616 Y122.84
G1 F1500 X124.296 Y112.159 E3092.37965
G0 F9000 X124.862 Y112.159
G1 F1500 X114.182 Y122.84 E3092.88203
G0 F9000 X114.747 Y122.84
G1 F1500 X125.428 Y112.159 E3093.38443
G0 F9000 X125.993 Y112.159
G1 F1500 X115.313 Y122.84 E3093.88681
G0 F9000 X115.879 Y122.84
G1 F1500 X126.559 Y112.159 E3094.38919
G0 F9000 X127.125 Y112.159
G1 F1500 X116.444 Y122.84 E3094.89159
G0 F9000 X117.01 Y122.84
G1 F1500 X127.69 Y112.159 E3095.39397
G0 F9000 X128.256 Y112.159
G1 F1500 X117.576 Y122.84 E3095.89635
G0 F9000 X118.141 Y122.84
G1 F1500 X128.822 Y112.159 E3096.39875
G0 F9000 X129.387 Y112.159
G1 F1500 X118.707 Y122.84 E3096.90112
G0 F9000 X119.273 Y122.84
G1 F1500 X129.953 Y112.159 E3097.4035
G0 F9000 X130.519 Y112.159
G1 F1500 X119.839 Y122.84 E3097.90588
G0 F9000 X120.404 Y122.84
G1 F1500 X131.084 Y112.159 E3098.40826
G0 F9000 X131.65 Y112.159
G1 F1500 X120.97 Y122.84 E3098.91064
G0 F9000 X121.536 Y122.84
G1 F1500 X132.216 Y112.159 E3099.41301
G0 F9000 X132.781 Y112.159
G1 F1500 X122.101 Y122.84 E3099.91539
G0 F9000 X122.667 Y122.84
G1 F1500 X133.347 Y112.159 E3100.41777
G0 F9000 X133.913 Y112.159
G1 F1500 X123.233 Y122.84 E3100.92015
G0 F9000 X123.798 Y122.84
G1 F1500 X134.478 Y112.159 E3101.42253
G0 F9000 X135.044 Y112.159
G1 F1500 X124.364 Y122.84 E3101.9249
G0 F9000 X124.93 Y122.84
G1 F1500 X135.61 Y112.159 E3102.42728
G0 F9000 X136.176 Y112.159
G1 F1500 X125.495 Y122.84 E3102.92968
G0 F9000 X126.061 Y122.84
G1 F1500 X136.741 Y112.159 E3103.43206
G0 F9000 X137.307 Y112.159
G1 F1500 X126.627 Y122.84 E3103.93444
G0 F9000 X127.192 Y122.84
G1 F1500 X137.873 Y112.159 E3104.43684
G0 F9000 X138.438 Y112.159
G1 F1500 X127.758 Y122.84 E3104.93922
G0 F9000 X128.324 Y122.84
G1 F1500 X139.004 Y112.159 E3105.4416
G0 F9000 X139.57 Y112.159
G1 F1500 X128.89 Y122.84 E3105.94398
G0 F9000 X129.455 Y122.84
G1 F1500 X140.135 Y112.159 E3106.44635
G0 F9000 X140.701 Y112.159
G1 F1500 X130.021 Y122.84 E3106.94873
G0 F9000 X130.587 Y122.84
G1 F1500 X141.267 Y112.159 E3107.45111
G0 F9000 X141.832 Y112.159
G1 F1500 X131.152 Y122.84 E3107.95349
G0 F9000 X131.718 Y122.84
G1 F1500 X142.398 Y112.159 E3108.45587
G0 F9000 X142.964 Y112.159
G1 F1500 X132.284 Y122.84 E3108.95824
G0 F9000 X132.849 Y122.84
G1 F1500 X143.529 Y112.159 E3109.46062
G0 F9000 X144.095 Y112.159
G1 F1500 X133.415 Y122.84 E3109.963
G0 F9000 X133.981 Y122.84
G1 F1500 X144.661 Y112.159 E3110.46538
G0 F9000 X145.227 Y112.159
G1 F1500 X134.546 Y122.84 E3110.96778
G0 F9000 X135.112 Y122.84
G1 F1500 X145.792 Y112.159 E3111.47016
G0 F9000 X146.366 Y112.151
G1 F1500 X135.678 Y122.84 E3111.97291
G0 F9000 X136.243 Y122.84
G1 F1500 X146.947 Y112.136 E3112.47639
G0 F9000 X147.527 Y112.121
G1 F1500 X136.809 Y122.84 E3112.98056
G0 F9000 X137.375 Y122.84
G1 F1500 X148.109 Y112.106 E3113.48545
G0 F9000 X148.689 Y112.091
G1 F1500 X137.94 Y122.84 E3113.99105
G0 F9000 X138.506 Y122.84
G1 F1500 X149.27 Y112.076 E3114.49736
G0 F9000 X149.851 Y112.06
G1 F1500 X139.072 Y122.84 E3115.00439
G0 F9000 X139.638 Y122.84
G1 F1500 X150.432 Y112.046 E3115.51211
G0 F9000 X151.012 Y112.031
G1 F1500 X140.203 Y122.84 E3116.02053
G0 F9000 X140.769 Y122.84
G1 F1500 X151.593 Y112.016 E3116.52966
G0 F9000 X152.174 Y112
G1 F1500 X141.335 Y122.84 E3117.03952
G0 F9000 X141.9 Y122.84
G1 F1500 X152.754 Y111.985 E3117.55008
G0 F9000 X153.335 Y111.971
G1 F1500 X142.466 Y122.84 E3118.06132
G0 F9000 X143.032 Y122.84
G1 F1500 X153.947 Y111.924 E3118.57476
G0 F9000 X154.561 Y111.876
G1 F1500 X143.597 Y122.84 E3119.09047
G0 F9000 X144.163 Y122.84
G1 F1500 X155.174 Y111.828 E3119.60842
G0 F9000 X155.787 Y111.781
G1 F1500 X144.729 Y122.84 E3120.12857
G0 F9000 X145.294 Y122.84
G1 F1500 X156.4 Y111.734 E3120.65097
G0 F9000 X157.013 Y111.686
G1 F1500 X145.86 Y122.84 E3121.17559
G0 F9000 X146.415 Y122.85
G1 F1500 X157.626 Y111.639 E3121.70292
G0 F9000 X158.24 Y111.591
G1 F1500 X146.967 Y122.864 E3122.23317
G0 F9000 X147.518 Y122.878
G1 F1500 X158.853 Y111.543 E3122.76634
G0 F9000 X159.466 Y111.496
G1 F1500 X148.07 Y122.893 E3123.30239
G0 F9000 X148.621 Y122.907
G1 F1500 X160.079 Y111.449 E3123.84134
G0 F9000 X160.693 Y111.401
G1 F1500 X149.173 Y122.921 E3124.38321
G0 F9000 X149.724 Y122.935
G1 F1500 X161.343 Y111.316 E3124.92973
G0 F9000 X161.993 Y111.232
G1 F1500 X150.276 Y122.949 E3125.48086
G0 F9000 X150.827 Y122.963
G1 F1500 X162.643 Y111.148 E3126.03662
G0 F9000 X163.292 Y111.064
G1 F1500 X151.379 Y122.977 E3126.59698
G0 F9000 X151.93 Y122.992
G1 F1500 X163.942 Y110.98 E3127.16198
G0 F9000 X164.592 Y110.896
G1 F1500 X152.481 Y123.006 E3127.73162
G0 F9000 X153.033 Y123.021
G1 F1500 X165.242 Y110.812 E3128.3059
G0 F9000 X165.892 Y110.727
G1 F1500 X153.575 Y123.045 E3128.88528
G0 F9000 X154.1 Y123.085
G1 F1500 X166.542 Y110.643 E3129.47051
G0 F9000 X167.191 Y110.559
G1 F1500 X154.625 Y123.126 E3130.0616
G0 F9000 X155.149 Y123.167
G1 F1500 X167.841 Y110.475 E3130.65859
G0 F9000 X168.521 Y110.361
G1 F1500 X155.675 Y123.207 E3131.26283
G0 F9000 X156.199 Y123.248
G1 F1500 X169.213 Y110.235 E3131.87494
G0 F9000 X169.905 Y110.109
G1 F1500 X156.724 Y123.289 E3132.49491
G0 F9000 X157.249 Y123.33
G1 F1500 X170.597 Y109.982 E3133.12276
G0 F9000 X171.288 Y109.856
G1 F1500 X157.774 Y123.371 E3133.75844
G0 F9000 X158.299 Y123.412
G1 F1500 X171.981 Y109.73 E3134.402
G0 F9000 X172.672 Y109.604
G1 F1500 X158.823 Y123.453 E3135.05342
G0 F9000 X159.348 Y123.494
G1 F1500 X173.364 Y109.477 E3135.71271
G0 F9000 X174.057 Y109.351
G1 F1500 X159.874 Y123.534 E3136.37984
G0 F9000 X160.398 Y123.575
G1 F1500 X174.748 Y109.225 E3137.05482
G0 F9000 X175.38 Y109.159
G1 F1500 X160.914 Y123.625 E3137.73525
G0 F9000 X161.414 Y123.69
G1 F1500 X175.945 Y109.159 E3138.41875
G0 F9000 X176.511 Y109.159
G1 F1500 X161.916 Y123.755 E3139.10527
G0 F9000 X162.416 Y123.82
G1 F1500 X177.077 Y109.159 E3139.79488
G0 F9000 X177.642 Y109.159
G1 F1500 X162.917 Y123.885 E3140.48752
G0 F9000 X163.418 Y123.95
G1 F1500 X178.208 Y109.159 E3141.18322
G0 F9000 X178.774 Y109.159
G1 F1500 X163.918 Y124.015 E3141.882
G0 F9000 X164.42 Y124.079
G1 F1500 X179.339 Y109.159 E3142.58377
G0 F9000 X179.905 Y109.159
G1 F1500 X164.92 Y124.144 E3143.28862
G0 F9000 X165.421 Y124.209
G1 F1500 X180.471 Y109.159 E3143.99653
G0 F9000 X181.037 Y109.159
G1 F1500 X165.921 Y124.274 E3144.70751
G0 F9000 X166.423 Y124.339
G1 F1500 X181.602 Y109.159 E3145.42151
G0 F9000 X182.168 Y109.159
G1 F1500 X166.923 Y124.404 E3146.13859
G0 F9000 X167.424 Y124.469
G1 F1500 X182.734 Y109.159 E3146.85872
G0 F9000 X183.299 Y109.159
G1 F1500 X167.925 Y124.534 E3147.58189
G0 F9000 X168.407 Y124.617
G1 F1500 X183.865 Y109.159 E3148.30899
G0 F9000 X184.431 Y109.159
G1 F1500 X168.885 Y124.705 E3149.04023
G0 F9000 X169.364 Y124.792
G1 F1500 X184.996 Y109.159 E3149.77553
G0 F9000 X185.562 Y109.159
G1 F1500 X169.842 Y124.879 E3150.51495
G0 F9000 X170.32 Y124.966
G1 F1500 X186.128 Y109.159 E3151.25849
G0 F9000 X186.693 Y109.159
G1 F1500 X170.799 Y125.053 E3152.00609
G0 F9000 X171.278 Y125.14
G1 F1500 X187.259 Y109.159 E3152.75779
G0 F9000 X187.825 Y109.159
G1 F1500 X171.756 Y125.228 E3153.51363
G0 F9000 X172.234 Y125.315
G1 F1500 X188.39 Y109.159 E3154.27355
G0 F9000 X188.956 Y109.159
G1 F1500 X172.712 Y125.403 E3155.03762
G0 F9000 X173.191 Y125.49
G1 F1500 X189.522 Y109.159 E3155.80578
G0 F9000 X190.087 Y109.159
G1 F1500 X173.67 Y125.577 E3156.57801
G0 F9000 X174.148 Y125.664
G1 F1500 X190.653 Y109.159 E3157.35436
G0 F9000 X191.219 Y109.159
G1 F1500 X174.627 Y125.751 E3158.13479
G0 F9000 X175.105 Y125.839
G1 F1500 X191.785 Y109.159 E3158.91937
G0 F9000 X192.35 Y109.159
G1 F1500 X175.67 Y125.84 E3159.70397
G0 F9000 X176.235 Y125.84
G1 F1500 X192.916 Y109.159 E3160.48859
G0 F9000 X193.482 Y109.159
G1 F1500 X176.801 Y125.84 E3161.27322
G0 F9000 X177.367 Y125.84
G1 F1500 X194.047 Y109.159 E3162.05781
G0 F9000 X194.613 Y109.159
G1 F1500 X177.932 Y125.84 E3162.84244
G0 F9000 X178.498 Y125.84
G1 F1500 X195.179 Y109.159 E3163.62706
G0 F9000 X195.744 Y109.159
G1 F1500 X179.064 Y125.84 E3164.41166
G0 F9000 X179.629 Y125.84
G1 F1500 X196.31 Y109.159 E3165.19628
G0 F9000 X196.876 Y109.159
G1 F1500 X180.195 Y125.84 E3165.98091
G0 F9000 X180.761 Y125.84
G1 F1500 X197.441 Y109.159 E3166.76551
G0 F9000 X198.007 Y109.159
G1 F1500 X181.326 Y125.84 E3167.55013
G0 F9000 X181.892 Y125.84
G1 F1500 X198.573 Y109.159 E3168.33475
G0 F9000 X198.839 Y109.459
G1 F1500 X182.458 Y125.84 E3169.10526
G0 F9000 X183.023 Y125.84
G1 F1500 X198.839 Y110.025 E3169.84918
G0 F9000 X198.839 Y110.59
G1 F1500 X183.589 Y125.84 E3170.56649
G0 F9000 X184.155 Y125.84
G1 F1500 X198.839 Y111.156 E3171.25718
G0 F9000 X198.839 Y111.722
G1 F1500 X184.721 Y125.84 E3171.92125
G0 F9000 X185.286 Y125.84
G1 F1500 X198.839 Y112.287 E3172.55874
G0 F9000 X198.839 Y112.853
G1 F1500 X185.852 Y125.84 E3173.16961
G0 F9000 X186.418 Y125.84
G1 F1500 X198.839 Y113.419 E3173.75385
G0 F9000 X198.839 Y113.984
G1 F1500 X186.983 Y125.84 E3174.31152
G0 F9000 X187.549 Y125.84
G1 F1500 X198.839 Y114.55 E3174.84257
G0 F9000 X198.839 Y115.116
G1 F1500 X188.115 Y125.84 E3175.347
G0 F9000 X188.68 Y125.84
G1 F1500 X198.839 Y115.681 E3175.82484
G0 F9000 X198.839 Y116.247
G1 F1500 X189.246 Y125.84 E3176.27607
G0 F9000 X189.812 Y125.84
G1 F1500 X198.839 Y116.813 E3176.70067
G0 F9000 X198.839 Y117.379
G1 F1500 X190.377 Y125.84 E3177.09867
G0 F9000 X190.943 Y125.84
G1 F1500 X198.839 Y117.944 E3177.47008
G0 F9000 X198.839 Y118.51
G1 F1500 X191.509 Y125.84 E3177.81486
G0 F9000 X192.074 Y125.84
G1 F1500 X198.839 Y119.076 E3178.13304
G0 F9000 X198.839 Y119.641
G1 F1500 X192.64 Y125.84 E3178.42462
G0 F9000 X193.206 Y125.84
G1 F1500 X198.839 Y120.207 E3178.68958
G0 F9000 X198.839 Y120.773
G1 F1500 X193.772 Y125.84 E3178.92792
G0 F9000 X194.337 Y125.84
G1 F1500 X198.839 Y121.338 E3179.13968
G0 F9000 X198.839 Y121.904
G1 F1500 X194.903 Y125.84 E3179.32481
G0 F9000 X195.469 Y125.84
G1 F1500 X198.839 Y122.47 E3179.48333
G0 F9000 X198.839 Y123.035
G1 F1500 X196.034 Y125.84 E3179.61527
G0 F9000 X196.6 Y125.84
G1 F1500 X198.839 Y123.601 E3179.72058
G0 F9000 X198.839 Y124.167
G1 F1500 X197.166 Y125.84 E3179.79928
G0 F9000 X197.731 Y125.84
G1 F1500 X198.839 Y124.732 E3179.85139
G0 F9000 X198.839 Y125.298
G1 F1500 X198.297 Y125.84 E3179.87689
G1 F2700 E3174.87689
;MESH:NONMESH
G0 F300 X198.297 Y125.84 Z7
G0 F9000 X198.297 Y126.3
G0 X199.228 Y126.228
G0 X199.228 Y108.772 ;T9.452 R8.000 A1.570 C-421.702048 FILLET CORNER
G0 X175.07 Y108.761 ;T-78.987 R8.000 A0.155 C-54.417653000000406 FILLET CORNER
G0 X160.635 Y111.007 ;T-140.801 R8.000 A0.103 C12.444365000000179 FILLET CORNER
G0 X152.35 Y111.434 ;T-330.050 R8.000 A0.047 C24.847321999999558 FILLET CORNER
G0 X88.979 Y111.701
G1 F2700 E3179.87689
G0 F9000 X88.983 Y111.6
;TIME_ELAPSED:10074.212803
;LAYER:34
;TYPE:WALL-INNER
;MESH:D638-22 Type I Tensile Specimen.STL
G1 F1500 X146.015 Y111.6 E3181.77378
G1 X153.343 Y111.411 E3182.01759
G1 X160.654 Y110.844 E3182.26149
G1 X167.894 Y109.906 E3182.5043
G1 X175.055 Y108.6 E3182.74641
G1 X199.4 Y108.6 E3183.55612 ;T16.345 R8.000 A1.571 C216.67050000000012 FILLET CORNER
G1 X199.4 Y117.5 E3183.85214
G1 X199.4 Y126.4 E3184.14815 ;T0.900 R8.000 A1.571 C216.6527000000003 FILLET CORNER
G1 X175.057 Y126.4 E3184.95781
G1 X167.896 Y125.094 E3185.19991
G1 X160.654 Y124.156 E3185.44279
G1 X153.345 Y123.589 E3185.68662
G1 X146.017 Y123.4 E3185.93043
G1 X88.985 Y123.4 E3187.82732
G1 X81.657 Y123.589 E3188.07114
G1 X74.346 Y124.156 E3188.31503
G1 X67.106 Y125.094 E3188.55785
G1 X59.945 Y126.4 E3188.79995
G1 X35.6 Y126.4 E3189.60967 ;T16.345 R8.000 A1.571 C433.34100000000024 FILLET CORNER
G1 X35.6 Y108.6 E3190.2017 ;T9.800 R8.000 A1.571 C433.3054000000002 FILLET CORNER
G1 X59.943 Y108.6 E3191.01135
G1 X67.104 Y109.906 E3191.25346
G1 X74.346 Y110.844 E3191.49634
G1 X81.655 Y111.411 E3191.74017
G1 X88.983 Y111.6 E3191.98398
G1 F2700 E3186.98398
G0 F9000 X88.979 Y111.701
G0 X74.325 Y111.003 ;T-134.873 R8.000 A0.107 C22.805162000000145 FILLET CORNER
G0 X59.928 Y108.761 ;T-88.488 R8.000 A0.155 C-54.31611900000024 FILLET CORNER
G0 X35.772 Y108.772 ;T16.152 R8.000 A1.570 C-421.6671359999997 FILLET CORNER
G0 X35.772 Y126.228 ;T9.452 R8.000 A1.570 C-421.70204799999976 FILLET CORNER
G0 X59.93 Y126.239 ;T-78.973 R8.000 A0.155 C-54.41763100000037 FILLET CORNER
G0 X74.363 Y123.993 ;T-117.723 R8.000 A0.121 C25.76019000000028 FILLET CORNER
G0 X88.994 Y123.501
G1 F2700 E3191.98398
G0 F9000 X88.995 Y123.8
;TYPE:WALL-OUTER
G1 F1500 X146.007 Y123.8 E3193.8802
G1 X153.314 Y123.988 E3194.12332
G1 X160.602 Y124.553 E3194.36644
G1 X167.854 Y125.493 E3194.60966
G1 X175.021 Y126.8 E3194.85197
G1 X199.8 Y126.8 E3195.67612 ;T16.779 R8.000 A1.571 C-230.44470000000015 FILLET CORNER
G1 X199.8 Y117.5 E3195.98544
G1 X199.8 Y108.2 E3196.29476 ;T1.300 R8.000 A1.571 C-230.46329999999998 FILLET CORNER
G1 X175.019 Y108.2 E3197.11898
G1 X167.842 Y109.509 E3197.36163
G1 X160.592 Y110.448 E3197.60478
G1 X153.302 Y111.012 E3197.84797
G1 X146.005 Y111.2 E3198.09075
G1 X88.993 Y111.2 E3199.98697
G1 X81.686 Y111.012 E3200.23009
G1 X74.398 Y110.447 E3200.47321
G1 X67.146 Y109.507 E3200.71643
G1 X59.979 Y108.2 E3200.95874
G1 X35.2 Y108.2 E3201.78289 ;T16.779 R8.000 A1.571 C-460.8893999999998 FILLET CORNER
G1 X35.2 Y126.8 E3202.40153 ;T10.600 R8.000 A1.571 C-460.92659999999984 FILLET CORNER
G1 X59.981 Y126.8 E3203.22575
G1 X67.158 Y125.491 E3203.4684
G1 X74.408 Y124.552 E3203.71155
G1 X81.698 Y123.988 E3203.95474
G1 X88.995 Y123.8 E3204.19752
G0 F9000 X88.977 Y123.04
;TYPE:SKIN
G1 F1500 X146.027 Y123.04 E3206.09501
G1 X153.372 Y123.23 E3206.33939
G1 X160.7 Y123.799 E3206.58385
G1 X167.99 Y124.744 E3206.82835
G1 X175.092 Y126.04 E3207.06846
G1 X199.04 Y126.04 E3207.86497 ;T15.948 R8.000 A1.571 C-204.51591999999997 FILLET CORNER
G1 X199.04 Y117.5 E3208.14902
G1 X199.04 Y108.96 E3208.43306 ;T0.540 R8.000 A1.571 C-204.54154000000008 FILLET CORNER
G1 X175.089 Y108.96 E3209.22967
G1 X167.981 Y110.257 E3209.46999
G1 X160.651 Y111.206 E3209.71582
G1 X153.321 Y111.772 E3209.96034
G1 X146.024 Y111.96 E3210.20312
G1 X88.975 Y111.96 E3212.10058
G1 X81.629 Y111.77 E3212.34499
G1 X74.335 Y111.205 E3212.58831
G1 X67.01 Y110.256 E3212.83398
G1 X59.908 Y108.96 E3213.0741
G1 X35.96 Y108.96 E3213.87061 ;T15.948 R8.000 A1.571 C-409.03184000000033 FILLET CORNER
G1 X35.96 Y126.04 E3214.43869 ;T9.080 R8.000 A1.571 C-409.08308000000034 FILLET CORNER
G1 X59.911 Y126.04 E3215.23531
G1 X67.023 Y124.742 E3215.47576
G1 X74.347 Y123.794 E3215.72139
G1 X81.64 Y123.23 E3215.96468
G1 X88.977 Y123.04 E3216.20879
G1 F2700 E3211.20879
G0 F9000 X88.98 Y123.3
G0 X69.807 Y124.562 ;T-136.811 R8.000 A0.102 C-19.688347000000128 FILLET CORNER
G0 X59.93 Y126.239 ;T-86.388 R8.000 A0.166 C38.75501600000023 FILLET CORNER
G0 X36.461 Y126.3
G1 F2700 E3216.20879
G0 F9000 X36.461 Y125.839
G1 F1500 X36.16 Y125.538 E3216.22295
G0 F9000 X36.16 Y124.972
G1 F1500 X37.026 Y125.839 E3216.26371
G0 F9000 X37.592 Y125.839
G1 F1500 X36.16 Y124.406 E3216.33109
G0 F9000 X36.16 Y123.841
G1 F1500 X38.158 Y125.839 E3216.42507
G0 F9000 X38.723 Y125.839
G1 F1500 X36.16 Y123.275 E3216.54565
G0 F9000 X36.16 Y122.709
G1 F1500 X39.289 Y125.839 E3216.69285
G0 F9000 X39.855 Y125.839
G1 F1500 X36.16 Y122.144 E3216.86665
G0 F9000 X36.16 Y121.578
G1 F1500 X40.421 Y125.839 E3217.06707
G0 F9000 X40.986 Y125.839
G1 F1500 X36.16 Y121.012 E3217.2941
G0 F9000 X36.16 Y120.447
G1 F1500 X41.552 Y125.839 E3217.54772
G0 F9000 X42.118 Y125.839
G1 F1500 X36.16 Y119.881 E3217.82797
G0 F9000 X36.16 Y119.315
G1 F1500 X42.683 Y125.839 E3218.13481
G0 F9000 X43.249 Y125.839
G1 F1500 X36.16 Y118.75 E3218.46826
G0 F9000 X36.16 Y118.184
G1 F1500 X43.815 Y125.839 E3218.82832
G0 F9000 X44.38 Y125.839
G1 F1500 X36.16 Y117.618 E3219.21499
G0 F9000 X36.16 Y117.053
G1 F1500 X44.946 Y125.839 E3219.62826
G0 F9000 X45.512 Y125.839
G1 F1500 X36.16 Y116.487 E3220.06815
G0 F9000 X36.16 Y115.921
G1 F1500 X46.077 Y125.839 E3220.53464
G0 F9000 X46.643 Y125.839
G1 F1500 X36.16 Y115.355 E3221.02775
G0 F9000 X36.16 Y114.79
G1 F1500 X47.209 Y125.839 E3221.54746
G0 F9000 X47.774 Y125.839
G1 F1500 X36.16 Y114.224 E3222.09377
G0 F9000 X36.16 Y113.658
G1 F1500 X48.34 Y125.839 E3222.6667
G0 F9000 X48.906 Y125.839
G1 F1500 X36.16 Y113.093 E3223.26624
G0 F9000 X36.16 Y112.527
G1 F1500 X49.472 Y125.839 E3223.89239
G0 F9000 X50.037 Y125.839
G1 F1500 X36.16 Y111.961 E3224.54515
G0 F9000 X36.16 Y111.396
G1 F1500 X50.603 Y125.839 E3225.2245
G0 F9000 X51.169 Y125.839
G1 F1500 X36.16 Y110.83 E3225.93048
G0 F9000 X36.16 Y110.264
G1 F1500 X51.734 Y125.839 E3226.66306
G0 F9000 X52.3 Y125.839
G1 F1500 X36.16 Y109.699 E3227.42223
G0 F9000 X36.186 Y109.159
G1 F1500 X52.866 Y125.839 E3228.20681
G0 F9000 X53.431 Y125.839
G1 F1500 X36.751 Y109.159 E3228.99138
G0 F9000 X37.317 Y109.159
G1 F1500 X53.997 Y125.839 E3229.77596
G0 F9000 X54.563 Y125.839
G1 F1500 X37.883 Y109.159 E3230.56054
G0 F9000 X38.448 Y109.159
G1 F1500 X55.128 Y125.839 E3231.34511
G0 F9000 X55.694 Y125.839
G1 F1500 X39.014 Y109.159 E3232.12969
G0 F9000 X39.58 Y109.159
G1 F1500 X56.26 Y125.839 E3232.91426
G0 F9000 X56.825 Y125.839
G1 F1500 X40.145 Y109.159 E3233.69884
G0 F9000 X40.711 Y109.159
G1 F1500 X57.391 Y125.839 E3234.48342
G0 F9000 X57.957 Y125.839
G1 F1500 X41.277 Y109.159 E3235.26799
G0 F9000 X41.843 Y109.159
G1 F1500 X58.522 Y125.839 E3236.05254
G0 F9000 X59.088 Y125.839
G1 F1500 X42.408 Y109.159 E3236.83712
G0 F9000 X42.974 Y109.159
G1 F1500 X59.654 Y125.839 E3237.6217
G0 F9000 X60.169 Y125.788
G1 F1500 X43.54 Y109.159 E3238.40387
G0 F9000 X44.105 Y109.159
G1 F1500 X60.647 Y125.701 E3239.18196
G0 F9000 X61.125 Y125.613
G1 F1500 X44.671 Y109.159 E3239.9559
G0 F9000 X45.237 Y109.159
G1 F1500 X61.604 Y125.527 E3240.72578
G0 F9000 X62.082 Y125.439
G1 F1500 X45.802 Y109.159 E3241.49154
G0 F9000 X46.368 Y109.159
G1 F1500 X62.561 Y125.352 E3242.25321
G0 F9000 X63.039 Y125.264
G1 F1500 X46.934 Y109.159 E3243.01074
G0 F9000 X47.499 Y109.159
G1 F1500 X63.517 Y125.177 E3243.76418
G0 F9000 X63.995 Y125.09
G1 F1500 X48.065 Y109.159 E3244.5135
G0 F9000 X48.631 Y109.159
G1 F1500 X64.474 Y125.003 E3245.25873
G0 F9000 X64.952 Y124.915
G1 F1500 X49.196 Y109.159 E3245.99984
G0 F9000 X49.762 Y109.159
G1 F1500 X65.43 Y124.827 E3246.73682
G0 F9000 X65.909 Y124.74
G1 F1500 X50.328 Y109.159 E3247.4697
G0 F9000 X50.894 Y109.159
G1 F1500 X66.387 Y124.653 E3248.19847
G0 F9000 X66.866 Y124.566
G1 F1500 X51.459 Y109.159 E3248.92317
G0 F9000 X52.025 Y109.159
G1 F1500 X67.361 Y124.496 E3249.64455
G0 F9000 X67.862 Y124.43
G1 F1500 X52.591 Y109.159 E3250.36285
G0 F9000 X53.156 Y109.159
G1 F1500 X68.363 Y124.365 E3251.07812
G0 F9000 X68.863 Y124.3
G1 F1500 X53.722 Y109.159 E3251.7903
G0 F9000 X54.288 Y109.159
G1 F1500 X69.365 Y124.236 E3252.49948
G0 F9000 X69.865 Y124.171
G1 F1500 X54.853 Y109.159 E3253.2056
G0 F9000 X55.419 Y109.159
G1 F1500 X70.366 Y124.106 E3253.90866
G0 F9000 X70.866 Y124.041
G1 F1500 X55.985 Y109.159 E3254.60864
G0 F9000 X56.55 Y109.159
G1 F1500 X71.367 Y123.976 E3255.30558
G0 F9000 X71.868 Y123.911
G1 F1500 X57.116 Y109.159 E3255.99947
G0 F9000 X57.682 Y109.159
G1 F1500 X72.369 Y123.846 E3256.6903
G0 F9000 X72.87 Y123.781
G1 F1500 X58.247 Y109.159 E3257.3781
G0 F9000 X58.813 Y109.159
G1 F1500 X73.37 Y123.716 E3258.06282
G0 F9000 X73.871 Y123.651
G1 F1500 X59.379 Y109.159 E3258.74448
G0 F9000 X59.957 Y109.172
G1 F1500 X74.375 Y123.59 E3259.42266
G0 F9000 X74.9 Y123.549
G1 F1500 X60.649 Y109.298 E3260.09298
G0 F9000 X61.341 Y109.424
G1 F1500 X75.425 Y123.508 E3260.75545
G0 F9000 X75.951 Y123.468
G1 F1500 X62.033 Y109.55 E3261.41011
G0 F9000 X62.725 Y109.677
G1 F1500 X76.475 Y123.427 E3262.05687
G0 F9000 X77.001 Y123.387
G1 F1500 X63.417 Y109.803 E3262.69582
G0 F9000 X64.109 Y109.929
G1 F1500 X77.525 Y123.346 E3263.32689
G0 F9000 X78.051 Y123.305
G1 F1500 X64.801 Y110.056 E3263.9501
G0 F9000 X65.492 Y110.182
G1 F1500 X78.575 Y123.264 E3264.56546
G0 F9000 X79.101 Y123.224
G1 F1500 X66.185 Y110.308 E3265.17299
G0 F9000 X66.876 Y110.434
G1 F1500 X79.625 Y123.183 E3265.77267
G0 F9000 X80.151 Y123.143
G1 F1500 X67.533 Y110.525 E3266.36618
G0 F9000 X68.183 Y110.609
G1 F1500 X80.675 Y123.102 E3266.95379
G0 F9000 X81.201 Y123.062
G1 F1500 X68.833 Y110.694 E3267.53554
G0 F9000 X69.482 Y110.777
G1 F1500 X81.731 Y123.026 E3268.1117
G0 F9000 X82.283 Y123.012
G1 F1500 X70.132 Y110.861 E3268.68324
G0 F9000 X70.782 Y110.945
G1 F1500 X82.834 Y122.998 E3269.25015
G0 F9000 X83.385 Y122.983
G1 F1500 X71.431 Y111.029 E3269.81243
G0 F9000 X72.081 Y111.114
G1 F1500 X83.937 Y122.969 E3270.37008
G0 F9000 X84.488 Y122.955
G1 F1500 X72.73 Y111.197 E3270.92314
G0 F9000 X73.38 Y111.281
G1 F1500 X85.04 Y122.941 E3271.47159
G0 F9000 X85.591 Y122.926
G1 F1500 X74.03 Y111.365 E3272.01538
G0 F9000 X74.66 Y111.43
G1 F1500 X86.142 Y122.912 E3272.55546
G0 F9000 X86.694 Y122.897
G1 F1500 X75.273 Y111.477 E3273.09265
G0 F9000 X75.886 Y111.524
G1 F1500 X87.245 Y122.883 E3273.62694
G0 F9000 X87.797 Y122.869
G1 F1500 X76.499 Y111.572 E3274.15834
G0 F9000 X77.112 Y111.619
G1 F1500 X88.348 Y122.854 E3274.68682
G0 F9000 X88.899 Y122.84
G1 F1500 X77.725 Y111.667 E3275.21239
G0 F9000 X78.338 Y111.714
G1 F1500 X89.463 Y122.839 E3275.73568
G0 F9000 X90.029 Y122.839
G1 F1500 X78.952 Y111.761 E3276.25673
G0 F9000 X79.565 Y111.809
G1 F1500 X90.595 Y122.839 E3276.77555
G0 F9000 X91.16 Y122.839
G1 F1500 X80.178 Y111.856 E3277.29213
G0 F9000 X80.791 Y111.903
G1 F1500 X91.726 Y122.839 E3277.8065
G0 F9000 X92.292 Y122.839
G1 F1500 X81.404 Y111.951 E3278.31864
G0 F9000 X81.997 Y111.978
G1 F1500 X92.857 Y122.839 E3278.82948
G0 F9000 X93.423 Y122.839
G1 F1500 X82.578 Y111.993 E3279.33962
G0 F9000 X83.158 Y112.008
G1 F1500 X93.989 Y122.839 E3279.84908
G0 F9000 X94.555 Y122.839
G1 F1500 X83.739 Y112.024 E3280.35781
G0 F9000 X84.32 Y112.038
G1 F1500 X95.12 Y122.839 E3280.86583
G0 F9000 X95.686 Y122.839
G1 F1500 X84.9 Y112.053 E3281.37317
G0 F9000 X85.482 Y112.069
G1 F1500 X96.252 Y122.839 E3281.87976
G0 F9000 X96.817 Y122.839
G1 F1500 X86.062 Y112.084 E3282.38564
G0 F9000 X86.643 Y112.099
G1 F1500 X97.383 Y122.839 E3282.89082
G0 F9000 X97.949 Y122.839
G1 F1500 X87.223 Y112.113 E3283.39534
G0 F9000 X87.804 Y112.129
G1 F1500 X98.514 Y122.839 E3283.8991
G0 F9000 X99.08 Y122.839
G1 F1500 X88.385 Y112.144 E3284.40216
G0 F9000 X88.966 Y112.159
G1 F1500 X99.646 Y122.839 E3284.90452
G0 F9000 X100.211 Y122.839
G1 F1500 X89.532 Y112.159 E3285.40685
G0 F9000 X90.098 Y112.159
G1 F1500 X100.777 Y122.839 E3285.90918
G0 F9000 X101.343 Y122.839
G1 F1500 X90.663 Y112.159 E3286.41153
G0 F9000 X91.229 Y112.159
G1 F1500 X101.908 Y122.839 E3286.91386
G0 F9000 X102.474 Y122.839
G1 F1500 X91.795 Y112.159 E3287.41619
G0 F9000 X92.36 Y112.159
G1 F1500 X103.04 Y122.839 E3287.91855
G0 F9000 X103.605 Y122.839
G1 F1500 X92.926 Y112.159 E3288.42088
G0 F9000 X93.492 Y112.159
G1 F1500 X104.171 Y122.839 E3288.92321
G0 F9000 X104.737 Y122.839
G1 F1500 X94.057 Y112.159 E3289.42557
G0 F9000 X94.623 Y112.159
G1 F1500 X105.303 Y122.839 E3289.92792
G0 F9000 X105.868 Y122.839
G1 F1500 X95.189 Y112.159 E3290.43025
G0 F9000 X95.754 Y112.159
G1 F1500 X106.434 Y122.839 E3290.9326
G0 F9000 X107 Y122.839
G1 F1500 X96.32 Y112.159 E3291.43496
G0 F9000 X96.886 Y112.159
G1 F1500 X107.565 Y122.839 E3291.93729
G0 F9000 X108.131 Y122.839
G1 F1500 X97.452 Y112.159 E3292.43962
G0 F9000 X98.017 Y112.159
G1 F1500 X108.697 Y122.839 E3292.94198
G0 F9000 X109.262 Y122.839
G1 F1500 X98.583 Y112.159 E3293.44431
G0 F9000 X99.149 Y112.159
G1 F1500 X109.828 Y122.839 E3293.94664
G0 F9000 X110.394 Y122.839
G1 F1500 X99.714 Y112.159 E3294.44899
G0 F9000 X100.28 Y112.159
G1 F1500 X110.959 Y122.839 E3294.95132
G0 F9000 X111.525 Y122.839
G1 F1500 X100.846 Y112.159 E3295.45365
G0 F9000 X101.411 Y112.159
G1 F1500 X112.091 Y122.839 E3295.95601
G0 F9000 X112.656 Y122.839
G1 F1500 X101.977 Y112.159 E3296.45834
G0 F9000 X102.543 Y112.159
G1 F1500 X113.222 Y122.839 E3296.96067
G0 F9000 X113.788 Y122.839
G1 F1500 X103.108 Y112.159 E3297.46302
G0 F9000 X103.674 Y112.159
G1 F1500 X114.354 Y122.839 E3297.96538
G0 F9000 X114.919 Y122.839
G1 F1500 X104.24 Y112.159 E3298.46771
G0 F9000 X104.805 Y112.159
G1 F1500 X115.485 Y122.839 E3298.97006
G0 F9000 X116.051 Y122.839
G1 F1500 X105.371 Y112.159 E3299.47242
G0 F9000 X105.937 Y112.159
G1 F1500 X116.616 Y122.839 E3299.97475
G0 F9000 X117.182 Y122.839
G1 F1500 X106.503 Y112.159 E3300.47708
G0 F9000 X107.068 Y112.159
G1 F1500 X117.748 Y122.839 E3300.97944
G0 F9000 X118.313 Y122.839
G1 F1500 X107.634 Y112.159 E3301.48177
G0 F9000 X108.2 Y112.159
G1 F1500 X118.879 Y122.839 E3301.9841
G0 F9000 X119.445 Y122.839
G1 F1500 X108.765 Y112.159 E3302.48645
G0 F9000 X109.331 Y112.159
G1 F1500 X120.01 Y122.839 E3302.98878
G0 F9000 X120.576 Y122.839
G1 F1500 X109.897 Y112.159 E3303.49111
G0 F9000 X110.462 Y112.159
G1 F1500 X121.142 Y122.839 E3303.99347
G0 F9000 X121.707 Y122.839
G1 F1500 X111.028 Y112.159 E3304.4958
G0 F9000 X111.594 Y112.159
G1 F1500 X122.273 Y122.839 E3304.99813
G0 F9000 X122.839 Y122.839
G1 F1500 X112.159 Y112.159 E3305.50048
G0 F9000 X112.725 Y112.159
G1 F1500 X123.404 Y122.839 E3306.00282
G0 F9000 X123.97 Y122.839
G1 F1500 X113.291 Y112.159 E3306.50515
G0 F9000 X113.856 Y112.159
G1 F1500 X124.536 Y122.839 E3307.0075
G0 F9000 X125.102 Y122.839
G1 F1500 X114.422 Y112.159 E3307.50986
G0 F9000 X114.988 Y112.159
G1 F1500 X125.667 Y122.839 E3308.01219
G0 F9000 X126.233 Y122.839
G1 F1500 X115.553 Y112.159 E3308.51454
G0 F9000 X116.119 Y112.159
G1 F1500 X126.799 Y122.839 E3309.01689
G0 F9000 X127.364 Y122.839
G1 F1500 X116.685 Y112.159 E3309.51923
G0 F9000 X117.251 Y112.159
G1 F1500 X127.93 Y122.839 E3310.02156
G0 F9000 X128.496 Y122.839
G1 F1500 X117.817 Y112.16 E3310.52386
G0 F9000 X118.383 Y112.16
G1 F1500 X129.061 Y122.839 E3311.02615
G0 F9000 X129.627 Y122.839
G1 F1500 X118.948 Y112.16 E3311.52846
G0 F9000 X119.514 Y112.16
G1 F1500 X130.193 Y122.839 E3312.03076
G0 F9000 X130.758 Y122.839
G1 F1500 X120.08 Y112.16 E3312.53305
G0 F9000 X120.645 Y112.16
G1 F1500 X131.324 Y122.839 E3313.03535
G0 F9000 X131.89 Y122.839
G1 F1500 X121.211 Y112.16 E3313.53766
G0 F9000 X121.777 Y112.16
G1 F1500 X132.455 Y122.839 E3314.03995
G0 F9000 X133.021 Y122.839
G1 F1500 X122.342 Y112.16 E3314.54225
G0 F9000 X122.908 Y112.16
G1 F1500 X133.587 Y122.839 E3315.04456
G0 F9000 X134.153 Y122.839
G1 F1500 X123.474 Y112.16 E3315.54687
G0 F9000 X124.039 Y112.16
G1 F1500 X134.718 Y122.839 E3316.04918
G0 F9000 X135.284 Y122.839
G1 F1500 X124.605 Y112.16 E3316.55148
G0 F9000 X125.171 Y112.16
G1 F1500 X135.85 Y122.839 E3317.05379
G0 F9000 X136.415 Y122.839
G1 F1500 X125.737 Y112.16 E3317.55607
G0 F9000 X126.302 Y112.16
G1 F1500 X136.981 Y122.839 E3318.05838
G0 F9000 X137.547 Y122.839
G1 F1500 X126.868 Y112.16 E3318.56069
G0 F9000 X127.434 Y112.16
G1 F1500 X138.112 Y122.839 E3319.06297
G0 F9000 X138.678 Y122.839
G1 F1500 X127.999 Y112.16 E3319.56528
G0 F9000 X128.565 Y112.16
G1 F1500 X139.244 Y122.839 E3320.06759
G0 F9000 X139.809 Y122.839
G1 F1500 X129.131 Y112.16 E3320.56987
G0 F9000 X129.696 Y112.16
G1 F1500 X140.375 Y122.839 E3321.07218
G0 F9000 X140.941 Y122.839
G1 F1500 X130.262 Y112.16 E3321.57449
G0 F9000 X130.828 Y112.16
G1 F1500 X141.506 Y122.839 E3322.07677
G0 F9000 X142.072 Y122.839
G1 F1500 X131.393 Y112.16 E3322.57908
G0 F9000 X131.959 Y112.16
G1 F1500 X142.638 Y122.839 E3323.08139
G0 F9000 X143.203 Y122.839
G1 F1500 X132.525 Y112.16 E3323.58367
G0 F9000 X133.09 Y112.16
G1 F1500 X143.769 Y122.839 E3324.08598
G0 F9000 X144.335 Y122.839
G1 F1500 X133.656 Y112.16 E3324.58828
G0 F9000 X134.222 Y112.16
G1 F1500 X144.901 Y122.839 E3325.09059
G0 F9000 X145.466 Y122.839
G1 F1500 X134.787 Y112.16 E3325.5929
G0 F9000 X135.353 Y112.16
G1 F1500 X146.033 Y122.84 E3326.09525
G0 F9000 X146.613 Y122.854
G1 F1500 X135.919 Y112.16 E3326.59827
G0 F9000 X136.485 Y112.16
G1 F1500 X147.194 Y122.869 E3327.10198
G0 F9000 X147.774 Y122.884
G1 F1500 X137.05 Y112.16 E3327.60641
G0 F9000 X137.616 Y112.16
G1 F1500 X148.355 Y122.899 E3328.11154
G0 F9000 X148.935 Y122.914
G1 F1500 X138.182 Y112.16 E3328.61735
G0 F9000 X138.747 Y112.16
G1 F1500 X149.517 Y122.929 E3329.12391
G0 F9000 X150.097 Y122.944
G1 F1500 X139.313 Y112.16 E3329.63116
G0 F9000 X139.879 Y112.16
G1 F1500 X150.678 Y122.959 E3330.13911
G0 F9000 X151.258 Y122.974
G1 F1500 X140.444 Y112.16 E3330.64777
G0 F9000 X141.01 Y112.16
G1 F1500 X151.839 Y122.989 E3331.15713
G0 F9000 X152.419 Y123.004
G1 F1500 X141.576 Y112.16 E3331.66718
G0 F9000 X142.141 Y112.16
G1 F1500 X153 Y123.019 E3332.17795
G0 F9000 X153.592 Y123.045
G1 F1500 X142.707 Y112.16 E3332.68995
G0 F9000 X143.273 Y112.16
G1 F1500 X154.205 Y123.093 E3333.20418
G0 F9000 X154.818 Y123.14
G1 F1500 X143.838 Y112.16 E3333.72065
G0 F9000 X144.404 Y112.16
G1 F1500 X155.432 Y123.188 E3334.23937
G0 F9000 X156.045 Y123.235
G1 F1500 X144.97 Y112.16 E3334.7603
G0 F9000 X145.536 Y112.16
G1 F1500 X156.659 Y123.284 E3335.28352
G0 F9000 X157.272 Y123.331
G1 F1500 X146.1 Y112.159 E3335.80902
G0 F9000 X146.651 Y112.145
G1 F1500 X157.886 Y123.379 E3336.33745
G0 F9000 X158.499 Y123.426
G1 F1500 X147.202 Y112.13 E3336.8688
G0 F9000 X147.754 Y112.116
G1 F1500 X159.113 Y123.474 E3337.40307
G0 F9000 X159.726 Y123.522
G1 F1500 X148.305 Y112.101 E3337.94028
G0 F9000 X148.857 Y112.087
G1 F1500 X160.339 Y123.57 E3338.48038
G0 F9000 X160.966 Y123.631
G1 F1500 X149.408 Y112.073 E3339.02404
G0 F9000 X149.96 Y112.059
G1 F1500 X161.617 Y123.716 E3339.57235
G0 F9000 X162.266 Y123.8
G1 F1500 X150.511 Y112.044 E3340.12529
G0 F9000 X151.062 Y112.03
G1 F1500 X162.916 Y123.884 E3340.68286
G0 F9000 X163.566 Y123.968
G1 F1500 X151.614 Y112.016 E3341.24505
G0 F9000 X152.165 Y112.002
G1 F1500 X164.216 Y124.052 E3341.81187
G0 F9000 X164.866 Y124.136
G1 F1500 X152.717 Y111.988 E3342.3833
G0 F9000 X153.268 Y111.973
G1 F1500 X165.516 Y124.22 E3342.95938
G0 F9000 X166.165 Y124.305
G1 F1500 X153.797 Y111.936 E3343.54116
G0 F9000 X154.322 Y111.896
G1 F1500 X166.816 Y124.389 E3344.12881
G0 F9000 X167.466 Y124.474
G1 F1500 X154.847 Y111.855 E3344.72237
G0 F9000 X155.372 Y111.814
G1 F1500 X168.123 Y124.565 E3345.32214
G0 F9000 X168.814 Y124.691
G1 F1500 X155.897 Y111.773 E3345.92974
G0 F9000 X156.422 Y111.733
G1 F1500 X169.506 Y124.817 E3346.54517
G0 F9000 X170.198 Y124.943
G1 F1500 X156.947 Y111.692 E3347.16846
G0 F9000 X157.472 Y111.652
G1 F1500 X170.89 Y125.07 E3347.7996
G0 F9000 X171.582 Y125.196
G1 F1500 X157.997 Y111.611 E3348.4386
G0 F9000 X158.522 Y111.57
G1 F1500 X172.273 Y125.321 E3349.0854
G0 F9000 X172.966 Y125.448
G1 F1500 X159.047 Y111.529 E3349.74011
G0 F9000 X159.572 Y111.489
G1 F1500 X173.657 Y125.574 E3350.40262
G0 F9000 X174.349 Y125.7
G1 F1500 X160.097 Y111.448 E3351.07299
G0 F9000 X160.622 Y111.408
G1 F1500 X175.041 Y125.826 E3351.7512
G0 F9000 X175.619 Y125.839
G1 F1500 X161.126 Y111.345 E3352.43293
G0 F9000 X161.626 Y111.28
G1 F1500 X176.185 Y125.839 E3353.11774
G0 F9000 X176.751 Y125.839
G1 F1500 X162.128 Y111.216 E3353.80556
G0 F9000 X162.628 Y111.151
G1 F1500 X177.316 Y125.839 E3354.49644
G0 F9000 X177.882 Y125.839
G1 F1500 X163.129 Y111.086 E3355.19037
G0 F9000 X163.63 Y111.021
G1 F1500 X178.448 Y125.839 E3355.88737
G0 F9000 X179.013 Y125.839
G1 F1500 X164.131 Y110.957 E3356.58737
G0 F9000 X164.632 Y110.892
G1 F1500 X179.579 Y125.839 E3357.29043
G0 F9000 X180.145 Y125.839
G1 F1500 X165.132 Y110.826 E3357.9966
G0 F9000 X165.634 Y110.762
G1 F1500 X180.711 Y125.839 E3358.70577
G0 F9000 X181.276 Y125.839
G1 F1500 X166.134 Y110.697 E3359.418
G0 F9000 X166.635 Y110.632
G1 F1500 X181.842 Y125.839 E3360.1333
G0 F9000 X182.408 Y125.839
G1 F1500 X167.136 Y110.568 E3360.85162
G0 F9000 X167.637 Y110.503
G1 F1500 X182.973 Y125.839 E3361.57298
G0 F9000 X183.539 Y125.839
G1 F1500 X168.133 Y110.433 E3362.29763
G0 F9000 X168.611 Y110.346
G1 F1500 X184.105 Y125.839 E3363.0264
G0 F9000 X184.67 Y125.839
G1 F1500 X169.089 Y110.258 E3363.75928
G0 F9000 X169.568 Y110.171
G1 F1500 X185.236 Y125.839 E3364.49625
G0 F9000 X185.802 Y125.839
G1 F1500 X170.046 Y110.083 E3365.23737
G0 F9000 X170.525 Y109.996
G1 F1500 X186.367 Y125.839 E3365.98255
G0 F9000 X186.933 Y125.839
G1 F1500 X171.003 Y109.909 E3366.73185
G0 F9000 X171.481 Y109.822
G1 F1500 X187.499 Y125.839 E3367.48526
G0 F9000 X188.064 Y125.839
G1 F1500 X171.959 Y109.734 E3368.24279
G0 F9000 X172.438 Y109.647
G1 F1500 X188.63 Y125.839 E3369.00441
G0 F9000 X189.196 Y125.839
G1 F1500 X172.917 Y109.56 E3369.77013
G0 F9000 X173.395 Y109.472
G1 F1500 X189.762 Y125.839 E3370.53998
G0 F9000 X190.327 Y125.839
G1 F1500 X173.874 Y109.385 E3371.3139
G0 F9000 X174.352 Y109.298
G1 F1500 X190.893 Y125.839 E3372.09194
G0 F9000 X191.459 Y125.839
G1 F1500 X174.83 Y109.211 E3372.8741
G0 F9000 X175.345 Y109.16
G1 F1500 X192.024 Y125.839 E3373.65862
G0 F9000 X192.59 Y125.839
G1 F1500 X175.911 Y109.16 E3374.44315
G0 F9000 X176.476 Y109.16
G1 F1500 X193.156 Y125.839 E3375.22771
G0 F9000 X193.721 Y125.839
G1 F1500 X177.042 Y109.16 E3376.01224
G0 F9000 X177.608 Y109.16
G1 F1500 X194.287 Y125.839 E3376.79676
G0 F9000 X194.853 Y125.839
G1 F1500 X178.173 Y109.16 E3377.58132
G0 F9000 X178.739 Y109.16
G1 F1500 X195.418 Y125.839 E3378.36585
G0 F9000 X195.984 Y125.839
G1 F1500 X179.305 Y109.16 E3379.15037
G0 F9000 X179.87 Y109.16
G1 F1500 X196.55 Y125.839 E3379.93493
G0 F9000 X197.115 Y125.839
G1 F1500 X180.436 Y109.16 E3380.71946
G0 F9000 X181.002 Y109.16
G1 F1500 X197.681 Y125.839 E3381.50399
G0 F9000 X198.247 Y125.839
G1 F1500 X181.568 Y109.16 E3382.28851
G0 F9000 X182.133 Y109.16
G1 F1500 X198.812 Y125.839 E3383.07304
G0 F9000 X198.839 Y125.3
G1 F1500 X182.699 Y109.16 E3383.83222
G0 F9000 X183.265 Y109.16
G1 F1500 X198.839 Y124.734 E3384.56477
G0 F9000 X198.839 Y124.168
G1 F1500 X183.83 Y109.16 E3385.27073
G0 F9000 X184.396 Y109.16
G1 F1500 X198.839 Y123.602 E3385.95006
G0 F9000 X198.839 Y123.037
G1 F1500 X184.962 Y109.16 E3386.60279
G0 F9000 X185.527 Y109.16
G1 F1500 X198.839 Y122.471 E3387.22892
G0 F9000 X198.839 Y121.905
G1 F1500 X186.093 Y109.16 E3387.82843
G0 F9000 X186.659 Y109.16
G1 F1500 X198.839 Y121.34 E3388.40134
G0 F9000 X198.839 Y120.774
G1 F1500 X187.224 Y109.16 E3388.94765
G0 F9000 X187.79 Y109.16
G1 F1500 X198.839 Y120.208 E3389.46734
G0 F9000 X198.839 Y119.643
G1 F1500 X188.356 Y109.16 E3389.96043
G0 F9000 X188.921 Y109.16
G1 F1500 X198.839 Y119.077 E3390.42692
G0 F9000 X198.839 Y118.511
G1 F1500 X189.487 Y109.16 E3390.86678
G0 F9000 X190.053 Y109.16
G1 F1500 X198.839 Y117.946 E3391.28005
G0 F9000 X198.839 Y117.38
G1 F1500 X190.619 Y109.16 E3391.66669
G0 F9000 X191.184 Y109.16
G1 F1500 X198.839 Y116.814 E3392.02674
G0 F9000 X198.839 Y116.249
G1 F1500 X191.75 Y109.16 E3392.36018
G0 F9000 X192.316 Y109.16
G1 F1500 X198.839 Y115.683 E3392.667
G0 F9000 X198.839 Y115.117
G1 F1500 X192.881 Y109.16 E3392.94722
G0 F9000 X193.447 Y109.16
G1 F1500 X198.839 Y114.552 E3393.20085
G0 F9000 X198.839 Y113.986
G1 F1500 X194.013 Y109.16 E3393.42785
G0 F9000 X194.578 Y109.16
G1 F1500 X198.839 Y113.42 E3393.62825
G0 F9000 X198.839 Y112.854
G1 F1500 X195.144 Y109.16 E3393.80203
G0 F9000 X195.71 Y109.16
G1 F1500 X198.839 Y112.289 E3393.94921
G0 F9000 X198.839 Y111.723
G1 F1500 X196.275 Y109.16 E3394.06978
G0 F9000 X196.841 Y109.16
G1 F1500 X198.839 Y111.157 E3394.16374
G0 F9000 X198.839 Y110.592
G1 F1500 X197.407 Y109.16 E3394.2311
G0 F9000 X197.972 Y109.16
G1 F1500 X198.839 Y110.026 E3394.27186
G0 F9000 X198.839 Y109.46
G1 F1500 X198.538 Y109.16 E3394.28599
;TIME_ELAPSED:10361.358746
G1 F2700 E3389.28599
M140 S0
M107
G91 ;Relative positioning
G1 E-2 F2700 ;Retract a bit
G1 E-2 Z0.2 F2400 ;Retract and raise Z
G1 X5 Y5 F3000 ;Wipe out
G1 Z10 ;Raise Z more
G90 ;Absolute positioning

G1 X0 Y235 ;Present print
M106 S0 ;Turn-off fan
M104 S0 ;Turn-off hotend
M140 S0 ;Turn-off bed

M84 X Y E ;Disable all steppers but Z

M82 ;absolute extrusion mode
M104 S0
;End of Gcode
;SETTING_3 {"global_quality": "[general]\\nversion = 4\\nname = Standard Quality
;SETTING_3  #2\\ndefinition = creality_base\\n\\n[metadata]\\ntype = quality_cha
;SETTING_3 nges\\nquality_type = standard\\nsetting_version = 20\\n\\n[values]\\
;SETTING_3 n\\n", "extruder_quality": ["[general]\\nversion = 4\\nname = Standar
;SETTING_3 d Quality #2\\ndefinition = creality_ender3\\n\\n[metadata]\\ntype = 
;SETTING_3 quality_changes\\nquality_type = standard\\nsetting_version = 20\\npo
;SETTING_3 sition = 0\\n\\n[values]\\ninfill_sparse_density = 100\\nmaterial_alt
;SETTING_3 ernate_walls = True\\n\\n"]}
