;FLAVOR:Marlin
;TIME:7388
;Filament used: 7.50388m
;Layer height: 0.28
;MINX:108.2
;MINY:35.2
;MINZ:0.28
;MAXX:126.8
;MAXY:199.8
;MAXZ:7
;Generated with Cura_SteamEngine 5.2.1
M140 S60
M105
M190 S60
M104 S215
M105
M109 S215
M82 ;absolute extrusion mode
; Ender 3 Custom Start G-code
G92 E0 ; Reset Extruder
G28 ; Home all axes
G1 Z2.0 F3000 ; Move Z Axis up little to prevent scratching of Heat Bed
G1 X0.1 Y20 Z0.3 F5000.0 ; Move to start position
;;; G1 X0.1 Y200.0 Z0.3 F1500.0 E15 ; Draw the first line
;;; G1 X0.4 Y200.0 Z0.3 F5000.0 ; Move to side a little
;;; G1 X0.4 Y20 Z0.3 F1500.0 E30 ; Draw the second line
G92 E0 ; Reset Extruder
G1 Z2.0 F3000 ; Move Z Axis up little to prevent scratching of Heat Bed
;;; G1 X5 Y20 Z0.3 F5000.0 ; Move over to prevent blob squish
G92 E0
G92 E0
G1 F2700 E-5
;LAYER_COUNT:25
;LAYER:0
M107
;MESH:D638-22 Tensile.STL
G0 F6000 X109 Y199 Z0.28
;TYPE:WALL-INNER
G1 F2700 E0
G1 F1200 X126 Y199 E0.79159
G1 X126 Y175.858 E1.86918
G1 X126 Y175.089 E1.90499
G1 X124.701 Y167.971 E2.24191
G1 X123.754 Y160.654 E2.58546
G1 X123.188 Y153.323 E2.92784
G1 X123 Y146.027 E3.26768
G1 X123 Y88.973 E5.92435
G1 X123.19 Y81.624 E6.26667
G1 X123.754 Y74.346 E6.60658
G1 X124.701 Y67.027 E6.95022
G1 X125.999 Y59.907 E7.28722
G1 X126 Y36 E8.40043
G1 X109 Y36 E9.19203
G1 X109.001 Y59.911 E10.30542
G1 X110.299 Y67.028 E10.64229
G1 X111.246 Y74.345 E10.98584
G1 X111.81 Y81.625 E11.32584
G1 X112 Y88.973 E11.66811
G1 X112 Y146.027 E14.32478
G1 X111.812 Y153.324 E14.66467
G1 X111.245 Y160.664 E15.00747
G1 X110.299 Y167.972 E15.3506
G1 X109 Y175.093 E15.68766
G1 X109 Y199 E16.80087
G1 F2700 E11.80087
G0 F6000 X125.828 Y198.828
G0 X125.839 Y175.105
G0 X124.797 Y167.931
G1 F2700 E16.80087
G0 F6000 X125.094 Y167.894
G1 F1200 X126.4 Y175.053 E17.13972
G1 X126.4 Y175.858 E17.17721
G1 X126.4 Y199.4 E18.27342
G1 X108.6 Y199.4 E19.10226
G1 X108.6 Y175.057 E20.23578
G1 X109.906 Y167.896 E20.57472
G1 X110.844 Y160.654 E20.91476
G1 X111.411 Y153.345 E21.25612
G1 X111.6 Y146.017 E21.59745
G1 X111.6 Y88.983 E24.25319
G1 X111.411 Y81.656 E24.59448
G1 X110.847 Y74.376 E24.93449
G1 X109.906 Y67.105 E25.27588
G1 X108.601 Y59.947 E25.61468
G1 X108.6 Y35.6 E26.74838
G1 X126.4 Y35.6 E27.57722
G1 X126.399 Y59.943 E28.71073
G1 X125.094 Y67.104 E29.04967
G1 X124.156 Y74.346 E29.3897
G1 X123.589 Y81.655 E29.73107
G1 X123.4 Y88.983 E30.0724
G1 X123.4 Y146.017 E32.72814
G1 X123.589 Y153.343 E33.06939
G1 X124.156 Y160.654 E33.41084
G1 X125.094 Y167.894 E33.75078
G1 F2700 E28.75078
G0 F6000 X124.797 Y167.931
G0 X126.198 Y175.072
G0 X126.082 Y199.082
G0 X108.47 Y199.53
G1 F2700 E33.75078
G0 F6000 X108.2 Y199.8
;TYPE:WALL-OUTER
G1 F1200 X126.8 Y199.8 E34.61687
G1 X126.8 Y175.858 E35.73171
G1 X126.8 Y175.017 E35.77088
G1 X125.491 Y167.842 E36.11049
G1 X124.552 Y160.592 E36.4509
G1 X123.988 Y153.302 E36.79137
G1 X123.8 Y146.007 E37.13116
G1 X123.8 Y88.993 E39.78597
G1 X123.988 Y81.686 E40.12633
G1 X124.553 Y74.398 E40.46671
G1 X125.493 Y67.146 E40.80722
G1 X126.799 Y59.979 E41.14644
G1 X126.8 Y35.2 E42.30025
G1 X108.2 Y35.2 E43.16635
G1 X108.201 Y59.983 E44.32035
G1 X109.509 Y67.157 E44.65991
G1 X110.448 Y74.407 E45.00032
G1 X111.012 Y81.697 E45.34078
G1 X111.2 Y88.993 E45.68063
G1 X111.2 Y146.007 E48.33544
G1 X111.012 Y153.314 E48.6758
G1 X110.447 Y160.602 E49.01617
G1 X109.507 Y167.854 E49.35668
G1 X108.2 Y175.021 E49.69591
G1 X108.2 Y199.8 E50.84973
G0 F6000 X108.47 Y199.53
G0 X109.1 Y198.64
G0 X109.36 Y198.64
;TYPE:SKIN
G1 F1200 X125.64 Y198.64 E51.60779
G1 X125.64 Y175.858 E52.66862
G1 X125.64 Y175.122 E52.70289
G1 X124.341 Y168.004 E53.03981
G1 X123.401 Y160.741 E53.38082
G1 X122.831 Y153.391 E53.7241
G1 X122.64 Y146.04 E54.06651
G1 X122.64 Y88.961 E56.72434
G1 X122.828 Y81.657 E57.06456
G1 X123.402 Y74.247 E57.41063
G1 X124.343 Y66.983 E57.7517
G1 X125.639 Y59.872 E58.08828
G1 X125.639 Y36.361 E59.18305
G1 X109.361 Y36.361 E59.94102
G1 X109.361 Y59.879 E61.03611
G1 X110.659 Y66.995 E61.37293
G1 X111.599 Y74.258 E61.71395
G1 X112.169 Y81.606 E62.05713
G1 X112.36 Y88.961 E62.39973
G1 X112.36 Y146.04 E65.05756
G1 X112.172 Y153.343 E65.39773
G1 X111.598 Y160.752 E65.74376
G1 X110.657 Y168.017 E66.08488
G1 X109.36 Y175.128 E66.42146
G1 X109.36 Y198.64 E67.51627
G0 F6000 X109.559 Y198.372
G1 F1200 X109.626 Y198.438 E67.52065
G0 F6000 X110.191 Y198.438
G1 F1200 X109.559 Y197.806 E67.56227
G0 F6000 X109.559 Y197.241
G1 F1200 X110.757 Y198.438 E67.64113
G0 F6000 X111.323 Y198.438
G1 F1200 X109.559 Y196.675 E67.75726
G0 F6000 X109.559 Y196.109
G1 F1200 X111.889 Y198.438 E67.91066
G0 F6000 X112.454 Y198.438
G1 F1200 X109.559 Y195.544 E68.10127
G0 F6000 X109.559 Y194.978
G1 F1200 X113.02 Y198.438 E68.32915
G0 F6000 X113.586 Y198.438
G1 F1200 X109.559 Y194.412 E68.5943
G0 F6000 X109.559 Y193.846
G1 F1200 X114.151 Y198.438 E68.89669
G0 F6000 X114.717 Y198.438
G1 F1200 X109.559 Y193.281 E69.23632
G0 F6000 X109.559 Y192.715
G1 F1200 X115.283 Y198.438 E69.61322
G0 F6000 X115.848 Y198.438
G1 F1200 X109.559 Y192.149 E70.02736
G0 F6000 X109.559 Y191.584
G1 F1200 X116.414 Y198.438 E70.47875
G0 F6000 X116.98 Y198.438
G1 F1200 X109.559 Y191.018 E70.9674
G0 F6000 X109.559 Y190.452
G1 F1200 X117.545 Y198.438 E71.49329
G0 F6000 X118.111 Y198.438
G1 F1200 X109.559 Y189.887 E72.05642
G0 F6000 X109.559 Y189.321
G1 F1200 X118.677 Y198.438 E72.65682
G0 F6000 X119.242 Y198.438
G1 F1200 X109.559 Y188.755 E73.29447
G0 F6000 X109.559 Y188.19
G1 F1200 X119.808 Y198.438 E73.96935
G0 F6000 X120.374 Y198.438
G1 F1200 X109.559 Y187.624 E74.6815
G0 F6000 X109.559 Y187.058
G1 F1200 X120.94 Y198.438 E75.43093
G0 F6000 X121.505 Y198.438
G1 F1200 X109.559 Y186.493 E76.21756
G0 F6000 X109.559 Y185.927
G1 F1200 X122.071 Y198.438 E77.04146
G0 F6000 X122.637 Y198.438
G1 F1200 X109.559 Y185.361 E77.90264
G0 F6000 X109.559 Y184.795
G1 F1200 X123.202 Y198.438 E78.80105
G0 F6000 X123.768 Y198.438
G1 F1200 X109.559 Y184.23 E79.7367
G0 F6000 X109.559 Y183.664
G1 F1200 X124.334 Y198.438 E80.70963
G0 F6000 X124.899 Y198.438
G1 F1200 X109.559 Y183.098 E81.7198
G0 F6000 X109.559 Y182.533
G1 F1200 X125.44 Y198.413 E82.76555
G0 F6000 X125.44 Y197.847
G1 F1200 X109.559 Y181.967 E83.81131
G0 F6000 X109.559 Y181.401
G1 F1200 X125.44 Y197.282 E84.8571
G0 F6000 X125.44 Y196.716
G1 F1200 X109.559 Y180.836 E85.90286
G0 F6000 X109.559 Y180.27
G1 F1200 X125.44 Y196.15 E86.94862
G0 F6000 X125.44 Y195.585
G1 F1200 X109.559 Y179.704 E87.99441
G0 F6000 X109.559 Y179.139
G1 F1200 X125.44 Y195.019 E89.04017
G0 F6000 X125.44 Y194.453
G1 F1200 X109.559 Y178.573 E90.08593
G0 F6000 X109.559 Y178.007
G1 F1200 X125.44 Y193.887 E91.13168
G0 F6000 X125.44 Y193.322
G1 F1200 X109.559 Y177.442 E92.17744
G0 F6000 X109.559 Y176.876
G1 F1200 X125.44 Y192.756 E93.2232
G0 F6000 X125.44 Y192.19
G1 F1200 X109.559 Y176.31 E94.26896
G0 F6000 X109.559 Y175.745
G1 F1200 X125.44 Y191.625 E95.31472
G0 F6000 X125.44 Y191.059
G1 F1200 X109.559 Y175.179 E96.36047
G0 F6000 X109.641 Y174.695
G1 F1200 X125.44 Y190.493 E97.40083
G0 F6000 X125.44 Y189.928
G1 F1200 X109.728 Y174.216 E98.43549
G0 F6000 X109.815 Y173.738
G1 F1200 X125.44 Y189.362 E99.46439
G0 F6000 X125.44 Y188.796
G1 F1200 X109.903 Y173.26 E100.4875
G0 F6000 X109.99 Y172.781
G1 F1200 X125.44 Y188.231 E101.50491
G0 F6000 X125.44 Y187.665
G1 F1200 X110.078 Y172.303 E102.51652
G0 F6000 X110.165 Y171.824
G1 F1200 X125.44 Y187.099 E103.52241
G0 F6000 X125.44 Y186.534
G1 F1200 X110.252 Y171.346 E104.52256
G0 F6000 X110.339 Y170.868
G1 F1200 X125.44 Y185.968 E105.51696
G0 F6000 X125.44 Y185.402
G1 F1200 X110.426 Y170.389 E106.50562
G0 F6000 X110.514 Y169.911
G1 F1200 X125.44 Y184.837 E107.48852
G0 F6000 X125.44 Y184.271
G1 F1200 X110.601 Y169.432 E108.4657
G0 F6000 X110.689 Y168.954
G1 F1200 X125.44 Y183.705 E109.43708
G0 F6000 X125.44 Y183.139
G1 F1200 X110.776 Y168.475 E110.40273
G0 F6000 X110.861 Y167.995
G1 F1200 X125.44 Y182.574 E111.36278
G0 F6000 X125.44 Y182.008
G1 F1200 X110.926 Y167.495 E112.31852
G0 F6000 X110.991 Y166.993
G1 F1200 X125.44 Y181.442 E113.27001
G0 F6000 X125.44 Y180.877
G1 F1200 X111.056 Y166.493 E114.21722
G0 F6000 X111.12 Y165.991
G1 F1200 X125.44 Y180.311 E115.16022
G0 F6000 X125.44 Y179.745
G1 F1200 X111.185 Y165.491 E116.0989
G0 F6000 X111.25 Y164.99
G1 F1200 X125.44 Y179.18 E117.03333
G0 F6000 X125.44 Y178.614
G1 F1200 X111.314 Y164.489 E117.96352
G0 F6000 X111.379 Y163.988
G1 F1200 X125.44 Y178.048 E118.88943
G0 F6000 X125.44 Y177.483
G1 F1200 X111.444 Y163.487 E119.81109
G0 F6000 X111.509 Y162.986
G1 F1200 X125.44 Y176.917 E120.72847
G0 F6000 X125.44 Y176.351
G1 F1200 X111.573 Y162.485 E121.6416
G0 F6000 X111.638 Y161.984
G1 F1200 X125.44 Y175.786 E122.55049
G0 F6000 X125.44 Y175.22
G1 F1200 X111.703 Y161.484 E123.45506
G0 F6000 X111.768 Y160.982
G1 F1200 X125.331 Y174.546 E124.34824
G0 F6000 X125.205 Y173.854
G1 F1200 X111.819 Y160.468 E125.22973
G0 F6000 X111.86 Y159.943
G1 F1200 X125.079 Y173.162 E126.10023
G0 F6000 X124.953 Y172.471
G1 F1200 X111.901 Y159.418 E126.95975
G0 F6000 X111.941 Y158.893
G1 F1200 X124.826 Y171.778 E127.80825
G0 F6000 X124.7 Y171.086
G1 F1200 X111.982 Y158.368 E128.64576
G0 F6000 X112.022 Y157.843
G1 F1200 X124.574 Y170.395 E129.47233
G0 F6000 X124.447 Y169.702
G1 F1200 X112.063 Y157.318 E130.28783
G0 F6000 X112.104 Y156.793
G1 F1200 X124.322 Y169.011 E131.09241
G0 F6000 X124.195 Y168.318
G1 F1200 X112.145 Y156.268 E131.88592
G0 F6000 X112.185 Y155.743
G1 F1200 X124.095 Y167.652 E132.67018
G0 F6000 X124.01 Y167.003
G1 F1200 X112.226 Y155.218 E133.44621
G0 F6000 X112.266 Y154.693
G1 F1200 X123.926 Y166.353 E134.21404
G0 F6000 X123.841 Y165.702
G1 F1200 X112.307 Y154.168 E134.97358
G0 F6000 X112.347 Y153.642
G1 F1200 X123.757 Y165.052 E135.72495
G0 F6000 X123.673 Y164.403
G1 F1200 X112.377 Y153.107 E136.46881
G0 F6000 X112.391 Y152.555
G1 F1200 X123.589 Y163.753 E137.20621
G0 F6000 X123.505 Y163.103
G1 F1200 X112.405 Y152.003 E137.93717
G0 F6000 X112.42 Y151.452
G1 F1200 X123.421 Y162.453 E138.6616
G0 F6000 X123.337 Y161.803
G1 F1200 X112.434 Y150.9 E139.37958
G0 F6000 X112.448 Y150.349
G1 F1200 X123.252 Y161.153 E140.09105
G0 F6000 X123.183 Y160.518
G1 F1200 X112.463 Y149.798 E140.79698
G0 F6000 X112.477 Y149.246
G1 F1200 X123.136 Y159.905 E141.49889
G0 F6000 X123.088 Y159.292
G1 F1200 X112.491 Y148.695 E142.19672
G0 F6000 X112.505 Y148.143
G1 F1200 X123.04 Y158.679 E142.8905
G0 F6000 X122.993 Y158.065
G1 F1200 X112.519 Y147.592 E143.5802
G0 F6000 X112.533 Y147.04
G1 F1200 X122.946 Y157.452 E144.26588
G0 F6000 X122.897 Y156.839
G1 F1200 X112.548 Y146.489 E144.94741
G0 F6000 X112.559 Y145.934
G1 F1200 X122.85 Y156.226 E145.62513
G0 F6000 X122.803 Y155.612
G1 F1200 X112.559 Y145.369 E146.29968
G0 F6000 X112.559 Y144.803
G1 F1200 X122.755 Y154.999 E146.9711
G0 F6000 X122.707 Y154.386
G1 F1200 X112.559 Y144.237 E147.6394
G0 F6000 X112.559 Y143.672
G1 F1200 X122.66 Y153.773 E148.30457
G0 F6000 X122.626 Y153.173
G1 F1200 X112.559 Y143.106 E148.96749
G0 F6000 X112.559 Y142.54
G1 F1200 X122.61 Y152.592 E149.6294
G0 F6000 X122.596 Y152.011
G1 F1200 X112.559 Y141.975 E150.29032
G0 F6000 X112.559 Y141.409
G1 F1200 X122.58 Y151.43 E150.95022
G0 F6000 X122.565 Y150.849
G1 F1200 X112.559 Y140.843 E151.60914
G0 F6000 X112.559 Y140.277
G1 F1200 X122.55 Y150.268 E152.26706
G0 F6000 X122.535 Y149.688
G1 F1200 X112.559 Y139.712 E152.924
G0 F6000 X112.559 Y139.146
G1 F1200 X122.52 Y149.107 E153.57995
G0 F6000 X122.504 Y148.526
G1 F1200 X112.559 Y138.58 E154.23487
G0 F6000 X112.559 Y138.015
G1 F1200 X122.489 Y147.945 E154.88878
G0 F6000 X122.474 Y147.364
G1 F1200 X112.559 Y137.449 E155.5417
G0 F6000 X112.559 Y136.883
G1 F1200 X122.459 Y146.784 E156.19367
G0 F6000 X122.444 Y146.202
G1 F1200 X112.559 Y136.318 E156.84458
G0 F6000 X112.559 Y135.752
G1 F1200 X122.439 Y145.632 E157.49519
G0 F6000 X122.439 Y145.067
G1 F1200 X112.559 Y135.186 E158.14584
G0 F6000 X112.559 Y134.621
G1 F1200 X122.439 Y144.501 E158.79645
G0 F6000 X122.439 Y143.935
G1 F1200 X112.559 Y134.055 E159.44707
G0 F6000 X112.559 Y133.489
G1 F1200 X122.439 Y143.37 E160.09772
G0 F6000 X122.439 Y142.804
G1 F1200 X112.559 Y132.924 E160.74833
G0 F6000 X112.559 Y132.358
G1 F1200 X122.439 Y142.238 E161.39895
G0 F6000 X122.439 Y141.673
G1 F1200 X112.559 Y131.792 E162.04959
G0 F6000 X112.559 Y131.226
G1 F1200 X122.439 Y141.107 E162.70024
G0 F6000 X122.439 Y140.541
G1 F1200 X112.559 Y130.661 E163.35086
G0 F6000 X112.559 Y130.095
G1 F1200 X122.439 Y139.976 E164.00151
G0 F6000 X122.439 Y139.41
G1 F1200 X112.559 Y129.529 E164.65215
G0 F6000 X112.559 Y128.964
G1 F1200 X122.439 Y138.844 E165.30277
G0 F6000 X122.439 Y138.278
G1 F1200 X112.559 Y128.398 E165.95338
G0 F6000 X112.559 Y127.832
G1 F1200 X122.439 Y137.713 E166.60403
G0 F6000 X122.439 Y137.147
G1 F1200 X112.559 Y127.267 E167.25465
G0 F6000 X112.559 Y126.701
G1 F1200 X122.439 Y136.581 E167.90526
G0 F6000 X122.439 Y136.016
G1 F1200 X112.559 Y126.135 E168.55591
G0 F6000 X112.559 Y125.57
G1 F1200 X122.439 Y135.45 E169.20652
G0 F6000 X122.439 Y134.884
G1 F1200 X112.559 Y125.004 E169.85714
G0 F6000 X112.559 Y124.438
G1 F1200 X122.439 Y134.319 E170.50779
G0 F6000 X122.439 Y133.753
G1 F1200 X112.559 Y123.873 E171.1584
G0 F6000 X112.559 Y123.307
G1 F1200 X122.439 Y133.187 E171.80902
G0 F6000 X122.439 Y132.622
G1 F1200 X112.559 Y122.741 E172.45966
G0 F6000 X112.559 Y122.176
G1 F1200 X122.439 Y132.056 E173.11028
G0 F6000 X122.439 Y131.49
G1 F1200 X112.559 Y121.61 E173.76089
G0 F6000 X112.559 Y121.044
G1 F1200 X122.439 Y130.925 E174.41154
G0 F6000 X122.439 Y130.359
G1 F1200 X112.559 Y120.478 E175.06219
G0 F6000 X112.559 Y119.913
G1 F1200 X122.439 Y129.793 E175.7128
G0 F6000 X122.439 Y129.228
G1 F1200 X112.559 Y119.347 E176.36345
G0 F6000 X112.559 Y118.781
G1 F1200 X122.439 Y128.662 E177.0141
G0 F6000 X122.439 Y128.096
G1 F1200 X112.559 Y118.216 E177.66471
G0 F6000 X112.559 Y117.65
G1 F1200 X122.439 Y127.53 E178.31533
G0 F6000 X122.439 Y126.965
G1 F1200 X112.559 Y117.084 E178.96598
G0 F6000 X112.559 Y116.519
G1 F1200 X122.439 Y126.399 E179.61659
G0 F6000 X122.439 Y125.833
G1 F1200 X112.559 Y115.953 E180.26721
G0 F6000 X112.559 Y115.387
G1 F1200 X122.439 Y125.268 E180.91785
G0 F6000 X122.439 Y124.702
G1 F1200 X112.559 Y114.822 E181.56847
G0 F6000 X112.559 Y114.256
G1 F1200 X122.439 Y124.136 E182.21908
G0 F6000 X122.439 Y123.571
G1 F1200 X112.559 Y113.69 E182.86973
G0 F6000 X112.559 Y113.125
G1 F1200 X122.439 Y123.005 E183.52035
G0 F6000 X122.439 Y122.439
G1 F1200 X112.559 Y112.559 E184.17096
G0 F6000 X112.559 Y111.993
G1 F1200 X122.439 Y121.874 E184.82161
G0 F6000 X122.439 Y121.308
G1 F1200 X112.559 Y111.428 E185.47222
G0 F6000 X112.559 Y110.862
G1 F1200 X122.439 Y120.742 E186.12284
G0 F6000 X122.439 Y120.177
G1 F1200 X112.559 Y110.296 E186.77349
G0 F6000 X112.559 Y109.73
G1 F1200 X122.439 Y119.611 E187.42413
G0 F6000 X122.439 Y119.045
G1 F1200 X112.559 Y109.165 E188.07475
G0 F6000 X112.559 Y108.599
G1 F1200 X122.439 Y118.479 E188.72536
G0 F6000 X122.439 Y117.914
G1 F1200 X112.559 Y108.033 E189.37601
G0 F6000 X112.559 Y107.468
G1 F1200 X122.439 Y117.348 E190.02663
G0 F6000 X122.439 Y116.782
G1 F1200 X112.559 Y106.902 E190.67724
G0 F6000 X112.559 Y106.336
G1 F1200 X122.439 Y116.217 E191.32789
G0 F6000 X122.439 Y115.651
G1 F1200 X112.559 Y105.771 E191.9785
G0 F6000 X112.559 Y105.205
G1 F1200 X122.439 Y115.085 E192.62912
G0 F6000 X122.439 Y114.52
G1 F1200 X112.559 Y104.639 E193.27977
G0 F6000 X112.559 Y104.074
G1 F1200 X122.439 Y113.954 E193.93038
G0 F6000 X122.439 Y113.388
G1 F1200 X112.559 Y103.508 E194.581
G0 F6000 X112.559 Y102.942
G1 F1200 X122.439 Y112.823 E195.23164
G0 F6000 X122.439 Y112.257
G1 F1200 X112.559 Y102.377 E195.88226
G0 F6000 X112.559 Y101.811
G1 F1200 X122.439 Y111.691 E196.53287
G0 F6000 X122.439 Y111.126
G1 F1200 X112.559 Y101.245 E197.18352
G0 F6000 X112.559 Y100.679
G1 F1200 X122.439 Y110.56 E197.83417
G0 F6000 X122.439 Y109.994
G1 F1200 X112.559 Y100.114 E198.48478
G0 F6000 X112.559 Y99.548
G1 F1200 X122.439 Y109.429 E199.13543
G0 F6000 X122.439 Y108.863
G1 F1200 X112.559 Y98.982 E199.78608
G0 F6000 X112.559 Y98.417
G1 F1200 X122.439 Y108.297 E200.4367
G0 F6000 X122.439 Y107.731
G1 F1200 X112.559 Y97.851 E201.08731
G0 F6000 X112.559 Y97.285
G1 F1200 X122.439 Y107.166 E201.73796
G0 F6000 X122.439 Y106.6
G1 F1200 X112.559 Y96.72 E202.38857
G0 F6000 X112.559 Y96.154
G1 F1200 X122.439 Y106.034 E203.03919
G0 F6000 X122.439 Y105.469
G1 F1200 X112.559 Y95.588 E203.68984
G0 F6000 X112.559 Y95.023
G1 F1200 X122.439 Y104.903 E204.34045
G0 F6000 X122.439 Y104.337
G1 F1200 X112.559 Y94.457 E204.99107
G0 F6000 X112.559 Y93.891
G1 F1200 X122.439 Y103.772 E205.64171
G0 F6000 X122.439 Y103.206
G1 F1200 X112.559 Y93.326 E206.29233
G0 F6000 X112.559 Y92.76
G1 F1200 X122.439 Y102.64 E206.94294
G0 F6000 X122.439 Y102.075
G1 F1200 X112.559 Y92.194 E207.59359
G0 F6000 X112.559 Y91.629
G1 F1200 X122.439 Y101.509 E208.24421
G0 F6000 X122.439 Y100.943
G1 F1200 X112.559 Y91.063 E208.89482
G0 F6000 X112.559 Y90.497
G1 F1200 X122.439 Y100.378 E209.54547
G0 F6000 X122.439 Y99.812
G1 F1200 X112.559 Y89.931 E210.19612
G0 F6000 X112.559 Y89.366
G1 F1200 X122.439 Y99.246 E210.84673
G0 F6000 X122.439 Y98.68
G1 F1200 X112.555 Y88.796 E211.49761
G0 F6000 X112.539 Y88.215
G1 F1200 X122.439 Y98.115 E212.14954
G0 F6000 X122.439 Y97.549
G1 F1200 X112.524 Y87.634 E212.80246
G0 F6000 X112.509 Y87.053
G1 F1200 X122.439 Y96.983 E213.45637
G0 F6000 X122.439 Y96.418
G1 F1200 X112.494 Y86.472 E214.1113
G0 F6000 X112.479 Y85.892
G1 F1200 X122.439 Y95.852 E214.76718
G0 F6000 X122.439 Y95.286
G1 F1200 X112.463 Y85.311 E215.42408
G0 F6000 X112.449 Y84.73
G1 F1200 X122.439 Y94.721 E216.08197
G0 F6000 X122.439 Y94.155
G1 F1200 X112.433 Y84.149 E216.74089
G0 F6000 X112.418 Y83.568
G1 F1200 X122.439 Y93.589 E217.40079
G0 F6000 X122.439 Y93.024
G1 F1200 X112.403 Y82.987 E218.06171
G0 F6000 X112.388 Y82.406
G1 F1200 X122.439 Y92.458 E218.72362
G0 F6000 X122.439 Y91.892
G1 F1200 X112.373 Y81.826 E219.38648
G0 F6000 X112.339 Y81.226
G1 F1200 X122.439 Y91.327 E220.05161
G0 F6000 X122.439 Y90.761
G1 F1200 X112.291 Y80.613 E220.71988
G0 F6000 X112.244 Y79.999
G1 F1200 X122.439 Y90.195 E221.39127
G0 F6000 X122.439 Y89.63
G1 F1200 X112.196 Y79.386 E222.06582
G0 F6000 X112.148 Y78.773
G1 F1200 X122.439 Y89.064 E222.7435
G0 F6000 X122.451 Y88.509
G1 F1200 X112.101 Y78.16 E223.42503
G0 F6000 X112.053 Y77.546
G1 F1200 X122.465 Y87.958 E224.11068
G0 F6000 X122.479 Y87.406
G1 F1200 X112.005 Y76.933 E224.80038
G0 F6000 X111.958 Y76.32
G1 F1200 X122.493 Y86.855 E225.49413
G0 F6000 X122.507 Y86.303
G1 F1200 X111.91 Y75.707 E226.19192
G0 F6000 X111.862 Y75.093
G1 F1200 X122.521 Y85.752 E226.89384
G0 F6000 X122.535 Y85.2
G1 F1200 X111.815 Y74.48 E227.59977
G0 F6000 X111.746 Y73.845
G1 F1200 X122.55 Y84.649 E228.31123
G0 F6000 X122.564 Y84.098
G1 F1200 X111.662 Y73.196 E229.02914
G0 F6000 X111.578 Y72.546
G1 F1200 X122.579 Y83.546 E229.75355
G0 F6000 X122.593 Y82.995
G1 F1200 X111.494 Y71.896 E230.48443
G0 F6000 X111.409 Y71.245
G1 F1200 X122.607 Y82.443 E231.22184
G0 F6000 X122.621 Y81.892
G1 F1200 X111.325 Y70.596 E231.9657
G0 F6000 X111.241 Y69.946
G1 F1200 X122.651 Y81.356 E232.71707
G0 F6000 X122.691 Y80.83
G1 F1200 X111.157 Y69.296 E233.4766
G0 F6000 X111.073 Y68.646
G1 F1200 X122.732 Y80.306 E234.2444
G0 F6000 X122.772 Y79.78
G1 F1200 X110.988 Y67.996 E235.0204
G0 F6000 X110.904 Y67.346
G1 F1200 X122.813 Y79.256 E235.80466
G0 F6000 X122.854 Y78.73
G1 F1200 X110.803 Y66.68 E236.59821
G0 F6000 X110.677 Y65.988
G1 F1200 X122.895 Y78.206 E237.40278
G0 F6000 X122.935 Y77.68
G1 F1200 X110.551 Y65.297 E238.21826
G0 F6000 X110.425 Y64.604
G1 F1200 X122.976 Y77.155 E239.04476
G0 F6000 X123.016 Y76.63
G1 F1200 X110.299 Y63.913 E239.8822
G0 F6000 X110.172 Y63.221
G1 F1200 X123.057 Y76.105 E240.73066
G0 F6000 X123.098 Y75.58
G1 F1200 X110.047 Y62.529 E241.59009
G0 F6000 X109.92 Y61.837
G1 F1200 X123.139 Y75.055 E242.46056
G0 F6000 X123.179 Y74.53
G1 F1200 X109.794 Y61.145 E243.34198
G0 F6000 X109.668 Y60.454
G1 F1200 X123.231 Y74.016 E244.23509
G0 F6000 X123.296 Y73.515
G1 F1200 X109.559 Y59.779 E245.13967
G0 F6000 X109.559 Y59.213
G1 F1200 X123.36 Y73.014 E246.04849
G0 F6000 X123.425 Y72.513
G1 F1200 X109.559 Y58.648 E246.96155
G0 F6000 X109.559 Y58.082
G1 F1200 X123.49 Y72.013 E247.87893
G0 F6000 X123.554 Y71.511
G1 F1200 X109.559 Y57.516 E248.80053
G0 F6000 X109.559 Y56.951
G1 F1200 X123.619 Y71.011 E249.7264
G0 F6000 X123.684 Y70.509
G1 F1200 X109.559 Y56.385 E250.65652
G0 F6000 X109.559 Y55.819
G1 F1200 X123.749 Y70.009 E251.59096
G0 F6000 X123.814 Y69.508
G1 F1200 X109.559 Y55.254 E252.52964
G0 F6000 X109.559 Y54.688
G1 F1200 X123.878 Y69.007 E253.47257
G0 F6000 X123.943 Y68.506
G1 F1200 X109.559 Y54.122 E254.41978
G0 F6000 X109.559 Y53.556
G1 F1200 X124.008 Y68.005 E255.37128
G0 F6000 X124.073 Y67.504
G1 F1200 X109.559 Y52.991 E256.32702
G0 F6000 X109.559 Y52.425
G1 F1200 X124.138 Y67.004 E257.28707
G0 F6000 X124.223 Y66.523
G1 F1200 X109.559 Y51.859 E258.25272
G0 F6000 X109.559 Y51.294
G1 F1200 X124.31 Y66.045 E259.2241
G0 F6000 X124.397 Y65.566
G1 F1200 X109.559 Y50.728 E260.2012
G0 F6000 X109.559 Y50.162
G1 F1200 X124.485 Y65.088 E261.18411
G0 F6000 X124.572 Y64.609
G1 F1200 X109.559 Y49.597 E262.1727
G0 F6000 X109.559 Y49.031
G1 F1200 X124.659 Y64.131 E263.16706
G0 F6000 X124.746 Y63.652
G1 F1200 X109.559 Y48.465 E264.16715
G0 F6000 X109.559 Y47.9
G1 F1200 X124.834 Y63.174 E265.17301
G0 F6000 X124.921 Y62.695
G1 F1200 X109.559 Y47.334 E266.18459
G0 F6000 X109.559 Y46.768
G1 F1200 X125.007 Y62.216 E267.20186
G0 F6000 X125.094 Y61.738
G1 F1200 X109.559 Y46.203 E268.22487
G0 F6000 X109.559 Y45.637
G1 F1200 X125.181 Y61.259 E269.25361
G0 F6000 X125.269 Y60.781
G1 F1200 X109.559 Y45.071 E270.28814
G0 F6000 X109.559 Y44.506
G1 F1200 X125.356 Y60.302 E271.32836
G0 F6000 X125.438 Y59.819
G1 F1200 X109.559 Y43.94 E272.37402
G0 F6000 X109.559 Y43.374
G1 F1200 X125.438 Y59.253 E273.41968
G0 F6000 X125.438 Y58.687
G1 F1200 X109.559 Y42.808 E274.46534
G0 F6000 X109.559 Y42.243
G1 F1200 X125.438 Y58.122 E275.511
G0 F6000 X125.438 Y57.556
G1 F1200 X109.559 Y41.677 E276.55666
G0 F6000 X109.559 Y41.111
G1 F1200 X125.438 Y56.99 E277.60232
G0 F6000 X125.438 Y56.424
G1 F1200 X109.559 Y40.546 E278.64795
G0 F6000 X109.559 Y39.98
G1 F1200 X125.438 Y55.859 E279.6936
G0 F6000 X125.438 Y55.293
G1 F1200 X109.559 Y39.414 E280.73926
G0 F6000 X109.559 Y38.849
G1 F1200 X125.438 Y54.727 E281.78489
G0 F6000 X125.438 Y54.162
G1 F1200 X109.559 Y38.283 E282.83055
G0 F6000 X109.559 Y37.717
G1 F1200 X125.438 Y53.596 E283.87621
G0 F6000 X125.438 Y53.03
G1 F1200 X109.559 Y37.152 E284.92184
G0 F6000 X109.559 Y36.586
G1 F1200 X125.438 Y52.465 E285.96749
G0 F6000 X125.438 Y51.899
G1 F1200 X110.1 Y36.56 E286.97756
G0 F6000 X110.665 Y36.56
G1 F1200 X125.438 Y51.333 E287.95039
G0 F6000 X125.438 Y50.768
G1 F1200 X111.231 Y36.56 E288.88598
G0 F6000 X111.797 Y36.56
G1 F1200 X125.438 Y50.202 E289.78429
G0 F6000 X125.438 Y49.636
G1 F1200 X112.362 Y36.56 E290.64537
G0 F6000 X112.928 Y36.56
G1 F1200 X125.438 Y49.071 E291.46921
G0 F6000 X125.438 Y48.505
G1 F1200 X113.494 Y36.56 E292.25577
G0 F6000 X114.059 Y36.56
G1 F1200 X125.438 Y47.939 E293.0051
G0 F6000 X125.438 Y47.374
G1 F1200 X114.625 Y36.56 E293.71719
G0 F6000 X115.191 Y36.56
G1 F1200 X125.438 Y46.808 E294.392
G0 F6000 X125.438 Y46.242
G1 F1200 X115.756 Y36.56 E295.02958
G0 F6000 X116.322 Y36.56
G1 F1200 X125.438 Y45.676 E295.62988
G0 F6000 X125.438 Y45.111
G1 F1200 X116.888 Y36.56 E296.19295
G0 F6000 X117.453 Y36.56
G1 F1200 X125.438 Y44.545 E296.71877
G0 F6000 X125.438 Y43.979
G1 F1200 X118.019 Y36.56 E297.20733
G0 F6000 X118.585 Y36.56
G1 F1200 X125.438 Y43.414 E297.65864
G0 F6000 X125.438 Y42.848
G1 F1200 X119.151 Y36.56 E298.07268
G0 F6000 X119.716 Y36.56
G1 F1200 X125.438 Y42.282 E298.44949
G0 F6000 X125.438 Y41.717
G1 F1200 X120.282 Y36.56 E298.78905
G0 F6000 X120.848 Y36.56
G1 F1200 X125.438 Y41.151 E299.09134
G0 F6000 X125.438 Y40.585
G1 F1200 X121.413 Y36.56 E299.3564
G0 F6000 X121.979 Y36.56
G1 F1200 X125.438 Y40.02 E299.58421
G0 F6000 X125.438 Y39.454
G1 F1200 X122.545 Y36.56 E299.77475
G0 F6000 X123.11 Y36.56
G1 F1200 X125.438 Y38.888 E299.92806
G0 F6000 X125.438 Y38.323
G1 F1200 X123.676 Y36.56 E300.04412
G0 F6000 X124.242 Y36.56
G1 F1200 X125.438 Y37.757 E300.12291
G0 F6000 X125.438 Y37.191
G1 F1200 X124.807 Y36.56 E300.16446
G0 F6000 X125.373 Y36.56
G1 F1200 X125.438 Y36.626 E300.16878
G1 F2700 E295.16878
;MESH:NONMESH
G0 F300 X125.438 Y36.626 Z0.56
G0 F6000 X125.9 Y36.626
G0 X125.838 Y59.892
G0 X123.917 Y74.337
G0 X123.35 Y81.659
G0 X123.161 Y88.99
G0 X123.161 Y146.01
G0 X123.35 Y153.341
G0 X123.809 Y159.271
G0 X124.701 Y167.971
;TIME_ELAPSED:353.939586
;LAYER:1
M106 S85
;TYPE:WALL-INNER
;MESH:D638-22 Tensile.STL
G1 F2700 E300.16878
G1 F1350 X126 Y175.089 E300.5057
G1 X126 Y175.858 E300.5415
G1 X126 Y199 E301.61909
G1 X109 Y199 E302.41068
G1 X109 Y175.093 E303.52389
G1 X110.299 Y167.972 E303.86095
G1 X111.245 Y160.664 E304.20408
G1 X111.812 Y153.324 E304.54688
G1 X112 Y146.027 E304.88677
G1 X112 Y88.973 E307.54344
G1 X111.81 Y81.625 E307.88571
G1 X111.246 Y74.345 E308.22571
G1 X110.299 Y67.028 E308.56927
G1 X109.001 Y59.911 E308.90613
G1 X109 Y36 E310.01953
G1 X126 Y36 E310.81112
G1 X125.999 Y59.907 E311.92433
G1 X124.701 Y67.027 E312.26133
G1 X123.754 Y74.346 E312.60497
G1 X123.19 Y81.624 E312.94488
G1 X123 Y88.973 E313.2872
G1 X123 Y146.027 E315.94387
G1 X123.188 Y153.323 E316.28372
G1 X123.754 Y160.654 E316.62609
G1 X124.701 Y167.971 E316.96965
G1 F2700 E311.96965
G0 F7500 X125.839 Y175.105
G0 X125.828 Y198.828
G0 X108.87 Y199.13
G1 F2700 E316.96965
G0 F7500 X108.6 Y199.4
G1 F1350 X126.4 Y199.4 E317.79849
G1 X126.4 Y175.858 E318.8947
G1 X126.4 Y175.053 E318.93219
G1 X125.094 Y167.894 E319.27104
G1 X124.156 Y160.654 E319.61098
G1 X123.589 Y153.343 E319.95244
G1 X123.4 Y146.017 E320.29368
G1 X123.4 Y88.983 E322.94942
G1 X123.589 Y81.655 E323.29076
G1 X124.156 Y74.346 E323.63212
G1 X125.094 Y67.104 E323.97215
G1 X126.399 Y59.943 E324.31109
G1 X126.4 Y35.6 E325.4446
G1 X108.6 Y35.6 E326.27344
G1 X108.601 Y59.947 E327.40714
G1 X109.906 Y67.105 E327.74594
G1 X110.847 Y74.376 E328.08734
G1 X111.411 Y81.656 E328.42734
G1 X111.6 Y88.983 E328.76863
G1 X111.6 Y146.017 E331.42437
G1 X111.411 Y153.345 E331.76571
G1 X110.844 Y160.654 E332.10707
G1 X109.906 Y167.896 E332.4471
G1 X108.6 Y175.057 E332.78605
G1 X108.6 Y199.4 E333.91956
G1 F2700 E328.91956
G0 F7500 X108.87 Y199.13
G0 X125.828 Y198.828
G0 X125.839 Y175.105
G0 X124.797 Y167.931
G1 F2700 E333.91956
G0 F7500 X125.491 Y167.842
;TYPE:WALL-OUTER
G1 F1350 X126.8 Y175.017 E334.25917
G1 X126.8 Y175.858 E334.29833
G1 X126.8 Y199.8 E335.41317
G1 X108.2 Y199.8 E336.27927
G1 X108.2 Y175.021 E337.43308
G1 X109.507 Y167.854 E337.77231
G1 X110.447 Y160.602 E338.11282
G1 X111.012 Y153.314 E338.4532
G1 X111.2 Y146.007 E338.79355
G1 X111.2 Y88.993 E341.44836
G1 X111.012 Y81.697 E341.78821
G1 X110.448 Y74.407 E342.12868
G1 X109.509 Y67.157 E342.46909
G1 X108.201 Y59.983 E342.80864
G1 X108.2 Y35.2 E343.96264
G1 X126.8 Y35.2 E344.82874
G1 X126.799 Y59.979 E345.98255
G1 X125.493 Y67.146 E346.32177
G1 X124.553 Y74.398 E346.66228
G1 X123.988 Y81.686 E347.00266
G1 X123.8 Y88.993 E347.34302
G1 X123.8 Y146.007 E349.99783
G1 X123.988 Y153.302 E350.33763
G1 X124.552 Y160.592 E350.67809
G1 X125.491 Y167.842 E351.0185
G0 F7500 X124.797 Y167.931
G0 X124.341 Y168.004
;TYPE:SKIN
G1 F1350 X125.64 Y175.122 E351.35542
G1 X125.64 Y175.858 E351.38969
G1 X125.64 Y198.64 E352.45052
G1 X109.36 Y198.64 E353.20858
G1 X109.36 Y175.128 E354.3034
G1 X110.657 Y168.017 E354.63998
G1 X111.598 Y160.752 E354.9811
G1 X112.172 Y153.343 E355.32712
G1 X112.36 Y146.04 E355.66729
G1 X112.36 Y88.961 E358.32513
G1 X112.169 Y81.606 E358.66773
G1 X111.599 Y74.258 E359.01091
G1 X110.659 Y66.995 E359.35192
G1 X109.361 Y59.879 E359.68874
G1 X109.361 Y36.361 E360.78384
G1 X125.639 Y36.361 E361.54181
G1 X125.639 Y59.872 E362.63658
G1 X124.343 Y66.983 E362.97315
G1 X123.402 Y74.247 E363.31422
G1 X122.828 Y81.657 E363.6603
G1 X122.64 Y88.961 E364.00051
G1 X122.64 Y146.04 E366.65835
G1 X122.831 Y153.391 E367.00076
G1 X123.401 Y160.741 E367.34404
G1 X124.341 Y168.004 E367.68505
G1 F2700 E362.68505
G0 F7500 X124.597 Y167.957
G0 X125.839 Y175.105
G0 X125.9 Y198.132
G1 F2700 E367.68505
G0 F7500 X125.44 Y198.132
G1 F1350 X125.133 Y198.438 E367.70524
G0 F7500 X124.567 Y198.438
G1 F1350 X125.44 Y197.566 E367.76269
G0 F7500 X125.44 Y197
G1 F1350 X124.001 Y198.438 E367.85742
G0 F7500 X123.436 Y198.438
G1 F1350 X125.44 Y196.434 E367.98939
G0 F7500 X125.44 Y195.869
G1 F1350 X122.87 Y198.438 E368.15859
G0 F7500 X122.304 Y198.438
G1 F1350 X125.44 Y195.303 E368.36507
G0 F7500 X125.44 Y194.737
G1 F1350 X121.739 Y198.438 E368.60879
G0 F7500 X121.173 Y198.438
G1 F1350 X125.44 Y194.172 E368.88974
G0 F7500 X125.44 Y193.606
G1 F1350 X120.607 Y198.438 E369.20797
G0 F7500 X120.041 Y198.438
G1 F1350 X125.44 Y193.04 E369.56347
G0 F7500 X125.44 Y192.475
G1 F1350 X119.476 Y198.438 E369.95618
G0 F7500 X118.91 Y198.438
G1 F1350 X125.44 Y191.909 E370.38616
G0 F7500 X125.44 Y191.343
G1 F1350 X118.344 Y198.438 E370.85341
G0 F7500 X117.779 Y198.438
G1 F1350 X125.44 Y190.778 E371.35786
G0 F7500 X125.44 Y190.212
G1 F1350 X117.213 Y198.438 E371.89959
G0 F7500 X116.647 Y198.438
G1 F1350 X125.44 Y189.646 E372.4786
G0 F7500 X125.44 Y189.081
G1 F1350 X116.082 Y198.438 E373.0948
G0 F7500 X115.516 Y198.438
G1 F1350 X125.44 Y188.515 E373.74828
G0 F7500 X125.44 Y187.949
G1 F1350 X114.95 Y198.438 E374.43903
G0 F7500 X114.385 Y198.438
G1 F1350 X125.44 Y187.384 E375.16699
G0 F7500 X125.44 Y186.818
G1 F1350 X113.819 Y198.438 E375.93222
G0 F7500 X113.253 Y198.438
G1 F1350 X125.44 Y186.252 E376.73472
G0 F7500 X125.44 Y185.686
G1 F1350 X112.688 Y198.438 E377.57446
G0 F7500 X112.122 Y198.438
G1 F1350 X125.44 Y185.121 E378.45144
G0 F7500 X125.44 Y184.555
G1 F1350 X111.556 Y198.438 E379.3657
G0 F7500 X110.991 Y198.438
G1 F1350 X125.44 Y183.989 E380.31719
G0 F7500 X125.44 Y183.424
G1 F1350 X110.425 Y198.438 E381.30592
G0 F7500 X109.859 Y198.438
G1 F1350 X125.44 Y182.858 E382.33192
G0 F7500 X125.44 Y182.292
G1 F1350 X109.559 Y198.173 E383.37771
G0 F7500 X109.559 Y197.607
G1 F1350 X125.44 Y181.727 E384.42347
G0 F7500 X125.44 Y181.161
G1 F1350 X109.559 Y197.041 E385.46923
G0 F7500 X109.559 Y196.475
G1 F1350 X125.44 Y180.595 E386.51499
G0 F7500 X125.44 Y180.03
G1 F1350 X109.559 Y195.91 E387.56074
G0 F7500 X109.559 Y195.344
G1 F1350 X125.44 Y179.464 E388.6065
G0 F7500 X125.44 Y178.898
G1 F1350 X109.559 Y194.778 E389.65226
G0 F7500 X109.559 Y194.213
G1 F1350 X125.44 Y178.333 E390.69802
G0 F7500 X125.44 Y177.767
G1 F1350 X109.559 Y193.647 E391.74378
G0 F7500 X109.559 Y193.081
G1 F1350 X125.44 Y177.201 E392.78953
G0 F7500 X125.44 Y176.635
G1 F1350 X109.559 Y192.516 E393.83532
G0 F7500 X109.559 Y191.95
G1 F1350 X125.44 Y176.07 E394.88108
G0 F7500 X125.44 Y175.504
G1 F1350 X109.559 Y191.384 E395.92684
G0 F7500 X109.559 Y190.819
G1 F1350 X125.408 Y174.97 E396.97052
G0 F7500 X125.321 Y174.492
G1 F1350 X109.559 Y190.253 E398.00845
G0 F7500 X109.559 Y189.687
G1 F1350 X125.234 Y174.013 E399.04064
G0 F7500 X125.146 Y173.535
G1 F1350 X109.559 Y189.122 E400.06707
G0 F7500 X109.559 Y188.556
G1 F1350 X125.059 Y173.056 E401.08777
G0 F7500 X124.971 Y172.578
G1 F1350 X109.559 Y187.99 E402.10268
G0 F7500 X109.559 Y187.425
G1 F1350 X124.884 Y172.099 E403.11189
G0 F7500 X124.797 Y171.621
G1 F1350 X109.559 Y186.859 E404.11534
G0 F7500 X109.559 Y186.293
G1 F1350 X124.71 Y171.143 E405.11302
G0 F7500 X124.623 Y170.664
G1 F1350 X109.559 Y185.727 E406.10498
G0 F7500 X109.559 Y185.162
G1 F1350 X124.535 Y170.186 E407.09117
G0 F7500 X124.448 Y169.707
G1 F1350 X109.559 Y184.596 E408.07164
G0 F7500 X109.559 Y184.03
G1 F1350 X124.36 Y169.229 E409.04631
G0 F7500 X124.274 Y168.751
G1 F1350 X109.559 Y183.465 E410.01529
G0 F7500 X109.559 Y182.899
G1 F1350 X124.186 Y168.273 E410.97847
G0 F7500 X124.111 Y167.782
G1 F1350 X109.559 Y182.333 E411.93671
G0 F7500 X109.559 Y181.768
G1 F1350 X124.046 Y167.281 E412.8907
G0 F7500 X123.981 Y166.781
G1 F1350 X109.559 Y181.202 E413.84038
G0 F7500 X109.559 Y180.636
G1 F1350 X123.916 Y166.28 E414.78578
G0 F7500 X123.851 Y165.779
G1 F1350 X109.559 Y180.071 E415.72693
G0 F7500 X109.559 Y179.505
G1 F1350 X123.786 Y165.278 E416.66381
G0 F7500 X123.721 Y164.777
G1 F1350 X109.559 Y178.939 E417.5964
G0 F7500 X109.559 Y178.374
G1 F1350 X123.656 Y164.277 E418.52471
G0 F7500 X123.591 Y163.776
G1 F1350 X109.559 Y177.808 E419.44874
G0 F7500 X109.559 Y177.242
G1 F1350 X123.527 Y163.275 E420.36853
G0 F7500 X123.462 Y162.774
G1 F1350 X109.559 Y176.676 E421.28403
G0 F7500 X109.559 Y176.111
G1 F1350 X123.397 Y162.273 E422.19528
G0 F7500 X123.332 Y161.773
G1 F1350 X109.559 Y175.545 E423.10223
G0 F7500 X109.597 Y174.942
G1 F1350 X123.267 Y161.272 E424.00242
G0 F7500 X123.202 Y160.771
G1 F1350 X109.723 Y174.25 E424.89004
G0 F7500 X109.849 Y173.558
G1 F1350 X123.161 Y160.246 E425.76665
G0 F7500 X123.121 Y159.721
G1 F1350 X109.975 Y172.867 E426.63234
G0 F7500 X110.102 Y172.174
G1 F1350 X123.08 Y159.196 E427.48696
G0 F7500 X123.039 Y158.671
G1 F1350 X110.228 Y171.483 E428.33062
G0 F7500 X110.354 Y170.791
G1 F1350 X122.999 Y158.146 E429.16332
G0 F7500 X122.958 Y157.621
G1 F1350 X110.48 Y170.099 E429.98501
G0 F7500 X110.607 Y169.407
G1 F1350 X122.917 Y157.096 E430.79568
G0 F7500 X122.876 Y156.571
G1 F1350 X110.732 Y168.715 E431.59539
G0 F7500 X110.858 Y168.024
G1 F1350 X122.835 Y156.047 E432.38409
G0 F7500 X122.795 Y155.521
G1 F1350 X110.942 Y167.374 E433.16463
G0 F7500 X111.026 Y166.725
G1 F1350 X122.754 Y154.997 E433.93694
G0 F7500 X122.713 Y154.472
G1 F1350 X111.11 Y166.075 E434.70102
G0 F7500 X111.194 Y165.425
G1 F1350 X122.673 Y153.947 E435.4569
G0 F7500 X122.632 Y153.422
G1 F1350 X111.278 Y164.775 E436.20454
G0 F7500 X111.362 Y164.126
G1 F1350 X122.617 Y152.871 E436.9457
G0 F7500 X122.603 Y152.319
G1 F1350 X111.446 Y163.476 E437.68041
G0 F7500 X111.53 Y162.826
G1 F1350 X122.588 Y151.768 E438.4086
G0 F7500 X122.574 Y151.217
G1 F1350 X111.614 Y162.177 E439.13034
G0 F7500 X111.698 Y161.527
G1 F1350 X122.559 Y150.666 E439.84555
G0 F7500 X122.545 Y150.114
G1 F1350 X111.782 Y160.878 E440.55435
G0 F7500 X111.836 Y160.257
G1 F1350 X122.53 Y149.563 E441.25856
G0 F7500 X122.516 Y149.012
G1 F1350 X111.884 Y159.644 E441.9587
G0 F7500 X111.931 Y159.031
G1 F1350 X122.502 Y148.46 E442.65482
G0 F7500 X122.487 Y147.909
G1 F1350 X111.978 Y158.418 E443.34685
G0 F7500 X112.026 Y157.805
G1 F1350 X122.473 Y147.358 E444.03481
G0 F7500 X122.459 Y146.806
G1 F1350 X112.074 Y157.191 E444.71868
G0 F7500 X112.121 Y156.578
G1 F1350 X122.444 Y146.255 E445.39846
G0 F7500 X122.439 Y145.695
G1 F1350 X112.169 Y155.965 E446.07476
G0 F7500 X112.216 Y155.352
G1 F1350 X122.439 Y145.13 E446.74793
G0 F7500 X122.439 Y144.564
G1 F1350 X112.263 Y154.739 E447.418
G0 F7500 X112.311 Y154.126
G1 F1350 X122.439 Y143.998 E448.08495
G0 F7500 X122.439 Y143.433
G1 F1350 X112.358 Y153.513 E448.74877
G0 F7500 X112.383 Y152.923
G1 F1350 X122.439 Y142.867 E449.41097
G0 F7500 X122.439 Y142.301
G1 F1350 X112.398 Y152.342 E450.07219
G0 F7500 X112.413 Y151.762
G1 F1350 X122.439 Y141.736 E450.73242
G0 F7500 X122.439 Y141.17
G1 F1350 X112.427 Y151.181 E451.39169
G0 F7500 X112.442 Y150.601
G1 F1350 X122.439 Y140.604 E452.05001
G0 F7500 X122.439 Y140.038
G1 F1350 X112.457 Y150.02 E452.70734
G0 F7500 X112.473 Y149.439
G1 F1350 X122.439 Y139.473 E453.36362
G0 F7500 X122.439 Y138.907
G1 F1350 X112.487 Y148.858 E454.01895
G0 F7500 X112.502 Y148.278
G1 F1350 X122.439 Y138.341 E454.67331
G0 F7500 X122.439 Y137.776
G1 F1350 X112.517 Y147.697 E455.32666
G0 F7500 X112.532 Y147.117
G1 F1350 X122.439 Y137.21 E455.97905
G0 F7500 X122.439 Y136.644
G1 F1350 X112.548 Y146.535 E456.63039
G0 F7500 X112.56 Y145.958
G1 F1350 X122.439 Y136.079 E457.28094
G0 F7500 X122.439 Y135.513
G1 F1350 X112.56 Y145.392 E457.93149
G0 F7500 X112.56 Y144.826
G1 F1350 X122.439 Y134.947 E458.58204
G0 F7500 X122.439 Y134.382
G1 F1350 X112.56 Y144.261 E459.23259
G0 F7500 X112.56 Y143.695
G1 F1350 X122.439 Y133.816 E459.88314
G0 F7500 X122.439 Y133.25
G1 F1350 X112.56 Y143.129 E460.53369
G0 F7500 X112.56 Y142.564
G1 F1350 X122.439 Y132.685 E461.18424
G0 F7500 X122.439 Y132.119
G1 F1350 X112.56 Y141.998 E461.83479
G0 F7500 X112.56 Y141.432
G1 F1350 X122.439 Y131.553 E462.48533
G0 F7500 X122.439 Y130.987
G1 F1350 X112.56 Y140.866 E463.13588
G0 F7500 X112.56 Y140.301
G1 F1350 X122.439 Y130.422 E463.78643
G0 F7500 X122.439 Y129.856
G1 F1350 X112.56 Y139.735 E464.43698
G0 F7500 X112.56 Y139.169
G1 F1350 X122.439 Y129.29 E465.08753
G0 F7500 X122.439 Y128.725
G1 F1350 X112.56 Y138.604 E465.73808
G0 F7500 X112.56 Y138.038
G1 F1350 X122.439 Y128.159 E466.38863
G0 F7500 X122.439 Y127.593
G1 F1350 X112.56 Y137.472 E467.03918
G0 F7500 X112.56 Y136.907
G1 F1350 X122.439 Y127.028 E467.68973
G0 F7500 X122.439 Y126.462
G1 F1350 X112.56 Y136.341 E468.34028
G0 F7500 X112.56 Y135.775
G1 F1350 X122.439 Y125.896 E468.99082
G0 F7500 X122.439 Y125.331
G1 F1350 X112.56 Y135.21 E469.64137
G0 F7500 X112.56 Y134.644
G1 F1350 X122.439 Y124.765 E470.29192
G0 F7500 X122.439 Y124.199
G1 F1350 X112.56 Y134.078 E470.94247
G0 F7500 X112.56 Y133.513
G1 F1350 X122.439 Y123.634 E471.59302
G0 F7500 X122.439 Y123.068
G1 F1350 X112.56 Y132.947 E472.24357
G0 F7500 X112.56 Y132.381
G1 F1350 X122.439 Y122.502 E472.89412
G0 F7500 X122.439 Y121.937
G1 F1350 X112.56 Y131.816 E473.54467
G0 F7500 X112.56 Y131.25
G1 F1350 X122.439 Y121.371 E474.19522
G0 F7500 X122.439 Y120.805
G1 F1350 X112.56 Y130.684 E474.84577
G0 F7500 X112.56 Y130.118
G1 F1350 X122.439 Y120.239 E475.49632
G0 F7500 X122.439 Y119.674
G1 F1350 X112.56 Y129.553 E476.14686
G0 F7500 X112.56 Y128.987
G1 F1350 X122.439 Y119.108 E476.79741
G0 F7500 X122.439 Y118.542
G1 F1350 X112.56 Y128.421 E477.44796
G0 F7500 X112.56 Y127.856
G1 F1350 X122.439 Y117.977 E478.09851
G0 F7500 X122.439 Y117.411
G1 F1350 X112.56 Y127.29 E478.74906
G0 F7500 X112.56 Y126.724
G1 F1350 X122.439 Y116.845 E479.39961
G0 F7500 X122.439 Y116.28
G1 F1350 X112.56 Y126.159 E480.05016
G0 F7500 X112.56 Y125.593
G1 F1350 X122.439 Y115.714 E480.70071
G0 F7500 X122.439 Y115.148
G1 F1350 X112.56 Y125.027 E481.35126
G0 F7500 X112.56 Y124.462
G1 F1350 X122.439 Y114.583 E482.00181
G0 F7500 X122.439 Y114.017
G1 F1350 X112.56 Y123.896 E482.65235
G0 F7500 X112.56 Y123.33
G1 F1350 X122.439 Y113.451 E483.3029
G0 F7500 X122.439 Y112.886
G1 F1350 X112.56 Y122.765 E483.95345
G0 F7500 X112.56 Y122.199
G1 F1350 X122.439 Y112.32 E484.604
G0 F7500 X122.439 Y111.754
G1 F1350 X112.56 Y121.633 E485.25455
G0 F7500 X112.56 Y121.067
G1 F1350 X122.439 Y111.189 E485.90507
G0 F7500 X122.439 Y110.623
G1 F1350 X112.56 Y120.502 E486.55562
G0 F7500 X112.56 Y119.936
G1 F1350 X122.439 Y110.057 E487.20616
G0 F7500 X122.439 Y109.491
G1 F1350 X112.56 Y119.37 E487.85671
G0 F7500 X112.56 Y118.805
G1 F1350 X122.439 Y108.926 E488.50726
G0 F7500 X122.439 Y108.36
G1 F1350 X112.56 Y118.239 E489.15781
G0 F7500 X112.56 Y117.673
G1 F1350 X122.439 Y107.794 E489.80836
G0 F7500 X122.439 Y107.229
G1 F1350 X112.56 Y117.108 E490.45891
G0 F7500 X112.56 Y116.542
G1 F1350 X122.439 Y106.663 E491.10946
G0 F7500 X122.439 Y106.097
G1 F1350 X112.56 Y115.976 E491.76001
G0 F7500 X112.56 Y115.411
G1 F1350 X122.439 Y105.532 E492.41056
G0 F7500 X122.439 Y104.966
G1 F1350 X112.56 Y114.845 E493.06111
G0 F7500 X112.56 Y114.279
G1 F1350 X122.439 Y104.4 E493.71165
G0 F7500 X122.439 Y103.835
G1 F1350 X112.56 Y113.714 E494.3622
G0 F7500 X112.56 Y113.148
G1 F1350 X122.439 Y103.269 E495.01275
G0 F7500 X122.439 Y102.703
G1 F1350 X112.56 Y112.582 E495.6633
G0 F7500 X112.56 Y112.017
G1 F1350 X122.439 Y102.138 E496.31385
G0 F7500 X122.439 Y101.572
G1 F1350 X112.56 Y111.451 E496.9644
G0 F7500 X112.56 Y110.885
G1 F1350 X122.439 Y101.006 E497.61495
G0 F7500 X122.439 Y100.44
G1 F1350 X112.56 Y110.319 E498.2655
G0 F7500 X112.56 Y109.754
G1 F1350 X122.439 Y99.875 E498.91605
G0 F7500 X122.439 Y99.309
G1 F1350 X112.56 Y109.188 E499.5666
G0 F7500 X112.56 Y108.622
G1 F1350 X122.439 Y98.743 E500.21714
G0 F7500 X122.439 Y98.178
G1 F1350 X112.56 Y108.057 E500.86769
G0 F7500 X112.56 Y107.491
G1 F1350 X122.439 Y97.612 E501.51824
G0 F7500 X122.439 Y97.046
G1 F1350 X112.56 Y106.925 E502.16879
G0 F7500 X112.56 Y106.36
G1 F1350 X122.439 Y96.481 E502.81934
G0 F7500 X122.439 Y95.915
G1 F1350 X112.56 Y105.794 E503.46989
G0 F7500 X112.56 Y105.228
G1 F1350 X122.439 Y95.349 E504.12044
G0 F7500 X122.439 Y94.784
G1 F1350 X112.56 Y104.663 E504.77099
G0 F7500 X112.56 Y104.097
G1 F1350 X122.439 Y94.218 E505.42154
G0 F7500 X122.439 Y93.652
G1 F1350 X112.56 Y103.531 E506.07209
G0 F7500 X112.56 Y102.966
G1 F1350 X122.439 Y93.087 E506.72264
G0 F7500 X122.439 Y92.521
G1 F1350 X112.56 Y102.4 E507.37318
G0 F7500 X112.56 Y101.834
G1 F1350 X122.439 Y91.955 E508.02373
G0 F7500 X122.439 Y91.39
G1 F1350 X112.56 Y101.269 E508.67428
G0 F7500 X112.56 Y100.703
G1 F1350 X122.439 Y90.824 E509.32483
G0 F7500 X122.439 Y90.258
G1 F1350 X112.56 Y100.137 E509.97538
G0 F7500 X112.56 Y99.571
G1 F1350 X122.439 Y89.692 E510.62593
G0 F7500 X122.439 Y89.127
G1 F1350 X112.56 Y99.006 E511.27648
G0 F7500 X112.56 Y98.44
G1 F1350 X122.448 Y88.551 E511.92765
G0 F7500 X122.463 Y87.971
G1 F1350 X112.56 Y97.874 E512.57978
G0 F7500 X112.56 Y97.309
G1 F1350 X122.479 Y87.389 E513.233
G0 F7500 X122.494 Y86.809
G1 F1350 X112.56 Y96.743 E513.88717
G0 F7500 X112.56 Y96.177
G1 F1350 X122.509 Y86.228 E514.54233
G0 F7500 X122.523 Y85.648
G1 F1350 X112.56 Y95.612 E515.19844
G0 F7500 X112.56 Y95.046
G1 F1350 X122.538 Y85.067 E515.85554
G0 F7500 X122.553 Y84.487
G1 F1350 X112.56 Y94.48 E516.5136
G0 F7500 X112.56 Y93.915
G1 F1350 X122.569 Y83.905 E517.17274
G0 F7500 X122.584 Y83.325
G1 F1350 X112.56 Y93.349 E517.83284
G0 F7500 X112.56 Y92.783
G1 F1350 X122.598 Y82.744 E518.49389
G0 F7500 X122.613 Y82.164
G1 F1350 X112.56 Y92.218 E519.15593
G0 F7500 X112.56 Y91.652
G1 F1350 X122.633 Y81.578 E519.81929
G0 F7500 X122.68 Y80.965
G1 F1350 X112.56 Y91.086 E520.48574
G0 F7500 X112.56 Y90.52
G1 F1350 X122.728 Y80.352 E521.15532
G0 F7500 X122.775 Y79.739
G1 F1350 X112.56 Y89.955 E521.82803
G0 F7500 X112.56 Y89.389
G1 F1350 X122.823 Y79.126 E522.50387
G0 F7500 X122.87 Y78.513
G1 F1350 X112.556 Y88.827 E523.18306
G0 F7500 X112.541 Y88.276
G1 F1350 X122.917 Y77.9 E523.86634
G0 F7500 X122.965 Y77.287
G1 F1350 X112.527 Y87.725 E524.5537
G0 F7500 X112.513 Y87.173
G1 F1350 X123.012 Y76.674 E525.24507
G0 F7500 X123.06 Y76.06
G1 F1350 X112.498 Y86.622 E525.9406
G0 F7500 X112.484 Y86.071
G1 F1350 X123.107 Y75.447 E526.64018
G0 F7500 X123.155 Y74.834
G1 F1350 X112.47 Y85.519 E527.3438
G0 F7500 X112.455 Y84.968
G1 F1350 X123.204 Y74.22 E528.05161
G0 F7500 X123.288 Y73.57
G1 F1350 X112.441 Y84.417 E528.7659
G0 F7500 X112.427 Y83.865
G1 F1350 X123.371 Y72.921 E529.48658
G0 F7500 X123.455 Y72.271
G1 F1350 X112.412 Y83.314 E530.21378
G0 F7500 X112.398 Y82.763
G1 F1350 X123.54 Y71.621 E530.9475
G0 F7500 X123.624 Y70.971
G1 F1350 X112.384 Y82.211 E531.68768
G0 F7500 X112.369 Y81.66
G1 F1350 X123.708 Y70.321 E532.43437
G0 F7500 X123.792 Y69.671
G1 F1350 X112.332 Y81.132 E533.18906
G0 F7500 X112.292 Y80.606
G1 F1350 X123.876 Y69.022 E533.95189
G0 F7500 X123.96 Y68.372
G1 F1350 X112.251 Y80.081 E534.72295
G0 F7500 X112.21 Y79.557
G1 F1350 X124.044 Y67.723 E535.50224
G0 F7500 X124.128 Y67.073
G1 F1350 X112.169 Y79.031 E536.28972
G0 F7500 X112.128 Y78.507
G1 F1350 X124.247 Y66.388 E537.08778
G0 F7500 X124.373 Y65.696
G1 F1350 X112.088 Y77.981 E537.89677
G0 F7500 X112.047 Y77.457
G1 F1350 X124.499 Y65.005 E538.71675
G0 F7500 X124.625 Y64.313
G1 F1350 X112.006 Y76.932 E539.54774
G0 F7500 X111.966 Y76.407
G1 F1350 X124.751 Y63.621 E540.38968
G0 F7500 X124.877 Y62.93
G1 F1350 X111.925 Y75.882 E541.24259
G0 F7500 X111.884 Y75.357
G1 F1350 X125.003 Y62.238 E542.1065
G0 F7500 X125.129 Y61.546
G1 F1350 X111.843 Y74.832 E542.98141
G0 F7500 X111.802 Y74.307
G1 F1350 X125.255 Y60.855 E543.86728
G0 F7500 X125.381 Y60.163
G1 F1350 X111.741 Y73.802 E544.76546
G0 F7500 X111.676 Y73.302
G1 F1350 X125.437 Y59.541 E545.67165
G0 F7500 X125.437 Y58.975
G1 F1350 X111.611 Y72.801 E546.58211
G0 F7500 X111.547 Y72.3
G1 F1350 X125.437 Y58.409 E547.49683
G0 F7500 X125.437 Y57.844
G1 F1350 X111.482 Y71.799 E548.41579
G0 F7500 X111.417 Y71.298
G1 F1350 X125.437 Y57.278 E549.33903
G0 F7500 X125.437 Y56.712
G1 F1350 X111.352 Y70.798 E550.26658
G0 F7500 X111.287 Y70.297
G1 F1350 X125.437 Y56.147 E551.19838
G0 F7500 X125.437 Y55.581
G1 F1350 X111.222 Y69.796 E552.13447
G0 F7500 X111.157 Y69.295
G1 F1350 X125.437 Y55.015 E553.07483
G0 F7500 X125.437 Y54.45
G1 F1350 X111.092 Y68.795 E554.01947
G0 F7500 X111.027 Y68.294
G1 F1350 X125.437 Y53.884 E554.96839
G0 F7500 X125.437 Y53.318
G1 F1350 X110.962 Y67.793 E555.9216
G0 F7500 X110.898 Y67.292
G1 F1350 X125.437 Y52.752 E556.87905
G0 F7500 X125.437 Y52.187
G1 F1350 X110.826 Y66.798 E557.84121
G0 F7500 X110.739 Y66.32
G1 F1350 X125.437 Y51.621 E558.80913
G0 F7500 X125.437 Y51.055
G1 F1350 X110.651 Y65.842 E559.78285
G0 F7500 X110.564 Y65.363
G1 F1350 X125.437 Y50.49 E560.76226
G0 F7500 X125.437 Y49.924
G1 F1350 X110.476 Y64.885 E561.74747
G0 F7500 X110.389 Y64.406
G1 F1350 X125.437 Y49.358 E562.7384
G0 F7500 X125.437 Y48.793
G1 F1350 X110.303 Y63.928 E563.73504
G0 F7500 X110.215 Y63.45
G1 F1350 X125.437 Y48.227 E564.73746
G0 F7500 X125.437 Y47.661
G1 F1350 X110.128 Y62.971 E565.74562
G0 F7500 X110.04 Y62.493
G1 F1350 X125.437 Y47.096 E566.75954
G0 F7500 X125.437 Y46.53
G1 F1350 X109.953 Y62.014 E567.77919
G0 F7500 X109.866 Y61.535
G1 F1350 X125.437 Y45.964 E568.80456
G0 F7500 X125.437 Y45.399
G1 F1350 X109.779 Y61.057 E569.83567
G0 F7500 X109.692 Y60.579
G1 F1350 X125.437 Y44.833 E570.87254
G0 F7500 X125.437 Y44.267
G1 F1350 X109.605 Y60.1 E571.91513
G0 F7500 X109.56 Y59.579
G1 F1350 X125.437 Y43.702 E572.96066
G0 F7500 X125.437 Y43.136
G1 F1350 X109.56 Y59.013 E574.00619
G0 F7500 X109.56 Y58.448
G1 F1350 X125.437 Y42.57 E575.05175
G0 F7500 X125.437 Y42.004
G1 F1350 X109.56 Y57.882 E576.09731
G0 F7500 X109.56 Y57.316
G1 F1350 X125.437 Y41.439 E577.14284
G0 F7500 X125.437 Y40.873
G1 F1350 X109.56 Y56.75 E578.18837
G0 F7500 X109.56 Y56.185
G1 F1350 X125.437 Y40.307 E579.23393
G0 F7500 X125.437 Y39.742
G1 F1350 X109.56 Y55.619 E580.27945
G0 F7500 X109.56 Y55.053
G1 F1350 X125.437 Y39.176 E581.32498
G0 F7500 X125.437 Y38.61
G1 F1350 X109.56 Y54.488 E582.37054
G0 F7500 X109.56 Y53.922
G1 F1350 X125.437 Y38.045 E583.41607
G0 F7500 X125.437 Y37.479
G1 F1350 X109.56 Y53.356 E584.4616
G0 F7500 X109.56 Y52.791
G1 F1350 X125.437 Y36.913 E585.50716
G0 F7500 X125.225 Y36.56
G1 F1350 X109.56 Y52.225 E586.53872
G0 F7500 X109.56 Y51.659
G1 F1350 X124.659 Y36.56 E587.53302
G0 F7500 X124.093 Y36.56
G1 F1350 X109.56 Y51.094 E588.49008
G0 F7500 X109.56 Y50.528
G1 F1350 X123.528 Y36.56 E589.40989
G0 F7500 X122.962 Y36.56
G1 F1350 X109.56 Y49.962 E590.29244
G0 F7500 X109.56 Y49.397
G1 F1350 X122.396 Y36.56 E591.13774
G0 F7500 X121.83 Y36.56
G1 F1350 X109.56 Y48.831 E591.94578
G0 F7500 X109.56 Y48.265
G1 F1350 X121.265 Y36.56 E592.71657
G0 F7500 X120.699 Y36.56
G1 F1350 X109.56 Y47.7 E593.45012
G0 F7500 X109.56 Y47.134
G1 F1350 X120.133 Y36.56 E594.14641
G0 F7500 X119.568 Y36.56
G1 F1350 X109.56 Y46.568 E594.80545
G0 F7500 X109.56 Y46.002
G1 F1350 X119.002 Y36.56 E595.42722
G0 F7500 X118.436 Y36.56
G1 F1350 X109.56 Y45.437 E596.01176
G0 F7500 X109.56 Y44.871
G1 F1350 X117.871 Y36.56 E596.55905
G0 F7500 X117.305 Y36.56
G1 F1350 X109.56 Y44.305 E597.06907
G0 F7500 X109.56 Y43.74
G1 F1350 X116.739 Y36.56 E597.54185
G0 F7500 X116.174 Y36.56
G1 F1350 X109.56 Y43.174 E597.9774
G0 F7500 X109.56 Y42.608
G1 F1350 X115.608 Y36.56 E598.37567
G0 F7500 X115.042 Y36.56
G1 F1350 X109.56 Y42.043 E598.7367
G0 F7500 X109.56 Y41.477
G1 F1350 X114.477 Y36.56 E599.06049
G0 F7500 X113.911 Y36.56
G1 F1350 X109.56 Y40.911 E599.34701
G0 F7500 X109.56 Y40.346
G1 F1350 X113.345 Y36.56 E599.59629
G0 F7500 X112.779 Y36.56
G1 F1350 X109.56 Y39.78 E599.8083
G0 F7500 X109.56 Y39.214
G1 F1350 X112.214 Y36.56 E599.98307
G0 F7500 X111.648 Y36.56
G1 F1350 X109.56 Y38.649 E600.12061
G0 F7500 X109.56 Y38.083
G1 F1350 X111.082 Y36.56 E600.22087
G0 F7500 X110.517 Y36.56
G1 F1350 X109.56 Y37.517 E600.28389
G0 F7500 X109.56 Y36.951
G1 F1350 X109.951 Y36.56 E600.30963
G1 F2700 E595.30963
;MESH:NONMESH
G0 F300 X109.951 Y36.56 Z0.84
G0 F7500 X109.951 Y36.1
G0 X109.172 Y36.172
G0 X109.162 Y59.896
G0 X111.083 Y74.337
G0 X111.65 Y81.659
G0 X111.839 Y88.99
G0 X111.839 Y146.01
G0 X111.65 Y153.341
G0 X111.083 Y160.663
G0 X110.14 Y167.947
G0 X109.149 Y173.192
G0 X109 Y199
;TIME_ELAPSED:670.197043
;LAYER:2
M106 S170
;TYPE:WALL-INNER
;MESH:D638-22 Tensile.STL
G1 F2700 E600.30963
G1 F1500 X126 Y199 E601.10122
G1 X126 Y175.858 E602.17881
G1 X126 Y175.089 E602.21462
G1 X124.701 Y167.971 E602.55154
G1 X123.754 Y160.654 E602.89509
G1 X123.188 Y153.323 E603.23747
G1 X123 Y146.027 E603.57731
G1 X123 Y88.973 E606.23399
G1 X123.19 Y81.624 E606.5763
G1 X123.754 Y74.346 E606.91621
G1 X124.701 Y67.027 E607.25986
G1 X125.999 Y59.907 E607.59686
G1 X126 Y36 E608.71007
G1 X109 Y36 E609.50166
G1 X109.001 Y59.911 E610.61506
G1 X110.299 Y67.028 E610.95192
G1 X111.246 Y74.345 E611.29547
G1 X111.81 Y81.625 E611.63547
G1 X112 Y88.973 E611.97774
G1 X112 Y146.027 E614.63442
G1 X111.812 Y153.324 E614.97431
G1 X111.245 Y160.664 E615.31711
G1 X110.299 Y167.972 E615.66024
G1 X109 Y175.093 E615.99729
G1 X109 Y199 E617.1105
G1 F2700 E612.1105
G0 F9000 X125.828 Y198.828
G0 X125.839 Y175.105
G0 X124.797 Y167.931
G1 F2700 E617.1105
G0 F9000 X125.094 Y167.894
G1 F1500 X126.4 Y175.053 E617.44936
G1 X126.4 Y175.858 E617.48684
G1 X126.4 Y199.4 E618.58305
G1 X108.6 Y199.4 E619.4119
G1 X108.6 Y175.057 E620.54541
G1 X109.906 Y167.896 E620.88436
G1 X110.844 Y160.654 E621.22439
G1 X111.411 Y153.345 E621.56575
G1 X111.6 Y146.017 E621.90709
G1 X111.6 Y88.983 E624.56283
G1 X111.411 Y81.656 E624.90412
G1 X110.847 Y74.376 E625.24412
G1 X109.906 Y67.105 E625.58551
G1 X108.601 Y59.947 E625.92431
G1 X108.6 Y35.6 E627.05801
G1 X126.4 Y35.6 E627.88685
G1 X126.399 Y59.943 E629.02037
G1 X125.094 Y67.104 E629.3593
G1 X124.156 Y74.346 E629.69934
G1 X123.589 Y81.655 E630.0407
G1 X123.4 Y88.983 E630.38203
G1 X123.4 Y146.017 E633.03778
G1 X123.589 Y153.343 E633.37902
G1 X124.156 Y160.654 E633.72047
G1 X125.094 Y167.894 E634.06041
G1 F2700 E629.06041
G0 F9000 X124.797 Y167.931
G0 X126.198 Y175.072
G0 X126.082 Y199.082
G0 X108.47 Y199.53
G1 F2700 E634.06041
G0 F9000 X108.2 Y199.8
;TYPE:WALL-OUTER
G1 F1500 X126.8 Y199.8 E634.92651
G1 X126.8 Y175.858 E636.04135
G1 X126.8 Y175.017 E636.08051
G1 X125.491 Y167.842 E636.42012
G1 X124.552 Y160.592 E636.76053
G1 X123.988 Y153.302 E637.101
G1 X123.8 Y146.007 E637.4408
G1 X123.8 Y88.993 E640.09561
G1 X123.988 Y81.686 E640.43597
G1 X124.553 Y74.398 E640.77634
G1 X125.493 Y67.146 E641.11685
G1 X126.799 Y59.979 E641.45607
G1 X126.8 Y35.2 E642.60989
G1 X108.2 Y35.2 E643.47598
G1 X108.201 Y59.983 E644.62998
G1 X109.509 Y67.157 E644.96954
G1 X110.448 Y74.407 E645.30995
G1 X111.012 Y81.697 E645.65042
G1 X111.2 Y88.993 E645.99026
G1 X111.2 Y146.007 E648.64507
G1 X111.012 Y153.314 E648.98543
G1 X110.447 Y160.602 E649.32581
G1 X109.507 Y167.854 E649.66632
G1 X108.2 Y175.021 E650.00555
G1 X108.2 Y199.8 E651.15936
G0 F9000 X108.47 Y199.53
G0 X109.1 Y198.64
G0 X109.36 Y198.64
;TYPE:SKIN
G1 F1500 X125.64 Y198.64 E651.91742
G1 X125.64 Y175.858 E652.97825
G1 X125.64 Y175.122 E653.01252
G1 X124.341 Y168.004 E653.34944
G1 X123.401 Y160.741 E653.69046
G1 X122.831 Y153.391 E654.03373
G1 X122.64 Y146.04 E654.37614
G1 X122.64 Y88.961 E657.03398
G1 X122.828 Y81.657 E657.37419
G1 X123.402 Y74.247 E657.72027
G1 X124.343 Y66.983 E658.06134
G1 X125.639 Y59.872 E658.39791
G1 X125.639 Y36.361 E659.49268
G1 X109.361 Y36.361 E660.25065
G1 X109.361 Y59.879 E661.34575
G1 X110.659 Y66.995 E661.68257
G1 X111.599 Y74.258 E662.02358
G1 X112.169 Y81.606 E662.36676
G1 X112.36 Y88.961 E662.70936
G1 X112.36 Y146.04 E665.3672
G1 X112.172 Y153.343 E665.70737
G1 X111.598 Y160.752 E666.0534
G1 X110.657 Y168.017 E666.39451
G1 X109.36 Y175.128 E666.73109
G1 X109.36 Y198.64 E667.82591
G0 F9000 X109.559 Y198.372
G1 F1500 X109.626 Y198.438 E667.83029
G0 F9000 X110.191 Y198.438
G1 F1500 X109.559 Y197.806 E667.87191
G0 F9000 X109.559 Y197.241
G1 F1500 X110.757 Y198.438 E667.95076
G0 F9000 X111.323 Y198.438
G1 F1500 X109.559 Y196.675 E668.06689
G0 F9000 X109.559 Y196.109
G1 F1500 X111.889 Y198.438 E668.22029
G0 F9000 X112.454 Y198.438
G1 F1500 X109.559 Y195.544 E668.4109
G0 F9000 X109.559 Y194.978
G1 F1500 X113.02 Y198.438 E668.63878
G0 F9000 X113.586 Y198.438
G1 F1500 X109.559 Y194.412 E668.90393
G0 F9000 X109.559 Y193.846
G1 F1500 X114.151 Y198.438 E669.20632
G0 F9000 X114.717 Y198.438
G1 F1500 X109.559 Y193.281 E669.54595
G0 F9000 X109.559 Y192.715
G1 F1500 X115.283 Y198.438 E669.92286
G0 F9000 X115.848 Y198.438
G1 F1500 X109.559 Y192.149 E670.337
G0 F9000 X109.559 Y191.584
G1 F1500 X116.414 Y198.438 E670.78838
G0 F9000 X116.98 Y198.438
G1 F1500 X109.559 Y191.018 E671.27703
G0 F9000 X109.559 Y190.452
G1 F1500 X117.545 Y198.438 E671.80292
G0 F9000 X118.111 Y198.438
G1 F1500 X109.559 Y189.887 E672.36605
G0 F9000 X109.559 Y189.321
G1 F1500 X118.677 Y198.438 E672.96646
G0 F9000 X119.242 Y198.438
G1 F1500 X109.559 Y188.755 E673.6041
G0 F9000 X109.559 Y188.19
G1 F1500 X119.808 Y198.438 E674.27898
G0 F9000 X120.374 Y198.438
G1 F1500 X109.559 Y187.624 E674.99113
G0 F9000 X109.559 Y187.058
G1 F1500 X120.94 Y198.438 E675.74056
G0 F9000 X121.505 Y198.438
G1 F1500 X109.559 Y186.493 E676.52719
G0 F9000 X109.559 Y185.927
G1 F1500 X122.071 Y198.438 E677.35109
G0 F9000 X122.637 Y198.438
G1 F1500 X109.559 Y185.361 E678.21227
G0 F9000 X109.559 Y184.795
G1 F1500 X123.202 Y198.438 E679.11068
G0 F9000 X123.768 Y198.438
G1 F1500 X109.559 Y184.23 E680.04634
G0 F9000 X109.559 Y183.664
G1 F1500 X124.334 Y198.438 E681.01926
G0 F9000 X124.899 Y198.438
G1 F1500 X109.559 Y183.098 E682.02943
G0 F9000 X109.559 Y182.533
G1 F1500 X125.44 Y198.413 E683.07519
G0 F9000 X125.44 Y197.847
G1 F1500 X109.559 Y181.967 E684.12095
G0 F9000 X109.559 Y181.401
G1 F1500 X125.44 Y197.282 E685.16674
G0 F9000 X125.44 Y196.716
G1 F1500 X109.559 Y180.836 E686.21249
G0 F9000 X109.559 Y180.27
G1 F1500 X125.44 Y196.15 E687.25825
G0 F9000 X125.44 Y195.585
G1 F1500 X109.559 Y179.704 E688.30404
G0 F9000 X109.559 Y179.139
G1 F1500 X125.44 Y195.019 E689.3498
G0 F9000 X125.44 Y194.453
G1 F1500 X109.559 Y178.573 E690.39556
G0 F9000 X109.559 Y178.007
G1 F1500 X125.44 Y193.887 E691.44132
G0 F9000 X125.44 Y193.322
G1 F1500 X109.559 Y177.442 E692.48708
G0 F9000 X109.559 Y176.876
G1 F1500 X125.44 Y192.756 E693.53283
G0 F9000 X125.44 Y192.19
G1 F1500 X109.559 Y176.31 E694.57859
G0 F9000 X109.559 Y175.745
G1 F1500 X125.44 Y191.625 E695.62435
G0 F9000 X125.44 Y191.059
G1 F1500 X109.559 Y175.179 E696.67011
G0 F9000 X109.641 Y174.695
G1 F1500 X125.44 Y190.493 E697.71047
G0 F9000 X125.44 Y189.928
G1 F1500 X109.728 Y174.216 E698.74513
G0 F9000 X109.815 Y173.738
G1 F1500 X125.44 Y189.362 E699.77403
G0 F9000 X125.44 Y188.796
G1 F1500 X109.903 Y173.26 E700.79713
G0 F9000 X109.99 Y172.781
G1 F1500 X125.44 Y188.231 E701.81454
G0 F9000 X125.44 Y187.665
G1 F1500 X110.078 Y172.303 E702.82616
G0 F9000 X110.165 Y171.824
G1 F1500 X125.44 Y187.099 E703.83204
G0 F9000 X125.44 Y186.534
G1 F1500 X110.252 Y171.346 E704.8322
G0 F9000 X110.339 Y170.868
G1 F1500 X125.44 Y185.968 E705.82659
G0 F9000 X125.44 Y185.402
G1 F1500 X110.426 Y170.389 E706.81526
G0 F9000 X110.514 Y169.911
G1 F1500 X125.44 Y184.837 E707.79816
G0 F9000 X125.44 Y184.271
G1 F1500 X110.601 Y169.432 E708.77533
G0 F9000 X110.689 Y168.954
G1 F1500 X125.44 Y183.705 E709.74671
G0 F9000 X125.44 Y183.139
G1 F1500 X110.776 Y168.475 E710.71236
G0 F9000 X110.861 Y167.995
G1 F1500 X125.44 Y182.574 E711.67241
G0 F9000 X125.44 Y182.008
G1 F1500 X110.926 Y167.495 E712.62815
G0 F9000 X110.991 Y166.993
G1 F1500 X125.44 Y181.442 E713.57964
G0 F9000 X125.44 Y180.877
G1 F1500 X111.056 Y166.493 E714.52685
G0 F9000 X111.12 Y165.991
G1 F1500 X125.44 Y180.311 E715.46985
G0 F9000 X125.44 Y179.745
G1 F1500 X111.185 Y165.491 E716.40853
G0 F9000 X111.25 Y164.99
G1 F1500 X125.44 Y179.18 E717.34297
G0 F9000 X125.44 Y178.614
G1 F1500 X111.314 Y164.489 E718.27316
G0 F9000 X111.379 Y163.988
G1 F1500 X125.44 Y178.048 E719.19906
G0 F9000 X125.44 Y177.483
G1 F1500 X111.444 Y163.487 E720.12072
G0 F9000 X111.509 Y162.986
G1 F1500 X125.44 Y176.917 E721.0381
G0 F9000 X125.44 Y176.351
G1 F1500 X111.573 Y162.485 E721.95124
G0 F9000 X111.638 Y161.984
G1 F1500 X125.44 Y175.786 E722.86012
G0 F9000 X125.44 Y175.22
G1 F1500 X111.703 Y161.484 E723.76469
G0 F9000 X111.768 Y160.982
G1 F1500 X125.331 Y174.546 E724.65787
G0 F9000 X125.205 Y173.854
G1 F1500 X111.819 Y160.468 E725.53937
G0 F9000 X111.86 Y159.943
G1 F1500 X125.079 Y173.162 E726.40986
G0 F9000 X124.953 Y172.471
G1 F1500 X111.901 Y159.418 E727.26939
G0 F9000 X111.941 Y158.893
G1 F1500 X124.826 Y171.778 E728.11789
G0 F9000 X124.7 Y171.086
G1 F1500 X111.982 Y158.368 E728.95539
G0 F9000 X112.022 Y157.843
G1 F1500 X124.574 Y170.395 E729.78196
G0 F9000 X124.447 Y169.702
G1 F1500 X112.063 Y157.318 E730.59747
G0 F9000 X112.104 Y156.793
G1 F1500 X124.322 Y169.011 E731.40204
G0 F9000 X124.195 Y168.318
G1 F1500 X112.145 Y156.268 E732.19556
G0 F9000 X112.185 Y155.743
G1 F1500 X124.095 Y167.652 E732.97982
G0 F9000 X124.01 Y167.003
G1 F1500 X112.226 Y155.218 E733.75585
G0 F9000 X112.266 Y154.693
G1 F1500 X123.926 Y166.353 E734.52368
G0 F9000 X123.841 Y165.702
G1 F1500 X112.307 Y154.168 E735.28321
G0 F9000 X112.347 Y153.642
G1 F1500 X123.757 Y165.052 E736.03458
G0 F9000 X123.673 Y164.403
G1 F1500 X112.377 Y153.107 E736.77844
G0 F9000 X112.391 Y152.555
G1 F1500 X123.589 Y163.753 E737.51585
G0 F9000 X123.505 Y163.103
G1 F1500 X112.405 Y152.003 E738.2468
G0 F9000 X112.42 Y151.452
G1 F1500 X123.421 Y162.453 E738.97124
G0 F9000 X123.337 Y161.803
G1 F1500 X112.434 Y150.9 E739.68922
G0 F9000 X112.448 Y150.349
G1 F1500 X123.252 Y161.153 E740.40068
G0 F9000 X123.183 Y160.518
G1 F1500 X112.463 Y149.798 E741.10661
G0 F9000 X112.477 Y149.246
G1 F1500 X123.136 Y159.905 E741.80852
G0 F9000 X123.088 Y159.292
G1 F1500 X112.491 Y148.695 E742.50635
G0 F9000 X112.505 Y148.143
G1 F1500 X123.04 Y158.679 E743.20013
G0 F9000 X122.993 Y158.065
G1 F1500 X112.519 Y147.592 E743.88983
G0 F9000 X112.533 Y147.04
G1 F1500 X122.946 Y157.452 E744.57551
G0 F9000 X122.897 Y156.839
G1 F1500 X112.548 Y146.489 E745.25705
G0 F9000 X112.559 Y145.934
G1 F1500 X122.85 Y156.226 E745.93476
G0 F9000 X122.803 Y155.612
G1 F1500 X112.559 Y145.369 E746.60931
G0 F9000 X112.559 Y144.803
G1 F1500 X122.755 Y154.999 E747.28073
G0 F9000 X122.707 Y154.386
G1 F1500 X112.559 Y144.237 E747.94903
G0 F9000 X112.559 Y143.672
G1 F1500 X122.66 Y153.773 E748.6142
G0 F9000 X122.626 Y153.173
G1 F1500 X112.559 Y143.106 E749.27713
G0 F9000 X112.559 Y142.54
G1 F1500 X122.61 Y152.592 E749.93904
G0 F9000 X122.596 Y152.011
G1 F1500 X112.559 Y141.975 E750.59996
G0 F9000 X112.559 Y141.409
G1 F1500 X122.58 Y151.43 E751.25986
G0 F9000 X122.565 Y150.849
G1 F1500 X112.559 Y140.843 E751.91877
G0 F9000 X112.559 Y140.277
G1 F1500 X122.55 Y150.268 E752.57669
G0 F9000 X122.535 Y149.688
G1 F1500 X112.559 Y139.712 E753.23363
G0 F9000 X112.559 Y139.146
G1 F1500 X122.52 Y149.107 E753.88958
G0 F9000 X122.504 Y148.526
G1 F1500 X112.559 Y138.58 E754.54451
G0 F9000 X112.559 Y138.015
G1 F1500 X122.489 Y147.945 E755.19841
G0 F9000 X122.474 Y147.364
G1 F1500 X112.559 Y137.449 E755.85133
G0 F9000 X112.559 Y136.883
G1 F1500 X122.459 Y146.784 E756.5033
G0 F9000 X122.444 Y146.202
G1 F1500 X112.559 Y136.318 E757.15421
G0 F9000 X112.559 Y135.752
G1 F1500 X122.439 Y145.632 E757.80483
G0 F9000 X122.439 Y145.067
G1 F1500 X112.559 Y135.186 E758.45547
G0 F9000 X112.559 Y134.621
G1 F1500 X122.439 Y144.501 E759.10609
G0 F9000 X122.439 Y143.935
G1 F1500 X112.559 Y134.055 E759.7567
G0 F9000 X112.559 Y133.489
G1 F1500 X122.439 Y143.37 E760.40735
G0 F9000 X122.439 Y142.804
G1 F1500 X112.559 Y132.924 E761.05797
G0 F9000 X112.559 Y132.358
G1 F1500 X122.439 Y142.238 E761.70858
G0 F9000 X122.439 Y141.673
G1 F1500 X112.559 Y131.792 E762.35923
G0 F9000 X112.559 Y131.226
G1 F1500 X122.439 Y141.107 E763.00988
G0 F9000 X122.439 Y140.541
G1 F1500 X112.559 Y130.661 E763.66049
G0 F9000 X112.559 Y130.095
G1 F1500 X122.439 Y139.976 E764.31114
G0 F9000 X122.439 Y139.41
G1 F1500 X112.559 Y129.529 E764.96179
G0 F9000 X112.559 Y128.964
G1 F1500 X122.439 Y138.844 E765.6124
G0 F9000 X122.439 Y138.278
G1 F1500 X112.559 Y128.398 E766.26302
G0 F9000 X112.559 Y127.832
G1 F1500 X122.439 Y137.713 E766.91366
G0 F9000 X122.439 Y137.147
G1 F1500 X112.559 Y127.267 E767.56428
G0 F9000 X112.559 Y126.701
G1 F1500 X122.439 Y136.581 E768.21489
G0 F9000 X122.439 Y136.016
G1 F1500 X112.559 Y126.135 E768.86554
G0 F9000 X112.559 Y125.57
G1 F1500 X122.439 Y135.45 E769.51616
G0 F9000 X122.439 Y134.884
G1 F1500 X112.559 Y125.004 E770.16677
G0 F9000 X112.559 Y124.438
G1 F1500 X122.439 Y134.319 E770.81742
G0 F9000 X122.439 Y133.753
G1 F1500 X112.559 Y123.873 E771.46803
G0 F9000 X112.559 Y123.307
G1 F1500 X122.439 Y133.187 E772.11865
G0 F9000 X122.439 Y132.622
G1 F1500 X112.559 Y122.741 E772.7693
G0 F9000 X112.559 Y122.176
G1 F1500 X122.439 Y132.056 E773.41991
G0 F9000 X122.439 Y131.49
G1 F1500 X112.559 Y121.61 E774.07053
G0 F9000 X112.559 Y121.044
G1 F1500 X122.439 Y130.925 E774.72117
G0 F9000 X122.439 Y130.359
G1 F1500 X112.559 Y120.478 E775.37182
G0 F9000 X112.559 Y119.913
G1 F1500 X122.439 Y129.793 E776.02244
G0 F9000 X122.439 Y129.228
G1 F1500 X112.559 Y119.347 E776.67308
G0 F9000 X112.559 Y118.781
G1 F1500 X122.439 Y128.662 E777.32373
G0 F9000 X122.439 Y128.096
G1 F1500 X112.559 Y118.216 E777.97435
G0 F9000 X112.559 Y117.65
G1 F1500 X122.439 Y127.53 E778.62496
G0 F9000 X122.439 Y126.965
G1 F1500 X112.559 Y117.084 E779.27561
G0 F9000 X112.559 Y116.519
G1 F1500 X122.439 Y126.399 E779.92622
G0 F9000 X122.439 Y125.833
G1 F1500 X112.559 Y115.953 E780.57684
G0 F9000 X112.559 Y115.387
G1 F1500 X122.439 Y125.268 E781.22749
G0 F9000 X122.439 Y124.702
G1 F1500 X112.559 Y114.822 E781.8781
G0 F9000 X112.559 Y114.256
G1 F1500 X122.439 Y124.136 E782.52872
G0 F9000 X122.439 Y123.571
G1 F1500 X112.559 Y113.69 E783.17936
G0 F9000 X112.559 Y113.125
G1 F1500 X122.439 Y123.005 E783.82998
G0 F9000 X122.439 Y122.439
G1 F1500 X112.559 Y112.559 E784.48059
G0 F9000 X112.559 Y111.993
G1 F1500 X122.439 Y121.874 E785.13124
G0 F9000 X122.439 Y121.308
G1 F1500 X112.559 Y111.428 E785.78186
G0 F9000 X112.559 Y110.862
G1 F1500 X122.439 Y120.742 E786.43247
G0 F9000 X122.439 Y120.177
G1 F1500 X112.559 Y110.296 E787.08312
G0 F9000 X112.559 Y109.73
G1 F1500 X122.439 Y119.611 E787.73377
G0 F9000 X122.439 Y119.045
G1 F1500 X112.559 Y109.165 E788.38438
G0 F9000 X112.559 Y108.599
G1 F1500 X122.439 Y118.479 E789.035
G0 F9000 X122.439 Y117.914
G1 F1500 X112.559 Y108.033 E789.68565
G0 F9000 X112.559 Y107.468
G1 F1500 X122.439 Y117.348 E790.33626
G0 F9000 X122.439 Y116.782
G1 F1500 X112.559 Y106.902 E790.98688
G0 F9000 X112.559 Y106.336
G1 F1500 X122.439 Y116.217 E791.63752
G0 F9000 X122.439 Y115.651
G1 F1500 X112.559 Y105.771 E792.28814
G0 F9000 X112.559 Y105.205
G1 F1500 X122.439 Y115.085 E792.93875
G0 F9000 X122.439 Y114.52
G1 F1500 X112.559 Y104.639 E793.5894
G0 F9000 X112.559 Y104.074
G1 F1500 X122.439 Y113.954 E794.24002
G0 F9000 X122.439 Y113.388
G1 F1500 X112.559 Y103.508 E794.89063
G0 F9000 X112.559 Y102.942
G1 F1500 X122.439 Y112.823 E795.54128
G0 F9000 X122.439 Y112.257
G1 F1500 X112.559 Y102.377 E796.19189
G0 F9000 X112.559 Y101.811
G1 F1500 X122.439 Y111.691 E796.84251
G0 F9000 X122.439 Y111.126
G1 F1500 X112.559 Y101.245 E797.49316
G0 F9000 X112.559 Y100.679
G1 F1500 X122.439 Y110.56 E798.1438
G0 F9000 X122.439 Y109.994
G1 F1500 X112.559 Y100.114 E798.79442
G0 F9000 X112.559 Y99.548
G1 F1500 X122.439 Y109.429 E799.44507
G0 F9000 X122.439 Y108.863
G1 F1500 X112.559 Y98.982 E800.09571
G0 F9000 X112.559 Y98.417
G1 F1500 X122.439 Y108.297 E800.74633
G0 F9000 X122.439 Y107.731
G1 F1500 X112.559 Y97.851 E801.39694
G0 F9000 X112.559 Y97.285
G1 F1500 X122.439 Y107.166 E802.04759
G0 F9000 X122.439 Y106.6
G1 F1500 X112.559 Y96.72 E802.69821
G0 F9000 X112.559 Y96.154
G1 F1500 X122.439 Y106.034 E803.34882
G0 F9000 X122.439 Y105.469
G1 F1500 X112.559 Y95.588 E803.99947
G0 F9000 X112.559 Y95.023
G1 F1500 X122.439 Y104.903 E804.65008
G0 F9000 X122.439 Y104.337
G1 F1500 X112.559 Y94.457 E805.3007
G0 F9000 X112.559 Y93.891
G1 F1500 X122.439 Y103.772 E805.95135
G0 F9000 X122.439 Y103.206
G1 F1500 X112.559 Y93.326 E806.60196
G0 F9000 X112.559 Y92.76
G1 F1500 X122.439 Y102.64 E807.25258
G0 F9000 X122.439 Y102.075
G1 F1500 X112.559 Y92.194 E807.90322
G0 F9000 X112.559 Y91.629
G1 F1500 X122.439 Y101.509 E808.55384
G0 F9000 X122.439 Y100.943
G1 F1500 X112.559 Y91.063 E809.20445
G0 F9000 X112.559 Y90.497
G1 F1500 X122.439 Y100.378 E809.8551
G0 F9000 X122.439 Y99.812
G1 F1500 X112.559 Y89.931 E810.50575
G0 F9000 X112.559 Y89.366
G1 F1500 X122.439 Y99.246 E811.15636
G0 F9000 X122.439 Y98.68
G1 F1500 X112.555 Y88.796 E811.80724
G0 F9000 X112.539 Y88.215
G1 F1500 X122.439 Y98.115 E812.45917
G0 F9000 X122.439 Y97.549
G1 F1500 X112.524 Y87.634 E813.11209
G0 F9000 X112.509 Y87.053
G1 F1500 X122.439 Y96.983 E813.766
G0 F9000 X122.439 Y96.418
G1 F1500 X112.494 Y86.472 E814.42093
G0 F9000 X112.479 Y85.892
G1 F1500 X122.439 Y95.852 E815.07681
G0 F9000 X122.439 Y95.286
G1 F1500 X112.463 Y85.311 E815.73372
G0 F9000 X112.449 Y84.73
G1 F1500 X122.439 Y94.721 E816.39161
G0 F9000 X122.439 Y94.155
G1 F1500 X112.433 Y84.149 E817.05052
G0 F9000 X112.418 Y83.568
G1 F1500 X122.439 Y93.589 E817.71042
G0 F9000 X122.439 Y93.024
G1 F1500 X112.403 Y82.987 E818.37134
G0 F9000 X112.388 Y82.406
G1 F1500 X122.439 Y92.458 E819.03325
G0 F9000 X122.439 Y91.892
G1 F1500 X112.373 Y81.826 E819.69611
G0 F9000 X112.339 Y81.226
G1 F1500 X122.439 Y91.327 E820.36125
G0 F9000 X122.439 Y90.761
G1 F1500 X112.291 Y80.613 E821.02951
G0 F9000 X112.244 Y79.999
G1 F1500 X122.439 Y90.195 E821.7009
G0 F9000 X122.439 Y89.63
G1 F1500 X112.196 Y79.386 E822.37545
G0 F9000 X112.148 Y78.773
G1 F1500 X122.439 Y89.064 E823.05313
G0 F9000 X122.451 Y88.509
G1 F1500 X112.101 Y78.16 E823.73467
G0 F9000 X112.053 Y77.546
G1 F1500 X122.465 Y87.958 E824.42031
G0 F9000 X122.479 Y87.406
G1 F1500 X112.005 Y76.933 E825.11001
G0 F9000 X111.958 Y76.32
G1 F1500 X122.493 Y86.855 E825.80376
G0 F9000 X122.507 Y86.303
G1 F1500 X111.91 Y75.707 E826.50156
G0 F9000 X111.862 Y75.093
G1 F1500 X122.521 Y85.752 E827.20347
G0 F9000 X122.535 Y85.2
G1 F1500 X111.815 Y74.48 E827.9094
G0 F9000 X111.746 Y73.845
G1 F1500 X122.55 Y84.649 E828.62086
G0 F9000 X122.564 Y84.098
G1 F1500 X111.662 Y73.196 E829.33878
G0 F9000 X111.578 Y72.546
G1 F1500 X122.579 Y83.546 E830.06318
G0 F9000 X122.593 Y82.995
G1 F1500 X111.494 Y71.896 E830.79407
G0 F9000 X111.409 Y71.245
G1 F1500 X122.607 Y82.443 E831.53148
G0 F9000 X122.621 Y81.892
G1 F1500 X111.325 Y70.596 E832.27534
G0 F9000 X111.241 Y69.946
G1 F1500 X122.651 Y81.356 E833.0267
G0 F9000 X122.691 Y80.83
G1 F1500 X111.157 Y69.296 E833.78624
G0 F9000 X111.073 Y68.646
G1 F1500 X122.732 Y80.306 E834.55404
G0 F9000 X122.772 Y79.78
G1 F1500 X110.988 Y67.996 E835.33003
G0 F9000 X110.904 Y67.346
G1 F1500 X122.813 Y79.256 E836.11429
G0 F9000 X122.854 Y78.73
G1 F1500 X110.803 Y66.68 E836.90784
G0 F9000 X110.677 Y65.988
G1 F1500 X122.895 Y78.206 E837.71242
G0 F9000 X122.935 Y77.68
G1 F1500 X110.551 Y65.297 E838.52789
G0 F9000 X110.425 Y64.604
G1 F1500 X122.976 Y77.155 E839.35439
G0 F9000 X123.016 Y76.63
G1 F1500 X110.299 Y63.913 E840.19183
G0 F9000 X110.172 Y63.221
G1 F1500 X123.057 Y76.105 E841.0403
G0 F9000 X123.098 Y75.58
G1 F1500 X110.047 Y62.529 E841.89973
G0 F9000 X109.92 Y61.837
G1 F1500 X123.139 Y75.055 E842.77019
G0 F9000 X123.179 Y74.53
G1 F1500 X109.794 Y61.145 E843.65161
G0 F9000 X109.668 Y60.454
G1 F1500 X123.231 Y74.016 E844.54473
G0 F9000 X123.296 Y73.515
G1 F1500 X109.559 Y59.779 E845.4493
G0 F9000 X109.559 Y59.213
G1 F1500 X123.36 Y73.014 E846.35812
G0 F9000 X123.425 Y72.513
G1 F1500 X109.559 Y58.648 E847.27119
G0 F9000 X109.559 Y58.082
G1 F1500 X123.49 Y72.013 E848.18857
G0 F9000 X123.554 Y71.511
G1 F1500 X109.559 Y57.516 E849.11016
G0 F9000 X109.559 Y56.951
G1 F1500 X123.619 Y71.011 E850.03604
G0 F9000 X123.684 Y70.509
G1 F1500 X109.559 Y56.385 E850.96616
G0 F9000 X109.559 Y55.819
G1 F1500 X123.749 Y70.009 E851.90059
G0 F9000 X123.814 Y69.508
G1 F1500 X109.559 Y55.254 E852.83928
G0 F9000 X109.559 Y54.688
G1 F1500 X123.878 Y69.007 E853.78221
G0 F9000 X123.943 Y68.506
G1 F1500 X109.559 Y54.122 E854.72942
G0 F9000 X109.559 Y53.556
G1 F1500 X124.008 Y68.005 E855.68091
G0 F9000 X124.073 Y67.504
G1 F1500 X109.559 Y52.991 E856.63665
G0 F9000 X109.559 Y52.425
G1 F1500 X124.138 Y67.004 E857.5967
G0 F9000 X124.223 Y66.523
G1 F1500 X109.559 Y51.859 E858.56235
G0 F9000 X109.559 Y51.294
G1 F1500 X124.31 Y66.045 E859.53373
G0 F9000 X124.397 Y65.566
G1 F1500 X109.559 Y50.728 E860.51084
G0 F9000 X109.559 Y50.162
G1 F1500 X124.485 Y65.088 E861.49374
G0 F9000 X124.572 Y64.609
G1 F1500 X109.559 Y49.597 E862.48234
G0 F9000 X109.559 Y49.031
G1 F1500 X124.659 Y64.131 E863.4767
G0 F9000 X124.746 Y63.652
G1 F1500 X109.559 Y48.465 E864.47679
G0 F9000 X109.559 Y47.9
G1 F1500 X124.834 Y63.174 E865.48264
G0 F9000 X124.921 Y62.695
G1 F1500 X109.559 Y47.334 E866.49422
G0 F9000 X109.559 Y46.768
G1 F1500 X125.007 Y62.216 E867.5115
G0 F9000 X125.094 Y61.738
G1 F1500 X109.559 Y46.203 E868.5345
G0 F9000 X109.559 Y45.637
G1 F1500 X125.181 Y61.259 E869.56324
G0 F9000 X125.269 Y60.781
G1 F1500 X109.559 Y45.071 E870.59777
G0 F9000 X109.559 Y44.506
G1 F1500 X125.356 Y60.302 E871.638
G0 F9000 X125.438 Y59.819
G1 F1500 X109.559 Y43.94 E872.68366
G0 F9000 X109.559 Y43.374
G1 F1500 X125.438 Y59.253 E873.72932
G0 F9000 X125.438 Y58.687
G1 F1500 X109.559 Y42.808 E874.77497
G0 F9000 X109.559 Y42.243
G1 F1500 X125.438 Y58.122 E875.82063
G0 F9000 X125.438 Y57.556
G1 F1500 X109.559 Y41.677 E876.86629
G0 F9000 X109.559 Y41.111
G1 F1500 X125.438 Y56.99 E877.91195
G0 F9000 X125.438 Y56.424
G1 F1500 X109.559 Y40.546 E878.95758
G0 F9000 X109.559 Y39.98
G1 F1500 X125.438 Y55.859 E880.00324
G0 F9000 X125.438 Y55.293
G1 F1500 X109.559 Y39.414 E881.0489
G0 F9000 X109.559 Y38.849
G1 F1500 X125.438 Y54.727 E882.09452
G0 F9000 X125.438 Y54.162
G1 F1500 X109.559 Y38.283 E883.14018
G0 F9000 X109.559 Y37.717
G1 F1500 X125.438 Y53.596 E884.18584
G0 F9000 X125.438 Y53.03
G1 F1500 X109.559 Y37.152 E885.23147
G0 F9000 X109.559 Y36.586
G1 F1500 X125.438 Y52.465 E886.27713
G0 F9000 X125.438 Y51.899
G1 F1500 X110.1 Y36.56 E887.28719
G0 F9000 X110.665 Y36.56
G1 F1500 X125.438 Y51.333 E888.26002
G0 F9000 X125.438 Y50.768
G1 F1500 X111.231 Y36.56 E889.19561
G0 F9000 X111.797 Y36.56
G1 F1500 X125.438 Y50.202 E890.09393
G0 F9000 X125.438 Y49.636
G1 F1500 X112.362 Y36.56 E890.955
G0 F9000 X112.928 Y36.56
G1 F1500 X125.438 Y49.071 E891.77884
G0 F9000 X125.438 Y48.505
G1 F1500 X113.494 Y36.56 E892.56541
G0 F9000 X114.059 Y36.56
G1 F1500 X125.438 Y47.939 E893.31473
G0 F9000 X125.438 Y47.374
G1 F1500 X114.625 Y36.56 E894.02682
G0 F9000 X115.191 Y36.56
G1 F1500 X125.438 Y46.808 E894.70164
G0 F9000 X125.438 Y46.242
G1 F1500 X115.756 Y36.56 E895.33921
G0 F9000 X116.322 Y36.56
G1 F1500 X125.438 Y45.676 E895.93952
G0 F9000 X125.438 Y45.111
G1 F1500 X116.888 Y36.56 E896.50258
G0 F9000 X117.453 Y36.56
G1 F1500 X125.438 Y44.545 E897.02841
G0 F9000 X125.438 Y43.979
G1 F1500 X118.019 Y36.56 E897.51696
G0 F9000 X118.585 Y36.56
G1 F1500 X125.438 Y43.414 E897.96828
G0 F9000 X125.438 Y42.848
G1 F1500 X119.151 Y36.56 E898.38232
G0 F9000 X119.716 Y36.56
G1 F1500 X125.438 Y42.282 E898.75912
G0 F9000 X125.438 Y41.717
G1 F1500 X120.282 Y36.56 E899.09869
G0 F9000 X120.848 Y36.56
G1 F1500 X125.438 Y41.151 E899.40098
G0 F9000 X125.438 Y40.585
G1 F1500 X121.413 Y36.56 E899.66603
G0 F9000 X121.979 Y36.56
G1 F1500 X125.438 Y40.02 E899.89385
G0 F9000 X125.438 Y39.454
G1 F1500 X122.545 Y36.56 E900.08439
G0 F9000 X123.11 Y36.56
G1 F1500 X125.438 Y38.888 E900.23769
G0 F9000 X125.438 Y38.323
G1 F1500 X123.676 Y36.56 E900.35375
G0 F9000 X124.242 Y36.56
G1 F1500 X125.438 Y37.757 E900.43255
G0 F9000 X125.438 Y37.191
G1 F1500 X124.807 Y36.56 E900.4741
G0 F9000 X125.373 Y36.56
G1 F1500 X125.438 Y36.626 E900.47841
G1 F2700 E895.47841
;MESH:NONMESH
G0 F300 X125.438 Y36.626 Z1.12
G0 F9000 X125.9 Y36.626
G0 X125.838 Y59.892
G0 X123.917 Y74.337
G0 X123.35 Y81.659
G0 X123.161 Y88.99
G0 X123.161 Y146.01
G0 X123.35 Y153.341
G0 X123.809 Y159.271
G0 X124.701 Y167.971
;TIME_ELAPSED:958.173828
;LAYER:3
M106 S255
;TYPE:WALL-INNER
;MESH:D638-22 Tensile.STL
G1 F2700 E900.47841
G1 F1500 X126 Y175.089 E900.81533
G1 X126 Y175.858 E900.85114
G1 X126 Y199 E901.92873
G1 X109 Y199 E902.72032
G1 X109 Y175.093 E903.83353
G1 X110.299 Y167.972 E904.17058
G1 X111.245 Y160.664 E904.51371
G1 X111.812 Y153.324 E904.85651
G1 X112 Y146.027 E905.1964
G1 X112 Y88.973 E907.85308
G1 X111.81 Y81.625 E908.19534
G1 X111.246 Y74.345 E908.53535
G1 X110.299 Y67.028 E908.8789
G1 X109.001 Y59.911 E909.21576
G1 X109 Y36 E910.32916
G1 X126 Y36 E911.12075
G1 X125.999 Y59.907 E912.23396
G1 X124.701 Y67.027 E912.57096
G1 X123.754 Y74.346 E912.91461
G1 X123.19 Y81.624 E913.25452
G1 X123 Y88.973 E913.59683
G1 X123 Y146.027 E916.2535
G1 X123.188 Y153.323 E916.59335
G1 X123.754 Y160.654 E916.93573
G1 X124.701 Y167.971 E917.27928
G1 F2700 E912.27928
G0 F9000 X125.839 Y175.105
G0 X125.828 Y198.828
G0 X108.87 Y199.13
G1 F2700 E917.27928
G0 F9000 X108.6 Y199.4
G1 F1500 X126.4 Y199.4 E918.10812
G1 X126.4 Y175.858 E919.20434
G1 X126.4 Y175.053 E919.24182
G1 X125.094 Y167.894 E919.58067
G1 X124.156 Y160.654 E919.92062
G1 X123.589 Y153.343 E920.26207
G1 X123.4 Y146.017 E920.60331
G1 X123.4 Y88.983 E923.25905
G1 X123.589 Y81.655 E923.60039
G1 X124.156 Y74.346 E923.94175
G1 X125.094 Y67.104 E924.28179
G1 X126.399 Y59.943 E924.62072
G1 X126.4 Y35.6 E925.75424
G1 X108.6 Y35.6 E926.58308
G1 X108.601 Y59.947 E927.71678
G1 X109.906 Y67.105 E928.05558
G1 X110.847 Y74.376 E928.39697
G1 X111.411 Y81.656 E928.73697
G1 X111.6 Y88.983 E929.07826
G1 X111.6 Y146.017 E931.734
G1 X111.411 Y153.345 E932.07534
G1 X110.844 Y160.654 E932.4167
G1 X109.906 Y167.896 E932.75673
G1 X108.6 Y175.057 E933.09568
G1 X108.6 Y199.4 E934.22919
G1 F2700 E929.22919
G0 F9000 X108.87 Y199.13
G0 X125.828 Y198.828
G0 X125.839 Y175.105
G0 X124.797 Y167.931
G1 F2700 E934.22919
G0 F9000 X125.491 Y167.842
;TYPE:WALL-OUTER
G1 F1500 X126.8 Y175.017 E934.5688
G1 X126.8 Y175.858 E934.60797
G1 X126.8 Y199.8 E935.7228
G1 X108.2 Y199.8 E936.5889
G1 X108.2 Y175.021 E937.74271
G1 X109.507 Y167.854 E938.08194
G1 X110.447 Y160.602 E938.42245
G1 X111.012 Y153.314 E938.76283
G1 X111.2 Y146.007 E939.10319
G1 X111.2 Y88.993 E941.758
G1 X111.012 Y81.697 E942.09784
G1 X110.448 Y74.407 E942.43831
G1 X109.509 Y67.157 E942.77872
G1 X108.201 Y59.983 E943.11828
G1 X108.2 Y35.2 E944.27228
G1 X126.8 Y35.2 E945.13837
G1 X126.799 Y59.979 E946.29219
G1 X125.493 Y67.146 E946.63141
G1 X124.553 Y74.398 E946.97192
G1 X123.988 Y81.686 E947.31229
G1 X123.8 Y88.993 E947.65265
G1 X123.8 Y146.007 E950.30746
G1 X123.988 Y153.302 E950.64726
G1 X124.552 Y160.592 E950.98773
G1 X125.491 Y167.842 E951.32814
G0 F9000 X124.797 Y167.931
G0 X124.341 Y168.004
;TYPE:SKIN
G1 F1500 X125.64 Y175.122 E951.66506
G1 X125.64 Y175.858 E951.69933
G1 X125.64 Y198.64 E952.76015
G1 X109.36 Y198.64 E953.51822
G1 X109.36 Y175.128 E954.61303
G1 X110.657 Y168.017 E954.94961
G1 X111.598 Y160.752 E955.29073
G1 X112.172 Y153.343 E955.63676
G1 X112.36 Y146.04 E955.97693
G1 X112.36 Y88.961 E958.63477
G1 X112.169 Y81.606 E958.97736
G1 X111.599 Y74.258 E959.32054
G1 X110.659 Y66.995 E959.66156
G1 X109.361 Y59.879 E959.99838
G1 X109.361 Y36.361 E961.09347
G1 X125.639 Y36.361 E961.85144
G1 X125.639 Y59.872 E962.94622
G1 X124.343 Y66.983 E963.28279
G1 X123.402 Y74.247 E963.62386
G1 X122.828 Y81.657 E963.96993
G1 X122.64 Y88.961 E964.31015
G1 X122.64 Y146.04 E966.96799
G1 X122.831 Y153.391 E967.31039
G1 X123.401 Y160.741 E967.65367
G1 X124.341 Y168.004 E967.99469
G1 F2700 E962.99469
G0 F9000 X124.597 Y167.957
G0 X125.839 Y175.105
G0 X125.9 Y198.132
G1 F2700 E967.99469
G0 F9000 X125.44 Y198.132
G1 F1500 X125.133 Y198.438 E968.01487
G0 F9000 X124.567 Y198.438
G1 F1500 X125.44 Y197.566 E968.07232
G0 F9000 X125.44 Y197
G1 F1500 X124.001 Y198.438 E968.16705
G0 F9000 X123.436 Y198.438
G1 F1500 X125.44 Y196.434 E968.29902
G0 F9000 X125.44 Y195.869
G1 F1500 X122.87 Y198.438 E968.46822
G0 F9000 X122.304 Y198.438
G1 F1500 X125.44 Y195.303 E968.6747
G0 F9000 X125.44 Y194.737
G1 F1500 X121.739 Y198.438 E968.91842
G0 F9000 X121.173 Y198.438
G1 F1500 X125.44 Y194.172 E969.19938
G0 F9000 X125.44 Y193.606
G1 F1500 X120.607 Y198.438 E969.5176
G0 F9000 X120.041 Y198.438
G1 F1500 X125.44 Y193.04 E969.87311
G0 F9000 X125.44 Y192.475
G1 F1500 X119.476 Y198.438 E970.26581
G0 F9000 X118.91 Y198.438
G1 F1500 X125.44 Y191.909 E970.69579
G0 F9000 X125.44 Y191.343
G1 F1500 X118.344 Y198.438 E971.16304
G0 F9000 X117.779 Y198.438
G1 F1500 X125.44 Y190.778 E971.6675
G0 F9000 X125.44 Y190.212
G1 F1500 X117.213 Y198.438 E972.20923
G0 F9000 X116.647 Y198.438
G1 F1500 X125.44 Y189.646 E972.78823
G0 F9000 X125.44 Y189.081
G1 F1500 X116.082 Y198.438 E973.40444
G0 F9000 X115.516 Y198.438
G1 F1500 X125.44 Y188.515 E974.05792
G0 F9000 X125.44 Y187.949
G1 F1500 X114.95 Y198.438 E974.74867
G0 F9000 X114.385 Y198.438
G1 F1500 X125.44 Y187.384 E975.47662
G0 F9000 X125.44 Y186.818
G1 F1500 X113.819 Y198.438 E976.24185
G0 F9000 X113.253 Y198.438
G1 F1500 X125.44 Y186.252 E977.04436
G0 F9000 X125.44 Y185.686
G1 F1500 X112.688 Y198.438 E977.8841
G0 F9000 X112.122 Y198.438
G1 F1500 X125.44 Y185.121 E978.76108
G0 F9000 X125.44 Y184.555
G1 F1500 X111.556 Y198.438 E979.67533
G0 F9000 X110.991 Y198.438
G1 F1500 X125.44 Y183.989 E980.62682
G0 F9000 X125.44 Y183.424
G1 F1500 X110.425 Y198.438 E981.61555
G0 F9000 X109.859 Y198.438
G1 F1500 X125.44 Y182.858 E982.64155
G0 F9000 X125.44 Y182.292
G1 F1500 X109.559 Y198.173 E983.68734
G0 F9000 X109.559 Y197.607
G1 F1500 X125.44 Y181.727 E984.7331
G0 F9000 X125.44 Y181.161
G1 F1500 X109.559 Y197.041 E985.77886
G0 F9000 X109.559 Y196.475
G1 F1500 X125.44 Y180.595 E986.82462
G0 F9000 X125.44 Y180.03
G1 F1500 X109.559 Y195.91 E987.87038
G0 F9000 X109.559 Y195.344
G1 F1500 X125.44 Y179.464 E988.91613
G0 F9000 X125.44 Y178.898
G1 F1500 X109.559 Y194.778 E989.96189
G0 F9000 X109.559 Y194.213
G1 F1500 X125.44 Y178.333 E991.00765
G0 F9000 X125.44 Y177.767
G1 F1500 X109.559 Y193.647 E992.05341
G0 F9000 X109.559 Y193.081
G1 F1500 X125.44 Y177.201 E993.09917
G0 F9000 X125.44 Y176.635
G1 F1500 X109.559 Y192.516 E994.14496
G0 F9000 X109.559 Y191.95
G1 F1500 X125.44 Y176.07 E995.19072
G0 F9000 X125.44 Y175.504
G1 F1500 X109.559 Y191.384 E996.23647
G0 F9000 X109.559 Y190.819
G1 F1500 X125.408 Y174.97 E997.28016
G0 F9000 X125.321 Y174.492
G1 F1500 X109.559 Y190.253 E998.31808
G0 F9000 X109.559 Y189.687
G1 F1500 X125.234 Y174.013 E999.35027
G0 F9000 X125.146 Y173.535
G1 F1500 X109.559 Y189.122 E1000.3767
G0 F9000 X109.559 Y188.556
G1 F1500 X125.059 Y173.056 E1001.3974
G0 F9000 X124.971 Y172.578
G1 F1500 X109.559 Y187.99 E1002.41231
G0 F9000 X109.559 Y187.425
G1 F1500 X124.884 Y172.099 E1003.42152
G0 F9000 X124.797 Y171.621
G1 F1500 X109.559 Y186.859 E1004.42497
G0 F9000 X109.559 Y186.293
G1 F1500 X124.71 Y171.143 E1005.42266
G0 F9000 X124.623 Y170.664
G1 F1500 X109.559 Y185.727 E1006.41461
G0 F9000 X109.559 Y185.162
G1 F1500 X124.535 Y170.186 E1007.40081
G0 F9000 X124.448 Y169.707
G1 F1500 X109.559 Y184.596 E1008.38127
G0 F9000 X109.559 Y184.03
G1 F1500 X124.36 Y169.229 E1009.35595
G0 F9000 X124.274 Y168.751
G1 F1500 X109.559 Y183.465 E1010.32492
G0 F9000 X109.559 Y182.899
G1 F1500 X124.186 Y168.273 E1011.2881
G0 F9000 X124.111 Y167.782
G1 F1500 X109.559 Y182.333 E1012.24634
G0 F9000 X109.559 Y181.768
G1 F1500 X124.046 Y167.281 E1013.20033
G0 F9000 X123.981 Y166.781
G1 F1500 X109.559 Y181.202 E1014.15002
G0 F9000 X109.559 Y180.636
G1 F1500 X123.916 Y166.28 E1015.09542
G0 F9000 X123.851 Y165.779
G1 F1500 X109.559 Y180.071 E1016.03657
G0 F9000 X109.559 Y179.505
G1 F1500 X123.786 Y165.278 E1016.97344
G0 F9000 X123.721 Y164.777
G1 F1500 X109.559 Y178.939 E1017.90603
G0 F9000 X109.559 Y178.374
G1 F1500 X123.656 Y164.277 E1018.83434
G0 F9000 X123.591 Y163.776
G1 F1500 X109.559 Y177.808 E1019.75837
G0 F9000 X109.559 Y177.242
G1 F1500 X123.527 Y163.275 E1020.67816
G0 F9000 X123.462 Y162.774
G1 F1500 X109.559 Y176.676 E1021.59366
G0 F9000 X109.559 Y176.111
G1 F1500 X123.397 Y162.273 E1022.50492
G0 F9000 X123.332 Y161.773
G1 F1500 X109.559 Y175.545 E1023.41186
G0 F9000 X109.597 Y174.942
G1 F1500 X123.267 Y161.272 E1024.31205
G0 F9000 X123.202 Y160.771
G1 F1500 X109.723 Y174.25 E1025.19967
G0 F9000 X109.849 Y173.558
G1 F1500 X123.161 Y160.246 E1026.07629
G0 F9000 X123.121 Y159.721
G1 F1500 X109.975 Y172.867 E1026.94197
G0 F9000 X110.102 Y172.174
G1 F1500 X123.08 Y159.196 E1027.7966
G0 F9000 X123.039 Y158.671
G1 F1500 X110.228 Y171.483 E1028.64026
G0 F9000 X110.354 Y170.791
G1 F1500 X122.999 Y158.146 E1029.47295
G0 F9000 X122.958 Y157.621
G1 F1500 X110.48 Y170.099 E1030.29465
G0 F9000 X110.607 Y169.407
G1 F1500 X122.917 Y157.096 E1031.10532
G0 F9000 X122.876 Y156.571
G1 F1500 X110.732 Y168.715 E1031.90502
G0 F9000 X110.858 Y168.024
G1 F1500 X122.835 Y156.047 E1032.69372
G0 F9000 X122.795 Y155.521
G1 F1500 X110.942 Y167.374 E1033.47426
G0 F9000 X111.026 Y166.725
G1 F1500 X122.754 Y154.997 E1034.24657
G0 F9000 X122.713 Y154.472
G1 F1500 X111.11 Y166.075 E1035.01065
G0 F9000 X111.194 Y165.425
G1 F1500 X122.673 Y153.947 E1035.76653
G0 F9000 X122.632 Y153.422
G1 F1500 X111.278 Y164.775 E1036.51418
G0 F9000 X111.362 Y164.126
G1 F1500 X122.617 Y152.871 E1037.25534
G0 F9000 X122.603 Y152.319
G1 F1500 X111.446 Y163.476 E1037.99005
G0 F9000 X111.53 Y162.826
G1 F1500 X122.588 Y151.768 E1038.71823
G0 F9000 X122.574 Y151.217
G1 F1500 X111.614 Y162.177 E1039.43997
G0 F9000 X111.698 Y161.527
G1 F1500 X122.559 Y150.666 E1040.15518
G0 F9000 X122.545 Y150.114
G1 F1500 X111.782 Y160.878 E1040.86398
G0 F9000 X111.836 Y160.257
G1 F1500 X122.53 Y149.563 E1041.5682
G0 F9000 X122.516 Y149.012
G1 F1500 X111.884 Y159.644 E1042.26833
G0 F9000 X111.931 Y159.031
G1 F1500 X122.502 Y148.46 E1042.96445
G0 F9000 X122.487 Y147.909
G1 F1500 X111.978 Y158.418 E1043.65649
G0 F9000 X112.026 Y157.805
G1 F1500 X122.473 Y147.358 E1044.34444
G0 F9000 X122.459 Y146.806
G1 F1500 X112.074 Y157.191 E1045.02831
G0 F9000 X112.121 Y156.578
G1 F1500 X122.444 Y146.255 E1045.7081
G0 F9000 X122.439 Y145.695
G1 F1500 X112.169 Y155.965 E1046.38439
G0 F9000 X112.216 Y155.352
G1 F1500 X122.439 Y145.13 E1047.05756
G0 F9000 X122.439 Y144.564
G1 F1500 X112.263 Y154.739 E1047.72764
G0 F9000 X112.311 Y154.126
G1 F1500 X122.439 Y143.998 E1048.39458
G0 F9000 X122.439 Y143.433
G1 F1500 X112.358 Y153.513 E1049.0584
G0 F9000 X112.383 Y152.923
G1 F1500 X122.439 Y142.867 E1049.72061
G0 F9000 X122.439 Y142.301
G1 F1500 X112.398 Y152.342 E1050.38182
G0 F9000 X112.413 Y151.762
G1 F1500 X122.439 Y141.736 E1051.04205
G0 F9000 X122.439 Y141.17
G1 F1500 X112.427 Y151.181 E1051.70133
G0 F9000 X112.442 Y150.601
G1 F1500 X122.439 Y140.604 E1052.35965
G0 F9000 X122.439 Y140.038
G1 F1500 X112.457 Y150.02 E1053.01698
G0 F9000 X112.473 Y149.439
G1 F1500 X122.439 Y139.473 E1053.67326
G0 F9000 X122.439 Y138.907
G1 F1500 X112.487 Y148.858 E1054.32858
G0 F9000 X112.502 Y148.278
G1 F1500 X122.439 Y138.341 E1054.98295
G0 F9000 X122.439 Y137.776
G1 F1500 X112.517 Y147.697 E1055.63629
G0 F9000 X112.532 Y147.117
G1 F1500 X122.439 Y137.21 E1056.28869
G0 F9000 X122.439 Y136.644
G1 F1500 X112.548 Y146.535 E1056.94003
G0 F9000 X112.56 Y145.958
G1 F1500 X122.439 Y136.079 E1057.59058
G0 F9000 X122.439 Y135.513
G1 F1500 X112.56 Y145.392 E1058.24113
G0 F9000 X112.56 Y144.826
G1 F1500 X122.439 Y134.947 E1058.89167
G0 F9000 X122.439 Y134.382
G1 F1500 X112.56 Y144.261 E1059.54222
G0 F9000 X112.56 Y143.695
G1 F1500 X122.439 Y133.816 E1060.19277
G0 F9000 X122.439 Y133.25
G1 F1500 X112.56 Y143.129 E1060.84332
G0 F9000 X112.56 Y142.564
G1 F1500 X122.439 Y132.685 E1061.49387
G0 F9000 X122.439 Y132.119
G1 F1500 X112.56 Y141.998 E1062.14442
G0 F9000 X112.56 Y141.432
G1 F1500 X122.439 Y131.553 E1062.79497
G0 F9000 X122.439 Y130.987
G1 F1500 X112.56 Y140.866 E1063.44552
G0 F9000 X112.56 Y140.301
G1 F1500 X122.439 Y130.422 E1064.09607
G0 F9000 X122.439 Y129.856
G1 F1500 X112.56 Y139.735 E1064.74662
G0 F9000 X112.56 Y139.169
G1 F1500 X122.439 Y129.29 E1065.39716
G0 F9000 X122.439 Y128.725
G1 F1500 X112.56 Y138.604 E1066.04771
G0 F9000 X112.56 Y138.038
G1 F1500 X122.439 Y128.159 E1066.69826
G0 F9000 X122.439 Y127.593
G1 F1500 X112.56 Y137.472 E1067.34881
G0 F9000 X112.56 Y136.907
G1 F1500 X122.439 Y127.028 E1067.99936
G0 F9000 X122.439 Y126.462
G1 F1500 X112.56 Y136.341 E1068.64991
G0 F9000 X112.56 Y135.775
G1 F1500 X122.439 Y125.896 E1069.30046
G0 F9000 X122.439 Y125.331
G1 F1500 X112.56 Y135.21 E1069.95101
G0 F9000 X112.56 Y134.644
G1 F1500 X122.439 Y124.765 E1070.60156
G0 F9000 X122.439 Y124.199
G1 F1500 X112.56 Y134.078 E1071.25211
G0 F9000 X112.56 Y133.513
G1 F1500 X122.439 Y123.634 E1071.90265
G0 F9000 X122.439 Y123.068
G1 F1500 X112.56 Y132.947 E1072.5532
G0 F9000 X112.56 Y132.381
G1 F1500 X122.439 Y122.502 E1073.20375
G0 F9000 X122.439 Y121.937
G1 F1500 X112.56 Y131.816 E1073.8543
G0 F9000 X112.56 Y131.25
G1 F1500 X122.439 Y121.371 E1074.50485
G0 F9000 X122.439 Y120.805
G1 F1500 X112.56 Y130.684 E1075.1554
G0 F9000 X112.56 Y130.118
G1 F1500 X122.439 Y120.239 E1075.80595
G0 F9000 X122.439 Y119.674
G1 F1500 X112.56 Y129.553 E1076.4565
G0 F9000 X112.56 Y128.987
G1 F1500 X122.439 Y119.108 E1077.10705
G0 F9000 X122.439 Y118.542
G1 F1500 X112.56 Y128.421 E1077.7576
G0 F9000 X112.56 Y127.856
G1 F1500 X122.439 Y117.977 E1078.40814
G0 F9000 X122.439 Y117.411
G1 F1500 X112.56 Y127.29 E1079.05869
G0 F9000 X112.56 Y126.724
G1 F1500 X122.439 Y116.845 E1079.70924
G0 F9000 X122.439 Y116.28
G1 F1500 X112.56 Y126.159 E1080.35979
G0 F9000 X112.56 Y125.593
G1 F1500 X122.439 Y115.714 E1081.01034
G0 F9000 X122.439 Y115.148
G1 F1500 X112.56 Y125.027 E1081.66089
G0 F9000 X112.56 Y124.462
G1 F1500 X122.439 Y114.583 E1082.31144
G0 F9000 X122.439 Y114.017
G1 F1500 X112.56 Y123.896 E1082.96199
G0 F9000 X112.56 Y123.33
G1 F1500 X122.439 Y113.451 E1083.61254
G0 F9000 X122.439 Y112.886
G1 F1500 X112.56 Y122.765 E1084.26309
G0 F9000 X112.56 Y122.199
G1 F1500 X122.439 Y112.32 E1084.91363
G0 F9000 X122.439 Y111.754
G1 F1500 X112.56 Y121.633 E1085.56418
G0 F9000 X112.56 Y121.067
G1 F1500 X122.439 Y111.189 E1086.2147
G0 F9000 X122.439 Y110.623
G1 F1500 X112.56 Y120.502 E1086.86525
G0 F9000 X112.56 Y119.936
G1 F1500 X122.439 Y110.057 E1087.5158
G0 F9000 X122.439 Y109.491
G1 F1500 X112.56 Y119.37 E1088.16635
G0 F9000 X112.56 Y118.805
G1 F1500 X122.439 Y108.926 E1088.8169
G0 F9000 X122.439 Y108.36
G1 F1500 X112.56 Y118.239 E1089.46745
G0 F9000 X112.56 Y117.673
G1 F1500 X122.439 Y107.794 E1090.11799
G0 F9000 X122.439 Y107.229
G1 F1500 X112.56 Y117.108 E1090.76854
G0 F9000 X112.56 Y116.542
G1 F1500 X122.439 Y106.663 E1091.41909
G0 F9000 X122.439 Y106.097
G1 F1500 X112.56 Y115.976 E1092.06964
G0 F9000 X112.56 Y115.411
G1 F1500 X122.439 Y105.532 E1092.72019
G0 F9000 X122.439 Y104.966
G1 F1500 X112.56 Y114.845 E1093.37074
G0 F9000 X112.56 Y114.279
G1 F1500 X122.439 Y104.4 E1094.02129
G0 F9000 X122.439 Y103.835
G1 F1500 X112.56 Y113.714 E1094.67184
G0 F9000 X112.56 Y113.148
G1 F1500 X122.439 Y103.269 E1095.32239
G0 F9000 X122.439 Y102.703
G1 F1500 X112.56 Y112.582 E1095.97294
G0 F9000 X112.56 Y112.017
G1 F1500 X122.439 Y102.138 E1096.62348
G0 F9000 X122.439 Y101.572
G1 F1500 X112.56 Y111.451 E1097.27403
G0 F9000 X112.56 Y110.885
G1 F1500 X122.439 Y101.006 E1097.92458
G0 F9000 X122.439 Y100.44
G1 F1500 X112.56 Y110.319 E1098.57513
G0 F9000 X112.56 Y109.754
G1 F1500 X122.439 Y99.875 E1099.22568
G0 F9000 X122.439 Y99.309
G1 F1500 X112.56 Y109.188 E1099.87623
G0 F9000 X112.56 Y108.622
G1 F1500 X122.439 Y98.743 E1100.52678
G0 F9000 X122.439 Y98.178
G1 F1500 X112.56 Y108.057 E1101.17733
G0 F9000 X112.56 Y107.491
G1 F1500 X122.439 Y97.612 E1101.82788
G0 F9000 X122.439 Y97.046
G1 F1500 X112.56 Y106.925 E1102.47843
G0 F9000 X112.56 Y106.36
G1 F1500 X122.439 Y96.481 E1103.12897
G0 F9000 X122.439 Y95.915
G1 F1500 X112.56 Y105.794 E1103.77952
G0 F9000 X112.56 Y105.228
G1 F1500 X122.439 Y95.349 E1104.43007
G0 F9000 X122.439 Y94.784
G1 F1500 X112.56 Y104.663 E1105.08062
G0 F9000 X112.56 Y104.097
G1 F1500 X122.439 Y94.218 E1105.73117
G0 F9000 X122.439 Y93.652
G1 F1500 X112.56 Y103.531 E1106.38172
G0 F9000 X112.56 Y102.966
G1 F1500 X122.439 Y93.087 E1107.03227
G0 F9000 X122.439 Y92.521
G1 F1500 X112.56 Y102.4 E1107.68282
G0 F9000 X112.56 Y101.834
G1 F1500 X122.439 Y91.955 E1108.33337
G0 F9000 X122.439 Y91.39
G1 F1500 X112.56 Y101.269 E1108.98392
G0 F9000 X112.56 Y100.703
G1 F1500 X122.439 Y90.824 E1109.63446
G0 F9000 X122.439 Y90.258
G1 F1500 X112.56 Y100.137 E1110.28501
G0 F9000 X112.56 Y99.571
G1 F1500 X122.439 Y89.692 E1110.93556
G0 F9000 X122.439 Y89.127
G1 F1500 X112.56 Y99.006 E1111.58611
G0 F9000 X112.56 Y98.44
G1 F1500 X122.448 Y88.551 E1112.23729
G0 F9000 X122.463 Y87.971
G1 F1500 X112.56 Y97.874 E1112.88942
G0 F9000 X112.56 Y97.309
G1 F1500 X122.479 Y87.389 E1113.54263
G0 F9000 X122.494 Y86.809
G1 F1500 X112.56 Y96.743 E1114.1968
G0 F9000 X112.56 Y96.177
G1 F1500 X122.509 Y86.228 E1114.85196
G0 F9000 X122.523 Y85.648
G1 F1500 X112.56 Y95.612 E1115.50807
G0 F9000 X112.56 Y95.046
G1 F1500 X122.538 Y85.067 E1116.16518
G0 F9000 X122.553 Y84.487
G1 F1500 X112.56 Y94.48 E1116.82323
G0 F9000 X112.56 Y93.915
G1 F1500 X122.569 Y83.905 E1117.48237
G0 F9000 X122.584 Y83.325
G1 F1500 X112.56 Y93.349 E1118.14247
G0 F9000 X112.56 Y92.783
G1 F1500 X122.598 Y82.744 E1118.80352
G0 F9000 X122.613 Y82.164
G1 F1500 X112.56 Y92.218 E1119.46556
G0 F9000 X112.56 Y91.652
G1 F1500 X122.633 Y81.578 E1120.12892
G0 F9000 X122.68 Y80.965
G1 F1500 X112.56 Y91.086 E1120.79537
G0 F9000 X112.56 Y90.52
G1 F1500 X122.728 Y80.352 E1121.46495
G0 F9000 X122.775 Y79.739
G1 F1500 X112.56 Y89.955 E1122.13766
G0 F9000 X112.56 Y89.389
G1 F1500 X122.823 Y79.126 E1122.8135
G0 F9000 X122.87 Y78.513
G1 F1500 X112.556 Y88.827 E1123.49269
G0 F9000 X112.541 Y88.276
G1 F1500 X122.917 Y77.9 E1124.17597
G0 F9000 X122.965 Y77.287
G1 F1500 X112.527 Y87.725 E1124.86333
G0 F9000 X112.513 Y87.173
G1 F1500 X123.012 Y76.674 E1125.55471
G0 F9000 X123.06 Y76.06
G1 F1500 X112.498 Y86.622 E1126.25023
G0 F9000 X112.484 Y86.071
G1 F1500 X123.107 Y75.447 E1126.94981
G0 F9000 X123.155 Y74.834
G1 F1500 X112.47 Y85.519 E1127.65343
G0 F9000 X112.455 Y84.968
G1 F1500 X123.204 Y74.22 E1128.36124
G0 F9000 X123.288 Y73.57
G1 F1500 X112.441 Y84.417 E1129.07554
G0 F9000 X112.427 Y83.865
G1 F1500 X123.371 Y72.921 E1129.79622
G0 F9000 X123.455 Y72.271
G1 F1500 X112.412 Y83.314 E1130.52342
G0 F9000 X112.398 Y82.763
G1 F1500 X123.54 Y71.621 E1131.25714
G0 F9000 X123.624 Y70.971
G1 F1500 X112.384 Y82.211 E1131.99731
G0 F9000 X112.369 Y81.66
G1 F1500 X123.708 Y70.321 E1132.744
G0 F9000 X123.792 Y69.671
G1 F1500 X112.332 Y81.132 E1133.4987
G0 F9000 X112.292 Y80.606
G1 F1500 X123.876 Y69.022 E1134.26152
G0 F9000 X123.96 Y68.372
G1 F1500 X112.251 Y80.081 E1135.03258
G0 F9000 X112.21 Y79.557
G1 F1500 X124.044 Y67.723 E1135.81187
G0 F9000 X124.128 Y67.073
G1 F1500 X112.169 Y79.031 E1136.59936
G0 F9000 X112.128 Y78.507
G1 F1500 X124.247 Y66.388 E1137.39741
G0 F9000 X124.373 Y65.696
G1 F1500 X112.088 Y77.981 E1138.2064
G0 F9000 X112.047 Y77.457
G1 F1500 X124.499 Y65.005 E1139.02639
G0 F9000 X124.625 Y64.313
G1 F1500 X112.006 Y76.932 E1139.85737
G0 F9000 X111.966 Y76.407
G1 F1500 X124.751 Y63.621 E1140.69932
G0 F9000 X124.877 Y62.93
G1 F1500 X111.925 Y75.882 E1141.55223
G0 F9000 X111.884 Y75.357
G1 F1500 X125.003 Y62.238 E1142.41614
G0 F9000 X125.129 Y61.546
G1 F1500 X111.843 Y74.832 E1143.29104
G0 F9000 X111.802 Y74.307
G1 F1500 X125.255 Y60.855 E1144.17691
G0 F9000 X125.381 Y60.163
G1 F1500 X111.741 Y73.802 E1145.0751
G0 F9000 X111.676 Y73.302
G1 F1500 X125.437 Y59.541 E1145.98128
G0 F9000 X125.437 Y58.975
G1 F1500 X111.611 Y72.801 E1146.89175
G0 F9000 X111.547 Y72.3
G1 F1500 X125.437 Y58.409 E1147.80646
G0 F9000 X125.437 Y57.844
G1 F1500 X111.482 Y71.799 E1148.72542
G0 F9000 X111.417 Y71.298
G1 F1500 X125.437 Y57.278 E1149.64866
G0 F9000 X125.437 Y56.712
G1 F1500 X111.352 Y70.798 E1150.57622
G0 F9000 X111.287 Y70.297
G1 F1500 X125.437 Y56.147 E1151.50802
G0 F9000 X125.437 Y55.581
G1 F1500 X111.222 Y69.796 E1152.4441
G0 F9000 X111.157 Y69.295
G1 F1500 X125.437 Y55.015 E1153.38446
G0 F9000 X125.437 Y54.45
G1 F1500 X111.092 Y68.795 E1154.32911
G0 F9000 X111.027 Y68.294
G1 F1500 X125.437 Y53.884 E1155.27803
G0 F9000 X125.437 Y53.318
G1 F1500 X110.962 Y67.793 E1156.23123
G0 F9000 X110.898 Y67.292
G1 F1500 X125.437 Y52.752 E1157.18868
G0 F9000 X125.437 Y52.187
G1 F1500 X110.826 Y66.798 E1158.15084
G0 F9000 X110.739 Y66.32
G1 F1500 X125.437 Y51.621 E1159.11876
G0 F9000 X125.437 Y51.055
G1 F1500 X110.651 Y65.842 E1160.09248
G0 F9000 X110.564 Y65.363
G1 F1500 X125.437 Y50.49 E1161.07189
G0 F9000 X125.437 Y49.924
G1 F1500 X110.476 Y64.885 E1162.0571
G0 F9000 X110.389 Y64.406
G1 F1500 X125.437 Y49.358 E1163.04804
G0 F9000 X125.437 Y48.793
G1 F1500 X110.303 Y63.928 E1164.04467
G0 F9000 X110.215 Y63.45
G1 F1500 X125.437 Y48.227 E1165.0471
G0 F9000 X125.437 Y47.661
G1 F1500 X110.128 Y62.971 E1166.05525
G0 F9000 X110.04 Y62.493
G1 F1500 X125.437 Y47.096 E1167.06917
G0 F9000 X125.437 Y46.53
G1 F1500 X109.953 Y62.014 E1168.08882
G0 F9000 X109.866 Y61.535
G1 F1500 X125.437 Y45.964 E1169.1142
G0 F9000 X125.437 Y45.399
G1 F1500 X109.779 Y61.057 E1170.1453
G0 F9000 X109.692 Y60.579
G1 F1500 X125.437 Y44.833 E1171.18217
G0 F9000 X125.437 Y44.267
G1 F1500 X109.605 Y60.1 E1172.22477
G0 F9000 X109.56 Y59.579
G1 F1500 X125.437 Y43.702 E1173.2703
G0 F9000 X125.437 Y43.136
G1 F1500 X109.56 Y59.013 E1174.31582
G0 F9000 X109.56 Y58.448
G1 F1500 X125.437 Y42.57 E1175.36138
G0 F9000 X125.437 Y42.004
G1 F1500 X109.56 Y57.882 E1176.40694
G0 F9000 X109.56 Y57.316
G1 F1500 X125.437 Y41.439 E1177.45247
G0 F9000 X125.437 Y40.873
G1 F1500 X109.56 Y56.75 E1178.498
G0 F9000 X109.56 Y56.185
G1 F1500 X125.437 Y40.307 E1179.54356
G0 F9000 X125.437 Y39.742
G1 F1500 X109.56 Y55.619 E1180.58909
G0 F9000 X109.56 Y55.053
G1 F1500 X125.437 Y39.176 E1181.63461
G0 F9000 X125.437 Y38.61
G1 F1500 X109.56 Y54.488 E1182.68018
G0 F9000 X109.56 Y53.922
G1 F1500 X125.437 Y38.045 E1183.7257
G0 F9000 X125.437 Y37.479
G1 F1500 X109.56 Y53.356 E1184.77123
G0 F9000 X109.56 Y52.791
G1 F1500 X125.437 Y36.913 E1185.81679
G0 F9000 X125.225 Y36.56
G1 F1500 X109.56 Y52.225 E1186.84836
G0 F9000 X109.56 Y51.659
G1 F1500 X124.659 Y36.56 E1187.84265
G0 F9000 X124.093 Y36.56
G1 F1500 X109.56 Y51.094 E1188.79971
G0 F9000 X109.56 Y50.528
G1 F1500 X123.528 Y36.56 E1189.71953
G0 F9000 X122.962 Y36.56
G1 F1500 X109.56 Y49.962 E1190.60207
G0 F9000 X109.56 Y49.397
G1 F1500 X122.396 Y36.56 E1191.44738
G0 F9000 X121.83 Y36.56
G1 F1500 X109.56 Y48.831 E1192.25541
G0 F9000 X109.56 Y48.265
G1 F1500 X121.265 Y36.56 E1193.0262
G0 F9000 X120.699 Y36.56
G1 F1500 X109.56 Y47.7 E1193.75976
G0 F9000 X109.56 Y47.134
G1 F1500 X120.133 Y36.56 E1194.45604
G0 F9000 X119.568 Y36.56
G1 F1500 X109.56 Y46.568 E1195.11508
G0 F9000 X109.56 Y46.002
G1 F1500 X119.002 Y36.56 E1195.73686
G0 F9000 X118.436 Y36.56
G1 F1500 X109.56 Y45.437 E1196.32139
G0 F9000 X109.56 Y44.871
G1 F1500 X117.871 Y36.56 E1196.86868
G0 F9000 X117.305 Y36.56
G1 F1500 X109.56 Y44.305 E1197.3787
G0 F9000 X109.56 Y43.74
G1 F1500 X116.739 Y36.56 E1197.85149
G0 F9000 X116.174 Y36.56
G1 F1500 X109.56 Y43.174 E1198.28703
G0 F9000 X109.56 Y42.608
G1 F1500 X115.608 Y36.56 E1198.6853
G0 F9000 X115.042 Y36.56
G1 F1500 X109.56 Y42.043 E1199.04633
G0 F9000 X109.56 Y41.477
G1 F1500 X114.477 Y36.56 E1199.37013
G0 F9000 X113.911 Y36.56
G1 F1500 X109.56 Y40.911 E1199.65665
G0 F9000 X109.56 Y40.346
G1 F1500 X113.345 Y36.56 E1199.90593
G0 F9000 X112.779 Y36.56
G1 F1500 X109.56 Y39.78 E1200.11794
G0 F9000 X109.56 Y39.214
G1 F1500 X112.214 Y36.56 E1200.29271
G0 F9000 X111.648 Y36.56
G1 F1500 X109.56 Y38.649 E1200.43024
G0 F9000 X109.56 Y38.083
G1 F1500 X111.082 Y36.56 E1200.5305
G0 F9000 X110.517 Y36.56
G1 F1500 X109.56 Y37.517 E1200.59352
G0 F9000 X109.56 Y36.951
G1 F1500 X109.951 Y36.56 E1200.61927
G1 F2700 E1195.61927
;MESH:NONMESH
G0 F300 X109.951 Y36.56 Z1.4
G0 F9000 X109.951 Y36.1
G0 X109.172 Y36.172
G0 X109.162 Y59.896
G0 X111.083 Y74.337
G0 X111.65 Y81.659
G0 X111.839 Y88.99
G0 X111.839 Y146.01
G0 X111.65 Y153.341
G0 X111.083 Y160.663
G0 X110.14 Y167.947
G0 X109.149 Y173.192
G0 X109 Y199
;TIME_ELAPSED:1247.338958
;LAYER:4
;TYPE:WALL-INNER
;MESH:D638-22 Tensile.STL
G1 F2700 E1200.61927
G1 F1500 X126 Y199 E1201.41086
G1 X126 Y175.858 E1202.48845
G1 X126 Y175.089 E1202.52425
G1 X124.701 Y167.971 E1202.86117
G1 X123.754 Y160.654 E1203.20472
G1 X123.188 Y153.323 E1203.5471
G1 X123 Y146.027 E1203.88695
G1 X123 Y88.973 E1206.54362
G1 X123.19 Y81.624 E1206.88594
G1 X123.754 Y74.346 E1207.22585
G1 X124.701 Y67.027 E1207.56949
G1 X125.999 Y59.907 E1207.90649
G1 X126 Y36 E1209.0197
G1 X109 Y36 E1209.81129
G1 X109.001 Y59.911 E1210.92469
G1 X110.299 Y67.028 E1211.26155
G1 X111.246 Y74.345 E1211.6051
G1 X111.81 Y81.625 E1211.94511
G1 X112 Y88.973 E1212.28738
G1 X112 Y146.027 E1214.94405
G1 X111.812 Y153.324 E1215.28394
G1 X111.245 Y160.664 E1215.62674
G1 X110.299 Y167.972 E1215.96987
G1 X109 Y175.093 E1216.30693
G1 X109 Y199 E1217.42014
G1 F2700 E1212.42014
G0 F9000 X125.828 Y198.828
G0 X125.839 Y175.105
G0 X124.797 Y167.931
G1 F2700 E1217.42014
G0 F9000 X125.094 Y167.894
G1 F1500 X126.4 Y175.053 E1217.75899
G1 X126.4 Y175.858 E1217.79647
G1 X126.4 Y199.4 E1218.89269
G1 X108.6 Y199.4 E1219.72153
G1 X108.6 Y175.057 E1220.85504
G1 X109.906 Y167.896 E1221.19399
G1 X110.844 Y160.654 E1221.53402
G1 X111.411 Y153.345 E1221.87538
G1 X111.6 Y146.017 E1222.21672
G1 X111.6 Y88.983 E1224.87246
G1 X111.411 Y81.656 E1225.21375
G1 X110.847 Y74.376 E1225.55375
G1 X109.906 Y67.105 E1225.89515
G1 X108.601 Y59.947 E1226.23395
G1 X108.6 Y35.6 E1227.36764
G1 X126.4 Y35.6 E1228.19649
G1 X126.399 Y59.943 E1229.33
G1 X125.094 Y67.104 E1229.66894
G1 X124.156 Y74.346 E1230.00897
G1 X123.589 Y81.655 E1230.35033
G1 X123.4 Y88.983 E1230.69167
G1 X123.4 Y146.017 E1233.34741
G1 X123.589 Y153.343 E1233.68865
G1 X124.156 Y160.654 E1234.03011
G1 X125.094 Y167.894 E1234.37005
G1 F2700 E1229.37005
G0 F9000 X124.797 Y167.931
G0 X126.198 Y175.072
G0 X126.082 Y199.082
G0 X108.47 Y199.53
G1 F2700 E1234.37005
G0 F9000 X108.2 Y199.8
;TYPE:WALL-OUTER
G1 F1500 X126.8 Y199.8 E1235.23614
G1 X126.8 Y175.858 E1236.35098
G1 X126.8 Y175.017 E1236.39014
G1 X125.491 Y167.842 E1236.72975
G1 X124.552 Y160.592 E1237.07016
G1 X123.988 Y153.302 E1237.41063
G1 X123.8 Y146.007 E1237.75043
G1 X123.8 Y88.993 E1240.40524
G1 X123.988 Y81.686 E1240.7456
G1 X124.553 Y74.398 E1241.08598
G1 X125.493 Y67.146 E1241.42649
G1 X126.799 Y59.979 E1241.76571
G1 X126.8 Y35.2 E1242.91952
G1 X108.2 Y35.2 E1243.78561
G1 X108.201 Y59.983 E1244.93961
G1 X109.509 Y67.157 E1245.27917
G1 X110.448 Y74.407 E1245.61958
G1 X111.012 Y81.697 E1245.96005
G1 X111.2 Y88.993 E1246.2999
G1 X111.2 Y146.007 E1248.95471
G1 X111.012 Y153.314 E1249.29506
G1 X110.447 Y160.602 E1249.63544
G1 X109.507 Y167.854 E1249.97595
G1 X108.2 Y175.021 E1250.31518
G1 X108.2 Y199.8 E1251.46899
G0 F9000 X108.47 Y199.53
G0 X109.1 Y198.64
G0 X109.36 Y198.64
;TYPE:SKIN
G1 F1500 X125.64 Y198.64 E1252.22706
G1 X125.64 Y175.858 E1253.28788
G1 X125.64 Y175.122 E1253.32215
G1 X124.341 Y168.004 E1253.65907
G1 X123.401 Y160.741 E1254.00009
G1 X122.831 Y153.391 E1254.34336
G1 X122.64 Y146.04 E1254.68577
G1 X122.64 Y88.961 E1257.34361
G1 X122.828 Y81.657 E1257.68383
G1 X123.402 Y74.247 E1258.0299
G1 X124.343 Y66.983 E1258.37097
G1 X125.639 Y59.872 E1258.70754
G1 X125.639 Y36.361 E1259.80231
G1 X109.361 Y36.361 E1260.56028
G1 X109.361 Y59.879 E1261.65538
G1 X110.659 Y66.995 E1261.9922
G1 X111.599 Y74.258 E1262.33322
G1 X112.169 Y81.606 E1262.6764
G1 X112.36 Y88.961 E1263.01899
G1 X112.36 Y146.04 E1265.67683
G1 X112.172 Y153.343 E1266.017
G1 X111.598 Y160.752 E1266.36303
G1 X110.657 Y168.017 E1266.70414
G1 X109.36 Y175.128 E1267.04072
G1 X109.36 Y198.64 E1268.13554
G0 F9000 X109.559 Y198.372
G1 F1500 X109.626 Y198.438 E1268.13992
G0 F9000 X110.191 Y198.438
G1 F1500 X109.559 Y197.806 E1268.18154
G0 F9000 X109.559 Y197.241
G1 F1500 X110.757 Y198.438 E1268.2604
G0 F9000 X111.323 Y198.438
G1 F1500 X109.559 Y196.675 E1268.37653
G0 F9000 X109.559 Y196.109
G1 F1500 X111.889 Y198.438 E1268.52993
G0 F9000 X112.454 Y198.438
G1 F1500 X109.559 Y195.544 E1268.72053
G0 F9000 X109.559 Y194.978
G1 F1500 X113.02 Y198.438 E1268.94841
G0 F9000 X113.586 Y198.438
G1 F1500 X109.559 Y194.412 E1269.21357
G0 F9000 X109.559 Y193.846
G1 F1500 X114.151 Y198.438 E1269.51596
G0 F9000 X114.717 Y198.438
G1 F1500 X109.559 Y193.281 E1269.85559
G0 F9000 X109.559 Y192.715
G1 F1500 X115.283 Y198.438 E1270.23249
G0 F9000 X115.848 Y198.438
G1 F1500 X109.559 Y192.149 E1270.64663
G0 F9000 X109.559 Y191.584
G1 F1500 X116.414 Y198.438 E1271.09801
G0 F9000 X116.98 Y198.438
G1 F1500 X109.559 Y191.018 E1271.58666
G0 F9000 X109.559 Y190.452
G1 F1500 X117.545 Y198.438 E1272.11256
G0 F9000 X118.111 Y198.438
G1 F1500 X109.559 Y189.887 E1272.67569
G0 F9000 X109.559 Y189.321
G1 F1500 X118.677 Y198.438 E1273.27609
G0 F9000 X119.242 Y198.438
G1 F1500 X109.559 Y188.755 E1273.91373
G0 F9000 X109.559 Y188.19
G1 F1500 X119.808 Y198.438 E1274.58861
G0 F9000 X120.374 Y198.438
G1 F1500 X109.559 Y187.624 E1275.30077
G0 F9000 X109.559 Y187.058
G1 F1500 X120.94 Y198.438 E1276.05019
G0 F9000 X121.505 Y198.438
G1 F1500 X109.559 Y186.493 E1276.83682
G0 F9000 X109.559 Y185.927
G1 F1500 X122.071 Y198.438 E1277.66073
G0 F9000 X122.637 Y198.438
G1 F1500 X109.559 Y185.361 E1278.5219
G0 F9000 X109.559 Y184.795
G1 F1500 X123.202 Y198.438 E1279.42032
G0 F9000 X123.768 Y198.438
G1 F1500 X109.559 Y184.23 E1280.35597
G0 F9000 X109.559 Y183.664
G1 F1500 X124.334 Y198.438 E1281.3289
G0 F9000 X124.899 Y198.438
G1 F1500 X109.559 Y183.098 E1282.33906
G0 F9000 X109.559 Y182.533
G1 F1500 X125.44 Y198.413 E1283.38482
G0 F9000 X125.44 Y197.847
G1 F1500 X109.559 Y181.967 E1284.43058
G0 F9000 X109.559 Y181.401
G1 F1500 X125.44 Y197.282 E1285.47637
G0 F9000 X125.44 Y196.716
G1 F1500 X109.559 Y180.836 E1286.52213
G0 F9000 X109.559 Y180.27
G1 F1500 X125.44 Y196.15 E1287.56789
G0 F9000 X125.44 Y195.585
G1 F1500 X109.559 Y179.704 E1288.61368
G0 F9000 X109.559 Y179.139
G1 F1500 X125.44 Y195.019 E1289.65944
G0 F9000 X125.44 Y194.453
G1 F1500 X109.559 Y178.573 E1290.70519
G0 F9000 X109.559 Y178.007
G1 F1500 X125.44 Y193.887 E1291.75095
G0 F9000 X125.44 Y193.322
G1 F1500 X109.559 Y177.442 E1292.79671
G0 F9000 X109.559 Y176.876
G1 F1500 X125.44 Y192.756 E1293.84247
G0 F9000 X125.44 Y192.19
G1 F1500 X109.559 Y176.31 E1294.88823
G0 F9000 X109.559 Y175.745
G1 F1500 X125.44 Y191.625 E1295.93398
G0 F9000 X125.44 Y191.059
G1 F1500 X109.559 Y175.179 E1296.97974
G0 F9000 X109.641 Y174.695
G1 F1500 X125.44 Y190.493 E1298.0201
G0 F9000 X125.44 Y189.928
G1 F1500 X109.728 Y174.216 E1299.05476
G0 F9000 X109.815 Y173.738
G1 F1500 X125.44 Y189.362 E1300.08366
G0 F9000 X125.44 Y188.796
G1 F1500 X109.903 Y173.26 E1301.10677
G0 F9000 X109.99 Y172.781
G1 F1500 X125.44 Y188.231 E1302.12418
G0 F9000 X125.44 Y187.665
G1 F1500 X110.078 Y172.303 E1303.13579
G0 F9000 X110.165 Y171.824
G1 F1500 X125.44 Y187.099 E1304.14167
G0 F9000 X125.44 Y186.534
G1 F1500 X110.252 Y171.346 E1305.14183
G0 F9000 X110.339 Y170.868
G1 F1500 X125.44 Y185.968 E1306.13622
G0 F9000 X125.44 Y185.402
G1 F1500 X110.426 Y170.389 E1307.12489
G0 F9000 X110.514 Y169.911
G1 F1500 X125.44 Y184.837 E1308.10779
G0 F9000 X125.44 Y184.271
G1 F1500 X110.601 Y169.432 E1309.08496
G0 F9000 X110.689 Y168.954
G1 F1500 X125.44 Y183.705 E1310.05634
G0 F9000 X125.44 Y183.139
G1 F1500 X110.776 Y168.475 E1311.02199
G0 F9000 X110.861 Y167.995
G1 F1500 X125.44 Y182.574 E1311.98204
G0 F9000 X125.44 Y182.008
G1 F1500 X110.926 Y167.495 E1312.93778
G0 F9000 X110.991 Y166.993
G1 F1500 X125.44 Y181.442 E1313.88927
G0 F9000 X125.44 Y180.877
G1 F1500 X111.056 Y166.493 E1314.83649
G0 F9000 X111.12 Y165.991
G1 F1500 X125.44 Y180.311 E1315.77948
G0 F9000 X125.44 Y179.745
G1 F1500 X111.185 Y165.491 E1316.71817
G0 F9000 X111.25 Y164.99
G1 F1500 X125.44 Y179.18 E1317.6526
G0 F9000 X125.44 Y178.614
G1 F1500 X111.314 Y164.489 E1318.58279
G0 F9000 X111.379 Y163.988
G1 F1500 X125.44 Y178.048 E1319.5087
G0 F9000 X125.44 Y177.483
G1 F1500 X111.444 Y163.487 E1320.43036
G0 F9000 X111.509 Y162.986
G1 F1500 X125.44 Y176.917 E1321.34774
G0 F9000 X125.44 Y176.351
G1 F1500 X111.573 Y162.485 E1322.26087
G0 F9000 X111.638 Y161.984
G1 F1500 X125.44 Y175.786 E1323.16976
G0 F9000 X125.44 Y175.22
G1 F1500 X111.703 Y161.484 E1324.07433
G0 F9000 X111.768 Y160.982
G1 F1500 X125.331 Y174.546 E1324.96751
G0 F9000 X125.205 Y173.854
G1 F1500 X111.819 Y160.468 E1325.849
G0 F9000 X111.86 Y159.943
G1 F1500 X125.079 Y173.162 E1326.71949
G0 F9000 X124.953 Y172.471
G1 F1500 X111.901 Y159.418 E1327.57902
G0 F9000 X111.941 Y158.893
G1 F1500 X124.826 Y171.778 E1328.42752
G0 F9000 X124.7 Y171.086
G1 F1500 X111.982 Y158.368 E1329.26502
G0 F9000 X112.022 Y157.843
G1 F1500 X124.574 Y170.395 E1330.09159
G0 F9000 X124.447 Y169.702
G1 F1500 X112.063 Y157.318 E1330.9071
G0 F9000 X112.104 Y156.793
G1 F1500 X124.322 Y169.011 E1331.71168
G0 F9000 X124.195 Y168.318
G1 F1500 X112.145 Y156.268 E1332.50519
G0 F9000 X112.185 Y155.743
G1 F1500 X124.095 Y167.652 E1333.28945
G0 F9000 X124.01 Y167.003
G1 F1500 X112.226 Y155.218 E1334.06548
G0 F9000 X112.266 Y154.693
G1 F1500 X123.926 Y166.353 E1334.83331
G0 F9000 X123.841 Y165.702
G1 F1500 X112.307 Y154.168 E1335.59285
G0 F9000 X112.347 Y153.642
G1 F1500 X123.757 Y165.052 E1336.34421
G0 F9000 X123.673 Y164.403
G1 F1500 X112.377 Y153.107 E1337.08807
G0 F9000 X112.391 Y152.555
G1 F1500 X123.589 Y163.753 E1337.82548
G0 F9000 X123.505 Y163.103
G1 F1500 X112.405 Y152.003 E1338.55644
G0 F9000 X112.42 Y151.452
G1 F1500 X123.421 Y162.453 E1339.28087
G0 F9000 X123.337 Y161.803
G1 F1500 X112.434 Y150.9 E1339.99885
G0 F9000 X112.448 Y150.349
G1 F1500 X123.252 Y161.153 E1340.71031
G0 F9000 X123.183 Y160.518
G1 F1500 X112.463 Y149.798 E1341.41624
G0 F9000 X112.477 Y149.246
G1 F1500 X123.136 Y159.905 E1342.11816
G0 F9000 X123.088 Y159.292
G1 F1500 X112.491 Y148.695 E1342.81599
G0 F9000 X112.505 Y148.143
G1 F1500 X123.04 Y158.679 E1343.50977
G0 F9000 X122.993 Y158.065
G1 F1500 X112.519 Y147.592 E1344.19947
G0 F9000 X112.533 Y147.04
G1 F1500 X122.946 Y157.452 E1344.88515
G0 F9000 X122.897 Y156.839
G1 F1500 X112.548 Y146.489 E1345.56668
G0 F9000 X112.559 Y145.934
G1 F1500 X122.85 Y156.226 E1346.24439
G0 F9000 X122.803 Y155.612
G1 F1500 X112.559 Y145.369 E1346.91894
G0 F9000 X112.559 Y144.803
G1 F1500 X122.755 Y154.999 E1347.59037
G0 F9000 X122.707 Y154.386
G1 F1500 X112.559 Y144.237 E1348.25866
G0 F9000 X112.559 Y143.672
G1 F1500 X122.66 Y153.773 E1348.92383
G0 F9000 X122.626 Y153.173
G1 F1500 X112.559 Y143.106 E1349.58676
G0 F9000 X112.559 Y142.54
G1 F1500 X122.61 Y152.592 E1350.24867
G0 F9000 X122.596 Y152.011
G1 F1500 X112.559 Y141.975 E1350.90959
G0 F9000 X112.559 Y141.409
G1 F1500 X122.58 Y151.43 E1351.56949
G0 F9000 X122.565 Y150.849
G1 F1500 X112.559 Y140.843 E1352.2284
G0 F9000 X112.559 Y140.277
G1 F1500 X122.55 Y150.268 E1352.88633
G0 F9000 X122.535 Y149.688
G1 F1500 X112.559 Y139.712 E1353.54326
G0 F9000 X112.559 Y139.146
G1 F1500 X122.52 Y149.107 E1354.19921
G0 F9000 X122.504 Y148.526
G1 F1500 X112.559 Y138.58 E1354.85414
G0 F9000 X112.559 Y138.015
G1 F1500 X122.489 Y147.945 E1355.50805
G0 F9000 X122.474 Y147.364
G1 F1500 X112.559 Y137.449 E1356.16097
G0 F9000 X112.559 Y136.883
G1 F1500 X122.459 Y146.784 E1356.81293
G0 F9000 X122.444 Y146.202
G1 F1500 X112.559 Y136.318 E1357.46384
G0 F9000 X112.559 Y135.752
G1 F1500 X122.439 Y145.632 E1358.11446
G0 F9000 X122.439 Y145.067
G1 F1500 X112.559 Y135.186 E1358.76511
G0 F9000 X112.559 Y134.621
G1 F1500 X122.439 Y144.501 E1359.41572
G0 F9000 X122.439 Y143.935
G1 F1500 X112.559 Y134.055 E1360.06634
G0 F9000 X112.559 Y133.489
G1 F1500 X122.439 Y143.37 E1360.71698
G0 F9000 X122.439 Y142.804
G1 F1500 X112.559 Y132.924 E1361.3676
G0 F9000 X112.559 Y132.358
G1 F1500 X122.439 Y142.238 E1362.01821
G0 F9000 X122.439 Y141.673
G1 F1500 X112.559 Y131.792 E1362.66886
G0 F9000 X112.559 Y131.226
G1 F1500 X122.439 Y141.107 E1363.31951
G0 F9000 X122.439 Y140.541
G1 F1500 X112.559 Y130.661 E1363.97012
G0 F9000 X112.559 Y130.095
G1 F1500 X122.439 Y139.976 E1364.62077
G0 F9000 X122.439 Y139.41
G1 F1500 X112.559 Y129.529 E1365.27142
G0 F9000 X112.559 Y128.964
G1 F1500 X122.439 Y138.844 E1365.92203
G0 F9000 X122.439 Y138.278
G1 F1500 X112.559 Y128.398 E1366.57265
G0 F9000 X112.559 Y127.832
G1 F1500 X122.439 Y137.713 E1367.2233
G0 F9000 X122.439 Y137.147
G1 F1500 X112.559 Y127.267 E1367.87391
G0 F9000 X112.559 Y126.701
G1 F1500 X122.439 Y136.581 E1368.52453
G0 F9000 X122.439 Y136.016
G1 F1500 X112.559 Y126.135 E1369.17517
G0 F9000 X112.559 Y125.57
G1 F1500 X122.439 Y135.45 E1369.82579
G0 F9000 X122.439 Y134.884
G1 F1500 X112.559 Y125.004 E1370.4764
G0 F9000 X112.559 Y124.438
G1 F1500 X122.439 Y134.319 E1371.12705
G0 F9000 X122.439 Y133.753
G1 F1500 X112.559 Y123.873 E1371.77767
G0 F9000 X112.559 Y123.307
G1 F1500 X122.439 Y133.187 E1372.42828
G0 F9000 X122.439 Y132.622
G1 F1500 X112.559 Y122.741 E1373.07893
G0 F9000 X112.559 Y122.176
G1 F1500 X122.439 Y132.056 E1373.72954
G0 F9000 X122.439 Y131.49
G1 F1500 X112.559 Y121.61 E1374.38016
G0 F9000 X112.559 Y121.044
G1 F1500 X122.439 Y130.925 E1375.03081
G0 F9000 X122.439 Y130.359
G1 F1500 X112.559 Y120.478 E1375.68146
G0 F9000 X112.559 Y119.913
G1 F1500 X122.439 Y129.793 E1376.33207
G0 F9000 X122.439 Y129.228
G1 F1500 X112.559 Y119.347 E1376.98272
G0 F9000 X112.559 Y118.781
G1 F1500 X122.439 Y128.662 E1377.63337
G0 F9000 X122.439 Y128.096
G1 F1500 X112.559 Y118.216 E1378.28398
G0 F9000 X112.559 Y117.65
G1 F1500 X122.439 Y127.53 E1378.9346
G0 F9000 X122.439 Y126.965
G1 F1500 X112.559 Y117.084 E1379.58524
G0 F9000 X112.559 Y116.519
G1 F1500 X122.439 Y126.399 E1380.23586
G0 F9000 X122.439 Y125.833
G1 F1500 X112.559 Y115.953 E1380.88647
G0 F9000 X112.559 Y115.387
G1 F1500 X122.439 Y125.268 E1381.53712
G0 F9000 X122.439 Y124.702
G1 F1500 X112.559 Y114.822 E1382.18774
G0 F9000 X112.559 Y114.256
G1 F1500 X122.439 Y124.136 E1382.83835
G0 F9000 X122.439 Y123.571
G1 F1500 X112.559 Y113.69 E1383.489
G0 F9000 X112.559 Y113.125
G1 F1500 X122.439 Y123.005 E1384.13961
G0 F9000 X122.439 Y122.439
G1 F1500 X112.559 Y112.559 E1384.79023
G0 F9000 X112.559 Y111.993
G1 F1500 X122.439 Y121.874 E1385.44088
G0 F9000 X122.439 Y121.308
G1 F1500 X112.559 Y111.428 E1386.09149
G0 F9000 X112.559 Y110.862
G1 F1500 X122.439 Y120.742 E1386.74211
G0 F9000 X122.439 Y120.177
G1 F1500 X112.559 Y110.296 E1387.39275
G0 F9000 X112.559 Y109.73
G1 F1500 X122.439 Y119.611 E1388.0434
G0 F9000 X122.439 Y119.045
G1 F1500 X112.559 Y109.165 E1388.69402
G0 F9000 X112.559 Y108.599
G1 F1500 X122.439 Y118.479 E1389.34463
G0 F9000 X122.439 Y117.914
G1 F1500 X112.559 Y108.033 E1389.99528
G0 F9000 X112.559 Y107.468
G1 F1500 X122.439 Y117.348 E1390.64589
G0 F9000 X122.439 Y116.782
G1 F1500 X112.559 Y106.902 E1391.29651
G0 F9000 X112.559 Y106.336
G1 F1500 X122.439 Y116.217 E1391.94716
G0 F9000 X122.439 Y115.651
G1 F1500 X112.559 Y105.771 E1392.59777
G0 F9000 X112.559 Y105.205
G1 F1500 X122.439 Y115.085 E1393.24839
G0 F9000 X122.439 Y114.52
G1 F1500 X112.559 Y104.639 E1393.89903
G0 F9000 X112.559 Y104.074
G1 F1500 X122.439 Y113.954 E1394.54965
G0 F9000 X122.439 Y113.388
G1 F1500 X112.559 Y103.508 E1395.20026
G0 F9000 X112.559 Y102.942
G1 F1500 X122.439 Y112.823 E1395.85091
G0 F9000 X122.439 Y112.257
G1 F1500 X112.559 Y102.377 E1396.50153
G0 F9000 X112.559 Y101.811
G1 F1500 X122.439 Y111.691 E1397.15214
G0 F9000 X122.439 Y111.126
G1 F1500 X112.559 Y101.245 E1397.80279
G0 F9000 X112.559 Y100.679
G1 F1500 X122.439 Y110.56 E1398.45344
G0 F9000 X122.439 Y109.994
G1 F1500 X112.559 Y100.114 E1399.10405
G0 F9000 X112.559 Y99.548
G1 F1500 X122.439 Y109.429 E1399.7547
G0 F9000 X122.439 Y108.863
G1 F1500 X112.559 Y98.982 E1400.40535
G0 F9000 X112.559 Y98.417
G1 F1500 X122.439 Y108.297 E1401.05596
G0 F9000 X122.439 Y107.731
G1 F1500 X112.559 Y97.851 E1401.70658
G0 F9000 X112.559 Y97.285
G1 F1500 X122.439 Y107.166 E1402.35722
G0 F9000 X122.439 Y106.6
G1 F1500 X112.559 Y96.72 E1403.00784
G0 F9000 X112.559 Y96.154
G1 F1500 X122.439 Y106.034 E1403.65845
G0 F9000 X122.439 Y105.469
G1 F1500 X112.559 Y95.588 E1404.3091
G0 F9000 X112.559 Y95.023
G1 F1500 X122.439 Y104.903 E1404.95972
G0 F9000 X122.439 Y104.337
G1 F1500 X112.559 Y94.457 E1405.61033
G0 F9000 X112.559 Y93.891
G1 F1500 X122.439 Y103.772 E1406.26098
G0 F9000 X122.439 Y103.206
G1 F1500 X112.559 Y93.326 E1406.91159
G0 F9000 X112.559 Y92.76
G1 F1500 X122.439 Y102.64 E1407.56221
G0 F9000 X122.439 Y102.075
G1 F1500 X112.559 Y92.194 E1408.21286
G0 F9000 X112.559 Y91.629
G1 F1500 X122.439 Y101.509 E1408.86347
G0 F9000 X122.439 Y100.943
G1 F1500 X112.559 Y91.063 E1409.51409
G0 F9000 X112.559 Y90.497
G1 F1500 X122.439 Y100.378 E1410.16473
G0 F9000 X122.439 Y99.812
G1 F1500 X112.559 Y89.931 E1410.81538
G0 F9000 X112.559 Y89.366
G1 F1500 X122.439 Y99.246 E1411.466
G0 F9000 X122.439 Y98.68
G1 F1500 X112.555 Y88.796 E1412.11688
G0 F9000 X112.539 Y88.215
G1 F1500 X122.439 Y98.115 E1412.76881
G0 F9000 X122.439 Y97.549
G1 F1500 X112.524 Y87.634 E1413.42173
G0 F9000 X112.509 Y87.053
G1 F1500 X122.439 Y96.983 E1414.07563
G0 F9000 X122.439 Y96.418
G1 F1500 X112.494 Y86.472 E1414.73056
G0 F9000 X112.479 Y85.892
G1 F1500 X122.439 Y95.852 E1415.38645
G0 F9000 X122.439 Y95.286
G1 F1500 X112.463 Y85.311 E1416.04335
G0 F9000 X112.449 Y84.73
G1 F1500 X122.439 Y94.721 E1416.70124
G0 F9000 X122.439 Y94.155
G1 F1500 X112.433 Y84.149 E1417.36015
G0 F9000 X112.418 Y83.568
G1 F1500 X122.439 Y93.589 E1418.02005
G0 F9000 X122.439 Y93.024
G1 F1500 X112.403 Y82.987 E1418.68097
G0 F9000 X112.388 Y82.406
G1 F1500 X122.439 Y92.458 E1419.34288
G0 F9000 X122.439 Y91.892
G1 F1500 X112.373 Y81.826 E1420.00575
G0 F9000 X112.339 Y81.226
G1 F1500 X122.439 Y91.327 E1420.67088
G0 F9000 X122.439 Y90.761
G1 F1500 X112.291 Y80.613 E1421.33914
G0 F9000 X112.244 Y79.999
G1 F1500 X122.439 Y90.195 E1422.01054
G0 F9000 X122.439 Y89.63
G1 F1500 X112.196 Y79.386 E1422.68509
G0 F9000 X112.148 Y78.773
G1 F1500 X122.439 Y89.064 E1423.36277
G0 F9000 X122.451 Y88.509
G1 F1500 X112.101 Y78.16 E1424.0443
G0 F9000 X112.053 Y77.546
G1 F1500 X122.465 Y87.958 E1424.72995
G0 F9000 X122.479 Y87.406
G1 F1500 X112.005 Y76.933 E1425.41965
G0 F9000 X111.958 Y76.32
G1 F1500 X122.493 Y86.855 E1426.11339
G0 F9000 X122.507 Y86.303
G1 F1500 X111.91 Y75.707 E1426.81119
G0 F9000 X111.862 Y75.093
G1 F1500 X122.521 Y85.752 E1427.5131
G0 F9000 X122.535 Y85.2
G1 F1500 X111.815 Y74.48 E1428.21903
G0 F9000 X111.746 Y73.845
G1 F1500 X122.55 Y84.649 E1428.9305
G0 F9000 X122.564 Y84.098
G1 F1500 X111.662 Y73.196 E1429.64841
G0 F9000 X111.578 Y72.546
G1 F1500 X122.579 Y83.546 E1430.37281
G0 F9000 X122.593 Y82.995
G1 F1500 X111.494 Y71.896 E1431.1037
G0 F9000 X111.409 Y71.245
G1 F1500 X122.607 Y82.443 E1431.84111
G0 F9000 X122.621 Y81.892
G1 F1500 X111.325 Y70.596 E1432.58497
G0 F9000 X111.241 Y69.946
G1 F1500 X122.651 Y81.356 E1433.33634
G0 F9000 X122.691 Y80.83
G1 F1500 X111.157 Y69.296 E1434.09587
G0 F9000 X111.073 Y68.646
G1 F1500 X122.732 Y80.306 E1434.86367
G0 F9000 X122.772 Y79.78
G1 F1500 X110.988 Y67.996 E1435.63967
G0 F9000 X110.904 Y67.346
G1 F1500 X122.813 Y79.256 E1436.42393
G0 F9000 X122.854 Y78.73
G1 F1500 X110.803 Y66.68 E1437.21747
G0 F9000 X110.677 Y65.988
G1 F1500 X122.895 Y78.206 E1438.02205
G0 F9000 X122.935 Y77.68
G1 F1500 X110.551 Y65.297 E1438.83752
G0 F9000 X110.425 Y64.604
G1 F1500 X122.976 Y77.155 E1439.66403
G0 F9000 X123.016 Y76.63
G1 F1500 X110.299 Y63.913 E1440.50146
G0 F9000 X110.172 Y63.221
G1 F1500 X123.057 Y76.105 E1441.34993
G0 F9000 X123.098 Y75.58
G1 F1500 X110.047 Y62.529 E1442.20936
G0 F9000 X109.92 Y61.837
G1 F1500 X123.139 Y75.055 E1443.07982
G0 F9000 X123.179 Y74.53
G1 F1500 X109.794 Y61.145 E1443.96125
G0 F9000 X109.668 Y60.454
G1 F1500 X123.231 Y74.016 E1444.85436
G0 F9000 X123.296 Y73.515
G1 F1500 X109.559 Y59.779 E1445.75893
G0 F9000 X109.559 Y59.213
G1 F1500 X123.36 Y73.014 E1446.66775
G0 F9000 X123.425 Y72.513
G1 F1500 X109.559 Y58.648 E1447.58082
G0 F9000 X109.559 Y58.082
G1 F1500 X123.49 Y72.013 E1448.4982
G0 F9000 X123.554 Y71.511
G1 F1500 X109.559 Y57.516 E1449.41979
G0 F9000 X109.559 Y56.951
G1 F1500 X123.619 Y71.011 E1450.34567
G0 F9000 X123.684 Y70.509
G1 F1500 X109.559 Y56.385 E1451.27579
G0 F9000 X109.559 Y55.819
G1 F1500 X123.749 Y70.009 E1452.21023
G0 F9000 X123.814 Y69.508
G1 F1500 X109.559 Y55.254 E1453.14891
G0 F9000 X109.559 Y54.688
G1 F1500 X123.878 Y69.007 E1454.09184
G0 F9000 X123.943 Y68.506
G1 F1500 X109.559 Y54.122 E1455.03905
G0 F9000 X109.559 Y53.556
G1 F1500 X124.008 Y68.005 E1455.99054
G0 F9000 X124.073 Y67.504
G1 F1500 X109.559 Y52.991 E1456.94628
G0 F9000 X109.559 Y52.425
G1 F1500 X124.138 Y67.004 E1457.90633
G0 F9000 X124.223 Y66.523
G1 F1500 X109.559 Y51.859 E1458.87198
G0 F9000 X109.559 Y51.294
G1 F1500 X124.31 Y66.045 E1459.84336
G0 F9000 X124.397 Y65.566
G1 F1500 X109.559 Y50.728 E1460.82047
G0 F9000 X109.559 Y50.162
G1 F1500 X124.485 Y65.088 E1461.80337
G0 F9000 X124.572 Y64.609
G1 F1500 X109.559 Y49.597 E1462.79197
G0 F9000 X109.559 Y49.031
G1 F1500 X124.659 Y64.131 E1463.78633
G0 F9000 X124.746 Y63.652
G1 F1500 X109.559 Y48.465 E1464.78642
G0 F9000 X109.559 Y47.9
G1 F1500 X124.834 Y63.174 E1465.79227
G0 F9000 X124.921 Y62.695
G1 F1500 X109.559 Y47.334 E1466.80385
G0 F9000 X109.559 Y46.768
G1 F1500 X125.007 Y62.216 E1467.82113
G0 F9000 X125.094 Y61.738
G1 F1500 X109.559 Y46.203 E1468.84414
G0 F9000 X109.559 Y45.637
G1 F1500 X125.181 Y61.259 E1469.87287
G0 F9000 X125.269 Y60.781
G1 F1500 X109.559 Y45.071 E1470.9074
G0 F9000 X109.559 Y44.506
G1 F1500 X125.356 Y60.302 E1471.94763
G0 F9000 X125.438 Y59.819
G1 F1500 X109.559 Y43.94 E1472.99329
G0 F9000 X109.559 Y43.374
G1 F1500 X125.438 Y59.253 E1474.03895
G0 F9000 X125.438 Y58.687
G1 F1500 X109.559 Y42.808 E1475.08461
G0 F9000 X109.559 Y42.243
G1 F1500 X125.438 Y58.122 E1476.13027
G0 F9000 X125.438 Y57.556
G1 F1500 X109.559 Y41.677 E1477.17593
G0 F9000 X109.559 Y41.111
G1 F1500 X125.438 Y56.99 E1478.22159
G0 F9000 X125.438 Y56.424
G1 F1500 X109.559 Y40.546 E1479.26721
G0 F9000 X109.559 Y39.98
G1 F1500 X125.438 Y55.859 E1480.31287
G0 F9000 X125.438 Y55.293
G1 F1500 X109.559 Y39.414 E1481.35853
G0 F9000 X109.559 Y38.849
G1 F1500 X125.438 Y54.727 E1482.40416
G0 F9000 X125.438 Y54.162
G1 F1500 X109.559 Y38.283 E1483.44982
G0 F9000 X109.559 Y37.717
G1 F1500 X125.438 Y53.596 E1484.49548
G0 F9000 X125.438 Y53.03
G1 F1500 X109.559 Y37.152 E1485.5411
G0 F9000 X109.559 Y36.586
G1 F1500 X125.438 Y52.465 E1486.58676
G0 F9000 X125.438 Y51.899
G1 F1500 X110.1 Y36.56 E1487.59683
G0 F9000 X110.665 Y36.56
G1 F1500 X125.438 Y51.333 E1488.56965
G0 F9000 X125.438 Y50.768
G1 F1500 X111.231 Y36.56 E1489.50524
G0 F9000 X111.797 Y36.56
G1 F1500 X125.438 Y50.202 E1490.40356
G0 F9000 X125.438 Y49.636
G1 F1500 X112.362 Y36.56 E1491.26464
G0 F9000 X112.928 Y36.56
G1 F1500 X125.438 Y49.071 E1492.08847
G0 F9000 X125.438 Y48.505
G1 F1500 X113.494 Y36.56 E1492.87504
G0 F9000 X114.059 Y36.56
G1 F1500 X125.438 Y47.939 E1493.62437
G0 F9000 X125.438 Y47.374
G1 F1500 X114.625 Y36.56 E1494.33645
G0 F9000 X115.191 Y36.56
G1 F1500 X125.438 Y46.808 E1495.01127
G0 F9000 X125.438 Y46.242
G1 F1500 X115.756 Y36.56 E1495.64885
G0 F9000 X116.322 Y36.56
G1 F1500 X125.438 Y45.676 E1496.24915
G0 F9000 X125.438 Y45.111
G1 F1500 X116.888 Y36.56 E1496.81221
G0 F9000 X117.453 Y36.56
G1 F1500 X125.438 Y44.545 E1497.33804
G0 F9000 X125.438 Y43.979
G1 F1500 X118.019 Y36.56 E1497.82659
G0 F9000 X118.585 Y36.56
G1 F1500 X125.438 Y43.414 E1498.27791
G0 F9000 X125.438 Y42.848
G1 F1500 X119.151 Y36.56 E1498.69195
G0 F9000 X119.716 Y36.56
G1 F1500 X125.438 Y42.282 E1499.06875
G0 F9000 X125.438 Y41.717
G1 F1500 X120.282 Y36.56 E1499.40832
G0 F9000 X120.848 Y36.56
G1 F1500 X125.438 Y41.151 E1499.71061
G0 F9000 X125.438 Y40.585
G1 F1500 X121.413 Y36.56 E1499.97566
G0 F9000 X121.979 Y36.56
G1 F1500 X125.438 Y40.02 E1500.20348
G0 F9000 X125.438 Y39.454
G1 F1500 X122.545 Y36.56 E1500.39402
G0 F9000 X123.11 Y36.56
G1 F1500 X125.438 Y38.888 E1500.54732
G0 F9000 X125.438 Y38.323
G1 F1500 X123.676 Y36.56 E1500.66339
G0 F9000 X124.242 Y36.56
G1 F1500 X125.438 Y37.757 E1500.74218
G0 F9000 X125.438 Y37.191
G1 F1500 X124.807 Y36.56 E1500.78373
G0 F9000 X125.373 Y36.56
G1 F1500 X125.438 Y36.626 E1500.78804
G1 F2700 E1495.78804
;MESH:NONMESH
G0 F300 X125.438 Y36.626 Z1.68
G0 F9000 X125.9 Y36.626
G0 X125.828 Y36.172
G0 X109.172 Y36.172
G0 X109.162 Y59.896
G0 X111.406 Y74.333
G0 X112.161 Y88.968
G0 X112.101 Y149.672
G0 X111.083 Y160.663
G0 X110.32 Y166.562
G0 X109 Y175.093
;TIME_ELAPSED:1535.810906
;LAYER:5
;TYPE:WALL-INNER
;MESH:D638-22 Tensile.STL
G1 F2700 E1500.78804
G1 F1500 X110.299 Y167.972 E1501.1251
G1 X111.245 Y160.664 E1501.46823
G1 X111.812 Y153.324 E1501.81103
G1 X112 Y146.027 E1502.15092
G1 X112 Y88.973 E1504.80759
G1 X111.81 Y81.625 E1505.14986
G1 X111.246 Y74.345 E1505.48987
G1 X110.299 Y67.028 E1505.83342
G1 X109.001 Y59.911 E1506.17028
G1 X109 Y36 E1507.28368
G1 X126 Y36 E1508.07527
G1 X125.999 Y59.907 E1509.18848
G1 X124.701 Y67.027 E1509.52548
G1 X123.754 Y74.346 E1509.86912
G1 X123.19 Y81.624 E1510.20903
G1 X123 Y88.973 E1510.55135
G1 X123 Y146.027 E1513.20802
G1 X123.188 Y153.323 E1513.54787
G1 X123.754 Y160.654 E1513.89025
G1 X124.701 Y167.971 E1514.2338
G1 X126 Y175.089 E1514.57072
G1 X126 Y199 E1515.68411
G1 X109 Y199 E1516.4757
G1 X109 Y175.861 E1517.55315
G1 X109 Y175.093 E1517.58891
G0 F9000 X108.87 Y199.13
G0 X108.6 Y199.4
G1 F1500 X126.4 Y199.4 E1518.41776
G1 X126.4 Y175.053 E1519.55145
G1 X125.094 Y167.894 E1519.89031
G1 X124.156 Y160.654 E1520.23025
G1 X123.589 Y153.343 E1520.5717
G1 X123.4 Y146.017 E1520.91295
G1 X123.4 Y88.983 E1523.56869
G1 X123.589 Y81.655 E1523.91002
G1 X124.156 Y74.346 E1524.25138
G1 X125.094 Y67.104 E1524.59142
G1 X126.399 Y59.943 E1524.93036
G1 X126.4 Y35.6 E1526.06387
G1 X108.6 Y35.6 E1526.89271
G1 X108.601 Y59.947 E1528.02641
G1 X109.906 Y67.105 E1528.36521
G1 X110.847 Y74.376 E1528.7066
G1 X111.411 Y81.656 E1529.04661
G1 X111.6 Y88.983 E1529.38789
G1 X111.6 Y146.017 E1532.04364
G1 X111.411 Y153.345 E1532.38497
G1 X110.844 Y160.654 E1532.72633
G1 X109.906 Y167.896 E1533.06637
G1 X108.6 Y175.057 E1533.40531
G1 X108.6 Y175.861 E1533.44275
G1 X108.6 Y199.4 E1534.53883
G1 F2700 E1529.53883
G0 F9000 X108.87 Y199.13
G0 X108.899 Y175.082
G1 F2700 E1534.53883
G0 F9000 X108.2 Y175.021
;TYPE:WALL-OUTER
G1 F1500 X109.507 Y167.854 E1534.87805
G1 X110.447 Y160.602 E1535.21856
G1 X111.012 Y153.314 E1535.55894
G1 X111.2 Y146.007 E1535.8993
G1 X111.2 Y88.993 E1538.55411
G1 X111.012 Y81.697 E1538.89395
G1 X110.448 Y74.407 E1539.23442
G1 X109.509 Y67.157 E1539.57483
G1 X108.201 Y59.983 E1539.91439
G1 X108.2 Y35.2 E1541.06839
G1 X126.8 Y35.2 E1541.93448
G1 X126.799 Y59.979 E1543.0883
G1 X125.493 Y67.146 E1543.42752
G1 X124.553 Y74.398 E1543.76803
G1 X123.988 Y81.686 E1544.10841
G1 X123.8 Y88.993 E1544.44876
G1 X123.8 Y146.007 E1547.10357
G1 X123.988 Y153.302 E1547.44337
G1 X124.552 Y160.592 E1547.78384
G1 X125.491 Y167.842 E1548.12425
G1 X126.8 Y175.017 E1548.46386
G1 X126.8 Y199.8 E1549.61786
G1 X108.2 Y199.8 E1550.48396
G1 X108.2 Y175.861 E1551.59866
G1 X108.2 Y175.021 E1551.63777
G1 F2700 E1546.63777
G0 F9000 X108.899 Y175.082
G0 X109.172 Y198.828
G0 X125.828 Y198.828
G0 X125.839 Y175.105
G0 X124.597 Y167.957
G1 F2700 E1551.63777
G0 F9000 X124.341 Y168.004
;TYPE:SKIN
G1 F1500 X125.64 Y175.122 E1551.97469
G1 X125.64 Y175.858 E1552.00896
G1 X125.64 Y198.64 E1553.06979
G1 X109.36 Y198.64 E1553.82785
G1 X109.36 Y175.128 E1554.92267
G1 X110.657 Y168.017 E1555.25925
G1 X111.598 Y160.752 E1555.60036
G1 X112.172 Y153.343 E1555.94639
G1 X112.36 Y146.04 E1556.28656
G1 X112.36 Y88.961 E1558.9444
G1 X112.169 Y81.606 E1559.28699
G1 X111.599 Y74.258 E1559.63018
G1 X110.659 Y66.995 E1559.97119
G1 X109.361 Y59.879 E1560.30801
G1 X109.361 Y36.361 E1561.40311
G1 X125.639 Y36.361 E1562.16108
G1 X125.639 Y59.872 E1563.25585
G1 X124.343 Y66.983 E1563.59242
G1 X123.402 Y74.247 E1563.93349
G1 X122.828 Y81.657 E1564.27956
G1 X122.64 Y88.961 E1564.61978
G1 X122.64 Y146.04 E1567.27762
G1 X122.831 Y153.391 E1567.62003
G1 X123.401 Y160.741 E1567.9633
G1 X124.341 Y168.004 E1568.30432
G1 F2700 E1563.30432
G0 F9000 X124.597 Y167.957
G0 X125.839 Y175.105
G0 X125.9 Y198.132
G1 F2700 E1568.30432
G0 F9000 X125.44 Y198.132
G1 F1500 X125.133 Y198.438 E1568.3245
G0 F9000 X124.567 Y198.438
G1 F1500 X125.44 Y197.566 E1568.38196
G0 F9000 X125.44 Y197
G1 F1500 X124.001 Y198.438 E1568.47669
G0 F9000 X123.436 Y198.438
G1 F1500 X125.44 Y196.434 E1568.60865
G0 F9000 X125.44 Y195.869
G1 F1500 X122.87 Y198.438 E1568.77786
G0 F9000 X122.304 Y198.438
G1 F1500 X125.44 Y195.303 E1568.98434
G0 F9000 X125.44 Y194.737
G1 F1500 X121.739 Y198.438 E1569.22805
G0 F9000 X121.173 Y198.438
G1 F1500 X125.44 Y194.172 E1569.50901
G0 F9000 X125.44 Y193.606
G1 F1500 X120.607 Y198.438 E1569.82724
G0 F9000 X120.041 Y198.438
G1 F1500 X125.44 Y193.04 E1570.18274
G0 F9000 X125.44 Y192.475
G1 F1500 X119.476 Y198.438 E1570.57545
G0 F9000 X118.91 Y198.438
G1 F1500 X125.44 Y191.909 E1571.00542
G0 F9000 X125.44 Y191.343
G1 F1500 X118.344 Y198.438 E1571.47267
G0 F9000 X117.779 Y198.438
G1 F1500 X125.44 Y190.778 E1571.97713
G0 F9000 X125.44 Y190.212
G1 F1500 X117.213 Y198.438 E1572.51886
G0 F9000 X116.647 Y198.438
G1 F1500 X125.44 Y189.646 E1573.09786
G0 F9000 X125.44 Y189.081
G1 F1500 X116.082 Y198.438 E1573.71407
G0 F9000 X115.516 Y198.438
G1 F1500 X125.44 Y188.515 E1574.36755
G0 F9000 X125.44 Y187.949
G1 F1500 X114.95 Y198.438 E1575.0583
G0 F9000 X114.385 Y198.438
G1 F1500 X125.44 Y187.384 E1575.78626
G0 F9000 X125.44 Y186.818
G1 F1500 X113.819 Y198.438 E1576.55149
G0 F9000 X113.253 Y198.438
G1 F1500 X125.44 Y186.252 E1577.35399
G0 F9000 X125.44 Y185.686
G1 F1500 X112.688 Y198.438 E1578.19373
G0 F9000 X112.122 Y198.438
G1 F1500 X125.44 Y185.121 E1579.07071
G0 F9000 X125.44 Y184.555
G1 F1500 X111.556 Y198.438 E1579.98496
G0 F9000 X110.991 Y198.438
G1 F1500 X125.44 Y183.989 E1580.93645
G0 F9000 X125.44 Y183.424
G1 F1500 X110.425 Y198.438 E1581.92518
G0 F9000 X109.859 Y198.438
G1 F1500 X125.44 Y182.858 E1582.95119
G0 F9000 X125.44 Y182.292
G1 F1500 X109.559 Y198.173 E1583.99698
G0 F9000 X109.559 Y197.607
G1 F1500 X125.44 Y181.727 E1585.04274
G0 F9000 X125.44 Y181.161
G1 F1500 X109.559 Y197.041 E1586.08849
G0 F9000 X109.559 Y196.475
G1 F1500 X125.44 Y180.595 E1587.13425
G0 F9000 X125.44 Y180.03
G1 F1500 X109.559 Y195.91 E1588.18001
G0 F9000 X109.559 Y195.344
G1 F1500 X125.44 Y179.464 E1589.22577
G0 F9000 X125.44 Y178.898
G1 F1500 X109.559 Y194.778 E1590.27153
G0 F9000 X109.559 Y194.213
G1 F1500 X125.44 Y178.333 E1591.31728
G0 F9000 X125.44 Y177.767
G1 F1500 X109.559 Y193.647 E1592.36304
G0 F9000 X109.559 Y193.081
G1 F1500 X125.44 Y177.201 E1593.4088
G0 F9000 X125.44 Y176.635
G1 F1500 X109.559 Y192.516 E1594.45459
G0 F9000 X109.559 Y191.95
G1 F1500 X125.44 Y176.07 E1595.50035
G0 F9000 X125.44 Y175.504
G1 F1500 X109.559 Y191.384 E1596.54611
G0 F9000 X109.559 Y190.819
G1 F1500 X125.408 Y174.97 E1597.58979
G0 F9000 X125.321 Y174.492
G1 F1500 X109.559 Y190.253 E1598.62771
G0 F9000 X109.559 Y189.687
G1 F1500 X125.234 Y174.013 E1599.65991
G0 F9000 X125.146 Y173.535
G1 F1500 X109.559 Y189.122 E1600.68634
G0 F9000 X109.559 Y188.556
G1 F1500 X125.059 Y173.056 E1601.70704
G0 F9000 X124.971 Y172.578
G1 F1500 X109.559 Y187.99 E1602.72194
G0 F9000 X109.559 Y187.425
G1 F1500 X124.884 Y172.099 E1603.73115
G0 F9000 X124.797 Y171.621
G1 F1500 X109.559 Y186.859 E1604.7346
G0 F9000 X109.559 Y186.293
G1 F1500 X124.71 Y171.143 E1605.73229
G0 F9000 X124.623 Y170.664
G1 F1500 X109.559 Y185.727 E1606.72425
G0 F9000 X109.559 Y185.162
G1 F1500 X124.535 Y170.186 E1607.71044
G0 F9000 X124.448 Y169.707
G1 F1500 X109.559 Y184.596 E1608.69091
G0 F9000 X109.559 Y184.03
G1 F1500 X124.36 Y169.229 E1609.66558
G0 F9000 X124.274 Y168.751
G1 F1500 X109.559 Y183.465 E1610.63455
G0 F9000 X109.559 Y182.899
G1 F1500 X124.186 Y168.273 E1611.59773
G0 F9000 X124.111 Y167.782
G1 F1500 X109.559 Y182.333 E1612.55597
G0 F9000 X109.559 Y181.768
G1 F1500 X124.046 Y167.281 E1613.50997
G0 F9000 X123.981 Y166.781
G1 F1500 X109.559 Y181.202 E1614.45965
G0 F9000 X109.559 Y180.636
G1 F1500 X123.916 Y166.28 E1615.40505
G0 F9000 X123.851 Y165.779
G1 F1500 X109.559 Y180.071 E1616.3462
G0 F9000 X109.559 Y179.505
G1 F1500 X123.786 Y165.278 E1617.28307
G0 F9000 X123.721 Y164.777
G1 F1500 X109.559 Y178.939 E1618.21567
G0 F9000 X109.559 Y178.374
G1 F1500 X123.656 Y164.277 E1619.14398
G0 F9000 X123.591 Y163.776
G1 F1500 X109.559 Y177.808 E1620.06801
G0 F9000 X109.559 Y177.242
G1 F1500 X123.527 Y163.275 E1620.98779
G0 F9000 X123.462 Y162.774
G1 F1500 X109.559 Y176.676 E1621.9033
G0 F9000 X109.559 Y176.111
G1 F1500 X123.397 Y162.273 E1622.81455
G0 F9000 X123.332 Y161.773
G1 F1500 X109.559 Y175.545 E1623.72149
G0 F9000 X109.597 Y174.942
G1 F1500 X123.267 Y161.272 E1624.62169
G0 F9000 X123.202 Y160.771
G1 F1500 X109.723 Y174.25 E1625.5093
G0 F9000 X109.849 Y173.558
G1 F1500 X123.161 Y160.246 E1626.38592
G0 F9000 X123.121 Y159.721
G1 F1500 X109.975 Y172.867 E1627.25161
G0 F9000 X110.102 Y172.174
G1 F1500 X123.08 Y159.196 E1628.10623
G0 F9000 X123.039 Y158.671
G1 F1500 X110.228 Y171.483 E1628.94989
G0 F9000 X110.354 Y170.791
G1 F1500 X122.999 Y158.146 E1629.78258
G0 F9000 X122.958 Y157.621
G1 F1500 X110.48 Y170.099 E1630.60428
G0 F9000 X110.607 Y169.407
G1 F1500 X122.917 Y157.096 E1631.41495
G0 F9000 X122.876 Y156.571
G1 F1500 X110.732 Y168.715 E1632.21465
G0 F9000 X110.858 Y168.024
G1 F1500 X122.835 Y156.047 E1633.00336
G0 F9000 X122.795 Y155.521
G1 F1500 X110.942 Y167.374 E1633.7839
G0 F9000 X111.026 Y166.725
G1 F1500 X122.754 Y154.997 E1634.55621
G0 F9000 X122.713 Y154.472
G1 F1500 X111.11 Y166.075 E1635.32028
G0 F9000 X111.194 Y165.425
G1 F1500 X122.673 Y153.947 E1636.07616
G0 F9000 X122.632 Y153.422
G1 F1500 X111.278 Y164.775 E1636.82381
G0 F9000 X111.362 Y164.126
G1 F1500 X122.617 Y152.871 E1637.56497
G0 F9000 X122.603 Y152.319
G1 F1500 X111.446 Y163.476 E1638.29968
G0 F9000 X111.53 Y162.826
G1 F1500 X122.588 Y151.768 E1639.02787
G0 F9000 X122.574 Y151.217
G1 F1500 X111.614 Y162.177 E1639.7496
G0 F9000 X111.698 Y161.527
G1 F1500 X122.559 Y150.666 E1640.46482
G0 F9000 X122.545 Y150.114
G1 F1500 X111.782 Y160.878 E1641.17361
G0 F9000 X111.836 Y160.257
G1 F1500 X122.53 Y149.563 E1641.87783
G0 F9000 X122.516 Y149.012
G1 F1500 X111.884 Y159.644 E1642.57797
G0 F9000 X111.931 Y159.031
G1 F1500 X122.502 Y148.46 E1643.27408
G0 F9000 X122.487 Y147.909
G1 F1500 X111.978 Y158.418 E1643.96612
G0 F9000 X112.026 Y157.805
G1 F1500 X122.473 Y147.358 E1644.65407
G0 F9000 X122.459 Y146.806
G1 F1500 X112.074 Y157.191 E1645.33794
G0 F9000 X112.121 Y156.578
G1 F1500 X122.444 Y146.255 E1646.01773
G0 F9000 X122.439 Y145.695
G1 F1500 X112.169 Y155.965 E1646.69403
G0 F9000 X112.216 Y155.352
G1 F1500 X122.439 Y145.13 E1647.3672
G0 F9000 X122.439 Y144.564
G1 F1500 X112.263 Y154.739 E1648.03727
G0 F9000 X112.311 Y154.126
G1 F1500 X122.439 Y143.998 E1648.70422
G0 F9000 X122.439 Y143.433
G1 F1500 X112.358 Y153.513 E1649.36803
G0 F9000 X112.383 Y152.923
G1 F1500 X122.439 Y142.867 E1650.03024
G0 F9000 X122.439 Y142.301
G1 F1500 X112.398 Y152.342 E1650.69146
G0 F9000 X112.413 Y151.762
G1 F1500 X122.439 Y141.736 E1651.35169
G0 F9000 X122.439 Y141.17
G1 F1500 X112.427 Y151.181 E1652.01096
G0 F9000 X112.442 Y150.601
G1 F1500 X122.439 Y140.604 E1652.66928
G0 F9000 X122.439 Y140.038
G1 F1500 X112.457 Y150.02 E1653.32661
G0 F9000 X112.473 Y149.439
G1 F1500 X122.439 Y139.473 E1653.98289
G0 F9000 X122.439 Y138.907
G1 F1500 X112.487 Y148.858 E1654.63821
G0 F9000 X112.502 Y148.278
G1 F1500 X122.439 Y138.341 E1655.29258
G0 F9000 X122.439 Y137.776
G1 F1500 X112.517 Y147.697 E1655.94593
G0 F9000 X112.532 Y147.117
G1 F1500 X122.439 Y137.21 E1656.59832
G0 F9000 X122.439 Y136.644
G1 F1500 X112.548 Y146.535 E1657.24966
G0 F9000 X112.56 Y145.958
G1 F1500 X122.439 Y136.079 E1657.90021
G0 F9000 X122.439 Y135.513
G1 F1500 X112.56 Y145.392 E1658.55076
G0 F9000 X112.56 Y144.826
G1 F1500 X122.439 Y134.947 E1659.20131
G0 F9000 X122.439 Y134.382
G1 F1500 X112.56 Y144.261 E1659.85186
G0 F9000 X112.56 Y143.695
G1 F1500 X122.439 Y133.816 E1660.50241
G0 F9000 X122.439 Y133.25
G1 F1500 X112.56 Y143.129 E1661.15295
G0 F9000 X112.56 Y142.564
G1 F1500 X122.439 Y132.685 E1661.8035
G0 F9000 X122.439 Y132.119
G1 F1500 X112.56 Y141.998 E1662.45405
G0 F9000 X112.56 Y141.432
G1 F1500 X122.439 Y131.553 E1663.1046
G0 F9000 X122.439 Y130.987
G1 F1500 X112.56 Y140.866 E1663.75515
G0 F9000 X112.56 Y140.301
G1 F1500 X122.439 Y130.422 E1664.4057
G0 F9000 X122.439 Y129.856
G1 F1500 X112.56 Y139.735 E1665.05625
G0 F9000 X112.56 Y139.169
G1 F1500 X122.439 Y129.29 E1665.7068
G0 F9000 X122.439 Y128.725
G1 F1500 X112.56 Y138.604 E1666.35735
G0 F9000 X112.56 Y138.038
G1 F1500 X122.439 Y128.159 E1667.0079
G0 F9000 X122.439 Y127.593
G1 F1500 X112.56 Y137.472 E1667.65844
G0 F9000 X112.56 Y136.907
G1 F1500 X122.439 Y127.028 E1668.30899
G0 F9000 X122.439 Y126.462
G1 F1500 X112.56 Y136.341 E1668.95954
G0 F9000 X112.56 Y135.775
G1 F1500 X122.439 Y125.896 E1669.61009
G0 F9000 X122.439 Y125.331
G1 F1500 X112.56 Y135.21 E1670.26064
G0 F9000 X112.56 Y134.644
G1 F1500 X122.439 Y124.765 E1670.91119
G0 F9000 X122.439 Y124.199
G1 F1500 X112.56 Y134.078 E1671.56174
G0 F9000 X112.56 Y133.513
G1 F1500 X122.439 Y123.634 E1672.21229
G0 F9000 X122.439 Y123.068
G1 F1500 X112.56 Y132.947 E1672.86284
G0 F9000 X112.56 Y132.381
G1 F1500 X122.439 Y122.502 E1673.51339
G0 F9000 X122.439 Y121.937
G1 F1500 X112.56 Y131.816 E1674.16393
G0 F9000 X112.56 Y131.25
G1 F1500 X122.439 Y121.371 E1674.81448
G0 F9000 X122.439 Y120.805
G1 F1500 X112.56 Y130.684 E1675.46503
G0 F9000 X112.56 Y130.118
G1 F1500 X122.439 Y120.239 E1676.11558
G0 F9000 X122.439 Y119.674
G1 F1500 X112.56 Y129.553 E1676.76613
G0 F9000 X112.56 Y128.987
G1 F1500 X122.439 Y119.108 E1677.41668
G0 F9000 X122.439 Y118.542
G1 F1500 X112.56 Y128.421 E1678.06723
G0 F9000 X112.56 Y127.856
G1 F1500 X122.439 Y117.977 E1678.71778
G0 F9000 X122.439 Y117.411
G1 F1500 X112.56 Y127.29 E1679.36833
G0 F9000 X112.56 Y126.724
G1 F1500 X122.439 Y116.845 E1680.01888
G0 F9000 X122.439 Y116.28
G1 F1500 X112.56 Y126.159 E1680.66943
G0 F9000 X112.56 Y125.593
G1 F1500 X122.439 Y115.714 E1681.31997
G0 F9000 X122.439 Y115.148
G1 F1500 X112.56 Y125.027 E1681.97052
G0 F9000 X112.56 Y124.462
G1 F1500 X122.439 Y114.583 E1682.62107
G0 F9000 X122.439 Y114.017
G1 F1500 X112.56 Y123.896 E1683.27162
G0 F9000 X112.56 Y123.33
G1 F1500 X122.439 Y113.451 E1683.92217
G0 F9000 X122.439 Y112.886
G1 F1500 X112.56 Y122.765 E1684.57272
G0 F9000 X112.56 Y122.199
G1 F1500 X122.439 Y112.32 E1685.22327
G0 F9000 X122.439 Y111.754
G1 F1500 X112.56 Y121.633 E1685.87382
G0 F9000 X112.56 Y121.067
G1 F1500 X122.439 Y111.189 E1686.52433
G0 F9000 X122.439 Y110.623
G1 F1500 X112.56 Y120.502 E1687.17488
G0 F9000 X112.56 Y119.936
G1 F1500 X122.439 Y110.057 E1687.82543
G0 F9000 X122.439 Y109.491
G1 F1500 X112.56 Y119.37 E1688.47598
G0 F9000 X112.56 Y118.805
G1 F1500 X122.439 Y108.926 E1689.12653
G0 F9000 X122.439 Y108.36
G1 F1500 X112.56 Y118.239 E1689.77708
G0 F9000 X112.56 Y117.673
G1 F1500 X122.439 Y107.794 E1690.42763
G0 F9000 X122.439 Y107.229
G1 F1500 X112.56 Y117.108 E1691.07818
G0 F9000 X112.56 Y116.542
G1 F1500 X122.439 Y106.663 E1691.72873
G0 F9000 X122.439 Y106.097
G1 F1500 X112.56 Y115.976 E1692.37927
G0 F9000 X112.56 Y115.411
G1 F1500 X122.439 Y105.532 E1693.02982
G0 F9000 X122.439 Y104.966
G1 F1500 X112.56 Y114.845 E1693.68037
G0 F9000 X112.56 Y114.279
G1 F1500 X122.439 Y104.4 E1694.33092
G0 F9000 X122.439 Y103.835
G1 F1500 X112.56 Y113.714 E1694.98147
G0 F9000 X112.56 Y113.148
G1 F1500 X122.439 Y103.269 E1695.63202
G0 F9000 X122.439 Y102.703
G1 F1500 X112.56 Y112.582 E1696.28257
G0 F9000 X112.56 Y112.017
G1 F1500 X122.439 Y102.138 E1696.93312
G0 F9000 X122.439 Y101.572
G1 F1500 X112.56 Y111.451 E1697.58367
G0 F9000 X112.56 Y110.885
G1 F1500 X122.439 Y101.006 E1698.23422
G0 F9000 X122.439 Y100.44
G1 F1500 X112.56 Y110.319 E1698.88476
G0 F9000 X112.56 Y109.754
G1 F1500 X122.439 Y99.875 E1699.53531
G0 F9000 X122.439 Y99.309
G1 F1500 X112.56 Y109.188 E1700.18586
G0 F9000 X112.56 Y108.622
G1 F1500 X122.439 Y98.743 E1700.83641
G0 F9000 X122.439 Y98.178
G1 F1500 X112.56 Y108.057 E1701.48696
G0 F9000 X112.56 Y107.491
G1 F1500 X122.439 Y97.612 E1702.13751
G0 F9000 X122.439 Y97.046
G1 F1500 X112.56 Y106.925 E1702.78806
G0 F9000 X112.56 Y106.36
G1 F1500 X122.439 Y96.481 E1703.43861
G0 F9000 X122.439 Y95.915
G1 F1500 X112.56 Y105.794 E1704.08916
G0 F9000 X112.56 Y105.228
G1 F1500 X122.439 Y95.349 E1704.73971
G0 F9000 X122.439 Y94.784
G1 F1500 X112.56 Y104.663 E1705.39026
G0 F9000 X112.56 Y104.097
G1 F1500 X122.439 Y94.218 E1706.0408
G0 F9000 X122.439 Y93.652
G1 F1500 X112.56 Y103.531 E1706.69135
G0 F9000 X112.56 Y102.966
G1 F1500 X122.439 Y93.087 E1707.3419
G0 F9000 X122.439 Y92.521
G1 F1500 X112.56 Y102.4 E1707.99245
G0 F9000 X112.56 Y101.834
G1 F1500 X122.439 Y91.955 E1708.643
G0 F9000 X122.439 Y91.39
G1 F1500 X112.56 Y101.269 E1709.29355
G0 F9000 X112.56 Y100.703
G1 F1500 X122.439 Y90.824 E1709.9441
G0 F9000 X122.439 Y90.258
G1 F1500 X112.56 Y100.137 E1710.59465
G0 F9000 X112.56 Y99.571
G1 F1500 X122.439 Y89.692 E1711.2452
G0 F9000 X122.439 Y89.127
G1 F1500 X112.56 Y99.006 E1711.89575
G0 F9000 X112.56 Y98.44
G1 F1500 X122.448 Y88.551 E1712.54692
G0 F9000 X122.463 Y87.971
G1 F1500 X112.56 Y97.874 E1713.19905
G0 F9000 X112.56 Y97.309
G1 F1500 X122.479 Y87.389 E1713.85227
G0 F9000 X122.494 Y86.809
G1 F1500 X112.56 Y96.743 E1714.50644
G0 F9000 X112.56 Y96.177
G1 F1500 X122.509 Y86.228 E1715.16159
G0 F9000 X122.523 Y85.648
G1 F1500 X112.56 Y95.612 E1715.81771
G0 F9000 X112.56 Y95.046
G1 F1500 X122.538 Y85.067 E1716.47481
G0 F9000 X122.553 Y84.487
G1 F1500 X112.56 Y94.48 E1717.13287
G0 F9000 X112.56 Y93.915
G1 F1500 X122.569 Y83.905 E1717.79201
G0 F9000 X122.584 Y83.325
G1 F1500 X112.56 Y93.349 E1718.45211
G0 F9000 X112.56 Y92.783
G1 F1500 X122.598 Y82.744 E1719.11316
G0 F9000 X122.613 Y82.164
G1 F1500 X112.56 Y92.218 E1719.7752
G0 F9000 X112.56 Y91.652
G1 F1500 X122.633 Y81.578 E1720.43856
G0 F9000 X122.68 Y80.965
G1 F1500 X112.56 Y91.086 E1721.10501
G0 F9000 X112.56 Y90.52
G1 F1500 X122.728 Y80.352 E1721.77459
G0 F9000 X122.775 Y79.739
G1 F1500 X112.56 Y89.955 E1722.4473
G0 F9000 X112.56 Y89.389
G1 F1500 X122.823 Y79.126 E1723.12313
G0 F9000 X122.87 Y78.513
G1 F1500 X112.556 Y88.827 E1723.80233
G0 F9000 X112.541 Y88.276
G1 F1500 X122.917 Y77.9 E1724.4856
G0 F9000 X122.965 Y77.287
G1 F1500 X112.527 Y87.725 E1725.17296
G0 F9000 X112.513 Y87.173
G1 F1500 X123.012 Y76.674 E1725.86434
G0 F9000 X123.06 Y76.06
G1 F1500 X112.498 Y86.622 E1726.55987
G0 F9000 X112.484 Y86.071
G1 F1500 X123.107 Y75.447 E1727.25944
G0 F9000 X123.155 Y74.834
G1 F1500 X112.47 Y85.519 E1727.96307
G0 F9000 X112.455 Y84.968
G1 F1500 X123.204 Y74.22 E1728.67088
G0 F9000 X123.288 Y73.57
G1 F1500 X112.441 Y84.417 E1729.38517
G0 F9000 X112.427 Y83.865
G1 F1500 X123.371 Y72.921 E1730.10585
G0 F9000 X123.455 Y72.271
G1 F1500 X112.412 Y83.314 E1730.83305
G0 F9000 X112.398 Y82.763
G1 F1500 X123.54 Y71.621 E1731.56677
G0 F9000 X123.624 Y70.971
G1 F1500 X112.384 Y82.211 E1732.30694
G0 F9000 X112.369 Y81.66
G1 F1500 X123.708 Y70.321 E1733.05364
G0 F9000 X123.792 Y69.671
G1 F1500 X112.332 Y81.132 E1733.80833
G0 F9000 X112.292 Y80.606
G1 F1500 X123.876 Y69.022 E1734.57116
G0 F9000 X123.96 Y68.372
G1 F1500 X112.251 Y80.081 E1735.34221
G0 F9000 X112.21 Y79.557
G1 F1500 X124.044 Y67.723 E1736.1215
G0 F9000 X124.128 Y67.073
G1 F1500 X112.169 Y79.031 E1736.90899
G0 F9000 X112.128 Y78.507
G1 F1500 X124.247 Y66.388 E1737.70705
G0 F9000 X124.373 Y65.696
G1 F1500 X112.088 Y77.981 E1738.51603
G0 F9000 X112.047 Y77.457
G1 F1500 X124.499 Y65.005 E1739.33602
G0 F9000 X124.625 Y64.313
G1 F1500 X112.006 Y76.932 E1740.167
G0 F9000 X111.966 Y76.407
G1 F1500 X124.751 Y63.621 E1741.00895
G0 F9000 X124.877 Y62.93
G1 F1500 X111.925 Y75.882 E1741.86186
G0 F9000 X111.884 Y75.357
G1 F1500 X125.003 Y62.238 E1742.72577
G0 F9000 X125.129 Y61.546
G1 F1500 X111.843 Y74.832 E1743.60068
G0 F9000 X111.802 Y74.307
G1 F1500 X125.255 Y60.855 E1744.48655
G0 F9000 X125.381 Y60.163
G1 F1500 X111.741 Y73.802 E1745.38473
G0 F9000 X111.676 Y73.302
G1 F1500 X125.437 Y59.541 E1746.29092
G0 F9000 X125.437 Y58.975
G1 F1500 X111.611 Y72.801 E1747.20138
G0 F9000 X111.547 Y72.3
G1 F1500 X125.437 Y58.409 E1748.11609
G0 F9000 X125.437 Y57.844
G1 F1500 X111.482 Y71.799 E1749.03505
G0 F9000 X111.417 Y71.298
G1 F1500 X125.437 Y57.278 E1749.9583
G0 F9000 X125.437 Y56.712
G1 F1500 X111.352 Y70.798 E1750.88585
G0 F9000 X111.287 Y70.297
G1 F1500 X125.437 Y56.147 E1751.81765
G0 F9000 X125.437 Y55.581
G1 F1500 X111.222 Y69.796 E1752.75373
G0 F9000 X111.157 Y69.295
G1 F1500 X125.437 Y55.015 E1753.6941
G0 F9000 X125.437 Y54.45
G1 F1500 X111.092 Y68.795 E1754.63874
G0 F9000 X111.027 Y68.294
G1 F1500 X125.437 Y53.884 E1755.58766
G0 F9000 X125.437 Y53.318
G1 F1500 X110.962 Y67.793 E1756.54087
G0 F9000 X110.898 Y67.292
G1 F1500 X125.437 Y52.752 E1757.49832
G0 F9000 X125.437 Y52.187
G1 F1500 X110.826 Y66.798 E1758.46048
G0 F9000 X110.739 Y66.32
G1 F1500 X125.437 Y51.621 E1759.4284
G0 F9000 X125.437 Y51.055
G1 F1500 X110.651 Y65.842 E1760.40211
G0 F9000 X110.564 Y65.363
G1 F1500 X125.437 Y50.49 E1761.38153
G0 F9000 X125.437 Y49.924
G1 F1500 X110.476 Y64.885 E1762.36673
G0 F9000 X110.389 Y64.406
G1 F1500 X125.437 Y49.358 E1763.35767
G0 F9000 X125.437 Y48.793
G1 F1500 X110.303 Y63.928 E1764.3543
G0 F9000 X110.215 Y63.45
G1 F1500 X125.437 Y48.227 E1765.35673
G0 F9000 X125.437 Y47.661
G1 F1500 X110.128 Y62.971 E1766.36489
G0 F9000 X110.04 Y62.493
G1 F1500 X125.437 Y47.096 E1767.37881
G0 F9000 X125.437 Y46.53
G1 F1500 X109.953 Y62.014 E1768.39845
G0 F9000 X109.866 Y61.535
G1 F1500 X125.437 Y45.964 E1769.42383
G0 F9000 X125.437 Y45.399
G1 F1500 X109.779 Y61.057 E1770.45494
G0 F9000 X109.692 Y60.579
G1 F1500 X125.437 Y44.833 E1771.4918
G0 F9000 X125.437 Y44.267
G1 F1500 X109.605 Y60.1 E1772.5344
G0 F9000 X109.56 Y59.579
G1 F1500 X125.437 Y43.702 E1773.57993
G0 F9000 X125.437 Y43.136
G1 F1500 X109.56 Y59.013 E1774.62546
G0 F9000 X109.56 Y58.448
G1 F1500 X125.437 Y42.57 E1775.67102
G0 F9000 X125.437 Y42.004
G1 F1500 X109.56 Y57.882 E1776.71658
G0 F9000 X109.56 Y57.316
G1 F1500 X125.437 Y41.439 E1777.7621
G0 F9000 X125.437 Y40.873
G1 F1500 X109.56 Y56.75 E1778.80763
G0 F9000 X109.56 Y56.185
G1 F1500 X125.437 Y40.307 E1779.85319
G0 F9000 X125.437 Y39.742
G1 F1500 X109.56 Y55.619 E1780.89872
G0 F9000 X109.56 Y55.053
G1 F1500 X125.437 Y39.176 E1781.94425
G0 F9000 X125.437 Y38.61
G1 F1500 X109.56 Y54.488 E1782.98981
G0 F9000 X109.56 Y53.922
G1 F1500 X125.437 Y38.045 E1784.03534
G0 F9000 X125.437 Y37.479
G1 F1500 X109.56 Y53.356 E1785.08086
G0 F9000 X109.56 Y52.791
G1 F1500 X125.437 Y36.913 E1786.12642
G0 F9000 X125.225 Y36.56
G1 F1500 X109.56 Y52.225 E1787.15799
G0 F9000 X109.56 Y51.659
G1 F1500 X124.659 Y36.56 E1788.15229
G0 F9000 X124.093 Y36.56
G1 F1500 X109.56 Y51.094 E1789.10934
G0 F9000 X109.56 Y50.528
G1 F1500 X123.528 Y36.56 E1790.02916
G0 F9000 X122.962 Y36.56
G1 F1500 X109.56 Y49.962 E1790.9117
G0 F9000 X109.56 Y49.397
G1 F1500 X122.396 Y36.56 E1791.75701
G0 F9000 X121.83 Y36.56
G1 F1500 X109.56 Y48.831 E1792.56504
G0 F9000 X109.56 Y48.265
G1 F1500 X121.265 Y36.56 E1793.33584
G0 F9000 X120.699 Y36.56
G1 F1500 X109.56 Y47.7 E1794.06939
G0 F9000 X109.56 Y47.134
G1 F1500 X120.133 Y36.56 E1794.76567
G0 F9000 X119.568 Y36.56
G1 F1500 X109.56 Y46.568 E1795.42472
G0 F9000 X109.56 Y46.002
G1 F1500 X119.002 Y36.56 E1796.04649
G0 F9000 X118.436 Y36.56
G1 F1500 X109.56 Y45.437 E1796.63102
G0 F9000 X109.56 Y44.871
G1 F1500 X117.871 Y36.56 E1797.17832
G0 F9000 X117.305 Y36.56
G1 F1500 X109.56 Y44.305 E1797.68834
G0 F9000 X109.56 Y43.74
G1 F1500 X116.739 Y36.56 E1798.16112
G0 F9000 X116.174 Y36.56
G1 F1500 X109.56 Y43.174 E1798.59666
G0 F9000 X109.56 Y42.608
G1 F1500 X115.608 Y36.56 E1798.99493
G0 F9000 X115.042 Y36.56
G1 F1500 X109.56 Y42.043 E1799.35597
G0 F9000 X109.56 Y41.477
G1 F1500 X114.477 Y36.56 E1799.67976
G0 F9000 X113.911 Y36.56
G1 F1500 X109.56 Y40.911 E1799.96628
G0 F9000 X109.56 Y40.346
G1 F1500 X113.345 Y36.56 E1800.21556
G0 F9000 X112.779 Y36.56
G1 F1500 X109.56 Y39.78 E1800.42757
G0 F9000 X109.56 Y39.214
G1 F1500 X112.214 Y36.56 E1800.60234
G0 F9000 X111.648 Y36.56
G1 F1500 X109.56 Y38.649 E1800.73987
G0 F9000 X109.56 Y38.083
G1 F1500 X111.082 Y36.56 E1800.84013
G0 F9000 X110.517 Y36.56
G1 F1500 X109.56 Y37.517 E1800.90315
G0 F9000 X109.56 Y36.951
G1 F1500 X109.951 Y36.56 E1800.9289
G1 F2700 E1795.9289
;MESH:NONMESH
G0 F300 X109.951 Y36.56 Z1.96
G0 F9000 X109.951 Y36.1
G0 X109.172 Y36.172
G0 X109.162 Y59.896
G0 X111.083 Y74.337
G0 X111.65 Y81.659
G0 X111.839 Y88.99
G0 X111.839 Y146.01
G0 X111.65 Y153.341
G0 X111.083 Y160.663
G0 X110.14 Y167.947
G0 X109.149 Y173.192
G0 X109 Y199
;TIME_ELAPSED:1825.378227
;LAYER:6
;TYPE:WALL-INNER
;MESH:D638-22 Tensile.STL
G1 F2700 E1800.9289
G1 F1500 X126 Y199 E1801.72049
G1 X126 Y175.858 E1802.79808
G1 X126 Y175.089 E1802.83389
G1 X124.701 Y167.971 E1803.17081
G1 X123.754 Y160.654 E1803.51436
G1 X123.188 Y153.323 E1803.85674
G1 X123 Y146.027 E1804.19658
G1 X123 Y88.973 E1806.85325
G1 X123.19 Y81.624 E1807.19557
G1 X123.754 Y74.346 E1807.53548
G1 X124.701 Y67.027 E1807.87912
G1 X125.999 Y59.907 E1808.21612
G1 X126 Y36 E1809.32933
G1 X109 Y36 E1810.12093
G1 X109.001 Y59.911 E1811.23432
G1 X110.299 Y67.028 E1811.57119
G1 X111.246 Y74.345 E1811.91474
G1 X111.81 Y81.625 E1812.25474
G1 X112 Y88.973 E1812.59701
G1 X112 Y146.027 E1815.25368
G1 X111.812 Y153.324 E1815.59357
G1 X111.245 Y160.664 E1815.93637
G1 X110.299 Y167.972 E1816.2795
G1 X109 Y175.093 E1816.61656
G1 X109 Y199 E1817.72977
G1 F2700 E1812.72977
G0 F9000 X125.828 Y198.828
G0 X125.839 Y175.105
G0 X124.797 Y167.931
G1 F2700 E1817.72977
G0 F9000 X125.094 Y167.894
G1 F1500 X126.4 Y175.053 E1818.06862
G1 X126.4 Y175.858 E1818.10611
G1 X126.4 Y199.4 E1819.20232
G1 X108.6 Y199.4 E1820.03116
G1 X108.6 Y175.057 E1821.16468
G1 X109.906 Y167.896 E1821.50362
G1 X110.844 Y160.654 E1821.84366
G1 X111.411 Y153.345 E1822.18502
G1 X111.6 Y146.017 E1822.52635
G1 X111.6 Y88.983 E1825.1821
G1 X111.411 Y81.656 E1825.52338
G1 X110.847 Y74.376 E1825.86339
G1 X109.906 Y67.105 E1826.20478
G1 X108.601 Y59.947 E1826.54358
G1 X108.6 Y35.6 E1827.67728
G1 X126.4 Y35.6 E1828.50612
G1 X126.399 Y59.943 E1829.63963
G1 X125.094 Y67.104 E1829.97857
G1 X124.156 Y74.346 E1830.31861
G1 X123.589 Y81.655 E1830.65997
G1 X123.4 Y88.983 E1831.0013
G1 X123.4 Y146.017 E1833.65704
G1 X123.589 Y153.343 E1833.99829
G1 X124.156 Y160.654 E1834.33974
G1 X125.094 Y167.894 E1834.67968
G1 F2700 E1829.67968
G0 F9000 X124.797 Y167.931
G0 X126.198 Y175.072
G0 X126.082 Y199.082
G0 X108.47 Y199.53
G1 F2700 E1834.67968
G0 F9000 X108.2 Y199.8
;TYPE:WALL-OUTER
G1 F1500 X126.8 Y199.8 E1835.54578
G1 X126.8 Y175.858 E1836.66062
G1 X126.8 Y175.017 E1836.69978
G1 X125.491 Y167.842 E1837.03939
G1 X124.552 Y160.592 E1837.3798
G1 X123.988 Y153.302 E1837.72027
G1 X123.8 Y146.007 E1838.06006
G1 X123.8 Y88.993 E1840.71487
G1 X123.988 Y81.686 E1841.05523
G1 X124.553 Y74.398 E1841.39561
G1 X125.493 Y67.146 E1841.73612
G1 X126.799 Y59.979 E1842.07534
G1 X126.8 Y35.2 E1843.22915
G1 X108.2 Y35.2 E1844.09525
G1 X108.201 Y59.983 E1845.24925
G1 X109.509 Y67.157 E1845.58881
G1 X110.448 Y74.407 E1845.92922
G1 X111.012 Y81.697 E1846.26968
G1 X111.2 Y88.993 E1846.60953
G1 X111.2 Y146.007 E1849.26434
G1 X111.012 Y153.314 E1849.6047
G1 X110.447 Y160.602 E1849.94507
G1 X109.507 Y167.854 E1850.28558
G1 X108.2 Y175.021 E1850.62481
G1 X108.2 Y199.8 E1851.77863
G0 F9000 X108.47 Y199.53
G0 X109.1 Y198.64
G0 X109.36 Y198.64
;TYPE:SKIN
G1 F1500 X125.64 Y198.64 E1852.53669
G1 X125.64 Y175.858 E1853.59752
G1 X125.64 Y175.122 E1853.63179
G1 X124.341 Y168.004 E1853.96871
G1 X123.401 Y160.741 E1854.30972
G1 X122.831 Y153.391 E1854.653
G1 X122.64 Y146.04 E1854.99541
G1 X122.64 Y88.961 E1857.65324
G1 X122.828 Y81.657 E1857.99346
G1 X123.402 Y74.247 E1858.33953
G1 X124.343 Y66.983 E1858.6806
G1 X125.639 Y59.872 E1859.01718
G1 X125.639 Y36.361 E1860.11195
G1 X109.361 Y36.361 E1860.86992
G1 X109.361 Y59.879 E1861.96501
G1 X110.659 Y66.995 E1862.30183
G1 X111.599 Y74.258 E1862.64285
G1 X112.169 Y81.606 E1862.98603
G1 X112.36 Y88.961 E1863.32863
G1 X112.36 Y146.04 E1865.98646
G1 X112.172 Y153.343 E1866.32663
G1 X111.598 Y160.752 E1866.67266
G1 X110.657 Y168.017 E1867.01378
G1 X109.36 Y175.128 E1867.35036
G1 X109.36 Y198.64 E1868.44517
G0 F9000 X109.559 Y198.372
G1 F1500 X109.626 Y198.438 E1868.44955
G0 F9000 X110.191 Y198.438
G1 F1500 X109.559 Y197.806 E1868.49117
G0 F9000 X109.559 Y197.241
G1 F1500 X110.757 Y198.438 E1868.57003
G0 F9000 X111.323 Y198.438
G1 F1500 X109.559 Y196.675 E1868.68616
G0 F9000 X109.559 Y196.109
G1 F1500 X111.889 Y198.438 E1868.83956
G0 F9000 X112.454 Y198.438
G1 F1500 X109.559 Y195.544 E1869.03017
G0 F9000 X109.559 Y194.978
G1 F1500 X113.02 Y198.438 E1869.25805
G0 F9000 X113.586 Y198.438
G1 F1500 X109.559 Y194.412 E1869.5232
G0 F9000 X109.559 Y193.846
G1 F1500 X114.151 Y198.438 E1869.82559
G0 F9000 X114.717 Y198.438
G1 F1500 X109.559 Y193.281 E1870.16522
G0 F9000 X109.559 Y192.715
G1 F1500 X115.283 Y198.438 E1870.54212
G0 F9000 X115.848 Y198.438
G1 F1500 X109.559 Y192.149 E1870.95626
G0 F9000 X109.559 Y191.584
G1 F1500 X116.414 Y198.438 E1871.40765
G0 F9000 X116.98 Y198.438
G1 F1500 X109.559 Y191.018 E1871.8963
G0 F9000 X109.559 Y190.452
G1 F1500 X117.545 Y198.438 E1872.42219
G0 F9000 X118.111 Y198.438
G1 F1500 X109.559 Y189.887 E1872.98532
G0 F9000 X109.559 Y189.321
G1 F1500 X118.677 Y198.438 E1873.58572
G0 F9000 X119.242 Y198.438
G1 F1500 X109.559 Y188.755 E1874.22337
G0 F9000 X109.559 Y188.19
G1 F1500 X119.808 Y198.438 E1874.89825
G0 F9000 X120.374 Y198.438
G1 F1500 X109.559 Y187.624 E1875.6104
G0 F9000 X109.559 Y187.058
G1 F1500 X120.94 Y198.438 E1876.35983
G0 F9000 X121.505 Y198.438
G1 F1500 X109.559 Y186.493 E1877.14646
G0 F9000 X109.559 Y185.927
G1 F1500 X122.071 Y198.438 E1877.97036
G0 F9000 X122.637 Y198.438
G1 F1500 X109.559 Y185.361 E1878.83154
G0 F9000 X109.559 Y184.795
G1 F1500 X123.202 Y198.438 E1879.72995
G0 F9000 X123.768 Y198.438
G1 F1500 X109.559 Y184.23 E1880.66561
G0 F9000 X109.559 Y183.664
G1 F1500 X124.334 Y198.438 E1881.63853
G0 F9000 X124.899 Y198.438
G1 F1500 X109.559 Y183.098 E1882.6487
G0 F9000 X109.559 Y182.533
G1 F1500 X125.44 Y198.413 E1883.69445
G0 F9000 X125.44 Y197.847
G1 F1500 X109.559 Y181.967 E1884.74021
G0 F9000 X109.559 Y181.401
G1 F1500 X125.44 Y197.282 E1885.786
G0 F9000 X125.44 Y196.716
G1 F1500 X109.559 Y180.836 E1886.83176
G0 F9000 X109.559 Y180.27
G1 F1500 X125.44 Y196.15 E1887.87752
G0 F9000 X125.44 Y195.585
G1 F1500 X109.559 Y179.704 E1888.92331
G0 F9000 X109.559 Y179.139
G1 F1500 X125.44 Y195.019 E1889.96907
G0 F9000 X125.44 Y194.453
G1 F1500 X109.559 Y178.573 E1891.01483
G0 F9000 X109.559 Y178.007
G1 F1500 X125.44 Y193.887 E1892.06058
G0 F9000 X125.44 Y193.322
G1 F1500 X109.559 Y177.442 E1893.10634
G0 F9000 X109.559 Y176.876
G1 F1500 X125.44 Y192.756 E1894.1521
G0 F9000 X125.44 Y192.19
G1 F1500 X109.559 Y176.31 E1895.19786
G0 F9000 X109.559 Y175.745
G1 F1500 X125.44 Y191.625 E1896.24362
G0 F9000 X125.44 Y191.059
G1 F1500 X109.559 Y175.179 E1897.28938
G0 F9000 X109.641 Y174.695
G1 F1500 X125.44 Y190.493 E1898.32973
G0 F9000 X125.44 Y189.928
G1 F1500 X109.728 Y174.216 E1899.3644
G0 F9000 X109.815 Y173.738
G1 F1500 X125.44 Y189.362 E1900.3933
G0 F9000 X125.44 Y188.796
G1 F1500 X109.903 Y173.26 E1901.4164
G0 F9000 X109.99 Y172.781
G1 F1500 X125.44 Y188.231 E1902.43381
G0 F9000 X125.44 Y187.665
G1 F1500 X110.078 Y172.303 E1903.44542
G0 F9000 X110.165 Y171.824
G1 F1500 X125.44 Y187.099 E1904.45131
G0 F9000 X125.44 Y186.534
G1 F1500 X110.252 Y171.346 E1905.45146
G0 F9000 X110.339 Y170.868
G1 F1500 X125.44 Y185.968 E1906.44586
G0 F9000 X125.44 Y185.402
G1 F1500 X110.426 Y170.389 E1907.43452
G0 F9000 X110.514 Y169.911
G1 F1500 X125.44 Y184.837 E1908.41742
G0 F9000 X125.44 Y184.271
G1 F1500 X110.601 Y169.432 E1909.3946
G0 F9000 X110.689 Y168.954
G1 F1500 X125.44 Y183.705 E1910.36598
G0 F9000 X125.44 Y183.139
G1 F1500 X110.776 Y168.475 E1911.33163
G0 F9000 X110.861 Y167.995
G1 F1500 X125.44 Y182.574 E1912.29168
G0 F9000 X125.44 Y182.008
G1 F1500 X110.926 Y167.495 E1913.24742
G0 F9000 X110.991 Y166.993
G1 F1500 X125.44 Y181.442 E1914.19891
G0 F9000 X125.44 Y180.877
G1 F1500 X111.056 Y166.493 E1915.14612
G0 F9000 X111.12 Y165.991
G1 F1500 X125.44 Y180.311 E1916.08912
G0 F9000 X125.44 Y179.745
G1 F1500 X111.185 Y165.491 E1917.0278
G0 F9000 X111.25 Y164.99
G1 F1500 X125.44 Y179.18 E1917.96223
G0 F9000 X125.44 Y178.614
G1 F1500 X111.314 Y164.489 E1918.89242
G0 F9000 X111.379 Y163.988
G1 F1500 X125.44 Y178.048 E1919.81833
G0 F9000 X125.44 Y177.483
G1 F1500 X111.444 Y163.487 E1920.73999
G0 F9000 X111.509 Y162.986
G1 F1500 X125.44 Y176.917 E1921.65737
G0 F9000 X125.44 Y176.351
G1 F1500 X111.573 Y162.485 E1922.5705
G0 F9000 X111.638 Y161.984
G1 F1500 X125.44 Y175.786 E1923.47939
G0 F9000 X125.44 Y175.22
G1 F1500 X111.703 Y161.484 E1924.38396
G0 F9000 X111.768 Y160.982
G1 F1500 X125.331 Y174.546 E1925.27714
G0 F9000 X125.205 Y173.854
G1 F1500 X111.819 Y160.468 E1926.15863
G0 F9000 X111.86 Y159.943
G1 F1500 X125.079 Y173.162 E1927.02913
G0 F9000 X124.953 Y172.471
G1 F1500 X111.901 Y159.418 E1927.88866
G0 F9000 X111.941 Y158.893
G1 F1500 X124.826 Y171.778 E1928.73715
G0 F9000 X124.7 Y171.086
G1 F1500 X111.982 Y158.368 E1929.57466
G0 F9000 X112.022 Y157.843
G1 F1500 X124.574 Y170.395 E1930.40123
G0 F9000 X124.447 Y169.702
G1 F1500 X112.063 Y157.318 E1931.21673
G0 F9000 X112.104 Y156.793
G1 F1500 X124.322 Y169.011 E1932.02131
G0 F9000 X124.195 Y168.318
G1 F1500 X112.145 Y156.268 E1932.81482
G0 F9000 X112.185 Y155.743
G1 F1500 X124.095 Y167.652 E1933.59908
G0 F9000 X124.01 Y167.003
G1 F1500 X112.226 Y155.218 E1934.37511
G0 F9000 X112.266 Y154.693
G1 F1500 X123.926 Y166.353 E1935.14295
G0 F9000 X123.841 Y165.702
G1 F1500 X112.307 Y154.168 E1935.90248
G0 F9000 X112.347 Y153.642
G1 F1500 X123.757 Y165.052 E1936.65385
G0 F9000 X123.673 Y164.403
G1 F1500 X112.377 Y153.107 E1937.39771
G0 F9000 X112.391 Y152.555
G1 F1500 X123.589 Y163.753 E1938.13512
G0 F9000 X123.505 Y163.103
G1 F1500 X112.405 Y152.003 E1938.86607
G0 F9000 X112.42 Y151.452
G1 F1500 X123.421 Y162.453 E1939.5905
G0 F9000 X123.337 Y161.803
G1 F1500 X112.434 Y150.9 E1940.30848
G0 F9000 X112.448 Y150.349
G1 F1500 X123.252 Y161.153 E1941.01995
G0 F9000 X123.183 Y160.518
G1 F1500 X112.463 Y149.798 E1941.72588
G0 F9000 X112.477 Y149.246
G1 F1500 X123.136 Y159.905 E1942.42779
G0 F9000 X123.088 Y159.292
G1 F1500 X112.491 Y148.695 E1943.12562
G0 F9000 X112.505 Y148.143
G1 F1500 X123.04 Y158.679 E1943.8194
G0 F9000 X122.993 Y158.065
G1 F1500 X112.519 Y147.592 E1944.5091
G0 F9000 X112.533 Y147.04
G1 F1500 X122.946 Y157.452 E1945.19478
G0 F9000 X122.897 Y156.839
G1 F1500 X112.548 Y146.489 E1945.87631
G0 F9000 X112.559 Y145.934
G1 F1500 X122.85 Y156.226 E1946.55403
G0 F9000 X122.803 Y155.612
G1 F1500 X112.559 Y145.369 E1947.22858
G0 F9000 X112.559 Y144.803
G1 F1500 X122.755 Y154.999 E1947.9
G0 F9000 X122.707 Y154.386
G1 F1500 X112.559 Y144.237 E1948.5683
G0 F9000 X112.559 Y143.672
G1 F1500 X122.66 Y153.773 E1949.23347
G0 F9000 X122.626 Y153.173
G1 F1500 X112.559 Y143.106 E1949.89639
G0 F9000 X112.559 Y142.54
G1 F1500 X122.61 Y152.592 E1950.5583
G0 F9000 X122.596 Y152.011
G1 F1500 X112.559 Y141.975 E1951.21922
G0 F9000 X112.559 Y141.409
G1 F1500 X122.58 Y151.43 E1951.87912
G0 F9000 X122.565 Y150.849
G1 F1500 X112.559 Y140.843 E1952.53804
G0 F9000 X112.559 Y140.277
G1 F1500 X122.55 Y150.268 E1953.19596
G0 F9000 X122.535 Y149.688
G1 F1500 X112.559 Y139.712 E1953.8529
G0 F9000 X112.559 Y139.146
G1 F1500 X122.52 Y149.107 E1954.50885
G0 F9000 X122.504 Y148.526
G1 F1500 X112.559 Y138.58 E1955.16377
G0 F9000 X112.559 Y138.015
G1 F1500 X122.489 Y147.945 E1955.81768
G0 F9000 X122.474 Y147.364
G1 F1500 X112.559 Y137.449 E1956.4706
G0 F9000 X112.559 Y136.883
G1 F1500 X122.459 Y146.784 E1957.12257
G0 F9000 X122.444 Y146.202
G1 F1500 X112.559 Y136.318 E1957.77348
G0 F9000 X112.559 Y135.752
G1 F1500 X122.439 Y145.632 E1958.42409
G0 F9000 X122.439 Y145.067
G1 F1500 X112.559 Y135.186 E1959.07474
G0 F9000 X112.559 Y134.621
G1 F1500 X122.439 Y144.501 E1959.72535
G0 F9000 X122.439 Y143.935
G1 F1500 X112.559 Y134.055 E1960.37597
G0 F9000 X112.559 Y133.489
G1 F1500 X122.439 Y143.37 E1961.02662
G0 F9000 X122.439 Y142.804
G1 F1500 X112.559 Y132.924 E1961.67723
G0 F9000 X112.559 Y132.358
G1 F1500 X122.439 Y142.238 E1962.32785
G0 F9000 X122.439 Y141.673
G1 F1500 X112.559 Y131.792 E1962.97849
G0 F9000 X112.559 Y131.226
G1 F1500 X122.439 Y141.107 E1963.62914
G0 F9000 X122.439 Y140.541
G1 F1500 X112.559 Y130.661 E1964.27976
G0 F9000 X112.559 Y130.095
G1 F1500 X122.439 Y139.976 E1964.93041
G0 F9000 X122.439 Y139.41
G1 F1500 X112.559 Y129.529 E1965.58105
G0 F9000 X112.559 Y128.964
G1 F1500 X122.439 Y138.844 E1966.23167
G0 F9000 X122.439 Y138.278
G1 F1500 X112.559 Y128.398 E1966.88228
G0 F9000 X112.559 Y127.832
G1 F1500 X122.439 Y137.713 E1967.53293
G0 F9000 X122.439 Y137.147
G1 F1500 X112.559 Y127.267 E1968.18355
G0 F9000 X112.559 Y126.701
G1 F1500 X122.439 Y136.581 E1968.83416
G0 F9000 X122.439 Y136.016
G1 F1500 X112.559 Y126.135 E1969.48481
G0 F9000 X112.559 Y125.57
G1 F1500 X122.439 Y135.45 E1970.13542
G0 F9000 X122.439 Y134.884
G1 F1500 X112.559 Y125.004 E1970.78604
G0 F9000 X112.559 Y124.438
G1 F1500 X122.439 Y134.319 E1971.43669
G0 F9000 X122.439 Y133.753
G1 F1500 X112.559 Y123.873 E1972.0873
G0 F9000 X112.559 Y123.307
G1 F1500 X122.439 Y133.187 E1972.73792
G0 F9000 X122.439 Y132.622
G1 F1500 X112.559 Y122.741 E1973.38856
G0 F9000 X112.559 Y122.176
G1 F1500 X122.439 Y132.056 E1974.03918
G0 F9000 X122.439 Y131.49
G1 F1500 X112.559 Y121.61 E1974.68979
G0 F9000 X112.559 Y121.044
G1 F1500 X122.439 Y130.925 E1975.34044
G0 F9000 X122.439 Y130.359
G1 F1500 X112.559 Y120.478 E1975.99109
G0 F9000 X112.559 Y119.913
G1 F1500 X122.439 Y129.793 E1976.6417
G0 F9000 X122.439 Y129.228
G1 F1500 X112.559 Y119.347 E1977.29235
G0 F9000 X112.559 Y118.781
G1 F1500 X122.439 Y128.662 E1977.943
G0 F9000 X122.439 Y128.096
G1 F1500 X112.559 Y118.216 E1978.59361
G0 F9000 X112.559 Y117.65
G1 F1500 X122.439 Y127.53 E1979.24423
G0 F9000 X122.439 Y126.965
G1 F1500 X112.559 Y117.084 E1979.89488
G0 F9000 X112.559 Y116.519
G1 F1500 X122.439 Y126.399 E1980.54549
G0 F9000 X122.439 Y125.833
G1 F1500 X112.559 Y115.953 E1981.19611
G0 F9000 X112.559 Y115.387
G1 F1500 X122.439 Y125.268 E1981.84675
G0 F9000 X122.439 Y124.702
G1 F1500 X112.559 Y114.822 E1982.49737
G0 F9000 X112.559 Y114.256
G1 F1500 X122.439 Y124.136 E1983.14798
G0 F9000 X122.439 Y123.571
G1 F1500 X112.559 Y113.69 E1983.79863
G0 F9000 X112.559 Y113.125
G1 F1500 X122.439 Y123.005 E1984.44925
G0 F9000 X122.439 Y122.439
G1 F1500 X112.559 Y112.559 E1985.09986
G0 F9000 X112.559 Y111.993
G1 F1500 X122.439 Y121.874 E1985.75051
G0 F9000 X122.439 Y121.308
G1 F1500 X112.559 Y111.428 E1986.40112
G0 F9000 X112.559 Y110.862
G1 F1500 X122.439 Y120.742 E1987.05174
G0 F9000 X122.439 Y120.177
G1 F1500 X112.559 Y110.296 E1987.70239
G0 F9000 X112.559 Y109.73
G1 F1500 X122.439 Y119.611 E1988.35303
G0 F9000 X122.439 Y119.045
G1 F1500 X112.559 Y109.165 E1989.00365
G0 F9000 X112.559 Y108.599
G1 F1500 X122.439 Y118.479 E1989.65426
G0 F9000 X122.439 Y117.914
G1 F1500 X112.559 Y108.033 E1990.30491
G0 F9000 X112.559 Y107.468
G1 F1500 X122.439 Y117.348 E1990.95553
G0 F9000 X122.439 Y116.782
G1 F1500 X112.559 Y106.902 E1991.60614
G0 F9000 X112.559 Y106.336
G1 F1500 X122.439 Y116.217 E1992.25679
G0 F9000 X122.439 Y115.651
G1 F1500 X112.559 Y105.771 E1992.9074
G0 F9000 X112.559 Y105.205
G1 F1500 X122.439 Y115.085 E1993.55802
G0 F9000 X122.439 Y114.52
G1 F1500 X112.559 Y104.639 E1994.20867
G0 F9000 X112.559 Y104.074
G1 F1500 X122.439 Y113.954 E1994.85928
G0 F9000 X122.439 Y113.388
G1 F1500 X112.559 Y103.508 E1995.5099
G0 F9000 X112.559 Y102.942
G1 F1500 X122.439 Y112.823 E1996.16054
G0 F9000 X122.439 Y112.257
G1 F1500 X112.559 Y102.377 E1996.81116
G0 F9000 X112.559 Y101.811
G1 F1500 X122.439 Y111.691 E1997.46177
G0 F9000 X122.439 Y111.126
G1 F1500 X112.559 Y101.245 E1998.11242
G0 F9000 X112.559 Y100.679
G1 F1500 X122.439 Y110.56 E1998.76307
G0 F9000 X122.439 Y109.994
G1 F1500 X112.559 Y100.114 E1999.41369
G0 F9000 X112.559 Y99.548
G1 F1500 X122.439 Y109.429 E2000.06433
G0 F9000 X122.439 Y108.863
G1 F1500 X112.559 Y98.982 E2000.71498
G0 F9000 X112.559 Y98.417
G1 F1500 X122.439 Y108.297 E2001.3656
G0 F9000 X122.439 Y107.731
G1 F1500 X112.559 Y97.851 E2002.01621
G0 F9000 X112.559 Y97.285
G1 F1500 X122.439 Y107.166 E2002.66686
G0 F9000 X122.439 Y106.6
G1 F1500 X112.559 Y96.72 E2003.31747
G0 F9000 X112.559 Y96.154
G1 F1500 X122.439 Y106.034 E2003.96809
G0 F9000 X122.439 Y105.469
G1 F1500 X112.559 Y95.588 E2004.61874
G0 F9000 X112.559 Y95.023
G1 F1500 X122.439 Y104.903 E2005.26935
G0 F9000 X122.439 Y104.337
G1 F1500 X112.559 Y94.457 E2005.91997
G0 F9000 X112.559 Y93.891
G1 F1500 X122.439 Y103.772 E2006.57061
G0 F9000 X122.439 Y103.206
G1 F1500 X112.559 Y93.326 E2007.22123
G0 F9000 X112.559 Y92.76
G1 F1500 X122.439 Y102.64 E2007.87184
G0 F9000 X122.439 Y102.075
G1 F1500 X112.559 Y92.194 E2008.52249
G0 F9000 X112.559 Y91.629
G1 F1500 X122.439 Y101.509 E2009.17311
G0 F9000 X122.439 Y100.943
G1 F1500 X112.559 Y91.063 E2009.82372
G0 F9000 X112.559 Y90.497
G1 F1500 X122.439 Y100.378 E2010.47437
G0 F9000 X122.439 Y99.812
G1 F1500 X112.559 Y89.931 E2011.12502
G0 F9000 X112.559 Y89.366
G1 F1500 X122.439 Y99.246 E2011.77563
G0 F9000 X122.439 Y98.68
G1 F1500 X112.555 Y88.796 E2012.42651
G0 F9000 X112.539 Y88.215
G1 F1500 X122.439 Y98.115 E2013.07844
G0 F9000 X122.439 Y97.549
G1 F1500 X112.524 Y87.634 E2013.73136
G0 F9000 X112.509 Y87.053
G1 F1500 X122.439 Y96.983 E2014.38527
G0 F9000 X122.439 Y96.418
G1 F1500 X112.494 Y86.472 E2015.0402
G0 F9000 X112.479 Y85.892
G1 F1500 X122.439 Y95.852 E2015.69608
G0 F9000 X122.439 Y95.286
G1 F1500 X112.463 Y85.311 E2016.35298
G0 F9000 X112.449 Y84.73
G1 F1500 X122.439 Y94.721 E2017.01087
G0 F9000 X122.439 Y94.155
G1 F1500 X112.433 Y84.149 E2017.66979
G0 F9000 X112.418 Y83.568
G1 F1500 X122.439 Y93.589 E2018.32969
G0 F9000 X122.439 Y93.024
G1 F1500 X112.403 Y82.987 E2018.99061
G0 F9000 X112.388 Y82.406
G1 F1500 X122.439 Y92.458 E2019.65252
G0 F9000 X122.439 Y91.892
G1 F1500 X112.373 Y81.826 E2020.31538
G0 F9000 X112.339 Y81.226
G1 F1500 X122.439 Y91.327 E2020.98051
G0 F9000 X122.439 Y90.761
G1 F1500 X112.291 Y80.613 E2021.64878
G0 F9000 X112.244 Y79.999
G1 F1500 X122.439 Y90.195 E2022.32017
G0 F9000 X122.439 Y89.63
G1 F1500 X112.196 Y79.386 E2022.99472
G0 F9000 X112.148 Y78.773
G1 F1500 X122.439 Y89.064 E2023.6724
G0 F9000 X122.451 Y88.509
G1 F1500 X112.101 Y78.16 E2024.35393
G0 F9000 X112.053 Y77.546
G1 F1500 X122.465 Y87.958 E2025.03958
G0 F9000 X122.479 Y87.406
G1 F1500 X112.005 Y76.933 E2025.72928
G0 F9000 X111.958 Y76.32
G1 F1500 X122.493 Y86.855 E2026.42303
G0 F9000 X122.507 Y86.303
G1 F1500 X111.91 Y75.707 E2027.12082
G0 F9000 X111.862 Y75.093
G1 F1500 X122.521 Y85.752 E2027.82274
G0 F9000 X122.535 Y85.2
G1 F1500 X111.815 Y74.48 E2028.52867
G0 F9000 X111.746 Y73.845
G1 F1500 X122.55 Y84.649 E2029.24013
G0 F9000 X122.564 Y84.098
G1 F1500 X111.662 Y73.196 E2029.95804
G0 F9000 X111.578 Y72.546
G1 F1500 X122.579 Y83.546 E2030.68245
G0 F9000 X122.593 Y82.995
G1 F1500 X111.494 Y71.896 E2031.41333
G0 F9000 X111.409 Y71.245
G1 F1500 X122.607 Y82.443 E2032.15074
G0 F9000 X122.621 Y81.892
G1 F1500 X111.325 Y70.596 E2032.8946
G0 F9000 X111.241 Y69.946
G1 F1500 X122.651 Y81.356 E2033.64597
G0 F9000 X122.691 Y80.83
G1 F1500 X111.157 Y69.296 E2034.4055
G0 F9000 X111.073 Y68.646
G1 F1500 X122.732 Y80.306 E2035.1733
G0 F9000 X122.772 Y79.78
G1 F1500 X110.988 Y67.996 E2035.9493
G0 F9000 X110.904 Y67.346
G1 F1500 X122.813 Y79.256 E2036.73356
G0 F9000 X122.854 Y78.73
G1 F1500 X110.803 Y66.68 E2037.52711
G0 F9000 X110.677 Y65.988
G1 F1500 X122.895 Y78.206 E2038.33168
G0 F9000 X122.935 Y77.68
G1 F1500 X110.551 Y65.297 E2039.14716
G0 F9000 X110.425 Y64.604
G1 F1500 X122.976 Y77.155 E2039.97366
G0 F9000 X123.016 Y76.63
G1 F1500 X110.299 Y63.913 E2040.8111
G0 F9000 X110.172 Y63.221
G1 F1500 X123.057 Y76.105 E2041.65956
G0 F9000 X123.098 Y75.58
G1 F1500 X110.047 Y62.529 E2042.51899
G0 F9000 X109.92 Y61.837
G1 F1500 X123.139 Y75.055 E2043.38946
G0 F9000 X123.179 Y74.53
G1 F1500 X109.794 Y61.145 E2044.27088
G0 F9000 X109.668 Y60.454
G1 F1500 X123.231 Y74.016 E2045.16399
G0 F9000 X123.296 Y73.515
G1 F1500 X109.559 Y59.779 E2046.06857
G0 F9000 X109.559 Y59.213
G1 F1500 X123.36 Y73.014 E2046.97739
G0 F9000 X123.425 Y72.513
G1 F1500 X109.559 Y58.648 E2047.89045
G0 F9000 X109.559 Y58.082
G1 F1500 X123.49 Y72.013 E2048.80783
G0 F9000 X123.554 Y71.511
G1 F1500 X109.559 Y57.516 E2049.72943
G0 F9000 X109.559 Y56.951
G1 F1500 X123.619 Y71.011 E2050.6553
G0 F9000 X123.684 Y70.509
G1 F1500 X109.559 Y56.385 E2051.58542
G0 F9000 X109.559 Y55.819
G1 F1500 X123.749 Y70.009 E2052.51986
G0 F9000 X123.814 Y69.508
G1 F1500 X109.559 Y55.254 E2053.45854
G0 F9000 X109.559 Y54.688
G1 F1500 X123.878 Y69.007 E2054.40147
G0 F9000 X123.943 Y68.506
G1 F1500 X109.559 Y54.122 E2055.34869
G0 F9000 X109.559 Y53.556
G1 F1500 X124.008 Y68.005 E2056.30018
G0 F9000 X124.073 Y67.504
G1 F1500 X109.559 Y52.991 E2057.25592
G0 F9000 X109.559 Y52.425
G1 F1500 X124.138 Y67.004 E2058.21597
G0 F9000 X124.223 Y66.523
G1 F1500 X109.559 Y51.859 E2059.18162
G0 F9000 X109.559 Y51.294
G1 F1500 X124.31 Y66.045 E2060.153
G0 F9000 X124.397 Y65.566
G1 F1500 X109.559 Y50.728 E2061.1301
G0 F9000 X109.559 Y50.162
G1 F1500 X124.485 Y65.088 E2062.11301
G0 F9000 X124.572 Y64.609
G1 F1500 X109.559 Y49.597 E2063.1016
G0 F9000 X109.559 Y49.031
G1 F1500 X124.659 Y64.131 E2064.09597
G0 F9000 X124.746 Y63.652
G1 F1500 X109.559 Y48.465 E2065.09606
G0 F9000 X109.559 Y47.9
G1 F1500 X124.834 Y63.174 E2066.10191
G0 F9000 X124.921 Y62.695
G1 F1500 X109.559 Y47.334 E2067.11349
G0 F9000 X109.559 Y46.768
G1 F1500 X125.007 Y62.216 E2068.13077
G0 F9000 X125.094 Y61.738
G1 F1500 X109.559 Y46.203 E2069.15377
G0 F9000 X109.559 Y45.637
G1 F1500 X125.181 Y61.259 E2070.18251
G0 F9000 X125.269 Y60.781
G1 F1500 X109.559 Y45.071 E2071.21704
G0 F9000 X109.559 Y44.506
G1 F1500 X125.356 Y60.302 E2072.25726
G0 F9000 X125.438 Y59.819
G1 F1500 X109.559 Y43.94 E2073.30292
G0 F9000 X109.559 Y43.374
G1 F1500 X125.438 Y59.253 E2074.34858
G0 F9000 X125.438 Y58.687
G1 F1500 X109.559 Y42.808 E2075.39424
G0 F9000 X109.559 Y42.243
G1 F1500 X125.438 Y58.122 E2076.4399
G0 F9000 X125.438 Y57.556
G1 F1500 X109.559 Y41.677 E2077.48556
G0 F9000 X109.559 Y41.111
G1 F1500 X125.438 Y56.99 E2078.53122
G0 F9000 X125.438 Y56.424
G1 F1500 X109.559 Y40.546 E2079.57685
G0 F9000 X109.559 Y39.98
G1 F1500 X125.438 Y55.859 E2080.6225
G0 F9000 X125.438 Y55.293
G1 F1500 X109.559 Y39.414 E2081.66816
G0 F9000 X109.559 Y38.849
G1 F1500 X125.438 Y54.727 E2082.71379
G0 F9000 X125.438 Y54.162
G1 F1500 X109.559 Y38.283 E2083.75945
G0 F9000 X109.559 Y37.717
G1 F1500 X125.438 Y53.596 E2084.80511
G0 F9000 X125.438 Y53.03
G1 F1500 X109.559 Y37.152 E2085.85074
G0 F9000 X109.559 Y36.586
G1 F1500 X125.438 Y52.465 E2086.89639
G0 F9000 X125.438 Y51.899
G1 F1500 X110.1 Y36.56 E2087.90646
G0 F9000 X110.665 Y36.56
G1 F1500 X125.438 Y51.333 E2088.87929
G0 F9000 X125.438 Y50.768
G1 F1500 X111.231 Y36.56 E2089.81488
G0 F9000 X111.797 Y36.56
G1 F1500 X125.438 Y50.202 E2090.71319
G0 F9000 X125.438 Y49.636
G1 F1500 X112.362 Y36.56 E2091.57427
G0 F9000 X112.928 Y36.56
G1 F1500 X125.438 Y49.071 E2092.39811
G0 F9000 X125.438 Y48.505
G1 F1500 X113.494 Y36.56 E2093.18467
G0 F9000 X114.059 Y36.56
G1 F1500 X125.438 Y47.939 E2093.934
G0 F9000 X125.438 Y47.374
G1 F1500 X114.625 Y36.56 E2094.64609
G0 F9000 X115.191 Y36.56
G1 F1500 X125.438 Y46.808 E2095.3209
G0 F9000 X125.438 Y46.242
G1 F1500 X115.756 Y36.56 E2095.95848
G0 F9000 X116.322 Y36.56
G1 F1500 X125.438 Y45.676 E2096.55878
G0 F9000 X125.438 Y45.111
G1 F1500 X116.888 Y36.56 E2097.12185
G0 F9000 X117.453 Y36.56
G1 F1500 X125.438 Y44.545 E2097.64767
G0 F9000 X125.438 Y43.979
G1 F1500 X118.019 Y36.56 E2098.13623
G0 F9000 X118.585 Y36.56
G1 F1500 X125.438 Y43.414 E2098.58754
G0 F9000 X125.438 Y42.848
G1 F1500 X119.151 Y36.56 E2099.00158
G0 F9000 X119.716 Y36.56
G1 F1500 X125.438 Y42.282 E2099.37839
G0 F9000 X125.438 Y41.717
G1 F1500 X120.282 Y36.56 E2099.71795
G0 F9000 X120.848 Y36.56
G1 F1500 X125.438 Y41.151 E2100.02024
G0 F9000 X125.438 Y40.585
G1 F1500 X121.413 Y36.56 E2100.2853
G0 F9000 X121.979 Y36.56
G1 F1500 X125.438 Y40.02 E2100.51311
G0 F9000 X125.438 Y39.454
G1 F1500 X122.545 Y36.56 E2100.70365
G0 F9000 X123.11 Y36.56
G1 F1500 X125.438 Y38.888 E2100.85696
G0 F9000 X125.438 Y38.323
G1 F1500 X123.676 Y36.56 E2100.97302
G0 F9000 X124.242 Y36.56
G1 F1500 X125.438 Y37.757 E2101.05181
G0 F9000 X125.438 Y37.191
G1 F1500 X124.807 Y36.56 E2101.09336
G0 F9000 X125.373 Y36.56
G1 F1500 X125.438 Y36.626 E2101.09768
G1 F2700 E2096.09768
;MESH:NONMESH
G0 F300 X125.438 Y36.626 Z2.24
G0 F9000 X125.9 Y36.626
G0 X125.838 Y59.892
G0 X123.917 Y74.337
G0 X123.35 Y81.659
G0 X123.161 Y88.99
G0 X123.161 Y146.01
G0 X123.35 Y153.341
G0 X123.809 Y159.271
G0 X124.701 Y167.971
;TIME_ELAPSED:2113.355012
;LAYER:7
;TYPE:WALL-INNER
;MESH:D638-22 Tensile.STL
G1 F2700 E2101.09768
G1 F1500 X126 Y175.089 E2101.4346
G1 X126 Y175.858 E2101.4704
G1 X126 Y199 E2102.54799
G1 X109 Y199 E2103.33958
G1 X109 Y175.093 E2104.45279
G1 X110.299 Y167.972 E2104.78985
G1 X111.245 Y160.664 E2105.13298
G1 X111.812 Y153.324 E2105.47578
G1 X112 Y146.027 E2105.81567
G1 X112 Y88.973 E2108.47234
G1 X111.81 Y81.625 E2108.81461
G1 X111.246 Y74.345 E2109.15461
G1 X110.299 Y67.028 E2109.49817
G1 X109.001 Y59.911 E2109.83503
G1 X109 Y36 E2110.94843
G1 X126 Y36 E2111.74002
G1 X125.999 Y59.907 E2112.85323
G1 X124.701 Y67.027 E2113.19023
G1 X123.754 Y74.346 E2113.53387
G1 X123.19 Y81.624 E2113.87378
G1 X123 Y88.973 E2114.2161
G1 X123 Y146.027 E2116.87277
G1 X123.188 Y153.323 E2117.21262
G1 X123.754 Y160.654 E2117.55499
G1 X124.701 Y167.971 E2117.89855
G1 F2700 E2112.89855
G0 F9000 X125.839 Y175.105
G0 X125.828 Y198.828
G0 X108.87 Y199.13
G1 F2700 E2117.89855
G0 F9000 X108.6 Y199.4
G1 F1500 X126.4 Y199.4 E2118.72739
G1 X126.4 Y175.858 E2119.8236
G1 X126.4 Y175.053 E2119.86109
G1 X125.094 Y167.894 E2120.19994
G1 X124.156 Y160.654 E2120.53988
G1 X123.589 Y153.343 E2120.88134
G1 X123.4 Y146.017 E2121.22258
G1 X123.4 Y88.983 E2123.87832
G1 X123.589 Y81.655 E2124.21966
G1 X124.156 Y74.346 E2124.56102
G1 X125.094 Y67.104 E2124.90105
G1 X126.399 Y59.943 E2125.23999
G1 X126.4 Y35.6 E2126.3735
G1 X108.6 Y35.6 E2127.20234
G1 X108.601 Y59.947 E2128.33604
G1 X109.906 Y67.105 E2128.67484
G1 X110.847 Y74.376 E2129.01624
G1 X111.411 Y81.656 E2129.35624
G1 X111.6 Y88.983 E2129.69753
G1 X111.6 Y146.017 E2132.35327
G1 X111.411 Y153.345 E2132.69461
G1 X110.844 Y160.654 E2133.03597
G1 X109.906 Y167.896 E2133.376
G1 X108.6 Y175.057 E2133.71495
G1 X108.6 Y199.4 E2134.84846
G1 F2700 E2129.84846
G0 F9000 X108.87 Y199.13
G0 X125.828 Y198.828
G0 X125.839 Y175.105
G0 X124.797 Y167.931
G1 F2700 E2134.84846
G0 F9000 X125.491 Y167.842
;TYPE:WALL-OUTER
G1 F1500 X126.8 Y175.017 E2135.18807
G1 X126.8 Y175.858 E2135.22723
G1 X126.8 Y199.8 E2136.34207
G1 X108.2 Y199.8 E2137.20817
G1 X108.2 Y175.021 E2138.36198
G1 X109.507 Y167.854 E2138.70121
G1 X110.447 Y160.602 E2139.04172
G1 X111.012 Y153.314 E2139.3821
G1 X111.2 Y146.007 E2139.72245
G1 X111.2 Y88.993 E2142.37726
G1 X111.012 Y81.697 E2142.71711
G1 X110.448 Y74.407 E2143.05758
G1 X109.509 Y67.157 E2143.39799
G1 X108.201 Y59.983 E2143.73754
G1 X108.2 Y35.2 E2144.89154
G1 X126.8 Y35.2 E2145.75764
G1 X126.799 Y59.979 E2146.91145
G1 X125.493 Y67.146 E2147.25067
G1 X124.553 Y74.398 E2147.59118
G1 X123.988 Y81.686 E2147.93156
G1 X123.8 Y88.993 E2148.27192
G1 X123.8 Y146.007 E2150.92673
G1 X123.988 Y153.302 E2151.26653
G1 X124.552 Y160.592 E2151.60699
G1 X125.491 Y167.842 E2151.9474
G0 F9000 X124.797 Y167.931
G0 X124.341 Y168.004
;TYPE:SKIN
G1 F1500 X125.64 Y175.122 E2152.28432
G1 X125.64 Y175.858 E2152.31859
G1 X125.64 Y198.64 E2153.37942
G1 X109.36 Y198.64 E2154.13748
G1 X109.36 Y175.128 E2155.2323
G1 X110.657 Y168.017 E2155.56888
G1 X111.598 Y160.752 E2155.91
G1 X112.172 Y153.343 E2156.25602
G1 X112.36 Y146.04 E2156.59619
G1 X112.36 Y88.961 E2159.25403
G1 X112.169 Y81.606 E2159.59663
G1 X111.599 Y74.258 E2159.93981
G1 X110.659 Y66.995 E2160.28083
G1 X109.361 Y59.879 E2160.61764
G1 X109.361 Y36.361 E2161.71274
G1 X125.639 Y36.361 E2162.47071
G1 X125.639 Y59.872 E2163.56548
G1 X124.343 Y66.983 E2163.90205
G1 X123.402 Y74.247 E2164.24312
G1 X122.828 Y81.657 E2164.5892
G1 X122.64 Y88.961 E2164.92941
G1 X122.64 Y146.04 E2167.58725
G1 X122.831 Y153.391 E2167.92966
G1 X123.401 Y160.741 E2168.27294
G1 X124.341 Y168.004 E2168.61395
G1 F2700 E2163.61395
G0 F9000 X124.597 Y167.957
G0 X125.839 Y175.105
G0 X125.9 Y198.132
G1 F2700 E2168.61395
G0 F9000 X125.44 Y198.132
G1 F1500 X125.133 Y198.438 E2168.63414
G0 F9000 X124.567 Y198.438
G1 F1500 X125.44 Y197.566 E2168.69159
G0 F9000 X125.44 Y197
G1 F1500 X124.001 Y198.438 E2168.78632
G0 F9000 X123.436 Y198.438
G1 F1500 X125.44 Y196.434 E2168.91829
G0 F9000 X125.44 Y195.869
G1 F1500 X122.87 Y198.438 E2169.08749
G0 F9000 X122.304 Y198.438
G1 F1500 X125.44 Y195.303 E2169.29397
G0 F9000 X125.44 Y194.737
G1 F1500 X121.739 Y198.438 E2169.53769
G0 F9000 X121.173 Y198.438
G1 F1500 X125.44 Y194.172 E2169.81864
G0 F9000 X125.44 Y193.606
G1 F1500 X120.607 Y198.438 E2170.13687
G0 F9000 X120.041 Y198.438
G1 F1500 X125.44 Y193.04 E2170.49237
G0 F9000 X125.44 Y192.475
G1 F1500 X119.476 Y198.438 E2170.88508
G0 F9000 X118.91 Y198.438
G1 F1500 X125.44 Y191.909 E2171.31506
G0 F9000 X125.44 Y191.343
G1 F1500 X118.344 Y198.438 E2171.78231
G0 F9000 X117.779 Y198.438
G1 F1500 X125.44 Y190.778 E2172.28677
G0 F9000 X125.44 Y190.212
G1 F1500 X117.213 Y198.438 E2172.82849
G0 F9000 X116.647 Y198.438
G1 F1500 X125.44 Y189.646 E2173.4075
G0 F9000 X125.44 Y189.081
G1 F1500 X116.082 Y198.438 E2174.0237
G0 F9000 X115.516 Y198.438
G1 F1500 X125.44 Y188.515 E2174.67718
G0 F9000 X125.44 Y187.949
G1 F1500 X114.95 Y198.438 E2175.36793
G0 F9000 X114.385 Y198.438
G1 F1500 X125.44 Y187.384 E2176.09589
G0 F9000 X125.44 Y186.818
G1 F1500 X113.819 Y198.438 E2176.86112
G0 F9000 X113.253 Y198.438
G1 F1500 X125.44 Y186.252 E2177.66362
G0 F9000 X125.44 Y185.686
G1 F1500 X112.688 Y198.438 E2178.50336
G0 F9000 X112.122 Y198.438
G1 F1500 X125.44 Y185.121 E2179.38034
G0 F9000 X125.44 Y184.555
G1 F1500 X111.556 Y198.438 E2180.2946
G0 F9000 X110.991 Y198.438
G1 F1500 X125.44 Y183.989 E2181.24609
G0 F9000 X125.44 Y183.424
G1 F1500 X110.425 Y198.438 E2182.23482
G0 F9000 X109.859 Y198.438
G1 F1500 X125.44 Y182.858 E2183.26082
G0 F9000 X125.44 Y182.292
G1 F1500 X109.559 Y198.173 E2184.30661
G0 F9000 X109.559 Y197.607
G1 F1500 X125.44 Y181.727 E2185.35237
G0 F9000 X125.44 Y181.161
G1 F1500 X109.559 Y197.041 E2186.39813
G0 F9000 X109.559 Y196.475
G1 F1500 X125.44 Y180.595 E2187.44389
G0 F9000 X125.44 Y180.03
G1 F1500 X109.559 Y195.91 E2188.48964
G0 F9000 X109.559 Y195.344
G1 F1500 X125.44 Y179.464 E2189.5354
G0 F9000 X125.44 Y178.898
G1 F1500 X109.559 Y194.778 E2190.58116
G0 F9000 X109.559 Y194.213
G1 F1500 X125.44 Y178.333 E2191.62692
G0 F9000 X125.44 Y177.767
G1 F1500 X109.559 Y193.647 E2192.67268
G0 F9000 X109.559 Y193.081
G1 F1500 X125.44 Y177.201 E2193.71843
G0 F9000 X125.44 Y176.635
G1 F1500 X109.559 Y192.516 E2194.76422
G0 F9000 X109.559 Y191.95
G1 F1500 X125.44 Y176.07 E2195.80998
G0 F9000 X125.44 Y175.504
G1 F1500 X109.559 Y191.384 E2196.85574
G0 F9000 X109.559 Y190.819
G1 F1500 X125.408 Y174.97 E2197.89942
G0 F9000 X125.321 Y174.492
G1 F1500 X109.559 Y190.253 E2198.93735
G0 F9000 X109.559 Y189.687
G1 F1500 X125.234 Y174.013 E2199.96954
G0 F9000 X125.146 Y173.535
G1 F1500 X109.559 Y189.122 E2200.99597
G0 F9000 X109.559 Y188.556
G1 F1500 X125.059 Y173.056 E2202.01667
G0 F9000 X124.971 Y172.578
G1 F1500 X109.559 Y187.99 E2203.03158
G0 F9000 X109.559 Y187.425
G1 F1500 X124.884 Y172.099 E2204.04079
G0 F9000 X124.797 Y171.621
G1 F1500 X109.559 Y186.859 E2205.04424
G0 F9000 X109.559 Y186.293
G1 F1500 X124.71 Y171.143 E2206.04192
G0 F9000 X124.623 Y170.664
G1 F1500 X109.559 Y185.727 E2207.03388
G0 F9000 X109.559 Y185.162
G1 F1500 X124.535 Y170.186 E2208.02007
G0 F9000 X124.448 Y169.707
G1 F1500 X109.559 Y184.596 E2209.00054
G0 F9000 X109.559 Y184.03
G1 F1500 X124.36 Y169.229 E2209.97521
G0 F9000 X124.274 Y168.751
G1 F1500 X109.559 Y183.465 E2210.94419
G0 F9000 X109.559 Y182.899
G1 F1500 X124.186 Y168.273 E2211.90737
G0 F9000 X124.111 Y167.782
G1 F1500 X109.559 Y182.333 E2212.86561
G0 F9000 X109.559 Y181.768
G1 F1500 X124.046 Y167.281 E2213.8196
G0 F9000 X123.981 Y166.781
G1 F1500 X109.559 Y181.202 E2214.76928
G0 F9000 X109.559 Y180.636
G1 F1500 X123.916 Y166.28 E2215.71468
G0 F9000 X123.851 Y165.779
G1 F1500 X109.559 Y180.071 E2216.65583
G0 F9000 X109.559 Y179.505
G1 F1500 X123.786 Y165.278 E2217.59271
G0 F9000 X123.721 Y164.777
G1 F1500 X109.559 Y178.939 E2218.5253
G0 F9000 X109.559 Y178.374
G1 F1500 X123.656 Y164.277 E2219.45361
G0 F9000 X123.591 Y163.776
G1 F1500 X109.559 Y177.808 E2220.37764
G0 F9000 X109.559 Y177.242
G1 F1500 X123.527 Y163.275 E2221.29743
G0 F9000 X123.462 Y162.774
G1 F1500 X109.559 Y176.676 E2222.21293
G0 F9000 X109.559 Y176.111
G1 F1500 X123.397 Y162.273 E2223.12418
G0 F9000 X123.332 Y161.773
G1 F1500 X109.559 Y175.545 E2224.03113
G0 F9000 X109.597 Y174.942
G1 F1500 X123.267 Y161.272 E2224.93132
G0 F9000 X123.202 Y160.771
G1 F1500 X109.723 Y174.25 E2225.81894
G0 F9000 X109.849 Y173.558
G1 F1500 X123.161 Y160.246 E2226.69555
G0 F9000 X123.121 Y159.721
G1 F1500 X109.975 Y172.867 E2227.56124
G0 F9000 X110.102 Y172.174
G1 F1500 X123.08 Y159.196 E2228.41586
G0 F9000 X123.039 Y158.671
G1 F1500 X110.228 Y171.483 E2229.25952
G0 F9000 X110.354 Y170.791
G1 F1500 X122.999 Y158.146 E2230.09222
G0 F9000 X122.958 Y157.621
G1 F1500 X110.48 Y170.099 E2230.91391
G0 F9000 X110.607 Y169.407
G1 F1500 X122.917 Y157.096 E2231.72458
G0 F9000 X122.876 Y156.571
G1 F1500 X110.732 Y168.715 E2232.52429
G0 F9000 X110.858 Y168.024
G1 F1500 X122.835 Y156.047 E2233.31299
G0 F9000 X122.795 Y155.521
G1 F1500 X110.942 Y167.374 E2234.09353
G0 F9000 X111.026 Y166.725
G1 F1500 X122.754 Y154.997 E2234.86584
G0 F9000 X122.713 Y154.472
G1 F1500 X111.11 Y166.075 E2235.62992
G0 F9000 X111.194 Y165.425
G1 F1500 X122.673 Y153.947 E2236.3858
G0 F9000 X122.632 Y153.422
G1 F1500 X111.278 Y164.775 E2237.13344
G0 F9000 X111.362 Y164.126
G1 F1500 X122.617 Y152.871 E2237.87461
G0 F9000 X122.603 Y152.319
G1 F1500 X111.446 Y163.476 E2238.60931
G0 F9000 X111.53 Y162.826
G1 F1500 X122.588 Y151.768 E2239.3375
G0 F9000 X122.574 Y151.217
G1 F1500 X111.614 Y162.177 E2240.05924
G0 F9000 X111.698 Y161.527
G1 F1500 X122.559 Y150.666 E2240.77445
G0 F9000 X122.545 Y150.114
G1 F1500 X111.782 Y160.878 E2241.48325
G0 F9000 X111.836 Y160.257
G1 F1500 X122.53 Y149.563 E2242.18746
G0 F9000 X122.516 Y149.012
G1 F1500 X111.884 Y159.644 E2242.8876
G0 F9000 X111.931 Y159.031
G1 F1500 X122.502 Y148.46 E2243.58372
G0 F9000 X122.487 Y147.909
G1 F1500 X111.978 Y158.418 E2244.27575
G0 F9000 X112.026 Y157.805
G1 F1500 X122.473 Y147.358 E2244.96371
G0 F9000 X122.459 Y146.806
G1 F1500 X112.074 Y157.191 E2245.64758
G0 F9000 X112.121 Y156.578
G1 F1500 X122.444 Y146.255 E2246.32736
G0 F9000 X122.439 Y145.695
G1 F1500 X112.169 Y155.965 E2247.00366
G0 F9000 X112.216 Y155.352
G1 F1500 X122.439 Y145.13 E2247.67683
G0 F9000 X122.439 Y144.564
G1 F1500 X112.263 Y154.739 E2248.3469
G0 F9000 X112.311 Y154.126
G1 F1500 X122.439 Y143.998 E2249.01385
G0 F9000 X122.439 Y143.433
G1 F1500 X112.358 Y153.513 E2249.67767
G0 F9000 X112.383 Y152.923
G1 F1500 X122.439 Y142.867 E2250.33987
G0 F9000 X122.439 Y142.301
G1 F1500 X112.398 Y152.342 E2251.00109
G0 F9000 X112.413 Y151.762
G1 F1500 X122.439 Y141.736 E2251.66132
G0 F9000 X122.439 Y141.17
G1 F1500 X112.427 Y151.181 E2252.32059
G0 F9000 X112.442 Y150.601
G1 F1500 X122.439 Y140.604 E2252.97891
G0 F9000 X122.439 Y140.038
G1 F1500 X112.457 Y150.02 E2253.63624
G0 F9000 X112.473 Y149.439
G1 F1500 X122.439 Y139.473 E2254.29252
G0 F9000 X122.439 Y138.907
G1 F1500 X112.487 Y148.858 E2254.94785
G0 F9000 X112.502 Y148.278
G1 F1500 X122.439 Y138.341 E2255.60221
G0 F9000 X122.439 Y137.776
G1 F1500 X112.517 Y147.697 E2256.25556
G0 F9000 X112.532 Y147.117
G1 F1500 X122.439 Y137.21 E2256.90795
G0 F9000 X122.439 Y136.644
G1 F1500 X112.548 Y146.535 E2257.55929
G0 F9000 X112.56 Y145.958
G1 F1500 X122.439 Y136.079 E2258.20984
G0 F9000 X122.439 Y135.513
G1 F1500 X112.56 Y145.392 E2258.86039
G0 F9000 X112.56 Y144.826
G1 F1500 X122.439 Y134.947 E2259.51094
G0 F9000 X122.439 Y134.382
G1 F1500 X112.56 Y144.261 E2260.16149
G0 F9000 X112.56 Y143.695
G1 F1500 X122.439 Y133.816 E2260.81204
G0 F9000 X122.439 Y133.25
G1 F1500 X112.56 Y143.129 E2261.46259
G0 F9000 X112.56 Y142.564
G1 F1500 X122.439 Y132.685 E2262.11314
G0 F9000 X122.439 Y132.119
G1 F1500 X112.56 Y141.998 E2262.76369
G0 F9000 X112.56 Y141.432
G1 F1500 X122.439 Y131.553 E2263.41424
G0 F9000 X122.439 Y130.987
G1 F1500 X112.56 Y140.866 E2264.06478
G0 F9000 X112.56 Y140.301
G1 F1500 X122.439 Y130.422 E2264.71533
G0 F9000 X122.439 Y129.856
G1 F1500 X112.56 Y139.735 E2265.36588
G0 F9000 X112.56 Y139.169
G1 F1500 X122.439 Y129.29 E2266.01643
G0 F9000 X122.439 Y128.725
G1 F1500 X112.56 Y138.604 E2266.66698
G0 F9000 X112.56 Y138.038
G1 F1500 X122.439 Y128.159 E2267.31753
G0 F9000 X122.439 Y127.593
G1 F1500 X112.56 Y137.472 E2267.96808
G0 F9000 X112.56 Y136.907
G1 F1500 X122.439 Y127.028 E2268.61863
G0 F9000 X122.439 Y126.462
G1 F1500 X112.56 Y136.341 E2269.26918
G0 F9000 X112.56 Y135.775
G1 F1500 X122.439 Y125.896 E2269.91973
G0 F9000 X122.439 Y125.331
G1 F1500 X112.56 Y135.21 E2270.57027
G0 F9000 X112.56 Y134.644
G1 F1500 X122.439 Y124.765 E2271.22082
G0 F9000 X122.439 Y124.199
G1 F1500 X112.56 Y134.078 E2271.87137
G0 F9000 X112.56 Y133.513
G1 F1500 X122.439 Y123.634 E2272.52192
G0 F9000 X122.439 Y123.068
G1 F1500 X112.56 Y132.947 E2273.17247
G0 F9000 X112.56 Y132.381
G1 F1500 X122.439 Y122.502 E2273.82302
G0 F9000 X122.439 Y121.937
G1 F1500 X112.56 Y131.816 E2274.47357
G0 F9000 X112.56 Y131.25
G1 F1500 X122.439 Y121.371 E2275.12412
G0 F9000 X122.439 Y120.805
G1 F1500 X112.56 Y130.684 E2275.77467
G0 F9000 X112.56 Y130.118
G1 F1500 X122.439 Y120.239 E2276.42522
G0 F9000 X122.439 Y119.674
G1 F1500 X112.56 Y129.553 E2277.07576
G0 F9000 X112.56 Y128.987
G1 F1500 X122.439 Y119.108 E2277.72631
G0 F9000 X122.439 Y118.542
G1 F1500 X112.56 Y128.421 E2278.37686
G0 F9000 X112.56 Y127.856
G1 F1500 X122.439 Y117.977 E2279.02741
G0 F9000 X122.439 Y117.411
G1 F1500 X112.56 Y127.29 E2279.67796
G0 F9000 X112.56 Y126.724
G1 F1500 X122.439 Y116.845 E2280.32851
G0 F9000 X122.439 Y116.28
G1 F1500 X112.56 Y126.159 E2280.97906
G0 F9000 X112.56 Y125.593
G1 F1500 X122.439 Y115.714 E2281.62961
G0 F9000 X122.439 Y115.148
G1 F1500 X112.56 Y125.027 E2282.28016
G0 F9000 X112.56 Y124.462
G1 F1500 X122.439 Y114.583 E2282.93071
G0 F9000 X122.439 Y114.017
G1 F1500 X112.56 Y123.896 E2283.58125
G0 F9000 X112.56 Y123.33
G1 F1500 X122.439 Y113.451 E2284.2318
G0 F9000 X122.439 Y112.886
G1 F1500 X112.56 Y122.765 E2284.88235
G0 F9000 X112.56 Y122.199
G1 F1500 X122.439 Y112.32 E2285.5329
G0 F9000 X122.439 Y111.754
G1 F1500 X112.56 Y121.633 E2286.18345
G0 F9000 X112.56 Y121.067
G1 F1500 X122.439 Y111.189 E2286.83397
G0 F9000 X122.439 Y110.623
G1 F1500 X112.56 Y120.502 E2287.48452
G0 F9000 X112.56 Y119.936
G1 F1500 X122.439 Y110.057 E2288.13506
G0 F9000 X122.439 Y109.491
G1 F1500 X112.56 Y119.37 E2288.78561
G0 F9000 X112.56 Y118.805
G1 F1500 X122.439 Y108.926 E2289.43616
G0 F9000 X122.439 Y108.36
G1 F1500 X112.56 Y118.239 E2290.08671
G0 F9000 X112.56 Y117.673
G1 F1500 X122.439 Y107.794 E2290.73726
G0 F9000 X122.439 Y107.229
G1 F1500 X112.56 Y117.108 E2291.38781
G0 F9000 X112.56 Y116.542
G1 F1500 X122.439 Y106.663 E2292.03836
G0 F9000 X122.439 Y106.097
G1 F1500 X112.56 Y115.976 E2292.68891
G0 F9000 X112.56 Y115.411
G1 F1500 X122.439 Y105.532 E2293.33946
G0 F9000 X122.439 Y104.966
G1 F1500 X112.56 Y114.845 E2293.99001
G0 F9000 X112.56 Y114.279
G1 F1500 X122.439 Y104.4 E2294.64056
G0 F9000 X122.439 Y103.835
G1 F1500 X112.56 Y113.714 E2295.2911
G0 F9000 X112.56 Y113.148
G1 F1500 X122.439 Y103.269 E2295.94165
G0 F9000 X122.439 Y102.703
G1 F1500 X112.56 Y112.582 E2296.5922
G0 F9000 X112.56 Y112.017
G1 F1500 X122.439 Y102.138 E2297.24275
G0 F9000 X122.439 Y101.572
G1 F1500 X112.56 Y111.451 E2297.8933
G0 F9000 X112.56 Y110.885
G1 F1500 X122.439 Y101.006 E2298.54385
G0 F9000 X122.439 Y100.44
G1 F1500 X112.56 Y110.319 E2299.1944
G0 F9000 X112.56 Y109.754
G1 F1500 X122.439 Y99.875 E2299.84495
G0 F9000 X122.439 Y99.309
G1 F1500 X112.56 Y109.188 E2300.4955
G0 F9000 X112.56 Y108.622
G1 F1500 X122.439 Y98.743 E2301.14605
G0 F9000 X122.439 Y98.178
G1 F1500 X112.56 Y108.057 E2301.79659
G0 F9000 X112.56 Y107.491
G1 F1500 X122.439 Y97.612 E2302.44714
G0 F9000 X122.439 Y97.046
G1 F1500 X112.56 Y106.925 E2303.09769
G0 F9000 X112.56 Y106.36
G1 F1500 X122.439 Y96.481 E2303.74824
G0 F9000 X122.439 Y95.915
G1 F1500 X112.56 Y105.794 E2304.39879
G0 F9000 X112.56 Y105.228
G1 F1500 X122.439 Y95.349 E2305.04934
G0 F9000 X122.439 Y94.784
G1 F1500 X112.56 Y104.663 E2305.69989
G0 F9000 X112.56 Y104.097
G1 F1500 X122.439 Y94.218 E2306.35044
G0 F9000 X122.439 Y93.652
G1 F1500 X112.56 Y103.531 E2307.00099
G0 F9000 X112.56 Y102.966
G1 F1500 X122.439 Y93.087 E2307.65154
G0 F9000 X122.439 Y92.521
G1 F1500 X112.56 Y102.4 E2308.30208
G0 F9000 X112.56 Y101.834
G1 F1500 X122.439 Y91.955 E2308.95263
G0 F9000 X122.439 Y91.39
G1 F1500 X112.56 Y101.269 E2309.60318
G0 F9000 X112.56 Y100.703
G1 F1500 X122.439 Y90.824 E2310.25373
G0 F9000 X122.439 Y90.258
G1 F1500 X112.56 Y100.137 E2310.90428
G0 F9000 X112.56 Y99.571
G1 F1500 X122.439 Y89.692 E2311.55483
G0 F9000 X122.439 Y89.127
G1 F1500 X112.56 Y99.006 E2312.20538
G0 F9000 X112.56 Y98.44
G1 F1500 X122.448 Y88.551 E2312.85655
G0 F9000 X122.463 Y87.971
G1 F1500 X112.56 Y97.874 E2313.50868
G0 F9000 X112.56 Y97.309
G1 F1500 X122.479 Y87.389 E2314.1619
G0 F9000 X122.494 Y86.809
G1 F1500 X112.56 Y96.743 E2314.81607
G0 F9000 X112.56 Y96.177
G1 F1500 X122.509 Y86.228 E2315.47123
G0 F9000 X122.523 Y85.648
G1 F1500 X112.56 Y95.612 E2316.12734
G0 F9000 X112.56 Y95.046
G1 F1500 X122.538 Y85.067 E2316.78444
G0 F9000 X122.553 Y84.487
G1 F1500 X112.56 Y94.48 E2317.4425
G0 F9000 X112.56 Y93.915
G1 F1500 X122.569 Y83.905 E2318.10164
G0 F9000 X122.584 Y83.325
G1 F1500 X112.56 Y93.349 E2318.76174
G0 F9000 X112.56 Y92.783
G1 F1500 X122.598 Y82.744 E2319.42279
G0 F9000 X122.613 Y82.164
G1 F1500 X112.56 Y92.218 E2320.08483
G0 F9000 X112.56 Y91.652
G1 F1500 X122.633 Y81.578 E2320.74819
G0 F9000 X122.68 Y80.965
G1 F1500 X112.56 Y91.086 E2321.41464
G0 F9000 X112.56 Y90.52
G1 F1500 X122.728 Y80.352 E2322.08422
G0 F9000 X122.775 Y79.739
G1 F1500 X112.56 Y89.955 E2322.75693
G0 F9000 X112.56 Y89.389
G1 F1500 X122.823 Y79.126 E2323.43277
G0 F9000 X122.87 Y78.513
G1 F1500 X112.556 Y88.827 E2324.11196
G0 F9000 X112.541 Y88.276
G1 F1500 X122.917 Y77.9 E2324.79524
G0 F9000 X122.965 Y77.287
G1 F1500 X112.527 Y87.725 E2325.4826
G0 F9000 X112.513 Y87.173
G1 F1500 X123.012 Y76.674 E2326.17397
G0 F9000 X123.06 Y76.06
G1 F1500 X112.498 Y86.622 E2326.8695
G0 F9000 X112.484 Y86.071
G1 F1500 X123.107 Y75.447 E2327.56908
G0 F9000 X123.155 Y74.834
G1 F1500 X112.47 Y85.519 E2328.2727
G0 F9000 X112.455 Y84.968
G1 F1500 X123.204 Y74.22 E2328.98051
G0 F9000 X123.288 Y73.57
G1 F1500 X112.441 Y84.417 E2329.6948
G0 F9000 X112.427 Y83.865
G1 F1500 X123.371 Y72.921 E2330.41548
G0 F9000 X123.455 Y72.271
G1 F1500 X112.412 Y83.314 E2331.14268
G0 F9000 X112.398 Y82.763
G1 F1500 X123.54 Y71.621 E2331.8764
G0 F9000 X123.624 Y70.971
G1 F1500 X112.384 Y82.211 E2332.61658
G0 F9000 X112.369 Y81.66
G1 F1500 X123.708 Y70.321 E2333.36327
G0 F9000 X123.792 Y69.671
G1 F1500 X112.332 Y81.132 E2334.11796
G0 F9000 X112.292 Y80.606
G1 F1500 X123.876 Y69.022 E2334.88079
G0 F9000 X123.96 Y68.372
G1 F1500 X112.251 Y80.081 E2335.65185
G0 F9000 X112.21 Y79.557
G1 F1500 X124.044 Y67.723 E2336.43114
G0 F9000 X124.128 Y67.073
G1 F1500 X112.169 Y79.031 E2337.21862
G0 F9000 X112.128 Y78.507
G1 F1500 X124.247 Y66.388 E2338.01668
G0 F9000 X124.373 Y65.696
G1 F1500 X112.088 Y77.981 E2338.82567
G0 F9000 X112.047 Y77.457
G1 F1500 X124.499 Y65.005 E2339.64565
G0 F9000 X124.625 Y64.313
G1 F1500 X112.006 Y76.932 E2340.47664
G0 F9000 X111.966 Y76.407
G1 F1500 X124.751 Y63.621 E2341.31858
G0 F9000 X124.877 Y62.93
G1 F1500 X111.925 Y75.882 E2342.17149
G0 F9000 X111.884 Y75.357
G1 F1500 X125.003 Y62.238 E2343.0354
G0 F9000 X125.129 Y61.546
G1 F1500 X111.843 Y74.832 E2343.91031
G0 F9000 X111.802 Y74.307
G1 F1500 X125.255 Y60.855 E2344.79618
G0 F9000 X125.381 Y60.163
G1 F1500 X111.741 Y73.802 E2345.69436
G0 F9000 X111.676 Y73.302
G1 F1500 X125.437 Y59.541 E2346.60055
G0 F9000 X125.437 Y58.975
G1 F1500 X111.611 Y72.801 E2347.51101
G0 F9000 X111.547 Y72.3
G1 F1500 X125.437 Y58.409 E2348.42573
G0 F9000 X125.437 Y57.844
G1 F1500 X111.482 Y71.799 E2349.34469
G0 F9000 X111.417 Y71.298
G1 F1500 X125.437 Y57.278 E2350.26793
G0 F9000 X125.437 Y56.712
G1 F1500 X111.352 Y70.798 E2351.19548
G0 F9000 X111.287 Y70.297
G1 F1500 X125.437 Y56.147 E2352.12729
G0 F9000 X125.437 Y55.581
G1 F1500 X111.222 Y69.796 E2353.06337
G0 F9000 X111.157 Y69.295
G1 F1500 X125.437 Y55.015 E2354.00373
G0 F9000 X125.437 Y54.45
G1 F1500 X111.092 Y68.795 E2354.94837
G0 F9000 X111.027 Y68.294
G1 F1500 X125.437 Y53.884 E2355.8973
G0 F9000 X125.437 Y53.318
G1 F1500 X110.962 Y67.793 E2356.8505
G0 F9000 X110.898 Y67.292
G1 F1500 X125.437 Y52.752 E2357.80795
G0 F9000 X125.437 Y52.187
G1 F1500 X110.826 Y66.798 E2358.77011
G0 F9000 X110.739 Y66.32
G1 F1500 X125.437 Y51.621 E2359.73803
G0 F9000 X125.437 Y51.055
G1 F1500 X110.651 Y65.842 E2360.71175
G0 F9000 X110.564 Y65.363
G1 F1500 X125.437 Y50.49 E2361.69116
G0 F9000 X125.437 Y49.924
G1 F1500 X110.476 Y64.885 E2362.67637
G0 F9000 X110.389 Y64.406
G1 F1500 X125.437 Y49.358 E2363.6673
G0 F9000 X125.437 Y48.793
G1 F1500 X110.303 Y63.928 E2364.66394
G0 F9000 X110.215 Y63.45
G1 F1500 X125.437 Y48.227 E2365.66636
G0 F9000 X125.437 Y47.661
G1 F1500 X110.128 Y62.971 E2366.67452
G0 F9000 X110.04 Y62.493
G1 F1500 X125.437 Y47.096 E2367.68844
G0 F9000 X125.437 Y46.53
G1 F1500 X109.953 Y62.014 E2368.70809
G0 F9000 X109.866 Y61.535
G1 F1500 X125.437 Y45.964 E2369.73346
G0 F9000 X125.437 Y45.399
G1 F1500 X109.779 Y61.057 E2370.76457
G0 F9000 X109.692 Y60.579
G1 F1500 X125.437 Y44.833 E2371.80144
G0 F9000 X125.437 Y44.267
G1 F1500 X109.605 Y60.1 E2372.84403
G0 F9000 X109.56 Y59.579
G1 F1500 X125.437 Y43.702 E2373.88956
G0 F9000 X125.437 Y43.136
G1 F1500 X109.56 Y59.013 E2374.93509
G0 F9000 X109.56 Y58.448
G1 F1500 X125.437 Y42.57 E2375.98065
G0 F9000 X125.437 Y42.004
G1 F1500 X109.56 Y57.882 E2377.02621
G0 F9000 X109.56 Y57.316
G1 F1500 X125.437 Y41.439 E2378.07174
G0 F9000 X125.437 Y40.873
G1 F1500 X109.56 Y56.75 E2379.11727
G0 F9000 X109.56 Y56.185
G1 F1500 X125.437 Y40.307 E2380.16283
G0 F9000 X125.437 Y39.742
G1 F1500 X109.56 Y55.619 E2381.20835
G0 F9000 X109.56 Y55.053
G1 F1500 X125.437 Y39.176 E2382.25388
G0 F9000 X125.437 Y38.61
G1 F1500 X109.56 Y54.488 E2383.29944
G0 F9000 X109.56 Y53.922
G1 F1500 X125.437 Y38.045 E2384.34497
G0 F9000 X125.437 Y37.479
G1 F1500 X109.56 Y53.356 E2385.3905
G0 F9000 X109.56 Y52.791
G1 F1500 X125.437 Y36.913 E2386.43606
G0 F9000 X125.225 Y36.56
G1 F1500 X109.56 Y52.225 E2387.46762
G0 F9000 X109.56 Y51.659
G1 F1500 X124.659 Y36.56 E2388.46192
G0 F9000 X124.093 Y36.56
G1 F1500 X109.56 Y51.094 E2389.41898
G0 F9000 X109.56 Y50.528
G1 F1500 X123.528 Y36.56 E2390.33879
G0 F9000 X122.962 Y36.56
G1 F1500 X109.56 Y49.962 E2391.22134
G0 F9000 X109.56 Y49.397
G1 F1500 X122.396 Y36.56 E2392.06664
G0 F9000 X121.83 Y36.56
G1 F1500 X109.56 Y48.831 E2392.87468
G0 F9000 X109.56 Y48.265
G1 F1500 X121.265 Y36.56 E2393.64547
G0 F9000 X120.699 Y36.56
G1 F1500 X109.56 Y47.7 E2394.37902
G0 F9000 X109.56 Y47.134
G1 F1500 X120.133 Y36.56 E2395.07531
G0 F9000 X119.568 Y36.56
G1 F1500 X109.56 Y46.568 E2395.73435
G0 F9000 X109.56 Y46.002
G1 F1500 X119.002 Y36.56 E2396.35612
G0 F9000 X118.436 Y36.56
G1 F1500 X109.56 Y45.437 E2396.94066
G0 F9000 X109.56 Y44.871
G1 F1500 X117.871 Y36.56 E2397.48795
G0 F9000 X117.305 Y36.56
G1 F1500 X109.56 Y44.305 E2397.99797
G0 F9000 X109.56 Y43.74
G1 F1500 X116.739 Y36.56 E2398.47075
G0 F9000 X116.174 Y36.56
G1 F1500 X109.56 Y43.174 E2398.9063
G0 F9000 X109.56 Y42.608
G1 F1500 X115.608 Y36.56 E2399.30457
G0 F9000 X115.042 Y36.56
G1 F1500 X109.56 Y42.043 E2399.6656
G0 F9000 X109.56 Y41.477
G1 F1500 X114.477 Y36.56 E2399.98939
G0 F9000 X113.911 Y36.56
G1 F1500 X109.56 Y40.911 E2400.27591
G0 F9000 X109.56 Y40.346
G1 F1500 X113.345 Y36.56 E2400.5252
G0 F9000 X112.779 Y36.56
G1 F1500 X109.56 Y39.78 E2400.7372
G0 F9000 X109.56 Y39.214
G1 F1500 X112.214 Y36.56 E2400.91198
G0 F9000 X111.648 Y36.56
G1 F1500 X109.56 Y38.649 E2401.04951
G0 F9000 X109.56 Y38.083
G1 F1500 X111.082 Y36.56 E2401.14977
G0 F9000 X110.517 Y36.56
G1 F1500 X109.56 Y37.517 E2401.21279
G0 F9000 X109.56 Y36.951
G1 F1500 X109.951 Y36.56 E2401.23853
G1 F2700 E2396.23853
;MESH:NONMESH
G0 F300 X109.951 Y36.56 Z2.52
G0 F9000 X109.951 Y36.1
G0 X109.172 Y36.172
G0 X109.162 Y59.896
G0 X111.083 Y74.337
G0 X111.65 Y81.659
G0 X111.839 Y88.99
G0 X111.839 Y146.01
G0 X111.65 Y153.341
G0 X111.083 Y160.663
G0 X110.14 Y167.947
G0 X109.149 Y173.192
G0 X109 Y199
;TIME_ELAPSED:2402.520142
;LAYER:8
;TYPE:WALL-INNER
;MESH:D638-22 Tensile.STL
G1 F2700 E2401.23853
G1 F1500 X126 Y199 E2402.03013
G1 X126 Y175.858 E2403.10771
G1 X126 Y175.089 E2403.14352
G1 X124.701 Y167.971 E2403.48044
G1 X123.754 Y160.654 E2403.82399
G1 X123.188 Y153.323 E2404.16637
G1 X123 Y146.027 E2404.50621
G1 X123 Y88.973 E2407.16289
G1 X123.19 Y81.624 E2407.5052
G1 X123.754 Y74.346 E2407.84511
G1 X124.701 Y67.027 E2408.18876
G1 X125.999 Y59.907 E2408.52576
G1 X126 Y36 E2409.63897
G1 X109 Y36 E2410.43056
G1 X109.001 Y59.911 E2411.54396
G1 X110.299 Y67.028 E2411.88082
G1 X111.246 Y74.345 E2412.22437
G1 X111.81 Y81.625 E2412.56437
G1 X112 Y88.973 E2412.90664
G1 X112 Y146.027 E2415.56332
G1 X111.812 Y153.324 E2415.90321
G1 X111.245 Y160.664 E2416.24601
G1 X110.299 Y167.972 E2416.58914
G1 X109 Y175.093 E2416.92619
G1 X109 Y199 E2418.0394
G1 F2700 E2413.0394
G0 F9000 X125.828 Y198.828
G0 X125.839 Y175.105
G0 X124.797 Y167.931
G1 F2700 E2418.0394
G0 F9000 X125.094 Y167.894
G1 F1500 X126.4 Y175.053 E2418.37826
G1 X126.4 Y175.858 E2418.41574
G1 X126.4 Y199.4 E2419.51196
G1 X108.6 Y199.4 E2420.3408
G1 X108.6 Y175.057 E2421.47431
G1 X109.906 Y167.896 E2421.81326
G1 X110.844 Y160.654 E2422.15329
G1 X111.411 Y153.345 E2422.49465
G1 X111.6 Y146.017 E2422.83599
G1 X111.6 Y88.983 E2425.49173
G1 X111.411 Y81.656 E2425.83302
G1 X110.847 Y74.376 E2426.17302
G1 X109.906 Y67.105 E2426.51441
G1 X108.601 Y59.947 E2426.85321
G1 X108.6 Y35.6 E2427.98691
G1 X126.4 Y35.6 E2428.81575
G1 X126.399 Y59.943 E2429.94927
G1 X125.094 Y67.104 E2430.2882
G1 X124.156 Y74.346 E2430.62824
G1 X123.589 Y81.655 E2430.9696
G1 X123.4 Y88.983 E2431.31093
G1 X123.4 Y146.017 E2433.96668
G1 X123.589 Y153.343 E2434.30792
G1 X124.156 Y160.654 E2434.64937
G1 X125.094 Y167.894 E2434.98931
G1 F2700 E2429.98931
G0 F9000 X124.797 Y167.931
G0 X126.198 Y175.072
G0 X126.082 Y199.082
G0 X108.47 Y199.53
G1 F2700 E2434.98931
G0 F9000 X108.2 Y199.8
;TYPE:WALL-OUTER
G1 F1500 X126.8 Y199.8 E2435.85541
G1 X126.8 Y175.858 E2436.97025
G1 X126.8 Y175.017 E2437.00941
G1 X125.491 Y167.842 E2437.34902
G1 X124.552 Y160.592 E2437.68943
G1 X123.988 Y153.302 E2438.0299
G1 X123.8 Y146.007 E2438.3697
G1 X123.8 Y88.993 E2441.02451
G1 X123.988 Y81.686 E2441.36487
G1 X124.553 Y74.398 E2441.70524
G1 X125.493 Y67.146 E2442.04575
G1 X126.799 Y59.979 E2442.38497
G1 X126.8 Y35.2 E2443.53879
G1 X108.2 Y35.2 E2444.40488
G1 X108.201 Y59.983 E2445.55888
G1 X109.509 Y67.157 E2445.89844
G1 X110.448 Y74.407 E2446.23885
G1 X111.012 Y81.697 E2446.57932
G1 X111.2 Y88.993 E2446.91916
G1 X111.2 Y146.007 E2449.57397
G1 X111.012 Y153.314 E2449.91433
G1 X110.447 Y160.602 E2450.25471
G1 X109.507 Y167.854 E2450.59522
G1 X108.2 Y175.021 E2450.93445
G1 X108.2 Y199.8 E2452.08826
G0 F9000 X108.47 Y199.53
G0 X109.1 Y198.64
G0 X109.36 Y198.64
;TYPE:SKIN
G1 F1500 X125.64 Y198.64 E2452.84632
G1 X125.64 Y175.122 E2453.94142
G1 X124.341 Y168.004 E2454.27834
G1 X123.401 Y160.741 E2454.61936
G1 X122.831 Y153.391 E2454.96263
G1 X122.64 Y146.04 E2455.30504
G1 X122.64 Y88.961 E2457.96288
G1 X122.828 Y81.657 E2458.30309
G1 X123.402 Y74.247 E2458.64917
G1 X124.343 Y66.983 E2458.99024
G1 X125.639 Y59.872 E2459.32681
G1 X125.639 Y36.361 E2460.42158
G1 X109.361 Y36.361 E2461.17955
G1 X109.361 Y59.879 E2462.27465
G1 X110.659 Y66.995 E2462.61147
G1 X111.599 Y74.258 E2462.95248
G1 X112.169 Y81.606 E2463.29566
G1 X112.36 Y88.961 E2463.63826
G1 X112.36 Y146.04 E2466.2961
G1 X112.172 Y153.343 E2466.63627
G1 X111.598 Y160.752 E2466.9823
G1 X110.657 Y168.017 E2467.32341
G1 X109.36 Y175.128 E2467.65999
G1 X109.36 Y198.64 E2468.75481
G0 F9000 X109.559 Y198.372
G1 F1500 X109.626 Y198.438 E2468.75919
G0 F9000 X110.191 Y198.438
G1 F1500 X109.559 Y197.806 E2468.80081
G0 F9000 X109.559 Y197.241
G1 F1500 X110.757 Y198.438 E2468.87966
G0 F9000 X111.323 Y198.438
G1 F1500 X109.559 Y196.675 E2468.99579
G0 F9000 X109.559 Y196.109
G1 F1500 X111.889 Y198.438 E2469.14919
G0 F9000 X112.454 Y198.438
G1 F1500 X109.559 Y195.544 E2469.3398
G0 F9000 X109.559 Y194.978
G1 F1500 X113.02 Y198.438 E2469.56768
G0 F9000 X113.586 Y198.438
G1 F1500 X109.559 Y194.412 E2469.83283
G0 F9000 X109.559 Y193.846
G1 F1500 X114.151 Y198.438 E2470.13522
G0 F9000 X114.717 Y198.438
G1 F1500 X109.559 Y193.281 E2470.47485
G0 F9000 X109.559 Y192.715
G1 F1500 X115.283 Y198.438 E2470.85176
G0 F9000 X115.848 Y198.438
G1 F1500 X109.559 Y192.149 E2471.2659
G0 F9000 X109.559 Y191.584
G1 F1500 X116.414 Y198.438 E2471.71728
G0 F9000 X116.98 Y198.438
G1 F1500 X109.559 Y191.018 E2472.20593
G0 F9000 X109.559 Y190.452
G1 F1500 X117.545 Y198.438 E2472.73182
G0 F9000 X118.111 Y198.438
G1 F1500 X109.559 Y189.887 E2473.29495
G0 F9000 X109.559 Y189.321
G1 F1500 X118.677 Y198.438 E2473.89536
G0 F9000 X119.242 Y198.438
G1 F1500 X109.559 Y188.755 E2474.533
G0 F9000 X109.559 Y188.19
G1 F1500 X119.808 Y198.438 E2475.20788
G0 F9000 X120.374 Y198.438
G1 F1500 X109.559 Y187.624 E2475.92003
G0 F9000 X109.559 Y187.058
G1 F1500 X120.94 Y198.438 E2476.66946
G0 F9000 X121.505 Y198.438
G1 F1500 X109.559 Y186.493 E2477.45609
G0 F9000 X109.559 Y185.927
G1 F1500 X122.071 Y198.438 E2478.27999
G0 F9000 X122.637 Y198.438
G1 F1500 X109.559 Y185.361 E2479.14117
G0 F9000 X109.559 Y184.795
G1 F1500 X123.202 Y198.438 E2480.03958
G0 F9000 X123.768 Y198.438
G1 F1500 X109.559 Y184.23 E2480.97524
G0 F9000 X109.559 Y183.664
G1 F1500 X124.334 Y198.438 E2481.94816
G0 F9000 X124.899 Y198.438
G1 F1500 X109.559 Y183.098 E2482.95833
G0 F9000 X109.559 Y182.533
G1 F1500 X125.44 Y198.413 E2484.00409
G0 F9000 X125.44 Y197.847
G1 F1500 X109.559 Y181.967 E2485.04985
G0 F9000 X109.559 Y181.401
G1 F1500 X125.44 Y197.282 E2486.09564
G0 F9000 X125.44 Y196.716
G1 F1500 X109.559 Y180.836 E2487.1414
G0 F9000 X109.559 Y180.27
G1 F1500 X125.44 Y196.15 E2488.18715
G0 F9000 X125.44 Y195.585
G1 F1500 X109.559 Y179.704 E2489.23294
G0 F9000 X109.559 Y179.139
G1 F1500 X125.44 Y195.019 E2490.2787
G0 F9000 X125.44 Y194.453
G1 F1500 X109.559 Y178.573 E2491.32446
G0 F9000 X109.559 Y178.007
G1 F1500 X125.44 Y193.887 E2492.37022
G0 F9000 X125.44 Y193.322
G1 F1500 X109.559 Y177.442 E2493.41598
G0 F9000 X109.559 Y176.876
G1 F1500 X125.44 Y192.756 E2494.46173
G0 F9000 X125.44 Y192.19
G1 F1500 X109.559 Y176.31 E2495.50749
G0 F9000 X109.559 Y175.745
G1 F1500 X125.44 Y191.625 E2496.55325
G0 F9000 X125.44 Y191.059
G1 F1500 X109.559 Y175.179 E2497.59901
G0 F9000 X109.641 Y174.695
G1 F1500 X125.44 Y190.493 E2498.63937
G0 F9000 X125.44 Y189.928
G1 F1500 X109.728 Y174.216 E2499.67403
G0 F9000 X109.815 Y173.738
G1 F1500 X125.44 Y189.362 E2500.70293
G0 F9000 X125.44 Y188.796
G1 F1500 X109.903 Y173.26 E2501.72603
G0 F9000 X109.99 Y172.781
G1 F1500 X125.44 Y188.231 E2502.74344
G0 F9000 X125.44 Y187.665
G1 F1500 X110.078 Y172.303 E2503.75506
G0 F9000 X110.165 Y171.824
G1 F1500 X125.44 Y187.099 E2504.76094
G0 F9000 X125.44 Y186.534
G1 F1500 X110.252 Y171.346 E2505.7611
G0 F9000 X110.339 Y170.868
G1 F1500 X125.44 Y185.968 E2506.75549
G0 F9000 X125.44 Y185.402
G1 F1500 X110.426 Y170.389 E2507.74416
G0 F9000 X110.514 Y169.911
G1 F1500 X125.44 Y184.837 E2508.72706
G0 F9000 X125.44 Y184.271
G1 F1500 X110.601 Y169.432 E2509.70423
G0 F9000 X110.689 Y168.954
G1 F1500 X125.44 Y183.705 E2510.67561
G0 F9000 X125.44 Y183.139
G1 F1500 X110.776 Y168.475 E2511.64126
G0 F9000 X110.861 Y167.995
G1 F1500 X125.44 Y182.574 E2512.60131
G0 F9000 X125.44 Y182.008
G1 F1500 X110.926 Y167.495 E2513.55705
G0 F9000 X110.991 Y166.993
G1 F1500 X125.44 Y181.442 E2514.50854
G0 F9000 X125.44 Y180.877
G1 F1500 X111.056 Y166.493 E2515.45575
G0 F9000 X111.12 Y165.991
G1 F1500 X125.44 Y180.311 E2516.39875
G0 F9000 X125.44 Y179.745
G1 F1500 X111.185 Y165.491 E2517.33743
G0 F9000 X111.25 Y164.99
G1 F1500 X125.44 Y179.18 E2518.27187
G0 F9000 X125.44 Y178.614
G1 F1500 X111.314 Y164.489 E2519.20206
G0 F9000 X111.379 Y163.988
G1 F1500 X125.44 Y178.048 E2520.12796
G0 F9000 X125.44 Y177.483
G1 F1500 X111.444 Y163.487 E2521.04962
G0 F9000 X111.509 Y162.986
G1 F1500 X125.44 Y176.917 E2521.967
G0 F9000 X125.44 Y176.351
G1 F1500 X111.573 Y162.485 E2522.88014
G0 F9000 X111.638 Y161.984
G1 F1500 X125.44 Y175.786 E2523.78902
G0 F9000 X125.44 Y175.22
G1 F1500 X111.703 Y161.484 E2524.69359
G0 F9000 X111.768 Y160.982
G1 F1500 X125.331 Y174.546 E2525.58677
G0 F9000 X125.205 Y173.854
G1 F1500 X111.819 Y160.468 E2526.46827
G0 F9000 X111.86 Y159.943
G1 F1500 X112.559 Y98.982 E3201.33425
G0 F9000 X112.559 Y98.417
G1 F1500 X122.439 Y108.297 E3201.98486
G0 F9000 X122.439 Y107.731
G1 F1500 X112.559 Y97.851 E3202.63548
G0 F9000 X112.559 Y97.285
G1 F1500 X122.439 Y107.166 E3203.28613
G0 F9000 X122.439 Y106.6
G1 F1500 X112.559 Y96.72 E3203.93674
G0 F9000 X112.559 Y96.154
G1 F1500 X122.439 Y106.034 E3204.58735
G0 F9000 X122.439 Y105.469
G1 F1500 X112.559 Y95.588 E3205.238
G0 F9000 X112.559 Y95.023
G1 F1500 X122.439 Y104.903 E3205.88862
G0 F9000 X122.439 Y104.337
G1 F1500 X112.559 Y94.457 E3206.53923
G0 F9000 X112.559 Y93.891
G1 F1500 X122.439 Y103.772 E3207.18988
G0 F9000 X122.439 Y103.206
G1 F1500 X112.559 Y93.326 E3207.8405
G0 F9000 X112.559 Y92.76
G1 F1500 X122.439 Y102.64 E3208.49111
G0 F9000 X122.439 Y102.075
G1 F1500 X112.559 Y92.194 E3209.14176
G0 F9000 X112.559 Y91.629
G1 F1500 X122.439 Y101.509 E3209.79237
G0 F9000 X122.439 Y100.943
G1 F1500 X112.559 Y91.063 E3210.44299
G0 F9000 X112.559 Y90.497
G1 F1500 X122.439 Y100.378 E3211.09364
G0 F9000 X122.439 Y99.812
G1 F1500 X112.559 Y89.931 E3211.74428
G0 F9000 X112.559 Y89.366
G1 F1500 X122.439 Y99.246 E3212.3949
G0 F9000 X122.439 Y98.68
G1 F1500 X112.555 Y88.796 E3213.04578
G0 F9000 X112.539 Y88.215
G1 F1500 X122.439 Y98.115 E3213.69771
G0 F9000 X122.439 Y97.549
G1 F1500 X112.524 Y87.634 E3214.35063
G0 F9000 X112.509 Y87.053
G1 F1500 X122.439 Y96.983 E3215.00454
G0 F9000 X122.439 Y96.418
G1 F1500 X112.494 Y86.472 E3215.65946
G0 F9000 X112.479 Y85.892
G1 F1500 X122.439 Y95.852 E3216.31535
G0 F9000 X122.439 Y95.286
G1 F1500 X112.463 Y85.311 E3216.97225
G0 F9000 X112.449 Y84.73
G1 F1500 X122.439 Y94.721 E3217.63014
G0 F9000 X122.439 Y94.155
G1 F1500 X112.433 Y84.149 E3218.28905
G0 F9000 X112.418 Y83.568
G1 F1500 X122.439 Y93.589 E3218.94895
G0 F9000 X122.439 Y93.024
G1 F1500 X112.403 Y82.987 E3219.60987
G0 F9000 X112.388 Y82.406
G1 F1500 X122.439 Y92.458 E3220.27178
G0 F9000 X122.439 Y91.892
G1 F1500 X112.373 Y81.826 E3220.93465
G0 F9000 X112.339 Y81.226
G1 F1500 X122.439 Y91.327 E3221.59978
G0 F9000 X122.439 Y90.761
G1 F1500 X112.291 Y80.613 E3222.26804
G0 F9000 X112.244 Y79.999
G1 F1500 X122.439 Y90.195 E3222.93944
G0 F9000 X122.439 Y89.63
G1 F1500 X112.196 Y79.386 E3223.61399
G0 F9000 X112.148 Y78.773
G1 F1500 X122.439 Y89.064 E3224.29167
G0 F9000 X122.451 Y88.509
G1 F1500 X112.101 Y78.16 E3224.9732
G0 F9000 X112.053 Y77.546
G1 F1500 X122.465 Y87.958 E3225.65885
G0 F9000 X122.479 Y87.406
G1 F1500 X112.005 Y76.933 E3226.34855
G0 F9000 X111.958 Y76.32
G1 F1500 X122.493 Y86.855 E3227.04229
G0 F9000 X122.507 Y86.303
G1 F1500 X111.91 Y75.707 E3227.74009
G0 F9000 X111.862 Y75.093
G1 F1500 X122.521 Y85.752 E3228.442
G0 F9000 X122.535 Y85.2
G1 F1500 X111.815 Y74.48 E3229.14793
G0 F9000 X111.746 Y73.845
G1 F1500 X122.55 Y84.649 E3229.8594
G0 F9000 X122.564 Y84.098
G1 F1500 X111.662 Y73.196 E3230.57731
G0 F9000 X111.578 Y72.546
G1 F1500 X122.579 Y83.546 E3231.30171
G0 F9000 X122.593 Y82.995
G1 F1500 X111.494 Y71.896 E3232.0326
G0 F9000 X111.409 Y71.245
G1 F1500 X122.607 Y82.443 E3232.77001
G0 F9000 X122.621 Y81.892
G1 F1500 X111.325 Y70.596 E3233.51387
G0 F9000 X111.241 Y69.946
G1 F1500 X122.651 Y81.356 E3234.26524
G0 F9000 X122.691 Y80.83
G1 F1500 X111.157 Y69.296 E3235.02477
G0 F9000 X111.073 Y68.646
G1 F1500 X122.732 Y80.306 E3235.79257
G0 F9000 X122.772 Y79.78
G1 F1500 X110.988 Y67.996 E3236.56857
G0 F9000 X110.904 Y67.346
G1 F1500 X122.813 Y79.256 E3237.35283
G0 F9000 X122.854 Y78.73
G1 F1500 X110.803 Y66.68 E3238.14637
G0 F9000 X110.677 Y65.988
G1 F1500 X122.895 Y78.206 E3238.95095
G0 F9000 X122.935 Y77.68
G1 F1500 X110.551 Y65.297 E3239.76642
G0 F9000 X110.425 Y64.604
G1 F1500 X122.976 Y77.155 E3240.59293
G0 F9000 X123.016 Y76.63
G1 F1500 X110.299 Y63.913 E3241.43036
G0 F9000 X110.172 Y63.221
G1 F1500 X123.057 Y76.105 E3242.27883
G0 F9000 X123.098 Y75.58
G1 F1500 X110.047 Y62.529 E3243.13826
G0 F9000 X109.92 Y61.837
G1 F1500 X123.139 Y75.055 E3244.00872
G0 F9000 X123.179 Y74.53
G1 F1500 X109.794 Y61.145 E3244.89015
G0 F9000 X109.668 Y60.454
G1 F1500 X123.231 Y74.016 E3245.78326
G0 F9000 X123.296 Y73.515
G1 F1500 X109.559 Y59.779 E3246.68783
G0 F9000 X109.559 Y59.213
G1 F1500 X123.36 Y73.014 E3247.59665
G0 F9000 X123.425 Y72.513
G1 F1500 X109.559 Y58.648 E3248.50972
G0 F9000 X109.559 Y58.082
G1 F1500 X123.49 Y72.013 E3249.4271
G0 F9000 X123.554 Y71.511
G1 F1500 X109.559 Y57.516 E3250.34869
G0 F9000 X109.559 Y56.951
G1 F1500 X123.619 Y71.011 E3251.27457
G0 F9000 X123.684 Y70.509
G1 F1500 X109.559 Y56.385 E3252.20469
G0 F9000 X109.559 Y55.819
G1 F1500 X123.749 Y70.009 E3253.13913
G0 F9000 X123.814 Y69.508
G1 F1500 X109.559 Y55.254 E3254.07781
G0 F9000 X109.559 Y54.688
G1 F1500 X123.878 Y69.007 E3255.02074
G0 F9000 X123.943 Y68.506
G1 F1500 X109.559 Y54.122 E3255.96795
G0 F9000 X109.559 Y53.556
G1 F1500 X124.008 Y68.005 E3256.91944
G0 F9000 X124.073 Y67.504
G1 F1500 X109.559 Y52.991 E3257.87518
G0 F9000 X109.559 Y52.425
G1 F1500 X124.138 Y67.004 E3258.83523
G0 F9000 X124.223 Y66.523
G1 F1500 X109.559 Y51.859 E3259.80088
G0 F9000 X109.559 Y51.294
G1 F1500 X124.31 Y66.045 E3260.77226
G0 F9000 X124.397 Y65.566
G1 F1500 X109.559 Y50.728 E3261.74937
G0 F9000 X109.559 Y50.162
G1 F1500 X124.485 Y65.088 E3262.73227
G0 F9000 X124.572 Y64.609
G1 F1500 X109.559 Y49.597 E3263.72087
G0 F9000 X109.559 Y49.031
G1 F1500 X124.659 Y64.131 E3264.71523
G0 F9000 X124.746 Y63.652
G1 F1500 X109.559 Y48.465 E3265.71532
G0 F9000 X109.559 Y47.9
G1 F1500 X124.834 Y63.174 E3266.72117
G0 F9000 X124.921 Y62.695
G1 F1500 X109.559 Y47.334 E3267.73275
G0 F9000 X109.559 Y46.768
G1 F1500 X125.007 Y62.216 E3268.75003
G0 F9000 X125.094 Y61.738
G1 F1500 X109.559 Y46.203 E3269.77304
G0 F9000 X109.559 Y45.637
G1 F1500 X125.181 Y61.259 E3270.80177
G0 F9000 X125.269 Y60.781
G1 F1500 X109.559 Y45.071 E3271.8363
G0 F9000 X109.559 Y44.506
G1 F1500 X125.356 Y60.302 E3272.87653
G0 F9000 X125.438 Y59.819
G1 F1500 X109.559 Y43.94 E3273.92219
G0 F9000 X109.559 Y43.374
G1 F1500 X125.438 Y59.253 E3274.96785
G0 F9000 X125.438 Y58.687
G1 F1500 X109.559 Y42.808 E3276.01351
G0 F9000 X109.559 Y42.243
G1 F1500 X125.438 Y58.122 E3277.05917
G0 F9000 X125.438 Y57.556
G1 F1500 X109.559 Y41.677 E3278.10483
G0 F9000 X109.559 Y41.111
G1 F1500 X125.438 Y56.99 E3279.15049
G0 F9000 X125.438 Y56.424
G1 F1500 X109.559 Y40.546 E3280.19611
G0 F9000 X109.559 Y39.98
G1 F1500 X125.438 Y55.859 E3281.24177
G0 F9000 X125.438 Y55.293
G1 F1500 X109.559 Y39.414 E3282.28743
G0 F9000 X109.559 Y38.849
G1 F1500 X125.438 Y54.727 E3283.33306
G0 F9000 X125.438 Y54.162
G1 F1500 X109.559 Y38.283 E3284.37872
G0 F9000 X109.559 Y37.717
G1 F1500 X125.438 Y53.596 E3285.42438
G0 F9000 X125.438 Y53.03
G1 F1500 X109.559 Y37.152 E3286.47
G0 F9000 X109.559 Y36.586
G1 F1500 X125.438 Y52.465 E3287.51566
G0 F9000 X125.438 Y51.899
G1 F1500 X110.1 Y36.56 E3288.52573
G0 F9000 X110.665 Y36.56
G1 F1500 X125.438 Y51.333 E3289.49856
G0 F9000 X125.438 Y50.768
G1 F1500 X111.231 Y36.56 E3290.43414
G0 F9000 X111.797 Y36.56
G1 F1500 X125.438 Y50.202 E3291.33246
G0 F9000 X125.438 Y49.636
G1 F1500 X112.362 Y36.56 E3292.19354
G0 F9000 X112.928 Y36.56
G1 F1500 X125.438 Y49.071 E3293.01737
G0 F9000 X125.438 Y48.505
G1 F1500 X113.494 Y36.56 E3293.80394
G0 F9000 X114.059 Y36.56
G1 F1500 X125.438 Y47.939 E3294.55327
G0 F9000 X125.438 Y47.374
G1 F1500 X114.625 Y36.56 E3295.26535
G0 F9000 X115.191 Y36.56
G1 F1500 X125.438 Y46.808 E3295.94017
G0 F9000 X125.438 Y46.242
G1 F1500 X115.756 Y36.56 E3296.57775
G0 F9000 X116.322 Y36.56
G1 F1500 X125.438 Y45.676 E3297.17805
G0 F9000 X125.438 Y45.111
G1 F1500 X116.888 Y36.56 E3297.74111
G0 F9000 X117.453 Y36.56
G1 F1500 X125.438 Y44.545 E3298.26694
G0 F9000 X125.438 Y43.979
G1 F1500 X118.019 Y36.56 E3298.75549
G0 F9000 X118.585 Y36.56
G1 F1500 X125.438 Y43.414 E3299.20681
G0 F9000 X125.438 Y42.848
G1 F1500 X119.151 Y36.56 E3299.62085
G0 F9000 X119.716 Y36.56
G1 F1500 X125.438 Y42.282 E3299.99766
G0 F9000 X125.438 Y41.717
G1 F1500 X120.282 Y36.56 E3300.33722
G0 F9000 X120.848 Y36.56
G1 F1500 X125.438 Y41.151 E3300.63951
G0 F9000 X125.438 Y40.585
G1 F1500 X121.413 Y36.56 E3300.90456
G0 F9000 X121.979 Y36.56
G1 F1500 X125.438 Y40.02 E3301.13238
G0 F9000 X125.438 Y39.454
G1 F1500 X122.545 Y36.56 E3301.32292
G0 F9000 X123.11 Y36.56
G1 F1500 X125.438 Y38.888 E3301.47622
G0 F9000 X125.438 Y38.323
G1 F1500 X123.676 Y36.56 E3301.59229
G0 F9000 X124.242 Y36.56
G1 F1500 X125.438 Y37.757 E3301.67108
G0 F9000 X125.438 Y37.191
G1 F1500 X124.807 Y36.56 E3301.71263
G0 F9000 X125.373 Y36.56
G1 F1500 X125.438 Y36.626 E3301.71694
G1 F2700 E3296.71694
;MESH:NONMESH
G0 F300 X125.438 Y36.626 Z3.36
G0 F9000 X125.9 Y36.626
G0 X125.838 Y59.892
G0 X123.917 Y74.337
G0 X123.35 Y81.659
G0 X123.161 Y88.99
G0 X123.161 Y146.01
G0 X123.35 Y153.341
G0 X123.809 Y159.271
G0 X124.701 Y167.971
;TIME_ELAPSED:3267.638843
;LAYER:11
;TYPE:WALL-INNER
;MESH:D638-22 Tensile.STL
G1 F2700 E3301.71694
G1 F1500 X126 Y175.089 E3302.05386
G1 X126 Y175.858 E3302.08967
G1 X126 Y199 E3303.16726
G1 X109 Y199 E3303.95885
G1 X109 Y175.093 E3305.07206
G1 X110.299 Y167.972 E3305.40912
G1 X111.245 Y160.664 E3305.75225
G1 X111.812 Y153.324 E3306.09505
G1 X112 Y146.027 E3306.43494
G1 X112 Y88.973 E3309.09161
G1 X111.81 Y81.625 E3309.43388
G1 X111.246 Y74.345 E3309.77388
G1 X110.299 Y67.028 E3310.11743
G1 X109.001 Y59.911 E3310.4543
G1 X109 Y36 E3311.56769
G1 X126 Y36 E3312.35928
G1 X125.999 Y59.907 E3313.47249
G1 X124.701 Y67.027 E3313.8095
G1 X123.754 Y74.346 E3314.15314
G1 X123.19 Y81.624 E3314.49305
G1 X123 Y88.973 E3314.83536
G1 X123 Y146.027 E3317.49204
G1 X123.188 Y153.323 E3317.83188
G1 X123.754 Y160.654 E3318.17426
G1 X124.701 Y167.971 E3318.51781
G1 F2700 E3313.51781
G0 F9000 X125.839 Y175.105
G0 X125.828 Y198.828
G0 X108.87 Y199.13
G1 F2700 E3318.51781
G0 F9000 X108.6 Y199.4
G1 F1500 X126.4 Y199.4 E3319.34666
G1 X126.4 Y175.858 E3320.44287
G1 X126.4 Y175.053 E3320.48035
G1 X125.094 Y167.894 E3320.81921
G1 X124.156 Y160.654 E3321.15915
G1 X123.589 Y153.343 E3321.5006
G1 X123.4 Y146.017 E3321.84185
G1 X123.4 Y88.983 E3324.49759
G1 X123.589 Y81.655 E3324.83892
G1 X124.156 Y74.346 E3325.18028
G1 X125.094 Y67.104 E3325.52032
G1 X126.399 Y59.943 E3325.85926
G1 X126.4 Y35.6 E3326.99277
G1 X108.6 Y35.6 E3327.82161
G1 X108.601 Y59.947 E3328.95531
G1 X109.906 Y67.105 E3329.29411
G1 X110.847 Y74.376 E3329.6355
G1 X111.411 Y81.656 E3329.97551
G1 X111.6 Y88.983 E3330.31679
G1 X111.6 Y146.017 E3332.97254
G1 X111.411 Y153.345 E3333.31387
G1 X110.844 Y160.654 E3333.65523
G1 X109.906 Y167.896 E3333.99527
G1 X108.6 Y175.057 E3334.33421
G1 X108.6 Y199.4 E3335.46773
G1 F2700 E3330.46773
G0 F9000 X108.87 Y199.13
G0 X125.828 Y198.828
G0 X125.839 Y175.105
G0 X124.797 Y167.931
G1 F2700 E3335.46773
G0 F9000 X125.491 Y167.842
;TYPE:WALL-OUTER
G1 F1500 X126.8 Y175.017 E3335.80734
G1 X126.8 Y175.858 E3335.8465
G1 X126.8 Y199.8 E3336.96134
G1 X108.2 Y199.8 E3337.82743
G1 X108.2 Y175.021 E3338.98125
G1 X109.507 Y167.854 E3339.32048
G1 X110.447 Y160.602 E3339.66098
G1 X111.012 Y153.314 E3340.00136
G1 X111.2 Y146.007 E3340.34172
G1 X111.2 Y88.993 E3342.99653
G1 X111.012 Y81.697 E3343.33638
G1 X110.448 Y74.407 E3343.67684
G1 X109.509 Y67.157 E3344.01725
G1 X108.201 Y59.983 E3344.35681
G1 X108.2 Y35.2 E3345.51081
G1 X126.8 Y35.2 E3346.37691
G1 X126.799 Y59.979 E3347.53072
G1 X125.493 Y67.146 E3347.86994
G1 X124.553 Y74.398 E3348.21045
G1 X123.988 Y81.686 E3348.55083
G1 X123.8 Y88.993 E3348.89118
G1 X123.8 Y146.007 E3351.54599
G1 X123.988 Y153.302 E3351.88579
G1 X124.552 Y160.592 E3352.22626
G1 X125.491 Y167.842 E3352.56667
G0 F9000 X124.797 Y167.931
G0 X124.341 Y168.004
;TYPE:SKIN
G1 F1500 X125.64 Y175.122 E3352.90359
G1 X125.64 Y175.858 E3352.93786
G1 X125.64 Y198.64 E3353.99869
G1 X109.36 Y198.64 E3354.75675
G1 X109.36 Y175.128 E3355.85157
G1 X110.657 Y168.017 E3356.18815
G1 X111.598 Y160.752 E3356.52926
G1 X112.172 Y153.343 E3356.87529
G1 X112.36 Y146.04 E3357.21546
G1 X112.36 Y88.961 E3359.8733
G1 X112.169 Y81.606 E3360.21589
G1 X111.599 Y74.258 E3360.55908
G1 X110.659 Y66.995 E3360.90009
G1 X109.361 Y59.879 E3361.23691
G1 X109.361 Y36.361 E3362.33201
G1 X125.639 Y36.361 E3363.08998
G1 X125.639 Y59.872 E3364.18475
G1 X124.343 Y66.983 E3364.52132
G1 X123.402 Y74.247 E3364.86239
G1 X122.828 Y81.657 E3365.20846
G1 X122.64 Y88.961 E3365.54868
G1 X122.64 Y146.04 E3368.20652
G1 X122.831 Y153.391 E3368.54893
G1 X123.401 Y160.741 E3368.8922
G1 X124.341 Y168.004 E3369.23322
G1 F2700 E3364.23322
G0 F9000 X124.597 Y167.957
G0 X125.839 Y175.105
G0 X125.9 Y198.132
G1 F2700 E3369.23322
G0 F9000 X125.44 Y198.132
G1 F1500 X125.133 Y198.438 E3369.2534
G0 F9000 X124.567 Y198.438
G1 F1500 X125.44 Y197.566 E3369.31086
G0 F9000 X125.44 Y197
G1 F1500 X124.001 Y198.438 E3369.40559
G0 F9000 X123.436 Y198.438
G1 F1500 X125.44 Y196.434 E3369.53755
G0 F9000 X125.44 Y195.869
G1 F1500 X122.87 Y198.438 E3369.70676
G0 F9000 X122.304 Y198.438
G1 F1500 X125.44 Y195.303 E3369.91324
G0 F9000 X125.44 Y194.737
G1 F1500 X121.739 Y198.438 E3370.15695
G0 F9000 X121.173 Y198.438
G1 F1500 X125.44 Y194.172 E3370.43791
G0 F9000 X125.44 Y193.606
G1 F1500 X120.607 Y198.438 E3370.75614
G0 F9000 X120.041 Y198.438
G1 F1500 X125.44 Y193.04 E3371.11164
G0 F9000 X125.44 Y192.475
G1 F1500 X119.476 Y198.438 E3371.50435
G0 F9000 X118.91 Y198.438
G1 F1500 X125.44 Y191.909 E3371.93432
G0 F9000 X125.44 Y191.343
G1 F1500 X118.344 Y198.438 E3372.40158
G0 F9000 X117.779 Y198.438
G1 F1500 X125.44 Y190.778 E3372.90603
G0 F9000 X125.44 Y190.212
G1 F1500 X117.213 Y198.438 E3373.44776
G0 F9000 X116.647 Y198.438
G1 F1500 X125.44 Y189.646 E3374.02676
G0 F9000 X125.44 Y189.081
G1 F1500 X116.082 Y198.438 E3374.64297
G0 F9000 X115.516 Y198.438
G1 F1500 X125.44 Y188.515 E3375.29645
G0 F9000 X125.44 Y187.949
G1 F1500 X114.95 Y198.438 E3375.9872
G0 F9000 X114.385 Y198.438
G1 F1500 X125.44 Y187.384 E3376.71516
G0 F9000 X125.44 Y186.818
G1 F1500 X113.819 Y198.438 E3377.48039
G0 F9000 X113.253 Y198.438
G1 F1500 X125.44 Y186.252 E3378.28289
G0 F9000 X125.44 Y185.686
G1 F1500 X112.688 Y198.438 E3379.12263
G0 F9000 X112.122 Y198.438
G1 F1500 X125.44 Y185.121 E3379.99961
G0 F9000 X125.44 Y184.555
G1 F1500 X111.556 Y198.438 E3380.91386
G0 F9000 X110.991 Y198.438
G1 F1500 X125.44 Y183.989 E3381.86535
G0 F9000 X125.44 Y183.424
G1 F1500 X110.425 Y198.438 E3382.85408
G0 F9000 X109.859 Y198.438
G1 F1500 X125.44 Y182.858 E3383.88009
G0 F9000 X125.44 Y182.292
G1 F1500 X109.559 Y198.173 E3384.92588
G0 F9000 X109.559 Y197.607
G1 F1500 X125.44 Y181.727 E3385.97164
G0 F9000 X125.44 Y181.161
G1 F1500 X109.559 Y197.041 E3387.01739
G0 F9000 X109.559 Y196.475
G1 F1500 X125.44 Y180.595 E3388.06315
G0 F9000 X125.44 Y180.03
G1 F1500 X109.559 Y195.91 E3389.10891
G0 F9000 X109.559 Y195.344
G1 F1500 X125.44 Y179.464 E3390.15467
G0 F9000 X125.44 Y178.898
G1 F1500 X109.559 Y194.778 E3391.20043
G0 F9000 X109.559 Y194.213
G1 F1500 X125.44 Y178.333 E3392.24618
G0 F9000 X125.44 Y177.767
G1 F1500 X109.559 Y193.647 E3393.29194
G0 F9000 X109.559 Y193.081
G1 F1500 X125.44 Y177.201 E3394.3377
G0 F9000 X125.44 Y176.635
G1 F1500 X109.559 Y192.516 E3395.38349
G0 F9000 X109.559 Y191.95
G1 F1500 X125.44 Y176.07 E3396.42925
G0 F9000 X125.44 Y175.504
G1 F1500 X109.559 Y191.384 E3397.47501
G0 F9000 X109.559 Y190.819
G1 F1500 X125.408 Y174.97 E3398.51869
G0 F9000 X125.321 Y174.492
G1 F1500 X109.559 Y190.253 E3399.55661
G0 F9000 X109.559 Y189.687
G1 F1500 X125.234 Y174.013 E3400.58881
G0 F9000 X125.146 Y173.535
G1 F1500 X109.559 Y189.122 E3401.61524
G0 F9000 X109.559 Y188.556
G1 F1500 X125.059 Y173.056 E3402.63594
G0 F9000 X124.971 Y172.578
G1 F1500 X109.559 Y187.99 E3403.65084
G0 F9000 X109.559 Y187.425
G1 F1500 X124.884 Y172.099 E3404.66005
G0 F9000 X124.797 Y171.621
G1 F1500 X109.559 Y186.859 E3405.6635
G0 F9000 X109.559 Y186.293
G1 F1500 X124.71 Y171.143 E3406.66119
G0 F9000 X124.623 Y170.664
G1 F1500 X109.559 Y185.727 E3407.65315
G0 F9000 X109.559 Y185.162
G1 F1500 X124.535 Y170.186 E3408.63934
G0 F9000 X124.448 Y169.707
G1 F1500 X109.559 Y184.596 E3409.61981
G0 F9000 X109.559 Y184.03
G1 F1500 X124.36 Y169.229 E3410.59448
G0 F9000 X124.274 Y168.751
G1 F1500 X109.559 Y183.465 E3411.56345
G0 F9000 X109.559 Y182.899
G1 F1500 X124.186 Y168.273 E3412.52663
G0 F9000 X124.111 Y167.782
G1 F1500 X109.559 Y182.333 E3413.48488
G0 F9000 X109.559 Y181.768
G1 F1500 X124.046 Y167.281 E3414.43887
G0 F9000 X123.981 Y166.781
G1 F1500 X109.559 Y181.202 E3415.38855
G0 F9000 X109.559 Y180.636
G1 F1500 X123.916 Y166.28 E3416.33395
G0 F9000 X123.851 Y165.779
G1 F1500 X109.559 Y180.071 E3417.2751
G0 F9000 X109.559 Y179.505
G1 F1500 X123.786 Y165.278 E3418.21197
G0 F9000 X123.721 Y164.777
G1 F1500 X109.559 Y178.939 E3419.14457
G0 F9000 X109.559 Y178.374
G1 F1500 X123.656 Y164.277 E3420.07288
G0 F9000 X123.591 Y163.776
G1 F1500 X109.559 Y177.808 E3420.99691
G0 F9000 X109.559 Y177.242
G1 F1500 X123.527 Y163.275 E3421.91669
G0 F9000 X123.462 Y162.774
G1 F1500 X109.559 Y176.676 E3422.8322
G0 F9000 X109.559 Y176.111
G1 F1500 X123.397 Y162.273 E3423.74345
G0 F9000 X123.332 Y161.773
G1 F1500 X109.559 Y175.545 E3424.65039
G0 F9000 X109.597 Y174.942
G1 F1500 X123.267 Y161.272 E3425.55059
G0 F9000 X123.202 Y160.771
G1 F1500 X109.723 Y174.25 E3426.4382
G0 F9000 X109.849 Y173.558
G1 F1500 X123.161 Y160.246 E3427.31482
G0 F9000 X123.121 Y159.721
G1 F1500 X109.975 Y172.867 E3428.18051
G0 F9000 X110.102 Y172.174
G1 F1500 X123.08 Y159.196 E3429.03513
G0 F9000 X123.039 Y158.671
G1 F1500 X110.228 Y171.483 E3429.87879
G0 F9000 X110.354 Y170.791
G1 F1500 X122.999 Y158.146 E3430.71148
G0 F9000 X122.958 Y157.621
G1 F1500 X110.48 Y170.099 E3431.53318
G0 F9000 X110.607 Y169.407
G1 F1500 X122.917 Y157.096 E3432.34385
G0 F9000 X122.876 Y156.571
G1 F1500 X110.732 Y168.715 E3433.14355
G0 F9000 X110.858 Y168.024
G1 F1500 X122.835 Y156.047 E3433.93226
G0 F9000 X122.795 Y155.521
G1 F1500 X110.942 Y167.374 E3434.7128
G0 F9000 X111.026 Y166.725
G1 F1500 X122.754 Y154.997 E3435.48511
G0 F9000 X122.713 Y154.472
G1 F1500 X111.11 Y166.075 E3436.24918
G0 F9000 X111.194 Y165.425
G1 F1500 X122.673 Y153.947 E3437.00506
G0 F9000 X122.632 Y153.422
G1 F1500 X111.278 Y164.775 E3437.75271
G0 F9000 X111.362 Y164.126
G1 F1500 X122.617 Y152.871 E3438.49387
G0 F9000 X122.603 Y152.319
G1 F1500 X111.446 Y163.476 E3439.22858
G0 F9000 X111.53 Y162.826
G1 F1500 X122.588 Y151.768 E3439.95677
G0 F9000 X122.574 Y151.217
G1 F1500 X111.614 Y162.177 E3440.6785
G0 F9000 X111.698 Y161.527
G1 F1500 X122.559 Y150.666 E3441.39372
G0 F9000 X122.545 Y150.114
G1 F1500 X111.782 Y160.878 E3442.10251
G0 F9000 X111.836 Y160.257
G1 F1500 X122.53 Y149.563 E3442.80673
G0 F9000 X122.516 Y149.012
G1 F1500 X111.884 Y159.644 E3443.50687
G0 F9000 X111.931 Y159.031
G1 F1500 X122.502 Y148.46 E3444.20298
G0 F9000 X122.487 Y147.909
G1 F1500 X111.978 Y158.418 E3444.89502
G0 F9000 X112.026 Y157.805
G1 F1500 X122.473 Y147.358 E3445.58297
G0 F9000 X122.459 Y146.806
G1 F1500 X112.074 Y157.191 E3446.26684
G0 F9000 X112.121 Y156.578
G1 F1500 X122.444 Y146.255 E3446.94663
G0 F9000 X122.439 Y145.695
G1 F1500 X112.169 Y155.965 E3447.62293
G0 F9000 X112.216 Y155.352
G1 F1500 X122.439 Y145.13 E3448.2961
G0 F9000 X122.439 Y144.564
G1 F1500 X112.263 Y154.739 E3448.96617
G0 F9000 X112.311 Y154.126
G1 F1500 X122.439 Y143.998 E3449.63312
G0 F9000 X122.439 Y143.433
G1 F1500 X112.358 Y153.513 E3450.29693
G0 F9000 X112.383 Y152.923
G1 F1500 X122.439 Y142.867 E3450.95914
G0 F9000 X122.439 Y142.301
G1 F1500 X112.398 Y152.342 E3451.62036
G0 F9000 X112.413 Y151.762
G1 F1500 X122.439 Y141.736 E3452.28059
G0 F9000 X122.439 Y141.17
G1 F1500 X112.427 Y151.181 E3452.93986
G0 F9000 X112.442 Y150.601
G1 F1500 X122.439 Y140.604 E3453.59818
G0 F9000 X122.439 Y140.038
G1 F1500 X112.457 Y150.02 E3454.25551
G0 F9000 X112.473 Y149.439
G1 F1500 X122.439 Y139.473 E3454.91179
G0 F9000 X122.439 Y138.907
G1 F1500 X112.487 Y148.858 E3455.56711
G0 F9000 X112.502 Y148.278
G1 F1500 X122.439 Y138.341 E3456.22148
G0 F9000 X122.439 Y137.776
G1 F1500 X112.517 Y147.697 E3456.87483
G0 F9000 X112.532 Y147.117
G1 F1500 X122.439 Y137.21 E3457.52722
G0 F9000 X122.439 Y136.644
G1 F1500 X112.548 Y146.535 E3458.17856
G0 F9000 X112.56 Y145.958
G1 F1500 X122.439 Y136.079 E3458.82911
G0 F9000 X122.439 Y135.513
G1 F1500 X112.56 Y145.392 E3459.47966
G0 F9000 X112.56 Y144.826
G1 F1500 X122.439 Y134.947 E3460.13021
G0 F9000 X122.439 Y134.382
G1 F1500 X112.56 Y144.261 E3460.78076
G0 F9000 X112.56 Y143.695
G1 F1500 X122.439 Y133.816 E3461.43131
G0 F9000 X122.439 Y133.25
G1 F1500 X112.56 Y143.129 E3462.08185
G0 F9000 X112.56 Y142.564
G1 F1500 X122.439 Y132.685 E3462.7324
G0 F9000 X122.439 Y132.119
G1 F1500 X112.56 Y141.998 E3463.38295
G0 F9000 X112.56 Y141.432
G1 F1500 X122.439 Y131.553 E3464.0335
G0 F9000 X122.439 Y130.987
G1 F1500 X112.56 Y140.866 E3464.68405
G0 F9000 X112.56 Y140.301
G1 F1500 X122.439 Y130.422 E3465.3346
G0 F9000 X122.439 Y129.856
G1 F1500 X112.56 Y139.735 E3465.98515
G0 F9000 X112.56 Y139.169
G1 F1500 X122.439 Y129.29 E3466.6357
G0 F9000 X122.439 Y128.725
G1 F1500 X112.56 Y138.604 E3467.28625
G0 F9000 X112.56 Y138.038
G1 F1500 X122.439 Y128.159 E3467.9368
G0 F9000 X122.439 Y127.593
G1 F1500 X112.56 Y137.472 E3468.58735
G0 F9000 X112.56 Y136.907
G1 F1500 X122.439 Y127.028 E3469.23789
G0 F9000 X122.439 Y126.462
G1 F1500 X112.56 Y136.341 E3469.88844
G0 F9000 X112.56 Y135.775
G1 F1500 X122.439 Y125.896 E3470.53899
G0 F9000 X122.439 Y125.331
G1 F1500 X112.56 Y135.21 E3471.18954
G0 F9000 X112.56 Y134.644
G1 F1500 X122.439 Y124.765 E3471.84009
G0 F9000 X122.439 Y124.199
G1 F1500 X112.56 Y134.078 E3472.49064
G0 F9000 X112.56 Y133.513
G1 F1500 X122.439 Y123.634 E3473.14119
G0 F9000 X122.439 Y123.068
G1 F1500 X112.56 Y132.947 E3473.79174
G0 F9000 X112.56 Y132.381
G1 F1500 X122.439 Y122.502 E3474.44229
G0 F9000 X122.439 Y121.937
G1 F1500 X112.56 Y131.816 E3475.09284
G0 F9000 X112.56 Y131.25
G1 F1500 X122.439 Y121.371 E3475.74338
G0 F9000 X122.439 Y120.805
G1 F1500 X112.56 Y130.684 E3476.39393
G0 F9000 X112.56 Y130.118
G1 F1500 X122.439 Y120.239 E3477.04448
G0 F9000 X122.439 Y119.674
G1 F1500 X112.56 Y129.553 E3477.69503
G0 F9000 X112.56 Y128.987
G1 F1500 X122.439 Y119.108 E3478.34558
G0 F9000 X122.439 Y118.542
G1 F1500 X112.56 Y128.421 E3478.99613
G0 F9000 X112.56 Y127.856
G1 F1500 X122.439 Y117.977 E3479.64668
G0 F9000 X122.439 Y117.411
G1 F1500 X112.56 Y127.29 E3480.29723
G0 F9000 X112.56 Y126.724
G1 F1500 X122.439 Y116.845 E3480.94778
G0 F9000 X122.439 Y116.28
G1 F1500 X112.56 Y126.159 E3481.59833
G0 F9000 X112.56 Y125.593
G1 F1500 X122.439 Y115.714 E3482.24887
G0 F9000 X122.439 Y115.148
G1 F1500 X112.56 Y125.027 E3482.89942
G0 F9000 X112.56 Y124.462
G1 F1500 X122.439 Y114.583 E3483.54997
G0 F9000 X122.439 Y114.017
G1 F1500 X112.56 Y123.896 E3484.20052
G0 F9000 X112.56 Y123.33
G1 F1500 X122.439 Y113.451 E3484.85107
G0 F9000 X122.439 Y112.886
G1 F1500 X112.56 Y122.765 E3485.50162
G0 F9000 X112.56 Y122.199
G1 F1500 X122.439 Y112.32 E3486.15217
G0 F9000 X122.439 Y111.754
G1 F1500 X112.56 Y121.633 E3486.80272
G0 F9000 X112.56 Y121.067
G1 F1500 X122.439 Y111.189 E3487.45323
G0 F9000 X122.439 Y110.623
G1 F1500 X112.56 Y120.502 E3488.10378
G0 F9000 X112.56 Y119.936
G1 F1500 X122.439 Y110.057 E3488.75433
G0 F9000 X122.439 Y109.491
G1 F1500 X112.56 Y119.37 E3489.40488
G0 F9000 X112.56 Y118.805
G1 F1500 X122.439 Y108.926 E3490.05543
G0 F9000 X122.439 Y108.36
G1 F1500 X112.56 Y118.239 E3490.70598
G0 F9000 X112.56 Y117.673
G1 F1500 X122.439 Y107.794 E3491.35653
G0 F9000 X122.439 Y107.229
G1 F1500 X112.56 Y117.108 E3492.00708
G0 F9000 X112.56 Y116.542
G1 F1500 X122.439 Y106.663 E3492.65763
G0 F9000 X122.439 Y106.097
G1 F1500 X112.56 Y115.976 E3493.30817
G0 F9000 X112.56 Y115.411
G1 F1500 X122.439 Y105.532 E3493.95872
G0 F9000 X122.439 Y104.966
G1 F1500 X112.56 Y114.845 E3494.60927
G0 F9000 X112.56 Y114.279
G1 F1500 X122.439 Y104.4 E3495.25982
G0 F9000 X122.439 Y103.835
G1 F1500 X112.56 Y113.714 E3495.91037
G0 F9000 X112.56 Y113.148
G1 F1500 X122.439 Y103.269 E3496.56092
G0 F9000 X122.439 Y102.703
G1 F1500 X112.56 Y112.582 E3497.21147
G0 F9000 X112.56 Y112.017
G1 F1500 X122.439 Y102.138 E3497.86202
G0 F9000 X122.439 Y101.572
G1 F1500 X112.56 Y111.451 E3498.51257
G0 F9000 X112.56 Y110.885
G1 F1500 X122.439 Y101.006 E3499.16312
G0 F9000 X122.439 Y100.44
G1 F1500 X112.56 Y110.319 E3499.81367
G0 F9000 X112.56 Y109.754
G1 F1500 X122.439 Y99.875 E3500.46421
G0 F9000 X122.439 Y99.309
G1 F1500 X112.56 Y109.188 E3501.11476
G0 F9000 X112.56 Y108.622
G1 F1500 X122.439 Y98.743 E3501.76531
G0 F9000 X122.439 Y98.178
G1 F1500 X112.56 Y108.057 E3502.41586
G0 F9000 X112.56 Y107.491
G1 F1500 X122.439 Y97.612 E3503.06641
G0 F9000 X122.439 Y97.046
G1 F1500 X112.56 Y106.925 E3503.71696
G0 F9000 X112.56 Y106.36
G1 F1500 X122.439 Y96.481 E3504.36751
G0 F9000 X122.439 Y95.915
G1 F1500 X112.56 Y105.794 E3505.01806
G0 F9000 X112.56 Y105.228
G1 F1500 X122.439 Y95.349 E3505.66861
G0 F9000 X122.439 Y94.784
G1 F1500 X112.56 Y104.663 E3506.31916
G0 F9000 X112.56 Y104.097
G1 F1500 X122.439 Y94.218 E3506.9697
G0 F9000 X122.439 Y93.652
G1 F1500 X112.56 Y103.531 E3507.62025
G0 F9000 X112.56 Y102.966
G1 F1500 X122.439 Y93.087 E3508.2708
G0 F9000 X122.439 Y92.521
G1 F1500 X112.56 Y102.4 E3508.92135
G0 F9000 X112.56 Y101.834
G1 F1500 X122.439 Y91.955 E3509.5719
G0 F9000 X122.439 Y91.39
G1 F1500 X112.56 Y101.269 E3510.22245
G0 F9000 X112.56 Y100.703
G1 F1500 X122.439 Y90.824 E3510.873
G0 F9000 X122.439 Y90.258
G1 F1500 X112.56 Y100.137 E3511.52355
G0 F9000 X112.56 Y99.571
G1 F1500 X122.439 Y89.692 E3512.1741
G0 F9000 X122.439 Y89.127
G1 F1500 X112.56 Y99.006 E3512.82465
G0 F9000 X112.56 Y98.44
G1 F1500 X122.448 Y88.551 E3513.47582
G0 F9000 X122.463 Y87.971
G1 F1500 X112.56 Y97.874 E3514.12795
G0 F9000 X112.56 Y97.309
G1 F1500 X122.479 Y87.389 E3514.78117
G0 F9000 X122.494 Y86.809
G1 F1500 X112.56 Y96.743 E3515.43534
G0 F9000 X112.56 Y96.177
G1 F1500 X122.509 Y86.228 E3516.0905
G0 F9000 X122.523 Y85.648
G1 F1500 X112.56 Y95.612 E3516.74661
G0 F9000 X112.56 Y95.046
G1 F1500 X122.538 Y85.067 E3517.40371
G0 F9000 X122.553 Y84.487
G1 F1500 X112.56 Y94.48 E3518.06177
G0 F9000 X112.56 Y93.915
G1 F1500 X122.569 Y83.905 E3518.72091
G0 F9000 X122.584 Y83.325
G1 F1500 X112.56 Y93.349 E3519.38101
G0 F9000 X112.56 Y92.783
G1 F1500 X122.598 Y82.744 E3520.04206
G0 F9000 X122.613 Y82.164
G1 F1500 X112.56 Y92.218 E3520.7041
G0 F9000 X112.56 Y91.652
G1 F1500 X122.633 Y81.578 E3521.36746
G0 F9000 X122.68 Y80.965
G1 F1500 X112.56 Y91.086 E3522.03391
G0 F9000 X112.56 Y90.52
G1 F1500 X122.728 Y80.352 E3522.70349
G0 F9000 X122.775 Y79.739
G1 F1500 X112.56 Y89.955 E3523.3762
G0 F9000 X112.56 Y89.389
G1 F1500 X122.823 Y79.126 E3524.05203
G0 F9000 X122.87 Y78.513
G1 F1500 X112.556 Y88.827 E3524.73123
G0 F9000 X112.541 Y88.276
G1 F1500 X122.917 Y77.9 E3525.4145
G0 F9000 X122.965 Y77.287
G1 F1500 X112.527 Y87.725 E3526.10186
G0 F9000 X112.513 Y87.173
G1 F1500 X123.012 Y76.674 E3526.79324
G0 F9000 X123.06 Y76.06
G1 F1500 X112.498 Y86.622 E3527.48877
G0 F9000 X112.484 Y86.071
G1 F1500 X123.107 Y75.447 E3528.18834
G0 F9000 X123.155 Y74.834
G1 F1500 X112.47 Y85.519 E3528.89197
G0 F9000 X112.455 Y84.968
G1 F1500 X123.204 Y74.22 E3529.59978
G0 F9000 X123.288 Y73.57
G1 F1500 X112.441 Y84.417 E3530.31407
G0 F9000 X112.427 Y83.865
G1 F1500 X123.371 Y72.921 E3531.03475
G0 F9000 X123.455 Y72.271
G1 F1500 X112.412 Y83.314 E3531.76195
G0 F9000 X112.398 Y82.763
G1 F1500 X123.54 Y71.621 E3532.49567
G0 F9000 X123.624 Y70.971
G1 F1500 X112.384 Y82.211 E3533.23584
G0 F9000 X112.369 Y81.66
G1 F1500 X123.708 Y70.321 E3533.98254
G0 F9000 X123.792 Y69.671
G1 F1500 X112.332 Y81.132 E3534.73723
G0 F9000 X112.292 Y80.606
G1 F1500 X123.876 Y69.022 E3535.50006
G0 F9000 X123.96 Y68.372
G1 F1500 X112.251 Y80.081 E3536.27111
G0 F9000 X112.21 Y79.557
G1 F1500 X124.044 Y67.723 E3537.0504
G0 F9000 X124.128 Y67.073
G1 F1500 X112.169 Y79.031 E3537.83789
G0 F9000 X112.128 Y78.507
G1 F1500 X124.247 Y66.388 E3538.63595
G0 F9000 X124.373 Y65.696
G1 F1500 X112.088 Y77.981 E3539.44494
G0 F9000 X112.047 Y77.457
G1 F1500 X124.499 Y65.005 E3540.26492
G0 F9000 X124.625 Y64.313
G1 F1500 X112.006 Y76.932 E3541.0959
G0 F9000 X111.966 Y76.407
G1 F1500 X124.751 Y63.621 E3541.93785
G0 F9000 X124.877 Y62.93
G1 F1500 X111.925 Y75.882 E3542.79076
G0 F9000 X111.884 Y75.357
G1 F1500 X125.003 Y62.238 E3543.65467
G0 F9000 X125.129 Y61.546
G1 F1500 X111.843 Y74.832 E3544.52958
G0 F9000 X111.802 Y74.307
G1 F1500 X125.255 Y60.855 E3545.41545
G0 F9000 X125.381 Y60.163
G1 F1500 X111.741 Y73.802 E3546.31363
G0 F9000 X111.676 Y73.302
G1 F1500 X125.437 Y59.541 E3547.21982
G0 F9000 X125.437 Y58.975
G1 F1500 X111.611 Y72.801 E3548.13028
G0 F9000 X111.547 Y72.3
G1 F1500 X125.437 Y58.409 E3549.04499
G0 F9000 X125.437 Y57.844
G1 F1500 X111.482 Y71.799 E3549.96396
G0 F9000 X111.417 Y71.298
G1 F1500 X125.437 Y57.278 E3550.8872
G0 F9000 X125.437 Y56.712
G1 F1500 X111.352 Y70.798 E3551.81475
G0 F9000 X111.287 Y70.297
G1 F1500 X125.437 Y56.147 E3552.74655
G0 F9000 X125.437 Y55.581
G1 F1500 X111.222 Y69.796 E3553.68263
G0 F9000 X111.157 Y69.295
G1 F1500 X125.437 Y55.015 E3554.623
G0 F9000 X125.437 Y54.45
G1 F1500 X111.092 Y68.795 E3555.56764
G0 F9000 X111.027 Y68.294
G1 F1500 X125.437 Y53.884 E3556.51656
G0 F9000 X125.437 Y53.318
G1 F1500 X110.962 Y67.793 E3557.46977
G0 F9000 X110.898 Y67.292
G1 F1500 X125.437 Y52.752 E3558.42722
G0 F9000 X125.437 Y52.187
G1 F1500 X110.826 Y66.798 E3559.38938
G0 F9000 X110.739 Y66.32
G1 F1500 X125.437 Y51.621 E3560.3573
G0 F9000 X125.437 Y51.055
G1 F1500 X110.651 Y65.842 E3561.33101
G0 F9000 X110.564 Y65.363
G1 F1500 X125.437 Y50.49 E3562.31043
G0 F9000 X125.437 Y49.924
G1 F1500 X110.476 Y64.885 E3563.29563
G0 F9000 X110.389 Y64.406
G1 F1500 X125.437 Y49.358 E3564.28657
G0 F9000 X125.437 Y48.793
G1 F1500 X110.303 Y63.928 E3565.2832
G0 F9000 X110.215 Y63.45
G1 F1500 X125.437 Y48.227 E3566.28563
G0 F9000 X125.437 Y47.661
G1 F1500 X110.128 Y62.971 E3567.29379
G0 F9000 X110.04 Y62.493
G1 F1500 X125.437 Y47.096 E3568.30771
G0 F9000 X125.437 Y46.53
G1 F1500 X109.953 Y62.014 E3569.32735
G0 F9000 X109.866 Y61.535
G1 F1500 X125.437 Y45.964 E3570.35273
G0 F9000 X125.437 Y45.399
G1 F1500 X109.779 Y61.057 E3571.38384
G0 F9000 X109.692 Y60.579
G1 F1500 X125.437 Y44.833 E3572.4207
G0 F9000 X125.437 Y44.267
G1 F1500 X109.605 Y60.1 E3573.4633
G0 F9000 X109.56 Y59.579
G1 F1500 X125.437 Y43.702 E3574.50883
G0 F9000 X125.437 Y43.136
G1 F1500 X109.56 Y59.013 E3575.55436
G0 F9000 X109.56 Y58.448
G1 F1500 X125.437 Y42.57 E3576.59992
G0 F9000 X125.437 Y42.004
G1 F1500 X109.56 Y57.882 E3577.64548
G0 F9000 X109.56 Y57.316
G1 F1500 X125.437 Y41.439 E3578.69101
G0 F9000 X125.437 Y40.873
G1 F1500 X109.56 Y56.75 E3579.73653
G0 F9000 X109.56 Y56.185
G1 F1500 X125.437 Y40.307 E3580.78209
G0 F9000 X125.437 Y39.742
G1 F1500 X109.56 Y55.619 E3581.82762
G0 F9000 X109.56 Y55.053
G1 F1500 X125.437 Y39.176 E3582.87315
G0 F9000 X125.437 Y38.61
G1 F1500 X109.56 Y54.488 E3583.91871
G0 F9000 X109.56 Y53.922
G1 F1500 X125.437 Y38.045 E3584.96424
G0 F9000 X125.437 Y37.479
G1 F1500 X109.56 Y53.356 E3586.00976
G0 F9000 X109.56 Y52.791
G1 F1500 X125.437 Y36.913 E3587.05532
G0 F9000 X125.225 Y36.56
G1 F1500 X109.56 Y52.225 E3588.08689
G0 F9000 X109.56 Y51.659
G1 F1500 X124.659 Y36.56 E3589.08119
G0 F9000 X124.093 Y36.56
G1 F1500 X109.56 Y51.094 E3590.03824
G0 F9000 X109.56 Y50.528
G1 F1500 X123.528 Y36.56 E3590.95806
G0 F9000 X122.962 Y36.56
G1 F1500 X109.56 Y49.962 E3591.8406
G0 F9000 X109.56 Y49.397
G1 F1500 X122.396 Y36.56 E3592.68591
G0 F9000 X121.83 Y36.56
G1 F1500 X109.56 Y48.831 E3593.49394
G0 F9000 X109.56 Y48.265
G1 F1500 X121.265 Y36.56 E3594.26474
G0 F9000 X120.699 Y36.56
G1 F1500 X109.56 Y47.7 E3594.99829
G0 F9000 X109.56 Y47.134
G1 F1500 X120.133 Y36.56 E3595.69457
G0 F9000 X119.568 Y36.56
G1 F1500 X109.56 Y46.568 E3596.35362
G0 F9000 X109.56 Y46.002
G1 F1500 X119.002 Y36.56 E3596.97539
G0 F9000 X118.436 Y36.56
G1 F1500 X109.56 Y45.437 E3597.55992
G0 F9000 X109.56 Y44.871
G1 F1500 X117.871 Y36.56 E3598.10722
G0 F9000 X117.305 Y36.56
G1 F1500 X109.56 Y44.305 E3598.61724
G0 F9000 X109.56 Y43.74
G1 F1500 X116.739 Y36.56 E3599.09002
G0 F9000 X116.174 Y36.56
G1 F1500 X109.56 Y43.174 E3599.52556
G0 F9000 X109.56 Y42.608
G1 F1500 X115.608 Y36.56 E3599.92383
G0 F9000 X115.042 Y36.56
G1 F1500 X109.56 Y42.043 E3600.28487
G0 F9000 X109.56 Y41.477
G1 F1500 X114.477 Y36.56 E3600.60866
G0 F9000 X113.911 Y36.56
G1 F1500 X109.56 Y40.911 E3600.89518
G0 F9000 X109.56 Y40.346
G1 F1500 X113.345 Y36.56 E3601.14446
G0 F9000 X112.779 Y36.56
G1 F1500 X109.56 Y39.78 E3601.35647
G0 F9000 X109.56 Y39.214
G1 F1500 X112.214 Y36.56 E3601.53124
G0 F9000 X111.648 Y36.56
G1 F1500 X109.56 Y38.649 E3601.66877
G0 F9000 X109.56 Y38.083
G1 F1500 X111.082 Y36.56 E3601.76903
G0 F9000 X110.517 Y36.56
G1 F1500 X109.56 Y37.517 E3601.83205
G0 F9000 X109.56 Y36.951
G1 F1500 X109.951 Y36.56 E3601.8578
G1 F2700 E3596.8578
;MESH:NONMESH
G0 F300 X109.951 Y36.56 Z3.64
G0 F9000 X109.951 Y36.1
G0 X109.172 Y36.172
G0 X109.162 Y59.896
G0 X111.083 Y74.337
G0 X111.65 Y81.659
G0 X111.839 Y88.99
G0 X111.839 Y146.01
G0 X111.65 Y153.341
G0 X111.083 Y160.663
G0 X110.14 Y167.947
G0 X109.149 Y173.192
G0 X109 Y199
;TIME_ELAPSED:3556.803973
;LAYER:12
;TYPE:WALL-INNER
;MESH:D638-22 Tensile.STL
G1 F2700 E3601.8578
G1 F1500 X126 Y199 E3602.64939
G1 X126 Y175.858 E3603.72698
G1 X126 Y175.089 E3603.76279
G1 X124.701 Y167.971 E3604.09971
G1 X123.754 Y160.654 E3604.44326
G1 X123.188 Y153.323 E3604.78564
G1 X123 Y146.027 E3605.12548
G1 X123 Y88.973 E3607.78215
G1 X123.19 Y81.624 E3608.12447
G1 X123.754 Y74.346 E3608.46438
G1 X124.701 Y67.027 E3608.80802
G1 X125.999 Y59.907 E3609.14502
G1 X126 Y36 E3610.25823
G1 X109 Y36 E3611.04983
G1 X109.001 Y59.911 E3612.16322
G1 X110.299 Y67.028 E3612.50009
G1 X111.246 Y74.345 E3612.84364
G1 X111.81 Y81.625 E3613.18364
G1 X112 Y88.973 E3613.52591
G1 X112 Y146.027 E3616.18258
G1 X111.812 Y153.324 E3616.52247
G1 X111.245 Y160.664 E3616.86527
G1 X110.299 Y167.972 E3617.2084
G1 X109 Y175.093 E3617.54546
G1 X109 Y199 E3618.65867
G1 F2700 E3613.65867
G0 F9000 X125.828 Y198.828
G0 X125.839 Y175.105
G0 X124.797 Y167.931
G1 F2700 E3618.65867
G0 F9000 X125.094 Y167.894
G1 F1500 X126.4 Y175.053 E3618.99752
G1 X126.4 Y175.858 E3619.03501
G1 X126.4 Y199.4 E3620.13122
G1 X108.6 Y199.4 E3620.96006
G1 X108.6 Y175.057 E3622.09358
G1 X109.906 Y167.896 E3622.43252
G1 X110.844 Y160.654 E3622.77256
G1 X111.411 Y153.345 E3623.11392
G1 X111.6 Y146.017 E3623.45525
G1 X111.6 Y88.983 E3626.111
G1 X111.411 Y81.656 E3626.45228
G1 X110.847 Y74.376 E3626.79229
G1 X109.906 Y67.105 E3627.13368
G1 X108.601 Y59.947 E3627.47248
G1 X108.6 Y35.6 E3628.60618
G1 X126.4 Y35.6 E3629.43502
G1 X126.399 Y59.943 E3630.56853
G1 X125.094 Y67.104 E3630.90747
G1 X124.156 Y74.346 E3631.24751
G1 X123.589 Y81.655 E3631.58887
G1 X123.4 Y88.983 E3631.9302
G1 X123.4 Y146.017 E3634.58594
G1 X123.589 Y153.343 E3634.92719
G1 X124.156 Y160.654 E3635.26864
G1 X125.094 Y167.894 E3635.60858
G1 F2700 E3630.60858
G0 F9000 X124.797 Y167.931
G0 X126.198 Y175.072
G0 X126.082 Y199.082
G0 X108.47 Y199.53
G1 F2700 E3635.60858
G0 F9000 X108.2 Y199.8
;TYPE:WALL-OUTER
G1 F1500 X126.8 Y199.8 E3636.47468
G1 X126.8 Y175.858 E3637.58952
G1 X126.8 Y175.017 E3637.62868
G1 X125.491 Y167.842 E3637.96829
G1 X124.552 Y160.592 E3638.3087
G1 X123.988 Y153.302 E3638.64917
G1 X123.8 Y146.007 E3638.98896
G1 X123.8 Y88.993 E3641.64378
G1 X123.988 Y81.686 E3641.98413
G1 X124.553 Y74.398 E3642.32451
G1 X125.493 Y67.146 E3642.66502
G1 X126.799 Y59.979 E3643.00424
G1 X126.8 Y35.2 E3644.15805
G1 X108.2 Y35.2 E3645.02415
G1 X108.201 Y59.983 E3646.17815
G1 X109.509 Y67.157 E3646.51771
G1 X110.448 Y74.407 E3646.85812
G1 X111.012 Y81.697 E3647.19858
G1 X111.2 Y88.993 E3647.53843
G1 X111.2 Y146.007 E3650.19324
G1 X111.012 Y153.314 E3650.5336
G1 X110.447 Y160.602 E3650.87397
G1 X109.507 Y167.854 E3651.21448
G1 X108.2 Y175.021 E3651.55371
G1 X108.2 Y199.8 E3652.70753
G0 F9000 X108.47 Y199.53
G0 X109.1 Y198.64
G0 X109.36 Y198.64
;TYPE:SKIN
G1 F1500 X125.64 Y198.64 E3653.46559
G1 X125.64 Y175.858 E3654.52642
G1 X125.64 Y175.122 E3654.56069
G1 X124.341 Y168.004 E3654.89761
G1 X123.401 Y160.741 E3655.23862
G1 X122.831 Y153.391 E3655.5819
G1 X122.64 Y146.04 E3655.92431
G1 X122.64 Y88.961 E3658.58214
G1 X122.828 Y81.657 E3658.92236
G1 X123.402 Y74.247 E3659.26844
G1 X124.343 Y66.983 E3659.6095
G1 X125.639 Y59.872 E3659.94608
G1 X125.639 Y36.361 E3661.04085
G1 X109.361 Y36.361 E3661.79882
G1 X109.361 Y59.879 E3662.89392
G1 X110.659 Y66.995 E3663.23073
G1 X111.599 Y74.258 E3663.57175
G1 X112.169 Y81.606 E3663.91493
G1 X112.36 Y88.961 E3664.25753
G1 X112.36 Y146.04 E3666.91536
G1 X112.172 Y153.343 E3667.25553
G1 X111.598 Y160.752 E3667.60156
G1 X110.657 Y168.017 E3667.94268
G1 X109.36 Y175.128 E3668.27926
G1 X109.36 Y198.64 E3669.37407
G0 F9000 X109.559 Y198.372
G1 F1500 X109.626 Y198.438 E3669.37845
G0 F9000 X110.191 Y198.438
G1 F1500 X109.559 Y197.806 E3669.42007
G0 F9000 X109.559 Y197.241
G1 F1500 X110.757 Y198.438 E3669.49893
G0 F9000 X111.323 Y198.438
G1 F1500 X109.559 Y196.675 E3669.61506
G0 F9000 X109.559 Y196.109
G1 F1500 X111.889 Y198.438 E3669.76846
G0 F9000 X112.454 Y198.438
G1 F1500 X109.559 Y195.544 E3669.95907
G0 F9000 X109.559 Y194.978
G1 F1500 X113.02 Y198.438 E3670.18695
G0 F9000 X113.586 Y198.438
G1 F1500 X109.559 Y194.412 E3670.4521
G0 F9000 X109.559 Y193.846
G1 F1500 X114.151 Y198.438 E3670.75449
G0 F9000 X114.717 Y198.438
G1 F1500 X109.559 Y193.281 E3671.09412
G0 F9000 X109.559 Y192.715
G1 F1500 X115.283 Y198.438 E3671.47102
G0 F9000 X115.848 Y198.438
G1 F1500 X109.559 Y192.149 E3671.88517
G0 F9000 X109.559 Y191.584
G1 F1500 X116.414 Y198.438 E3672.33655
G0 F9000 X116.98 Y198.438
G1 F1500 X109.559 Y191.018 E3672.8252
G0 F9000 X109.559 Y190.452
G1 F1500 X117.545 Y198.438 E3673.35109
G0 F9000 X118.111 Y198.438
G1 F1500 X109.559 Y189.887 E3673.91422
G0 F9000 X109.559 Y189.321
G1 F1500 X118.677 Y198.438 E3674.51462
G0 F9000 X119.242 Y198.438
G1 F1500 X109.559 Y188.755 E3675.15227
G0 F9000 X109.559 Y188.19
G1 F1500 X119.808 Y198.438 E3675.82715
G0 F9000 X120.374 Y198.438
G1 F1500 X109.559 Y187.624 E3676.5393
G0 F9000 X109.559 Y187.058
G1 F1500 X120.94 Y198.438 E3677.28873
G0 F9000 X121.505 Y198.438
G1 F1500 X109.559 Y186.493 E3678.07536
G0 F9000 X109.559 Y185.927
G1 F1500 X122.071 Y198.438 E3678.89926
G0 F9000 X122.637 Y198.438
G1 F1500 X109.559 Y185.361 E3679.76044
G0 F9000 X109.559 Y184.795
G1 F1500 X123.202 Y198.438 E3680.65885
G0 F9000 X123.768 Y198.438
G1 F1500 X109.559 Y184.23 E3681.59451
G0 F9000 X109.559 Y183.664
G1 F1500 X124.334 Y198.438 E3682.56743
G0 F9000 X124.899 Y198.438
G1 F1500 X109.559 Y183.098 E3683.5776
G0 F9000 X109.559 Y182.533
G1 F1500 X125.44 Y198.413 E3684.62336
G0 F9000 X125.44 Y197.847
G1 F1500 X109.559 Y181.967 E3685.66911
G0 F9000 X109.559 Y181.401
G1 F1500 X125.44 Y197.282 E3686.7149
G0 F9000 X125.44 Y196.716
G1 F1500 X109.559 Y180.836 E3687.76066
G0 F9000 X109.559 Y180.27
G1 F1500 X125.44 Y196.15 E3688.80642
G0 F9000 X125.44 Y195.585
G1 F1500 X109.559 Y179.704 E3689.85221
G0 F9000 X109.559 Y179.139
G1 F1500 X125.44 Y195.019 E3690.89797
G0 F9000 X125.44 Y194.453
G1 F1500 X109.559 Y178.573 E3691.94373
G0 F9000 X109.559 Y178.007
G1 F1500 X125.44 Y193.887 E3692.98949
G0 F9000 X125.44 Y193.322
G1 F1500 X109.559 Y177.442 E3694.03524
G0 F9000 X109.559 Y176.876
G1 F1500 X125.44 Y192.756 E3695.081
G0 F9000 X125.44 Y192.19
G1 F1500 X109.559 Y176.31 E3696.12676
G0 F9000 X109.559 Y175.745
G1 F1500 X125.44 Y191.625 E3697.17252
G0 F9000 X125.44 Y191.059
G1 F1500 X109.559 Y175.179 E3698.21828
G0 F9000 X109.641 Y174.695
G1 F1500 X125.44 Y190.493 E3699.25863
G0 F9000 X125.44 Y189.928
G1 F1500 X109.728 Y174.216 E3700.2933
G0 F9000 X109.815 Y173.738
G1 F1500 X125.44 Y189.362 E3701.3222
G0 F9000 X125.44 Y188.796
G1 F1500 X109.903 Y173.26 E3702.3453
G0 F9000 X109.99 Y172.781
G1 F1500 X125.44 Y188.231 E3703.36271
G0 F9000 X125.44 Y187.665
G1 F1500 X110.078 Y172.303 E3704.37432
G0 F9000 X110.165 Y171.824
G1 F1500 X125.44 Y187.099 E3705.38021
G0 F9000 X125.44 Y186.534
G1 F1500 X110.252 Y171.346 E3706.38036
G0 F9000 X110.339 Y170.868
G1 F1500 X125.44 Y185.968 E3707.37476
G0 F9000 X125.44 Y185.402
G1 F1500 X110.426 Y170.389 E3708.36342
G0 F9000 X110.514 Y169.911
G1 F1500 X125.44 Y184.837 E3709.34633
G0 F9000 X125.44 Y184.271
G1 F1500 X110.601 Y169.432 E3710.3235
G0 F9000 X110.689 Y168.954
G1 F1500 X125.44 Y183.705 E3711.29488
G0 F9000 X125.44 Y183.139
G1 F1500 X110.776 Y168.475 E3712.26053
G0 F9000 X110.861 Y167.995
G1 F1500 X125.44 Y182.574 E3713.22058
G0 F9000 X125.44 Y182.008
G1 F1500 X110.926 Y167.495 E3714.17632
G0 F9000 X110.991 Y166.993
G1 F1500 X125.44 Y181.442 E3715.12781
G0 F9000 X125.44 Y180.877
G1 F1500 X111.056 Y166.493 E3716.07502
G0 F9000 X111.12 Y165.991
G1 F1500 X125.44 Y180.311 E3717.01802
G0 F9000 X125.44 Y179.745
G1 F1500 X111.185 Y165.491 E3717.9567
G0 F9000 X111.25 Y164.99
G1 F1500 X125.44 Y179.18 E3718.89113
G0 F9000 X125.44 Y178.614
G1 F1500 X111.314 Y164.489 E3719.82132
G0 F9000 X111.379 Y163.988
G1 F1500 X125.44 Y178.048 E3720.74723
G0 F9000 X125.44 Y177.483
G1 F1500 X111.444 Y163.487 E3721.66889
G0 F9000 X111.509 Y162.986
G1 F1500 X125.44 Y176.917 E3722.58627
G0 F9000 X125.44 Y176.351
G1 F1500 X111.573 Y162.485 E3723.4994
G0 F9000 X111.638 Y161.984
G1 F1500 X125.44 Y175.786 E3724.40829
G0 F9000 X125.44 Y175.22
G1 F1500 X111.703 Y161.484 E3725.31286
G0 F9000 X111.768 Y160.982
G1 F1500 X125.331 Y174.546 E3726.20604
G0 F9000 X125.205 Y173.854
G1 F1500 X111.819 Y160.468 E3727.08753
G0 F9000 X111.86 Y159.943
G1 F1500 X125.079 Y173.162 E3727.95803
G0 F9000 X124.953 Y172.471
G1 F1500 X111.901 Y159.418 E3728.81756
G0 F9000 X111.941 Y158.893
G1 F1500 X124.826 Y171.778 E3729.66605
G0 F9000 X124.7 Y171.086
G1 F1500 X111.982 Y158.368 E3730.50356
G0 F9000 X112.022 Y157.843
G1 F1500 X124.574 Y170.395 E3731.33013
G0 F9000 X124.447 Y169.702
G1 F1500 X112.063 Y157.318 E3732.14563
G0 F9000 X112.104 Y156.793
G1 F1500 X124.322 Y169.011 E3732.95021
G0 F9000 X124.195 Y168.318
G1 F1500 X112.145 Y156.268 E3733.74372
G0 F9000 X112.185 Y155.743
G1 F1500 X124.095 Y167.652 E3734.52799
G0 F9000 X124.01 Y167.003
G1 F1500 X112.226 Y155.218 E3735.30401
G0 F9000 X112.266 Y154.693
G1 F1500 X123.926 Y166.353 E3736.07185
G0 F9000 X123.841 Y165.702
G1 F1500 X112.307 Y154.168 E3736.83138
G0 F9000 X112.347 Y153.642
G1 F1500 X123.757 Y165.052 E3737.58275
G0 F9000 X123.673 Y164.403
G1 F1500 X112.377 Y153.107 E3738.32661
G0 F9000 X112.391 Y152.555
G1 F1500 X123.589 Y163.753 E3739.06402
G0 F9000 X123.505 Y163.103
G1 F1500 X112.405 Y152.003 E3739.79497
G0 F9000 X112.42 Y151.452
G1 F1500 X123.421 Y162.453 E3740.5194
G0 F9000 X123.337 Y161.803
G1 F1500 X112.434 Y150.9 E3741.23739
G0 F9000 X112.448 Y150.349
G1 F1500 X123.252 Y161.153 E3741.94885
G0 F9000 X123.183 Y160.518
G1 F1500 X112.463 Y149.798 E3742.65478
G0 F9000 X112.477 Y149.246
G1 F1500 X123.136 Y159.905 E3743.35669
G0 F9000 X123.088 Y159.292
G1 F1500 X112.491 Y148.695 E3744.05452
G0 F9000 X112.505 Y148.143
G1 F1500 X123.04 Y158.679 E3744.7483
G0 F9000 X122.993 Y158.065
G1 F1500 X112.519 Y147.592 E3745.438
G0 F9000 X112.533 Y147.04
G1 F1500 X122.946 Y157.452 E3746.12368
G0 F9000 X122.897 Y156.839
G1 F1500 X112.548 Y146.489 E3746.80521
G0 F9000 X112.559 Y145.934
G1 F1500 X122.85 Y156.226 E3747.48293
G0 F9000 X122.803 Y155.612
G1 F1500 X112.559 Y145.369 E3748.15748
G0 F9000 X112.559 Y144.803
G1 F1500 X122.755 Y154.999 E3748.8289
G0 F9000 X122.707 Y154.386
G1 F1500 X112.559 Y144.237 E3749.4972
G0 F9000 X112.559 Y143.672
G1 F1500 X122.66 Y153.773 E3750.16237
G0 F9000 X122.626 Y153.173
G1 F1500 X112.559 Y143.106 E3750.8253
G0 F9000 X112.559 Y142.54
G1 F1500 X122.61 Y152.592 E3751.4872
G0 F9000 X122.596 Y152.011
G1 F1500 X112.559 Y141.975 E3752.14812
G0 F9000 X112.559 Y141.409
G1 F1500 X122.58 Y151.43 E3752.80802
G0 F9000 X122.565 Y150.849
G1 F1500 X112.559 Y140.843 E3753.46694
G0 F9000 X112.559 Y140.277
G1 F1500 X122.55 Y150.268 E3754.12486
G0 F9000 X122.535 Y149.688
G1 F1500 X112.559 Y139.712 E3754.7818
G0 F9000 X112.559 Y139.146
G1 F1500 X122.52 Y149.107 E3755.43775
G0 F9000 X122.504 Y148.526
G1 F1500 X112.559 Y138.58 E3756.09267
G0 F9000 X112.559 Y138.015
G1 F1500 X122.489 Y147.945 E3756.74658
G0 F9000 X122.474 Y147.364
G1 F1500 X112.559 Y137.449 E3757.3995
G0 F9000 X112.559 Y136.883
G1 F1500 X122.459 Y146.784 E3758.05147
G0 F9000 X122.444 Y146.202
G1 F1500 X112.559 Y136.318 E3758.70238
G0 F9000 X112.559 Y135.752
G1 F1500 X122.439 Y145.632 E3759.35299
G0 F9000 X122.439 Y145.067
G1 F1500 X112.559 Y135.186 E3760.00364
G0 F9000 X112.559 Y134.621
G1 F1500 X122.439 Y144.501 E3760.65426
G0 F9000 X122.439 Y143.935
G1 F1500 X112.559 Y134.055 E3761.30487
G0 F9000 X112.559 Y133.489
G1 F1500 X122.439 Y143.37 E3761.95552
G0 F9000 X122.439 Y142.804
G1 F1500 X112.559 Y132.924 E3762.60613
G0 F9000 X112.559 Y132.358
G1 F1500 X122.439 Y142.238 E3763.25675
G0 F9000 X122.439 Y141.673
G1 F1500 X112.559 Y131.792 E3763.9074
G0 F9000 X112.559 Y131.226
G1 F1500 X122.439 Y141.107 E3764.55804
G0 F9000 X122.439 Y140.541
G1 F1500 X112.559 Y130.661 E3765.20866
G0 F9000 X112.559 Y130.095
G1 F1500 X122.439 Y139.976 E3765.85931
G0 F9000 X122.439 Y139.41
G1 F1500 X112.559 Y129.529 E3766.50995
G0 F9000 X112.559 Y128.964
G1 F1500 X122.439 Y138.844 E3767.16057
G0 F9000 X122.439 Y138.278
G1 F1500 X112.559 Y128.398 E3767.81118
G0 F9000 X112.559 Y127.832
G1 F1500 X122.439 Y137.713 E3768.46183
G0 F9000 X122.439 Y137.147
G1 F1500 X112.559 Y127.267 E3769.11245
G0 F9000 X112.559 Y126.701
G1 F1500 X122.439 Y136.581 E3769.76306
G0 F9000 X122.439 Y136.016
G1 F1500 X112.559 Y126.135 E3770.41371
G0 F9000 X112.559 Y125.57
G1 F1500 X122.439 Y135.45 E3771.06432
G0 F9000 X122.439 Y134.884
G1 F1500 X112.559 Y125.004 E3771.71494
G0 F9000 X112.559 Y124.438
G1 F1500 X122.439 Y134.319 E3772.36559
G0 F9000 X122.439 Y133.753
G1 F1500 X112.559 Y123.873 E3773.0162
G0 F9000 X112.559 Y123.307
G1 F1500 X122.439 Y133.187 E3773.66682
G0 F9000 X122.439 Y132.622
G1 F1500 X112.559 Y122.741 E3774.31746
G0 F9000 X112.559 Y122.176
G1 F1500 X122.439 Y132.056 E3774.96808
G0 F9000 X122.439 Y131.49
G1 F1500 X112.559 Y121.61 E3775.61869
G0 F9000 X112.559 Y121.044
G1 F1500 X122.439 Y130.925 E3776.26934
G0 F9000 X122.439 Y130.359
G1 F1500 X112.559 Y120.478 E3776.91999
G0 F9000 X112.559 Y119.913
G1 F1500 X122.439 Y129.793 E3777.5706
G0 F9000 X122.439 Y129.228
G1 F1500 X112.559 Y119.347 E3778.22125
G0 F9000 X112.559 Y118.781
G1 F1500 X122.439 Y128.662 E3778.8719
G0 F9000 X122.439 Y128.096
G1 F1500 X112.559 Y118.216 E3779.52251
G0 F9000 X112.559 Y117.65
G1 F1500 X122.439 Y127.53 E3780.17313
G0 F9000 X122.439 Y126.965
G1 F1500 X112.559 Y117.084 E3780.82378
G0 F9000 X112.559 Y116.519
G1 F1500 X122.439 Y126.399 E3781.47439
G0 F9000 X122.439 Y125.833
G1 F1500 X112.559 Y115.953 E3782.12501
G0 F9000 X112.559 Y115.387
G1 F1500 X122.439 Y125.268 E3782.77565
G0 F9000 X122.439 Y124.702
G1 F1500 X112.559 Y114.822 E3783.42627
G0 F9000 X112.559 Y114.256
G1 F1500 X122.439 Y124.136 E3784.07688
G0 F9000 X122.439 Y123.571
G1 F1500 X112.559 Y113.69 E3784.72753
G0 F9000 X112.559 Y113.125
G1 F1500 X122.439 Y123.005 E3785.37815
G0 F9000 X122.439 Y122.439
G1 F1500 X112.559 Y112.559 E3786.02876
G0 F9000 X112.559 Y111.993
G1 F1500 X122.439 Y121.874 E3786.67941
G0 F9000 X122.439 Y121.308
G1 F1500 X112.559 Y111.428 E3787.33002
G0 F9000 X112.559 Y110.862
G1 F1500 X122.439 Y120.742 E3787.98064
G0 F9000 X122.439 Y120.177
G1 F1500 X112.559 Y110.296 E3788.63129
G0 F9000 X112.559 Y109.73
G1 F1500 X122.439 Y119.611 E3789.28194
G0 F9000 X122.439 Y119.045
G1 F1500 X112.559 Y109.165 E3789.93255
G0 F9000 X112.559 Y108.599
G1 F1500 X122.439 Y118.479 E3790.58316
G0 F9000 X122.439 Y117.914
G1 F1500 X112.559 Y108.033 E3791.23381
G0 F9000 X112.559 Y107.468
G1 F1500 X122.439 Y117.348 E3791.88443
G0 F9000 X122.439 Y116.782
G1 F1500 X112.559 Y106.902 E3792.53504
G0 F9000 X112.559 Y106.336
G1 F1500 X122.439 Y116.217 E3793.18569
G0 F9000 X122.439 Y115.651
G1 F1500 X112.559 Y105.771 E3793.83631
G0 F9000 X112.559 Y105.205
G1 F1500 X122.439 Y115.085 E3794.48692
G0 F9000 X122.439 Y114.52
G1 F1500 X112.559 Y104.639 E3795.13757
G0 F9000 X112.559 Y104.074
G1 F1500 X122.439 Y113.954 E3795.78818
G0 F9000 X122.439 Y113.388
G1 F1500 X112.559 Y103.508 E3796.4388
G0 F9000 X112.559 Y102.942
G1 F1500 X122.439 Y112.823 E3797.08945
G0 F9000 X122.439 Y112.257
G1 F1500 X112.559 Y102.377 E3797.74006
G0 F9000 X112.559 Y101.811
G1 F1500 X122.439 Y111.691 E3798.39067
G0 F9000 X122.439 Y111.126
G1 F1500 X112.559 Y101.245 E3799.04132
G0 F9000 X112.559 Y100.679
G1 F1500 X122.439 Y110.56 E3799.69197
G0 F9000 X122.439 Y109.994
G1 F1500 X112.559 Y100.114 E3800.34259
G0 F9000 X112.559 Y99.548
G1 F1500 X122.439 Y109.429 E3800.99323
G0 F9000 X122.439 Y108.863
G1 F1500 X112.559 Y98.982 E3801.64388
G0 F9000 X112.559 Y98.417
G1 F1500 X122.439 Y108.297 E3802.2945
G0 F9000 X122.439 Y107.731
G1 F1500 X112.559 Y97.851 E3802.94511
G0 F9000 X112.559 Y97.285
G1 F1500 X122.439 Y107.166 E3803.59576
G0 F9000 X122.439 Y106.6
G1 F1500 X112.559 Y96.72 E3804.24637
G0 F9000 X112.559 Y96.154
G1 F1500 X122.439 Y106.034 E3804.89699
G0 F9000 X122.439 Y105.469
G1 F1500 X112.559 Y95.588 E3805.54764
G0 F9000 X112.559 Y95.023
G1 F1500 X122.439 Y104.903 E3806.19825
G0 F9000 X122.439 Y104.337
G1 F1500 X112.559 Y94.457 E3806.84887
G0 F9000 X112.559 Y93.891
G1 F1500 X122.439 Y103.772 E3807.49951
G0 F9000 X122.439 Y103.206
G1 F1500 X112.559 Y93.326 E3808.15013
G0 F9000 X112.559 Y92.76
G1 F1500 X122.439 Y102.64 E3808.80074
G0 F9000 X122.439 Y102.075
G1 F1500 X112.559 Y92.194 E3809.45139
G0 F9000 X112.559 Y91.629
G1 F1500 X122.439 Y101.509 E3810.10201
G0 F9000 X122.439 Y100.943
G1 F1500 X112.559 Y91.063 E3810.75262
G0 F9000 X112.559 Y90.497
G1 F1500 X122.439 Y100.378 E3811.40327
G0 F9000 X122.439 Y99.812
G1 F1500 X112.559 Y89.931 E3812.05392
G0 F9000 X112.559 Y89.366
G1 F1500 X122.439 Y99.246 E3812.70453
G0 F9000 X122.439 Y98.68
G1 F1500 X112.555 Y88.796 E3813.35541
G0 F9000 X112.539 Y88.215
G1 F1500 X122.439 Y98.115 E3814.00734
G0 F9000 X122.439 Y97.549
G1 F1500 X112.524 Y87.634 E3814.66026
G0 F9000 X112.509 Y87.053
G1 F1500 X122.439 Y96.983 E3815.31417
G0 F9000 X122.439 Y96.418
G1 F1500 X112.494 Y86.472 E3815.9691
G0 F9000 X112.479 Y85.892
G1 F1500 X122.439 Y95.852 E3816.62498
G0 F9000 X122.439 Y95.286
G1 F1500 X112.463 Y85.311 E3817.28188
G0 F9000 X112.449 Y84.73
G1 F1500 X122.439 Y94.721 E3817.93978
G0 F9000 X122.439 Y94.155
G1 F1500 X112.433 Y84.149 E3818.59869
G0 F9000 X112.418 Y83.568
G1 F1500 X122.439 Y93.589 E3819.25859
G0 F9000 X122.439 Y93.024
G1 F1500 X112.403 Y82.987 E3819.91951
G0 F9000 X112.388 Y82.406
G1 F1500 X122.439 Y92.458 E3820.58142
G0 F9000 X122.439 Y91.892
G1 F1500 X112.373 Y81.826 E3821.24428
G0 F9000 X112.339 Y81.226
G1 F1500 X122.439 Y91.327 E3821.90941
G0 F9000 X122.439 Y90.761
G1 F1500 X112.291 Y80.613 E3822.57768
G0 F9000 X112.244 Y79.999
G1 F1500 X122.439 Y90.195 E3823.24907
G0 F9000 X122.439 Y89.63
G1 F1500 X112.196 Y79.386 E3823.92362
G0 F9000 X112.148 Y78.773
G1 F1500 X122.439 Y89.064 E3824.6013
G0 F9000 X122.451 Y88.509
G1 F1500 X112.101 Y78.16 E3825.28283
G0 F9000 X112.053 Y77.546
G1 F1500 X122.465 Y87.958 E3825.96848
G0 F9000 X122.479 Y87.406
G1 F1500 X112.005 Y76.933 E3826.65818
G0 F9000 X111.958 Y76.32
G1 F1500 X122.493 Y86.855 E3827.35193
G0 F9000 X122.507 Y86.303
G1 F1500 X111.91 Y75.707 E3828.04972
G0 F9000 X111.862 Y75.093
G1 F1500 X122.521 Y85.752 E3828.75164
G0 F9000 X122.535 Y85.2
G1 F1500 X111.815 Y74.48 E3829.45757
G0 F9000 X111.746 Y73.845
G1 F1500 X122.55 Y84.649 E3830.16903
G0 F9000 X122.564 Y84.098
G1 F1500 X111.662 Y73.196 E3830.88695
G0 F9000 X111.578 Y72.546
G1 F1500 X122.579 Y83.546 E3831.61135
G0 F9000 X122.593 Y82.995
G1 F1500 X111.494 Y71.896 E3832.34224
G0 F9000 X111.409 Y71.245
G1 F1500 X122.607 Y82.443 E3833.07964
G0 F9000 X122.621 Y81.892
G1 F1500 X111.325 Y70.596 E3833.8235
G0 F9000 X111.241 Y69.946
G1 F1500 X122.651 Y81.356 E3834.57487
G0 F9000 X122.691 Y80.83
G1 F1500 X111.157 Y69.296 E3835.3344
G0 F9000 X111.073 Y68.646
G1 F1500 X122.732 Y80.306 E3836.1022
G0 F9000 X122.772 Y79.78
G1 F1500 X110.988 Y67.996 E3836.8782
G0 F9000 X110.904 Y67.346
G1 F1500 X122.813 Y79.256 E3837.66246
G0 F9000 X122.854 Y78.73
G1 F1500 X110.803 Y66.68 E3838.45601
G0 F9000 X110.677 Y65.988
G1 F1500 X122.895 Y78.206 E3839.26058
G0 F9000 X122.935 Y77.68
G1 F1500 X110.551 Y65.297 E3840.07606
G0 F9000 X110.425 Y64.604
G1 F1500 X122.976 Y77.155 E3840.90256
G0 F9000 X123.016 Y76.63
G1 F1500 X110.299 Y63.913 E3841.74
G0 F9000 X110.172 Y63.221
G1 F1500 X123.057 Y76.105 E3842.58846
G0 F9000 X123.098 Y75.58
G1 F1500 X110.047 Y62.529 E3843.4479
G0 F9000 X109.92 Y61.837
G1 F1500 X123.139 Y75.055 E3844.31836
G0 F9000 X123.179 Y74.53
G1 F1500 X109.794 Y61.145 E3845.19978
G0 F9000 X109.668 Y60.454
G1 F1500 X123.231 Y74.016 E3846.09289
G0 F9000 X123.296 Y73.515
G1 F1500 X109.559 Y59.779 E3846.99747
G0 F9000 X109.559 Y59.213
G1 F1500 X123.36 Y73.014 E3847.90629
G0 F9000 X123.425 Y72.513
G1 F1500 X109.559 Y58.648 E3848.81935
G0 F9000 X109.559 Y58.082
G1 F1500 X123.49 Y72.013 E3849.73673
G0 F9000 X123.554 Y71.511
G1 F1500 X109.559 Y57.516 E3850.65833
G0 F9000 X109.559 Y56.951
G1 F1500 X123.619 Y71.011 E3851.5842
G0 F9000 X123.684 Y70.509
G1 F1500 X109.559 Y56.385 E3852.51433
G0 F9000 X109.559 Y55.819
G1 F1500 X123.749 Y70.009 E3853.44876
G0 F9000 X123.814 Y69.508
G1 F1500 X109.559 Y55.254 E3854.38744
G0 F9000 X109.559 Y54.688
G1 F1500 X123.878 Y69.007 E3855.33037
G0 F9000 X123.943 Y68.506
G1 F1500 X109.559 Y54.122 E3856.27759
G0 F9000 X109.559 Y53.556
G1 F1500 X124.008 Y68.005 E3857.22908
G0 F9000 X124.073 Y67.504
G1 F1500 X109.559 Y52.991 E3858.18482
G0 F9000 X109.559 Y52.425
G1 F1500 X124.138 Y67.004 E3859.14487
G0 F9000 X124.223 Y66.523
G1 F1500 X109.559 Y51.859 E3860.11052
G0 F9000 X109.559 Y51.294
G1 F1500 X124.31 Y66.045 E3861.0819
G0 F9000 X124.397 Y65.566
G1 F1500 X109.559 Y50.728 E3862.059
G0 F9000 X109.559 Y50.162
G1 F1500 X124.485 Y65.088 E3863.04191
G0 F9000 X124.572 Y64.609
G1 F1500 X109.559 Y49.597 E3864.0305
G0 F9000 X109.559 Y49.031
G1 F1500 X124.659 Y64.131 E3865.02487
G0 F9000 X124.746 Y63.652
G1 F1500 X109.559 Y48.465 E3866.02496
G0 F9000 X109.559 Y47.9
G1 F1500 X124.834 Y63.174 E3867.03081
G0 F9000 X124.921 Y62.695
G1 F1500 X109.559 Y47.334 E3868.04239
G0 F9000 X109.559 Y46.768
G1 F1500 X125.007 Y62.216 E3869.05967
G0 F9000 X125.094 Y61.738
G1 F1500 X109.559 Y46.203 E3870.08267
G0 F9000 X109.559 Y45.637
G1 F1500 X125.181 Y61.259 E3871.11141
G0 F9000 X125.269 Y60.781
G1 F1500 X109.559 Y45.071 E3872.14594
G0 F9000 X109.559 Y44.506
G1 F1500 X125.356 Y60.302 E3873.18616
G0 F9000 X125.438 Y59.819
G1 F1500 X109.559 Y43.94 E3874.23182
G0 F9000 X109.559 Y43.374
G1 F1500 X125.438 Y59.253 E3875.27748
G0 F9000 X125.438 Y58.687
G1 F1500 X109.559 Y42.808 E3876.32314
G0 F9000 X109.559 Y42.243
G1 F1500 X125.438 Y58.122 E3877.3688
G0 F9000 X125.438 Y57.556
G1 F1500 X109.559 Y41.677 E3878.41446
G0 F9000 X109.559 Y41.111
G1 F1500 X125.438 Y56.99 E3879.46012
G0 F9000 X125.438 Y56.424
G1 F1500 X109.559 Y40.546 E3880.50575
G0 F9000 X109.559 Y39.98
G1 F1500 X125.438 Y55.859 E3881.55141
G0 F9000 X125.438 Y55.293
G1 F1500 X109.559 Y39.414 E3882.59706
G0 F9000 X109.559 Y38.849
G1 F1500 X125.438 Y54.727 E3883.64269
G0 F9000 X125.438 Y54.162
G1 F1500 X109.559 Y38.283 E3884.68835
G0 F9000 X109.559 Y37.717
G1 F1500 X125.438 Y53.596 E3885.73401
G0 F9000 X125.438 Y53.03
G1 F1500 X109.559 Y37.152 E3886.77964
G0 F9000 X109.559 Y36.586
G1 F1500 X125.438 Y52.465 E3887.8253
G0 F9000 X125.438 Y51.899
G1 F1500 X110.1 Y36.56 E3888.83536
G0 F9000 X110.665 Y36.56
G1 F1500 X125.438 Y51.333 E3889.80819
G0 F9000 X125.438 Y50.768
G1 F1500 X111.231 Y36.56 E3890.74378
G0 F9000 X111.797 Y36.56
G1 F1500 X125.438 Y50.202 E3891.64209
G0 F9000 X125.438 Y49.636
G1 F1500 X112.362 Y36.56 E3892.50317
G0 F9000 X112.928 Y36.56
G1 F1500 X125.438 Y49.071 E3893.32701
G0 F9000 X125.438 Y48.505
G1 F1500 X113.494 Y36.56 E3894.11357
G0 F9000 X114.059 Y36.56
G1 F1500 X125.438 Y47.939 E3894.8629
G0 F9000 X125.438 Y47.374
G1 F1500 X114.625 Y36.56 E3895.57499
G0 F9000 X115.191 Y36.56
G1 F1500 X125.438 Y46.808 E3896.2498
G0 F9000 X125.438 Y46.242
G1 F1500 X115.756 Y36.56 E3896.88738
G0 F9000 X116.322 Y36.56
G1 F1500 X125.438 Y45.676 E3897.48768
G0 F9000 X125.438 Y45.111
G1 F1500 X116.888 Y36.56 E3898.05075
G0 F9000 X117.453 Y36.56
G1 F1500 X125.438 Y44.545 E3898.57657
G0 F9000 X125.438 Y43.979
G1 F1500 X118.019 Y36.56 E3899.06513
G0 F9000 X118.585 Y36.56
G1 F1500 X125.438 Y43.414 E3899.51644
G0 F9000 X125.438 Y42.848
G1 F1500 X119.151 Y36.56 E3899.93049
G0 F9000 X119.716 Y36.56
G1 F1500 X125.438 Y42.282 E3900.30729
G0 F9000 X125.438 Y41.717
G1 F1500 X120.282 Y36.56 E3900.64685
G0 F9000 X120.848 Y36.56
G1 F1500 X125.438 Y41.151 E3900.94915
G0 F9000 X125.438 Y40.585
G1 F1500 X121.413 Y36.56 E3901.2142
G0 F9000 X121.979 Y36.56
G1 F1500 X125.438 Y40.02 E3901.44201
G0 F9000 X125.438 Y39.454
G1 F1500 X122.545 Y36.56 E3901.63255
G0 F9000 X123.11 Y36.56
G1 F1500 X125.438 Y38.888 E3901.78586
G0 F9000 X125.438 Y38.323
G1 F1500 X123.676 Y36.56 E3901.90192
G0 F9000 X124.242 Y36.56
G1 F1500 X125.438 Y37.757 E3901.98071
G0 F9000 X125.438 Y37.191
G1 F1500 X124.807 Y36.56 E3902.02226
G0 F9000 X125.373 Y36.56
G1 F1500 X125.438 Y36.626 E3902.02658
G1 F2700 E3897.02658
;MESH:NONMESH
G0 F300 X125.438 Y36.626 Z3.92
G0 F9000 X125.9 Y36.626
G0 X125.838 Y59.892
G0 X123.917 Y74.337
G0 X123.35 Y81.659
G0 X123.161 Y88.99
G0 X123.161 Y146.01
G0 X123.35 Y153.341
G0 X123.809 Y159.271
G0 X124.701 Y167.971
;TIME_ELAPSED:3844.780758
;LAYER:13
;TYPE:WALL-INNER
;MESH:D638-22 Tensile.STL
G1 F2700 E3902.02658
G1 F1500 X126 Y175.089 E3902.3635
G1 X126 Y175.858 E3902.3993
G1 X126 Y199 E3903.47689
G1 X109 Y199 E3904.26848
G1 X109 Y175.093 E3905.38169
G1 X110.299 Y167.972 E3905.71875
G1 X111.245 Y160.664 E3906.06188
G1 X111.812 Y153.324 E3906.40468
G1 X112 Y146.027 E3906.74457
G1 X112 Y88.973 E3909.40124
G1 X111.81 Y81.625 E3909.74351
G1 X111.246 Y74.345 E3910.08351
G1 X110.299 Y67.028 E3910.42707
G1 X109.001 Y59.911 E3910.76393
G1 X109 Y36 E3911.87733
G1 X126 Y36 E3912.66892
G1 X125.999 Y59.907 E3913.78213
G1 X124.701 Y67.027 E3914.11913
G1 X123.754 Y74.346 E3914.46277
G1 X123.19 Y81.624 E3914.80268
G1 X123 Y88.973 E3915.145
G1 X123 Y146.027 E3917.80167
G1 X123.188 Y153.323 E3918.14152
G1 X123.754 Y160.654 E3918.48389
G1 X124.701 Y167.971 E3918.82745
G1 F2700 E3913.82745
G0 F9000 X125.839 Y175.105
G0 X125.828 Y198.828
G0 X108.87 Y199.13
G1 F2700 E3918.82745
G0 F9000 X108.6 Y199.4
G1 F1500 X126.4 Y199.4 E3919.65629
G1 X126.4 Y175.858 E3920.7525
G1 X126.4 Y175.053 E3920.78999
G1 X125.094 Y167.894 E3921.12884
G1 X124.156 Y160.654 E3921.46878
G1 X123.589 Y153.343 E3921.81024
G1 X123.4 Y146.017 E3922.15148
G1 X123.4 Y88.983 E3924.80722
G1 X123.589 Y81.655 E3925.14856
G1 X124.156 Y74.346 E3925.48992
G1 X125.094 Y67.104 E3925.82995
G1 X126.399 Y59.943 E3926.16889
G1 X126.4 Y35.6 E3927.3024
G1 X108.6 Y35.6 E3928.13125
G1 X108.601 Y59.947 E3929.26494
G1 X109.906 Y67.105 E3929.60374
G1 X110.847 Y74.376 E3929.94514
G1 X111.411 Y81.656 E3930.28514
G1 X111.6 Y88.983 E3930.62643
G1 X111.6 Y146.017 E3933.28217
G1 X111.411 Y153.345 E3933.62351
G1 X110.844 Y160.654 E3933.96487
G1 X109.906 Y167.896 E3934.3049
G1 X108.6 Y175.057 E3934.64385
G1 X108.6 Y199.4 E3935.77736
G1 F2700 E3930.77736
G0 F9000 X108.87 Y199.13
G0 X125.828 Y198.828
G0 X125.839 Y175.105
G0 X124.797 Y167.931
G1 F2700 E3935.77736
G0 F9000 X125.491 Y167.842
;TYPE:WALL-OUTER
G1 F1500 X126.8 Y175.017 E3936.11697
G1 X126.8 Y175.858 E3936.15613
G1 X126.8 Y199.8 E3937.27097
G1 X108.2 Y199.8 E3938.13707
G1 X108.2 Y175.021 E3939.29088
G1 X109.507 Y167.854 E3939.63011
G1 X110.447 Y160.602 E3939.97062
G1 X111.012 Y153.314 E3940.311
G1 X111.2 Y146.007 E3940.65135
G1 X111.2 Y88.993 E3943.30616
G1 X111.012 Y81.697 E3943.64601
G1 X110.448 Y74.407 E3943.98648
G1 X109.509 Y67.157 E3944.32689
G1 X108.201 Y59.983 E3944.66644
G1 X108.2 Y35.2 E3945.82045
G1 X126.8 Y35.2 E3946.68654
G1 X126.799 Y59.979 E3947.84035
G1 X125.493 Y67.146 E3948.17957
G1 X124.553 Y74.398 E3948.52008
G1 X123.988 Y81.686 E3948.86046
G1 X123.8 Y88.993 E3949.20082
G1 X123.8 Y146.007 E3951.85563
G1 X123.988 Y153.302 E3952.19543
G1 X124.552 Y160.592 E3952.53589
G1 X125.491 Y167.842 E3952.8763
G0 F9000 X124.797 Y167.931
G0 X124.341 Y168.004
;TYPE:SKIN
G1 F1500 X125.64 Y175.122 E3953.21322
G1 X125.64 Y175.858 E3953.24749
G1 X125.64 Y198.64 E3954.30832
G1 X109.36 Y198.64 E3955.06638
G1 X109.36 Y175.128 E3956.1612
G1 X110.657 Y168.017 E3956.49778
G1 X111.598 Y160.752 E3956.8389
G1 X112.172 Y153.343 E3957.18492
G1 X112.36 Y146.04 E3957.5251
G1 X112.36 Y88.961 E3960.18293
G1 X112.169 Y81.606 E3960.52553
G1 X111.599 Y74.258 E3960.86871
G1 X110.659 Y66.995 E3961.20973
G1 X109.361 Y59.879 E3961.54654
G1 X109.361 Y36.361 E3962.64164
G1 X125.639 Y36.361 E3963.39961
G1 X125.639 Y59.872 E3964.49438
G1 X124.343 Y66.983 E3964.83095
G1 X123.402 Y74.247 E3965.17202
G1 X122.828 Y81.657 E3965.5181
G1 X122.64 Y88.961 E3965.85832
G1 X122.64 Y146.04 E3968.51615
G1 X122.831 Y153.391 E3968.85856
G1 X123.401 Y160.741 E3969.20184
G1 X124.341 Y168.004 E3969.54285
G1 F2700 E3964.54285
G0 F9000 X124.597 Y167.957
G0 X125.839 Y175.105
G0 X125.9 Y198.132
G1 F2700 E3969.54285
G0 F9000 X125.44 Y198.132
G1 F1500 X125.133 Y198.438 E3969.56304
G0 F9000 X124.567 Y198.438
G1 F1500 X125.44 Y197.566 E3969.62049
G0 F9000 X125.44 Y197
G1 F1500 X124.001 Y198.438 E3969.71522
G0 F9000 X123.436 Y198.438
G1 F1500 X125.44 Y196.434 E3969.84719
G0 F9000 X125.44 Y195.869
G1 F1500 X122.87 Y198.438 E3970.01639
G0 F9000 X122.304 Y198.438
G1 F1500 X125.44 Y195.303 E3970.22287
G0 F9000 X125.44 Y194.737
G1 F1500 X121.739 Y198.438 E3970.46659
G0 F9000 X121.173 Y198.438
G1 F1500 X125.44 Y194.172 E3970.74754
G0 F9000 X125.44 Y193.606
G1 F1500 X120.607 Y198.438 E3971.06577
G0 F9000 X120.041 Y198.438
G1 F1500 X125.44 Y193.04 E3971.42127
G0 F9000 X125.44 Y192.475
G1 F1500 X119.476 Y198.438 E3971.81398
G0 F9000 X118.91 Y198.438
G1 F1500 X125.44 Y191.909 E3972.24396
G0 F9000 X125.44 Y191.343
G1 F1500 X118.344 Y198.438 E3972.71121
G0 F9000 X117.779 Y198.438
G1 F1500 X125.44 Y190.778 E3973.21567
G0 F9000 X125.44 Y190.212
G1 F1500 X117.213 Y198.438 E3973.75739
G0 F9000 X116.647 Y198.438
G1 F1500 X125.44 Y189.646 E3974.3364
G0 F9000 X125.44 Y189.081
G1 F1500 X116.082 Y198.438 E3974.9526
G0 F9000 X115.516 Y198.438
G1 F1500 X125.44 Y188.515 E3975.60608
G0 F9000 X125.44 Y187.949
G1 F1500 X114.95 Y198.438 E3976.29683
G0 F9000 X114.385 Y198.438
G1 F1500 X125.44 Y187.384 E3977.02479
G0 F9000 X125.44 Y186.818
G1 F1500 X113.819 Y198.438 E3977.79002
G0 F9000 X113.253 Y198.438
G1 F1500 X125.44 Y186.252 E3978.59252
G0 F9000 X125.44 Y185.686
G1 F1500 X112.688 Y198.438 E3979.43226
G0 F9000 X112.122 Y198.438
G1 F1500 X125.44 Y185.121 E3980.30924
G0 F9000 X125.44 Y184.555
G1 F1500 X111.556 Y198.438 E3981.2235
G0 F9000 X110.991 Y198.438
G1 F1500 X125.44 Y183.989 E3982.17499
G0 F9000 X125.44 Y183.424
G1 F1500 X110.425 Y198.438 E3983.16372
G0 F9000 X109.859 Y198.438
G1 F1500 X125.44 Y182.858 E3984.18972
G0 F9000 X125.44 Y182.292
G1 F1500 X109.559 Y198.173 E3985.23551
G0 F9000 X109.559 Y197.607
G1 F1500 X125.44 Y181.727 E3986.28127
G0 F9000 X125.44 Y181.161
G1 F1500 X109.559 Y197.041 E3987.32703
G0 F9000 X109.559 Y196.475
G1 F1500 X125.44 Y180.595 E3988.37279
G0 F9000 X125.44 Y180.03
G1 F1500 X109.559 Y195.91 E3989.41854
G0 F9000 X109.559 Y195.344
G1 F1500 X125.44 Y179.464 E3990.4643
G0 F9000 X125.44 Y178.898
G1 F1500 X109.559 Y194.778 E3991.51006
G0 F9000 X109.559 Y194.213
G1 F1500 X125.44 Y178.333 E3992.55582
G0 F9000 X125.44 Y177.767
G1 F1500 X109.559 Y193.647 E3993.60158
G0 F9000 X109.559 Y193.081
G1 F1500 X125.44 Y177.201 E3994.64733
G0 F9000 X125.44 Y176.635
G1 F1500 X109.559 Y192.516 E3995.69313
G0 F9000 X109.559 Y191.95
G1 F1500 X125.44 Y176.07 E3996.73888
G0 F9000 X125.44 Y175.504
G1 F1500 X109.559 Y191.384 E3997.78464
G0 F9000 X109.559 Y190.819
G1 F1500 X125.408 Y174.97 E3998.82833
G0 F9000 X125.321 Y174.492
G1 F1500 X109.559 Y190.253 E3999.86625
G0 F9000 X109.559 Y189.687
G1 F1500 X125.234 Y174.013 E4000.89844
G0 F9000 X125.146 Y173.535
G1 F1500 X109.559 Y189.122 E4001.92487
G0 F9000 X109.559 Y188.556
G1 F1500 X125.059 Y173.056 E4002.94557
G0 F9000 X124.971 Y172.578
G1 F1500 X109.559 Y187.99 E4003.96048
G0 F9000 X109.559 Y187.425
G1 F1500 X124.884 Y172.099 E4004.96969
G0 F9000 X124.797 Y171.621
G1 F1500 X109.559 Y186.859 E4005.97314
G0 F9000 X109.559 Y186.293
G1 F1500 X124.71 Y171.143 E4006.97082
G0 F9000 X124.623 Y170.664
G1 F1500 X109.559 Y185.727 E4007.96278
G0 F9000 X109.559 Y185.162
G1 F1500 X124.535 Y170.186 E4008.94898
G0 F9000 X124.448 Y169.707
G1 F1500 X109.559 Y184.596 E4009.92944
G0 F9000 X109.559 Y184.03
G1 F1500 X124.36 Y169.229 E4010.90411
G0 F9000 X124.274 Y168.751
G1 F1500 X109.559 Y183.465 E4011.87309
G0 F9000 X109.559 Y182.899
G1 F1500 X124.186 Y168.273 E4012.83627
G0 F9000 X124.111 Y167.782
G1 F1500 X109.559 Y182.333 E4013.79451
G0 F9000 X109.559 Y181.768
G1 F1500 X124.046 Y167.281 E4014.7485
G0 F9000 X123.981 Y166.781
G1 F1500 X109.559 Y181.202 E4015.69818
G0 F9000 X109.559 Y180.636
G1 F1500 X123.916 Y166.28 E4016.64358
G0 F9000 X123.851 Y165.779
G1 F1500 X109.559 Y180.071 E4017.58474
G0 F9000 X109.559 Y179.505
G1 F1500 X123.786 Y165.278 E4018.52161
G0 F9000 X123.721 Y164.777
G1 F1500 X109.559 Y178.939 E4019.4542
G0 F9000 X109.559 Y178.374
G1 F1500 X123.656 Y164.277 E4020.38251
G0 F9000 X123.591 Y163.776
G1 F1500 X109.559 Y177.808 E4021.30654
G0 F9000 X109.559 Y177.242
G1 F1500 X123.527 Y163.275 E4022.22633
G0 F9000 X123.462 Y162.774
G1 F1500 X109.559 Y176.676 E4023.14183
G0 F9000 X109.559 Y176.111
G1 F1500 X123.397 Y162.273 E4024.05309
G0 F9000 X123.332 Y161.773
G1 F1500 X109.559 Y175.545 E4024.96003
G0 F9000 X109.597 Y174.942
G1 F1500 X123.267 Y161.272 E4025.86022
G0 F9000 X123.202 Y160.771
G1 F1500 X109.723 Y174.25 E4026.74784
G0 F9000 X109.849 Y173.558
G1 F1500 X123.161 Y160.246 E4027.62445
G0 F9000 X123.121 Y159.721
G1 F1500 X109.975 Y172.867 E4028.49014
G0 F9000 X110.102 Y172.174
G1 F1500 X123.08 Y159.196 E4029.34476
G0 F9000 X123.039 Y158.671
G1 F1500 X110.228 Y171.483 E4030.18842
G0 F9000 X110.354 Y170.791
G1 F1500 X122.999 Y158.146 E4031.02112
G0 F9000 X122.958 Y157.621
G1 F1500 X110.48 Y170.099 E4031.84282
G0 F9000 X110.607 Y169.407
G1 F1500 X122.917 Y157.096 E4032.65348
G0 F9000 X122.876 Y156.571
G1 F1500 X110.732 Y168.715 E4033.45319
G0 F9000 X110.858 Y168.024
G1 F1500 X122.835 Y156.047 E4034.24189
G0 F9000 X122.795 Y155.521
G1 F1500 X110.942 Y167.374 E4035.02243
G0 F9000 X111.026 Y166.725
G1 F1500 X122.754 Y154.997 E4035.79474
G0 F9000 X122.713 Y154.472
G1 F1500 X111.11 Y166.075 E4036.55882
G0 F9000 X111.194 Y165.425
G1 F1500 X122.673 Y153.947 E4037.3147
G0 F9000 X122.632 Y153.422
G1 F1500 X111.278 Y164.775 E4038.06234
G0 F9000 X111.362 Y164.126
G1 F1500 X122.617 Y152.871 E4038.80351
G0 F9000 X122.603 Y152.319
G1 F1500 X111.446 Y163.476 E4039.53821
G0 F9000 X111.53 Y162.826
G1 F1500 X122.588 Y151.768 E4040.2664
G0 F9000 X122.574 Y151.217
G1 F1500 X111.614 Y162.177 E4040.98814
G0 F9000 X111.698 Y161.527
G1 F1500 X122.559 Y150.666 E4041.70335
G0 F9000 X122.545 Y150.114
G1 F1500 X111.782 Y160.878 E4042.41215
G0 F9000 X111.836 Y160.257
G1 F1500 X122.53 Y149.563 E4043.11636
G0 F9000 X122.516 Y149.012
G1 F1500 X111.884 Y159.644 E4043.8165
G0 F9000 X111.931 Y159.031
G1 F1500 X122.502 Y148.46 E4044.51262
G0 F9000 X122.487 Y147.909
G1 F1500 X111.978 Y158.418 E4045.20465
G0 F9000 X112.026 Y157.805
G1 F1500 X122.473 Y147.358 E4045.89261
G0 F9000 X122.459 Y146.806
G1 F1500 X112.074 Y157.191 E4046.57648
G0 F9000 X112.121 Y156.578
G1 F1500 X122.444 Y146.255 E4047.25626
G0 F9000 X122.439 Y145.695
G1 F1500 X112.169 Y155.965 E4047.93256
G0 F9000 X112.216 Y155.352
G1 F1500 X122.439 Y145.13 E4048.60573
G0 F9000 X122.439 Y144.564
G1 F1500 X112.263 Y154.739 E4049.2758
G0 F9000 X112.311 Y154.126
G1 F1500 X122.439 Y143.998 E4049.94275
G0 F9000 X122.439 Y143.433
G1 F1500 X112.358 Y153.513 E4050.60657
G0 F9000 X112.383 Y152.923
G1 F1500 X122.439 Y142.867 E4051.26877
G0 F9000 X122.439 Y142.301
G1 F1500 X112.398 Y152.342 E4051.92999
G0 F9000 X112.413 Y151.762
G1 F1500 X122.439 Y141.736 E4052.59022
G0 F9000 X122.439 Y141.17
G1 F1500 X112.427 Y151.181 E4053.24949
G0 F9000 X112.442 Y150.601
G1 F1500 X122.439 Y140.604 E4053.90781
G0 F9000 X122.439 Y140.038
G1 F1500 X112.457 Y150.02 E4054.56514
G0 F9000 X112.473 Y149.439
G1 F1500 X122.439 Y139.473 E4055.22142
G0 F9000 X122.439 Y138.907
G1 F1500 X112.487 Y148.858 E4055.87675
G0 F9000 X112.502 Y148.278
G1 F1500 X122.439 Y138.341 E4056.53111
G0 F9000 X122.439 Y137.776
G1 F1500 X112.517 Y147.697 E4057.18446
G0 F9000 X112.532 Y147.117
G1 F1500 X122.439 Y137.21 E4057.83685
G0 F9000 X122.439 Y136.644
G1 F1500 X112.548 Y146.535 E4058.48819
G0 F9000 X112.56 Y145.958
G1 F1500 X122.439 Y136.079 E4059.13874
G0 F9000 X122.439 Y135.513
G1 F1500 X112.56 Y145.392 E4059.78929
G0 F9000 X112.56 Y144.826
G1 F1500 X122.439 Y134.947 E4060.43984
G0 F9000 X122.439 Y134.382
G1 F1500 X112.56 Y144.261 E4061.09039
G0 F9000 X112.56 Y143.695
G1 F1500 X122.439 Y133.816 E4061.74094
G0 F9000 X122.439 Y133.25
G1 F1500 X112.56 Y143.129 E4062.39149
G0 F9000 X112.56 Y142.564
G1 F1500 X122.439 Y132.685 E4063.04204
G0 F9000 X122.439 Y132.119
G1 F1500 X112.56 Y141.998 E4063.69259
G0 F9000 X112.56 Y141.432
G1 F1500 X122.439 Y131.553 E4064.34314
G0 F9000 X122.439 Y130.987
G1 F1500 X112.56 Y140.866 E4064.99368
G0 F9000 X112.56 Y140.301
G1 F1500 X122.439 Y130.422 E4065.64423
G0 F9000 X122.439 Y129.856
G1 F1500 X112.56 Y139.735 E4066.29478
G0 F9000 X112.56 Y139.169
G1 F1500 X122.439 Y129.29 E4066.94533
G0 F9000 X122.439 Y128.725
G1 F1500 X112.56 Y138.604 E4067.59588
G0 F9000 X112.56 Y138.038
G1 F1500 X122.439 Y128.159 E4068.24643
G0 F9000 X122.439 Y127.593
G1 F1500 X112.56 Y137.472 E4068.89698
G0 F9000 X112.56 Y136.907
G1 F1500 X122.439 Y127.028 E4069.54753
G0 F9000 X122.439 Y126.462
G1 F1500 X112.56 Y136.341 E4070.19808
G0 F9000 X112.56 Y135.775
G1 F1500 X122.439 Y125.896 E4070.84863
G0 F9000 X122.439 Y125.331
G1 F1500 X112.56 Y135.21 E4071.49917
G0 F9000 X112.56 Y134.644
G1 F1500 X122.439 Y124.765 E4072.14972
G0 F9000 X122.439 Y124.199
G1 F1500 X112.56 Y134.078 E4072.80027
G0 F9000 X112.56 Y133.513
G1 F1500 X122.439 Y123.634 E4073.45082
G0 F9000 X122.439 Y123.068
G1 F1500 X112.56 Y132.947 E4074.10137
G0 F9000 X112.56 Y132.381
G1 F1500 X122.439 Y122.502 E4074.75192
G0 F9000 X122.439 Y121.937
G1 F1500 X112.56 Y131.816 E4075.40247
G0 F9000 X112.56 Y131.25
G1 F1500 X122.439 Y121.371 E4076.05302
G0 F9000 X122.439 Y120.805
G1 F1500 X112.56 Y130.684 E4076.70357
G0 F9000 X112.56 Y130.118
G1 F1500 X122.439 Y120.239 E4077.35412
G0 F9000 X122.439 Y119.674
G1 F1500 X112.56 Y129.553 E4078.00466
G0 F9000 X112.56 Y128.987
G1 F1500 X122.439 Y119.108 E4078.65521
G0 F9000 X122.439 Y118.542
G1 F1500 X112.56 Y128.421 E4079.30576
G0 F9000 X112.56 Y127.856
G1 F1500 X122.439 Y117.977 E4079.95631
G0 F9000 X122.439 Y117.411
G1 F1500 X112.56 Y127.29 E4080.60686
G0 F9000 X112.56 Y126.724
G1 F1500 X122.439 Y116.845 E4081.25741
G0 F9000 X122.439 Y116.28
G1 F1500 X112.56 Y126.159 E4081.90796
G0 F9000 X112.56 Y125.593
G1 F1500 X122.439 Y115.714 E4082.55851
G0 F9000 X122.439 Y115.148
G1 F1500 X112.56 Y125.027 E4083.20906
G0 F9000 X112.56 Y124.462
G1 F1500 X122.439 Y114.583 E4083.85961
G0 F9000 X122.439 Y114.017
G1 F1500 X112.56 Y123.896 E4084.51016
G0 F9000 X112.56 Y123.33
G1 F1500 X122.439 Y113.451 E4085.1607
G0 F9000 X122.439 Y112.886
G1 F1500 X112.56 Y122.765 E4085.81125
G0 F9000 X112.56 Y122.199
G1 F1500 X122.439 Y112.32 E4086.4618
G0 F9000 X122.439 Y111.754
G1 F1500 X112.56 Y121.633 E4087.11235
G0 F9000 X112.56 Y121.067
G1 F1500 X122.439 Y111.189 E4087.76287
G0 F9000 X122.439 Y110.623
G1 F1500 X112.56 Y120.502 E4088.41342
G0 F9000 X112.56 Y119.936
G1 F1500 X122.439 Y110.057 E4089.06397
G0 F9000 X122.439 Y109.491
G1 F1500 X112.56 Y119.37 E4089.71451
G0 F9000 X112.56 Y118.805
G1 F1500 X122.439 Y108.926 E4090.36506
G0 F9000 X122.439 Y108.36
G1 F1500 X112.56 Y118.239 E4091.01561
G0 F9000 X112.56 Y117.673
G1 F1500 X122.439 Y107.794 E4091.66616
G0 F9000 X122.439 Y107.229
G1 F1500 X112.56 Y117.108 E4092.31671
G0 F9000 X112.56 Y116.542
G1 F1500 X122.439 Y106.663 E4092.96726
G0 F9000 X122.439 Y106.097
G1 F1500 X112.56 Y115.976 E4093.61781
G0 F9000 X112.56 Y115.411
G1 F1500 X122.439 Y105.532 E4094.26836
G0 F9000 X122.439 Y104.966
G1 F1500 X112.56 Y114.845 E4094.91891
G0 F9000 X112.56 Y114.279
G1 F1500 X122.439 Y104.4 E4095.56946
G0 F9000 X122.439 Y103.835
G1 F1500 X112.56 Y113.714 E4096.22
G0 F9000 X112.56 Y113.148
G1 F1500 X122.439 Y103.269 E4096.87055
G0 F9000 X122.439 Y102.703
G1 F1500 X112.56 Y112.582 E4097.5211
G0 F9000 X112.56 Y112.017
G1 F1500 X122.439 Y102.138 E4098.17165
G0 F9000 X122.439 Y101.572
G1 F1500 X112.56 Y111.451 E4098.8222
G0 F9000 X112.56 Y110.885
G1 F1500 X122.439 Y101.006 E4099.47275
G0 F9000 X122.439 Y100.44
G1 F1500 X112.56 Y110.319 E4100.1233
G0 F9000 X112.56 Y109.754
G1 F1500 X122.439 Y99.875 E4100.77385
G0 F9000 X122.439 Y99.309
G1 F1500 X112.56 Y109.188 E4101.4244
G0 F9000 X112.56 Y108.622
G1 F1500 X122.439 Y98.743 E4102.07495
G0 F9000 X122.439 Y98.178
G1 F1500 X112.56 Y108.057 E4102.72549
G0 F9000 X112.56 Y107.491
G1 F1500 X122.439 Y97.612 E4103.37604
G0 F9000 X122.439 Y97.046
G1 F1500 X112.56 Y106.925 E4104.02659
G0 F9000 X112.56 Y106.36
G1 F1500 X122.439 Y96.481 E4104.67714
G0 F9000 X122.439 Y95.915
G1 F1500 X112.56 Y105.794 E4105.32769
G0 F9000 X112.56 Y105.228
G1 F1500 X122.439 Y95.349 E4105.97824
G0 F9000 X122.439 Y94.784
G1 F1500 X112.56 Y104.663 E4106.62879
G0 F9000 X112.56 Y104.097
G1 F1500 X122.439 Y94.218 E4107.27934
G0 F9000 X122.439 Y93.652
G1 F1500 X112.56 Y103.531 E4107.92989
G0 F9000 X112.56 Y102.966
G1 F1500 X122.439 Y93.087 E4108.58044
G0 F9000 X122.439 Y92.521
G1 F1500 X112.56 Y102.4 E4109.23098
G0 F9000 X112.56 Y101.834
G1 F1500 X122.439 Y91.955 E4109.88153
G0 F9000 X122.439 Y91.39
G1 F1500 X112.56 Y101.269 E4110.53208
G0 F9000 X112.56 Y100.703
G1 F1500 X122.439 Y90.824 E4111.18263
G0 F9000 X122.439 Y90.258
G1 F1500 X112.56 Y100.137 E4111.83318
G0 F9000 X112.56 Y99.571
G1 F1500 X122.439 Y89.692 E4112.48373
G0 F9000 X122.439 Y89.127
G1 F1500 X112.56 Y99.006 E4113.13428
G0 F9000 X112.56 Y98.44
G1 F1500 X122.448 Y88.551 E4113.78545
G0 F9000 X122.463 Y87.971
G1 F1500 X112.56 Y97.874 E4114.43758
G0 F9000 X112.56 Y97.309
G1 F1500 X122.479 Y87.389 E4115.0908
G0 F9000 X122.494 Y86.809
G1 F1500 X112.56 Y96.743 E4115.74497
G0 F9000 X112.56 Y96.177
G1 F1500 X122.509 Y86.228 E4116.40013
G0 F9000 X122.523 Y85.648
G1 F1500 X112.56 Y95.612 E4117.05624
G0 F9000 X112.56 Y95.046
G1 F1500 X122.538 Y85.067 E4117.71334
G0 F9000 X122.553 Y84.487
G1 F1500 X112.56 Y94.48 E4118.3714
G0 F9000 X112.56 Y93.915
G1 F1500 X122.569 Y83.905 E4119.03054
G0 F9000 X122.584 Y83.325
G1 F1500 X112.56 Y93.349 E4119.69064
G0 F9000 X112.56 Y92.783
G1 F1500 X122.598 Y82.744 E4120.35169
G0 F9000 X122.613 Y82.164
G1 F1500 X112.56 Y92.218 E4121.01373
G0 F9000 X112.56 Y91.652
G1 F1500 X122.633 Y81.578 E4121.67709
G0 F9000 X122.68 Y80.965
G1 F1500 X112.56 Y91.086 E4122.34354
G0 F9000 X112.56 Y90.52
G1 F1500 X122.728 Y80.352 E4123.01312
G0 F9000 X122.775 Y79.739
G1 F1500 X112.56 Y89.955 E4123.68583
G0 F9000 X112.56 Y89.389
G1 F1500 X122.823 Y79.126 E4124.36167
G0 F9000 X122.87 Y78.513
G1 F1500 X112.556 Y88.827 E4125.04086
G0 F9000 X112.541 Y88.276
G1 F1500 X122.917 Y77.9 E4125.72414
G0 F9000 X122.965 Y77.287
G1 F1500 X112.527 Y87.725 E4126.4115
G0 F9000 X112.513 Y87.173
G1 F1500 X123.012 Y76.674 E4127.10287
G0 F9000 X123.06 Y76.06
G1 F1500 X112.498 Y86.622 E4127.7984
G0 F9000 X112.484 Y86.071
G1 F1500 X123.107 Y75.447 E4128.49798
G0 F9000 X123.155 Y74.834
G1 F1500 X112.47 Y85.519 E4129.2016
G0 F9000 X112.455 Y84.968
G1 F1500 X123.204 Y74.22 E4129.90941
G0 F9000 X123.288 Y73.57
G1 F1500 X112.441 Y84.417 E4130.6237
G0 F9000 X112.427 Y83.865
G1 F1500 X123.371 Y72.921 E4131.34438
G0 F9000 X123.455 Y72.271
G1 F1500 X112.412 Y83.314 E4132.07158
G0 F9000 X112.398 Y82.763
G1 F1500 X123.54 Y71.621 E4132.8053
G0 F9000 X123.624 Y70.971
G1 F1500 X112.384 Y82.211 E4133.54548
G0 F9000 X112.369 Y81.66
G1 F1500 X123.708 Y70.321 E4134.29217
G0 F9000 X123.792 Y69.671
G1 F1500 X112.332 Y81.132 E4135.04686
G0 F9000 X112.292 Y80.606
G1 F1500 X123.876 Y69.022 E4135.80969
G0 F9000 X123.96 Y68.372
G1 F1500 X112.251 Y80.081 E4136.58075
G0 F9000 X112.21 Y79.557
G1 F1500 X124.044 Y67.723 E4137.36004
G0 F9000 X124.128 Y67.073
G1 F1500 X112.169 Y79.031 E4138.14752
G0 F9000 X112.128 Y78.507
G1 F1500 X124.247 Y66.388 E4138.94558
G0 F9000 X124.373 Y65.696
G1 F1500 X112.088 Y77.981 E4139.75457
G0 F9000 X112.047 Y77.457
G1 F1500 X124.499 Y65.005 E4140.57455
G0 F9000 X124.625 Y64.313
G1 F1500 X112.006 Y76.932 E4141.40554
G0 F9000 X111.966 Y76.407
G1 F1500 X124.751 Y63.621 E4142.24748
G0 F9000 X124.877 Y62.93
G1 F1500 X111.925 Y75.882 E4143.10039
G0 F9000 X111.884 Y75.357
G1 F1500 X125.003 Y62.238 E4143.9643
G0 F9000 X125.129 Y61.546
G1 F1500 X111.843 Y74.832 E4144.83921
G0 F9000 X111.802 Y74.307
G1 F1500 X125.255 Y60.855 E4145.72508
G0 F9000 X125.381 Y60.163
G1 F1500 X111.741 Y73.802 E4146.62326
G0 F9000 X111.676 Y73.302
G1 F1500 X125.437 Y59.541 E4147.52945
G0 F9000 X125.437 Y58.975
G1 F1500 X111.611 Y72.801 E4148.43991
G0 F9000 X111.547 Y72.3
G1 F1500 X125.437 Y58.409 E4149.35463
G0 F9000 X125.437 Y57.844
G1 F1500 X111.482 Y71.799 E4150.27359
G0 F9000 X111.417 Y71.298
G1 F1500 X125.437 Y57.278 E4151.19683
G0 F9000 X125.437 Y56.712
G1 F1500 X111.352 Y70.798 E4152.12438
G0 F9000 X111.287 Y70.297
G1 F1500 X125.437 Y56.147 E4153.05619
G0 F9000 X125.437 Y55.581
G1 F1500 X111.222 Y69.796 E4153.99227
G0 F9000 X111.157 Y69.295
G1 F1500 X125.437 Y55.015 E4154.93263
G0 F9000 X125.437 Y54.45
G1 F1500 X111.092 Y68.795 E4155.87727
G0 F9000 X111.027 Y68.294
G1 F1500 X125.437 Y53.884 E4156.8262
G0 F9000 X125.437 Y53.318
G1 F1500 X110.962 Y67.793 E4157.7794
G0 F9000 X110.898 Y67.292
G92 E0
G1 F1500 X125.437 Y52.752 E0.95745
G0 F9000 X125.437 Y52.187
G1 F1500 X110.826 Y66.798 E1.91961
G0 F9000 X110.739 Y66.32
G1 F1500 X125.437 Y51.621 E2.88753
G0 F9000 X125.437 Y51.055
G1 F1500 X110.651 Y65.842 E3.86125
G0 F9000 X110.564 Y65.363
G1 F1500 X125.437 Y50.49 E4.84066
G0 F9000 X125.437 Y49.924
G1 F1500 X110.476 Y64.885 E5.82587
G0 F9000 X110.389 Y64.406
G1 F1500 X125.437 Y49.358 E6.8168
G0 F9000 X125.437 Y48.793
G1 F1500 X110.303 Y63.928 E7.81344
G0 F9000 X110.215 Y63.45
G1 F1500 X125.437 Y48.227 E8.81586
G0 F9000 X125.437 Y47.661
G1 F1500 X110.128 Y62.971 E9.82402
G0 F9000 X110.04 Y62.493
G1 F1500 X125.437 Y47.096 E10.83794
G0 F9000 X125.437 Y46.53
G1 F1500 X109.953 Y62.014 E11.85759
G0 F9000 X109.866 Y61.535
G1 F1500 X125.437 Y45.964 E12.88296
G0 F9000 X125.437 Y45.399
G1 F1500 X109.779 Y61.057 E13.91407
G0 F9000 X109.692 Y60.579
G1 F1500 X125.437 Y44.833 E14.95094
G0 F9000 X125.437 Y44.267
G1 F1500 X109.605 Y60.1 E15.99354
G0 F9000 X109.56 Y59.579
G1 F1500 X125.437 Y43.702 E17.03906
G0 F9000 X125.437 Y43.136
G1 F1500 X109.56 Y59.013 E18.08459
G0 F9000 X109.56 Y58.448
G1 F1500 X125.437 Y42.57 E19.13015
G0 F9000 X125.437 Y42.004
G1 F1500 X109.56 Y57.882 E20.17571
G0 F9000 X109.56 Y57.316
G1 F1500 X125.437 Y41.439 E21.22124
G0 F9000 X125.437 Y40.873
G1 F1500 X109.56 Y56.75 E22.26677
G0 F9000 X109.56 Y56.185
G1 F1500 X125.437 Y40.307 E23.31233
G0 F9000 X125.437 Y39.742
G1 F1500 X109.56 Y55.619 E24.35786
G0 F9000 X109.56 Y55.053
G1 F1500 X125.437 Y39.176 E25.40338
G0 F9000 X125.437 Y38.61
G1 F1500 X109.56 Y54.488 E26.44894
G0 F9000 X109.56 Y53.922
G1 F1500 X125.437 Y38.045 E27.49447
G0 F9000 X125.437 Y37.479
G1 F1500 X109.56 Y53.356 E28.54
G0 F9000 X109.56 Y52.791
G1 F1500 X125.437 Y36.913 E29.58556
G0 F9000 X125.225 Y36.56
G1 F1500 X109.56 Y52.225 E30.61713
G0 F9000 X109.56 Y51.659
G1 F1500 X124.659 Y36.56 E31.61142
G0 F9000 X124.093 Y36.56
G1 F1500 X109.56 Y51.094 E32.56848
G0 F9000 X109.56 Y50.528
G1 F1500 X123.528 Y36.56 E33.48829
G0 F9000 X122.962 Y36.56
G1 F1500 X109.56 Y49.962 E34.37084
G0 F9000 X109.56 Y49.397
G1 F1500 X122.396 Y36.56 E35.21614
G0 F9000 X121.83 Y36.56
G1 F1500 X109.56 Y48.831 E36.02418
G0 F9000 X109.56 Y48.265
G1 F1500 X121.265 Y36.56 E36.79497
G0 F9000 X120.699 Y36.56
G1 F1500 X109.56 Y47.7 E37.52853
G0 F9000 X109.56 Y47.134
G1 F1500 X120.133 Y36.56 E38.22481
G0 F9000 X119.568 Y36.56
G1 F1500 X109.56 Y46.568 E38.88385
G0 F9000 X109.56 Y46.002
G1 F1500 X119.002 Y36.56 E39.50562
G0 F9000 X118.436 Y36.56
G1 F1500 X109.56 Y45.437 E40.09016
G0 F9000 X109.56 Y44.871
G1 F1500 X117.871 Y36.56 E40.63745
G0 F9000 X117.305 Y36.56
G1 F1500 X109.56 Y44.305 E41.14747
G0 F9000 X109.56 Y43.74
G1 F1500 X116.739 Y36.56 E41.62025
G0 F9000 X116.174 Y36.56
G1 F1500 X109.56 Y43.174 E42.0558
G0 F9000 X109.56 Y42.608
G1 F1500 X115.608 Y36.56 E42.45407
G0 F9000 X115.042 Y36.56
G1 F1500 X109.56 Y42.043 E42.8151
G0 F9000 X109.56 Y41.477
G1 F1500 X114.477 Y36.56 E43.13889
G0 F9000 X113.911 Y36.56
G1 F1500 X109.56 Y40.911 E43.42541
G0 F9000 X109.56 Y40.346
G1 F1500 X113.345 Y36.56 E43.6747
G0 F9000 X112.779 Y36.56
G1 F1500 X109.56 Y39.78 E43.88671
G0 F9000 X109.56 Y39.214
G1 F1500 X112.214 Y36.56 E44.06148
G0 F9000 X111.648 Y36.56
G1 F1500 X109.56 Y38.649 E44.19901
G0 F9000 X109.56 Y38.083
G1 F1500 X111.082 Y36.56 E44.29927
G0 F9000 X110.517 Y36.56
G1 F1500 X109.56 Y37.517 E44.36229
G0 F9000 X109.56 Y36.951
G1 F1500 X109.951 Y36.56 E44.38804
G1 F2700 E39.38804
;MESH:NONMESH
G0 F300 X109.951 Y36.56 Z4.2
G0 F9000 X109.951 Y36.1
G0 X109.172 Y36.172
G0 X109.162 Y59.896
G0 X111.083 Y74.337
G0 X111.65 Y81.659
G0 X111.839 Y88.99
G0 X111.839 Y146.01
G0 X111.65 Y153.341
G0 X111.083 Y160.663
G0 X110.14 Y167.947
G0 X109.149 Y173.192
G0 X109 Y199
;TIME_ELAPSED:4216.249134
;LAYER:14
;TYPE:WALL-INNER
;MESH:D638-22 Tensile.STL
G1 F2700 E44.38804
G1 F1500 X126 Y199 E45.17963
G1 X126 Y175.858 E46.25721
G1 X126 Y175.089 E46.29302
G1 X124.701 Y167.971 E46.62994
G1 X123.754 Y160.654 E46.97349
G1 X123.188 Y153.323 E47.31587
G1 X123 Y146.027 E47.65572
G1 X123 Y88.973 E50.31239
G1 X123.19 Y81.624 E50.6547
G1 X123.754 Y74.346 E50.99461
G1 X124.701 Y67.027 E51.33826
G1 X125.999 Y59.907 E51.67526
G1 X126 Y36 E52.78847
G1 X109 Y36 E53.58006
G1 X109.001 Y59.911 E54.69346
G1 X110.299 Y67.028 E55.03032
G1 X111.246 Y74.345 E55.37387
G1 X111.81 Y81.625 E55.71388
G1 X112 Y88.973 E56.05614
G1 X112 Y146.027 E58.71282
G1 X111.812 Y153.324 E59.05271
G1 X111.245 Y160.664 E59.39551
G1 X110.299 Y167.972 E59.73864
G1 X109 Y175.093 E60.07569
G1 X109 Y199 E61.1889
G1 F2700 E56.1889
G0 F9000 X125.828 Y198.828
G0 X125.839 Y175.105
G0 X124.797 Y167.931
G1 F2700 E61.1889
G0 F9000 X125.094 Y167.894
G1 F1500 X126.4 Y175.053 E61.52776
G1 X126.4 Y175.858 E61.56524
G1 X126.4 Y199.4 E62.66146
G1 X108.6 Y199.4 E63.4903
G1 X108.6 Y175.057 E64.62381
G1 X109.906 Y167.896 E64.96276
G1 X110.844 Y160.654 E65.30279
G1 X111.411 Y153.345 E65.64415
G1 X111.6 Y146.017 E65.98549
G1 X111.6 Y88.983 E68.64123
G1 X111.411 Y81.656 E68.98252
G1 X110.847 Y74.376 E69.32252
G1 X109.906 Y67.105 E69.66391
G1 X108.601 Y59.947 E70.00271
G1 X108.6 Y35.6 E71.13641
G1 X126.4 Y35.6 E71.96526
G1 X126.399 Y59.943 E73.09877
G1 X125.094 Y67.104 E73.43771
G1 X124.156 Y74.346 E73.77774
G1 X123.589 Y81.655 E74.1191
G1 X123.4 Y88.983 E74.46044
G1 X123.4 Y146.017 E77.11618
G1 X123.589 Y153.343 E77.45742
G1 X124.156 Y160.654 E77.79887
G1 X125.094 Y167.894 E78.13882
G1 F2700 E73.13882
G0 F9000 X124.797 Y167.931
G0 X126.198 Y175.072
G0 X126.082 Y199.082
G0 X108.47 Y199.53
G1 F2700 E78.13882
G0 F9000 X108.2 Y199.8
;TYPE:WALL-OUTER
G1 F1500 X126.8 Y199.8 E79.00491
G1 X126.8 Y175.858 E80.11975
G1 X126.8 Y175.017 E80.15891
G1 X125.491 Y167.842 E80.49852
G1 X124.552 Y160.592 E80.83893
G1 X123.988 Y153.302 E81.1794
G1 X123.8 Y146.007 E81.5192
G1 X123.8 Y88.993 E84.17401
G1 X123.988 Y81.686 E84.51437
G1 X124.553 Y74.398 E84.85474
G1 X125.493 Y67.146 E85.19525
G1 X126.799 Y59.979 E85.53447
G1 X126.8 Y35.2 E86.68829
G1 X108.2 Y35.2 E87.55438
G1 X108.201 Y59.983 E88.70838
G1 X109.509 Y67.157 E89.04794
G1 X110.448 Y74.407 E89.38835
G1 X111.012 Y81.697 E89.72882
G1 X111.2 Y88.993 E90.06866
G1 X111.2 Y146.007 E92.72347
G1 X111.012 Y153.314 E93.06383
G1 X110.447 Y160.602 E93.40421
G1 X109.507 Y167.854 E93.74472
G1 X108.2 Y175.021 E94.08395
G1 X108.2 Y199.8 E95.23776
G0 F9000 X108.47 Y199.53
G0 X109.1 Y198.64
G0 X109.36 Y198.64
;TYPE:SKIN
G1 F1500 X125.64 Y198.64 E95.99583
G1 X125.64 Y175.858 E97.05665
G1 X125.64 Y175.122 E97.09092
G1 X124.341 Y168.004 E97.42784
G1 X123.401 Y160.741 E97.76886
G1 X122.831 Y153.391 E98.11213
G1 X122.64 Y146.04 E98.45454
G1 X122.64 Y88.961 E101.11238
G1 X122.828 Y81.657 E101.4526
G1 X123.402 Y74.247 E101.79867
G1 X124.343 Y66.983 E102.13974
G1 X125.639 Y59.872 E102.47631
G1 X125.639 Y36.361 E103.57108
G1 X109.361 Y36.361 E104.32905
G1 X109.361 Y59.879 E105.42415
G1 X110.659 Y66.995 E105.76097
G1 X111.599 Y74.258 E106.10198
G1 X112.169 Y81.606 E106.44517
G1 X112.36 Y88.961 E106.78776
G1 X112.36 Y146.04 E109.4456
G1 X112.172 Y153.343 E109.78577
G1 X111.598 Y160.752 E110.1318
G1 X110.657 Y168.017 E110.47291
G1 X109.36 Y175.128 E110.80949
G1 X109.36 Y198.64 E111.90431
G0 F9000 X109.559 Y198.372
G1 F1500 X109.626 Y198.438 E111.90869
G0 F9000 X110.191 Y198.438
G1 F1500 X109.559 Y197.806 E111.95031
G0 F9000 X109.559 Y197.241
G1 F1500 X110.757 Y198.438 E112.02916
G0 F9000 X111.323 Y198.438
G1 F1500 X109.559 Y196.675 E112.14529
G0 F9000 X109.559 Y196.109
G1 F1500 X111.889 Y198.438 E112.2987
G0 F9000 X112.454 Y198.438
G1 F1500 X109.559 Y195.544 E112.4893
G0 F9000 X109.559 Y194.978
G1 F1500 X113.02 Y198.438 E112.71718
G0 F9000 X113.586 Y198.438
G1 F1500 X109.559 Y194.412 E112.98233
G0 F9000 X109.559 Y193.846
G1 F1500 X114.151 Y198.438 E113.28473
G0 F9000 X114.717 Y198.438
G1 F1500 X109.559 Y193.281 E113.62436
G0 F9000 X109.559 Y192.715
G1 F1500 X115.283 Y198.438 E114.00126
G0 F9000 X115.848 Y198.438
G1 F1500 X109.559 Y192.149 E114.4154
G0 F9000 X109.559 Y191.584
G1 F1500 X116.414 Y198.438 E114.86678
G0 F9000 X116.98 Y198.438
G1 F1500 X109.559 Y191.018 E115.35543
G0 F9000 X109.559 Y190.452
G1 F1500 X117.545 Y198.438 E115.88132
G0 F9000 X118.111 Y198.438
G1 F1500 X109.559 Y189.887 E116.44446
G0 F9000 X109.559 Y189.321
G1 F1500 X118.677 Y198.438 E117.04486
G0 F9000 X119.242 Y198.438
G1 F1500 X109.559 Y188.755 E117.6825
G0 F9000 X109.559 Y188.19
G1 F1500 X119.808 Y198.438 E118.35738
G0 F9000 X120.374 Y198.438
G1 F1500 X109.559 Y187.624 E119.06953
G0 F9000 X109.559 Y187.058
G1 F1500 X120.94 Y198.438 E119.81896
G0 F9000 X121.505 Y198.438
G1 F1500 X109.559 Y186.493 E120.60559
G0 F9000 X109.559 Y185.927
G1 F1500 X122.071 Y198.438 E121.4295
G0 F9000 X122.637 Y198.438
G1 F1500 X109.559 Y185.361 E122.29067
G0 F9000 X109.559 Y184.795
G1 F1500 X123.202 Y198.438 E123.18909
G0 F9000 X123.768 Y198.438
G1 F1500 X109.559 Y184.23 E124.12474
G0 F9000 X109.559 Y183.664
G1 F1500 X124.334 Y198.438 E125.09767
G0 F9000 X124.899 Y198.438
G1 F1500 X109.559 Y183.098 E126.10783
G0 F9000 X109.559 Y182.533
G1 F1500 X125.44 Y198.413 E127.15359
G0 F9000 X125.44 Y197.847
G1 F1500 X109.559 Y181.967 E128.19935
G0 F9000 X109.559 Y181.401
G1 F1500 X125.44 Y197.282 E129.24514
G0 F9000 X125.44 Y196.716
G1 F1500 X109.559 Y180.836 E130.2909
G0 F9000 X109.559 Y180.27
G1 F1500 X125.44 Y196.15 E131.33665
G0 F9000 X125.44 Y195.585
G1 F1500 X109.559 Y179.704 E132.38245
G0 F9000 X109.559 Y179.139
G1 F1500 X125.44 Y195.019 E133.4282
G0 F9000 X125.44 Y194.453
G1 F1500 X109.559 Y178.573 E134.47396
G0 F9000 X109.559 Y178.007
G1 F1500 X125.44 Y193.887 E135.51972
G0 F9000 X125.44 Y193.322
G1 F1500 X109.559 Y177.442 E136.56548
G0 F9000 X109.559 Y176.876
G1 F1500 X125.44 Y192.756 E137.61124
G0 F9000 X125.44 Y192.19
G1 F1500 X109.559 Y176.31 E138.65699
G0 F9000 X109.559 Y175.745
G1 F1500 X125.44 Y191.625 E139.70275
G0 F9000 X125.44 Y191.059
G1 F1500 X109.559 Y175.179 E140.74851
G0 F9000 X109.641 Y174.695
G1 F1500 X125.44 Y190.493 E141.78887
G0 F9000 X125.44 Y189.928
G1 F1500 X109.728 Y174.216 E142.82353
G0 F9000 X109.815 Y173.738
G1 F1500 X125.44 Y189.362 E143.85243
G0 F9000 X125.44 Y188.796
G1 F1500 X109.903 Y173.26 E144.87554
G0 F9000 X109.99 Y172.781
G1 F1500 X125.44 Y188.231 E145.89294
G0 F9000 X125.44 Y187.665
G1 F1500 X110.078 Y172.303 E146.90456
G0 F9000 X110.165 Y171.824
G1 F1500 X125.44 Y187.099 E147.91044
G0 F9000 X125.44 Y186.534
G1 F1500 X110.252 Y171.346 E148.9106
G0 F9000 X110.339 Y170.868
G1 F1500 X125.44 Y185.968 E149.90499
G0 F9000 X125.44 Y185.402
G1 F1500 X110.426 Y170.389 E150.89366
G0 F9000 X110.514 Y169.911
G1 F1500 X125.44 Y184.837 E151.87656
G0 F9000 X125.44 Y184.271
G1 F1500 X110.601 Y169.432 E152.85373
G0 F9000 X110.689 Y168.954
G1 F1500 X125.44 Y183.705 E153.82511
G0 F9000 X125.44 Y183.139
G1 F1500 X110.776 Y168.475 E154.79076
G0 F9000 X110.861 Y167.995
G1 F1500 X125.44 Y182.574 E155.75081
G0 F9000 X125.44 Y182.008
G1 F1500 X110.926 Y167.495 E156.70655
G0 F9000 X110.991 Y166.993
G1 F1500 X125.44 Y181.442 E157.65804
G0 F9000 X125.44 Y180.877
G1 F1500 X111.056 Y166.493 E158.60525
G0 F9000 X111.12 Y165.991
G1 F1500 X125.44 Y180.311 E159.54825
G0 F9000 X125.44 Y179.745
G1 F1500 X111.185 Y165.491 E160.48693
G0 F9000 X111.25 Y164.99
G1 F1500 X125.44 Y179.18 E161.42137
G0 F9000 X125.44 Y178.614
G1 F1500 X111.314 Y164.489 E162.35156
G0 F9000 X111.379 Y163.988
G1 F1500 X125.44 Y178.048 E163.27747
G0 F9000 X125.44 Y177.483
G1 F1500 X111.444 Y163.487 E164.19913
G0 F9000 X111.509 Y162.986
G1 F1500 X125.44 Y176.917 E165.11651
G0 F9000 X125.44 Y176.351
G1 F1500 X111.573 Y162.485 E166.02964
G0 F9000 X111.638 Y161.984
G1 F1500 X125.44 Y175.786 E166.93852
G0 F9000 X125.44 Y175.22
G1 F1500 X111.703 Y161.484 E167.8431
G0 F9000 X111.768 Y160.982
G1 F1500 X125.331 Y174.546 E168.73628
G0 F9000 X125.205 Y173.854
G1 F1500 X111.819 Y160.468 E169.61777
G0 F9000 X111.86 Y159.943
G1 F1500 X125.079 Y173.162 E170.48826
G0 F9000 X124.953 Y172.471
G1 F1500 X111.901 Y159.418 E171.34779
G0 F9000 X111.941 Y158.893
G1 F1500 X124.826 Y171.778 E172.19629
G0 F9000 X124.7 Y171.086
G1 F1500 X111.982 Y158.368 E173.03379
G0 F9000 X112.022 Y157.843
G1 F1500 X124.574 Y170.395 E173.86036
G0 F9000 X124.447 Y169.702
G1 F1500 X112.063 Y157.318 E174.67587
G0 F9000 X112.104 Y156.793
G1 F1500 X124.322 Y169.011 E175.48045
G0 F9000 X124.195 Y168.318
G1 F1500 X112.145 Y156.268 E176.27396
G0 F9000 X112.185 Y155.743
G1 F1500 X124.095 Y167.652 E177.05822
G0 F9000 X124.01 Y167.003
G1 F1500 X112.226 Y155.218 E177.83425
G0 F9000 X112.266 Y154.693
G1 F1500 X123.926 Y166.353 E178.60208
G0 F9000 X123.841 Y165.702
G1 F1500 X112.307 Y154.168 E179.36161
G0 F9000 X112.347 Y153.642
G1 F1500 X123.757 Y165.052 E180.11298
G0 F9000 X123.673 Y164.403
G1 F1500 X112.377 Y153.107 E180.85684
G0 F9000 X112.391 Y152.555
G1 F1500 X123.589 Y163.753 E181.59425
G0 F9000 X123.505 Y163.103
G1 F1500 X112.405 Y152.003 E182.3252
G0 F9000 X112.42 Y151.452
G1 F1500 X123.421 Y162.453 E183.04964
G0 F9000 X123.337 Y161.803
G1 F1500 X112.434 Y150.9 E183.76762
G0 F9000 X112.448 Y150.349
G1 F1500 X123.252 Y161.153 E184.47908
G0 F9000 X123.183 Y160.518
G1 F1500 X112.463 Y149.798 E185.18501
G0 F9000 X112.477 Y149.246
G1 F1500 X123.136 Y159.905 E185.88692
G0 F9000 X123.088 Y159.292
G1 F1500 X112.491 Y148.695 E186.58476
G0 F9000 X112.505 Y148.143
G1 F1500 X123.04 Y158.679 E187.27854
G0 F9000 X122.993 Y158.065
G1 F1500 X112.519 Y147.592 E187.96823
G0 F9000 X112.533 Y147.04
G1 F1500 X122.946 Y157.452 E188.65391
G0 F9000 X122.897 Y156.839
G1 F1500 X112.548 Y146.489 E189.33545
G0 F9000 X112.559 Y145.934
G1 F1500 X122.85 Y156.226 E190.01316
G0 F9000 X122.803 Y155.612
G1 F1500 X112.559 Y145.369 E190.68771
G0 F9000 X112.559 Y144.803
G1 F1500 X122.755 Y154.999 E191.35914
G0 F9000 X122.707 Y154.386
G1 F1500 X112.559 Y144.237 E192.02743
G0 F9000 X112.559 Y143.672
G1 F1500 X122.66 Y153.773 E192.6926
G0 F9000 X122.626 Y153.173
G1 F1500 X112.559 Y143.106 E193.35553
G0 F9000 X112.559 Y142.54
G1 F1500 X122.61 Y152.592 E194.01744
G0 F9000 X122.596 Y152.011
G1 F1500 X112.559 Y141.975 E194.67836
G0 F9000 X112.559 Y141.409
G1 F1500 X122.58 Y151.43 E195.33826
G0 F9000 X122.565 Y150.849
G1 F1500 X112.559 Y140.843 E195.99717
G0 F9000 X112.559 Y140.277
G1 F1500 X122.55 Y150.268 E196.6551
G0 F9000 X122.535 Y149.688
G1 F1500 X112.559 Y139.712 E197.31203
G0 F9000 X112.559 Y139.146
G1 F1500 X122.52 Y149.107 E197.96798
G0 F9000 X122.504 Y148.526
G1 F1500 X112.559 Y138.58 E198.62291
G0 F9000 X112.559 Y138.015
G1 F1500 X122.489 Y147.945 E199.27682
G0 F9000 X122.474 Y147.364
G1 F1500 X112.559 Y137.449 E199.92974
G0 F9000 X112.559 Y136.883
G1 F1500 X122.459 Y146.784 E200.5817
G0 F9000 X122.444 Y146.202
G1 F1500 X112.559 Y136.318 E201.23261
G0 F9000 X112.559 Y135.752
G1 F1500 X122.439 Y145.632 E201.88323
G0 F9000 X122.439 Y145.067
G1 F1500 X112.559 Y135.186 E202.53387
G0 F9000 X112.559 Y134.621
G1 F1500 X122.439 Y144.501 E203.18449
G0 F9000 X122.439 Y143.935
G1 F1500 X112.559 Y134.055 E203.8351
G0 F9000 X112.559 Y133.489
G1 F1500 X122.439 Y143.37 E204.48575
G0 F9000 X122.439 Y142.804
G1 F1500 X112.559 Y132.924 E205.13637
G0 F9000 X112.559 Y132.358
G1 F1500 X122.439 Y142.238 E205.78698
G0 F9000 X122.439 Y141.673
G1 F1500 X112.559 Y131.792 E206.43763
G0 F9000 X112.559 Y131.226
G1 F1500 X122.439 Y141.107 E207.08828
G0 F9000 X122.439 Y140.541
G1 F1500 X112.559 Y130.661 E207.73889
G0 F9000 X112.559 Y130.095
G1 F1500 X122.439 Y139.976 E208.38954
G0 F9000 X122.439 Y139.41
G1 F1500 X112.559 Y129.529 E209.04019
G0 F9000 X112.559 Y128.964
G1 F1500 X122.439 Y138.844 E209.6908
G0 F9000 X122.439 Y138.278
G1 F1500 X112.559 Y128.398 E210.34142
G0 F9000 X112.559 Y127.832
G1 F1500 X122.439 Y137.713 E210.99207
G0 F9000 X122.439 Y137.147
G1 F1500 X112.559 Y127.267 E211.64268
G0 F9000 X112.559 Y126.701
G1 F1500 X122.439 Y136.581 E212.2933
G0 F9000 X122.439 Y136.016
G1 F1500 X112.559 Y126.135 E212.94394
G0 F9000 X112.559 Y125.57
G1 F1500 X122.439 Y135.45 E213.59456
G0 F9000 X122.439 Y134.884
G1 F1500 X112.559 Y125.004 E214.24517
G0 F9000 X112.559 Y124.438
G1 F1500 X122.439 Y134.319 E214.89582
G0 F9000 X122.439 Y133.753
G1 F1500 X112.559 Y123.873 E215.54644
G0 F9000 X112.559 Y123.307
G1 F1500 X122.439 Y133.187 E216.19705
G0 F9000 X122.439 Y132.622
G1 F1500 X112.559 Y122.741 E216.8477
G0 F9000 X112.559 Y122.176
G1 F1500 X122.439 Y132.056 E217.49831
G0 F9000 X122.439 Y131.49
G1 F1500 X112.559 Y121.61 E218.14893
G0 F9000 X112.559 Y121.044
G1 F1500 X122.439 Y130.925 E218.79958
G0 F9000 X122.439 Y130.359
G1 F1500 X112.559 Y120.478 E219.45022
G0 F9000 X112.559 Y119.913
G1 F1500 X122.439 Y129.793 E220.10084
G0 F9000 X122.439 Y129.228
G1 F1500 X112.559 Y119.347 E220.75149
G0 F9000 X112.559 Y118.781
G1 F1500 X122.439 Y128.662 E221.40213
G0 F9000 X122.439 Y128.096
G1 F1500 X112.559 Y118.216 E222.05275
G0 F9000 X112.559 Y117.65
G1 F1500 X122.439 Y127.53 E222.70336
G0 F9000 X122.439 Y126.965
G1 F1500 X112.559 Y117.084 E223.35401
G0 F9000 X112.559 Y116.519
G1 F1500 X122.439 Y126.399 E224.00463
G0 F9000 X122.439 Y125.833
G1 F1500 X112.559 Y115.953 E224.65524
G0 F9000 X112.559 Y115.387
G1 F1500 X122.439 Y125.268 E225.30589
G0 F9000 X122.439 Y124.702
G1 F1500 X112.559 Y114.822 E225.9565
G0 F9000 X112.559 Y114.256
G1 F1500 X122.439 Y124.136 E226.60712
G0 F9000 X122.439 Y123.571
G1 F1500 X112.559 Y113.69 E227.25777
G0 F9000 X112.559 Y113.125
G1 F1500 X122.439 Y123.005 E227.90838
G0 F9000 X122.439 Y122.439
G1 F1500 X112.559 Y112.559 E228.559
G0 F9000 X112.559 Y111.993
G1 F1500 X122.439 Y121.874 E229.20964
G0 F9000 X122.439 Y121.308
G1 F1500 X112.559 Y111.428 E229.86026
G0 F9000 X112.559 Y110.862
G1 F1500 X122.439 Y120.742 E230.51087
G0 F9000 X122.439 Y120.177
G1 F1500 X112.559 Y110.296 E231.16152
G0 F9000 X112.559 Y109.73
G1 F1500 X122.439 Y119.611 E231.81217
G0 F9000 X122.439 Y119.045
G1 F1500 X112.559 Y109.165 E232.46278
G0 F9000 X112.559 Y108.599
G1 F1500 X122.439 Y118.479 E233.1134
G0 F9000 X122.439 Y117.914
G1 F1500 X112.559 Y108.033 E233.76405
G0 F9000 X112.559 Y107.468
G1 F1500 X122.439 Y117.348 E234.41466
G0 F9000 X122.439 Y116.782
G1 F1500 X112.559 Y106.902 E235.06528
G0 F9000 X112.559 Y106.336
G1 F1500 X122.439 Y116.217 E235.71592
G0 F9000 X122.439 Y115.651
G1 F1500 X112.559 Y105.771 E236.36654
G0 F9000 X112.559 Y105.205
G1 F1500 X122.439 Y115.085 E237.01715
G0 F9000 X122.439 Y114.52
G1 F1500 X112.559 Y104.639 E237.6678
G0 F9000 X112.559 Y104.074
G1 F1500 X122.439 Y113.954 E238.31842
G0 F9000 X122.439 Y113.388
G1 F1500 X112.559 Y103.508 E238.96903
G0 F9000 X112.559 Y102.942
G1 F1500 X122.439 Y112.823 E239.61968
G0 F9000 X122.439 Y112.257
G1 F1500 X112.559 Y102.377 E240.27029
G0 F9000 X112.559 Y101.811
G1 F1500 X122.439 Y111.691 E240.92091
G0 F9000 X122.439 Y111.126
G1 F1500 X112.559 Y101.245 E241.57156
G0 F9000 X112.559 Y100.679
G1 F1500 X122.439 Y110.56 E242.2222
G0 F9000 X122.439 Y109.994
G1 F1500 X112.559 Y100.114 E242.87282
G0 F9000 X112.559 Y99.548
G1 F1500 X122.439 Y109.429 E243.52347
G0 F9000 X122.439 Y108.863
G1 F1500 X112.559 Y98.982 E244.17412
G0 F9000 X112.559 Y98.417
G1 F1500 X122.439 Y108.297 E244.82473
G0 F9000 X122.439 Y107.731
G1 F1500 X112.559 Y97.851 E245.47535
G0 F9000 X112.559 Y97.285
G1 F1500 X122.439 Y107.166 E246.12599
G0 F9000 X122.439 Y106.6
G1 F1500 X112.559 Y96.72 E246.77661
G0 F9000 X112.559 Y96.154
G1 F1500 X122.439 Y106.034 E247.42722
G0 F9000 X122.439 Y105.469
G1 F1500 X112.559 Y95.588 E248.07787
G0 F9000 X112.559 Y95.023
G1 F1500 X122.439 Y104.903 E248.72849
G0 F9000 X122.439 Y104.337
G1 F1500 X112.559 Y94.457 E249.3791
G0 F9000 X112.559 Y93.891
G1 F1500 X122.439 Y103.772 E250.02975
G0 F9000 X122.439 Y103.206
G1 F1500 X112.559 Y93.326 E250.68036
G0 F9000 X112.559 Y92.76
G1 F1500 X122.439 Y102.64 E251.33098
G0 F9000 X122.439 Y102.075
G1 F1500 X112.559 Y92.194 E251.98163
G0 F9000 X112.559 Y91.629
G1 F1500 X122.439 Y101.509 E252.63224
G0 F9000 X122.439 Y100.943
G1 F1500 X112.559 Y91.063 E253.28286
G0 F9000 X112.559 Y90.497
G1 F1500 X122.439 Y100.378 E253.9335
G0 F9000 X122.439 Y99.812
G1 F1500 X112.559 Y89.931 E254.58415
G0 F9000 X112.559 Y89.366
G1 F1500 X122.439 Y99.246 E255.23477
G0 F9000 X122.439 Y98.68
G1 F1500 X112.555 Y88.796 E255.88564
G0 F9000 X112.539 Y88.215
G1 F1500 X122.439 Y98.115 E256.53758
G0 F9000 X122.439 Y97.549
G1 F1500 X112.524 Y87.634 E257.1905
G0 F9000 X112.509 Y87.053
G1 F1500 X122.439 Y96.983 E257.8444
G0 F9000 X122.439 Y96.418
G1 F1500 X112.494 Y86.472 E258.49933
G0 F9000 X112.479 Y85.892
G1 F1500 X122.439 Y95.852 E259.15521
G0 F9000 X122.439 Y95.286
G1 F1500 X112.463 Y85.311 E259.81212
G0 F9000 X112.449 Y84.73
G1 F1500 X122.439 Y94.721 E260.47001
G0 F9000 X122.439 Y94.155
G1 F1500 X112.433 Y84.149 E261.12892
G0 F9000 X112.418 Y83.568
G1 F1500 X122.439 Y93.589 E261.78882
G0 F9000 X122.439 Y93.024
G1 F1500 X112.403 Y82.987 E262.44974
G0 F9000 X112.388 Y82.406
G1 F1500 X122.439 Y92.458 E263.11165
G0 F9000 X122.439 Y91.892
G1 F1500 X112.373 Y81.826 E263.77451
G0 F9000 X112.339 Y81.226
G1 F1500 X122.439 Y91.327 E264.43965
G0 F9000 X122.439 Y90.761
G1 F1500 X112.291 Y80.613 E265.10791
G0 F9000 X112.244 Y79.999
G1 F1500 X122.439 Y90.195 E265.7793
G0 F9000 X122.439 Y89.63
G1 F1500 X112.196 Y79.386 E266.45386
G0 F9000 X112.148 Y78.773
G1 F1500 X122.439 Y89.064 E267.13154
G0 F9000 X122.451 Y88.509
G1 F1500 X112.101 Y78.16 E267.81307
G0 F9000 X112.053 Y77.546
G1 F1500 X122.465 Y87.958 E268.49872
G0 F9000 X122.479 Y87.406
G1 F1500 X112.005 Y76.933 E269.18841
G0 F9000 X111.958 Y76.32
G1 F1500 X122.493 Y86.855 E269.88216
G0 F9000 X122.507 Y86.303
G1 F1500 X111.91 Y75.707 E270.57996
G0 F9000 X111.862 Y75.093
G1 F1500 X122.521 Y85.752 E271.28187
G0 F9000 X122.535 Y85.2
G1 F1500 X111.815 Y74.48 E271.9878
G0 F9000 X111.746 Y73.845
G1 F1500 X122.55 Y84.649 E272.69926
G0 F9000 X122.564 Y84.098
G1 F1500 X111.662 Y73.196 E273.41718
G0 F9000 X111.578 Y72.546
G1 F1500 X122.579 Y83.546 E274.14158
G0 F9000 X122.593 Y82.995
G1 F1500 X111.494 Y71.896 E274.87247
G0 F9000 X111.409 Y71.245
G1 F1500 X122.607 Y82.443 E275.60988
G0 F9000 X122.621 Y81.892
G1 F1500 X111.325 Y70.596 E276.35374
G0 F9000 X111.241 Y69.946
G1 F1500 X122.651 Y81.356 E277.10511
G0 F9000 X122.691 Y80.83
G1 F1500 X111.157 Y69.296 E277.86464
G0 F9000 X111.073 Y68.646
G1 F1500 X122.732 Y80.306 E278.63244
G0 F9000 X122.772 Y79.78
G1 F1500 X110.988 Y67.996 E279.40843
G0 F9000 X110.904 Y67.346
G1 F1500 X122.813 Y79.256 E280.19269
G0 F9000 X122.854 Y78.73
G1 F1500 X110.803 Y66.68 E280.98624
G0 F9000 X110.677 Y65.988
G1 F1500 X122.895 Y78.206 E281.79082
G0 F9000 X122.935 Y77.68
G1 F1500 X110.551 Y65.297 E282.60629
G0 F9000 X110.425 Y64.604
G1 F1500 X122.976 Y77.155 E283.4328
G0 F9000 X123.016 Y76.63
G1 F1500 X110.299 Y63.913 E284.27023
G0 F9000 X110.172 Y63.221
G1 F1500 X123.057 Y76.105 E285.1187
G0 F9000 X123.098 Y75.58
G1 F1500 X110.047 Y62.529 E285.97813
G0 F9000 X109.92 Y61.837
G1 F1500 X123.139 Y75.055 E286.84859
G0 F9000 X123.179 Y74.53
G1 F1500 X109.794 Y61.145 E287.73002
G0 F9000 X109.668 Y60.454
G1 F1500 X123.231 Y74.016 E288.62313
G0 F9000 X123.296 Y73.515
G1 F1500 X109.559 Y59.779 E289.5277
G0 F9000 X109.559 Y59.213
G1 F1500 X123.36 Y73.014 E290.43652
G0 F9000 X123.425 Y72.513
G1 F1500 X109.559 Y58.648 E291.34959
G0 F9000 X109.559 Y58.082
G1 F1500 X123.49 Y72.013 E292.26697
G0 F9000 X123.554 Y71.511
G1 F1500 X109.559 Y57.516 E293.18856
G0 F9000 X109.559 Y56.951
G1 F1500 X123.619 Y71.011 E294.11444
G0 F9000 X123.684 Y70.509
G1 F1500 X109.559 Y56.385 E295.04456
G0 F9000 X109.559 Y55.819
G1 F1500 X123.749 Y70.009 E295.979
G0 F9000 X123.814 Y69.508
G1 F1500 X109.559 Y55.254 E296.91768
G0 F9000 X109.559 Y54.688
G1 F1500 X123.878 Y69.007 E297.86061
G0 F9000 X123.943 Y68.506
G1 F1500 X109.559 Y54.122 E298.80782
G0 F9000 X109.559 Y53.556
G1 F1500 X124.008 Y68.005 E299.75931
G0 F9000 X124.073 Y67.504
G1 F1500 X109.559 Y52.991 E300.71505
G0 F9000 X109.559 Y52.425
G1 F1500 X124.138 Y67.004 E301.6751
G0 F9000 X124.223 Y66.523
G1 F1500 X109.559 Y51.859 E302.64075
G0 F9000 X109.559 Y51.294
G1 F1500 X124.31 Y66.045 E303.61213
G0 F9000 X124.397 Y65.566
G1 F1500 X109.559 Y50.728 E304.58924
G0 F9000 X109.559 Y50.162
G1 F1500 X124.485 Y65.088 E305.57214
G0 F9000 X124.572 Y64.609
G1 F1500 X109.559 Y49.597 E306.56074
G0 F9000 X109.559 Y49.031
G1 F1500 X124.659 Y64.131 E307.5551
G0 F9000 X124.746 Y63.652
G1 F1500 X109.559 Y48.465 E308.55519
G0 F9000 X109.559 Y47.9
G1 F1500 X124.834 Y63.174 E309.56104
G0 F9000 X124.921 Y62.695
G1 F1500 X109.559 Y47.334 E310.57262
G0 F9000 X109.559 Y46.768
G1 F1500 X125.007 Y62.216 E311.5899
G0 F9000 X125.094 Y61.738
G1 F1500 X109.559 Y46.203 E312.61291
G0 F9000 X109.559 Y45.637
G1 F1500 X125.181 Y61.259 E313.64164
G0 F9000 X125.269 Y60.781
G1 F1500 X109.559 Y45.071 E314.67617
G0 F9000 X109.559 Y44.506
G1 F1500 X125.356 Y60.302 E315.7164
G0 F9000 X125.438 Y59.819
G1 F1500 X109.559 Y43.94 E316.76206
G0 F9000 X109.559 Y43.374
G1 F1500 X125.438 Y59.253 E317.80772
G0 F9000 X125.438 Y58.687
G1 F1500 X109.559 Y42.808 E318.85338
G0 F9000 X109.559 Y42.243
G1 F1500 X125.438 Y58.122 E319.89904
G0 F9000 X125.438 Y57.556
G1 F1500 X109.559 Y41.677 E320.94469
G0 F9000 X109.559 Y41.111
G1 F1500 X125.438 Y56.99 E321.99035
G0 F9000 X125.438 Y56.424
G1 F1500 X109.559 Y40.546 E323.03598
G0 F9000 X109.559 Y39.98
G1 F1500 X125.438 Y55.859 E324.08164
G0 F9000 X125.438 Y55.293
G1 F1500 X109.559 Y39.414 E325.1273
G0 F9000 X109.559 Y38.849
G1 F1500 X125.438 Y54.727 E326.17293
G0 F9000 X125.438 Y54.162
G1 F1500 X109.559 Y38.283 E327.21858
G0 F9000 X109.559 Y37.717
G1 F1500 X125.438 Y53.596 E328.26424
G0 F9000 X125.438 Y53.03
G1 F1500 X109.559 Y37.152 E329.30987
G0 F9000 X109.559 Y36.586
G1 F1500 X125.438 Y52.465 E330.35553
G0 F9000 X125.438 Y51.899
G1 F1500 X110.1 Y36.56 E331.3656
G0 F9000 X110.665 Y36.56
G1 F1500 X125.438 Y51.333 E332.33842
G0 F9000 X125.438 Y50.768
G1 F1500 X111.231 Y36.56 E333.27401
G0 F9000 X111.797 Y36.56
G1 F1500 X125.438 Y50.202 E334.17233
G0 F9000 X125.438 Y49.636
G1 F1500 X112.362 Y36.56 E335.0334
G0 F9000 X112.928 Y36.56
G1 F1500 X125.438 Y49.071 E335.85724
G0 F9000 X125.438 Y48.505
G1 F1500 X113.494 Y36.56 E336.64381
G0 F9000 X114.059 Y36.56
G1 F1500 X125.438 Y47.939 E337.39313
G0 F9000 X125.438 Y47.374
G1 F1500 X114.625 Y36.56 E338.10522
G0 F9000 X115.191 Y36.56
G1 F1500 X125.438 Y46.808 E338.78004
G0 F9000 X125.438 Y46.242
G1 F1500 X115.756 Y36.56 E339.41761
G0 F9000 X116.322 Y36.56
G1 F1500 X125.438 Y45.676 E340.01792
G0 F9000 X125.438 Y45.111
G1 F1500 X116.888 Y36.56 E340.58098
G0 F9000 X117.453 Y36.56
G1 F1500 X125.438 Y44.545 E341.10681
G0 F9000 X125.438 Y43.979
G1 F1500 X118.019 Y36.56 E341.59536
G0 F9000 X118.585 Y36.56
G1 F1500 X125.438 Y43.414 E342.04668
G0 F9000 X125.438 Y42.848
G1 F1500 X119.151 Y36.56 E342.46072
G0 F9000 X119.716 Y36.56
G1 F1500 X125.438 Y42.282 E342.83752
G0 F9000 X125.438 Y41.717
G1 F1500 X120.282 Y36.56 E343.17709
G0 F9000 X120.848 Y36.56
G1 F1500 X125.438 Y41.151 E343.47938
G0 F9000 X125.438 Y40.585
G1 F1500 X121.413 Y36.56 E343.74443
G0 F9000 X121.979 Y36.56
G1 F1500 X125.438 Y40.02 E343.97225
G0 F9000 X125.438 Y39.454
G1 F1500 X122.545 Y36.56 E344.16279
G0 F9000 X123.11 Y36.56
G1 F1500 X125.438 Y38.888 E344.31609
G0 F9000 X125.438 Y38.323
G1 F1500 X123.676 Y36.56 E344.43216
G0 F9000 X124.242 Y36.56
G1 F1500 X125.438 Y37.757 E344.51095
G0 F9000 X125.438 Y37.191
G1 F1500 X124.807 Y36.56 E344.5525
G0 F9000 X125.373 Y36.56
G1 F1500 X125.438 Y36.626 E344.55681
G1 F2700 E339.55681
;MESH:NONMESH
G0 F300 X125.438 Y36.626 Z4.48
G0 F9000 X125.9 Y36.626
G0 X125.838 Y59.892
G0 X123.917 Y74.337
G0 X123.35 Y81.659
G0 X123.161 Y88.99
G0 X123.161 Y146.01
G0 X123.35 Y153.341
G0 X123.809 Y159.271
G0 X124.701 Y167.971
;TIME_ELAPSED:4504.225919
;LAYER:15
;TYPE:WALL-INNER
;MESH:D638-22 Tensile.STL
G1 F2700 E344.55681
G1 F1500 X126 Y175.089 E344.89373
G1 X126 Y175.858 E344.92954
G1 X126 Y199 E346.00713
G1 X109 Y199 E346.79872
G1 X109 Y175.093 E347.91193
G1 X110.299 Y167.972 E348.24898
G1 X111.245 Y160.664 E348.59211
G1 X111.812 Y153.324 E348.93491
G1 X112 Y146.027 E349.2748
G1 X112 Y88.973 E351.93148
G1 X111.81 Y81.625 E352.27375
G1 X111.246 Y74.345 E352.61375
G1 X110.299 Y67.028 E352.9573
G1 X109.001 Y59.911 E353.29416
G1 X109 Y36 E354.40756
G1 X126 Y36 E355.19915
G1 X125.999 Y59.907 E356.31236
G1 X124.701 Y67.027 E356.64936
G1 X123.754 Y74.346 E356.99301
G1 X123.19 Y81.624 E357.33292
G1 X123 Y88.973 E357.67523
G1 X123 Y146.027 E360.33191
G1 X123.188 Y153.323 E360.67175
G1 X123.754 Y160.654 E361.01413
G1 X124.701 Y167.971 E361.35768
G1 F2700 E356.35768
G0 F9000 X125.839 Y175.105
G0 X125.828 Y198.828
G0 X108.87 Y199.13
G1 F2700 E361.35768
G0 F9000 X108.6 Y199.4
G1 F1500 X126.4 Y199.4 E362.18652
G1 X126.4 Y175.858 E363.28274
G1 X126.4 Y175.053 E363.32022
G1 X125.094 Y167.894 E363.65908
G1 X124.156 Y160.654 E363.99902
G1 X123.589 Y153.343 E364.34047
G1 X123.4 Y146.017 E364.68171
G1 X123.4 Y88.983 E367.33746
G1 X123.589 Y81.655 E367.67879
G1 X124.156 Y74.346 E368.02015
G1 X125.094 Y67.104 E368.36019
G1 X126.399 Y59.943 E368.69913
G1 X126.4 Y35.6 E369.83264
G1 X108.6 Y35.6 E370.66148
G1 X108.601 Y59.947 E371.79518
G1 X109.906 Y67.105 E372.13398
G1 X110.847 Y74.376 E372.47537
G1 X111.411 Y81.656 E372.81537
G1 X111.6 Y88.983 E373.15666
G1 X111.6 Y146.017 E375.8124
G1 X111.411 Y153.345 E376.15374
G1 X110.844 Y160.654 E376.4951
G1 X109.906 Y167.896 E376.83514
G1 X108.6 Y175.057 E377.17408
G1 X108.6 Y199.4 E378.30759
G1 F2700 E373.30759
G0 F9000 X108.87 Y199.13
G0 X125.828 Y198.828
G0 X125.839 Y175.105
G0 X124.797 Y167.931
G1 F2700 E378.30759
G0 F9000 X125.491 Y167.842
;TYPE:WALL-OUTER
G1 F1500 X126.8 Y175.017 E378.64721
G1 X126.8 Y175.858 E378.68637
G1 X126.8 Y199.8 E379.80121
G1 X108.2 Y199.8 E380.6673
G1 X108.2 Y175.021 E381.82111
G1 X109.507 Y167.854 E382.16034
G1 X110.447 Y160.602 E382.50085
G1 X111.012 Y153.314 E382.84123
G1 X111.2 Y146.007 E383.18159
G1 X111.2 Y88.993 E385.8364
G1 X111.012 Y81.697 E386.17624
G1 X110.448 Y74.407 E386.51671
G1 X109.509 Y67.157 E386.85712
G1 X108.201 Y59.983 E387.19668
G1 X108.2 Y35.2 E388.35068
G1 X126.8 Y35.2 E389.21677
G1 X126.799 Y59.979 E390.37059
G1 X125.493 Y67.146 E390.70981
G1 X124.553 Y74.398 E391.05032
G1 X123.988 Y81.686 E391.39069
G1 X123.8 Y88.993 E391.73105
G1 X123.8 Y146.007 E394.38586
G1 X123.988 Y153.302 E394.72566
G1 X124.552 Y160.592 E395.06613
G1 X125.491 Y167.842 E395.40654
G0 F9000 X124.797 Y167.931
G0 X124.341 Y168.004
;TYPE:SKIN
G1 F1500 X125.64 Y175.122 E395.74346
G1 X125.64 Y175.858 E395.77773
G1 X125.64 Y198.64 E396.83855
G1 X109.36 Y198.64 E397.59662
G1 X109.36 Y175.128 E398.69144
G1 X110.657 Y168.017 E399.02802
G1 X111.598 Y160.752 E399.36913
G1 X112.172 Y153.343 E399.71516
G1 X112.36 Y146.04 E400.05533
G1 X112.36 Y88.961 E402.71317
G1 X112.169 Y81.606 E403.05576
G1 X111.599 Y74.258 E403.39894
G1 X110.659 Y66.995 E403.73996
G1 X109.361 Y59.879 E404.07678
G1 X109.361 Y36.361 E405.17187
G1 X125.639 Y36.361 E405.92985
G1 X125.639 Y59.872 E407.02462
G1 X124.343 Y66.983 E407.36119
G1 X123.402 Y74.247 E407.70226
G1 X122.828 Y81.657 E408.04833
G1 X122.64 Y88.961 E408.38855
G1 X122.64 Y146.04 E411.04639
G1 X122.831 Y153.391 E411.3888
G1 X123.401 Y160.741 E411.73207
G1 X124.341 Y168.004 E412.07309
G1 F2700 E407.07309
G0 F9000 X124.597 Y167.957
G0 X125.839 Y175.105
G0 X125.9 Y198.132
G1 F2700 E412.07309
G0 F9000 X125.44 Y198.132
G1 F1500 X125.133 Y198.438 E412.09327
G0 F9000 X124.567 Y198.438
G1 F1500 X125.44 Y197.566 E412.15073
G0 F9000 X125.44 Y197
G1 F1500 X124.001 Y198.438 E412.24545
G0 F9000 X123.436 Y198.438
G1 F1500 X125.44 Y196.434 E412.37742
G0 F9000 X125.44 Y195.869
G1 F1500 X122.87 Y198.438 E412.54663
G0 F9000 X122.304 Y198.438
G1 F1500 X125.44 Y195.303 E412.7531
G0 F9000 X125.44 Y194.737
G1 F1500 X121.739 Y198.438 E412.99682
G0 F9000 X121.173 Y198.438
G1 F1500 X125.44 Y194.172 E413.27778
G0 F9000 X125.44 Y193.606
G1 F1500 X120.607 Y198.438 E413.59601
G0 F9000 X120.041 Y198.438
G1 F1500 X125.44 Y193.04 E413.95151
G0 F9000 X125.44 Y192.475
G1 F1500 X119.476 Y198.438 E414.34421
G0 F9000 X118.91 Y198.438
G1 F1500 X125.44 Y191.909 E414.77419
G0 F9000 X125.44 Y191.343
G1 F1500 X118.344 Y198.438 E415.24144
G0 F9000 X117.779 Y198.438
G1 F1500 X125.44 Y190.778 E415.7459
G0 F9000 X125.44 Y190.212
G1 F1500 X117.213 Y198.438 E416.28763
G0 F9000 X116.647 Y198.438
G1 F1500 X125.44 Y189.646 E416.86663
G0 F9000 X125.44 Y189.081
G1 F1500 X116.082 Y198.438 E417.48284
G0 F9000 X115.516 Y198.438
G1 F1500 X125.44 Y188.515 E418.13632
G0 F9000 X125.44 Y187.949
G1 F1500 X114.95 Y198.438 E418.82707
G0 F9000 X114.385 Y198.438
G1 F1500 X125.44 Y187.384 E419.55503
G0 F9000 X125.44 Y186.818
G1 F1500 X113.819 Y198.438 E420.32026
G0 F9000 X113.253 Y198.438
G1 F1500 X125.44 Y186.252 E421.12276
G0 F9000 X125.44 Y185.686
G1 F1500 X112.688 Y198.438 E421.9625
G0 F9000 X112.122 Y198.438
G1 F1500 X125.44 Y185.121 E422.83948
G0 F9000 X125.44 Y184.555
G1 F1500 X111.556 Y198.438 E423.75373
G0 F9000 X110.991 Y198.438
G1 F1500 X125.44 Y183.989 E424.70522
G0 F9000 X125.44 Y183.424
G1 F1500 X110.425 Y198.438 E425.69395
G0 F9000 X109.859 Y198.438
G1 F1500 X125.44 Y182.858 E426.71996
G0 F9000 X125.44 Y182.292
G1 F1500 X109.559 Y198.173 E427.76575
G0 F9000 X109.559 Y197.607
G1 F1500 X125.44 Y181.727 E428.8115
G0 F9000 X125.44 Y181.161
G1 F1500 X109.559 Y197.041 E429.85726
G0 F9000 X109.559 Y196.475
G1 F1500 X125.44 Y180.595 E430.90302
G0 F9000 X125.44 Y180.03
G1 F1500 X109.559 Y195.91 E431.94878
G0 F9000 X109.559 Y195.344
G1 F1500 X125.44 Y179.464 E432.99454
G0 F9000 X125.44 Y178.898
G1 F1500 X109.559 Y194.778 E434.04029
G0 F9000 X109.559 Y194.213
G1 F1500 X125.44 Y178.333 E435.08605
G0 F9000 X125.44 Y177.767
G1 F1500 X109.559 Y193.647 E436.13181
G0 F9000 X109.559 Y193.081
G1 F1500 X125.44 Y177.201 E437.17757
G0 F9000 X125.44 Y176.635
G1 F1500 X109.559 Y192.516 E438.22336
G0 F9000 X109.559 Y191.95
G1 F1500 X125.44 Y176.07 E439.26912
G0 F9000 X125.44 Y175.504
G1 F1500 X109.559 Y191.384 E440.31488
G0 F9000 X109.559 Y190.819
G1 F1500 X125.408 Y174.97 E441.35856
G0 F9000 X125.321 Y174.492
G1 F1500 X109.559 Y190.253 E442.39648
G0 F9000 X109.559 Y189.687
G1 F1500 X125.234 Y174.013 E443.42867
G0 F9000 X125.146 Y173.535
G1 F1500 X109.559 Y189.122 E444.4551
G0 F9000 X109.559 Y188.556
G1 F1500 X125.059 Y173.056 E445.47581
G0 F9000 X124.971 Y172.578
G1 F1500 X109.559 Y187.99 E446.49071
G0 F9000 X109.559 Y187.425
G1 F1500 X124.884 Y172.099 E447.49992
G0 F9000 X124.797 Y171.621
G1 F1500 X109.559 Y186.859 E448.50337
G0 F9000 X109.559 Y186.293
G1 F1500 X124.71 Y171.143 E449.50106
G0 F9000 X124.623 Y170.664
G1 F1500 X109.559 Y185.727 E450.49301
G0 F9000 X109.559 Y185.162
G1 F1500 X124.535 Y170.186 E451.47921
G0 F9000 X124.448 Y169.707
G1 F1500 X109.559 Y184.596 E452.45968
G0 F9000 X109.559 Y184.03
G1 F1500 X124.36 Y169.229 E453.43435
G0 F9000 X124.274 Y168.751
G1 F1500 X109.559 Y183.465 E454.40332
G0 F9000 X109.559 Y182.899
G1 F1500 X124.186 Y168.273 E455.3665
G0 F9000 X124.111 Y167.782
G1 F1500 X109.559 Y182.333 E456.32474
G0 F9000 X109.559 Y181.768
G1 F1500 X124.046 Y167.281 E457.27874
G0 F9000 X123.981 Y166.781
G1 F1500 X109.559 Y181.202 E458.22842
G0 F9000 X109.559 Y180.636
G1 F1500 X123.916 Y166.28 E459.17382
G0 F9000 X123.851 Y165.779
G1 F1500 X109.559 Y180.071 E460.11497
G0 F9000 X109.559 Y179.505
G1 F1500 X123.786 Y165.278 E461.05184
G0 F9000 X123.721 Y164.777
G1 F1500 X109.559 Y178.939 E461.98443
G0 F9000 X109.559 Y178.374
G1 F1500 X123.656 Y164.277 E462.91275
G0 F9000 X123.591 Y163.776
G1 F1500 X109.559 Y177.808 E463.83678
G0 F9000 X109.559 Y177.242
G1 F1500 X123.527 Y163.275 E464.75656
G0 F9000 X123.462 Y162.774
G1 F1500 X109.559 Y176.676 E465.67206
G0 F9000 X109.559 Y176.111
G1 F1500 X123.397 Y162.273 E466.58332
G0 F9000 X123.332 Y161.773
G1 F1500 X109.559 Y175.545 E467.49026
G0 F9000 X109.597 Y174.942
G1 F1500 X123.267 Y161.272 E468.39045
G0 F9000 X123.202 Y160.771
G1 F1500 X109.723 Y174.25 E469.27807
G0 F9000 X109.849 Y173.558
G1 F1500 X123.161 Y160.246 E470.15469
G0 F9000 X123.121 Y159.721
G1 F1500 X109.975 Y172.867 E471.02037
G0 F9000 X110.102 Y172.174
G1 F1500 X123.08 Y159.196 E471.875
G0 F9000 X123.039 Y158.671
G1 F1500 X110.228 Y171.483 E472.71866
G0 F9000 X110.354 Y170.791
G1 F1500 X122.999 Y158.146 E473.55135
G0 F9000 X122.958 Y157.621
G1 F1500 X110.48 Y170.099 E474.37305
G0 F9000 X110.607 Y169.407
G1 F1500 X122.917 Y157.096 E475.18372
G0 F9000 X122.876 Y156.571
G1 F1500 X110.732 Y168.715 E475.98342
G0 F9000 X110.858 Y168.024
G1 F1500 X122.835 Y156.047 E476.77213
G0 F9000 X122.795 Y155.521
G1 F1500 X110.942 Y167.374 E477.55267
G0 F9000 X111.026 Y166.725
G1 F1500 X122.754 Y154.997 E478.32498
G0 F9000 X122.713 Y154.472
G1 F1500 X111.11 Y166.075 E479.08905
G0 F9000 X111.194 Y165.425
G1 F1500 X122.673 Y153.947 E479.84493
G0 F9000 X122.632 Y153.422
G1 F1500 X111.278 Y164.775 E480.59258
G0 F9000 X111.362 Y164.126
G1 F1500 X122.617 Y152.871 E481.33374
G0 F9000 X122.603 Y152.319
G1 F1500 X111.446 Y163.476 E482.06845
G0 F9000 X111.53 Y162.826
G1 F1500 X122.588 Y151.768 E482.79664
G0 F9000 X122.574 Y151.217
G1 F1500 X111.614 Y162.177 E483.51837
G0 F9000 X111.698 Y161.527
G1 F1500 X122.559 Y150.666 E484.23359
G0 F9000 X122.545 Y150.114
G1 F1500 X111.782 Y160.878 E484.94238
G0 F9000 X111.836 Y160.257
G1 F1500 X122.53 Y149.563 E485.6466
G0 F9000 X122.516 Y149.012
G1 F1500 X111.884 Y159.644 E486.34673
G0 F9000 X111.931 Y159.031
G1 F1500 X122.502 Y148.46 E487.04285
G0 F9000 X122.487 Y147.909
G1 F1500 X111.978 Y158.418 E487.73489
G0 F9000 X112.026 Y157.805
G1 F1500 X122.473 Y147.358 E488.42284
G0 F9000 X122.459 Y146.806
G1 F1500 X112.074 Y157.191 E489.10671
G0 F9000 X112.121 Y156.578
G1 F1500 X122.444 Y146.255 E489.7865
G0 F9000 X122.439 Y145.695
G1 F1500 X112.169 Y155.965 E490.46279
G0 F9000 X112.216 Y155.352
G1 F1500 X122.439 Y145.13 E491.13596
G0 F9000 X122.439 Y144.564
G1 F1500 X112.263 Y154.739 E491.80604
G0 F9000 X112.311 Y154.126
G1 F1500 X122.439 Y143.998 E492.47298
G0 F9000 X122.439 Y143.433
G1 F1500 X112.358 Y153.513 E493.1368
G0 F9000 X112.383 Y152.923
G1 F1500 X122.439 Y142.867 E493.79901
G0 F9000 X122.439 Y142.301
G1 F1500 X112.398 Y152.342 E494.46022
G0 F9000 X112.413 Y151.762
G1 F1500 X122.439 Y141.736 E495.12045
G0 F9000 X122.439 Y141.17
G1 F1500 X112.427 Y151.181 E495.77973
G0 F9000 X112.442 Y150.601
G1 F1500 X122.439 Y140.604 E496.43805
G0 F9000 X122.439 Y140.038
G1 F1500 X112.457 Y150.02 E497.09538
G0 F9000 X112.473 Y149.439
G1 F1500 X122.439 Y139.473 E497.75166
G0 F9000 X122.439 Y138.907
G1 F1500 X112.487 Y148.858 E498.40698
G0 F9000 X112.502 Y148.278
G1 F1500 X122.439 Y138.341 E499.06135
G0 F9000 X122.439 Y137.776
G1 F1500 X112.517 Y147.697 E499.7147
G0 F9000 X112.532 Y147.117
G1 F1500 X122.439 Y137.21 E500.36709
G0 F9000 X122.439 Y136.644
G1 F1500 X112.548 Y146.535 E501.01843
G0 F9000 X112.56 Y145.958
G1 F1500 X122.439 Y136.079 E501.66898
G0 F9000 X122.439 Y135.513
G1 F1500 X112.56 Y145.392 E502.31953
G0 F9000 X112.56 Y144.826
G1 F1500 X122.439 Y134.947 E502.97008
G0 F9000 X122.439 Y134.382
G1 F1500 X112.56 Y144.261 E503.62062
G0 F9000 X112.56 Y143.695
G1 F1500 X122.439 Y133.816 E504.27117
G0 F9000 X122.439 Y133.25
G1 F1500 X112.56 Y143.129 E504.92172
G0 F9000 X112.56 Y142.564
G1 F1500 X122.439 Y132.685 E505.57227
G0 F9000 X122.439 Y132.119
G1 F1500 X112.56 Y141.998 E506.22282
G0 F9000 X112.56 Y141.432
G1 F1500 X122.439 Y131.553 E506.87337
G0 F9000 X122.439 Y130.987
G1 F1500 X112.56 Y140.866 E507.52392
G0 F9000 X112.56 Y140.301
G1 F1500 X122.439 Y130.422 E508.17447
G0 F9000 X122.439 Y129.856
G1 F1500 X112.56 Y139.735 E508.82502
G0 F9000 X112.56 Y139.169
G1 F1500 X122.439 Y129.29 E509.47557
G0 F9000 X122.439 Y128.725
G1 F1500 X112.56 Y138.604 E510.12611
G0 F9000 X112.56 Y138.038
G1 F1500 X122.439 Y128.159 E510.77666
G0 F9000 X122.439 Y127.593
G1 F1500 X112.56 Y137.472 E511.42721
G0 F9000 X112.56 Y136.907
G1 F1500 X122.439 Y127.028 E512.07776
G0 F9000 X122.439 Y126.462
G1 F1500 X112.56 Y136.341 E512.72831
G0 F9000 X112.56 Y135.775
G1 F1500 X122.439 Y125.896 E513.37886
G0 F9000 X122.439 Y125.331
G1 F1500 X112.56 Y135.21 E514.02941
G0 F9000 X112.56 Y134.644
G1 F1500 X122.439 Y124.765 E514.67996
G0 F9000 X122.439 Y124.199
G1 F1500 X112.56 Y134.078 E515.33051
G0 F9000 X112.56 Y133.513
G1 F1500 X122.439 Y123.634 E515.98106
G0 F9000 X122.439 Y123.068
G1 F1500 X112.56 Y132.947 E516.63161
G0 F9000 X112.56 Y132.381
G1 F1500 X122.439 Y122.502 E517.28215
G0 F9000 X122.439 Y121.937
G1 F1500 X112.56 Y131.816 E517.9327
G0 F9000 X112.56 Y131.25
G1 F1500 X122.439 Y121.371 E518.58325
G0 F9000 X122.439 Y120.805
G1 F1500 X112.56 Y130.684 E519.2338
G0 F9000 X112.56 Y130.118
G1 F1500 X122.439 Y120.239 E519.88435
G0 F9000 X122.439 Y119.674
G1 F1500 X112.56 Y129.553 E520.5349
G0 F9000 X112.56 Y128.987
G1 F1500 X122.439 Y119.108 E521.18545
G0 F9000 X122.439 Y118.542
G1 F1500 X112.56 Y128.421 E521.836
G0 F9000 X112.56 Y127.856
G1 F1500 X122.439 Y117.977 E522.48655
G0 F9000 X122.439 Y117.411
G1 F1500 X112.56 Y127.29 E523.1371
G0 F9000 X112.56 Y126.724
G1 F1500 X122.439 Y116.845 E523.78764
G0 F9000 X122.439 Y116.28
G1 F1500 X112.56 Y126.159 E524.43819
G0 F9000 X112.56 Y125.593
G1 F1500 X122.439 Y115.714 E525.08874
G0 F9000 X122.439 Y115.148
G1 F1500 X112.56 Y125.027 E525.73929
G0 F9000 X112.56 Y124.462
G1 F1500 X122.439 Y114.583 E526.38984
G0 F9000 X122.439 Y114.017
G1 F1500 X112.56 Y123.896 E527.04039
G0 F9000 X112.56 Y123.33
G1 F1500 X122.439 Y113.451 E527.69094
G0 F9000 X122.439 Y112.886
G1 F1500 X112.56 Y122.765 E528.34149
G0 F9000 X112.56 Y122.199
G1 F1500 X122.439 Y112.32 E528.99204
G0 F9000 X122.439 Y111.754
G1 F1500 X112.56 Y121.633 E529.64259
G0 F9000 X112.56 Y121.067
G1 F1500 X122.439 Y111.189 E530.2931
G0 F9000 X122.439 Y110.623
G1 F1500 X112.56 Y120.502 E530.94365
G0 F9000 X112.56 Y119.936
G1 F1500 X122.439 Y110.057 E531.5942
G0 F9000 X122.439 Y109.491
G1 F1500 X112.56 Y119.37 E532.24475
G0 F9000 X112.56 Y118.805
G1 F1500 X122.439 Y108.926 E532.8953
G0 F9000 X122.439 Y108.36
G1 F1500 X112.56 Y118.239 E533.54585
G0 F9000 X112.56 Y117.673
G1 F1500 X122.439 Y107.794 E534.1964
G0 F9000 X122.439 Y107.229
G1 F1500 X112.56 Y117.108 E534.84694
G0 F9000 X112.56 Y116.542
G1 F1500 X122.439 Y106.663 E535.49749
G0 F9000 X122.439 Y106.097
G1 F1500 X112.56 Y115.976 E536.14804
G0 F9000 X112.56 Y115.411
G1 F1500 X122.439 Y105.532 E536.79859
G0 F9000 X122.439 Y104.966
G1 F1500 X112.56 Y114.845 E537.44914
G0 F9000 X112.56 Y114.279
G1 F1500 X122.439 Y104.4 E538.09969
G0 F9000 X122.439 Y103.835
G1 F1500 X112.56 Y113.714 E538.75024
G0 F9000 X112.56 Y113.148
G1 F1500 X122.439 Y103.269 E539.40079
G0 F9000 X122.439 Y102.703
G1 F1500 X112.56 Y112.582 E540.05134
G0 F9000 X112.56 Y112.017
G1 F1500 X122.439 Y102.138 E540.70189
G0 F9000 X122.439 Y101.572
G1 F1500 X112.56 Y111.451 E541.35243
G0 F9000 X112.56 Y110.885
G1 F1500 X122.439 Y101.006 E542.00298
G0 F9000 X122.439 Y100.44
G1 F1500 X112.56 Y110.319 E542.65353
G0 F9000 X112.56 Y109.754
G1 F1500 X122.439 Y99.875 E543.30408
G0 F9000 X122.439 Y99.309
G1 F1500 X112.56 Y109.188 E543.95463
G0 F9000 X112.56 Y108.622
G1 F1500 X122.439 Y98.743 E544.60518
G0 F9000 X122.439 Y98.178
G1 F1500 X112.56 Y108.057 E545.25573
G0 F9000 X112.56 Y107.491
G1 F1500 X122.439 Y97.612 E545.90628
G0 F9000 X122.439 Y97.046
G1 F1500 X112.56 Y106.925 E546.55683
G0 F9000 X112.56 Y106.36
G1 F1500 X122.439 Y96.481 E547.20738
G0 F9000 X122.439 Y95.915
G1 F1500 X112.56 Y105.794 E547.85793
G0 F9000 X112.56 Y105.228
G1 F1500 X122.439 Y95.349 E548.50847
G0 F9000 X122.439 Y94.784
G1 F1500 X112.56 Y104.663 E549.15902
G0 F9000 X112.56 Y104.097
G1 F1500 X122.439 Y94.218 E549.80957
G0 F9000 X122.439 Y93.652
G1 F1500 X112.56 Y103.531 E550.46012
G0 F9000 X112.56 Y102.966
G1 F1500 X122.439 Y93.087 E551.11067
G0 F9000 X122.439 Y92.521
G1 F1500 X112.56 Y102.4 E551.76122
G0 F9000 X112.56 Y101.834
G1 F1500 X122.439 Y91.955 E552.41177
G0 F9000 X122.439 Y91.39
G1 F1500 X112.56 Y101.269 E553.06232
G0 F9000 X112.56 Y100.703
G1 F1500 X122.439 Y90.824 E553.71287
G0 F9000 X122.439 Y90.258
G1 F1500 X112.56 Y100.137 E554.36342
G0 F9000 X112.56 Y99.571
G1 F1500 X122.439 Y89.692 E555.01396
G0 F9000 X122.439 Y89.127
G1 F1500 X112.56 Y99.006 E555.66451
G0 F9000 X112.56 Y98.44
G1 F1500 X122.448 Y88.551 E556.31569
G0 F9000 X122.463 Y87.971
G1 F1500 X112.56 Y97.874 E556.96782
G0 F9000 X112.56 Y97.309
G1 F1500 X122.479 Y87.389 E557.62103
G0 F9000 X122.494 Y86.809
G1 F1500 X112.56 Y96.743 E558.2752
G0 F9000 X112.56 Y96.177
G1 F1500 X122.509 Y86.228 E558.93036
G0 F9000 X122.523 Y85.648
G1 F1500 X112.56 Y95.612 E559.58648
G0 F9000 X112.56 Y95.046
G1 F1500 X122.538 Y85.067 E560.24358
G0 F9000 X122.553 Y84.487
G1 F1500 X112.56 Y94.48 E560.90163
G0 F9000 X112.56 Y93.915
G1 F1500 X122.569 Y83.905 E561.56078
G0 F9000 X122.584 Y83.325
G1 F1500 X112.56 Y93.349 E562.22087
G0 F9000 X112.56 Y92.783
G1 F1500 X122.598 Y82.744 E562.88193
G0 F9000 X122.613 Y82.164
G1 F1500 X112.56 Y92.218 E563.54397
G0 F9000 X112.56 Y91.652
G1 F1500 X122.633 Y81.578 E564.20732
G0 F9000 X122.68 Y80.965
G1 F1500 X112.56 Y91.086 E564.87378
G0 F9000 X112.56 Y90.52
G1 F1500 X122.728 Y80.352 E565.54336
G0 F9000 X122.775 Y79.739
G1 F1500 X112.56 Y89.955 E566.21606
G0 F9000 X112.56 Y89.389
G1 F1500 X122.823 Y79.126 E566.8919
G0 F9000 X122.87 Y78.513
G1 F1500 X112.556 Y88.827 E567.57109
G0 F9000 X112.541 Y88.276
G1 F1500 X122.917 Y77.9 E568.25437
G0 F9000 X122.965 Y77.287
G1 F1500 X112.527 Y87.725 E568.94173
G0 F9000 X112.513 Y87.173
G1 F1500 X123.012 Y76.674 E569.63311
G0 F9000 X123.06 Y76.06
G1 F1500 X112.498 Y86.622 E570.32864
G0 F9000 X112.484 Y86.071
G1 F1500 X123.107 Y75.447 E571.02821
G0 F9000 X123.155 Y74.834
G1 F1500 X112.47 Y85.519 E571.73184
G0 F9000 X112.455 Y84.968
G1 F1500 X123.204 Y74.22 E572.43964
G0 F9000 X123.288 Y73.57
G1 F1500 X112.441 Y84.417 E573.15394
G0 F9000 X112.427 Y83.865
G1 F1500 X123.371 Y72.921 E573.87462
G0 F9000 X123.455 Y72.271
G1 F1500 X112.412 Y83.314 E574.60182
G0 F9000 X112.398 Y82.763
G1 F1500 X123.54 Y71.621 E575.33554
G0 F9000 X123.624 Y70.971
G1 F1500 X112.384 Y82.211 E576.07571
G0 F9000 X112.369 Y81.66
G1 F1500 X123.708 Y70.321 E576.8224
G0 F9000 X123.792 Y69.671
G1 F1500 X112.332 Y81.132 E577.5771
G0 F9000 X112.292 Y80.606
G1 F1500 X123.876 Y69.022 E578.33992
G0 F9000 X123.96 Y68.372
G1 F1500 X112.251 Y80.081 E579.11098
G0 F9000 X112.21 Y79.557
G1 F1500 X124.044 Y67.723 E579.89027
G0 F9000 X124.128 Y67.073
G1 F1500 X112.169 Y79.031 E580.67776
G0 F9000 X112.128 Y78.507
G1 F1500 X124.247 Y66.388 E581.47581
G0 F9000 X124.373 Y65.696
G1 F1500 X112.088 Y77.981 E582.2848
G0 F9000 X112.047 Y77.457
G1 F1500 X124.499 Y65.005 E583.10479
G0 F9000 X124.625 Y64.313
G1 F1500 X112.006 Y76.932 E583.93577
G0 F9000 X111.966 Y76.407
G1 F1500 X124.751 Y63.621 E584.77772
G0 F9000 X124.877 Y62.93
G1 F1500 X111.925 Y75.882 E585.63063
G0 F9000 X111.884 Y75.357
G1 F1500 X125.003 Y62.238 E586.49454
G0 F9000 X125.129 Y61.546
G1 F1500 X111.843 Y74.832 E587.36944
G0 F9000 X111.802 Y74.307
G1 F1500 X125.255 Y60.855 E588.25531
G0 F9000 X125.381 Y60.163
G1 F1500 X111.741 Y73.802 E589.1535
G0 F9000 X111.676 Y73.302
G1 F1500 X125.437 Y59.541 E590.05968
G0 F9000 X125.437 Y58.975
G1 F1500 X111.611 Y72.801 E590.97015
G0 F9000 X111.547 Y72.3
G1 F1500 X125.437 Y58.409 E591.88486
G0 F9000 X125.437 Y57.844
G1 F1500 X111.482 Y71.799 E592.80382
G0 F9000 X111.417 Y71.298
G1 F1500 X125.437 Y57.278 E593.72706
G0 F9000 X125.437 Y56.712
G1 F1500 X111.352 Y70.798 E594.65462
G0 F9000 X111.287 Y70.297
G1 F1500 X125.437 Y56.147 E595.58642
G0 F9000 X125.437 Y55.581
G1 F1500 X111.222 Y69.796 E596.5225
G0 F9000 X111.157 Y69.295
G1 F1500 X125.437 Y55.015 E597.46286
G0 F9000 X125.437 Y54.45
G1 F1500 X111.092 Y68.795 E598.40751
G0 F9000 X111.027 Y68.294
G1 F1500 X125.437 Y53.884 E599.35643
G0 F9000 X125.437 Y53.318
G1 F1500 X110.962 Y67.793 E600.30963
G0 F9000 X110.898 Y67.292
G1 F1500 X125.437 Y52.752 E601.26708
G0 F9000 X125.437 Y52.187
G1 F1500 X110.826 Y66.798 E602.22924
G0 F9000 X110.739 Y66.32
G1 F1500 X125.437 Y51.621 E603.19716
G0 F9000 X125.437 Y51.055
G1 F1500 X110.651 Y65.842 E604.17088
G0 F9000 X110.564 Y65.363
G1 F1500 X125.437 Y50.49 E605.15029
G0 F9000 X125.437 Y49.924
G1 F1500 X110.476 Y64.885 E606.1355
G0 F9000 X110.389 Y64.406
G1 F1500 X125.437 Y49.358 E607.12644
G0 F9000 X125.437 Y48.793
G1 F1500 X110.303 Y63.928 E608.12307
G0 F9000 X110.215 Y63.45
G1 F1500 X125.437 Y48.227 E609.1255
G0 F9000 X125.437 Y47.661
G1 F1500 X110.128 Y62.971 E610.13365
G0 F9000 X110.04 Y62.493
G1 F1500 X125.437 Y47.096 E611.14757
G0 F9000 X125.437 Y46.53
G1 F1500 X109.953 Y62.014 E612.16722
G0 F9000 X109.866 Y61.535
G1 F1500 X125.437 Y45.964 E613.1926
G0 F9000 X125.437 Y45.399
G1 F1500 X109.779 Y61.057 E614.2237
G0 F9000 X109.692 Y60.579
G1 F1500 X125.437 Y44.833 E615.26057
G0 F9000 X125.437 Y44.267
G1 F1500 X109.605 Y60.1 E616.30317
G0 F9000 X109.56 Y59.579
G1 F1500 X125.437 Y43.702 E617.3487
G0 F9000 X125.437 Y43.136
G1 F1500 X109.56 Y59.013 E618.39422
G0 F9000 X109.56 Y58.448
G1 F1500 X125.437 Y42.57 E619.43979
G0 F9000 X125.437 Y42.004
G1 F1500 X109.56 Y57.882 E620.48535
G0 F9000 X109.56 Y57.316
G1 F1500 X125.437 Y41.439 E621.53087
G0 F9000 X125.437 Y40.873
G1 F1500 X109.56 Y56.75 E622.5764
G0 F9000 X109.56 Y56.185
G1 F1500 X125.437 Y40.307 E623.62196
G0 F9000 X125.437 Y39.742
G1 F1500 X109.56 Y55.619 E624.66749
G0 F9000 X109.56 Y55.053
G1 F1500 X125.437 Y39.176 E625.71302
G0 F9000 X125.437 Y38.61
G1 F1500 X109.56 Y54.488 E626.75858
G0 F9000 X109.56 Y53.922
G1 F1500 X125.437 Y38.045 E627.8041
G0 F9000 X125.437 Y37.479
G1 F1500 X109.56 Y53.356 E628.84963
G0 F9000 X109.56 Y52.791
G1 F1500 X125.437 Y36.913 E629.89519
G0 F9000 X125.225 Y36.56
G1 F1500 X109.56 Y52.225 E630.92676
G0 F9000 X109.56 Y51.659
G1 F1500 X124.659 Y36.56 E631.92105
G0 F9000 X124.093 Y36.56
G1 F1500 X109.56 Y51.094 E632.87811
G0 F9000 X109.56 Y50.528
G1 F1500 X123.528 Y36.56 E633.79793
G0 F9000 X122.962 Y36.56
G1 F1500 X109.56 Y49.962 E634.68047
G0 F9000 X109.56 Y49.397
G1 F1500 X122.396 Y36.56 E635.52578
G0 F9000 X121.83 Y36.56
G1 F1500 X109.56 Y48.831 E636.33381
G0 F9000 X109.56 Y48.265
G1 F1500 X121.265 Y36.56 E637.1046
G0 F9000 X120.699 Y36.56
G1 F1500 X109.56 Y47.7 E637.83816
G0 F9000 X109.56 Y47.134
G1 F1500 X120.133 Y36.56 E638.53444
G0 F9000 X119.568 Y36.56
G1 F1500 X109.56 Y46.568 E639.19349
G0 F9000 X109.56 Y46.002
G1 F1500 X119.002 Y36.56 E639.81526
G0 F9000 X118.436 Y36.56
G1 F1500 X109.56 Y45.437 E640.39979
G0 F9000 X109.56 Y44.871
G1 F1500 X117.871 Y36.56 E640.94708
G0 F9000 X117.305 Y36.56
G1 F1500 X109.56 Y44.305 E641.45711
G0 F9000 X109.56 Y43.74
G1 F1500 X116.739 Y36.56 E641.92989
G0 F9000 X116.174 Y36.56
G1 F1500 X109.56 Y43.174 E642.36543
G0 F9000 X109.56 Y42.608
G1 F1500 X115.608 Y36.56 E642.7637
G0 F9000 X115.042 Y36.56
G1 F1500 X109.56 Y42.043 E643.12473
G0 F9000 X109.56 Y41.477
G1 F1500 X114.477 Y36.56 E643.44853
G0 F9000 X113.911 Y36.56
G1 F1500 X109.56 Y40.911 E643.73505
G0 F9000 X109.56 Y40.346
G1 F1500 X113.345 Y36.56 E643.98433
G0 F9000 X112.779 Y36.56
G1 F1500 X109.56 Y39.78 E644.19634
G0 F9000 X109.56 Y39.214
G1 F1500 X112.214 Y36.56 E644.37111
G0 F9000 X111.648 Y36.56
G1 F1500 X109.56 Y38.649 E644.50864
G0 F9000 X109.56 Y38.083
G1 F1500 X111.082 Y36.56 E644.6089
G0 F9000 X110.517 Y36.56
G1 F1500 X109.56 Y37.517 E644.67192
G0 F9000 X109.56 Y36.951
G1 F1500 X109.951 Y36.56 E644.69767
G1 F2700 E639.69767
;MESH:NONMESH
G0 F300 X109.951 Y36.56 Z4.76
G0 F9000 X109.951 Y36.1
G0 X109.172 Y36.172
G0 X109.162 Y59.896
G0 X111.083 Y74.337
G0 X111.65 Y81.659
G0 X111.839 Y88.99
G0 X111.839 Y146.01
G0 X111.65 Y153.341
G0 X111.083 Y160.663
G0 X110.14 Y167.947
G0 X109.149 Y173.192
G0 X109 Y199
;TIME_ELAPSED:4793.391049
;LAYER:16
;TYPE:WALL-INNER
;MESH:D638-22 Tensile.STL
G1 F2700 E644.69767
G1 F1500 X126 Y199 E645.48926
G1 X126 Y175.858 E646.56685
G1 X126 Y175.089 E646.60266
G1 X124.701 Y167.971 E646.93957
G1 X123.754 Y160.654 E647.28313
G1 X123.188 Y153.323 E647.6255
G1 X123 Y146.027 E647.96535
G1 X123 Y88.973 E650.62202
G1 X123.19 Y81.624 E650.96434
G1 X123.754 Y74.346 E651.30425
G1 X124.701 Y67.027 E651.64789
G1 X125.999 Y59.907 E651.98489
G1 X126 Y36 E653.0981
G1 X109 Y36 E653.88969
G1 X109.001 Y59.911 E655.00309
G1 X110.299 Y67.028 E655.33995
G1 X111.246 Y74.345 E655.68351
G1 X111.81 Y81.625 E656.02351
G1 X112 Y88.973 E656.36578
G1 X112 Y146.027 E659.02245
G1 X111.812 Y153.324 E659.36234
G1 X111.245 Y160.664 E659.70514
G1 X110.299 Y167.972 E660.04827
G1 X109 Y175.093 E660.38533
G1 X109 Y199 E661.49854
G1 F2700 E656.49854
G0 F9000 X125.828 Y198.828
G0 X125.839 Y175.105
G0 X124.797 Y167.931
G1 F2700 E661.49854
G0 F9000 X125.094 Y167.894
G1 F1500 X126.4 Y175.053 E661.83739
G1 X126.4 Y175.858 E661.87488
G1 X126.4 Y199.4 E662.97109
G1 X108.6 Y199.4 E663.79993
G1 X108.6 Y175.057 E664.93344
G1 X109.906 Y167.896 E665.27239
G1 X110.844 Y160.654 E665.61243
G1 X111.411 Y153.345 E665.95379
G1 X111.6 Y146.017 E666.29512
G1 X111.6 Y88.983 E668.95086
G1 X111.411 Y81.656 E669.29215
G1 X110.847 Y74.376 E669.63216
G1 X109.906 Y67.105 E669.97355
G1 X108.601 Y59.947 E670.31235
G1 X108.6 Y35.6 E671.44605
G1 X126.4 Y35.6 E672.27489
G1 X126.399 Y59.943 E673.4084
G1 X125.094 Y67.104 E673.74734
G1 X124.156 Y74.346 E674.08737
G1 X123.589 Y81.655 E674.42873
G1 X123.4 Y88.983 E674.77007
G1 X123.4 Y146.017 E677.42581
G1 X123.589 Y153.343 E677.76705
G1 X124.156 Y160.654 E678.10851
G1 X125.094 Y167.894 E678.44845
G1 F2700 E673.44845
G0 F9000 X124.797 Y167.931
G0 X126.198 Y175.072
G0 X126.082 Y199.082
G0 X108.47 Y199.53
G1 F2700 E678.44845
G0 F9000 X108.2 Y199.8
;TYPE:WALL-OUTER
G1 F1500 X126.8 Y199.8 E679.31454
G1 X126.8 Y175.858 E680.42938
G1 X126.8 Y175.017 E680.46854
G1 X125.491 Y167.842 E680.80816
G1 X124.552 Y160.592 E681.14857
G1 X123.988 Y153.302 E681.48903
G1 X123.8 Y146.007 E681.82883
G1 X123.8 Y88.993 E684.48364
G1 X123.988 Y81.686 E684.824
G1 X124.553 Y74.398 E685.16438
G1 X125.493 Y67.146 E685.50489
G1 X126.799 Y59.979 E685.84411
G1 X126.8 Y35.2 E686.99792
G1 X108.2 Y35.2 E687.86402
G1 X108.201 Y59.983 E689.01802
G1 X109.509 Y67.157 E689.35757
G1 X110.448 Y74.407 E689.69798
G1 X111.012 Y81.697 E690.03845
G1 X111.2 Y88.993 E690.3783
G1 X111.2 Y146.007 E693.03311
G1 X111.012 Y153.314 E693.37346
G1 X110.447 Y160.602 E693.71384
G1 X109.507 Y167.854 E694.05435
G1 X108.2 Y175.021 E694.39358
G1 X108.2 Y199.8 E695.54739
G0 F9000 X108.47 Y199.53
G0 X109.1 Y198.64
G0 X109.36 Y198.64
;TYPE:SKIN
G1 F1500 X125.64 Y198.64 E696.30546
G1 X125.64 Y175.858 E697.36629
G1 X125.64 Y175.122 E697.40056
G1 X124.341 Y168.004 E697.73747
G1 X123.401 Y160.741 E698.07849
G1 X122.831 Y153.391 E698.42177
G1 X122.64 Y146.04 E698.76417
G1 X122.64 Y88.961 E701.42201
G1 X122.828 Y81.657 E701.76223
G1 X123.402 Y74.247 E702.1083
G1 X124.343 Y66.983 E702.44937
G1 X125.639 Y59.872 E702.78594
G1 X125.639 Y36.361 E703.88071
G1 X109.361 Y36.361 E704.63869
G1 X109.361 Y59.879 E705.73378
G1 X110.659 Y66.995 E706.0706
G1 X111.599 Y74.258 E706.41162
G1 X112.169 Y81.606 E706.7548
G1 X112.36 Y88.961 E707.09739
G1 X112.36 Y146.04 E709.75523
G1 X112.172 Y153.343 E710.0954
G1 X111.598 Y160.752 E710.44143
G1 X110.657 Y168.017 E710.78254
G1 X109.36 Y175.128 E711.11913
G1 X109.36 Y198.64 E712.21394
G0 F9000 X109.559 Y198.372
G1 F1500 X109.626 Y198.438 E712.21832
G0 F9000 X110.191 Y198.438
G1 F1500 X109.559 Y197.806 E712.25994
G0 F9000 X109.559 Y197.241
G1 F1500 X110.757 Y198.438 E712.3388
G0 F9000 X111.323 Y198.438
G1 F1500 X109.559 Y196.675 E712.45493
G0 F9000 X109.559 Y196.109
G1 F1500 X111.889 Y198.438 E712.60833
G0 F9000 X112.454 Y198.438
G1 F1500 X109.559 Y195.544 E712.79894
G0 F9000 X109.559 Y194.978
G1 F1500 X113.02 Y198.438 E713.02682
G0 F9000 X113.586 Y198.438
G1 F1500 X109.559 Y194.412 E713.29197
G0 F9000 X109.559 Y193.846
G1 F1500 X114.151 Y198.438 E713.59436
G0 F9000 X114.717 Y198.438
G1 F1500 X109.559 Y193.281 E713.93399
G0 F9000 X109.559 Y192.715
G1 F1500 X115.283 Y198.438 E714.31089
G0 F9000 X115.848 Y198.438
G1 F1500 X109.559 Y192.149 E714.72503
G0 F9000 X109.559 Y191.584
G1 F1500 X116.414 Y198.438 E715.17641
G0 F9000 X116.98 Y198.438
G1 F1500 X109.559 Y191.018 E715.66507
G0 F9000 X109.559 Y190.452
G1 F1500 X117.545 Y198.438 E716.19096
G0 F9000 X118.111 Y198.438
G1 F1500 X109.559 Y189.887 E716.75409
G0 F9000 X109.559 Y189.321
G1 F1500 X118.677 Y198.438 E717.35449
G0 F9000 X119.242 Y198.438
G1 F1500 X109.559 Y188.755 E717.99213
G0 F9000 X109.559 Y188.19
G1 F1500 X119.808 Y198.438 E718.66702
G0 F9000 X120.374 Y198.438
G1 F1500 X109.559 Y187.624 E719.37917
G0 F9000 X109.559 Y187.058
G1 F1500 X120.94 Y198.438 E720.12859
G0 F9000 X121.505 Y198.438
G1 F1500 X109.559 Y186.493 E720.91523
G0 F9000 X109.559 Y185.927
G1 F1500 X122.071 Y198.438 E721.73913
G0 F9000 X122.637 Y198.438
G1 F1500 X109.559 Y185.361 E722.6003
G0 F9000 X109.559 Y184.795
G1 F1500 X123.202 Y198.438 E723.49872
G0 F9000 X123.768 Y198.438
G1 F1500 X109.559 Y184.23 E724.43437
G0 F9000 X109.559 Y183.664
G1 F1500 X124.334 Y198.438 E725.4073
G0 F9000 X124.899 Y198.438
G1 F1500 X109.559 Y183.098 E726.41746
G0 F9000 X109.559 Y182.533
G1 F1500 X125.44 Y198.413 E727.46322
G0 F9000 X125.44 Y197.847
G1 F1500 X109.559 Y181.967 E728.50898
G0 F9000 X109.559 Y181.401
G1 F1500 X125.44 Y197.282 E729.55477
G0 F9000 X125.44 Y196.716
G1 F1500 X109.559 Y180.836 E730.60053
G0 F9000 X109.559 Y180.27
G1 F1500 X125.44 Y196.15 E731.64629
G0 F9000 X125.44 Y195.585
G1 F1500 X109.559 Y179.704 E732.69208
G0 F9000 X109.559 Y179.139
G1 F1500 X125.44 Y195.019 E733.73784
G0 F9000 X125.44 Y194.453
G1 F1500 X109.559 Y178.573 E734.78359
G0 F9000 X109.559 Y178.007
G1 F1500 X125.44 Y193.887 E735.82935
G0 F9000 X125.44 Y193.322
G1 F1500 X109.559 Y177.442 E736.87511
G0 F9000 X109.559 Y176.876
G1 F1500 X125.44 Y192.756 E737.92087
G0 F9000 X125.44 Y192.19
G1 F1500 X109.559 Y176.31 E738.96663
G0 F9000 X109.559 Y175.745
G1 F1500 X125.44 Y191.625 E740.01239
G0 F9000 X125.44 Y191.059
G1 F1500 X109.559 Y175.179 E741.05814
G0 F9000 X109.641 Y174.695
G1 F1500 X125.44 Y190.493 E742.0985
G0 F9000 X125.44 Y189.928
G1 F1500 X109.728 Y174.216 E743.13316
G0 F9000 X109.815 Y173.738
G1 F1500 X125.44 Y189.362 E744.16206
G0 F9000 X125.44 Y188.796
G1 F1500 X109.903 Y173.26 E745.18517
G0 F9000 X109.99 Y172.781
G1 F1500 X125.44 Y188.231 E746.20258
G0 F9000 X125.44 Y187.665
G1 F1500 X110.078 Y172.303 E747.21419
G0 F9000 X110.165 Y171.824
G1 F1500 X125.44 Y187.099 E748.22008
G0 F9000 X125.44 Y186.534
G1 F1500 X110.252 Y171.346 E749.22023
G0 F9000 X110.339 Y170.868
G1 F1500 X125.44 Y185.968 E750.21463
G0 F9000 X125.44 Y185.402
G1 F1500 X110.426 Y170.389 E751.20329
G0 F9000 X110.514 Y169.911
G1 F1500 X125.44 Y184.837 E752.18619
G0 F9000 X125.44 Y184.271
G1 F1500 X110.601 Y169.432 E753.16337
G0 F9000 X110.689 Y168.954
G1 F1500 X125.44 Y183.705 E754.13474
G0 F9000 X125.44 Y183.139
G1 F1500 X110.776 Y168.475 E755.10039
G0 F9000 X110.861 Y167.995
G1 F1500 X125.44 Y182.574 E756.06045
G0 F9000 X125.44 Y182.008
G1 F1500 X110.926 Y167.495 E757.01619
G0 F9000 X110.991 Y166.993
G1 F1500 X125.44 Y181.442 E757.96768
G0 F9000 X125.44 Y180.877
G1 F1500 X111.056 Y166.493 E758.91489
G0 F9000 X111.12 Y165.991
G1 F1500 X125.44 Y180.311 E759.85788
G0 F9000 X125.44 Y179.745
G1 F1500 X111.185 Y165.491 E760.79657
G0 F9000 X111.25 Y164.99
G1 F1500 X125.44 Y179.18 E761.731
G0 F9000 X125.44 Y178.614
G1 F1500 X111.314 Y164.489 E762.66119
G0 F9000 X111.379 Y163.988
G1 F1500 X125.44 Y178.048 E763.5871
G0 F9000 X125.44 Y177.483
G1 F1500 X111.444 Y163.487 E764.50876
G0 F9000 X111.509 Y162.986
G1 F1500 X125.44 Y176.917 E765.42614
G0 F9000 X125.44 Y176.351
G1 F1500 X111.573 Y162.485 E766.33927
G0 F9000 X111.638 Y161.984
G1 F1500 X125.44 Y175.786 E767.24816
G0 F9000 X125.44 Y175.22
G1 F1500 X111.703 Y161.484 E768.15273
G0 F9000 X111.768 Y160.982
G1 F1500 X125.331 Y174.546 E769.04591
G0 F9000 X125.205 Y173.854
G1 F1500 X111.819 Y160.468 E769.9274
G0 F9000 X111.86 Y159.943
G1 F1500 X125.079 Y173.162 E770.79789
G0 F9000 X124.953 Y172.471
G1 F1500 X111.901 Y159.418 E771.65742
G0 F9000 X111.941 Y158.893
G1 F1500 X124.826 Y171.778 E772.50592
G0 F9000 X124.7 Y171.086
G1 F1500 X111.982 Y158.368 E773.34342
G0 F9000 X112.022 Y157.843
G1 F1500 X124.574 Y170.395 E774.17
G0 F9000 X124.447 Y169.702
G1 F1500 X112.063 Y157.318 E774.9855
G0 F9000 X112.104 Y156.793
G1 F1500 X124.322 Y169.011 E775.79008
G0 F9000 X124.195 Y168.318
G1 F1500 X112.145 Y156.268 E776.58359
G0 F9000 X112.185 Y155.743
G1 F1500 X124.095 Y167.652 E777.36785
G0 F9000 X124.01 Y167.003
G1 F1500 X112.226 Y155.218 E778.14388
G0 F9000 X112.266 Y154.693
G1 F1500 X123.926 Y166.353 E778.91171
G0 F9000 X123.841 Y165.702
G1 F1500 X112.307 Y154.168 E779.67125
G0 F9000 X112.347 Y153.642
G1 F1500 X123.757 Y165.052 E780.42261
G0 F9000 X123.673 Y164.403
G1 F1500 X112.377 Y153.107 E781.16648
G0 F9000 X112.391 Y152.555
G1 F1500 X123.589 Y163.753 E781.90388
G0 F9000 X123.505 Y163.103
G1 F1500 X112.405 Y152.003 E782.63484
G0 F9000 X112.42 Y151.452
G1 F1500 X123.421 Y162.453 E783.35927
G0 F9000 X123.337 Y161.803
G1 F1500 X112.434 Y150.9 E784.07725
G0 F9000 X112.448 Y150.349
G1 F1500 X123.252 Y161.153 E784.78871
G0 F9000 X123.183 Y160.518
G1 F1500 X112.463 Y149.798 E785.49465
G0 F9000 X112.477 Y149.246
G1 F1500 X123.136 Y159.905 E786.19656
G0 F9000 X123.088 Y159.292
G1 F1500 X112.491 Y148.695 E786.89439
G0 F9000 X112.505 Y148.143
G1 F1500 X123.04 Y158.679 E787.58817
G0 F9000 X122.993 Y158.065
G1 F1500 X112.519 Y147.592 E788.27787
G0 F9000 X112.533 Y147.04
G1 F1500 X122.946 Y157.452 E788.96355
G0 F9000 X122.897 Y156.839
G1 F1500 X112.548 Y146.489 E789.64508
G0 F9000 X112.559 Y145.934
G1 F1500 X122.85 Y156.226 E790.32279
G0 F9000 X122.803 Y155.612
G1 F1500 X112.559 Y145.369 E790.99735
G0 F9000 X112.559 Y144.803
G1 F1500 X122.755 Y154.999 E791.66877
G0 F9000 X122.707 Y154.386
G1 F1500 X112.559 Y144.237 E792.33707
G0 F9000 X112.559 Y143.672
G1 F1500 X122.66 Y153.773 E793.00223
G0 F9000 X122.626 Y153.173
G1 F1500 X112.559 Y143.106 E793.66516
G0 F9000 X112.559 Y142.54
G1 F1500 X122.61 Y152.592 E794.32707
G0 F9000 X122.596 Y152.011
G1 F1500 X112.559 Y141.975 E794.98799
G0 F9000 X112.559 Y141.409
G1 F1500 X122.58 Y151.43 E795.64789
G0 F9000 X122.565 Y150.849
G1 F1500 X112.559 Y140.843 E796.3068
G0 F9000 X112.559 Y140.277
G1 F1500 X122.55 Y150.268 E796.96473
G0 F9000 X122.535 Y149.688
G1 F1500 X112.559 Y139.712 E797.62167
G0 F9000 X112.559 Y139.146
G1 F1500 X122.52 Y149.107 E798.27761
G0 F9000 X122.504 Y148.526
G1 F1500 X112.559 Y138.58 E798.93254
G0 F9000 X112.559 Y138.015
G1 F1500 X122.489 Y147.945 E799.58645
G0 F9000 X122.474 Y147.364
G1 F1500 X112.559 Y137.449 E800.23937
G0 F9000 X112.559 Y136.883
G1 F1500 X122.459 Y146.784 E800.89133
G0 F9000 X122.444 Y146.202
G1 F1500 X112.559 Y136.318 E801.54225
G0 F9000 X112.559 Y135.752
G1 F1500 X122.439 Y145.632 E802.19286
G0 F9000 X122.439 Y145.067
G1 F1500 X112.559 Y135.186 E802.84351
G0 F9000 X112.559 Y134.621
G1 F1500 X122.439 Y144.501 E803.49412
G0 F9000 X122.439 Y143.935
G1 F1500 X112.559 Y134.055 E804.14474
G0 F9000 X112.559 Y133.489
G1 F1500 X122.439 Y143.37 E804.79539
G0 F9000 X122.439 Y142.804
G1 F1500 X112.559 Y132.924 E805.446
G0 F9000 X112.559 Y132.358
G1 F1500 X122.439 Y142.238 E806.09662
G0 F9000 X122.439 Y141.673
G1 F1500 X112.559 Y131.792 E806.74726
G0 F9000 X112.559 Y131.226
G1 F1500 X122.439 Y141.107 E807.39791
G0 F9000 X122.439 Y140.541
G1 F1500 X112.559 Y130.661 E808.04853
G0 F9000 X112.559 Y130.095
G1 F1500 X122.439 Y139.976 E808.69917
G0 F9000 X122.439 Y139.41
G1 F1500 X112.559 Y129.529 E809.34982
G0 F9000 X112.559 Y128.964
G1 F1500 X122.439 Y138.844 E810.00044
G0 F9000 X122.439 Y138.278
G1 F1500 X112.559 Y128.398 E810.65105
G0 F9000 X112.559 Y127.832
G1 F1500 X122.439 Y137.713 E811.3017
G0 F9000 X122.439 Y137.147
G1 F1500 X112.559 Y127.267 E811.95231
G0 F9000 X112.559 Y126.701
G1 F1500 X122.439 Y136.581 E812.60293
G0 F9000 X122.439 Y136.016
G1 F1500 X112.559 Y126.135 E813.25358
G0 F9000 X112.559 Y125.57
G1 F1500 X122.439 Y135.45 E813.90419
G0 F9000 X122.439 Y134.884
G1 F1500 X112.559 Y125.004 E814.55481
G0 F9000 X112.559 Y124.438
G1 F1500 X122.439 Y134.319 E815.20545
G0 F9000 X122.439 Y133.753
G1 F1500 X112.559 Y123.873 E815.85607
G0 F9000 X112.559 Y123.307
G1 F1500 X122.439 Y133.187 E816.50668
G0 F9000 X122.439 Y132.622
G1 F1500 X112.559 Y122.741 E817.15733
G0 F9000 X112.559 Y122.176
G1 F1500 X122.439 Y132.056 E817.80795
G0 F9000 X122.439 Y131.49
G1 F1500 X112.559 Y121.61 E818.45856
G0 F9000 X112.559 Y121.044
G1 F1500 X122.439 Y130.925 E819.10921
G0 F9000 X122.439 Y130.359
G1 F1500 X112.559 Y120.478 E819.75986
G0 F9000 X112.559 Y119.913
G1 F1500 X122.439 Y129.793 E820.41047
G0 F9000 X122.439 Y129.228
G1 F1500 X112.559 Y119.347 E821.06112
G0 F9000 X112.559 Y118.781
G1 F1500 X122.439 Y128.662 E821.71177
G0 F9000 X122.439 Y128.096
G1 F1500 X112.559 Y118.216 E822.36238
G0 F9000 X112.559 Y117.65
G1 F1500 X122.439 Y127.53 E823.013
G0 F9000 X122.439 Y126.965
G1 F1500 X112.559 Y117.084 E823.66364
G0 F9000 X112.559 Y116.519
G1 F1500 X122.439 Y126.399 E824.31426
G0 F9000 X122.439 Y125.833
G1 F1500 X112.559 Y115.953 E824.96487
G0 F9000 X112.559 Y115.387
G1 F1500 X122.439 Y125.268 E825.61552
G0 F9000 X122.439 Y124.702
G1 F1500 X112.559 Y114.822 E826.26614
G0 F9000 X112.559 Y114.256
G1 F1500 X122.439 Y124.136 E826.91675
G0 F9000 X122.439 Y123.571
G1 F1500 X112.559 Y113.69 E827.5674
G0 F9000 X112.559 Y113.125
G1 F1500 X122.439 Y123.005 E828.21801
G0 F9000 X122.439 Y122.439
G1 F1500 X112.559 Y112.559 E828.86863
G0 F9000 X112.559 Y111.993
G1 F1500 X122.439 Y121.874 E829.51928
G0 F9000 X122.439 Y121.308
G1 F1500 X112.559 Y111.428 E830.16989
G0 F9000 X112.559 Y110.862
G1 F1500 X122.439 Y120.742 E830.82051
G0 F9000 X122.439 Y120.177
G1 F1500 X112.559 Y110.296 E831.47116
G0 F9000 X112.559 Y109.73
G1 F1500 X122.439 Y119.611 E832.1218
G0 F9000 X122.439 Y119.045
G1 F1500 X112.559 Y109.165 E832.77242
G0 F9000 X112.559 Y108.599
G1 F1500 X122.439 Y118.479 E833.42303
G0 F9000 X122.439 Y117.914
G1 F1500 X112.559 Y108.033 E834.07368
G0 F9000 X112.559 Y107.468
G1 F1500 X122.439 Y117.348 E834.7243
G0 F9000 X122.439 Y116.782
G1 F1500 X112.559 Y106.902 E835.37491
G0 F9000 X112.559 Y106.336
G1 F1500 X122.439 Y116.217 E836.02556
G0 F9000 X122.439 Y115.651
G1 F1500 X112.559 Y105.771 E836.67617
G0 F9000 X112.559 Y105.205
G1 F1500 X122.439 Y115.085 E837.32679
G0 F9000 X122.439 Y114.52
G1 F1500 X112.559 Y104.639 E837.97744
G0 F9000 X112.559 Y104.074
G1 F1500 X122.439 Y113.954 E838.62805
G0 F9000 X122.439 Y113.388
G1 F1500 X112.559 Y103.508 E839.27867
G0 F9000 X112.559 Y102.942
G1 F1500 X122.439 Y112.823 E839.92931
G0 F9000 X122.439 Y112.257
G1 F1500 X112.559 Y102.377 E840.57993
G0 F9000 X112.559 Y101.811
G1 F1500 X122.439 Y111.691 E841.23054
G0 F9000 X122.439 Y111.126
G1 F1500 X112.559 Y101.245 E841.88119
G0 F9000 X112.559 Y100.679
G1 F1500 X122.439 Y110.56 E842.53184
G0 F9000 X122.439 Y109.994
G1 F1500 X112.559 Y100.114 E843.18245
G0 F9000 X112.559 Y99.548
G1 F1500 X122.439 Y109.429 E843.8331
G0 F9000 X122.439 Y108.863
G1 F1500 X112.559 Y98.982 E844.48375
G0 F9000 X112.559 Y98.417
G1 F1500 X122.439 Y108.297 E845.13436
G0 F9000 X122.439 Y107.731
G1 F1500 X112.559 Y97.851 E845.78498
G0 F9000 X112.559 Y97.285
G1 F1500 X122.439 Y107.166 E846.43563
G0 F9000 X122.439 Y106.6
G1 F1500 X112.559 Y96.72 E847.08624
G0 F9000 X112.559 Y96.154
G1 F1500 X122.439 Y106.034 E847.73686
G0 F9000 X122.439 Y105.469
G1 F1500 X112.559 Y95.588 E848.3875
G0 F9000 X112.559 Y95.023
G1 F1500 X122.439 Y104.903 E849.03812
G0 F9000 X122.439 Y104.337
G1 F1500 X112.559 Y94.457 E849.68873
G0 F9000 X112.559 Y93.891
G1 F1500 X122.439 Y103.772 E850.33938
G0 F9000 X122.439 Y103.206
G1 F1500 X112.559 Y93.326 E850.99
G0 F9000 X112.559 Y92.76
G1 F1500 X122.439 Y102.64 E851.64061
G0 F9000 X122.439 Y102.075
G1 F1500 X112.559 Y92.194 E852.29126
G0 F9000 X112.559 Y91.629
G1 F1500 X122.439 Y101.509 E852.94187
G0 F9000 X122.439 Y100.943
G1 F1500 X112.559 Y91.063 E853.59249
G0 F9000 X112.559 Y90.497
G1 F1500 X122.439 Y100.378 E854.24314
G0 F9000 X122.439 Y99.812
G1 F1500 X112.559 Y89.931 E854.89378
G0 F9000 X112.559 Y89.366
G1 F1500 X122.439 Y99.246 E855.5444
G0 F9000 X122.439 Y98.68
G1 F1500 X112.555 Y88.796 E856.19528
G0 F9000 X112.539 Y88.215
G1 F1500 X122.439 Y98.115 E856.84721
G0 F9000 X122.439 Y97.549
G1 F1500 X112.524 Y87.634 E857.50013
G0 F9000 X112.509 Y87.053
G1 F1500 X122.439 Y96.983 E858.15404
G0 F9000 X122.439 Y96.418
G1 F1500 X112.494 Y86.472 E858.80896
G0 F9000 X112.479 Y85.892
G1 F1500 X122.439 Y95.852 E859.46485
G0 F9000 X122.439 Y95.286
G1 F1500 X112.463 Y85.311 E860.12175
G0 F9000 X112.449 Y84.73
G1 F1500 X122.439 Y94.721 E860.77964
G0 F9000 X122.439 Y94.155
G1 F1500 X112.433 Y84.149 E861.43856
G0 F9000 X112.418 Y83.568
G1 F1500 X122.439 Y93.589 E862.09846
G0 F9000 X122.439 Y93.024
G1 F1500 X112.403 Y82.987 E862.75938
G0 F9000 X112.388 Y82.406
G1 F1500 X122.439 Y92.458 E863.42128
G0 F9000 X122.439 Y91.892
G1 F1500 X112.373 Y81.826 E864.08415
G0 F9000 X112.339 Y81.226
G1 F1500 X122.439 Y91.327 E864.74928
G0 F9000 X122.439 Y90.761
G1 F1500 X112.291 Y80.613 E865.41755
G0 F9000 X112.244 Y79.999
G1 F1500 X122.439 Y90.195 E866.08894
G0 F9000 X122.439 Y89.63
G1 F1500 X112.196 Y79.386 E866.76349
G0 F9000 X112.148 Y78.773
G1 F1500 X122.439 Y89.064 E867.44117
G0 F9000 X122.451 Y88.509
G1 F1500 X112.101 Y78.16 E868.1227
G0 F9000 X112.053 Y77.546
G1 F1500 X122.465 Y87.958 E868.80835
G0 F9000 X122.479 Y87.406
G1 F1500 X112.005 Y76.933 E869.49805
G0 F9000 X111.958 Y76.32
G1 F1500 X122.493 Y86.855 E870.19179
G0 F9000 X122.507 Y86.303
G1 F1500 X111.91 Y75.707 E870.88959
G0 F9000 X111.862 Y75.093
G1 F1500 X122.521 Y85.752 E871.59151
G0 F9000 X122.535 Y85.2
G1 F1500 X111.815 Y74.48 E872.29744
G0 F9000 X111.746 Y73.845
G1 F1500 X122.55 Y84.649 E873.0089
G0 F9000 X122.564 Y84.098
G1 F1500 X111.662 Y73.196 E873.72681
G0 F9000 X111.578 Y72.546
G1 F1500 X122.579 Y83.546 E874.45121
G0 F9000 X122.593 Y82.995
G1 F1500 X111.494 Y71.896 E875.1821
G0 F9000 X111.409 Y71.245
G1 F1500 X122.607 Y82.443 E875.91951
G0 F9000 X122.621 Y81.892
G1 F1500 X111.325 Y70.596 E876.66337
G0 F9000 X111.241 Y69.946
G1 F1500 X122.651 Y81.356 E877.41474
G0 F9000 X122.691 Y80.83
G1 F1500 X111.157 Y69.296 E878.17427
G0 F9000 X111.073 Y68.646
G1 F1500 X122.732 Y80.306 E878.94207
G0 F9000 X122.772 Y79.78
G1 F1500 X110.988 Y67.996 E879.71807
G0 F9000 X110.904 Y67.346
G1 F1500 X122.813 Y79.256 E880.50233
G0 F9000 X122.854 Y78.73
G1 F1500 X110.803 Y66.68 E881.29587
G0 F9000 X110.677 Y65.988
G1 F1500 X122.895 Y78.206 E882.10045
G0 F9000 X122.935 Y77.68
G1 F1500 X110.551 Y65.297 E882.91592
G0 F9000 X110.425 Y64.604
G1 F1500 X122.976 Y77.155 E883.74243
G0 F9000 X123.016 Y76.63
G1 F1500 X110.299 Y63.913 E884.57987
G0 F9000 X110.172 Y63.221
G1 F1500 X123.057 Y76.105 E885.42833
G0 F9000 X123.098 Y75.58
G1 F1500 X110.047 Y62.529 E886.28776
G0 F9000 X109.92 Y61.837
G1 F1500 X123.139 Y75.055 E887.15822
G0 F9000 X123.179 Y74.53
G1 F1500 X109.794 Y61.145 E888.03965
G0 F9000 X109.668 Y60.454
G1 F1500 X123.231 Y74.016 E888.93276
G0 F9000 X123.296 Y73.515
G1 F1500 X109.559 Y59.779 E889.83733
G0 F9000 X109.559 Y59.213
G1 F1500 X123.36 Y73.014 E890.74615
G0 F9000 X123.425 Y72.513
G1 F1500 X109.559 Y58.648 E891.65922
G0 F9000 X109.559 Y58.082
G1 F1500 X123.49 Y72.013 E892.5766
G0 F9000 X123.554 Y71.511
G1 F1500 X109.559 Y57.516 E893.4982
G0 F9000 X109.559 Y56.951
G1 F1500 X123.619 Y71.011 E894.42407
G0 F9000 X123.684 Y70.509
G1 F1500 X109.559 Y56.385 E895.35419
G0 F9000 X109.559 Y55.819
G1 F1500 X123.749 Y70.009 E896.28863
G0 F9000 X123.814 Y69.508
G1 F1500 X109.559 Y55.254 E897.22731
G0 F9000 X109.559 Y54.688
G1 F1500 X123.878 Y69.007 E898.17024
G0 F9000 X123.943 Y68.506
G1 F1500 X109.559 Y54.122 E899.11745
G0 F9000 X109.559 Y53.556
G1 F1500 X124.008 Y68.005 E900.06894
G0 F9000 X124.073 Y67.504
G1 F1500 X109.559 Y52.991 E901.02468
G0 F9000 X109.559 Y52.425
G1 F1500 X124.138 Y67.004 E901.98474
G0 F9000 X124.223 Y66.523
G1 F1500 X109.559 Y51.859 E902.95039
G0 F9000 X109.559 Y51.294
G1 F1500 X124.31 Y66.045 E903.92176
G0 F9000 X124.397 Y65.566
G1 F1500 X109.559 Y50.728 E904.89887
G0 F9000 X109.559 Y50.162
G1 F1500 X124.485 Y65.088 E905.88177
G0 F9000 X124.572 Y64.609
G1 F1500 X109.559 Y49.597 E906.87037
G0 F9000 X109.559 Y49.031
G1 F1500 X124.659 Y64.131 E907.86473
G0 F9000 X124.746 Y63.652
G1 F1500 X109.559 Y48.465 E908.86482
G0 F9000 X109.559 Y47.9
G1 F1500 X124.834 Y63.174 E909.87068
G0 F9000 X124.921 Y62.695
G1 F1500 X109.559 Y47.334 E910.88226
G0 F9000 X109.559 Y46.768
G1 F1500 X125.007 Y62.216 E911.89953
G0 F9000 X125.094 Y61.738
G1 F1500 X109.559 Y46.203 E912.92254
G0 F9000 X109.559 Y45.637
G1 F1500 X125.181 Y61.259 E913.95128
G0 F9000 X125.269 Y60.781
G1 F1500 X109.559 Y45.071 E914.98581
G0 F9000 X109.559 Y44.506
G1 F1500 X125.356 Y60.302 E916.02603
G0 F9000 X125.438 Y59.819
G1 F1500 X109.559 Y43.94 E917.07169
G0 F9000 X109.559 Y43.374
G1 F1500 X125.438 Y59.253 E918.11735
G0 F9000 X125.438 Y58.687
G1 F1500 X109.559 Y42.808 E919.16301
G0 F9000 X109.559 Y42.243
G1 F1500 X125.438 Y58.122 E920.20867
G0 F9000 X125.438 Y57.556
G1 F1500 X109.559 Y41.677 E921.25433
G0 F9000 X109.559 Y41.111
G1 F1500 X125.438 Y56.99 E922.29999
G0 F9000 X125.438 Y56.424
G1 F1500 X109.559 Y40.546 E923.34561
G0 F9000 X109.559 Y39.98
G1 F1500 X125.438 Y55.859 E924.39127
G0 F9000 X125.438 Y55.293
G1 F1500 X109.559 Y39.414 E925.43693
G0 F9000 X109.559 Y38.849
G1 F1500 X125.438 Y54.727 E926.48256
G0 F9000 X125.438 Y54.162
G1 F1500 X109.559 Y38.283 E927.52822
G0 F9000 X109.559 Y37.717
G1 F1500 X125.438 Y53.596 E928.57388
G0 F9000 X125.438 Y53.03
G1 F1500 X109.559 Y37.152 E929.6195
G0 F9000 X109.559 Y36.586
G1 F1500 X125.438 Y52.465 E930.66516
G0 F9000 X125.438 Y51.899
G1 F1500 X110.1 Y36.56 E931.67523
G0 F9000 X110.665 Y36.56
G1 F1500 X125.438 Y51.333 E932.64806
G0 F9000 X125.438 Y50.768
G1 F1500 X111.231 Y36.56 E933.58364
G0 F9000 X111.797 Y36.56
G1 F1500 X125.438 Y50.202 E934.48196
G0 F9000 X125.438 Y49.636
G1 F1500 X112.362 Y36.56 E935.34304
G0 F9000 X112.928 Y36.56
G1 F1500 X125.438 Y49.071 E936.16688
G0 F9000 X125.438 Y48.505
G1 F1500 X113.494 Y36.56 E936.95344
G0 F9000 X114.059 Y36.56
G1 F1500 X125.438 Y47.939 E937.70277
G0 F9000 X125.438 Y47.374
G1 F1500 X114.625 Y36.56 E938.41486
G0 F9000 X115.191 Y36.56
G1 F1500 X125.438 Y46.808 E939.08967
G0 F9000 X125.438 Y46.242
G1 F1500 X115.756 Y36.56 E939.72725
G0 F9000 X116.322 Y36.56
G1 F1500 X125.438 Y45.676 E940.32755
G0 F9000 X125.438 Y45.111
G1 F1500 X116.888 Y36.56 E940.89062
G0 F9000 X117.453 Y36.56
G1 F1500 X125.438 Y44.545 E941.41644
G0 F9000 X125.438 Y43.979
G1 F1500 X118.019 Y36.56 E941.905
G0 F9000 X118.585 Y36.56
G1 F1500 X125.438 Y43.414 E942.35631
G0 F9000 X125.438 Y42.848
G1 F1500 X119.151 Y36.56 E942.77035
G0 F9000 X119.716 Y36.56
G1 F1500 X125.438 Y42.282 E943.14716
G0 F9000 X125.438 Y41.717
G1 F1500 X120.282 Y36.56 E943.48672
G0 F9000 X120.848 Y36.56
G1 F1500 X125.438 Y41.151 E943.78901
G0 F9000 X125.438 Y40.585
G1 F1500 X121.413 Y36.56 E944.05407
G0 F9000 X121.979 Y36.56
G1 F1500 X125.438 Y40.02 E944.28188
G0 F9000 X125.438 Y39.454
G1 F1500 X122.545 Y36.56 E944.47242
G0 F9000 X123.11 Y36.56
G1 F1500 X125.438 Y38.888 E944.62572
G0 F9000 X125.438 Y38.323
G1 F1500 X123.676 Y36.56 E944.74179
G0 F9000 X124.242 Y36.56
G1 F1500 X125.438 Y37.757 E944.82058
G0 F9000 X125.438 Y37.191
G1 F1500 X124.807 Y36.56 E944.86213
G0 F9000 X125.373 Y36.56
G1 F1500 X125.438 Y36.626 E944.86645
G1 F2700 E939.86645
;MESH:NONMESH
G0 F300 X125.438 Y36.626 Z5.04
G0 F9000 X125.9 Y36.626
G0 X125.838 Y59.892
G0 X123.917 Y74.337
G0 X123.35 Y81.659
G0 X123.161 Y88.99
G0 X123.161 Y146.01
G0 X123.35 Y153.341
G0 X123.809 Y159.271
G0 X124.701 Y167.971
;TIME_ELAPSED:5081.367835
;LAYER:17
;TYPE:WALL-INNER
;MESH:D638-22 Tensile.STL
G1 F2700 E944.86645
G1 F1500 X126 Y175.089 E945.20336
G1 X126 Y175.858 E945.23917
G1 X126 Y199 E946.31676
G1 X109 Y199 E947.10835
G1 X109 Y175.093 E948.22156
G1 X110.299 Y167.972 E948.55862
G1 X111.245 Y160.664 E948.90175
G1 X111.812 Y153.324 E949.24455
G1 X112 Y146.027 E949.58444
G1 X112 Y88.973 E952.24111
G1 X111.81 Y81.625 E952.58338
G1 X111.246 Y74.345 E952.92338
G1 X110.299 Y67.028 E953.26693
G1 X109.001 Y59.911 E953.6038
G1 X109 Y36 E954.71719
G1 X126 Y36 E955.50879
G1 X125.999 Y59.907 E956.622
G1 X124.701 Y67.027 E956.959
G1 X123.754 Y74.346 E957.30264
G1 X123.19 Y81.624 E957.64255
G1 X123 Y88.973 E957.98487
G1 X123 Y146.027 E960.64154
G1 X123.188 Y153.323 E960.98138
G1 X123.754 Y160.654 E961.32376
G1 X124.701 Y167.971 E961.66731
G1 F2700 E956.66731
G0 F9000 X125.839 Y175.105
G0 X125.828 Y198.828
G0 X108.87 Y199.13
G1 F2700 E961.66731
G0 F9000 X108.6 Y199.4
G1 F1500 X126.4 Y199.4 E962.49616
G1 X126.4 Y175.858 E963.59237
G1 X126.4 Y175.053 E963.62986
G1 X125.094 Y167.894 E963.96871
G1 X124.156 Y160.654 E964.30865
G1 X123.589 Y153.343 E964.65011
G1 X123.4 Y146.017 E964.99135
G1 X123.4 Y88.983 E967.64709
G1 X123.589 Y81.655 E967.98843
G1 X124.156 Y74.346 E968.32979
G1 X125.094 Y67.104 E968.66982
G1 X126.399 Y59.943 E969.00876
G1 X126.4 Y35.6 E970.14227
G1 X108.6 Y35.6 E970.97111
G1 X108.601 Y59.947 E972.10481
G1 X109.906 Y67.105 E972.44361
G1 X110.847 Y74.376 E972.785
G1 X111.411 Y81.656 E973.12501
G1 X111.6 Y88.983 E973.4663
G1 X111.6 Y146.017 E976.12204
G1 X111.411 Y153.345 E976.46337
G1 X110.844 Y160.654 E976.80473
G1 X109.906 Y167.896 E977.14477
G1 X108.6 Y175.057 E977.48371
G1 X108.6 Y199.4 E978.61723
G1 F2700 E973.61723
G0 F9000 X108.87 Y199.13
G0 X125.828 Y198.828
G0 X125.839 Y175.105
G0 X124.797 Y167.931
G1 F2700 E978.61723
G0 F9000 X125.491 Y167.842
;TYPE:WALL-OUTER
G1 F1500 X126.8 Y175.017 E978.95684
G1 X126.8 Y175.858 E978.996
G1 X126.8 Y199.8 E980.11084
G1 X108.2 Y199.8 E980.97693
G1 X108.2 Y175.021 E982.13075
G1 X109.507 Y167.854 E982.46998
G1 X110.447 Y160.602 E982.81049
G1 X111.012 Y153.314 E983.15086
G1 X111.2 Y146.007 E983.49122
G1 X111.2 Y88.993 E986.14603
G1 X111.012 Y81.697 E986.48588
G1 X110.448 Y74.407 E986.82634
G1 X109.509 Y67.157 E987.16675
G1 X108.201 Y59.983 E987.50631
G1 X108.2 Y35.2 E988.66031
G1 X126.8 Y35.2 E989.52641
G1 X126.799 Y59.979 E990.68022
G1 X125.493 Y67.146 E991.01944
G1 X124.553 Y74.398 E991.35995
G1 X123.988 Y81.686 E991.70033
G1 X123.8 Y88.993 E992.04069
G1 X123.8 Y146.007 E994.6955
G1 X123.988 Y153.302 E995.03529
G1 X124.552 Y160.592 E995.37576
G1 X125.491 Y167.842 E995.71617
G0 F9000 X124.797 Y167.931
G0 X124.341 Y168.004
;TYPE:SKIN
G1 F1500 X125.64 Y175.122 E996.05309
G1 X125.64 Y175.858 E996.08736
G1 X125.64 Y198.64 E997.14819
G1 X109.36 Y198.64 E997.90625
G1 X109.36 Y175.128 E999.00107
G1 X110.657 Y168.017 E999.33765
G1 X111.598 Y160.752 E999.67876
G1 X112.172 Y153.343 E1000.02479
G1 X112.36 Y146.04 E1000.36496
G1 X112.36 Y88.961 E1003.0228
G1 X112.169 Y81.606 E1003.3654
G1 X111.599 Y74.258 E1003.70858
G1 X110.659 Y66.995 E1004.04959
G1 X109.361 Y59.879 E1004.38641
G1 X109.361 Y36.361 E1005.48151
G1 X125.639 Y36.361 E1006.23948
G1 X125.639 Y59.872 E1007.33425
G1 X124.343 Y66.983 E1007.67082
G1 X123.402 Y74.247 E1008.01189
G1 X122.828 Y81.657 E1008.35797
G1 X122.64 Y88.961 E1008.69818
G1 X122.64 Y146.04 E1011.35602
G1 X122.831 Y153.391 E1011.69843
G1 X123.401 Y160.741 E1012.0417
G1 X124.341 Y168.004 E1012.38272
G1 F2700 E1007.38272
G0 F9000 X124.597 Y167.957
G0 X125.839 Y175.105
G0 X125.9 Y198.132
G1 F2700 E1012.38272
G0 F9000 X125.44 Y198.132
G1 F1500 X125.133 Y198.438 E1012.4029
G0 F9000 X124.567 Y198.438
G1 F1500 X125.44 Y197.566 E1012.46036
G0 F9000 X125.44 Y197
G1 F1500 X124.001 Y198.438 E1012.55509
G0 F9000 X123.436 Y198.438
G1 F1500 X125.44 Y196.434 E1012.68705
G0 F9000 X125.44 Y195.869
G1 F1500 X122.87 Y198.438 E1012.85626
G0 F9000 X122.304 Y198.438
G1 F1500 X125.44 Y195.303 E1013.06274
G0 F9000 X125.44 Y194.737
G1 F1500 X121.739 Y198.438 E1013.30645
G0 F9000 X121.173 Y198.438
G1 F1500 X125.44 Y194.172 E1013.58741
G0 F9000 X125.44 Y193.606
G1 F1500 X120.607 Y198.438 E1013.90564
G0 F9000 X120.041 Y198.438
G1 F1500 X125.44 Y193.04 E1014.26114
G0 F9000 X125.44 Y192.475
G1 F1500 X119.476 Y198.438 E1014.65385
G0 F9000 X118.91 Y198.438
G1 F1500 X125.44 Y191.909 E1015.08383
G0 F9000 X125.44 Y191.343
G1 F1500 X118.344 Y198.438 E1015.55108
G0 F9000 X117.779 Y198.438
G1 F1500 X125.44 Y190.778 E1016.05553
G0 F9000 X125.44 Y190.212
G1 F1500 X117.213 Y198.438 E1016.59726
G0 F9000 X116.647 Y198.438
G1 F1500 X125.44 Y189.646 E1017.17626
G0 F9000 X125.44 Y189.081
G1 F1500 X116.082 Y198.438 E1017.79247
G0 F9000 X115.516 Y198.438
G1 F1500 X125.44 Y188.515 E1018.44595
G0 F9000 X125.44 Y187.949
G1 F1500 X114.95 Y198.438 E1019.1367
G0 F9000 X114.385 Y198.438
G1 F1500 X125.44 Y187.384 E1019.86466
G0 F9000 X125.44 Y186.818
G1 F1500 X113.819 Y198.438 E1020.62989
G0 F9000 X113.253 Y198.438
G1 F1500 X125.44 Y186.252 E1021.43239
G0 F9000 X125.44 Y185.686
G1 F1500 X112.688 Y198.438 E1022.27213
G0 F9000 X112.122 Y198.438
G1 F1500 X125.44 Y185.121 E1023.14911
G0 F9000 X125.44 Y184.555
G1 F1500 X111.556 Y198.438 E1024.06336
G0 F9000 X110.991 Y198.438
G1 F1500 X125.44 Y183.989 E1025.01486
G0 F9000 X125.44 Y183.424
G1 F1500 X110.425 Y198.438 E1026.00359
G0 F9000 X109.859 Y198.438
G1 F1500 X125.44 Y182.858 E1027.02959
G0 F9000 X125.44 Y182.292
G1 F1500 X109.559 Y198.173 E1028.07538
G0 F9000 X109.559 Y197.607
G1 F1500 X125.44 Y181.727 E1029.12114
G0 F9000 X125.44 Y181.161
G1 F1500 X109.559 Y197.041 E1030.1669
G0 F9000 X109.559 Y196.475
G1 F1500 X125.44 Y180.595 E1031.21265
G0 F9000 X125.44 Y180.03
G1 F1500 X109.559 Y195.91 E1032.25841
G0 F9000 X109.559 Y195.344
G1 F1500 X125.44 Y179.464 E1033.30417
G0 F9000 X125.44 Y178.898
G1 F1500 X109.559 Y194.778 E1034.34993
G0 F9000 X109.559 Y194.213
G1 F1500 X125.44 Y178.333 E1035.39569
G0 F9000 X125.44 Y177.767
G1 F1500 X109.559 Y193.647 E1036.44144
G0 F9000 X109.559 Y193.081
G1 F1500 X125.44 Y177.201 E1037.4872
G0 F9000 X125.44 Y176.635
G1 F1500 X109.559 Y192.516 E1038.53299
G0 F9000 X109.559 Y191.95
G1 F1500 X125.44 Y176.07 E1039.57875
G0 F9000 X125.44 Y175.504
G1 F1500 X109.559 Y191.384 E1040.62451
G0 F9000 X109.559 Y190.819
G1 F1500 X125.408 Y174.97 E1041.66819
G0 F9000 X125.321 Y174.492
G1 F1500 X109.559 Y190.253 E1042.70611
G0 F9000 X109.559 Y189.687
G1 F1500 X125.234 Y174.013 E1043.73831
G0 F9000 X125.146 Y173.535
G1 F1500 X109.559 Y189.122 E1044.76474
G0 F9000 X109.559 Y188.556
G1 F1500 X125.059 Y173.056 E1045.78544
G0 F9000 X124.971 Y172.578
G1 F1500 X109.559 Y187.99 E1046.80035
G0 F9000 X109.559 Y187.425
G1 F1500 X124.884 Y172.099 E1047.80956
G0 F9000 X124.797 Y171.621
G1 F1500 X109.559 Y186.859 E1048.813
G0 F9000 X109.559 Y186.293
G1 F1500 X124.71 Y171.143 E1049.81069
G0 F9000 X124.623 Y170.664
G1 F1500 X109.559 Y185.727 E1050.80265
G0 F9000 X109.559 Y185.162
G1 F1500 X124.535 Y170.186 E1051.78884
G0 F9000 X124.448 Y169.707
G1 F1500 X109.559 Y184.596 E1052.76931
G0 F9000 X109.559 Y184.03
G1 F1500 X124.36 Y169.229 E1053.74398
G0 F9000 X124.274 Y168.751
G1 F1500 X109.559 Y183.465 E1054.71296
G0 F9000 X109.559 Y182.899
G1 F1500 X124.186 Y168.273 E1055.67614
G0 F9000 X124.111 Y167.782
G1 F1500 X109.559 Y182.333 E1056.63438
G0 F9000 X109.559 Y181.768
G1 F1500 X124.046 Y167.281 E1057.58837
G0 F9000 X123.981 Y166.781
G1 F1500 X109.559 Y181.202 E1058.53805
G0 F9000 X109.559 Y180.636
G1 F1500 X123.916 Y166.28 E1059.48345
G0 F9000 X123.851 Y165.779
G1 F1500 X109.559 Y180.071 E1060.4246
G0 F9000 X109.559 Y179.505
G1 F1500 X123.786 Y165.278 E1061.36148
G0 F9000 X123.721 Y164.777
G1 F1500 X109.559 Y178.939 E1062.29407
G0 F9000 X109.559 Y178.374
G1 F1500 X123.656 Y164.277 E1063.22238
G0 F9000 X123.591 Y163.776
G1 F1500 X109.559 Y177.808 E1064.14641
G0 F9000 X109.559 Y177.242
G1 F1500 X123.527 Y163.275 E1065.06619
G0 F9000 X123.462 Y162.774
G1 F1500 X109.559 Y176.676 E1065.9817
G0 F9000 X109.559 Y176.111
G1 F1500 X123.397 Y162.273 E1066.89295
G0 F9000 X123.332 Y161.773
G1 F1500 X109.559 Y175.545 E1067.7999
G0 F9000 X109.597 Y174.942
G1 F1500 X123.267 Y161.272 E1068.70009
G0 F9000 X123.202 Y160.771
G1 F1500 X109.723 Y174.25 E1069.5877
G0 F9000 X109.849 Y173.558
G1 F1500 X123.161 Y160.246 E1070.46432
G0 F9000 X123.121 Y159.721
G1 F1500 X109.975 Y172.867 E1071.33001
G0 F9000 X110.102 Y172.174
G1 F1500 X123.08 Y159.196 E1072.18463
G0 F9000 X123.039 Y158.671
G1 F1500 X110.228 Y171.483 E1073.02829
G0 F9000 X110.354 Y170.791
G1 F1500 X122.999 Y158.146 E1073.86099
G0 F9000 X122.958 Y157.621
G1 F1500 X110.48 Y170.099 E1074.68268
G0 F9000 X110.607 Y169.407
G1 F1500 X122.917 Y157.096 E1075.49335
G0 F9000 X122.876 Y156.571
G1 F1500 X110.732 Y168.715 E1076.29305
G0 F9000 X110.858 Y168.024
G1 F1500 X122.835 Y156.047 E1077.08176
G0 F9000 X122.795 Y155.521
G1 F1500 X110.942 Y167.374 E1077.8623
G0 F9000 X111.026 Y166.725
G1 F1500 X122.754 Y154.997 E1078.63461
G0 F9000 X122.713 Y154.472
G1 F1500 X111.11 Y166.075 E1079.39869
G0 F9000 X111.194 Y165.425
G1 F1500 X122.673 Y153.947 E1080.15456
G0 F9000 X122.632 Y153.422
G1 F1500 X111.278 Y164.775 E1080.90221
G0 F9000 X111.362 Y164.126
G1 F1500 X122.617 Y152.871 E1081.64337
G0 F9000 X122.603 Y152.319
G1 F1500 X111.446 Y163.476 E1082.37808
G0 F9000 X111.53 Y162.826
G1 F1500 X122.588 Y151.768 E1083.10627
G0 F9000 X122.574 Y151.217
G1 F1500 X111.614 Y162.177 E1083.828
G0 F9000 X111.698 Y161.527
G1 F1500 X122.559 Y150.666 E1084.54322
G0 F9000 X122.545 Y150.114
G1 F1500 X111.782 Y160.878 E1085.25201
G0 F9000 X111.836 Y160.257
G1 F1500 X122.53 Y149.563 E1085.95623
G0 F9000 X122.516 Y149.012
G1 F1500 X111.884 Y159.644 E1086.65637
G0 F9000 X111.931 Y159.031
G1 F1500 X122.502 Y148.46 E1087.35249
G0 F9000 X122.487 Y147.909
G1 F1500 X111.978 Y158.418 E1088.04452
G0 F9000 X112.026 Y157.805
G1 F1500 X122.473 Y147.358 E1088.73247
G0 F9000 X122.459 Y146.806
G1 F1500 X112.074 Y157.191 E1089.41634
G0 F9000 X112.121 Y156.578
G1 F1500 X122.444 Y146.255 E1090.09613
G0 F9000 X122.439 Y145.695
G1 F1500 X112.169 Y155.965 E1090.77243
G0 F9000 X112.216 Y155.352
G1 F1500 X122.439 Y145.13 E1091.4456
G0 F9000 X122.439 Y144.564
G1 F1500 X112.263 Y154.739 E1092.11567
G0 F9000 X112.311 Y154.126
G1 F1500 X122.439 Y143.998 E1092.78262
G0 F9000 X122.439 Y143.433
G1 F1500 X112.358 Y153.513 E1093.44644
G0 F9000 X112.383 Y152.923
G1 F1500 X122.439 Y142.867 E1094.10864
G0 F9000 X122.439 Y142.301
G1 F1500 X112.398 Y152.342 E1094.76986
G0 F9000 X112.413 Y151.762
G1 F1500 X122.439 Y141.736 E1095.43009
G0 F9000 X122.439 Y141.17
G1 F1500 X112.427 Y151.181 E1096.08936
G0 F9000 X112.442 Y150.601
G1 F1500 X122.439 Y140.604 E1096.74768
G0 F9000 X122.439 Y140.038
G1 F1500 X112.457 Y150.02 E1097.40501
G0 F9000 X112.473 Y149.439
G1 F1500 X122.439 Y139.473 E1098.06129
G0 F9000 X122.439 Y138.907
G1 F1500 X112.487 Y148.858 E1098.71661
G0 F9000 X112.502 Y148.278
G1 F1500 X122.439 Y138.341 E1099.37098
G0 F9000 X122.439 Y137.776
G1 F1500 X112.517 Y147.697 E1100.02433
G0 F9000 X112.532 Y147.117
G1 F1500 X122.439 Y137.21 E1100.67672
G0 F9000 X122.439 Y136.644
G1 F1500 X112.548 Y146.535 E1101.32806
G0 F9000 X112.56 Y145.958
G1 F1500 X122.439 Y136.079 E1101.97861
G0 F9000 X122.439 Y135.513
G1 F1500 X112.56 Y145.392 E1102.62916
G0 F9000 X112.56 Y144.826
G1 F1500 X122.439 Y134.947 E1103.27971
G0 F9000 X122.439 Y134.382
G1 F1500 X112.56 Y144.261 E1103.93026
G0 F9000 X112.56 Y143.695
G1 F1500 X122.439 Y133.816 E1104.58081
G0 F9000 X122.439 Y133.25
G1 F1500 X112.56 Y143.129 E1105.23136
G0 F9000 X112.56 Y142.564
G1 F1500 X122.439 Y132.685 E1105.88191
G0 F9000 X122.439 Y132.119
G1 F1500 X112.56 Y141.998 E1106.53245
G0 F9000 X112.56 Y141.432
G1 F1500 X122.439 Y131.553 E1107.183
G0 F9000 X122.439 Y130.987
G1 F1500 X112.56 Y140.866 E1107.83355
G0 F9000 X112.56 Y140.301
G1 F1500 X122.439 Y130.422 E1108.4841
G0 F9000 X122.439 Y129.856
G1 F1500 X112.56 Y139.735 E1109.13465
G0 F9000 X112.56 Y139.169
G1 F1500 X122.439 Y129.29 E1109.7852
G0 F9000 X122.439 Y128.725
G1 F1500 X112.56 Y138.604 E1110.43575
G0 F9000 X112.56 Y138.038
G1 F1500 X122.439 Y128.159 E1111.0863
G0 F9000 X122.439 Y127.593
G1 F1500 X112.56 Y137.472 E1111.73685
G0 F9000 X112.56 Y136.907
G1 F1500 X122.439 Y127.028 E1112.3874
G0 F9000 X122.439 Y126.462
G1 F1500 X112.56 Y136.341 E1113.03794
G0 F9000 X112.56 Y135.775
G1 F1500 X122.439 Y125.896 E1113.68849
G0 F9000 X122.439 Y125.331
G1 F1500 X112.56 Y135.21 E1114.33904
G0 F9000 X112.56 Y134.644
G1 F1500 X122.439 Y124.765 E1114.98959
G0 F9000 X122.439 Y124.199
G1 F1500 X112.56 Y134.078 E1115.64014
G0 F9000 X112.56 Y133.513
G1 F1500 X122.439 Y123.634 E1116.29069
G0 F9000 X122.439 Y123.068
G1 F1500 X112.56 Y132.947 E1116.94124
G0 F9000 X112.56 Y132.381
G1 F1500 X122.439 Y122.502 E1117.59179
G0 F9000 X122.439 Y121.937
G1 F1500 X112.56 Y131.816 E1118.24234
G0 F9000 X112.56 Y131.25
G1 F1500 X122.439 Y121.371 E1118.89289
G0 F9000 X122.439 Y120.805
G1 F1500 X112.56 Y130.684 E1119.54343
G0 F9000 X112.56 Y130.118
G1 F1500 X122.439 Y120.239 E1120.19398
G0 F9000 X122.439 Y119.674
G1 F1500 X112.56 Y129.553 E1120.84453
G0 F9000 X112.56 Y128.987
G1 F1500 X122.439 Y119.108 E1121.49508
G0 F9000 X122.439 Y118.542
G1 F1500 X112.56 Y128.421 E1122.14563
G0 F9000 X112.56 Y127.856
G1 F1500 X122.439 Y117.977 E1122.79618
G0 F9000 X122.439 Y117.411
G1 F1500 X112.56 Y127.29 E1123.44673
G0 F9000 X112.56 Y126.724
G1 F1500 X122.439 Y116.845 E1124.09728
G0 F9000 X122.439 Y116.28
G1 F1500 X112.56 Y126.159 E1124.74783
G0 F9000 X112.56 Y125.593
G1 F1500 X122.439 Y115.714 E1125.39838
G0 F9000 X122.439 Y115.148
G1 F1500 X112.56 Y125.027 E1126.04892
G0 F9000 X112.56 Y124.462
G1 F1500 X122.439 Y114.583 E1126.69947
G0 F9000 X122.439 Y114.017
G1 F1500 X112.56 Y123.896 E1127.35002
G0 F9000 X112.56 Y123.33
G1 F1500 X122.439 Y113.451 E1128.00057
G0 F9000 X122.439 Y112.886
G1 F1500 X112.56 Y122.765 E1128.65112
G0 F9000 X112.56 Y122.199
G1 F1500 X122.439 Y112.32 E1129.30167
G0 F9000 X122.439 Y111.754
G1 F1500 X112.56 Y121.633 E1129.95222
G0 F9000 X112.56 Y121.067
G1 F1500 X122.439 Y111.189 E1130.60274
G0 F9000 X122.439 Y110.623
G1 F1500 X112.56 Y120.502 E1131.25328
G0 F9000 X112.56 Y119.936
G1 F1500 X122.439 Y110.057 E1131.90383
G0 F9000 X122.439 Y109.491
G1 F1500 X112.56 Y119.37 E1132.55438
G0 F9000 X112.56 Y118.805
G1 F1500 X122.439 Y108.926 E1133.20493
G0 F9000 X122.439 Y108.36
G1 F1500 X112.56 Y118.239 E1133.85548
G0 F9000 X112.56 Y117.673
G1 F1500 X122.439 Y107.794 E1134.50603
G0 F9000 X122.439 Y107.229
G1 F1500 X112.56 Y117.108 E1135.15658
G0 F9000 X112.56 Y116.542
G1 F1500 X122.439 Y106.663 E1135.80713
G0 F9000 X122.439 Y106.097
G1 F1500 X112.56 Y115.976 E1136.45768
G0 F9000 X112.56 Y115.411
G1 F1500 X122.439 Y105.532 E1137.10823
G0 F9000 X122.439 Y104.966
G1 F1500 X112.56 Y114.845 E1137.75877
G0 F9000 X112.56 Y114.279
G1 F1500 X122.439 Y104.4 E1138.40932
G0 F9000 X122.439 Y103.835
G1 F1500 X112.56 Y113.714 E1139.05987
G0 F9000 X112.56 Y113.148
G1 F1500 X122.439 Y103.269 E1139.71042
G0 F9000 X122.439 Y102.703
G1 F1500 X112.56 Y112.582 E1140.36097
G0 F9000 X112.56 Y112.017
G1 F1500 X122.439 Y102.138 E1141.01152
G0 F9000 X122.439 Y101.572
G1 F1500 X112.56 Y111.451 E1141.66207
G0 F9000 X112.56 Y110.885
G1 F1500 X122.439 Y101.006 E1142.31262
G0 F9000 X122.439 Y100.44
G1 F1500 X112.56 Y110.319 E1142.96317
G0 F9000 X112.56 Y109.754
G1 F1500 X122.439 Y99.875 E1143.61372
G0 F9000 X122.439 Y99.309
G1 F1500 X112.56 Y109.188 E1144.26426
G0 F9000 X112.56 Y108.622
G1 F1500 X122.439 Y98.743 E1144.91481
G0 F9000 X122.439 Y98.178
G1 F1500 X112.56 Y108.057 E1145.56536
G0 F9000 X112.56 Y107.491
G1 F1500 X122.439 Y97.612 E1146.21591
G0 F9000 X122.439 Y97.046
G1 F1500 X112.56 Y106.925 E1146.86646
G0 F9000 X112.56 Y106.36
G1 F1500 X122.439 Y96.481 E1147.51701
G0 F9000 X122.439 Y95.915
G1 F1500 X112.56 Y105.794 E1148.16756
G0 F9000 X112.56 Y105.228
G1 F1500 X122.439 Y95.349 E1148.81811
G0 F9000 X122.439 Y94.784
G1 F1500 X112.56 Y104.663 E1149.46866
G0 F9000 X112.56 Y104.097
G1 F1500 X122.439 Y94.218 E1150.11921
G0 F9000 X122.439 Y93.652
G1 F1500 X112.56 Y103.531 E1150.76975
G0 F9000 X112.56 Y102.966
G1 F1500 X122.439 Y93.087 E1151.4203
G0 F9000 X122.439 Y92.521
G1 F1500 X112.56 Y102.4 E1152.07085
G0 F9000 X112.56 Y101.834
G1 F1500 X122.439 Y91.955 E1152.7214
G0 F9000 X122.439 Y91.39
G1 F1500 X112.56 Y101.269 E1153.37195
G0 F9000 X112.56 Y100.703
G1 F1500 X122.439 Y90.824 E1154.0225
G0 F9000 X122.439 Y90.258
G1 F1500 X112.56 Y100.137 E1154.67305
G0 F9000 X112.56 Y99.571
G1 F1500 X122.439 Y89.692 E1155.3236
G0 F9000 X122.439 Y89.127
G1 F1500 X112.56 Y99.006 E1155.97415
G0 F9000 X112.56 Y98.44
G1 F1500 X122.448 Y88.551 E1156.62532
G0 F9000 X122.463 Y87.971
G1 F1500 X112.56 Y97.874 E1157.27745
G0 F9000 X112.56 Y97.309
G1 F1500 X122.479 Y87.389 E1157.93067
G0 F9000 X122.494 Y86.809
G1 F1500 X112.56 Y96.743 E1158.58484
G0 F9000 X112.56 Y96.177
G1 F1500 X122.509 Y86.228 E1159.24
G0 F9000 X122.523 Y85.648
G1 F1500 X112.56 Y95.612 E1159.89611
G0 F9000 X112.56 Y95.046
G1 F1500 X122.538 Y85.067 E1160.55321
G0 F9000 X122.553 Y84.487
G1 F1500 X112.56 Y94.48 E1161.21127
G0 F9000 X112.56 Y93.915
G1 F1500 X122.569 Y83.905 E1161.87041
G0 F9000 X122.584 Y83.325
G1 F1500 X112.56 Y93.349 E1162.53051
G0 F9000 X112.56 Y92.783
G1 F1500 X122.598 Y82.744 E1163.19156
G0 F9000 X122.613 Y82.164
G1 F1500 X112.56 Y92.218 E1163.8536
G0 F9000 X112.56 Y91.652
G1 F1500 X122.633 Y81.578 E1164.51696
G0 F9000 X122.68 Y80.965
G1 F1500 X112.56 Y91.086 E1165.18341
G0 F9000 X112.56 Y90.52
G1 F1500 X122.728 Y80.352 E1165.85299
G0 F9000 X122.775 Y79.739
G1 F1500 X112.56 Y89.955 E1166.5257
G0 F9000 X112.56 Y89.389
G1 F1500 X122.823 Y79.126 E1167.20153
G0 F9000 X122.87 Y78.513
G1 F1500 X112.556 Y88.827 E1167.88073
G0 F9000 X112.541 Y88.276
G1 F1500 X122.917 Y77.9 E1168.56401
G0 F9000 X122.965 Y77.287
G1 F1500 X112.527 Y87.725 E1169.25137
G0 F9000 X112.513 Y87.173
G1 F1500 X123.012 Y76.674 E1169.94274
G0 F9000 X123.06 Y76.06
G1 F1500 X112.498 Y86.622 E1170.63827
G0 F9000 X112.484 Y86.071
G1 F1500 X123.107 Y75.447 E1171.33784
G0 F9000 X123.155 Y74.834
G1 F1500 X112.47 Y85.519 E1172.04147
G0 F9000 X112.455 Y84.968
G1 F1500 X123.204 Y74.22 E1172.74928
G0 F9000 X123.288 Y73.57
G1 F1500 X112.441 Y84.417 E1173.46357
G0 F9000 X112.427 Y83.865
G1 F1500 X123.371 Y72.921 E1174.18425
G0 F9000 X123.455 Y72.271
G1 F1500 X112.412 Y83.314 E1174.91145
G0 F9000 X112.398 Y82.763
G1 F1500 X123.54 Y71.621 E1175.64517
G0 F9000 X123.624 Y70.971
G1 F1500 X112.384 Y82.211 E1176.38534
G0 F9000 X112.369 Y81.66
G1 F1500 X123.708 Y70.321 E1177.13204
G0 F9000 X123.792 Y69.671
G1 F1500 X112.332 Y81.132 E1177.88673
G0 F9000 X112.292 Y80.606
G1 F1500 X123.876 Y69.022 E1178.64956
G0 F9000 X123.96 Y68.372
G1 F1500 X112.251 Y80.081 E1179.42061
G0 F9000 X112.21 Y79.557
G1 F1500 X124.044 Y67.723 E1180.1999
G0 F9000 X124.128 Y67.073
G1 F1500 X112.169 Y79.031 E1180.98739
G0 F9000 X112.128 Y78.507
G1 F1500 X124.247 Y66.388 E1181.78545
G0 F9000 X124.373 Y65.696
G1 F1500 X112.088 Y77.981 E1182.59444
G0 F9000 X112.047 Y77.457
G1 F1500 X124.499 Y65.005 E1183.41442
G0 F9000 X124.625 Y64.313
G1 F1500 X112.006 Y76.932 E1184.2454
G0 F9000 X111.966 Y76.407
G1 F1500 X124.751 Y63.621 E1185.08735
G0 F9000 X124.877 Y62.93
G1 F1500 X111.925 Y75.882 E1185.94026
G0 F9000 X111.884 Y75.357
G1 F1500 X125.003 Y62.238 E1186.80417
G0 F9000 X125.129 Y61.546
G1 F1500 X111.843 Y74.832 E1187.67908
G0 F9000 X111.802 Y74.307
G1 F1500 X125.255 Y60.855 E1188.56495
G0 F9000 X125.381 Y60.163
G1 F1500 X111.741 Y73.802 E1189.46313
G0 F9000 X111.676 Y73.302
G1 F1500 X125.437 Y59.541 E1190.36932
G0 F9000 X125.437 Y58.975
G1 F1500 X111.611 Y72.801 E1191.27978
G0 F9000 X111.547 Y72.3
G1 F1500 X125.437 Y58.409 E1192.1945
G0 F9000 X125.437 Y57.844
G1 F1500 X111.482 Y71.799 E1193.11346
G0 F9000 X111.417 Y71.298
G1 F1500 X125.437 Y57.278 E1194.0367
G0 F9000 X125.437 Y56.712
G1 F1500 X111.352 Y70.798 E1194.96425
G0 F9000 X111.287 Y70.297
G1 F1500 X125.437 Y56.147 E1195.89605
G0 F9000 X125.437 Y55.581
G1 F1500 X111.222 Y69.796 E1196.83214
G0 F9000 X111.157 Y69.295
G1 F1500 X125.437 Y55.015 E1197.7725
G0 F9000 X125.437 Y54.45
G1 F1500 X111.092 Y68.795 E1198.71714
G0 F9000 X111.027 Y68.294
G1 F1500 X125.437 Y53.884 E1199.66606
G0 F9000 X125.437 Y53.318
G1 F1500 X110.962 Y67.793 E1200.61927
G0 F9000 X110.898 Y67.292
G1 F1500 X125.437 Y52.752 E1201.57672
G0 F9000 X125.437 Y52.187
G1 F1500 X110.826 Y66.798 E1202.53888
G0 F9000 X110.739 Y66.32
G1 F1500 X125.437 Y51.621 E1203.5068
G0 F9000 X125.437 Y51.055
G1 F1500 X110.651 Y65.842 E1204.48051
G0 F9000 X110.564 Y65.363
G1 F1500 X125.437 Y50.49 E1205.45993
G0 F9000 X125.437 Y49.924
G1 F1500 X110.476 Y64.885 E1206.44513
G0 F9000 X110.389 Y64.406
G1 F1500 X125.437 Y49.358 E1207.43607
G0 F9000 X125.437 Y48.793
G1 F1500 X110.303 Y63.928 E1208.4327
G0 F9000 X110.215 Y63.45
G1 F1500 X125.437 Y48.227 E1209.43513
G0 F9000 X125.437 Y47.661
G1 F1500 X110.128 Y62.971 E1210.44329
G0 F9000 X110.04 Y62.493
G1 F1500 X125.437 Y47.096 E1211.45721
G0 F9000 X125.437 Y46.53
G1 F1500 X109.953 Y62.014 E1212.47685
G0 F9000 X109.866 Y61.535
G1 F1500 X125.437 Y45.964 E1213.50223
G0 F9000 X125.437 Y45.399
G1 F1500 X109.779 Y61.057 E1214.53334
G0 F9000 X109.692 Y60.579
G1 F1500 X125.437 Y44.833 E1215.57021
G0 F9000 X125.437 Y44.267
G1 F1500 X109.605 Y60.1 E1216.6128
G0 F9000 X109.56 Y59.579
G1 F1500 X125.437 Y43.702 E1217.65833
G0 F9000 X125.437 Y43.136
G1 F1500 X109.56 Y59.013 E1218.70386
G0 F9000 X109.56 Y58.448
G1 F1500 X125.437 Y42.57 E1219.74942
G0 F9000 X125.437 Y42.004
G1 F1500 X109.56 Y57.882 E1220.79498
G0 F9000 X109.56 Y57.316
G1 F1500 X125.437 Y41.439 E1221.84051
G0 F9000 X125.437 Y40.873
G1 F1500 X109.56 Y56.75 E1222.88603
G0 F9000 X109.56 Y56.185
G1 F1500 X125.437 Y40.307 E1223.93159
G0 F9000 X125.437 Y39.742
G1 F1500 X109.56 Y55.619 E1224.97712
G0 F9000 X109.56 Y55.053
G1 F1500 X125.437 Y39.176 E1226.02265
G0 F9000 X125.437 Y38.61
G1 F1500 X109.56 Y54.488 E1227.06821
G0 F9000 X109.56 Y53.922
G1 F1500 X125.437 Y38.045 E1228.11374
G0 F9000 X125.437 Y37.479
G1 F1500 X109.56 Y53.356 E1229.15927
G0 F9000 X109.56 Y52.791
G1 F1500 X125.437 Y36.913 E1230.20483
G0 F9000 X125.225 Y36.56
G1 F1500 X109.56 Y52.225 E1231.23639
G0 F9000 X109.56 Y51.659
G1 F1500 X124.659 Y36.56 E1232.23069
G0 F9000 X124.093 Y36.56
G1 F1500 X109.56 Y51.094 E1233.18774
G0 F9000 X109.56 Y50.528
G1 F1500 X123.528 Y36.56 E1234.10756
G0 F9000 X122.962 Y36.56
G1 F1500 X109.56 Y49.962 E1234.9901
G0 F9000 X109.56 Y49.397
G1 F1500 X122.396 Y36.56 E1235.83541
G0 F9000 X121.83 Y36.56
G1 F1500 X109.56 Y48.831 E1236.64344
G0 F9000 X109.56 Y48.265
G1 F1500 X121.265 Y36.56 E1237.41424
G0 F9000 X120.699 Y36.56
G1 F1500 X109.56 Y47.7 E1238.14779
G0 F9000 X109.56 Y47.134
G1 F1500 X120.133 Y36.56 E1238.84408
G0 F9000 X119.568 Y36.56
G1 F1500 X109.56 Y46.568 E1239.50312
G0 F9000 X109.56 Y46.002
G1 F1500 X119.002 Y36.56 E1240.12489
G0 F9000 X118.436 Y36.56
G1 F1500 X109.56 Y45.437 E1240.70942
G0 F9000 X109.56 Y44.871
G1 F1500 X117.871 Y36.56 E1241.25672
G0 F9000 X117.305 Y36.56
G1 F1500 X109.56 Y44.305 E1241.76674
G0 F9000 X109.56 Y43.74
G1 F1500 X116.739 Y36.56 E1242.23952
G0 F9000 X116.174 Y36.56
G1 F1500 X109.56 Y43.174 E1242.67506
G0 F9000 X109.56 Y42.608
G1 F1500 X115.608 Y36.56 E1243.07334
G0 F9000 X115.042 Y36.56
G1 F1500 X109.56 Y42.043 E1243.43437
G0 F9000 X109.56 Y41.477
G1 F1500 X114.477 Y36.56 E1243.75816
G0 F9000 X113.911 Y36.56
G1 F1500 X109.56 Y40.911 E1244.04468
G0 F9000 X109.56 Y40.346
G1 F1500 X113.345 Y36.56 E1244.29396
G0 F9000 X112.779 Y36.56
G1 F1500 X109.56 Y39.78 E1244.50597
G0 F9000 X109.56 Y39.214
G1 F1500 X112.214 Y36.56 E1244.68074
G0 F9000 X111.648 Y36.56
G1 F1500 X109.56 Y38.649 E1244.81827
G0 F9000 X109.56 Y38.083
G1 F1500 X111.082 Y36.56 E1244.91853
G0 F9000 X110.517 Y36.56
G1 F1500 X109.56 Y37.517 E1244.98155
G0 F9000 X109.56 Y36.951
G1 F1500 X109.951 Y36.56 E1245.0073
G1 F2700 E1240.0073
;MESH:NONMESH
G0 F300 X109.951 Y36.56 Z5.32
G0 F9000 X109.951 Y36.1
G0 X109.172 Y36.172
G0 X109.162 Y59.896
G0 X111.083 Y74.337
G0 X111.65 Y81.659
G0 X111.839 Y88.99
G0 X111.839 Y146.01
G0 X111.65 Y153.341
G0 X111.083 Y160.663
G0 X110.14 Y167.947
G0 X109.149 Y173.192
G0 X109 Y199
;TIME_ELAPSED:5370.532965
;LAYER:18
;TYPE:WALL-INNER
;MESH:D638-22 Tensile.STL
G1 F2700 E1245.0073
G1 F1500 X126 Y199 E1245.79889
G1 X126 Y175.858 E1246.87648
G1 X126 Y175.089 E1246.91229
G1 X124.701 Y167.971 E1247.24921
G1 X123.754 Y160.654 E1247.59276
G1 X123.188 Y153.323 E1247.93514
G1 X123 Y146.027 E1248.27498
G1 X123 Y88.973 E1250.93166
G1 X123.19 Y81.624 E1251.27397
G1 X123.754 Y74.346 E1251.61388
G1 X124.701 Y67.027 E1251.95752
G1 X125.999 Y59.907 E1252.29453
G1 X126 Y36 E1253.40774
G1 X109 Y36 E1254.19933
G1 X109.001 Y59.911 E1255.31272
G1 X110.299 Y67.028 E1255.64959
G1 X111.246 Y74.345 E1255.99314
G1 X111.81 Y81.625 E1256.33314
G1 X112 Y88.973 E1256.67541
G1 X112 Y146.027 E1259.33208
G1 X111.812 Y153.324 E1259.67198
G1 X111.245 Y160.664 E1260.01477
G1 X110.299 Y167.972 E1260.3579
G1 X109 Y175.093 E1260.69496
G1 X109 Y199 E1261.80817
G1 F2700 E1256.80817
G0 F9000 X125.828 Y198.828
G0 X125.839 Y175.105
G0 X124.797 Y167.931
G1 F2700 E1261.80817
G0 F9000 X125.094 Y167.894
G1 F1500 X126.4 Y175.053 E1262.14702
G1 X126.4 Y175.858 E1262.18451
G1 X126.4 Y199.4 E1263.28072
G1 X108.6 Y199.4 E1264.10957
G1 X108.6 Y175.057 E1265.24308
G1 X109.906 Y167.896 E1265.58202
G1 X110.844 Y160.654 E1265.92206
G1 X111.411 Y153.345 E1266.26342
G1 X111.6 Y146.017 E1266.60475
G1 X111.6 Y88.983 E1269.2605
G1 X111.411 Y81.656 E1269.60179
G1 X110.847 Y74.376 E1269.94179
G1 X109.906 Y67.105 E1270.28318
G1 X108.601 Y59.947 E1270.62198
G1 X108.6 Y35.6 E1271.75568
G1 X126.4 Y35.6 E1272.58452
G1 X126.399 Y59.943 E1273.71803
G1 X125.094 Y67.104 E1274.05697
G1 X124.156 Y74.346 E1274.39701
G1 X123.589 Y81.655 E1274.73837
G1 X123.4 Y88.983 E1275.0797
G1 X123.4 Y146.017 E1277.73544
G1 X123.589 Y153.343 E1278.07669
G1 X124.156 Y160.654 E1278.41814
G1 X125.094 Y167.894 E1278.75808
G1 F2700 E1273.75808
G0 F9000 X124.797 Y167.931
G0 X126.198 Y175.072
G0 X126.082 Y199.082
G0 X108.47 Y199.53
G1 F2700 E1278.75808
G0 F9000 X108.2 Y199.8
;TYPE:WALL-OUTER
G1 F1500 X126.8 Y199.8 E1279.62418
G1 X126.8 Y175.858 E1280.73902
G1 X126.8 Y175.017 E1280.77818
G1 X125.491 Y167.842 E1281.11779
G1 X124.552 Y160.592 E1281.4582
G1 X123.988 Y153.302 E1281.79867
G1 X123.8 Y146.007 E1282.13847
G1 X123.8 Y88.993 E1284.79328
G1 X123.988 Y81.686 E1285.13363
G1 X124.553 Y74.398 E1285.47401
G1 X125.493 Y67.146 E1285.81452
G1 X126.799 Y59.979 E1286.15374
G1 X126.8 Y35.2 E1287.30756
G1 X108.2 Y35.2 E1288.17365
G1 X108.201 Y59.983 E1289.32765
G1 X109.509 Y67.157 E1289.66721
G1 X110.448 Y74.407 E1290.00762
G1 X111.012 Y81.697 E1290.34809
G1 X111.2 Y88.993 E1290.68793
G1 X111.2 Y146.007 E1293.34274
G1 X111.012 Y153.314 E1293.6831
G1 X110.447 Y160.602 E1294.02348
G1 X109.507 Y167.854 E1294.36398
G1 X108.2 Y175.021 E1294.70321
G1 X108.2 Y199.8 E1295.85703
G0 F9000 X108.47 Y199.53
G0 X109.1 Y198.64
G0 X109.36 Y198.64
;TYPE:SKIN
G1 F1500 X125.64 Y198.64 E1296.61509
G1 X125.64 Y175.858 E1297.67592
G1 X125.64 Y175.122 E1297.71019
G1 X124.341 Y168.004 E1298.04711
G1 X123.401 Y160.741 E1298.38812
G1 X122.831 Y153.391 E1298.7314
G1 X122.64 Y146.04 E1299.07381
G1 X122.64 Y88.961 E1301.73164
G1 X122.828 Y81.657 E1302.07186
G1 X123.402 Y74.247 E1302.41794
G1 X124.343 Y66.983 E1302.75901
G1 X125.639 Y59.872 E1303.09558
G1 X125.639 Y36.361 E1304.19035
G1 X109.361 Y36.361 E1304.94832
G1 X109.361 Y59.879 E1306.04342
G1 X110.659 Y66.995 E1306.38023
G1 X111.599 Y74.258 E1306.72125
G1 X112.169 Y81.606 E1307.06443
G1 X112.36 Y88.961 E1307.40703
G1 X112.36 Y146.04 E1310.06486
G1 X112.172 Y153.343 E1310.40504
G1 X111.598 Y160.752 E1310.75106
G1 X110.657 Y168.017 E1311.09218
G1 X109.36 Y175.128 E1311.42876
G1 X109.36 Y198.64 E1312.52358
G0 F9000 X109.559 Y198.372
G1 F1500 X109.626 Y198.438 E1312.52796
G0 F9000 X110.191 Y198.438
G1 F1500 X109.559 Y197.806 E1312.56957
G0 F9000 X109.559 Y197.241
G1 F1500 X110.757 Y198.438 E1312.64843
G0 F9000 X111.323 Y198.438
G1 F1500 X109.559 Y196.675 E1312.76456
G0 F9000 X109.559 Y196.109
G1 F1500 X111.889 Y198.438 E1312.91796
G0 F9000 X112.454 Y198.438
G1 F1500 X109.559 Y195.544 E1313.10857
G0 F9000 X109.559 Y194.978
G1 F1500 X113.02 Y198.438 E1313.33645
G0 F9000 X113.586 Y198.438
G1 F1500 X109.559 Y194.412 E1313.6016
G0 F9000 X109.559 Y193.846
G1 F1500 X114.151 Y198.438 E1313.90399
G0 F9000 X114.717 Y198.438
G1 F1500 X109.559 Y193.281 E1314.24362
G0 F9000 X109.559 Y192.715
G1 F1500 X115.283 Y198.438 E1314.62053
G0 F9000 X115.848 Y198.438
G1 F1500 X109.559 Y192.149 E1315.03467
G0 F9000 X109.559 Y191.584
G1 F1500 X116.414 Y198.438 E1315.48605
G0 F9000 X116.98 Y198.438
G1 F1500 X109.559 Y191.018 E1315.9747
G0 F9000 X109.559 Y190.452
G1 F1500 X117.545 Y198.438 E1316.50059
G0 F9000 X118.111 Y198.438
G1 F1500 X109.559 Y189.887 E1317.06372
G0 F9000 X109.559 Y189.321
G1 F1500 X118.677 Y198.438 E1317.66413
G0 F9000 X119.242 Y198.438
G1 F1500 X109.559 Y188.755 E1318.30177
G0 F9000 X109.559 Y188.19
G1 F1500 X119.808 Y198.438 E1318.97665
G0 F9000 X120.374 Y198.438
G1 F1500 X109.559 Y187.624 E1319.6888
G0 F9000 X109.559 Y187.058
G1 F1500 X120.94 Y198.438 E1320.43823
G0 F9000 X121.505 Y198.438
G1 F1500 X109.559 Y186.493 E1321.22486
G0 F9000 X109.559 Y185.927
G1 F1500 X122.071 Y198.438 E1322.04876
G0 F9000 X122.637 Y198.438
G1 F1500 X109.559 Y185.361 E1322.90994
G0 F9000 X109.559 Y184.795
G1 F1500 X123.202 Y198.438 E1323.80835
G0 F9000 X123.768 Y198.438
G1 F1500 X109.559 Y184.23 E1324.74401
G0 F9000 X109.559 Y183.664
G1 F1500 X124.334 Y198.438 E1325.71693
G0 F9000 X124.899 Y198.438
G1 F1500 X109.559 Y183.098 E1326.7271
G0 F9000 X109.559 Y182.533
G1 F1500 X125.44 Y198.413 E1327.77286
G0 F9000 X125.44 Y197.847
G1 F1500 X109.559 Y181.967 E1328.81861
G0 F9000 X109.559 Y181.401
G1 F1500 X125.44 Y197.282 E1329.86441
G0 F9000 X125.44 Y196.716
G1 F1500 X109.559 Y180.836 E1330.91016
G0 F9000 X109.559 Y180.27
G1 F1500 X125.44 Y196.15 E1331.95592
G0 F9000 X125.44 Y195.585
G1 F1500 X109.559 Y179.704 E1333.00171
G0 F9000 X109.559 Y179.139
G1 F1500 X125.44 Y195.019 E1334.04747
G0 F9000 X125.44 Y194.453
G1 F1500 X109.559 Y178.573 E1335.09323
G0 F9000 X109.559 Y178.007
G1 F1500 X125.44 Y193.887 E1336.13899
G0 F9000 X125.44 Y193.322
G1 F1500 X109.559 Y177.442 E1337.18474
G0 F9000 X109.559 Y176.876
G1 F1500 X125.44 Y192.756 E1338.2305
G0 F9000 X125.44 Y192.19
G1 F1500 X109.559 Y176.31 E1339.27626
G0 F9000 X109.559 Y175.745
G1 F1500 X125.44 Y191.625 E1340.32202
G0 F9000 X125.44 Y191.059
G1 F1500 X109.559 Y175.179 E1341.36778
G0 F9000 X109.641 Y174.695
G1 F1500 X125.44 Y190.493 E1342.40813
G0 F9000 X125.44 Y189.928
G1 F1500 X109.728 Y174.216 E1343.4428
G0 F9000 X109.815 Y173.738
G1 F1500 X125.44 Y189.362 E1344.4717
G0 F9000 X125.44 Y188.796
G1 F1500 X109.903 Y173.26 E1345.4948
G0 F9000 X109.99 Y172.781
G1 F1500 X125.44 Y188.231 E1346.51221
G0 F9000 X125.44 Y187.665
G1 F1500 X110.078 Y172.303 E1347.52382
G0 F9000 X110.165 Y171.824
G1 F1500 X125.44 Y187.099 E1348.52971
G0 F9000 X125.44 Y186.534
G1 F1500 X110.252 Y171.346 E1349.52987
G0 F9000 X110.339 Y170.868
G1 F1500 X125.44 Y185.968 E1350.52426
G0 F9000 X125.44 Y185.402
G1 F1500 X110.426 Y170.389 E1351.51292
G0 F9000 X110.514 Y169.911
G1 F1500 X125.44 Y184.837 E1352.49583
G0 F9000 X125.44 Y184.271
G1 F1500 X110.601 Y169.432 E1353.473
G0 F9000 X110.689 Y168.954
G1 F1500 X125.44 Y183.705 E1354.44438
G0 F9000 X125.44 Y183.139
G1 F1500 X110.776 Y168.475 E1355.41003
G0 F9000 X110.861 Y167.995
G1 F1500 X125.44 Y182.574 E1356.37008
G0 F9000 X125.44 Y182.008
G1 F1500 X110.926 Y167.495 E1357.32582
G0 F9000 X110.991 Y166.993
G1 F1500 X125.44 Y181.442 E1358.27731
G0 F9000 X125.44 Y180.877
G1 F1500 X111.056 Y166.493 E1359.22452
G0 F9000 X111.12 Y165.991
G1 F1500 X125.44 Y180.311 E1360.16752
G0 F9000 X125.44 Y179.745
G1 F1500 X111.185 Y165.491 E1361.1062
G0 F9000 X111.25 Y164.99
G1 F1500 X125.44 Y179.18 E1362.04064
G0 F9000 X125.44 Y178.614
G1 F1500 X111.314 Y164.489 E1362.97082
G0 F9000 X111.379 Y163.988
G1 F1500 X125.44 Y178.048 E1363.89673
G0 F9000 X125.44 Y177.483
G1 F1500 X111.444 Y163.487 E1364.81839
G0 F9000 X111.509 Y162.986
G1 F1500 X125.44 Y176.917 E1365.73577
G0 F9000 X125.44 Y176.351
G1 F1500 X111.573 Y162.485 E1366.64891
G0 F9000 X111.638 Y161.984
G1 F1500 X125.44 Y175.786 E1367.55779
G0 F9000 X125.44 Y175.22
G1 F1500 X111.703 Y161.484 E1368.46236
G0 F9000 X111.768 Y160.982
G1 F1500 X125.331 Y174.546 E1369.35554
G0 F9000 X125.205 Y173.854
G1 F1500 X111.819 Y160.468 E1370.23703
G0 F9000 X111.86 Y159.943
G1 F1500 X125.079 Y173.162 E1371.10753
G0 F9000 X124.953 Y172.471
G1 F1500 X111.901 Y159.418 E1371.96706
G0 F9000 X111.941 Y158.893
G1 F1500 X124.826 Y171.778 E1372.81556
G0 F9000 X124.7 Y171.086
G1 F1500 X111.982 Y158.368 E1373.65306
G0 F9000 X112.022 Y157.843
G1 F1500 X124.574 Y170.395 E1374.47963
G0 F9000 X124.447 Y169.702
G1 F1500 X112.063 Y157.318 E1375.29514
G0 F9000 X112.104 Y156.793
G1 F1500 X124.322 Y169.011 E1376.09971
G0 F9000 X124.195 Y168.318
G1 F1500 X112.145 Y156.268 E1376.89323
G0 F9000 X112.185 Y155.743
G1 F1500 X124.095 Y167.652 E1377.67749
G0 F9000 X124.01 Y167.003
G1 F1500 X112.226 Y155.218 E1378.45352
G0 F9000 X112.266 Y154.693
G1 F1500 X123.926 Y166.353 E1379.22135
G0 F9000 X123.841 Y165.702
G1 F1500 X112.307 Y154.168 E1379.98088
G0 F9000 X112.347 Y153.642
G1 F1500 X123.757 Y165.052 E1380.73225
G0 F9000 X123.673 Y164.403
G1 F1500 X112.377 Y153.107 E1381.47611
G0 F9000 X112.391 Y152.555
G1 F1500 X123.589 Y163.753 E1382.21352
G0 F9000 X123.505 Y163.103
G1 F1500 X112.405 Y152.003 E1382.94447
G0 F9000 X112.42 Y151.452
G1 F1500 X123.421 Y162.453 E1383.66891
G0 F9000 X123.337 Y161.803
G1 F1500 X112.434 Y150.9 E1384.38689
G0 F9000 X112.448 Y150.349
G1 F1500 X123.252 Y161.153 E1385.09835
G0 F9000 X123.183 Y160.518
G1 F1500 X112.463 Y149.798 E1385.80428
G0 F9000 X112.477 Y149.246
G1 F1500 X123.136 Y159.905 E1386.50619
G0 F9000 X123.088 Y159.292
G1 F1500 X112.491 Y148.695 E1387.20402
G0 F9000 X112.505 Y148.143
G1 F1500 X123.04 Y158.679 E1387.8978
G0 F9000 X122.993 Y158.065
G1 F1500 X112.519 Y147.592 E1388.5875
G0 F9000 X112.533 Y147.04
G1 F1500 X122.946 Y157.452 E1389.27318
G0 F9000 X122.897 Y156.839
G1 F1500 X112.548 Y146.489 E1389.95471
G0 F9000 X112.559 Y145.934
G1 F1500 X122.85 Y156.226 E1390.63243
G0 F9000 X122.803 Y155.612
G1 F1500 X112.559 Y145.369 E1391.30698
G0 F9000 X112.559 Y144.803
G1 F1500 X122.755 Y154.999 E1391.9784
G0 F9000 X122.707 Y154.386
G1 F1500 X112.559 Y144.237 E1392.6467
G0 F9000 X112.559 Y143.672
G1 F1500 X122.66 Y153.773 E1393.31187
G0 F9000 X122.626 Y153.173
G1 F1500 X112.559 Y143.106 E1393.9748
G0 F9000 X112.559 Y142.54
G1 F1500 X122.61 Y152.592 E1394.6367
G0 F9000 X122.596 Y152.011
G1 F1500 X112.559 Y141.975 E1395.29763
G0 F9000 X112.559 Y141.409
G1 F1500 X122.58 Y151.43 E1395.95753
G0 F9000 X122.565 Y150.849
G1 F1500 X112.559 Y140.843 E1396.61644
G0 F9000 X112.559 Y140.277
G1 F1500 X122.55 Y150.268 E1397.27436
G0 F9000 X122.535 Y149.688
G1 F1500 X112.559 Y139.712 E1397.9313
G0 F9000 X112.559 Y139.146
G1 F1500 X122.52 Y149.107 E1398.58725
G0 F9000 X122.504 Y148.526
G1 F1500 X112.559 Y138.58 E1399.24218
G0 F9000 X112.559 Y138.015
G1 F1500 X122.489 Y147.945 E1399.89608
G0 F9000 X122.474 Y147.364
G1 F1500 X112.559 Y137.449 E1400.549
G0 F9000 X112.559 Y136.883
G1 F1500 X122.459 Y146.784 E1401.20097
G0 F9000 X122.444 Y146.202
G1 F1500 X112.559 Y136.318 E1401.85188
G0 F9000 X112.559 Y135.752
G1 F1500 X122.439 Y145.632 E1402.50249
G0 F9000 X122.439 Y145.067
G1 F1500 X112.559 Y135.186 E1403.15314
G0 F9000 X112.559 Y134.621
G1 F1500 X122.439 Y144.501 E1403.80376
G0 F9000 X122.439 Y143.935
G1 F1500 X112.559 Y134.055 E1404.45437
G0 F9000 X112.559 Y133.489
G1 F1500 X122.439 Y143.37 E1405.10502
G0 F9000 X122.439 Y142.804
G1 F1500 X112.559 Y132.924 E1405.75563
G0 F9000 X112.559 Y132.358
G1 F1500 X122.439 Y142.238 E1406.40625
G0 F9000 X122.439 Y141.673
G1 F1500 X112.559 Y131.792 E1407.0569
G0 F9000 X112.559 Y131.226
G1 F1500 X122.439 Y141.107 E1407.70754
G0 F9000 X122.439 Y140.541
G1 F1500 X112.559 Y130.661 E1408.35816
G0 F9000 X112.559 Y130.095
G1 F1500 X122.439 Y139.976 E1409.00881
G0 F9000 X122.439 Y139.41
G1 F1500 X112.559 Y129.529 E1409.65945
G0 F9000 X112.559 Y128.964
G1 F1500 X122.439 Y138.844 E1410.31007
G0 F9000 X122.439 Y138.278
G1 F1500 X112.559 Y128.398 E1410.96068
G0 F9000 X112.559 Y127.832
G1 F1500 X122.439 Y137.713 E1411.61133
G0 F9000 X122.439 Y137.147
G1 F1500 X112.559 Y127.267 E1412.26195
G0 F9000 X112.559 Y126.701
G1 F1500 X122.439 Y136.581 E1412.91256
G0 F9000 X122.439 Y136.016
G1 F1500 X112.559 Y126.135 E1413.56321
G0 F9000 X112.559 Y125.57
G1 F1500 X122.439 Y135.45 E1414.21382
G0 F9000 X122.439 Y134.884
G1 F1500 X112.559 Y125.004 E1414.86444
G0 F9000 X112.559 Y124.438
G1 F1500 X122.439 Y134.319 E1415.51509
G0 F9000 X122.439 Y133.753
G1 F1500 X112.559 Y123.873 E1416.1657
G0 F9000 X112.559 Y123.307
G1 F1500 X122.439 Y133.187 E1416.81632
G0 F9000 X122.439 Y132.622
G1 F1500 X112.559 Y122.741 E1417.46696
G0 F9000 X112.559 Y122.176
G1 F1500 X122.439 Y132.056 E1418.11758
G0 F9000 X122.439 Y131.49
G1 F1500 X112.559 Y121.61 E1418.76819
G0 F9000 X112.559 Y121.044
G1 F1500 X122.439 Y130.925 E1419.41884
G0 F9000 X122.439 Y130.359
G1 F1500 X112.559 Y120.478 E1420.06949
G0 F9000 X112.559 Y119.913
G1 F1500 X122.439 Y129.793 E1420.72011
G0 F9000 X122.439 Y129.228
G1 F1500 X112.559 Y119.347 E1421.37075
G0 F9000 X112.559 Y118.781
G1 F1500 X122.439 Y128.662 E1422.0214
G0 F9000 X122.439 Y128.096
G1 F1500 X112.559 Y118.216 E1422.67202
G0 F9000 X112.559 Y117.65
G1 F1500 X122.439 Y127.53 E1423.32263
G0 F9000 X122.439 Y126.965
G1 F1500 X112.559 Y117.084 E1423.97328
G0 F9000 X112.559 Y116.519
G1 F1500 X122.439 Y126.399 E1424.62389
G0 F9000 X122.439 Y125.833
G1 F1500 X112.559 Y115.953 E1425.27451
G0 F9000 X112.559 Y115.387
G1 F1500 X122.439 Y125.268 E1425.92516
G0 F9000 X122.439 Y124.702
G1 F1500 X112.559 Y114.822 E1426.57577
G0 F9000 X112.559 Y114.256
G1 F1500 X122.439 Y124.136 E1427.22639
G0 F9000 X122.439 Y123.571
G1 F1500 X112.559 Y113.69 E1427.87703
G0 F9000 X112.559 Y113.125
G1 F1500 X122.439 Y123.005 E1428.52765
G0 F9000 X122.439 Y122.439
G1 F1500 X112.559 Y112.559 E1429.17826
G0 F9000 X112.559 Y111.993
G1 F1500 X122.439 Y121.874 E1429.82891
G0 F9000 X122.439 Y121.308
G1 F1500 X112.559 Y111.428 E1430.47953
G0 F9000 X112.559 Y110.862
G1 F1500 X122.439 Y120.742 E1431.13014
G0 F9000 X122.439 Y120.177
G1 F1500 X112.559 Y110.296 E1431.78079
G0 F9000 X112.559 Y109.73
G1 F1500 X122.439 Y119.611 E1432.43144
G0 F9000 X122.439 Y119.045
G1 F1500 X112.559 Y109.165 E1433.08205
G0 F9000 X112.559 Y108.599
G1 F1500 X122.439 Y118.479 E1433.73267
G0 F9000 X122.439 Y117.914
G1 F1500 X112.559 Y108.033 E1434.38331
G0 F9000 X112.559 Y107.468
G1 F1500 X122.439 Y117.348 E1435.03393
G0 F9000 X122.439 Y116.782
G1 F1500 X112.559 Y106.902 E1435.68454
G0 F9000 X112.559 Y106.336
G1 F1500 X122.439 Y116.217 E1436.33519
G0 F9000 X122.439 Y115.651
G1 F1500 X112.559 Y105.771 E1436.98581
G0 F9000 X112.559 Y105.205
G1 F1500 X122.439 Y115.085 E1437.63642
G0 F9000 X122.439 Y114.52
G1 F1500 X112.559 Y104.639 E1438.28707
G0 F9000 X112.559 Y104.074
G1 F1500 X122.439 Y113.954 E1438.93768
G0 F9000 X122.439 Y113.388
G1 F1500 X112.559 Y103.508 E1439.5883
G0 F9000 X112.559 Y102.942
G1 F1500 X122.439 Y112.823 E1440.23895
G0 F9000 X122.439 Y112.257
G1 F1500 X112.559 Y102.377 E1440.88956
G0 F9000 X112.559 Y101.811
G1 F1500 X122.439 Y111.691 E1441.54018
G0 F9000 X122.439 Y111.126
G1 F1500 X112.559 Y101.245 E1442.19082
G0 F9000 X112.559 Y100.679
G1 F1500 X122.439 Y110.56 E1442.84147
G0 F9000 X122.439 Y109.994
G1 F1500 X112.559 Y100.114 E1443.49209
G0 F9000 X112.559 Y99.548
G1 F1500 X122.439 Y109.429 E1444.14273
G0 F9000 X122.439 Y108.863
G1 F1500 X112.559 Y98.982 E1444.79338
G0 F9000 X112.559 Y98.417
G1 F1500 X122.439 Y108.297 E1445.444
G0 F9000 X122.439 Y107.731
G1 F1500 X112.559 Y97.851 E1446.09461
G0 F9000 X112.559 Y97.285
G1 F1500 X122.439 Y107.166 E1446.74526
G0 F9000 X122.439 Y106.6
G1 F1500 X112.559 Y96.72 E1447.39587
G0 F9000 X112.559 Y96.154
G1 F1500 X122.439 Y106.034 E1448.04649
G0 F9000 X122.439 Y105.469
G1 F1500 X112.559 Y95.588 E1448.69714
G0 F9000 X112.559 Y95.023
G1 F1500 X122.439 Y104.903 E1449.34775
G0 F9000 X122.439 Y104.337
G1 F1500 X112.559 Y94.457 E1449.99837
G0 F9000 X112.559 Y93.891
G1 F1500 X122.439 Y103.772 E1450.64901
G0 F9000 X122.439 Y103.206
G1 F1500 X112.559 Y93.326 E1451.29963
G0 F9000 X112.559 Y92.76
G1 F1500 X122.439 Y102.64 E1451.95024
G0 F9000 X122.439 Y102.075
G1 F1500 X112.559 Y92.194 E1452.60089
G0 F9000 X112.559 Y91.629
G1 F1500 X122.439 Y101.509 E1453.25151
G0 F9000 X122.439 Y100.943
G1 F1500 X112.559 Y91.063 E1453.90212
G0 F9000 X112.559 Y90.497
G1 F1500 X122.439 Y100.378 E1454.55277
G0 F9000 X122.439 Y99.812
G1 F1500 X112.559 Y89.931 E1455.20342
G0 F9000 X112.559 Y89.366
G1 F1500 X122.439 Y99.246 E1455.85403
G0 F9000 X122.439 Y98.68
G1 F1500 X112.555 Y88.796 E1456.50491
G0 F9000 X112.539 Y88.215
G1 F1500 X122.439 Y98.115 E1457.15684
G0 F9000 X122.439 Y97.549
G1 F1500 X112.524 Y87.634 E1457.80976
G0 F9000 X112.509 Y87.053
G1 F1500 X122.439 Y96.983 E1458.46367
G0 F9000 X122.439 Y96.418
G1 F1500 X112.494 Y86.472 E1459.1186
G0 F9000 X112.479 Y85.892
G1 F1500 X122.439 Y95.852 E1459.77448
G0 F9000 X122.439 Y95.286
G1 F1500 X112.463 Y85.311 E1460.43138
G0 F9000 X112.449 Y84.73
G1 F1500 X122.439 Y94.721 E1461.08928
G0 F9000 X122.439 Y94.155
G1 F1500 X112.433 Y84.149 E1461.74819
G0 F9000 X112.418 Y83.568
G1 F1500 X122.439 Y93.589 E1462.40809
G0 F9000 X122.439 Y93.024
G1 F1500 X112.403 Y82.987 E1463.06901
G0 F9000 X112.388 Y82.406
G1 F1500 X122.439 Y92.458 E1463.73092
G0 F9000 X122.439 Y91.892
G1 F1500 X112.373 Y81.826 E1464.39378
G0 F9000 X112.339 Y81.226
G1 F1500 X122.439 Y91.327 E1465.05892
G0 F9000 X122.439 Y90.761
G1 F1500 X112.291 Y80.613 E1465.72718
G0 F9000 X112.244 Y79.999
G1 F1500 X122.439 Y90.195 E1466.39857
G0 F9000 X122.439 Y89.63
G1 F1500 X112.196 Y79.386 E1467.07312
G0 F9000 X112.148 Y78.773
G1 F1500 X122.439 Y89.064 E1467.7508
G0 F9000 X122.451 Y88.509
G1 F1500 X112.101 Y78.16 E1468.43233
G0 F9000 X112.053 Y77.546
G1 F1500 X122.465 Y87.958 E1469.11798
G0 F9000 X122.479 Y87.406
G1 F1500 X112.005 Y76.933 E1469.80768
G0 F9000 X111.958 Y76.32
G1 F1500 X122.493 Y86.855 E1470.50143
G0 F9000 X122.507 Y86.303
G1 F1500 X111.91 Y75.707 E1471.19923
G0 F9000 X111.862 Y75.093
G1 F1500 X122.521 Y85.752 E1471.90114
G0 F9000 X122.535 Y85.2
G1 F1500 X111.815 Y74.48 E1472.60707
G0 F9000 X111.746 Y73.845
G1 F1500 X122.55 Y84.649 E1473.31853
G0 F9000 X122.564 Y84.098
G1 F1500 X111.662 Y73.196 E1474.03645
G0 F9000 X111.578 Y72.546
G1 F1500 X122.579 Y83.546 E1474.76085
G0 F9000 X122.593 Y82.995
G1 F1500 X111.494 Y71.896 E1475.49174
G0 F9000 X111.409 Y71.245
G1 F1500 X122.607 Y82.443 E1476.22914
G0 F9000 X122.621 Y81.892
G1 F1500 X111.325 Y70.596 E1476.973
G0 F9000 X111.241 Y69.946
G1 F1500 X122.651 Y81.356 E1477.72437
G0 F9000 X122.691 Y80.83
G1 F1500 X111.157 Y69.296 E1478.48391
G0 F9000 X111.073 Y68.646
G1 F1500 X122.732 Y80.306 E1479.2517
G0 F9000 X122.772 Y79.78
G1 F1500 X110.988 Y67.996 E1480.0277
G0 F9000 X110.904 Y67.346
G1 F1500 X122.813 Y79.256 E1480.81196
G0 F9000 X122.854 Y78.73
G1 F1500 X110.803 Y66.68 E1481.60551
G0 F9000 X110.677 Y65.988
G1 F1500 X122.895 Y78.206 E1482.41008
G0 F9000 X122.935 Y77.68
G1 F1500 X110.551 Y65.297 E1483.22556
G0 F9000 X110.425 Y64.604
G1 F1500 X122.976 Y77.155 E1484.05206
G0 F9000 X123.016 Y76.63
G1 F1500 X110.299 Y63.913 E1484.8895
G0 F9000 X110.172 Y63.221
G1 F1500 X123.057 Y76.105 E1485.73797
G0 F9000 X123.098 Y75.58
G1 F1500 X110.047 Y62.529 E1486.5974
G0 F9000 X109.92 Y61.837
G1 F1500 X123.139 Y75.055 E1487.46786
G0 F9000 X123.179 Y74.53
G1 F1500 X109.794 Y61.145 E1488.34928
G0 F9000 X109.668 Y60.454
G1 F1500 X123.231 Y74.016 E1489.2424
G0 F9000 X123.296 Y73.515
G1 F1500 X109.559 Y59.779 E1490.14697
G0 F9000 X109.559 Y59.213
G1 F1500 X123.36 Y73.014 E1491.05579
G0 F9000 X123.425 Y72.513
G1 F1500 X109.559 Y58.648 E1491.96885
G0 F9000 X109.559 Y58.082
G1 F1500 X123.49 Y72.013 E1492.88623
G0 F9000 X123.554 Y71.511
G1 F1500 X109.559 Y57.516 E1493.80783
G0 F9000 X109.559 Y56.951
G1 F1500 X123.619 Y71.011 E1494.7337
G0 F9000 X123.684 Y70.509
G1 F1500 X109.559 Y56.385 E1495.66383
G0 F9000 X109.559 Y55.819
G1 F1500 X123.749 Y70.009 E1496.59826
G0 F9000 X123.814 Y69.508
G1 F1500 X109.559 Y55.254 E1497.53695
G0 F9000 X109.559 Y54.688
G1 F1500 X123.878 Y69.007 E1498.47988
G0 F9000 X123.943 Y68.506
G1 F1500 X109.559 Y54.122 E1499.42709
G0 F9000 X109.559 Y53.556
G1 F1500 X124.008 Y68.005 E1500.37858
G0 F9000 X124.073 Y67.504
G1 F1500 X109.559 Y52.991 E1501.33432
G0 F9000 X109.559 Y52.425
G1 F1500 X124.138 Y67.004 E1502.29437
G0 F9000 X124.223 Y66.523
G1 F1500 X109.559 Y51.859 E1503.26002
G0 F9000 X109.559 Y51.294
G1 F1500 X124.31 Y66.045 E1504.2314
G0 F9000 X124.397 Y65.566
G1 F1500 X109.559 Y50.728 E1505.2085
G0 F9000 X109.559 Y50.162
G1 F1500 X124.485 Y65.088 E1506.19141
G0 F9000 X124.572 Y64.609
G1 F1500 X109.559 Y49.597 E1507.18001
G0 F9000 X109.559 Y49.031
G1 F1500 X124.659 Y64.131 E1508.17437
G0 F9000 X124.746 Y63.652
G1 F1500 X109.559 Y48.465 E1509.17446
G0 F9000 X109.559 Y47.9
G1 F1500 X124.834 Y63.174 E1510.18031
G0 F9000 X124.921 Y62.695
G1 F1500 X109.559 Y47.334 E1511.19189
G0 F9000 X109.559 Y46.768
G1 F1500 X125.007 Y62.216 E1512.20917
G0 F9000 X125.094 Y61.738
G1 F1500 X109.559 Y46.203 E1513.23217
G0 F9000 X109.559 Y45.637
G1 F1500 X125.181 Y61.259 E1514.26091
G0 F9000 X125.269 Y60.781
G1 F1500 X109.559 Y45.071 E1515.29544
G0 F9000 X109.559 Y44.506
G1 F1500 X125.356 Y60.302 E1516.33567
G0 F9000 X125.438 Y59.819
G1 F1500 X109.559 Y43.94 E1517.38132
G0 F9000 X109.559 Y43.374
G1 F1500 X125.438 Y59.253 E1518.42698
G0 F9000 X125.438 Y58.687
G1 F1500 X109.559 Y42.808 E1519.47264
G0 F9000 X109.559 Y42.243
G1 F1500 X125.438 Y58.122 E1520.5183
G0 F9000 X125.438 Y57.556
G1 F1500 X109.559 Y41.677 E1521.56396
G0 F9000 X109.559 Y41.111
G1 F1500 X125.438 Y56.99 E1522.60962
G0 F9000 X125.438 Y56.424
G1 F1500 X109.559 Y40.546 E1523.65525
G0 F9000 X109.559 Y39.98
G1 F1500 X125.438 Y55.859 E1524.70091
G0 F9000 X125.438 Y55.293
G1 F1500 X109.559 Y39.414 E1525.74657
G0 F9000 X109.559 Y38.849
G1 F1500 X125.438 Y54.727 E1526.79219
G0 F9000 X125.438 Y54.162
G1 F1500 X109.559 Y38.283 E1527.83785
G0 F9000 X109.559 Y37.717
G1 F1500 X125.438 Y53.596 E1528.88351
G0 F9000 X125.438 Y53.03
G1 F1500 X109.559 Y37.152 E1529.92914
G0 F9000 X109.559 Y36.586
G1 F1500 X125.438 Y52.465 E1530.9748
G0 F9000 X125.438 Y51.899
G1 F1500 X110.1 Y36.56 E1531.98486
G0 F9000 X110.665 Y36.56
G1 F1500 X125.438 Y51.333 E1532.95769
G0 F9000 X125.438 Y50.768
G1 F1500 X111.231 Y36.56 E1533.89328
G0 F9000 X111.797 Y36.56
G1 F1500 X125.438 Y50.202 E1534.79159
G0 F9000 X125.438 Y49.636
G1 F1500 X112.362 Y36.56 E1535.65267
G0 F9000 X112.928 Y36.56
G1 F1500 X125.438 Y49.071 E1536.47651
G0 F9000 X125.438 Y48.505
G1 F1500 X113.494 Y36.56 E1537.26307
G0 F9000 X114.059 Y36.56
G1 F1500 X125.438 Y47.939 E1538.0124
G0 F9000 X125.438 Y47.374
G1 F1500 X114.625 Y36.56 E1538.72449
G0 F9000 X115.191 Y36.56
G1 F1500 X125.438 Y46.808 E1539.3993
G0 F9000 X125.438 Y46.242
G1 F1500 X115.756 Y36.56 E1540.03688
G0 F9000 X116.322 Y36.56
G1 F1500 X125.438 Y45.676 E1540.63718
G0 F9000 X125.438 Y45.111
G1 F1500 X116.888 Y36.56 E1541.20025
G0 F9000 X117.453 Y36.56
G1 F1500 X125.438 Y44.545 E1541.72608
G0 F9000 X125.438 Y43.979
G1 F1500 X118.019 Y36.56 E1542.21463
G0 F9000 X118.585 Y36.56
G1 F1500 X125.438 Y43.414 E1542.66594
G0 F9000 X125.438 Y42.848
G1 F1500 X119.151 Y36.56 E1543.07999
G0 F9000 X119.716 Y36.56
G1 F1500 X125.438 Y42.282 E1543.45679
G0 F9000 X125.438 Y41.717
G1 F1500 X120.282 Y36.56 E1543.79635
G0 F9000 X120.848 Y36.56
G1 F1500 X125.438 Y41.151 E1544.09865
G0 F9000 X125.438 Y40.585
G1 F1500 X121.413 Y36.56 E1544.3637
G0 F9000 X121.979 Y36.56
G1 F1500 X125.438 Y40.02 E1544.59151
G0 F9000 X125.438 Y39.454
G1 F1500 X122.545 Y36.56 E1544.78206
G0 F9000 X123.11 Y36.56
G1 F1500 X125.438 Y38.888 E1544.93536
G0 F9000 X125.438 Y38.323
G1 F1500 X123.676 Y36.56 E1545.05142
G0 F9000 X124.242 Y36.56
G1 F1500 X125.438 Y37.757 E1545.13021
G0 F9000 X125.438 Y37.191
G1 F1500 X124.807 Y36.56 E1545.17177
G0 F9000 X125.373 Y36.56
G1 F1500 X125.438 Y36.626 E1545.17608
G1 F2700 E1540.17608
;MESH:NONMESH
G0 F300 X125.438 Y36.626 Z5.6
G0 F9000 X125.9 Y36.626
G0 X125.838 Y59.892
G0 X123.917 Y74.337
G0 X123.35 Y81.659
G0 X123.161 Y88.99
G0 X123.161 Y146.01
G0 X123.35 Y153.341
G0 X123.809 Y159.271
G0 X124.701 Y167.971
;TIME_ELAPSED:5658.509750
;LAYER:19
;TYPE:WALL-INNER
;MESH:D638-22 Tensile.STL
G1 F2700 E1545.17608
G1 F1500 X126 Y175.089 E1545.513
G1 X126 Y175.858 E1545.54881
G1 X126 Y199 E1546.62639
G1 X109 Y199 E1547.41798
G1 X109 Y175.093 E1548.53119
G1 X110.299 Y167.972 E1548.86825
G1 X111.245 Y160.664 E1549.21138
G1 X111.812 Y153.324 E1549.55418
G1 X112 Y146.027 E1549.89407
G1 X112 Y88.973 E1552.55074
G1 X111.81 Y81.625 E1552.89301
G1 X111.246 Y74.345 E1553.23302
G1 X110.299 Y67.028 E1553.57657
G1 X109.001 Y59.911 E1553.91343
G1 X109 Y36 E1555.02683
G1 X126 Y36 E1555.81842
G1 X125.999 Y59.907 E1556.93163
G1 X124.701 Y67.027 E1557.26863
G1 X123.754 Y74.346 E1557.61227
G1 X123.19 Y81.624 E1557.95219
G1 X123 Y88.973 E1558.2945
G1 X123 Y146.027 E1560.95117
G1 X123.188 Y153.323 E1561.29102
G1 X123.754 Y160.654 E1561.6334
G1 X124.701 Y167.971 E1561.97695
G1 F2700 E1556.97695
G0 F9000 X125.839 Y175.105
G0 X125.828 Y198.828
G0 X108.87 Y199.13
G1 F2700 E1561.97695
G0 F9000 X108.6 Y199.4
G1 F1500 X126.4 Y199.4 E1562.80579
G1 X126.4 Y175.858 E1563.902
G1 X126.4 Y175.053 E1563.93949
G1 X125.094 Y167.894 E1564.27834
G1 X124.156 Y160.654 E1564.61829
G1 X123.589 Y153.343 E1564.95974
G1 X123.4 Y146.017 E1565.30098
G1 X123.4 Y88.983 E1567.95672
G1 X123.589 Y81.655 E1568.29806
G1 X124.156 Y74.346 E1568.63942
G1 X125.094 Y67.104 E1568.97945
G1 X126.399 Y59.943 E1569.31839
G1 X126.4 Y35.6 E1570.4519
G1 X108.6 Y35.6 E1571.28075
G1 X108.601 Y59.947 E1572.41444
G1 X109.906 Y67.105 E1572.75325
G1 X110.847 Y74.376 E1573.09464
G1 X111.411 Y81.656 E1573.43464
G1 X111.6 Y88.983 E1573.77593
G1 X111.6 Y146.017 E1576.43167
G1 X111.411 Y153.345 E1576.77301
G1 X110.844 Y160.654 E1577.11437
G1 X109.906 Y167.896 E1577.4544
G1 X108.6 Y175.057 E1577.79335
G1 X108.6 Y199.4 E1578.92686
G1 F2700 E1573.92686
G0 F9000 X108.87 Y199.13
G0 X125.828 Y198.828
G0 X125.839 Y175.105
G0 X124.797 Y167.931
G1 F2700 E1578.92686
G0 F9000 X125.491 Y167.842
;TYPE:WALL-OUTER
G1 F1500 X126.8 Y175.017 E1579.26647
G1 X126.8 Y175.858 E1579.30563
G1 X126.8 Y199.8 E1580.42047
G1 X108.2 Y199.8 E1581.28657
G1 X108.2 Y175.021 E1582.44038
G1 X109.507 Y167.854 E1582.77961
G1 X110.447 Y160.602 E1583.12012
G1 X111.012 Y153.314 E1583.4605
G1 X111.2 Y146.007 E1583.80085
G1 X111.2 Y88.993 E1586.45567
G1 X111.012 Y81.697 E1586.79551
G1 X110.448 Y74.407 E1587.13598
G1 X109.509 Y67.157 E1587.47639
G1 X108.201 Y59.983 E1587.81595
G1 X108.2 Y35.2 E1588.96995
G1 X126.8 Y35.2 E1589.83604
G1 X126.799 Y59.979 E1590.98985
G1 X125.493 Y67.146 E1591.32908
G1 X124.553 Y74.398 E1591.66958
G1 X123.988 Y81.686 E1592.00996
G1 X123.8 Y88.993 E1592.35032
G1 X123.8 Y146.007 E1595.00513
G1 X123.988 Y153.302 E1595.34493
G1 X124.552 Y160.592 E1595.6854
G1 X125.491 Y167.842 E1596.02581
G0 F9000 X124.797 Y167.931
G0 X124.341 Y168.004
;TYPE:SKIN
G1 F1500 X125.64 Y175.122 E1596.36272
G1 X125.64 Y175.858 E1596.39699
G1 X125.64 Y198.64 E1597.45782
G1 X109.36 Y198.64 E1598.21589
G1 X109.36 Y175.128 E1599.3107
G1 X110.657 Y168.017 E1599.64728
G1 X111.598 Y160.752 E1599.9884
G1 X112.172 Y153.343 E1600.33443
G1 X112.36 Y146.04 E1600.6746
G1 X112.36 Y88.961 E1603.33243
G1 X112.169 Y81.606 E1603.67503
G1 X111.599 Y74.258 E1604.01821
G1 X110.659 Y66.995 E1604.35923
G1 X109.361 Y59.879 E1604.69604
G1 X109.361 Y36.361 E1605.79114
G1 X125.639 Y36.361 E1606.54911
G1 X125.639 Y59.872 E1607.64388
G1 X124.343 Y66.983 E1607.98046
G1 X123.402 Y74.247 E1608.32152
G1 X122.828 Y81.657 E1608.6676
G1 X122.64 Y88.961 E1609.00782
G1 X122.64 Y146.04 E1611.66565
G1 X122.831 Y153.391 E1612.00806
G1 X123.401 Y160.741 E1612.35134
G1 X124.341 Y168.004 E1612.69235
G1 F2700 E1607.69235
G0 F9000 X124.597 Y167.957
G0 X125.839 Y175.105
G0 X125.9 Y198.132
G1 F2700 E1612.69235
G0 F9000 X125.44 Y198.132
G1 F1500 X125.133 Y198.438 E1612.71254
G0 F9000 X124.567 Y198.438
G1 F1500 X125.44 Y197.566 E1612.76999
G0 F9000 X125.44 Y197
G1 F1500 X124.001 Y198.438 E1612.86472
G0 F9000 X123.436 Y198.438
G1 F1500 X125.44 Y196.434 E1612.99669
G0 F9000 X125.44 Y195.869
G1 F1500 X122.87 Y198.438 E1613.16589
G0 F9000 X122.304 Y198.438
G1 F1500 X125.44 Y195.303 E1613.37237
G0 F9000 X125.44 Y194.737
G1 F1500 X121.739 Y198.438 E1613.61609
G0 F9000 X121.173 Y198.438
G1 F1500 X125.44 Y194.172 E1613.89704
G0 F9000 X125.44 Y193.606
G1 F1500 X120.607 Y198.438 E1614.21527
G0 F9000 X120.041 Y198.438
G1 F1500 X125.44 Y193.04 E1614.57077
G0 F9000 X125.44 Y192.475
G1 F1500 X119.476 Y198.438 E1614.96348
G0 F9000 X118.91 Y198.438
G1 F1500 X125.44 Y191.909 E1615.39346
G0 F9000 X125.44 Y191.343
G1 F1500 X118.344 Y198.438 E1615.86071
G0 F9000 X117.779 Y198.438
G1 F1500 X125.44 Y190.778 E1616.36517
G0 F9000 X125.44 Y190.212
G1 F1500 X117.213 Y198.438 E1616.9069
G0 F9000 X116.647 Y198.438
G1 F1500 X125.44 Y189.646 E1617.4859
G0 F9000 X125.44 Y189.081
G1 F1500 X116.082 Y198.438 E1618.1021
G0 F9000 X115.516 Y198.438
G1 F1500 X125.44 Y188.515 E1618.75558
G0 F9000 X125.44 Y187.949
G1 F1500 X114.95 Y198.438 E1619.44634
G0 F9000 X114.385 Y198.438
G1 F1500 X125.44 Y187.384 E1620.17429
G0 F9000 X125.44 Y186.818
G1 F1500 X113.819 Y198.438 E1620.93952
G0 F9000 X113.253 Y198.438
G1 F1500 X125.44 Y186.252 E1621.74202
G0 F9000 X125.44 Y185.686
G1 F1500 X112.688 Y198.438 E1622.58177
G0 F9000 X112.122 Y198.438
G1 F1500 X125.44 Y185.121 E1623.45875
G0 F9000 X125.44 Y184.555
G1 F1500 X111.556 Y198.438 E1624.373
G0 F9000 X110.991 Y198.438
G1 F1500 X125.44 Y183.989 E1625.32449
G0 F9000 X125.44 Y183.424
G1 F1500 X110.425 Y198.438 E1626.31322
G0 F9000 X109.859 Y198.438
G1 F1500 X125.44 Y182.858 E1627.33922
G0 F9000 X125.44 Y182.292
G1 F1500 X109.559 Y198.173 E1628.38501
G0 F9000 X109.559 Y197.607
G1 F1500 X125.44 Y181.727 E1629.43077
G0 F9000 X125.44 Y181.161
G1 F1500 X109.559 Y197.041 E1630.47653
G0 F9000 X109.559 Y196.475
G1 F1500 X125.44 Y180.595 E1631.52229
G0 F9000 X125.44 Y180.03
G1 F1500 X109.559 Y195.91 E1632.56805
G0 F9000 X109.559 Y195.344
G1 F1500 X125.44 Y179.464 E1633.6138
G0 F9000 X125.44 Y178.898
G1 F1500 X109.559 Y194.778 E1634.65956
G0 F9000 X109.559 Y194.213
G1 F1500 X125.44 Y178.333 E1635.70532
G0 F9000 X125.44 Y177.767
G1 F1500 X109.559 Y193.647 E1636.75108
G0 F9000 X109.559 Y193.081
G1 F1500 X125.44 Y177.201 E1637.79684
G0 F9000 X125.44 Y176.635
G1 F1500 X109.559 Y192.516 E1638.84263
G0 F9000 X109.559 Y191.95
G1 F1500 X125.44 Y176.07 E1639.88838
G0 F9000 X125.44 Y175.504
G1 F1500 X109.559 Y191.384 E1640.93414
G0 F9000 X109.559 Y190.819
G1 F1500 X125.408 Y174.97 E1641.97783
G0 F9000 X125.321 Y174.492
G1 F1500 X109.559 Y190.253 E1643.01575
G0 F9000 X109.559 Y189.687
G1 F1500 X125.234 Y174.013 E1644.04794
G0 F9000 X125.146 Y173.535
G1 F1500 X109.559 Y189.122 E1645.07437
G0 F9000 X109.559 Y188.556
G1 F1500 X125.059 Y173.056 E1646.09507
G0 F9000 X124.971 Y172.578
G1 F1500 X109.559 Y187.99 E1647.10998
G0 F9000 X109.559 Y187.425
G1 F1500 X124.884 Y172.099 E1648.11919
G0 F9000 X124.797 Y171.621
G1 F1500 X109.559 Y186.859 E1649.12264
G0 F9000 X109.559 Y186.293
G1 F1500 X124.71 Y171.143 E1650.12032
G0 F9000 X124.623 Y170.664
G1 F1500 X109.559 Y185.727 E1651.11228
G0 F9000 X109.559 Y185.162
G1 F1500 X124.535 Y170.186 E1652.09848
G0 F9000 X124.448 Y169.707
G1 F1500 X109.559 Y184.596 E1653.07894
G0 F9000 X109.559 Y184.03
G1 F1500 X124.36 Y169.229 E1654.05361
G0 F9000 X124.274 Y168.751
G1 F1500 X109.559 Y183.465 E1655.02259
G0 F9000 X109.559 Y182.899
G1 F1500 X124.186 Y168.273 E1655.98577
G0 F9000 X124.111 Y167.782
G1 F1500 X109.559 Y182.333 E1656.94401
G0 F9000 X109.559 Y181.768
G1 F1500 X124.046 Y167.281 E1657.898
G0 F9000 X123.981 Y166.781
G1 F1500 X109.559 Y181.202 E1658.84768
G0 F9000 X109.559 Y180.636
G1 F1500 X123.916 Y166.28 E1659.79308
G0 F9000 X123.851 Y165.779
G1 F1500 X109.559 Y180.071 E1660.73424
G0 F9000 X109.559 Y179.505
G1 F1500 X123.786 Y165.278 E1661.67111
G0 F9000 X123.721 Y164.777
G1 F1500 X109.559 Y178.939 E1662.6037
G0 F9000 X109.559 Y178.374
G1 F1500 X123.656 Y164.277 E1663.53201
G0 F9000 X123.591 Y163.776
G1 F1500 X109.559 Y177.808 E1664.45604
G0 F9000 X109.559 Y177.242
G1 F1500 X123.527 Y163.275 E1665.37583
G0 F9000 X123.462 Y162.774
G1 F1500 X109.559 Y176.676 E1666.29133
G0 F9000 X109.559 Y176.111
G1 F1500 X123.397 Y162.273 E1667.20259
G0 F9000 X123.332 Y161.773
G1 F1500 X109.559 Y175.545 E1668.10953
G0 F9000 X109.597 Y174.942
G1 F1500 X123.267 Y161.272 E1669.00972
G0 F9000 X123.202 Y160.771
G1 F1500 X109.723 Y174.25 E1669.89734
G0 F9000 X109.849 Y173.558
G1 F1500 X123.161 Y160.246 E1670.77395
G0 F9000 X123.121 Y159.721
G1 F1500 X109.975 Y172.867 E1671.63964
G0 F9000 X110.102 Y172.174
G1 F1500 X123.08 Y159.196 E1672.49426
G0 F9000 X123.039 Y158.671
G1 F1500 X110.228 Y171.483 E1673.33792
G0 F9000 X110.354 Y170.791
G1 F1500 X122.999 Y158.146 E1674.17062
G0 F9000 X122.958 Y157.621
G1 F1500 X110.48 Y170.099 E1674.99232
G0 F9000 X110.607 Y169.407
G1 F1500 X122.917 Y157.096 E1675.80298
G0 F9000 X122.876 Y156.571
G1 F1500 X110.732 Y168.715 E1676.60269
G0 F9000 X110.858 Y168.024
G1 F1500 X122.835 Y156.047 E1677.39139
G0 F9000 X122.795 Y155.521
G1 F1500 X110.942 Y167.374 E1678.17193
G0 F9000 X111.026 Y166.725
G1 F1500 X122.754 Y154.997 E1678.94424
G0 F9000 X122.713 Y154.472
G1 F1500 X111.11 Y166.075 E1679.70832
G0 F9000 X111.194 Y165.425
G1 F1500 X122.673 Y153.947 E1680.4642
G0 F9000 X122.632 Y153.422
G1 F1500 X111.278 Y164.775 E1681.21185
G0 F9000 X111.362 Y164.126
G1 F1500 X122.617 Y152.871 E1681.95301
G0 F9000 X122.603 Y152.319
G1 F1500 X111.446 Y163.476 E1682.68771
G0 F9000 X111.53 Y162.826
G1 F1500 X122.588 Y151.768 E1683.4159
G0 F9000 X122.574 Y151.217
G1 F1500 X111.614 Y162.177 E1684.13764
G0 F9000 X111.698 Y161.527
G1 F1500 X122.559 Y150.666 E1684.85285
G0 F9000 X122.545 Y150.114
G1 F1500 X111.782 Y160.878 E1685.56165
G0 F9000 X111.836 Y160.257
G1 F1500 X122.53 Y149.563 E1686.26587
G0 F9000 X122.516 Y149.012
G1 F1500 X111.884 Y159.644 E1686.966
G0 F9000 X111.931 Y159.031
G1 F1500 X122.502 Y148.46 E1687.66212
G0 F9000 X122.487 Y147.909
G1 F1500 X111.978 Y158.418 E1688.35415
G0 F9000 X112.026 Y157.805
G1 F1500 X122.473 Y147.358 E1689.04211
G0 F9000 X122.459 Y146.806
G1 F1500 X112.074 Y157.191 E1689.72598
G0 F9000 X112.121 Y156.578
G1 F1500 X122.444 Y146.255 E1690.40576
G0 F9000 X122.439 Y145.695
G1 F1500 X112.169 Y155.965 E1691.08206
G0 F9000 X112.216 Y155.352
G1 F1500 X122.439 Y145.13 E1691.75523
G0 F9000 X122.439 Y144.564
G1 F1500 X112.263 Y154.739 E1692.4253
G0 F9000 X112.311 Y154.126
G1 F1500 X122.439 Y143.998 E1693.09225
G0 F9000 X122.439 Y143.433
G1 F1500 X112.358 Y153.513 E1693.75607
G0 F9000 X112.383 Y152.923
G1 F1500 X122.439 Y142.867 E1694.41827
G0 F9000 X122.439 Y142.301
G1 F1500 X112.398 Y152.342 E1695.07949
G0 F9000 X112.413 Y151.762
G1 F1500 X122.439 Y141.736 E1695.73972
G0 F9000 X122.439 Y141.17
G1 F1500 X112.427 Y151.181 E1696.39899
G0 F9000 X112.442 Y150.601
G1 F1500 X122.439 Y140.604 E1697.05731
G0 F9000 X122.439 Y140.038
G1 F1500 X112.457 Y150.02 E1697.71465
G0 F9000 X112.473 Y149.439
G1 F1500 X122.439 Y139.473 E1698.37092
G0 F9000 X122.439 Y138.907
G1 F1500 X112.487 Y148.858 E1699.02625
G0 F9000 X112.502 Y148.278
G1 F1500 X122.439 Y138.341 E1699.68062
G0 F9000 X122.439 Y137.776
G1 F1500 X112.517 Y147.697 E1700.33396
G0 F9000 X112.532 Y147.117
G1 F1500 X122.439 Y137.21 E1700.98636
G0 F9000 X122.439 Y136.644
G1 F1500 X112.548 Y146.535 E1701.6377
G0 F9000 X112.56 Y145.958
G1 F1500 X122.439 Y136.079 E1702.28824
G0 F9000 X122.439 Y135.513
G1 F1500 X112.56 Y145.392 E1702.93879
G0 F9000 X112.56 Y144.826
G1 F1500 X122.439 Y134.947 E1703.58934
G0 F9000 X122.439 Y134.382
G1 F1500 X112.56 Y144.261 E1704.23989
G0 F9000 X112.56 Y143.695
G1 F1500 X122.439 Y133.816 E1704.89044
G0 F9000 X122.439 Y133.25
G1 F1500 X112.56 Y143.129 E1705.54099
G0 F9000 X112.56 Y142.564
G1 F1500 X122.439 Y132.685 E1706.19154
G0 F9000 X122.439 Y132.119
G1 F1500 X112.56 Y141.998 E1706.84209
G0 F9000 X112.56 Y141.432
G1 F1500 X122.439 Y131.553 E1707.49264
G0 F9000 X122.439 Y130.987
G1 F1500 X112.56 Y140.866 E1708.14319
G0 F9000 X112.56 Y140.301
G1 F1500 X122.439 Y130.422 E1708.79373
G0 F9000 X122.439 Y129.856
G1 F1500 X112.56 Y139.735 E1709.44428
G0 F9000 X112.56 Y139.169
G1 F1500 X122.439 Y129.29 E1710.09483
G0 F9000 X122.439 Y128.725
G1 F1500 X112.56 Y138.604 E1710.74538
G0 F9000 X112.56 Y138.038
G1 F1500 X122.439 Y128.159 E1711.39593
G0 F9000 X122.439 Y127.593
G1 F1500 X112.56 Y137.472 E1712.04648
G0 F9000 X112.56 Y136.907
G1 F1500 X122.439 Y127.028 E1712.69703
G0 F9000 X122.439 Y126.462
G1 F1500 X112.56 Y136.341 E1713.34758
G0 F9000 X112.56 Y135.775
G1 F1500 X122.439 Y125.896 E1713.99813
G0 F9000 X122.439 Y125.331
G1 F1500 X112.56 Y135.21 E1714.64868
G0 F9000 X112.56 Y134.644
G1 F1500 X122.439 Y124.765 E1715.29922
G0 F9000 X122.439 Y124.199
G1 F1500 X112.56 Y134.078 E1715.94977
G0 F9000 X112.56 Y133.513
G1 F1500 X122.439 Y123.634 E1716.60032
G0 F9000 X122.439 Y123.068
G1 F1500 X112.56 Y132.947 E1717.25087
G0 F9000 X112.56 Y132.381
G1 F1500 X122.439 Y122.502 E1717.90142
G0 F9000 X122.439 Y121.937
G1 F1500 X112.56 Y131.816 E1718.55197
G0 F9000 X112.56 Y131.25
G1 F1500 X122.439 Y121.371 E1719.20252
G0 F9000 X122.439 Y120.805
G1 F1500 X112.56 Y130.684 E1719.85307
G0 F9000 X112.56 Y130.118
G1 F1500 X122.439 Y120.239 E1720.50362
G0 F9000 X122.439 Y119.674
G1 F1500 X112.56 Y129.553 E1721.15417
G0 F9000 X112.56 Y128.987
G1 F1500 X122.439 Y119.108 E1721.80472
G0 F9000 X122.439 Y118.542
G1 F1500 X112.56 Y128.421 E1722.45526
G0 F9000 X112.56 Y127.856
G1 F1500 X122.439 Y117.977 E1723.10581
G0 F9000 X122.439 Y117.411
G1 F1500 X112.56 Y127.29 E1723.75636
G0 F9000 X112.56 Y126.724
G1 F1500 X122.439 Y116.845 E1724.40691
G0 F9000 X122.439 Y116.28
G1 F1500 X112.56 Y126.159 E1725.05746
G0 F9000 X112.56 Y125.593
G1 F1500 X122.439 Y115.714 E1725.70801
G0 F9000 X122.439 Y115.148
G1 F1500 X112.56 Y125.027 E1726.35856
G0 F9000 X112.56 Y124.462
G1 F1500 X122.439 Y114.583 E1727.00911
G0 F9000 X122.439 Y114.017
G1 F1500 X112.56 Y123.896 E1727.65966
G0 F9000 X112.56 Y123.33
G1 F1500 X122.439 Y113.451 E1728.31021
G0 F9000 X122.439 Y112.886
G1 F1500 X112.56 Y122.765 E1728.96075
G0 F9000 X112.56 Y122.199
G1 F1500 X122.439 Y112.32 E1729.6113
G0 F9000 X122.439 Y111.754
G1 F1500 X112.56 Y121.633 E1730.26185
G0 F9000 X112.56 Y121.067
G1 F1500 X122.439 Y111.189 E1730.91237
G0 F9000 X122.439 Y110.623
G1 F1500 X112.56 Y120.502 E1731.56292
G0 F9000 X112.56 Y119.936
G1 F1500 X122.439 Y110.057 E1732.21347
G0 F9000 X122.439 Y109.491
G1 F1500 X112.56 Y119.37 E1732.86402
G0 F9000 X112.56 Y118.805
G1 F1500 X122.439 Y108.926 E1733.51456
G0 F9000 X122.439 Y108.36
G1 F1500 X112.56 Y118.239 E1734.16511
G0 F9000 X112.56 Y117.673
G1 F1500 X122.439 Y107.794 E1734.81566
G0 F9000 X122.439 Y107.229
G1 F1500 X112.56 Y117.108 E1735.46621
G0 F9000 X112.56 Y116.542
G1 F1500 X122.439 Y106.663 E1736.11676
G0 F9000 X122.439 Y106.097
G1 F1500 X112.56 Y115.976 E1736.76731
G0 F9000 X112.56 Y115.411
G1 F1500 X122.439 Y105.532 E1737.41786
G0 F9000 X122.439 Y104.966
G1 F1500 X112.56 Y114.845 E1738.06841
G0 F9000 X112.56 Y114.279
G1 F1500 X122.439 Y104.4 E1738.71896
G0 F9000 X122.439 Y103.835
G1 F1500 X112.56 Y113.714 E1739.36951
G0 F9000 X112.56 Y113.148
G1 F1500 X122.439 Y103.269 E1740.02005
G0 F9000 X122.439 Y102.703
G1 F1500 X112.56 Y112.582 E1740.6706
G0 F9000 X112.56 Y112.017
G1 F1500 X122.439 Y102.138 E1741.32115
G0 F9000 X122.439 Y101.572
G1 F1500 X112.56 Y111.451 E1741.9717
G0 F9000 X112.56 Y110.885
G1 F1500 X122.439 Y101.006 E1742.62225
G0 F9000 X122.439 Y100.44
G1 F1500 X112.56 Y110.319 E1743.2728
G0 F9000 X112.56 Y109.754
G1 F1500 X122.439 Y99.875 E1743.92335
G0 F9000 X122.439 Y99.309
G1 F1500 X112.56 Y109.188 E1744.5739
G0 F9000 X112.56 Y108.622
G1 F1500 X122.439 Y98.743 E1745.22445
G0 F9000 X122.439 Y98.178
G1 F1500 X112.56 Y108.057 E1745.875
G0 F9000 X112.56 Y107.491
G1 F1500 X122.439 Y97.612 E1746.52554
G0 F9000 X122.439 Y97.046
G1 F1500 X112.56 Y106.925 E1747.17609
G0 F9000 X112.56 Y106.36
G1 F1500 X122.439 Y96.481 E1747.82664
G0 F9000 X122.439 Y95.915
G1 F1500 X112.56 Y105.794 E1748.47719
G0 F9000 X112.56 Y105.228
G1 F1500 X122.439 Y95.349 E1749.12774
G0 F9000 X122.439 Y94.784
G1 F1500 X112.56 Y104.663 E1749.77829
G0 F9000 X112.56 Y104.097
G1 F1500 X122.439 Y94.218 E1750.42884
G0 F9000 X122.439 Y93.652
G1 F1500 X112.56 Y103.531 E1751.07939
G0 F9000 X112.56 Y102.966
G1 F1500 X122.439 Y93.087 E1751.72994
G0 F9000 X122.439 Y92.521
G1 F1500 X112.56 Y102.4 E1752.38049
G0 F9000 X112.56 Y101.834
G1 F1500 X122.439 Y91.955 E1753.03104
G0 F9000 X122.439 Y91.39
G1 F1500 X112.56 Y101.269 E1753.68158
G0 F9000 X112.56 Y100.703
G1 F1500 X122.439 Y90.824 E1754.33213
G0 F9000 X122.439 Y90.258
G1 F1500 X112.56 Y100.137 E1754.98268
G0 F9000 X112.56 Y99.571
G1 F1500 X122.439 Y89.692 E1755.63323
G0 F9000 X122.439 Y89.127
G1 F1500 X112.56 Y99.006 E1756.28378
G0 F9000 X112.56 Y98.44
G1 F1500 X122.448 Y88.551 E1756.93495
G0 F9000 X122.463 Y87.971
G1 F1500 X112.56 Y97.874 E1757.58708
G0 F9000 X112.56 Y97.309
G1 F1500 X122.479 Y87.389 E1758.2403
G0 F9000 X122.494 Y86.809
G1 F1500 X112.56 Y96.743 E1758.89447
G0 F9000 X112.56 Y96.177
G1 F1500 X122.509 Y86.228 E1759.54963
G0 F9000 X122.523 Y85.648
G1 F1500 X112.56 Y95.612 E1760.20574
G0 F9000 X112.56 Y95.046
G1 F1500 X122.538 Y85.067 E1760.86284
G0 F9000 X122.553 Y84.487
G1 F1500 X112.56 Y94.48 E1761.5209
G0 F9000 X112.56 Y93.915
G1 F1500 X122.569 Y83.905 E1762.18004
G0 F9000 X122.584 Y83.325
G1 F1500 X112.56 Y93.349 E1762.84014
G0 F9000 X112.56 Y92.783
G1 F1500 X122.598 Y82.744 E1763.50119
G0 F9000 X122.613 Y82.164
G1 F1500 X112.56 Y92.218 E1764.16323
G0 F9000 X112.56 Y91.652
G1 F1500 X122.633 Y81.578 E1764.82659
G0 F9000 X122.68 Y80.965
G1 F1500 X112.56 Y91.086 E1765.49304
G0 F9000 X112.56 Y90.52
G1 F1500 X122.728 Y80.352 E1766.16262
G0 F9000 X122.775 Y79.739
G1 F1500 X112.56 Y89.955 E1766.83533
G0 F9000 X112.56 Y89.389
G1 F1500 X122.823 Y79.126 E1767.51117
G0 F9000 X122.87 Y78.513
G1 F1500 X112.556 Y88.827 E1768.19036
G0 F9000 X112.541 Y88.276
G1 F1500 X122.917 Y77.9 E1768.87364
G0 F9000 X122.965 Y77.287
G1 F1500 X112.527 Y87.725 E1769.561
G0 F9000 X112.513 Y87.173
G1 F1500 X123.012 Y76.674 E1770.25238
G0 F9000 X123.06 Y76.06
G1 F1500 X112.498 Y86.622 E1770.9479
G0 F9000 X112.484 Y86.071
G1 F1500 X123.107 Y75.447 E1771.64748
G0 F9000 X123.155 Y74.834
G1 F1500 X112.47 Y85.519 E1772.3511
G0 F9000 X112.455 Y84.968
G1 F1500 X123.204 Y74.22 E1773.05891
G0 F9000 X123.288 Y73.57
G1 F1500 X112.441 Y84.417 E1773.7732
G0 F9000 X112.427 Y83.865
G1 F1500 X123.371 Y72.921 E1774.49388
G0 F9000 X123.455 Y72.271
G1 F1500 X112.412 Y83.314 E1775.22109
G0 F9000 X112.398 Y82.763
G1 F1500 X123.54 Y71.621 E1775.9548
G0 F9000 X123.624 Y70.971
G1 F1500 X112.384 Y82.211 E1776.69498
G0 F9000 X112.369 Y81.66
G1 F1500 X123.708 Y70.321 E1777.44167
G0 F9000 X123.792 Y69.671
G1 F1500 X112.332 Y81.132 E1778.19636
G0 F9000 X112.292 Y80.606
G1 F1500 X123.876 Y69.022 E1778.95919
G0 F9000 X123.96 Y68.372
G1 F1500 X112.251 Y80.081 E1779.73025
G0 F9000 X112.21 Y79.557
G1 F1500 X124.044 Y67.723 E1780.50954
G0 F9000 X124.128 Y67.073
G1 F1500 X112.169 Y79.031 E1781.29702
G0 F9000 X112.128 Y78.507
G1 F1500 X124.247 Y66.388 E1782.09508
G0 F9000 X124.373 Y65.696
G1 F1500 X112.088 Y77.981 E1782.90407
G0 F9000 X112.047 Y77.457
G1 F1500 X124.499 Y65.005 E1783.72406
G0 F9000 X124.625 Y64.313
G1 F1500 X112.006 Y76.932 E1784.55504
G0 F9000 X111.966 Y76.407
G1 F1500 X124.751 Y63.621 E1785.39698
G0 F9000 X124.877 Y62.93
G1 F1500 X111.925 Y75.882 E1786.2499
G0 F9000 X111.884 Y75.357
G1 F1500 X125.003 Y62.238 E1787.1138
G0 F9000 X125.129 Y61.546
G1 F1500 X111.843 Y74.832 E1787.98871
G0 F9000 X111.802 Y74.307
G1 F1500 X125.255 Y60.855 E1788.87458
G0 F9000 X125.381 Y60.163
G1 F1500 X111.741 Y73.802 E1789.77276
G0 F9000 X111.676 Y73.302
G1 F1500 X125.437 Y59.541 E1790.67895
G0 F9000 X125.437 Y58.975
G1 F1500 X111.611 Y72.801 E1791.58942
G0 F9000 X111.547 Y72.3
G1 F1500 X125.437 Y58.409 E1792.50413
G0 F9000 X125.437 Y57.844
G1 F1500 X111.482 Y71.799 E1793.42309
G0 F9000 X111.417 Y71.298
G1 F1500 X125.437 Y57.278 E1794.34633
G0 F9000 X125.437 Y56.712
G1 F1500 X111.352 Y70.798 E1795.27388
G0 F9000 X111.287 Y70.297
G1 F1500 X125.437 Y56.147 E1796.20569
G0 F9000 X125.437 Y55.581
G1 F1500 X111.222 Y69.796 E1797.14177
G0 F9000 X111.157 Y69.295
G1 F1500 X125.437 Y55.015 E1798.08213
G0 F9000 X125.437 Y54.45
G1 F1500 X111.092 Y68.795 E1799.02677
G0 F9000 X111.027 Y68.294
G1 F1500 X125.437 Y53.884 E1799.9757
G0 F9000 X125.437 Y53.318
G1 F1500 X110.962 Y67.793 E1800.9289
G0 F9000 X110.898 Y67.292
G1 F1500 X125.437 Y52.752 E1801.88635
G0 F9000 X125.437 Y52.187
G1 F1500 X110.826 Y66.798 E1802.84851
G0 F9000 X110.739 Y66.32
G1 F1500 X125.437 Y51.621 E1803.81643
G0 F9000 X125.437 Y51.055
G1 F1500 X110.651 Y65.842 E1804.79015
G0 F9000 X110.564 Y65.363
G1 F1500 X125.437 Y50.49 E1805.76956
G0 F9000 X125.437 Y49.924
G1 F1500 X110.476 Y64.885 E1806.75477
G0 F9000 X110.389 Y64.406
G1 F1500 X125.437 Y49.358 E1807.7457
G0 F9000 X125.437 Y48.793
G1 F1500 X110.303 Y63.928 E1808.74234
G0 F9000 X110.215 Y63.45
G1 F1500 X125.437 Y48.227 E1809.74476
G0 F9000 X125.437 Y47.661
G1 F1500 X110.128 Y62.971 E1810.75292
G0 F9000 X110.04 Y62.493
G1 F1500 X125.437 Y47.096 E1811.76684
G0 F9000 X125.437 Y46.53
G1 F1500 X109.953 Y62.014 E1812.78649
G0 F9000 X109.866 Y61.535
G1 F1500 X125.437 Y45.964 E1813.81187
G0 F9000 X125.437 Y45.399
G1 F1500 X109.779 Y61.057 E1814.84297
G0 F9000 X109.692 Y60.579
G1 F1500 X125.437 Y44.833 E1815.87984
G0 F9000 X125.437 Y44.267
G1 F1500 X109.605 Y60.1 E1816.92244
G0 F9000 X109.56 Y59.579
G1 F1500 X125.437 Y43.702 E1817.96796
G0 F9000 X125.437 Y43.136
G1 F1500 X109.56 Y59.013 E1819.01349
G0 F9000 X109.56 Y58.448
G1 F1500 X125.437 Y42.57 E1820.05905
G0 F9000 X125.437 Y42.004
G1 F1500 X109.56 Y57.882 E1821.10461
G0 F9000 X109.56 Y57.316
G1 F1500 X125.437 Y41.439 E1822.15014
G0 F9000 X125.437 Y40.873
G1 F1500 X109.56 Y56.75 E1823.19567
G0 F9000 X109.56 Y56.185
G1 F1500 X125.437 Y40.307 E1824.24123
G0 F9000 X125.437 Y39.742
G1 F1500 X109.56 Y55.619 E1825.28676
G0 F9000 X109.56 Y55.053
G1 F1500 X125.437 Y39.176 E1826.33228
G0 F9000 X125.437 Y38.61
G1 F1500 X109.56 Y54.488 E1827.37784
G0 F9000 X109.56 Y53.922
G1 F1500 X125.437 Y38.045 E1828.42337
G0 F9000 X125.437 Y37.479
G1 F1500 X109.56 Y53.356 E1829.4689
G0 F9000 X109.56 Y52.791
G1 F1500 X125.437 Y36.913 E1830.51446
G0 F9000 X125.225 Y36.56
G1 F1500 X109.56 Y52.225 E1831.54603
G0 F9000 X109.56 Y51.659
G1 F1500 X124.659 Y36.56 E1832.54032
G0 F9000 X124.093 Y36.56
G1 F1500 X109.56 Y51.094 E1833.49738
G0 F9000 X109.56 Y50.528
G1 F1500 X123.528 Y36.56 E1834.41719
G0 F9000 X122.962 Y36.56
G1 F1500 X109.56 Y49.962 E1835.29974
G0 F9000 X109.56 Y49.397
G1 F1500 X122.396 Y36.56 E1836.14504
G0 F9000 X121.83 Y36.56
G1 F1500 X109.56 Y48.831 E1836.95308
G0 F9000 X109.56 Y48.265
G1 F1500 X121.265 Y36.56 E1837.72387
G0 F9000 X120.699 Y36.56
G1 F1500 X109.56 Y47.7 E1838.45743
G0 F9000 X109.56 Y47.134
G1 F1500 X120.133 Y36.56 E1839.15371
G0 F9000 X119.568 Y36.56
G1 F1500 X109.56 Y46.568 E1839.81275
G0 F9000 X109.56 Y46.002
G1 F1500 X119.002 Y36.56 E1840.43453
G0 F9000 X118.436 Y36.56
G1 F1500 X109.56 Y45.437 E1841.01906
G0 F9000 X109.56 Y44.871
G1 F1500 X117.871 Y36.56 E1841.56635
G0 F9000 X117.305 Y36.56
G1 F1500 X109.56 Y44.305 E1842.07637
G0 F9000 X109.56 Y43.74
G1 F1500 X116.739 Y36.56 E1842.54916
G0 F9000 X116.174 Y36.56
G1 F1500 X109.56 Y43.174 E1842.9847
G0 F9000 X109.56 Y42.608
G1 F1500 X115.608 Y36.56 E1843.38297
G0 F9000 X115.042 Y36.56
G1 F1500 X109.56 Y42.043 E1843.744
G0 F9000 X109.56 Y41.477
G1 F1500 X114.477 Y36.56 E1844.06779
G0 F9000 X113.911 Y36.56
G1 F1500 X109.56 Y40.911 E1844.35432
G0 F9000 X109.56 Y40.346
G1 F1500 X113.345 Y36.56 E1844.6036
G0 F9000 X112.779 Y36.56
G1 F1500 X109.56 Y39.78 E1844.81561
G0 F9000 X109.56 Y39.214
G1 F1500 X112.214 Y36.56 E1844.99038
G0 F9000 X111.648 Y36.56
G1 F1500 X109.56 Y38.649 E1845.12791
G0 F9000 X109.56 Y38.083
G1 F1500 X111.082 Y36.56 E1845.22817
G0 F9000 X110.517 Y36.56
G1 F1500 X109.56 Y37.517 E1845.29119
G0 F9000 X109.56 Y36.951
G1 F1500 X109.951 Y36.56 E1845.31694
G1 F2700 E1840.31694
;MESH:NONMESH
G0 F300 X109.951 Y36.56 Z5.88
G0 F9000 X109.951 Y36.1
G0 X109.172 Y36.172
G0 X109.162 Y59.896
G0 X111.083 Y74.337
G0 X111.65 Y81.659
G0 X111.839 Y88.99
G0 X111.839 Y146.01
G0 X111.65 Y153.341
G0 X111.083 Y160.663
G0 X110.14 Y167.947
G0 X109.149 Y173.192
G0 X109 Y199
;TIME_ELAPSED:5947.674880
;LAYER:20
;TYPE:WALL-INNER
;MESH:D638-22 Tensile.STL
G1 F2700 E1845.31694
G1 F1500 X126 Y199 E1846.10853
G1 X126 Y175.858 E1847.18612
G1 X126 Y175.089 E1847.22192
G1 X124.701 Y167.971 E1847.55884
G1 X123.754 Y160.654 E1847.90239
G1 X123.188 Y153.323 E1848.24477
G1 X123 Y146.027 E1848.58462
G1 X123 Y88.973 E1851.24129
G1 X123.19 Y81.624 E1851.5836
G1 X123.754 Y74.346 E1851.92351
G1 X124.701 Y67.027 E1852.26716
G1 X125.999 Y59.907 E1852.60416
G1 X126 Y36 E1853.71737
G1 X109 Y36 E1854.50896
G1 X109.001 Y59.911 E1855.62236
G1 X110.299 Y67.028 E1855.95922
G1 X111.246 Y74.345 E1856.30277
G1 X111.81 Y81.625 E1856.64278
G1 X112 Y88.973 E1856.98504
G1 X112 Y146.027 E1859.64172
G1 X111.812 Y153.324 E1859.98161
G1 X111.245 Y160.664 E1860.32441
G1 X110.299 Y167.972 E1860.66754
G1 X109 Y175.093 E1861.00459
G1 X109 Y199 E1862.1178
G1 F2700 E1857.1178
G0 F9000 X125.828 Y198.828
G0 X125.839 Y175.105
G0 X124.797 Y167.931
G1 F2700 E1862.1178
G0 F9000 X125.094 Y167.894
G1 F1500 X126.4 Y175.053 E1862.45666
G1 X126.4 Y175.858 E1862.49414
G1 X126.4 Y199.4 E1863.59036
G1 X108.6 Y199.4 E1864.4192
G1 X108.6 Y175.057 E1865.55271
G1 X109.906 Y167.896 E1865.89166
G1 X110.844 Y160.654 E1866.23169
G1 X111.411 Y153.345 E1866.57305
G1 X111.6 Y146.017 E1866.91439
G1 X111.6 Y88.983 E1869.57013
G1 X111.411 Y81.656 E1869.91142
G1 X110.847 Y74.376 E1870.25142
G1 X109.906 Y67.105 E1870.59281
G1 X108.601 Y59.947 E1870.93161
G1 X108.6 Y35.6 E1872.06531
G1 X126.4 Y35.6 E1872.89416
G1 X126.399 Y59.943 E1874.02767
G1 X125.094 Y67.104 E1874.36661
G1 X124.156 Y74.346 E1874.70664
G1 X123.589 Y81.655 E1875.048
G1 X123.4 Y88.983 E1875.38934
G1 X123.4 Y146.017 E1878.04508
G1 X123.589 Y153.343 E1878.38632
G1 X124.156 Y160.654 E1878.72777
G1 X125.094 Y167.894 E1879.06772
G1 F2700 E1874.06772
G0 F9000 X124.797 Y167.931
G0 X126.198 Y175.072
G0 X126.082 Y199.082
G0 X108.47 Y199.53
G1 F2700 E1879.06772
G0 F9000 X108.2 Y199.8
;TYPE:WALL-OUTER
G1 F1500 X126.8 Y199.8 E1879.93381
G1 X126.8 Y175.858 E1881.04865
G1 X126.8 Y175.017 E1881.08781
G1 X125.491 Y167.842 E1881.42742
G1 X124.552 Y160.592 E1881.76783
G1 X123.988 Y153.302 E1882.1083
G1 X123.8 Y146.007 E1882.4481
G1 X123.8 Y88.993 E1885.10291
G1 X123.988 Y81.686 E1885.44327
G1 X124.553 Y74.398 E1885.78365
G1 X125.493 Y67.146 E1886.12415
G1 X126.799 Y59.979 E1886.46337
G1 X126.8 Y35.2 E1887.61719
G1 X108.2 Y35.2 E1888.48328
G1 X108.201 Y59.983 E1889.63728
G1 X109.509 Y67.157 E1889.97684
G1 X110.448 Y74.407 E1890.31725
G1 X111.012 Y81.697 E1890.65772
G1 X111.2 Y88.993 E1890.99756
G1 X111.2 Y146.007 E1893.65237
G1 X111.012 Y153.314 E1893.99273
G1 X110.447 Y160.602 E1894.33311
G1 X109.507 Y167.854 E1894.67362
G1 X108.2 Y175.021 E1895.01285
G1 X108.2 Y199.8 E1896.16666
G0 F9000 X108.47 Y199.53
G0 X109.1 Y198.64
G0 X109.36 Y198.64
;TYPE:SKIN
G1 F1500 X125.64 Y198.64 E1896.92473
G1 X125.64 Y175.858 E1897.98555
G1 X125.64 Y175.122 E1898.01982
G1 X124.341 Y168.004 E1898.35674
G1 X123.401 Y160.741 E1898.69776
G1 X122.831 Y153.391 E1899.04103
G1 X122.64 Y146.04 E1899.38344
G1 X122.64 Y88.961 E1902.04128
G1 X122.828 Y81.657 E1902.3815
G1 X123.402 Y74.247 E1902.72757
G1 X124.343 Y66.983 E1903.06864
G1 X125.639 Y59.872 E1903.40521
G1 X125.639 Y36.361 E1904.49998
G1 X109.361 Y36.361 E1905.25795
G1 X109.361 Y59.879 E1906.35305
G1 X110.659 Y66.995 E1906.68987
G1 X111.599 Y74.258 E1907.03088
G1 X112.169 Y81.606 E1907.37407
G1 X112.36 Y88.961 E1907.71666
G1 X112.36 Y146.04 E1910.3745
G1 X112.172 Y153.343 E1910.71467
G1 X111.598 Y160.752 E1911.0607
G1 X110.657 Y168.017 E1911.40181
G1 X109.36 Y175.128 E1911.73839
G1 X109.36 Y198.64 E1912.83321
G0 F9000 X109.559 Y198.372
G1 F1500 X109.626 Y198.438 E1912.83759
G0 F9000 X110.191 Y198.438
G1 F1500 X109.559 Y197.806 E1912.87921
G0 F9000 X109.559 Y197.241
G1 F1500 X110.757 Y198.438 E1912.95806
G0 F9000 X111.323 Y198.438
G1 F1500 X109.559 Y196.675 E1913.07419
G0 F9000 X109.559 Y196.109
G1 F1500 X111.889 Y198.438 E1913.2276
G0 F9000 X112.454 Y198.438
G1 F1500 X109.559 Y195.544 E1913.4182
G0 F9000 X109.559 Y194.978
G1 F1500 X113.02 Y198.438 E1913.64608
G0 F9000 X113.586 Y198.438
G1 F1500 X109.559 Y194.412 E1913.91124
G0 F9000 X109.559 Y193.846
G1 F1500 X114.151 Y198.438 E1914.21363
G0 F9000 X114.717 Y198.438
G1 F1500 X109.559 Y193.281 E1914.55326
G0 F9000 X109.559 Y192.715
G1 F1500 X115.283 Y198.438 E1914.93016
G0 F9000 X115.848 Y198.438
G1 F1500 X109.559 Y192.149 E1915.3443
G0 F9000 X109.559 Y191.584
G1 F1500 X116.414 Y198.438 E1915.79568
G0 F9000 X116.98 Y198.438
G1 F1500 X109.559 Y191.018 E1916.28433
G0 F9000 X109.559 Y190.452
G1 F1500 X117.545 Y198.438 E1916.81022
G0 F9000 X118.111 Y198.438
G1 F1500 X109.559 Y189.887 E1917.37336
G0 F9000 X109.559 Y189.321
G1 F1500 X118.677 Y198.438 E1917.97376
G0 F9000 X119.242 Y198.438
G1 F1500 X109.559 Y188.755 E1918.6114
G0 F9000 X109.559 Y188.19
G1 F1500 X119.808 Y198.438 E1919.28628
G0 F9000 X120.374 Y198.438
G1 F1500 X109.559 Y187.624 E1919.99844
G0 F9000 X109.559 Y187.058
G1 F1500 X120.94 Y198.438 E1920.74786
G0 F9000 X121.505 Y198.438
G1 F1500 X109.559 Y186.493 E1921.53449
G0 F9000 X109.559 Y185.927
G1 F1500 X122.071 Y198.438 E1922.3584
G0 F9000 X122.637 Y198.438
G1 F1500 X109.559 Y185.361 E1923.21957
G0 F9000 X109.559 Y184.795
G1 F1500 X123.202 Y198.438 E1924.11799
G0 F9000 X123.768 Y198.438
G1 F1500 X109.559 Y184.23 E1925.05364
G0 F9000 X109.559 Y183.664
G1 F1500 X124.334 Y198.438 E1926.02657
G0 F9000 X124.899 Y198.438
G1 F1500 X109.559 Y183.098 E1927.03673
G0 F9000 X109.559 Y182.533
G1 F1500 X125.44 Y198.413 E1928.08249
G0 F9000 X125.44 Y197.847
G1 F1500 X109.559 Y181.967 E1929.12825
G0 F9000 X109.559 Y181.401
G1 F1500 X125.44 Y197.282 E1930.17404
G0 F9000 X125.44 Y196.716
G1 F1500 X109.559 Y180.836 E1931.2198
G0 F9000 X109.559 Y180.27
G1 F1500 X125.44 Y196.15 E1932.26555
G0 F9000 X125.44 Y195.585
G1 F1500 X109.559 Y179.704 E1933.31135
G0 F9000 X109.559 Y179.139
G1 F1500 X125.44 Y195.019 E1934.3571
G0 F9000 X125.44 Y194.453
G1 F1500 X109.559 Y178.573 E1935.40286
G0 F9000 X109.559 Y178.007
G1 F1500 X125.44 Y193.887 E1936.44862
G0 F9000 X125.44 Y193.322
G1 F1500 X109.559 Y177.442 E1937.49438
G0 F9000 X109.559 Y176.876
G1 F1500 X125.44 Y192.756 E1938.54014
G0 F9000 X125.44 Y192.19
G1 F1500 X109.559 Y176.31 E1939.58589
G0 F9000 X109.559 Y175.745
G1 F1500 X125.44 Y191.625 E1940.63165
G0 F9000 X125.44 Y191.059
G1 F1500 X109.559 Y175.179 E1941.67741
G0 F9000 X109.641 Y174.695
G1 F1500 X125.44 Y190.493 E1942.71777
G0 F9000 X125.44 Y189.928
G1 F1500 X109.728 Y174.216 E1943.75243
G0 F9000 X109.815 Y173.738
G1 F1500 X125.44 Y189.362 E1944.78133
G0 F9000 X125.44 Y188.796
G1 F1500 X109.903 Y173.26 E1945.80444
G0 F9000 X109.99 Y172.781
G1 F1500 X125.44 Y188.231 E1946.82184
G0 F9000 X125.44 Y187.665
G1 F1500 X110.078 Y172.303 E1947.83346
G0 F9000 X110.165 Y171.824
G1 F1500 X125.44 Y187.099 E1948.83934
G0 F9000 X125.44 Y186.534
G1 F1500 X110.252 Y171.346 E1949.8395
G0 F9000 X110.339 Y170.868
G1 F1500 X125.44 Y185.968 E1950.83389
G0 F9000 X125.44 Y185.402
G1 F1500 X110.426 Y170.389 E1951.82256
G0 F9000 X110.514 Y169.911
G1 F1500 X125.44 Y184.837 E1952.80546
G0 F9000 X125.44 Y184.271
G1 F1500 X110.601 Y169.432 E1953.78263
G0 F9000 X110.689 Y168.954
G1 F1500 X125.44 Y183.705 E1954.75401
G0 F9000 X125.44 Y183.139
G1 F1500 X110.776 Y168.475 E1955.71966
G0 F9000 X110.861 Y167.995
G1 F1500 X125.44 Y182.574 E1956.67971
G0 F9000 X125.44 Y182.008
G1 F1500 X110.926 Y167.495 E1957.63545
G0 F9000 X110.991 Y166.993
G1 F1500 X125.44 Y181.442 E1958.58694
G0 F9000 X125.44 Y180.877
G1 F1500 X111.056 Y166.493 E1959.53415
G0 F9000 X111.12 Y165.991
G1 F1500 X125.44 Y180.311 E1960.47715
G0 F9000 X125.44 Y179.745
G1 F1500 X111.185 Y165.491 E1961.41583
G0 F9000 X111.25 Y164.99
G1 F1500 X125.44 Y179.18 E1962.35027
G0 F9000 X125.44 Y178.614
G1 F1500 X111.314 Y164.489 E1963.28046
G0 F9000 X111.379 Y163.988
G1 F1500 X125.44 Y178.048 E1964.20637
G0 F9000 X125.44 Y177.483
G1 F1500 X111.444 Y163.487 E1965.12803
G0 F9000 X111.509 Y162.986
G1 F1500 X125.44 Y176.917 E1966.04541
G0 F9000 X125.44 Y176.351
G1 F1500 X111.573 Y162.485 E1966.95854
G0 F9000 X111.638 Y161.984
G1 F1500 X125.44 Y175.786 E1967.86742
G0 F9000 X125.44 Y175.22
G1 F1500 X111.703 Y161.484 E1968.772
G0 F9000 X111.768 Y160.982
G1 F1500 X125.331 Y174.546 E1969.66518
G0 F9000 X125.205 Y173.854
G1 F1500 X111.819 Y160.468 E1970.54667
G0 F9000 X111.86 Y159.943
G1 F1500 X125.079 Y173.162 E1971.41716
G0 F9000 X124.953 Y172.471
G1 F1500 X111.901 Y159.418 E1972.27669
G0 F9000 X111.941 Y158.893
G1 F1500 X124.826 Y171.778 E1973.12519
G0 F9000 X124.7 Y171.086
G1 F1500 X111.982 Y158.368 E1973.96269
G0 F9000 X112.022 Y157.843
G1 F1500 X124.574 Y170.395 E1974.78926
G0 F9000 X124.447 Y169.702
G1 F1500 X112.063 Y157.318 E1975.60477
G0 F9000 X112.104 Y156.793
G1 F1500 X124.322 Y169.011 E1976.40935
G0 F9000 X124.195 Y168.318
G1 F1500 X112.145 Y156.268 E1977.20286
G0 F9000 X112.185 Y155.743
G1 F1500 X124.095 Y167.652 E1977.98712
G0 F9000 X124.01 Y167.003
G1 F1500 X112.226 Y155.218 E1978.76315
G0 F9000 X112.266 Y154.693
G1 F1500 X123.926 Y166.353 E1979.53098
G0 F9000 X123.841 Y165.702
G1 F1500 X112.307 Y154.168 E1980.29051
G0 F9000 X112.347 Y153.642
G1 F1500 X123.757 Y165.052 E1981.04188
G0 F9000 X123.673 Y164.403
G1 F1500 X112.377 Y153.107 E1981.78574
G0 F9000 X112.391 Y152.555
G1 F1500 X123.589 Y163.753 E1982.52315
G0 F9000 X123.505 Y163.103
G1 F1500 X112.405 Y152.003 E1983.2541
G0 F9000 X112.42 Y151.452
G1 F1500 X123.421 Y162.453 E1983.97854
G0 F9000 X123.337 Y161.803
G1 F1500 X112.434 Y150.9 E1984.69652
G0 F9000 X112.448 Y150.349
G1 F1500 X123.252 Y161.153 E1985.40798
G0 F9000 X123.183 Y160.518
G1 F1500 X112.463 Y149.798 E1986.11391
G0 F9000 X112.477 Y149.246
G1 F1500 X123.136 Y159.905 E1986.81583
G0 F9000 X123.088 Y159.292
G1 F1500 X112.491 Y148.695 E1987.51366
G0 F9000 X112.505 Y148.143
G1 F1500 X123.04 Y158.679 E1988.20744
G0 F9000 X122.993 Y158.065
G1 F1500 X112.519 Y147.592 E1988.89713
G0 F9000 X112.533 Y147.04
G1 F1500 X122.946 Y157.452 E1989.58282
G0 F9000 X122.897 Y156.839
G1 F1500 X112.548 Y146.489 E1990.26435
G0 F9000 X112.559 Y145.934
G1 F1500 X122.85 Y156.226 E1990.94206
G0 F9000 X122.803 Y155.612
G1 F1500 X112.559 Y145.369 E1991.61661
G0 F9000 X112.559 Y144.803
G1 F1500 X122.755 Y154.999 E1992.28804
G0 F9000 X122.707 Y154.386
G1 F1500 X112.559 Y144.237 E1992.95633
G0 F9000 X112.559 Y143.672
G1 F1500 X122.66 Y153.773 E1993.6215
G0 F9000 X122.626 Y153.173
G1 F1500 X112.559 Y143.106 E1994.28443
G0 F9000 X112.559 Y142.54
G1 F1500 X122.61 Y152.592 E1994.94634
G0 F9000 X122.596 Y152.011
G1 F1500 X112.559 Y141.975 E1995.60726
G0 F9000 X112.559 Y141.409
G1 F1500 X122.58 Y151.43 E1996.26716
G0 F9000 X122.565 Y150.849
G1 F1500 X112.559 Y140.843 E1996.92607
G0 F9000 X112.559 Y140.277
G1 F1500 X122.55 Y150.268 E1997.584
G0 F9000 X122.535 Y149.688
G1 F1500 X112.559 Y139.712 E1998.24093
G0 F9000 X112.559 Y139.146
G1 F1500 X122.52 Y149.107 E1998.89688
G0 F9000 X122.504 Y148.526
G1 F1500 X112.559 Y138.58 E1999.55181
G0 F9000 X112.559 Y138.015
G1 F1500 X122.489 Y147.945 E2000.20572
G0 F9000 X122.474 Y147.364
G1 F1500 X112.559 Y137.449 E2000.85864
G0 F9000 X112.559 Y136.883
G1 F1500 X122.459 Y146.784 E2001.5106
G0 F9000 X122.444 Y146.202
G1 F1500 X112.559 Y136.318 E2002.16151
G0 F9000 X112.559 Y135.752
G1 F1500 X122.439 Y145.632 E2002.81213
G0 F9000 X122.439 Y145.067
G1 F1500 X112.559 Y135.186 E2003.46277
G0 F9000 X112.559 Y134.621
G1 F1500 X122.439 Y144.501 E2004.11339
G0 F9000 X122.439 Y143.935
G1 F1500 X112.559 Y134.055 E2004.764
G0 F9000 X112.559 Y133.489
G1 F1500 X122.439 Y143.37 E2005.41465
G0 F9000 X122.439 Y142.804
G1 F1500 X112.559 Y132.924 E2006.06527
G0 F9000 X112.559 Y132.358
G1 F1500 X122.439 Y142.238 E2006.71588
G0 F9000 X122.439 Y141.673
G1 F1500 X112.559 Y131.792 E2007.36653
G0 F9000 X112.559 Y131.226
G1 F1500 X122.439 Y141.107 E2008.01718
G0 F9000 X122.439 Y140.541
G1 F1500 X112.559 Y130.661 E2008.66779
G0 F9000 X112.559 Y130.095
G1 F1500 X122.439 Y139.976 E2009.31844
G0 F9000 X122.439 Y139.41
G1 F1500 X112.559 Y129.529 E2009.96909
G0 F9000 X112.559 Y128.964
G1 F1500 X122.439 Y138.844 E2010.6197
G0 F9000 X122.439 Y138.278
G1 F1500 X112.559 Y128.398 E2011.27032
G0 F9000 X112.559 Y127.832
G1 F1500 X122.439 Y137.713 E2011.92097
G0 F9000 X122.439 Y137.147
G1 F1500 X112.559 Y127.267 E2012.57158
G0 F9000 X112.559 Y126.701
G1 F1500 X122.439 Y136.581 E2013.2222
G0 F9000 X122.439 Y136.016
G1 F1500 X112.559 Y126.135 E2013.87284
G0 F9000 X112.559 Y125.57
G1 F1500 X122.439 Y135.45 E2014.52346
G0 F9000 X122.439 Y134.884
G1 F1500 X112.559 Y125.004 E2015.17407
G0 F9000 X112.559 Y124.438
G1 F1500 X122.439 Y134.319 E2015.82472
G0 F9000 X122.439 Y133.753
G1 F1500 X112.559 Y123.873 E2016.47534
G0 F9000 X112.559 Y123.307
G1 F1500 X122.439 Y133.187 E2017.12595
G0 F9000 X122.439 Y132.622
G1 F1500 X112.559 Y122.741 E2017.7766
G0 F9000 X112.559 Y122.176
G1 F1500 X122.439 Y132.056 E2018.42721
G0 F9000 X122.439 Y131.49
G1 F1500 X112.559 Y121.61 E2019.07783
G0 F9000 X112.559 Y121.044
G1 F1500 X122.439 Y130.925 E2019.72848
G0 F9000 X122.439 Y130.359
G1 F1500 X112.559 Y120.478 E2020.37912
G0 F9000 X112.559 Y119.913
G1 F1500 X122.439 Y129.793 E2021.02974
G0 F9000 X122.439 Y129.228
G1 F1500 X112.559 Y119.347 E2021.68039
G0 F9000 X112.559 Y118.781
G1 F1500 X122.439 Y128.662 E2022.33103
G0 F9000 X122.439 Y128.096
G1 F1500 X112.559 Y118.216 E2022.98165
G0 F9000 X112.559 Y117.65
G1 F1500 X122.439 Y127.53 E2023.63226
G0 F9000 X122.439 Y126.965
G1 F1500 X112.559 Y117.084 E2024.28291
G0 F9000 X112.559 Y116.519
G1 F1500 X122.439 Y126.399 E2024.93353
G0 F9000 X122.439 Y125.833
G1 F1500 X112.559 Y115.953 E2025.58414
G0 F9000 X112.559 Y115.387
G1 F1500 X122.439 Y125.268 E2026.23479
G0 F9000 X122.439 Y124.702
G1 F1500 X112.559 Y114.822 E2026.8854
G0 F9000 X112.559 Y114.256
G1 F1500 X122.439 Y124.136 E2027.53602
G0 F9000 X122.439 Y123.571
G1 F1500 X112.559 Y113.69 E2028.18667
G0 F9000 X112.559 Y113.125
G1 F1500 X122.439 Y123.005 E2028.83728
G0 F9000 X122.439 Y122.439
G1 F1500 X112.559 Y112.559 E2029.4879
G0 F9000 X112.559 Y111.993
G1 F1500 X122.439 Y121.874 E2030.13854
G0 F9000 X122.439 Y121.308
G1 F1500 X112.559 Y111.428 E2030.78916
G0 F9000 X112.559 Y110.862
G1 F1500 X122.439 Y120.742 E2031.43977
G0 F9000 X122.439 Y120.177
G1 F1500 X112.559 Y110.296 E2032.09042
G0 F9000 X112.559 Y109.73
G1 F1500 X122.439 Y119.611 E2032.74107
G0 F9000 X122.439 Y119.045
G1 F1500 X112.559 Y109.165 E2033.39168
G0 F9000 X112.559 Y108.599
G1 F1500 X122.439 Y118.479 E2034.0423
G0 F9000 X122.439 Y117.914
G1 F1500 X112.559 Y108.033 E2034.69295
G0 F9000 X112.559 Y107.468
G1 F1500 X122.439 Y117.348 E2035.34356
G0 F9000 X122.439 Y116.782
G1 F1500 X112.559 Y106.902 E2035.99418
G0 F9000 X112.559 Y106.336
G1 F1500 X122.439 Y116.217 E2036.64482
G0 F9000 X122.439 Y115.651
G1 F1500 X112.559 Y105.771 E2037.29544
G0 F9000 X112.559 Y105.205
G1 F1500 X122.439 Y115.085 E2037.94605
G0 F9000 X122.439 Y114.52
G1 F1500 X112.559 Y104.639 E2038.5967
G0 F9000 X112.559 Y104.074
G1 F1500 X122.439 Y113.954 E2039.24732
G0 F9000 X122.439 Y113.388
G1 F1500 X112.559 Y103.508 E2039.89793
G0 F9000 X112.559 Y102.942
G1 F1500 X122.439 Y112.823 E2040.54858
G0 F9000 X122.439 Y112.257
G1 F1500 X112.559 Y102.377 E2041.19919
G0 F9000 X112.559 Y101.811
G1 F1500 X122.439 Y111.691 E2041.84981
G0 F9000 X122.439 Y111.126
G1 F1500 X112.559 Y101.245 E2042.50046
G0 F9000 X112.559 Y100.679
G1 F1500 X122.439 Y110.56 E2043.15111
G0 F9000 X122.439 Y109.994
G1 F1500 X112.559 Y100.114 E2043.80172
G0 F9000 X112.559 Y99.548
G1 F1500 X122.439 Y109.429 E2044.45237
G0 F9000 X122.439 Y108.863
G1 F1500 X112.559 Y98.982 E2045.10302
G0 F9000 X112.559 Y98.417
G1 F1500 X122.439 Y108.297 E2045.75363
G0 F9000 X122.439 Y107.731
G1 F1500 X112.559 Y97.851 E2046.40425
G0 F9000 X112.559 Y97.285
G1 F1500 X122.439 Y107.166 E2047.05489
G0 F9000 X122.439 Y106.6
G1 F1500 X112.559 Y96.72 E2047.70551
G0 F9000 X112.559 Y96.154
G1 F1500 X122.439 Y106.034 E2048.35612
G0 F9000 X122.439 Y105.469
G1 F1500 X112.559 Y95.588 E2049.00677
G0 F9000 X112.559 Y95.023
G1 F1500 X122.439 Y104.903 E2049.65739
G0 F9000 X122.439 Y104.337
G1 F1500 X112.559 Y94.457 E2050.308
G0 F9000 X112.559 Y93.891
G1 F1500 X122.439 Y103.772 E2050.95865
G0 F9000 X122.439 Y103.206
G1 F1500 X112.559 Y93.326 E2051.60926
G0 F9000 X112.559 Y92.76
G1 F1500 X122.439 Y102.64 E2052.25988
G0 F9000 X122.439 Y102.075
G1 F1500 X112.559 Y92.194 E2052.91053
G0 F9000 X112.559 Y91.629
G1 F1500 X122.439 Y101.509 E2053.56114
G0 F9000 X122.439 Y100.943
G1 F1500 X112.559 Y91.063 E2054.21176
G0 F9000 X112.559 Y90.497
G1 F1500 X122.439 Y100.378 E2054.8624
G0 F9000 X122.439 Y99.812
G1 F1500 X112.559 Y89.931 E2055.51305
G0 F9000 X112.559 Y89.366
G1 F1500 X122.439 Y99.246 E2056.16367
G0 F9000 X122.439 Y98.68
G1 F1500 X112.555 Y88.796 E2056.81454
G0 F9000 X112.539 Y88.215
G1 F1500 X122.439 Y98.115 E2057.46648
G0 F9000 X122.439 Y97.549
G1 F1500 X112.524 Y87.634 E2058.1194
G0 F9000 X112.509 Y87.053
G1 F1500 X122.439 Y96.983 E2058.7733
G0 F9000 X122.439 Y96.418
G1 F1500 X112.494 Y86.472 E2059.42823
G0 F9000 X112.479 Y85.892
G1 F1500 X122.439 Y95.852 E2060.08411
G0 F9000 X122.439 Y95.286
G1 F1500 X112.463 Y85.311 E2060.74102
G0 F9000 X112.449 Y84.73
G1 F1500 X122.439 Y94.721 E2061.39891
G0 F9000 X122.439 Y94.155
G1 F1500 X112.433 Y84.149 E2062.05782
G0 F9000 X112.418 Y83.568
G1 F1500 X122.439 Y93.589 E2062.71772
G0 F9000 X122.439 Y93.024
G1 F1500 X112.403 Y82.987 E2063.37864
G0 F9000 X112.388 Y82.406
G1 F1500 X122.439 Y92.458 E2064.04055
G0 F9000 X122.439 Y91.892
G1 F1500 X112.373 Y81.826 E2064.70341
G0 F9000 X112.339 Y81.226
G1 F1500 X122.439 Y91.327 E2065.36855
G0 F9000 X122.439 Y90.761
G1 F1500 X112.291 Y80.613 E2066.03681
G0 F9000 X112.244 Y79.999
G1 F1500 X122.439 Y90.195 E2066.7082
G0 F9000 X122.439 Y89.63
G1 F1500 X112.196 Y79.386 E2067.38276
G0 F9000 X112.148 Y78.773
G1 F1500 X122.439 Y89.064 E2068.06044
G0 F9000 X122.451 Y88.509
G1 F1500 X112.101 Y78.16 E2068.74197
G0 F9000 X112.053 Y77.546
G1 F1500 X122.465 Y87.958 E2069.42762
G0 F9000 X122.479 Y87.406
G1 F1500 X112.005 Y76.933 E2070.11731
G0 F9000 X111.958 Y76.32
G1 F1500 X122.493 Y86.855 E2070.81106
G0 F9000 X122.507 Y86.303
G1 F1500 X111.91 Y75.707 E2071.50886
G0 F9000 X111.862 Y75.093
G1 F1500 X122.521 Y85.752 E2072.21077
G0 F9000 X122.535 Y85.2
G1 F1500 X111.815 Y74.48 E2072.9167
G0 F9000 X111.746 Y73.845
G1 F1500 X122.55 Y84.649 E2073.62816
G0 F9000 X122.564 Y84.098
G1 F1500 X111.662 Y73.196 E2074.34608
G0 F9000 X111.578 Y72.546
G1 F1500 X122.579 Y83.546 E2075.07048
G0 F9000 X122.593 Y82.995
G1 F1500 X111.494 Y71.896 E2075.80137
G0 F9000 X111.409 Y71.245
G1 F1500 X122.607 Y82.443 E2076.53878
G0 F9000 X122.621 Y81.892
G1 F1500 X111.325 Y70.596 E2077.28264
G0 F9000 X111.241 Y69.946
G1 F1500 X122.651 Y81.356 E2078.03401
G0 F9000 X122.691 Y80.83
G1 F1500 X111.157 Y69.296 E2078.79354
G0 F9000 X111.073 Y68.646
G1 F1500 X122.732 Y80.306 E2079.56134
G0 F9000 X122.772 Y79.78
G1 F1500 X110.988 Y67.996 E2080.33733
G0 F9000 X110.904 Y67.346
G1 F1500 X122.813 Y79.256 E2081.1216
G0 F9000 X122.854 Y78.73
G1 F1500 X110.803 Y66.68 E2081.91514
G0 F9000 X110.677 Y65.988
G1 F1500 X122.895 Y78.206 E2082.71972
G0 F9000 X122.935 Y77.68
G1 F1500 X110.551 Y65.297 E2083.53519
G0 F9000 X110.425 Y64.604
G1 F1500 X122.976 Y77.155 E2084.3617
G0 F9000 X123.016 Y76.63
G1 F1500 X110.299 Y63.913 E2085.19913
G0 F9000 X110.172 Y63.221
G1 F1500 X123.057 Y76.105 E2086.0476
G0 F9000 X123.098 Y75.58
G1 F1500 X110.047 Y62.529 E2086.90703
G0 F9000 X109.92 Y61.837
G1 F1500 X123.139 Y75.055 E2087.77749
G0 F9000 X123.179 Y74.53
G1 F1500 X109.794 Y61.145 E2088.65892
G0 F9000 X109.668 Y60.454
G1 F1500 X123.231 Y74.016 E2089.55203
G0 F9000 X123.296 Y73.515
G1 F1500 X109.559 Y59.779 E2090.4566
G0 F9000 X109.559 Y59.213
G1 F1500 X123.36 Y73.014 E2091.36542
G0 F9000 X123.425 Y72.513
G1 F1500 X109.559 Y58.648 E2092.27849
G0 F9000 X109.559 Y58.082
G1 F1500 X123.49 Y72.013 E2093.19587
G0 F9000 X123.554 Y71.511
G1 F1500 X109.559 Y57.516 E2094.11746
G0 F9000 X109.559 Y56.951
G1 F1500 X123.619 Y71.011 E2095.04334
G0 F9000 X123.684 Y70.509
G1 F1500 X109.559 Y56.385 E2095.97346
G0 F9000 X109.559 Y55.819
G1 F1500 X123.749 Y70.009 E2096.9079
G0 F9000 X123.814 Y69.508
G1 F1500 X109.559 Y55.254 E2097.84658
G0 F9000 X109.559 Y54.688
G1 F1500 X123.878 Y69.007 E2098.78951
G0 F9000 X123.943 Y68.506
G1 F1500 X109.559 Y54.122 E2099.73672
G0 F9000 X109.559 Y53.556
G1 F1500 X124.008 Y68.005 E2100.68821
G0 F9000 X124.073 Y67.504
G1 F1500 X109.559 Y52.991 E2101.64395
G0 F9000 X109.559 Y52.425
G1 F1500 X124.138 Y67.004 E2102.604
G0 F9000 X124.223 Y66.523
G1 F1500 X109.559 Y51.859 E2103.56965
G0 F9000 X109.559 Y51.294
G1 F1500 X124.31 Y66.045 E2104.54103
G0 F9000 X124.397 Y65.566
G1 F1500 X109.559 Y50.728 E2105.51814
G0 F9000 X109.559 Y50.162
G1 F1500 X124.485 Y65.088 E2106.50104
G0 F9000 X124.572 Y64.609
G1 F1500 X109.559 Y49.597 E2107.48964
G0 F9000 X109.559 Y49.031
G1 F1500 X124.659 Y64.131 E2108.484
G0 F9000 X124.746 Y63.652
G1 F1500 X109.559 Y48.465 E2109.48409
G0 F9000 X109.559 Y47.9
G1 F1500 X124.834 Y63.174 E2110.48994
G0 F9000 X124.921 Y62.695
G1 F1500 X109.559 Y47.334 E2111.50152
G0 F9000 X109.559 Y46.768
G1 F1500 X125.007 Y62.216 E2112.5188
G0 F9000 X125.094 Y61.738
G1 F1500 X109.559 Y46.203 E2113.54181
G0 F9000 X109.559 Y45.637
G1 F1500 X125.181 Y61.259 E2114.57054
G0 F9000 X125.269 Y60.781
G1 F1500 X109.559 Y45.071 E2115.60507
G0 F9000 X109.559 Y44.506
G1 F1500 X125.356 Y60.302 E2116.6453
G0 F9000 X125.438 Y59.819
G1 F1500 X109.559 Y43.94 E2117.69096
G0 F9000 X109.559 Y43.374
G1 F1500 X125.438 Y59.253 E2118.73662
G0 F9000 X125.438 Y58.687
G1 F1500 X109.559 Y42.808 E2119.78228
G0 F9000 X109.559 Y42.243
G1 F1500 X125.438 Y58.122 E2120.82794
G0 F9000 X125.438 Y57.556
G1 F1500 X109.559 Y41.677 E2121.8736
G0 F9000 X109.559 Y41.111
G1 F1500 X125.438 Y56.99 E2122.91925
G0 F9000 X125.438 Y56.424
G1 F1500 X109.559 Y40.546 E2123.96488
G0 F9000 X109.559 Y39.98
G1 F1500 X125.438 Y55.859 E2125.01054
G0 F9000 X125.438 Y55.293
G1 F1500 X109.559 Y39.414 E2126.0562
G0 F9000 X109.559 Y38.849
G1 F1500 X125.438 Y54.727 E2127.10183
G0 F9000 X125.438 Y54.162
G1 F1500 X109.559 Y38.283 E2128.14748
G0 F9000 X109.559 Y37.717
G1 F1500 X125.438 Y53.596 E2129.19314
G0 F9000 X125.438 Y53.03
G1 F1500 X109.559 Y37.152 E2130.23877
G0 F9000 X109.559 Y36.586
G1 F1500 X125.438 Y52.465 E2131.28443
G0 F9000 X125.438 Y51.899
G1 F1500 X110.1 Y36.56 E2132.2945
G0 F9000 X110.665 Y36.56
G1 F1500 X125.438 Y51.333 E2133.26732
G0 F9000 X125.438 Y50.768
G1 F1500 X111.231 Y36.56 E2134.20291
G0 F9000 X111.797 Y36.56
G1 F1500 X125.438 Y50.202 E2135.10123
G0 F9000 X125.438 Y49.636
G1 F1500 X112.362 Y36.56 E2135.9623
G0 F9000 X112.928 Y36.56
G1 F1500 X125.438 Y49.071 E2136.78614
G0 F9000 X125.438 Y48.505
G1 F1500 X113.494 Y36.56 E2137.57271
G0 F9000 X114.059 Y36.56
G1 F1500 X125.438 Y47.939 E2138.32203
G0 F9000 X125.438 Y47.374
G1 F1500 X114.625 Y36.56 E2139.03412
G0 F9000 X115.191 Y36.56
G1 F1500 X125.438 Y46.808 E2139.70894
G0 F9000 X125.438 Y46.242
G1 F1500 X115.756 Y36.56 E2140.34651
G0 F9000 X116.322 Y36.56
G1 F1500 X125.438 Y45.676 E2140.94682
G0 F9000 X125.438 Y45.111
G1 F1500 X116.888 Y36.56 E2141.50988
G0 F9000 X117.453 Y36.56
G1 F1500 X125.438 Y44.545 E2142.03571
G0 F9000 X125.438 Y43.979
G1 F1500 X118.019 Y36.56 E2142.52426
G0 F9000 X118.585 Y36.56
G1 F1500 X125.438 Y43.414 E2142.97558
G0 F9000 X125.438 Y42.848
G1 F1500 X119.151 Y36.56 E2143.38962
G0 F9000 X119.716 Y36.56
G1 F1500 X125.438 Y42.282 E2143.76642
G0 F9000 X125.438 Y41.717
G1 F1500 X120.282 Y36.56 E2144.10599
G0 F9000 X120.848 Y36.56
G1 F1500 X125.438 Y41.151 E2144.40828
G0 F9000 X125.438 Y40.585
G1 F1500 X121.413 Y36.56 E2144.67333
G0 F9000 X121.979 Y36.56
G1 F1500 X125.438 Y40.02 E2144.90115
G0 F9000 X125.438 Y39.454
G1 F1500 X122.545 Y36.56 E2145.09169
G0 F9000 X123.11 Y36.56
G1 F1500 X125.438 Y38.888 E2145.24499
G0 F9000 X125.438 Y38.323
G1 F1500 X123.676 Y36.56 E2145.36106
G0 F9000 X124.242 Y36.56
G1 F1500 X125.438 Y37.757 E2145.43985
G0 F9000 X125.438 Y37.191
G1 F1500 X124.807 Y36.56 E2145.4814
G0 F9000 X125.373 Y36.56
G1 F1500 X125.438 Y36.626 E2145.48571
G1 F2700 E2140.48571
;MESH:NONMESH
G0 F300 X125.438 Y36.626 Z6.16
G0 F9000 X125.9 Y36.626
G0 X125.838 Y59.892
G0 X123.917 Y74.337
G0 X123.35 Y81.659
G0 X123.161 Y88.99
G0 X123.161 Y146.01
G0 X123.35 Y153.341
G0 X123.809 Y159.271
G0 X124.701 Y167.971
;TIME_ELAPSED:6235.651665
;LAYER:21
;TYPE:WALL-INNER
;MESH:D638-22 Tensile.STL
G1 F2700 E2145.48571
G1 F1500 X126 Y175.089 E2145.82263
G1 X126 Y175.858 E2145.85844
G1 X126 Y199 E2146.93603
G1 X109 Y199 E2147.72762
G1 X109 Y175.093 E2148.84083
G1 X110.299 Y167.972 E2149.17788
G1 X111.245 Y160.664 E2149.52101
G1 X111.812 Y153.324 E2149.86381
G1 X112 Y146.027 E2150.20371
G1 X112 Y88.973 E2152.86038
G1 X111.81 Y81.625 E2153.20265
G1 X111.246 Y74.345 E2153.54265
G1 X110.299 Y67.028 E2153.8862
G1 X109.001 Y59.911 E2154.22307
G1 X109 Y36 E2155.33646
G1 X126 Y36 E2156.12805
G1 X125.999 Y59.907 E2157.24126
G1 X124.701 Y67.027 E2157.57826
G1 X123.754 Y74.346 E2157.92191
G1 X123.19 Y81.624 E2158.26182
G1 X123 Y88.973 E2158.60413
G1 X123 Y146.027 E2161.26081
G1 X123.188 Y153.323 E2161.60065
G1 X123.754 Y160.654 E2161.94303
G1 X124.701 Y167.971 E2162.28658
G1 F2700 E2157.28658
G0 F9000 X125.839 Y175.105
G0 X125.828 Y198.828
G0 X108.87 Y199.13
G1 F2700 E2162.28658
G0 F9000 X108.6 Y199.4
G1 F1500 X126.4 Y199.4 E2163.11542
G1 X126.4 Y175.858 E2164.21164
G1 X126.4 Y175.053 E2164.24912
G1 X125.094 Y167.894 E2164.58798
G1 X124.156 Y160.654 E2164.92792
G1 X123.589 Y153.343 E2165.26937
G1 X123.4 Y146.017 E2165.61061
G1 X123.4 Y88.983 E2168.26636
G1 X123.589 Y81.655 E2168.60769
G1 X124.156 Y74.346 E2168.94905
G1 X125.094 Y67.104 E2169.28909
G1 X126.399 Y59.943 E2169.62803
G1 X126.4 Y35.6 E2170.76154
G1 X108.6 Y35.6 E2171.59038
G1 X108.601 Y59.947 E2172.72408
G1 X109.906 Y67.105 E2173.06288
G1 X110.847 Y74.376 E2173.40427
G1 X111.411 Y81.656 E2173.74427
G1 X111.6 Y88.983 E2174.08556
G1 X111.6 Y146.017 E2176.7413
G1 X111.411 Y153.345 E2177.08264
G1 X110.844 Y160.654 E2177.424
G1 X109.906 Y167.896 E2177.76404
G1 X108.6 Y175.057 E2178.10298
G1 X108.6 Y199.4 E2179.23649
G1 F2700 E2174.23649
G0 F9000 X108.87 Y199.13
G0 X125.828 Y198.828
G0 X125.839 Y175.105
G0 X124.797 Y167.931
G1 F2700 E2179.23649
G0 F9000 X125.491 Y167.842
;TYPE:WALL-OUTER
G1 F1500 X126.8 Y175.017 E2179.57611
G1 X126.8 Y175.858 E2179.61527
G1 X126.8 Y199.8 E2180.73011
G1 X108.2 Y199.8 E2181.5962
G1 X108.2 Y175.021 E2182.75001
G1 X109.507 Y167.854 E2183.08924
G1 X110.447 Y160.602 E2183.42975
G1 X111.012 Y153.314 E2183.77013
G1 X111.2 Y146.007 E2184.11049
G1 X111.2 Y88.993 E2186.7653
G1 X111.012 Y81.697 E2187.10514
G1 X110.448 Y74.407 E2187.44561
G1 X109.509 Y67.157 E2187.78602
G1 X108.201 Y59.983 E2188.12558
G1 X108.2 Y35.2 E2189.27958
G1 X126.8 Y35.2 E2190.14567
G1 X126.799 Y59.979 E2191.29949
G1 X125.493 Y67.146 E2191.63871
G1 X124.553 Y74.398 E2191.97922
G1 X123.988 Y81.686 E2192.3196
G1 X123.8 Y88.993 E2192.65995
G1 X123.8 Y146.007 E2195.31476
G1 X123.988 Y153.302 E2195.65456
G1 X124.552 Y160.592 E2195.99503
G1 X125.491 Y167.842 E2196.33544
G0 F9000 X124.797 Y167.931
G0 X124.341 Y168.004
;TYPE:SKIN
G1 F1500 X125.64 Y175.122 E2196.67236
G1 X125.64 Y175.858 E2196.70663
G1 X125.64 Y198.64 E2197.76745
G1 X109.36 Y198.64 E2198.52552
G1 X109.36 Y175.128 E2199.62034
G1 X110.657 Y168.017 E2199.95692
G1 X111.598 Y160.752 E2200.29803
G1 X112.172 Y153.343 E2200.64406
G1 X112.36 Y146.04 E2200.98423
G1 X112.36 Y88.961 E2203.64207
G1 X112.169 Y81.606 E2203.98466
G1 X111.599 Y74.258 E2204.32784
G1 X110.659 Y66.995 E2204.66886
G1 X109.361 Y59.879 E2205.00568
G1 X109.361 Y36.361 E2206.10077
G1 X125.639 Y36.361 E2206.85875
G1 X125.639 Y59.872 E2207.95352
G1 X124.343 Y66.983 E2208.29009
G1 X123.402 Y74.247 E2208.63116
G1 X122.828 Y81.657 E2208.97723
G1 X122.64 Y88.961 E2209.31745
G1 X122.64 Y146.04 E2211.97529
G1 X122.831 Y153.391 E2212.3177
G1 X123.401 Y160.741 E2212.66097
G1 X124.341 Y168.004 E2213.00199
G1 F2700 E2208.00199
G0 F9000 X124.597 Y167.957
G0 X125.839 Y175.105
G0 X125.9 Y198.132
G1 F2700 E2213.00199
G0 F9000 X125.44 Y198.132
G1 F1500 X125.133 Y198.438 E2213.02217
G0 F9000 X124.567 Y198.438
G1 F1500 X125.44 Y197.566 E2213.07963
G0 F9000 X125.44 Y197
G1 F1500 X124.001 Y198.438 E2213.17435
G0 F9000 X123.436 Y198.438
G1 F1500 X125.44 Y196.434 E2213.30632
G0 F9000 X125.44 Y195.869
G1 F1500 X122.87 Y198.438 E2213.47553
G0 F9000 X122.304 Y198.438
G1 F1500 X125.44 Y195.303 E2213.682
G0 F9000 X125.44 Y194.737
G1 F1500 X121.739 Y198.438 E2213.92572
G0 F9000 X121.173 Y198.438
G1 F1500 X125.44 Y194.172 E2214.20668
G0 F9000 X125.44 Y193.606
G1 F1500 X120.607 Y198.438 E2214.52491
G0 F9000 X120.041 Y198.438
G1 F1500 X125.44 Y193.04 E2214.88041
G0 F9000 X125.44 Y192.475
G1 F1500 X119.476 Y198.438 E2215.27311
G0 F9000 X118.91 Y198.438
G1 F1500 X125.44 Y191.909 E2215.70309
G0 F9000 X125.44 Y191.343
G1 F1500 X118.344 Y198.438 E2216.17034
G0 F9000 X117.779 Y198.438
G1 F1500 X125.44 Y190.778 E2216.6748
G0 F9000 X125.44 Y190.212
G1 F1500 X117.213 Y198.438 E2217.21653
G0 F9000 X116.647 Y198.438
G1 F1500 X125.44 Y189.646 E2217.79553
G0 F9000 X125.44 Y189.081
G1 F1500 X116.082 Y198.438 E2218.41174
G0 F9000 X115.516 Y198.438
G1 F1500 X125.44 Y188.515 E2219.06522
G0 F9000 X125.44 Y187.949
G1 F1500 X114.95 Y198.438 E2219.75597
G0 F9000 X114.385 Y198.438
G1 F1500 X125.44 Y187.384 E2220.48393
G0 F9000 X125.44 Y186.818
G1 F1500 X113.819 Y198.438 E2221.24916
G0 F9000 X113.253 Y198.438
G1 F1500 X125.44 Y186.252 E2222.05166
G0 F9000 X125.44 Y185.686
G1 F1500 X112.688 Y198.438 E2222.8914
G0 F9000 X112.122 Y198.438
G1 F1500 X125.44 Y185.121 E2223.76838
G0 F9000 X125.44 Y184.555
G1 F1500 X111.556 Y198.438 E2224.68263
G0 F9000 X110.991 Y198.438
G1 F1500 X125.44 Y183.989 E2225.63412
G0 F9000 X125.44 Y183.424
G1 F1500 X110.425 Y198.438 E2226.62285
G0 F9000 X109.859 Y198.438
G1 F1500 X125.44 Y182.858 E2227.64886
G0 F9000 X125.44 Y182.292
G1 F1500 X109.559 Y198.173 E2228.69465
G0 F9000 X109.559 Y197.607
G1 F1500 X125.44 Y181.727 E2229.7404
G0 F9000 X125.44 Y181.161
G1 F1500 X109.559 Y197.041 E2230.78616
G0 F9000 X109.559 Y196.475
G1 F1500 X125.44 Y180.595 E2231.83192
G0 F9000 X125.44 Y180.03
G1 F1500 X109.559 Y195.91 E2232.87768
G0 F9000 X109.559 Y195.344
G1 F1500 X125.44 Y179.464 E2233.92344
G0 F9000 X125.44 Y178.898
G1 F1500 X109.559 Y194.778 E2234.96919
G0 F9000 X109.559 Y194.213
G1 F1500 X125.44 Y178.333 E2236.01495
G0 F9000 X125.44 Y177.767
G1 F1500 X109.559 Y193.647 E2237.06071
G0 F9000 X109.559 Y193.081
G1 F1500 X125.44 Y177.201 E2238.10647
G0 F9000 X125.44 Y176.635
G1 F1500 X109.559 Y192.516 E2239.15226
G0 F9000 X109.559 Y191.95
G1 F1500 X125.44 Y176.07 E2240.19802
G0 F9000 X125.44 Y175.504
G1 F1500 X109.559 Y191.384 E2241.24378
G0 F9000 X109.559 Y190.819
G1 F1500 X125.408 Y174.97 E2242.28746
G0 F9000 X125.321 Y174.492
G1 F1500 X109.559 Y190.253 E2243.32538
G0 F9000 X109.559 Y189.687
G1 F1500 X125.234 Y174.013 E2244.35757
G0 F9000 X125.146 Y173.535
G1 F1500 X109.559 Y189.122 E2245.384
G0 F9000 X109.559 Y188.556
G1 F1500 X125.059 Y173.056 E2246.40471
G0 F9000 X124.971 Y172.578
G1 F1500 X109.559 Y187.99 E2247.41961
G0 F9000 X109.559 Y187.425
G1 F1500 X124.884 Y172.099 E2248.42882
G0 F9000 X124.797 Y171.621
G1 F1500 X109.559 Y186.859 E2249.43227
G0 F9000 X109.559 Y186.293
G1 F1500 X124.71 Y171.143 E2250.42996
G0 F9000 X124.623 Y170.664
G1 F1500 X109.559 Y185.727 E2251.42191
G0 F9000 X109.559 Y185.162
G1 F1500 X124.535 Y170.186 E2252.40811
G0 F9000 X124.448 Y169.707
G1 F1500 X109.559 Y184.596 E2253.38858
G0 F9000 X109.559 Y184.03
G1 F1500 X124.36 Y169.229 E2254.36325
G0 F9000 X124.274 Y168.751
G1 F1500 X109.559 Y183.465 E2255.33222
G0 F9000 X109.559 Y182.899
G1 F1500 X124.186 Y168.273 E2256.2954
G0 F9000 X124.111 Y167.782
G1 F1500 X109.559 Y182.333 E2257.25364
G0 F9000 X109.559 Y181.768
G1 F1500 X124.046 Y167.281 E2258.20764
G0 F9000 X123.981 Y166.781
G1 F1500 X109.559 Y181.202 E2259.15732
G0 F9000 X109.559 Y180.636
G1 F1500 X123.916 Y166.28 E2260.10272
G0 F9000 X123.851 Y165.779
G1 F1500 X109.559 Y180.071 E2261.04387
G0 F9000 X109.559 Y179.505
G1 F1500 X123.786 Y165.278 E2261.98074
G0 F9000 X123.721 Y164.777
G1 F1500 X109.559 Y178.939 E2262.91333
G0 F9000 X109.559 Y178.374
G1 F1500 X123.656 Y164.277 E2263.84165
G0 F9000 X123.591 Y163.776
G1 F1500 X109.559 Y177.808 E2264.76568
G0 F9000 X109.559 Y177.242
G1 F1500 X123.527 Y163.275 E2265.68546
G0 F9000 X123.462 Y162.774
G1 F1500 X109.559 Y176.676 E2266.60096
G0 F9000 X109.559 Y176.111
G1 F1500 X123.397 Y162.273 E2267.51222
G0 F9000 X123.332 Y161.773
G1 F1500 X109.559 Y175.545 E2268.41916
G0 F9000 X109.597 Y174.942
G1 F1500 X123.267 Y161.272 E2269.31936
G0 F9000 X123.202 Y160.771
G1 F1500 X109.723 Y174.25 E2270.20697
G0 F9000 X109.849 Y173.558
G1 F1500 X123.161 Y160.246 E2271.08359
G0 F9000 X123.121 Y159.721
G1 F1500 X109.975 Y172.867 E2271.94927
G0 F9000 X110.102 Y172.174
G1 F1500 X123.08 Y159.196 E2272.8039
G0 F9000 X123.039 Y158.671
G1 F1500 X110.228 Y171.483 E2273.64756
G0 F9000 X110.354 Y170.791
G1 F1500 X122.999 Y158.146 E2274.48025
G0 F9000 X122.958 Y157.621
G1 F1500 X110.48 Y170.099 E2275.30195
G0 F9000 X110.607 Y169.407
G1 F1500 X122.917 Y157.096 E2276.11262
G0 F9000 X122.876 Y156.571
G1 F1500 X110.732 Y168.715 E2276.91232
G0 F9000 X110.858 Y168.024
G1 F1500 X122.835 Y156.047 E2277.70103
G0 F9000 X122.795 Y155.521
G1 F1500 X110.942 Y167.374 E2278.48157
G0 F9000 X111.026 Y166.725
G1 F1500 X122.754 Y154.997 E2279.25388
G0 F9000 X122.713 Y154.472
G1 F1500 X111.11 Y166.075 E2280.01795
G0 F9000 X111.194 Y165.425
G1 F1500 X122.673 Y153.947 E2280.77383
G0 F9000 X122.632 Y153.422
G1 F1500 X111.278 Y164.775 E2281.52148
G0 F9000 X111.362 Y164.126
G1 F1500 X122.617 Y152.871 E2282.26264
G0 F9000 X122.603 Y152.319
G1 F1500 X111.446 Y163.476 E2282.99735
G0 F9000 X111.53 Y162.826
G1 F1500 X122.588 Y151.768 E2283.72554
G0 F9000 X122.574 Y151.217
G1 F1500 X111.614 Y162.177 E2284.44727
G0 F9000 X111.698 Y161.527
G1 F1500 X122.559 Y150.666 E2285.16249
G0 F9000 X122.545 Y150.114
G1 F1500 X111.782 Y160.878 E2285.87128
G0 F9000 X111.836 Y160.257
G1 F1500 X122.53 Y149.563 E2286.5755
G0 F9000 X122.516 Y149.012
G1 F1500 X111.884 Y159.644 E2287.27563
G0 F9000 X111.931 Y159.031
G1 F1500 X122.502 Y148.46 E2287.97175
G0 F9000 X122.487 Y147.909
G1 F1500 X111.978 Y158.418 E2288.66379
G0 F9000 X112.026 Y157.805
G1 F1500 X122.473 Y147.358 E2289.35174
G0 F9000 X122.459 Y146.806
G1 F1500 X112.074 Y157.191 E2290.03561
G0 F9000 X112.121 Y156.578
G1 F1500 X122.444 Y146.255 E2290.7154
G0 F9000 X122.439 Y145.695
G1 F1500 X112.169 Y155.965 E2291.3917
G0 F9000 X112.216 Y155.352
G1 F1500 X122.439 Y145.13 E2292.06486
G0 F9000 X122.439 Y144.564
G1 F1500 X112.263 Y154.739 E2292.73494
G0 F9000 X112.311 Y154.126
G1 F1500 X122.439 Y143.998 E2293.40188
G0 F9000 X122.439 Y143.433
G1 F1500 X112.358 Y153.513 E2294.0657
G0 F9000 X112.383 Y152.923
G1 F1500 X122.439 Y142.867 E2294.72791
G0 F9000 X122.439 Y142.301
G1 F1500 X112.398 Y152.342 E2295.38912
G0 F9000 X112.413 Y151.762
G1 F1500 X122.439 Y141.736 E2296.04935
G0 F9000 X122.439 Y141.17
G1 F1500 X112.427 Y151.181 E2296.70863
G0 F9000 X112.442 Y150.601
G1 F1500 X122.439 Y140.604 E2297.36695
G0 F9000 X122.439 Y140.038
G1 F1500 X112.457 Y150.02 E2298.02428
G0 F9000 X112.473 Y149.439
G1 F1500 X122.439 Y139.473 E2298.68056
G0 F9000 X122.439 Y138.907
G1 F1500 X112.487 Y148.858 E2299.33588
G0 F9000 X112.502 Y148.278
G1 F1500 X122.439 Y138.341 E2299.99025
G0 F9000 X122.439 Y137.776
G1 F1500 X112.517 Y147.697 E2300.6436
G0 F9000 X112.532 Y147.117
G1 F1500 X122.439 Y137.21 E2301.29599
G0 F9000 X122.439 Y136.644
G1 F1500 X112.548 Y146.535 E2301.94733
G0 F9000 X112.56 Y145.958
G1 F1500 X122.439 Y136.079 E2302.59788
G0 F9000 X122.439 Y135.513
G1 F1500 X112.56 Y145.392 E2303.24843
G0 F9000 X112.56 Y144.826
G1 F1500 X122.439 Y134.947 E2303.89898
G0 F9000 X122.439 Y134.382
G1 F1500 X112.56 Y144.261 E2304.54953
G0 F9000 X112.56 Y143.695
G1 F1500 X122.439 Y133.816 E2305.20007
G0 F9000 X122.439 Y133.25
G1 F1500 X112.56 Y143.129 E2305.85062
G0 F9000 X112.56 Y142.564
G1 F1500 X122.439 Y132.685 E2306.50117
G0 F9000 X122.439 Y132.119
G1 F1500 X112.56 Y141.998 E2307.15172
G0 F9000 X112.56 Y141.432
G1 F1500 X122.439 Y131.553 E2307.80227
G0 F9000 X122.439 Y130.987
G1 F1500 X112.56 Y140.866 E2308.45282
G0 F9000 X112.56 Y140.301
G1 F1500 X122.439 Y130.422 E2309.10337
G0 F9000 X122.439 Y129.856
G1 F1500 X112.56 Y139.735 E2309.75392
G0 F9000 X112.56 Y139.169
G1 F1500 X122.439 Y129.29 E2310.40447
G0 F9000 X122.439 Y128.725
G1 F1500 X112.56 Y138.604 E2311.05502
G0 F9000 X112.56 Y138.038
G1 F1500 X122.439 Y128.159 E2311.70556
G0 F9000 X122.439 Y127.593
G1 F1500 X112.56 Y137.472 E2312.35611
G0 F9000 X112.56 Y136.907
G1 F1500 X122.439 Y127.028 E2313.00666
G0 F9000 X122.439 Y126.462
G1 F1500 X112.56 Y136.341 E2313.65721
G0 F9000 X112.56 Y135.775
G1 F1500 X122.439 Y125.896 E2314.30776
G0 F9000 X122.439 Y125.331
G1 F1500 X112.56 Y135.21 E2314.95831
G0 F9000 X112.56 Y134.644
G1 F1500 X122.439 Y124.765 E2315.60886
G0 F9000 X122.439 Y124.199
G1 F1500 X112.56 Y134.078 E2316.25941
G0 F9000 X112.56 Y133.513
G1 F1500 X122.439 Y123.634 E2316.90996
G0 F9000 X122.439 Y123.068
G1 F1500 X112.56 Y132.947 E2317.56051
G0 F9000 X112.56 Y132.381
G1 F1500 X122.439 Y122.502 E2318.21105
G0 F9000 X122.439 Y121.937
G1 F1500 X112.56 Y131.816 E2318.8616
G0 F9000 X112.56 Y131.25
G1 F1500 X122.439 Y121.371 E2319.51215
G0 F9000 X122.439 Y120.805
G1 F1500 X112.56 Y130.684 E2320.1627
G0 F9000 X112.56 Y130.118
G1 F1500 X122.439 Y120.239 E2320.81325
G0 F9000 X122.439 Y119.674
G1 F1500 X112.56 Y129.553 E2321.4638
G0 F9000 X112.56 Y128.987
G1 F1500 X122.439 Y119.108 E2322.11435
G0 F9000 X122.439 Y118.542
G1 F1500 X112.56 Y128.421 E2322.7649
G0 F9000 X112.56 Y127.856
G1 F1500 X122.439 Y117.977 E2323.41545
G0 F9000 X122.439 Y117.411
G1 F1500 X112.56 Y127.29 E2324.066
G0 F9000 X112.56 Y126.724
G1 F1500 X122.439 Y116.845 E2324.71654
G0 F9000 X122.439 Y116.28
G1 F1500 X112.56 Y126.159 E2325.36709
G0 F9000 X112.56 Y125.593
G1 F1500 X122.439 Y115.714 E2326.01764
G0 F9000 X122.439 Y115.148
G1 F1500 X112.56 Y125.027 E2326.66819
G0 F9000 X112.56 Y124.462
G1 F1500 X122.439 Y114.583 E2327.31874
G0 F9000 X122.439 Y114.017
G1 F1500 X112.56 Y123.896 E2327.96929
G0 F9000 X112.56 Y123.33
G1 F1500 X122.439 Y113.451 E2328.61984
G0 F9000 X122.439 Y112.886
G1 F1500 X112.56 Y122.765 E2329.27039
G0 F9000 X112.56 Y122.199
G1 F1500 X122.439 Y112.32 E2329.92094
G0 F9000 X122.439 Y111.754
G1 F1500 X112.56 Y121.633 E2330.57149
G0 F9000 X112.56 Y121.067
G1 F1500 X122.439 Y111.189 E2331.222
G0 F9000 X122.439 Y110.623
G1 F1500 X112.56 Y120.502 E2331.87255
G0 F9000 X112.56 Y119.936
G1 F1500 X122.439 Y110.057 E2332.5231
G0 F9000 X122.439 Y109.491
G1 F1500 X112.56 Y119.37 E2333.17365
G0 F9000 X112.56 Y118.805
G1 F1500 X122.439 Y108.926 E2333.8242
G0 F9000 X122.439 Y108.36
G1 F1500 X112.56 Y118.239 E2334.47475
G0 F9000 X112.56 Y117.673
G1 F1500 X122.439 Y107.794 E2335.1253
G0 F9000 X122.439 Y107.229
G1 F1500 X112.56 Y117.108 E2335.77585
G0 F9000 X112.56 Y116.542
G1 F1500 X122.439 Y106.663 E2336.42639
G0 F9000 X122.439 Y106.097
G1 F1500 X112.56 Y115.976 E2337.07694
G0 F9000 X112.56 Y115.411
G1 F1500 X122.439 Y105.532 E2337.72749
G0 F9000 X122.439 Y104.966
G1 F1500 X112.56 Y114.845 E2338.37804
G0 F9000 X112.56 Y114.279
G1 F1500 X122.439 Y104.4 E2339.02859
G0 F9000 X122.439 Y103.835
G1 F1500 X112.56 Y113.714 E2339.67914
G0 F9000 X112.56 Y113.148
G1 F1500 X122.439 Y103.269 E2340.32969
G0 F9000 X122.439 Y102.703
G1 F1500 X112.56 Y112.582 E2340.98024
G0 F9000 X112.56 Y112.017
G1 F1500 X122.439 Y102.138 E2341.63079
G0 F9000 X122.439 Y101.572
G1 F1500 X112.56 Y111.451 E2342.28134
G0 F9000 X112.56 Y110.885
G1 F1500 X122.439 Y101.006 E2342.93188
G0 F9000 X122.439 Y100.44
G1 F1500 X112.56 Y110.319 E2343.58243
G0 F9000 X112.56 Y109.754
G1 F1500 X122.439 Y99.875 E2344.23298
G0 F9000 X122.439 Y99.309
G1 F1500 X112.56 Y109.188 E2344.88353
G0 F9000 X112.56 Y108.622
G1 F1500 X122.439 Y98.743 E2345.53408
G0 F9000 X122.439 Y98.178
G1 F1500 X112.56 Y108.057 E2346.18463
G0 F9000 X112.56 Y107.491
G1 F1500 X122.439 Y97.612 E2346.83518
G0 F9000 X122.439 Y97.046
G1 F1500 X112.56 Y106.925 E2347.48573
G0 F9000 X112.56 Y106.36
G1 F1500 X122.439 Y96.481 E2348.13628
G0 F9000 X122.439 Y95.915
G1 F1500 X112.56 Y105.794 E2348.78683
G0 F9000 X112.56 Y105.228
G1 F1500 X122.439 Y95.349 E2349.43737
G0 F9000 X122.439 Y94.784
G1 F1500 X112.56 Y104.663 E2350.08792
G0 F9000 X112.56 Y104.097
G1 F1500 X122.439 Y94.218 E2350.73847
G0 F9000 X122.439 Y93.652
G1 F1500 X112.56 Y103.531 E2351.38902
G0 F9000 X112.56 Y102.966
G1 F1500 X122.439 Y93.087 E2352.03957
G0 F9000 X122.439 Y92.521
G1 F1500 X112.56 Y102.4 E2352.69012
G0 F9000 X112.56 Y101.834
G1 F1500 X122.439 Y91.955 E2353.34067
G0 F9000 X122.439 Y91.39
G1 F1500 X112.56 Y101.269 E2353.99122
G0 F9000 X112.56 Y100.703
G1 F1500 X122.439 Y90.824 E2354.64177
G0 F9000 X122.439 Y90.258
G1 F1500 X112.56 Y100.137 E2355.29232
G0 F9000 X112.56 Y99.571
G1 F1500 X122.439 Y89.692 E2355.94286
G0 F9000 X122.439 Y89.127
G1 F1500 X112.56 Y99.006 E2356.59341
G0 F9000 X112.56 Y98.44
G1 F1500 X122.448 Y88.551 E2357.24459
G0 F9000 X122.463 Y87.971
G1 F1500 X112.56 Y97.874 E2357.89672
G0 F9000 X112.56 Y97.309
G1 F1500 X122.479 Y87.389 E2358.54993
G0 F9000 X122.494 Y86.809
G1 F1500 X112.56 Y96.743 E2359.2041
G0 F9000 X112.56 Y96.177
G1 F1500 X122.509 Y86.228 E2359.85926
G0 F9000 X122.523 Y85.648
G1 F1500 X112.56 Y95.612 E2360.51538
G0 F9000 X112.56 Y95.046
G1 F1500 X122.538 Y85.067 E2361.17248
G0 F9000 X122.553 Y84.487
G1 F1500 X112.56 Y94.48 E2361.83053
G0 F9000 X112.56 Y93.915
G1 F1500 X122.569 Y83.905 E2362.48968
G0 F9000 X122.584 Y83.325
G1 F1500 X112.56 Y93.349 E2363.14977
G0 F9000 X112.56 Y92.783
G1 F1500 X122.598 Y82.744 E2363.81083
G0 F9000 X122.613 Y82.164
G1 F1500 X112.56 Y92.218 E2364.47287
G0 F9000 X112.56 Y91.652
G1 F1500 X122.633 Y81.578 E2365.13622
G0 F9000 X122.68 Y80.965
G1 F1500 X112.56 Y91.086 E2365.80268
G0 F9000 X112.56 Y90.52
G1 F1500 X122.728 Y80.352 E2366.47226
G0 F9000 X122.775 Y79.739
G1 F1500 X112.56 Y89.955 E2367.14496
G0 F9000 X112.56 Y89.389
G1 F1500 X122.823 Y79.126 E2367.8208
G0 F9000 X122.87 Y78.513
G1 F1500 X112.556 Y88.827 E2368.5
G0 F9000 X112.541 Y88.276
G1 F1500 X122.917 Y77.9 E2369.18327
G0 F9000 X122.965 Y77.287
G1 F1500 X112.527 Y87.725 E2369.87063
G0 F9000 X112.513 Y87.173
G1 F1500 X123.012 Y76.674 E2370.56201
G0 F9000 X123.06 Y76.06
G1 F1500 X112.498 Y86.622 E2371.25754
G0 F9000 X112.484 Y86.071
G1 F1500 X123.107 Y75.447 E2371.95711
G0 F9000 X123.155 Y74.834
G1 F1500 X112.47 Y85.519 E2372.66074
G0 F9000 X112.455 Y84.968
G1 F1500 X123.204 Y74.22 E2373.36854
G0 F9000 X123.288 Y73.57
G1 F1500 X112.441 Y84.417 E2374.08284
G0 F9000 X112.427 Y83.865
G1 F1500 X123.371 Y72.921 E2374.80352
G0 F9000 X123.455 Y72.271
G1 F1500 X112.412 Y83.314 E2375.53072
G0 F9000 X112.398 Y82.763
G1 F1500 X123.54 Y71.621 E2376.26444
G0 F9000 X123.624 Y70.971
G1 F1500 X112.384 Y82.211 E2377.00461
G0 F9000 X112.369 Y81.66
G1 F1500 X123.708 Y70.321 E2377.7513
G0 F9000 X123.792 Y69.671
G1 F1500 X112.332 Y81.132 E2378.506
G0 F9000 X112.292 Y80.606
G1 F1500 X123.876 Y69.022 E2379.26882
G0 F9000 X123.96 Y68.372
G1 F1500 X112.251 Y80.081 E2380.03988
G0 F9000 X112.21 Y79.557
G1 F1500 X124.044 Y67.723 E2380.81917
G0 F9000 X124.128 Y67.073
G1 F1500 X112.169 Y79.031 E2381.60666
G0 F9000 X112.128 Y78.507
G1 F1500 X124.247 Y66.388 E2382.40471
G0 F9000 X124.373 Y65.696
G1 F1500 X112.088 Y77.981 E2383.2137
G0 F9000 X112.047 Y77.457
G1 F1500 X124.499 Y65.005 E2384.03369
G0 F9000 X124.625 Y64.313
G1 F1500 X112.006 Y76.932 E2384.86467
G0 F9000 X111.966 Y76.407
G1 F1500 X124.751 Y63.621 E2385.70662
G0 F9000 X124.877 Y62.93
G1 F1500 X111.925 Y75.882 E2386.55953
G0 F9000 X111.884 Y75.357
G1 F1500 X125.003 Y62.238 E2387.42344
G0 F9000 X125.129 Y61.546
G1 F1500 X111.843 Y74.832 E2388.29834
G0 F9000 X111.802 Y74.307
G1 F1500 X125.255 Y60.855 E2389.18421
G0 F9000 X125.381 Y60.163
G1 F1500 X111.741 Y73.802 E2390.0824
G0 F9000 X111.676 Y73.302
G1 F1500 X125.437 Y59.541 E2390.98858
G0 F9000 X125.437 Y58.975
G1 F1500 X111.611 Y72.801 E2391.89905
G0 F9000 X111.547 Y72.3
G1 F1500 X125.437 Y58.409 E2392.81376
G0 F9000 X125.437 Y57.844
G1 F1500 X111.482 Y71.799 E2393.73272
G0 F9000 X111.417 Y71.298
G1 F1500 X125.437 Y57.278 E2394.65596
G0 F9000 X125.437 Y56.712
G1 F1500 X111.352 Y70.798 E2395.58352
G0 F9000 X111.287 Y70.297
G1 F1500 X125.437 Y56.147 E2396.51532
G0 F9000 X125.437 Y55.581
G1 F1500 X111.222 Y69.796 E2397.4514
G0 F9000 X111.157 Y69.295
G1 F1500 X125.437 Y55.015 E2398.39176
G0 F9000 X125.437 Y54.45
G1 F1500 X111.092 Y68.795 E2399.33641
G0 F9000 X111.027 Y68.294
G1 F1500 X125.437 Y53.884 E2400.28533
G0 F9000 X125.437 Y53.318
G1 F1500 X110.962 Y67.793 E2401.23853
G0 F9000 X110.898 Y67.292
G1 F1500 X125.437 Y52.752 E2402.19598
G0 F9000 X125.437 Y52.187
G1 F1500 X110.826 Y66.798 E2403.15814
G0 F9000 X110.739 Y66.32
G1 F1500 X125.437 Y51.621 E2404.12607
G0 F9000 X125.437 Y51.055
G1 F1500 X110.651 Y65.842 E2405.09978
G0 F9000 X110.564 Y65.363
G1 F1500 X125.437 Y50.49 E2406.07919
G0 F9000 X125.437 Y49.924
G1 F1500 X110.476 Y64.885 E2407.0644
G0 F9000 X110.389 Y64.406
G1 F1500 X125.437 Y49.358 E2408.05534
G0 F9000 X125.437 Y48.793
G1 F1500 X110.303 Y63.928 E2409.05197
G0 F9000 X110.215 Y63.45
G1 F1500 X125.437 Y48.227 E2410.0544
G0 F9000 X125.437 Y47.661
G1 F1500 X110.128 Y62.971 E2411.06255
G0 F9000 X110.04 Y62.493
G1 F1500 X125.437 Y47.096 E2412.07647
G0 F9000 X125.437 Y46.53
G1 F1500 X109.953 Y62.014 E2413.09612
G0 F9000 X109.866 Y61.535
G1 F1500 X125.437 Y45.964 E2414.1215
G0 F9000 X125.437 Y45.399
G1 F1500 X109.779 Y61.057 E2415.1526
G0 F9000 X109.692 Y60.579
G1 F1500 X125.437 Y44.833 E2416.18947
G0 F9000 X125.437 Y44.267
G1 F1500 X109.605 Y60.1 E2417.23207
G0 F9000 X109.56 Y59.579
G1 F1500 X125.437 Y43.702 E2418.2776
G0 F9000 X125.437 Y43.136
G1 F1500 X109.56 Y59.013 E2419.32312
G0 F9000 X109.56 Y58.448
G1 F1500 X125.437 Y42.57 E2420.36869
G0 F9000 X125.437 Y42.004
G1 F1500 X109.56 Y57.882 E2421.41425
G0 F9000 X109.56 Y57.316
G1 F1500 X125.437 Y41.439 E2422.45977
G0 F9000 X125.437 Y40.873
G1 F1500 X109.56 Y56.75 E2423.5053
G0 F9000 X109.56 Y56.185
G1 F1500 X125.437 Y40.307 E2424.55086
G0 F9000 X125.437 Y39.742
G1 F1500 X109.56 Y55.619 E2425.59639
G0 F9000 X109.56 Y55.053
G1 F1500 X125.437 Y39.176 E2426.64192
G0 F9000 X125.437 Y38.61
G1 F1500 X109.56 Y54.488 E2427.68748
G0 F9000 X109.56 Y53.922
G1 F1500 X125.437 Y38.045 E2428.733
G0 F9000 X125.437 Y37.479
G1 F1500 X109.56 Y53.356 E2429.77853
G0 F9000 X109.56 Y52.791
G1 F1500 X125.437 Y36.913 E2430.82409
G0 F9000 X125.225 Y36.56
G1 F1500 X109.56 Y52.225 E2431.85566
G0 F9000 X109.56 Y51.659
G1 F1500 X124.659 Y36.56 E2432.84995
G0 F9000 X124.093 Y36.56
G1 F1500 X109.56 Y51.094 E2433.80701
G0 F9000 X109.56 Y50.528
G1 F1500 X123.528 Y36.56 E2434.72683
G0 F9000 X122.962 Y36.56
G1 F1500 X109.56 Y49.962 E2435.60937
G0 F9000 X109.56 Y49.397
G1 F1500 X122.396 Y36.56 E2436.45468
G0 F9000 X121.83 Y36.56
G1 F1500 X109.56 Y48.831 E2437.26271
G0 F9000 X109.56 Y48.265
G1 F1500 X121.265 Y36.56 E2438.0335
G0 F9000 X120.699 Y36.56
G1 F1500 X109.56 Y47.7 E2438.76706
G0 F9000 X109.56 Y47.134
G1 F1500 X120.133 Y36.56 E2439.46334
G0 F9000 X119.568 Y36.56
G1 F1500 X109.56 Y46.568 E2440.12239
G0 F9000 X109.56 Y46.002
G1 F1500 X119.002 Y36.56 E2440.74416
G0 F9000 X118.436 Y36.56
G1 F1500 X109.56 Y45.437 E2441.32869
G0 F9000 X109.56 Y44.871
G1 F1500 X117.871 Y36.56 E2441.87598
G0 F9000 X117.305 Y36.56
G1 F1500 X109.56 Y44.305 E2442.38601
G0 F9000 X109.56 Y43.74
G1 F1500 X116.739 Y36.56 E2442.85879
G0 F9000 X116.174 Y36.56
G1 F1500 X109.56 Y43.174 E2443.29433
G0 F9000 X109.56 Y42.608
G1 F1500 X115.608 Y36.56 E2443.6926
G0 F9000 X115.042 Y36.56
G1 F1500 X109.56 Y42.043 E2444.05363
G0 F9000 X109.56 Y41.477
G1 F1500 X114.477 Y36.56 E2444.37743
G0 F9000 X113.911 Y36.56
G1 F1500 X109.56 Y40.911 E2444.66395
G0 F9000 X109.56 Y40.346
G1 F1500 X113.345 Y36.56 E2444.91323
G0 F9000 X112.779 Y36.56
G1 F1500 X109.56 Y39.78 E2445.12524
G0 F9000 X109.56 Y39.214
G1 F1500 X112.214 Y36.56 E2445.30001
G0 F9000 X111.648 Y36.56
G1 F1500 X109.56 Y38.649 E2445.43754
G0 F9000 X109.56 Y38.083
G1 F1500 X111.082 Y36.56 E2445.5378
G0 F9000 X110.517 Y36.56
G1 F1500 X109.56 Y37.517 E2445.60082
G0 F9000 X109.56 Y36.951
G1 F1500 X109.951 Y36.56 E2445.62657
G1 F2700 E2440.62657
;MESH:NONMESH
G0 F300 X109.951 Y36.56 Z6.44
G0 F9000 X109.951 Y36.1
G0 X109.172 Y36.172
G0 X109.162 Y59.896
G0 X111.083 Y74.337
G0 X111.65 Y81.659
G0 X111.839 Y88.99
G0 X111.839 Y146.01
G0 X111.65 Y153.341
G0 X111.083 Y160.663
G0 X110.14 Y167.947
G0 X109.149 Y173.192
G0 X109 Y199
;TIME_ELAPSED:6524.816796
;LAYER:22
;TYPE:WALL-INNER
;MESH:D638-22 Tensile.STL
G1 F2700 E2445.62657
G1 F1500 X126 Y199 E2446.41816
G1 X126 Y175.858 E2447.49575
G1 X126 Y175.089 E2447.53156
G1 X124.701 Y167.971 E2447.86847
G1 X123.754 Y160.654 E2448.21203
G1 X123.188 Y153.323 E2448.5544
G1 X123 Y146.027 E2448.89425
G1 X123 Y88.973 E2451.55092
G1 X123.19 Y81.624 E2451.89324
G1 X123.754 Y74.346 E2452.23315
G1 X124.701 Y67.027 E2452.57679
G1 X125.999 Y59.907 E2452.91379
G1 X126 Y36 E2454.027
G1 X109 Y36 E2454.81859
G1 X109.001 Y59.911 E2455.93199
G1 X110.299 Y67.028 E2456.26885
G1 X111.246 Y74.345 E2456.61241
G1 X111.81 Y81.625 E2456.95241
G1 X112 Y88.973 E2457.29468
G1 X112 Y146.027 E2459.95135
G1 X111.812 Y153.324 E2460.29124
G1 X111.245 Y160.664 E2460.63404
G1 X110.299 Y167.972 E2460.97717
G1 X109 Y175.093 E2461.31423
G1 X109 Y199 E2462.42744
G1 F2700 E2457.42744
G0 F9000 X125.828 Y198.828
G0 X125.839 Y175.105
G0 X124.797 Y167.931
G1 F2700 E2462.42744
G0 F9000 X125.094 Y167.894
G1 F1500 X126.4 Y175.053 E2462.76629
G1 X126.4 Y175.858 E2462.80378
G1 X126.4 Y199.4 E2463.89999
G1 X108.6 Y199.4 E2464.72883
G1 X108.6 Y175.057 E2465.86234
G1 X109.906 Y167.896 E2466.20129
G1 X110.844 Y160.654 E2466.54133
G1 X111.411 Y153.345 E2466.88269
G1 X111.6 Y146.017 E2467.22402
G1 X111.6 Y88.983 E2469.87976
G1 X111.411 Y81.656 E2470.22105
G1 X110.847 Y74.376 E2470.56106
G1 X109.906 Y67.105 E2470.90245
G1 X108.601 Y59.947 E2471.24125
G1 X108.6 Y35.6 E2472.37495
G1 X126.4 Y35.6 E2473.20379
G1 X126.399 Y59.943 E2474.3373
G1 X125.094 Y67.104 E2474.67624
G1 X124.156 Y74.346 E2475.01627
G1 X123.589 Y81.655 E2475.35763
G1 X123.4 Y88.983 E2475.69897
G1 X123.4 Y146.017 E2478.35471
G1 X123.589 Y153.343 E2478.69595
G1 X124.156 Y160.654 E2479.03741
G1 X125.094 Y167.894 E2479.37735
G1 F2700 E2474.37735
G0 F9000 X124.797 Y167.931
G0 X126.198 Y175.072
G0 X126.082 Y199.082
G0 X108.47 Y199.53
G1 F2700 E2479.37735
G0 F9000 X108.2 Y199.8
;TYPE:WALL-OUTER
G1 F1500 X126.8 Y199.8 E2480.24344
G1 X126.8 Y175.858 E2481.35828
G1 X126.8 Y175.017 E2481.39744
G1 X125.491 Y167.842 E2481.73706
G1 X124.552 Y160.592 E2482.07747
G1 X123.988 Y153.302 E2482.41793
G1 X123.8 Y146.007 E2482.75773
G1 X123.8 Y88.993 E2485.41254
G1 X123.988 Y81.686 E2485.7529
G1 X124.553 Y74.398 E2486.09328
G1 X125.493 Y67.146 E2486.43379
G1 X126.799 Y59.979 E2486.77301
G1 X126.8 Y35.2 E2487.92682
G1 X108.2 Y35.2 E2488.79292
G1 X108.201 Y59.983 E2489.94692
G1 X109.509 Y67.157 E2490.28647
G1 X110.448 Y74.407 E2490.62688
G1 X111.012 Y81.697 E2490.96735
G1 X111.2 Y88.993 E2491.3072
G1 X111.2 Y146.007 E2493.96201
G1 X111.012 Y153.314 E2494.30237
G1 X110.447 Y160.602 E2494.64274
G1 X109.507 Y167.854 E2494.98325
G1 X108.2 Y175.021 E2495.32248
G1 X108.2 Y199.8 E2496.4763
G0 F9000 X108.47 Y199.53
G0 X109.1 Y198.64
G0 X109.36 Y198.64
;TYPE:SKIN
G1 F1500 X125.64 Y198.64 E2497.23436
G1 X125.64 Y175.858 E2498.29519
G1 X125.64 Y175.122 E2498.32946
G1 X124.341 Y168.004 E2498.66637
G1 X123.401 Y160.741 E2499.00739
G1 X122.831 Y153.391 E2499.35067
G1 X122.64 Y146.04 E2499.69307
G1 X122.64 Y88.961 E2502.35091
G1 X122.828 Y81.657 E2502.69113
G1 X123.402 Y74.247 E2503.0372
G1 X124.343 Y66.983 E2503.37827
G1 X125.639 Y59.872 E2503.71484
G1 X125.639 Y36.361 E2504.80961
G1 X109.361 Y36.361 E2505.56759
G1 X109.361 Y59.879 E2506.66268
G1 X110.659 Y66.995 E2506.9995
G1 X111.599 Y74.258 E2507.34052
G1 X112.169 Y81.606 E2507.6837
G1 X112.36 Y88.961 E2508.02629
G1 X112.36 Y146.04 E2510.68413
G1 X112.172 Y153.343 E2511.0243
G1 X111.598 Y160.752 E2511.37033
G1 X110.657 Y168.017 E2511.71145
G1 X109.36 Y175.128 E2512.04803
G1 X109.36 Y198.64 E2513.14284
G0 F9000 X109.559 Y198.372
G1 F1500 X109.626 Y198.438 E2513.14722
G0 F9000 X110.191 Y198.438
G1 F1500 X109.559 Y197.806 E2513.18884
G0 F9000 X109.559 Y197.241
G1 F1500 X110.757 Y198.438 E2513.2677
G0 F9000 X111.323 Y198.438
G1 F1500 X109.559 Y196.675 E2513.38383
G0 F9000 X109.559 Y196.109
G1 F1500 X111.889 Y198.438 E2513.53723
G0 F9000 X112.454 Y198.438
G1 F1500 X109.559 Y195.544 E2513.72784
G0 F9000 X109.559 Y194.978
G1 F1500 X113.02 Y198.438 E2513.95572
G0 F9000 X113.586 Y198.438
G1 F1500 X109.559 Y194.412 E2514.22087
G0 F9000 X109.559 Y193.846
G1 F1500 X114.151 Y198.438 E2514.52326
G0 F9000 X114.717 Y198.438
G1 F1500 X109.559 Y193.281 E2514.86289
G0 F9000 X109.559 Y192.715
G1 F1500 X115.283 Y198.438 E2515.23979
G0 F9000 X115.848 Y198.438
G1 F1500 X109.559 Y192.149 E2515.65393
G0 F9000 X109.559 Y191.584
G1 F1500 X116.414 Y198.438 E2516.10531
G0 F9000 X116.98 Y198.438
G1 F1500 X109.559 Y191.018 E2516.59397
G0 F9000 X109.559 Y190.452
G1 F1500 X117.545 Y198.438 E2517.11986
G0 F9000 X118.111 Y198.438
G1 F1500 X109.559 Y189.887 E2517.68299
G0 F9000 X109.559 Y189.321
G1 F1500 X118.677 Y198.438 E2518.28339
G0 F9000 X119.242 Y198.438
G1 F1500 X109.559 Y188.755 E2518.92103
G0 F9000 X109.559 Y188.19
G1 F1500 X119.808 Y198.438 E2519.59592
G0 F9000 X120.374 Y198.438
G1 F1500 X109.559 Y187.624 E2520.30807
G0 F9000 X109.559 Y187.058
G1 F1500 X120.94 Y198.438 E2521.05749
G0 F9000 X121.505 Y198.438
G1 F1500 X109.559 Y186.493 E2521.84413
G0 F9000 X109.559 Y185.927
G1 F1500 X122.071 Y198.438 E2522.66803
G0 F9000 X122.637 Y198.438
G1 F1500 X109.559 Y185.361 E2523.52921
G0 F9000 X109.559 Y184.795
G1 F1500 X123.202 Y198.438 E2524.42762
G0 F9000 X123.768 Y198.438
G1 F1500 X109.559 Y184.23 E2525.36327
G0 F9000 X109.559 Y183.664
G1 F1500 X124.334 Y198.438 E2526.3362
G0 F9000 X124.899 Y198.438
G1 F1500 X109.559 Y183.098 E2527.34637
G0 F9000 X109.559 Y182.533
G1 F1500 X125.44 Y198.413 E2528.39212
G0 F9000 X125.44 Y197.847
G1 F1500 X109.559 Y181.967 E2529.43788
G0 F9000 X109.559 Y181.401
G1 F1500 X125.44 Y197.282 E2530.48367
G0 F9000 X125.44 Y196.716
G1 F1500 X109.559 Y180.836 E2531.52943
G0 F9000 X109.559 Y180.27
G1 F1500 X125.44 Y196.15 E2532.57519
G0 F9000 X125.44 Y195.585
G1 F1500 X109.559 Y179.704 E2533.62098
G0 F9000 X109.559 Y179.139
G1 F1500 X125.44 Y195.019 E2534.66674
G0 F9000 X125.44 Y194.453
G1 F1500 X109.559 Y178.573 E2535.7125
G0 F9000 X109.559 Y178.007
G1 F1500 X125.44 Y193.887 E2536.75825
G0 F9000 X125.44 Y193.322
G1 F1500 X109.559 Y177.442 E2537.80401
G0 F9000 X109.559 Y176.876
G1 F1500 X125.44 Y192.756 E2538.84977
G0 F9000 X125.44 Y192.19
G1 F1500 X109.559 Y176.31 E2539.89553
G0 F9000 X109.559 Y175.745
G1 F1500 X125.44 Y191.625 E2540.94129
G0 F9000 X125.44 Y191.059
G1 F1500 X109.559 Y175.179 E2541.98704
G0 F9000 X109.641 Y174.695
G1 F1500 X125.44 Y190.493 E2543.0274
G0 F9000 X125.44 Y189.928
G1 F1500 X109.728 Y174.216 E2544.06206
G0 F9000 X109.815 Y173.738
G1 F1500 X125.44 Y189.362 E2545.09096
G0 F9000 X125.44 Y188.796
G1 F1500 X109.903 Y173.26 E2546.11407
G0 F9000 X109.99 Y172.781
G1 F1500 X125.44 Y188.231 E2547.13148
G0 F9000 X125.44 Y187.665
G1 F1500 X110.078 Y172.303 E2548.14309
G0 F9000 X110.165 Y171.824
G1 F1500 X125.44 Y187.099 E2549.14898
G0 F9000 X125.44 Y186.534
G1 F1500 X110.252 Y171.346 E2550.14913
G0 F9000 X110.339 Y170.868
G1 F1500 X125.44 Y185.968 E2551.14353
G0 F9000 X125.44 Y185.402
G1 F1500 X110.426 Y170.389 E2552.13219
G0 F9000 X110.514 Y169.911
G1 F1500 X125.44 Y184.837 E2553.11509
G0 F9000 X125.44 Y184.271
G1 F1500 X110.601 Y169.432 E2554.09227
G0 F9000 X110.689 Y168.954
G1 F1500 X125.44 Y183.705 E2555.06365
G0 F9000 X125.44 Y183.139
G1 F1500 X110.776 Y168.475 E2556.02929
G0 F9000 X110.861 Y167.995
G1 F1500 X125.44 Y182.574 E2556.98935
G0 F9000 X125.44 Y182.008
G1 F1500 X110.926 Y167.495 E2557.94509
G0 F9000 X110.991 Y166.993
G1 F1500 X125.44 Y181.442 E2558.89658
G0 F9000 X125.44 Y180.877
G1 F1500 X111.056 Y166.493 E2559.84379
G0 F9000 X111.12 Y165.991
G1 F1500 X125.44 Y180.311 E2560.78678
G0 F9000 X125.44 Y179.745
G1 F1500 X111.185 Y165.491 E2561.72547
G0 F9000 X111.25 Y164.99
G1 F1500 X125.44 Y179.18 E2562.6599
G0 F9000 X125.44 Y178.614
G1 F1500 X111.314 Y164.489 E2563.59009
G0 F9000 X111.379 Y163.988
G1 F1500 X125.44 Y178.048 E2564.516
G0 F9000 X125.44 Y177.483
G1 F1500 X111.444 Y163.487 E2565.43766
G0 F9000 X111.509 Y162.986
G1 F1500 X125.44 Y176.917 E2566.35504
G0 F9000 X125.44 Y176.351
G1 F1500 X111.573 Y162.485 E2567.26817
G0 F9000 X111.638 Y161.984
G1 F1500 X125.44 Y175.786 E2568.17706
G0 F9000 X125.44 Y175.22
G1 F1500 X111.703 Y161.484 E2569.08163
G0 F9000 X111.768 Y160.982
G1 F1500 X125.331 Y174.546 E2569.97481
G0 F9000 X125.205 Y173.854
G1 F1500 X111.819 Y160.468 E2570.8563
G0 F9000 X111.86 Y159.943
G1 F1500 X125.079 Y173.162 E2571.72679
G0 F9000 X124.953 Y172.471
G1 F1500 X111.901 Y159.418 E2572.58632
G0 F9000 X111.941 Y158.893
G1 F1500 X124.826 Y171.778 E2573.43482
G0 F9000 X124.7 Y171.086
G1 F1500 X111.982 Y158.368 E2574.27232
G0 F9000 X112.022 Y157.843
G1 F1500 X124.574 Y170.395 E2575.0989
G0 F9000 X124.447 Y169.702
G1 F1500 X112.063 Y157.318 E2575.9144
G0 F9000 X112.104 Y156.793
G1 F1500 X124.322 Y169.011 E2576.71898
G0 F9000 X124.195 Y168.318
G1 F1500 X112.145 Y156.268 E2577.51249
G0 F9000 X112.185 Y155.743
G1 F1500 X124.095 Y167.652 E2578.29675
G0 F9000 X124.01 Y167.003
G1 F1500 X112.226 Y155.218 E2579.07278
G0 F9000 X112.266 Y154.693
G1 F1500 X123.926 Y166.353 E2579.84061
G0 F9000 X123.841 Y165.702
G1 F1500 X112.307 Y154.168 E2580.60015
G0 F9000 X112.347 Y153.642
G1 F1500 X123.757 Y165.052 E2581.35152
G0 F9000 X123.673 Y164.403
G1 F1500 X112.377 Y153.107 E2582.09538
G0 F9000 X112.391 Y152.555
G1 F1500 X123.589 Y163.753 E2582.83278
G0 F9000 X123.505 Y163.103
G1 F1500 X112.405 Y152.003 E2583.56374
G0 F9000 X112.42 Y151.452
G1 F1500 X123.421 Y162.453 E2584.28817
G0 F9000 X123.337 Y161.803
G1 F1500 X112.434 Y150.9 E2585.00615
G0 F9000 X112.448 Y150.349
G1 F1500 X123.252 Y161.153 E2585.71762
G0 F9000 X123.183 Y160.518
G1 F1500 X112.463 Y149.798 E2586.42355
G0 F9000 X112.477 Y149.246
G1 F1500 X123.136 Y159.905 E2587.12546
G0 F9000 X123.088 Y159.292
G1 F1500 X112.491 Y148.695 E2587.82329
G0 F9000 X112.505 Y148.143
G1 F1500 X123.04 Y158.679 E2588.51707
G0 F9000 X122.993 Y158.065
G1 F1500 X112.519 Y147.592 E2589.20677
G0 F9000 X112.533 Y147.04
G1 F1500 X122.946 Y157.452 E2589.89245
G0 F9000 X122.897 Y156.839
G1 F1500 X112.548 Y146.489 E2590.57398
G0 F9000 X112.559 Y145.934
G1 F1500 X122.85 Y156.226 E2591.25169
G0 F9000 X122.803 Y155.612
G1 F1500 X112.559 Y145.369 E2591.92625
G0 F9000 X112.559 Y144.803
G1 F1500 X122.755 Y154.999 E2592.59767
G0 F9000 X122.707 Y154.386
G1 F1500 X112.559 Y144.237 E2593.26597
G0 F9000 X112.559 Y143.672
G1 F1500 X122.66 Y153.773 E2593.93113
G0 F9000 X122.626 Y153.173
G1 F1500 X112.559 Y143.106 E2594.59406
G0 F9000 X112.559 Y142.54
G1 F1500 X122.61 Y152.592 E2595.25597
G0 F9000 X122.596 Y152.011
G1 F1500 X112.559 Y141.975 E2595.91689
G0 F9000 X112.559 Y141.409
G1 F1500 X122.58 Y151.43 E2596.57679
G0 F9000 X122.565 Y150.849
G1 F1500 X112.559 Y140.843 E2597.2357
G0 F9000 X112.559 Y140.277
G1 F1500 X122.55 Y150.268 E2597.89363
G0 F9000 X122.535 Y149.688
G1 F1500 X112.559 Y139.712 E2598.55057
G0 F9000 X112.559 Y139.146
G1 F1500 X122.52 Y149.107 E2599.20651
G0 F9000 X122.504 Y148.526
G1 F1500 X112.559 Y138.58 E2599.86144
G0 F9000 X112.559 Y138.015
G1 F1500 X122.489 Y147.945 E2600.51535
G0 F9000 X122.474 Y147.364
G1 F1500 X112.559 Y137.449 E2601.16827
G0 F9000 X112.559 Y136.883
G1 F1500 X122.459 Y146.784 E2601.82023
G0 F9000 X122.444 Y146.202
G1 F1500 X112.559 Y136.318 E2602.47115
G0 F9000 X112.559 Y135.752
G1 F1500 X122.439 Y145.632 E2603.12176
G0 F9000 X122.439 Y145.067
G1 F1500 X112.559 Y135.186 E2603.77241
G0 F9000 X112.559 Y134.621
G1 F1500 X122.439 Y144.501 E2604.42302
G0 F9000 X122.439 Y143.935
G1 F1500 X112.559 Y134.055 E2605.07364
G0 F9000 X112.559 Y133.489
G1 F1500 X122.439 Y143.37 E2605.72429
G0 F9000 X122.439 Y142.804
G1 F1500 X112.559 Y132.924 E2606.3749
G0 F9000 X112.559 Y132.358
G1 F1500 X122.439 Y142.238 E2607.02552
G0 F9000 X122.439 Y141.673
G1 F1500 X112.559 Y131.792 E2607.67616
G0 F9000 X112.559 Y131.226
G1 F1500 X122.439 Y141.107 E2608.32681
G0 F9000 X122.439 Y140.541
G1 F1500 X112.559 Y130.661 E2608.97743
G0 F9000 X112.559 Y130.095
G1 F1500 X122.439 Y139.976 E2609.62807
G0 F9000 X122.439 Y139.41
G1 F1500 X112.559 Y129.529 E2610.27872
G0 F9000 X112.559 Y128.964
G1 F1500 X122.439 Y138.844 E2610.92934
G0 F9000 X122.439 Y138.278
G1 F1500 X112.559 Y128.398 E2611.57995
G0 F9000 X112.559 Y127.832
G1 F1500 X122.439 Y137.713 E2612.2306
G0 F9000 X122.439 Y137.147
G1 F1500 X112.559 Y127.267 E2612.88121
G0 F9000 X112.559 Y126.701
G1 F1500 X122.439 Y136.581 E2613.53183
G0 F9000 X122.439 Y136.016
G1 F1500 X112.559 Y126.135 E2614.18248
G0 F9000 X112.559 Y125.57
G1 F1500 X122.439 Y135.45 E2614.83309
G0 F9000 X122.439 Y134.884
G1 F1500 X112.559 Y125.004 E2615.48371
G0 F9000 X112.559 Y124.438
G1 F1500 X122.439 Y134.319 E2616.13435
G0 F9000 X122.439 Y133.753
G1 F1500 X112.559 Y123.873 E2616.78497
G0 F9000 X112.559 Y123.307
G1 F1500 X122.439 Y133.187 E2617.43558
G0 F9000 X122.439 Y132.622
G1 F1500 X112.559 Y122.741 E2618.08623
G0 F9000 X112.559 Y122.176
G1 F1500 X122.439 Y132.056 E2618.73685
G0 F9000 X122.439 Y131.49
G1 F1500 X112.559 Y121.61 E2619.38746
G0 F9000 X112.559 Y121.044
G1 F1500 X122.439 Y130.925 E2620.03811
G0 F9000 X122.439 Y130.359
G1 F1500 X112.559 Y120.478 E2620.68876
G0 F9000 X112.559 Y119.913
G1 F1500 X122.439 Y129.793 E2621.33937
G0 F9000 X122.439 Y129.228
G1 F1500 X112.559 Y119.347 E2621.99002
G0 F9000 X112.559 Y118.781
G1 F1500 X122.439 Y128.662 E2622.64067
G0 F9000 X122.439 Y128.096
G1 F1500 X112.559 Y118.216 E2623.29128
G0 F9000 X112.559 Y117.65
G1 F1500 X122.439 Y127.53 E2623.9419
G0 F9000 X122.439 Y126.965
G1 F1500 X112.559 Y117.084 E2624.59255
G0 F9000 X112.559 Y116.519
G1 F1500 X122.439 Y126.399 E2625.24316
G0 F9000 X122.439 Y125.833
G1 F1500 X112.559 Y115.953 E2625.89377
G0 F9000 X112.559 Y115.387
G1 F1500 X122.439 Y125.268 E2626.54442
G0 F9000 X122.439 Y124.702
G1 F1500 X112.559 Y114.822 E2627.19504
G0 F9000 X112.559 Y114.256
G1 F1500 X122.439 Y124.136 E2627.84565
G0 F9000 X122.439 Y123.571
G1 F1500 X112.559 Y113.69 E2628.4963
G0 F9000 X112.559 Y113.125
G1 F1500 X122.439 Y123.005 E2629.14692
G0 F9000 X122.439 Y122.439
G1 F1500 X112.559 Y112.559 E2629.79753
G0 F9000 X112.559 Y111.993
G1 F1500 X122.439 Y121.874 E2630.44818
G0 F9000 X122.439 Y121.308
G1 F1500 X112.559 Y111.428 E2631.09879
G0 F9000 X112.559 Y110.862
G1 F1500 X122.439 Y120.742 E2631.74941
G0 F9000 X122.439 Y120.177
G1 F1500 X112.559 Y110.296 E2632.40006
G0 F9000 X112.559 Y109.73
G1 F1500 X122.439 Y119.611 E2633.0507
G0 F9000 X122.439 Y119.045
G1 F1500 X112.559 Y109.165 E2633.70132
G0 F9000 X112.559 Y108.599
G1 F1500 X122.439 Y118.479 E2634.35193
G0 F9000 X122.439 Y117.914
G1 F1500 X112.559 Y108.033 E2635.00258
G0 F9000 X112.559 Y107.468
G1 F1500 X122.439 Y117.348 E2635.6532
G0 F9000 X122.439 Y116.782
G1 F1500 X112.559 Y106.902 E2636.30381
G0 F9000 X112.559 Y106.336
G1 F1500 X122.439 Y116.217 E2636.95446
G0 F9000 X122.439 Y115.651
G1 F1500 X112.559 Y105.771 E2637.60507
G0 F9000 X112.559 Y105.205
G1 F1500 X122.439 Y115.085 E2638.25569
G0 F9000 X122.439 Y114.52
G1 F1500 X112.559 Y104.639 E2638.90634
G0 F9000 X112.559 Y104.074
G1 F1500 X122.439 Y113.954 E2639.55695
G0 F9000 X122.439 Y113.388
G1 F1500 X112.559 Y103.508 E2640.20757
G0 F9000 X112.559 Y102.942
G1 F1500 X122.439 Y112.823 E2640.85821
G0 F9000 X122.439 Y112.257
G1 F1500 X112.559 Y102.377 E2641.50883
G0 F9000 X112.559 Y101.811
G1 F1500 X122.439 Y111.691 E2642.15944
G0 F9000 X122.439 Y111.126
G1 F1500 X112.559 Y101.245 E2642.81009
G0 F9000 X112.559 Y100.679
G1 F1500 X122.439 Y110.56 E2643.46074
G0 F9000 X122.439 Y109.994
G1 F1500 X112.559 Y100.114 E2644.11135
G0 F9000 X112.559 Y99.548
G1 F1500 X122.439 Y109.429 E2644.762
G0 F9000 X122.439 Y108.863
G1 F1500 X112.559 Y98.982 E2645.41265
G0 F9000 X112.559 Y98.417
G1 F1500 X122.439 Y108.297 E2646.06326
G0 F9000 X122.439 Y107.731
G1 F1500 X112.559 Y97.851 E2646.71388
G0 F9000 X112.559 Y97.285
G1 F1500 X122.439 Y107.166 E2647.36453
G0 F9000 X122.439 Y106.6
G1 F1500 X112.559 Y96.72 E2648.01514
G0 F9000 X112.559 Y96.154
G1 F1500 X122.439 Y106.034 E2648.66576
G0 F9000 X122.439 Y105.469
G1 F1500 X112.559 Y95.588 E2649.3164
G0 F9000 X112.559 Y95.023
G1 F1500 X122.439 Y104.903 E2649.96702
G0 F9000 X122.439 Y104.337
G1 F1500 X112.559 Y94.457 E2650.61763
G0 F9000 X112.559 Y93.891
G1 F1500 X122.439 Y103.772 E2651.26828
G0 F9000 X122.439 Y103.206
G1 F1500 X112.559 Y93.326 E2651.9189
G0 F9000 X112.559 Y92.76
G1 F1500 X122.439 Y102.64 E2652.56951
G0 F9000 X122.439 Y102.075
G1 F1500 X112.559 Y92.194 E2653.22016
G0 F9000 X112.559 Y91.629
G1 F1500 X122.439 Y101.509 E2653.87077
G0 F9000 X122.439 Y100.943
G1 F1500 X112.559 Y91.063 E2654.52139
G0 F9000 X112.559 Y90.497
G1 F1500 X122.439 Y100.378 E2655.17204
G0 F9000 X122.439 Y99.812
G1 F1500 X112.559 Y89.931 E2655.82268
G0 F9000 X112.559 Y89.366
G1 F1500 X122.439 Y99.246 E2656.4733
G0 F9000 X122.439 Y98.68
G1 F1500 X112.555 Y88.796 E2657.12418
G0 F9000 X112.539 Y88.215
G1 F1500 X122.439 Y98.115 E2657.77611
G0 F9000 X122.439 Y97.549
G1 F1500 X112.524 Y87.634 E2658.42903
G0 F9000 X112.509 Y87.053
G1 F1500 X122.439 Y96.983 E2659.08294
G0 F9000 X122.439 Y96.418
G1 F1500 X112.494 Y86.472 E2659.73787
G0 F9000 X112.479 Y85.892
G1 F1500 X122.439 Y95.852 E2660.39375
G0 F9000 X122.439 Y95.286
G1 F1500 X112.463 Y85.311 E2661.05065
G0 F9000 X112.449 Y84.73
G1 F1500 X122.439 Y94.721 E2661.70854
G0 F9000 X122.439 Y94.155
G1 F1500 X112.433 Y84.149 E2662.36746
G0 F9000 X112.418 Y83.568
G1 F1500 X122.439 Y93.589 E2663.02736
G0 F9000 X122.439 Y93.024
G1 F1500 X112.403 Y82.987 E2663.68828
G0 F9000 X112.388 Y82.406
G1 F1500 X122.439 Y92.458 E2664.35018
G0 F9000 X122.439 Y91.892
G1 F1500 X112.373 Y81.826 E2665.01305
G0 F9000 X112.339 Y81.226
G1 F1500 X122.439 Y91.327 E2665.67818
G0 F9000 X122.439 Y90.761
G1 F1500 X112.291 Y80.613 E2666.34645
G0 F9000 X112.244 Y79.999
G1 F1500 X122.439 Y90.195 E2667.01784
G0 F9000 X122.439 Y89.63
G1 F1500 X112.196 Y79.386 E2667.69239
G0 F9000 X112.148 Y78.773
G1 F1500 X122.439 Y89.064 E2668.37007
G0 F9000 X122.451 Y88.509
G1 F1500 X112.101 Y78.16 E2669.0516
G0 F9000 X112.053 Y77.546
G1 F1500 X122.465 Y87.958 E2669.73725
G0 F9000 X122.479 Y87.406
G1 F1500 X112.005 Y76.933 E2670.42695
G0 F9000 X111.958 Y76.32
G1 F1500 X122.493 Y86.855 E2671.12069
G0 F9000 X122.507 Y86.303
G1 F1500 X111.91 Y75.707 E2671.81849
G0 F9000 X111.862 Y75.093
G1 F1500 X122.521 Y85.752 E2672.52041
G0 F9000 X122.535 Y85.2
G1 F1500 X111.815 Y74.48 E2673.22634
G0 F9000 X111.746 Y73.845
G1 F1500 X122.55 Y84.649 E2673.9378
G0 F9000 X122.564 Y84.098
G1 F1500 X111.662 Y73.196 E2674.65571
G0 F9000 X111.578 Y72.546
G1 F1500 X122.579 Y83.546 E2675.38012
G0 F9000 X122.593 Y82.995
G1 F1500 X111.494 Y71.896 E2676.111
G0 F9000 X111.409 Y71.245
G1 F1500 X122.607 Y82.443 E2676.84841
G0 F9000 X122.621 Y81.892
G1 F1500 X111.325 Y70.596 E2677.59227
G0 F9000 X111.241 Y69.946
G1 F1500 X122.651 Y81.356 E2678.34364
G0 F9000 X122.691 Y80.83
G1 F1500 X111.157 Y69.296 E2679.10317
G0 F9000 X111.073 Y68.646
G1 F1500 X122.732 Y80.306 E2679.87097
G0 F9000 X122.772 Y79.78
G1 F1500 X110.988 Y67.996 E2680.64697
G0 F9000 X110.904 Y67.346
G1 F1500 X122.813 Y79.256 E2681.43123
G0 F9000 X122.854 Y78.73
G1 F1500 X110.803 Y66.68 E2682.22477
G0 F9000 X110.677 Y65.988
G1 F1500 X122.895 Y78.206 E2683.02935
G0 F9000 X122.935 Y77.68
G1 F1500 X110.551 Y65.297 E2683.84483
G0 F9000 X110.425 Y64.604
G1 F1500 X122.976 Y77.155 E2684.67133
G0 F9000 X123.016 Y76.63
G1 F1500 X110.299 Y63.913 E2685.50877
G0 F9000 X110.172 Y63.221
G1 F1500 X123.057 Y76.105 E2686.35723
G0 F9000 X123.098 Y75.58
G1 F1500 X110.047 Y62.529 E2687.21666
G0 F9000 X109.92 Y61.837
G1 F1500 X123.139 Y75.055 E2688.08712
G0 F9000 X123.179 Y74.53
G1 F1500 X109.794 Y61.145 E2688.96855
G0 F9000 X109.668 Y60.454
G1 F1500 X123.231 Y74.016 E2689.86166
G0 F9000 X123.296 Y73.515
G1 F1500 X109.559 Y59.779 E2690.76623
G0 F9000 X109.559 Y59.213
G1 F1500 X123.36 Y73.014 E2691.67505
G0 F9000 X123.425 Y72.513
G1 F1500 X109.559 Y58.648 E2692.58812
G0 F9000 X109.559 Y58.082
G1 F1500 X123.49 Y72.013 E2693.5055
G0 F9000 X123.554 Y71.511
G1 F1500 X109.559 Y57.516 E2694.4271
G0 F9000 X109.559 Y56.951
G1 F1500 X123.619 Y71.011 E2695.35297
G0 F9000 X123.684 Y70.509
G1 F1500 X109.559 Y56.385 E2696.28309
G0 F9000 X109.559 Y55.819
G1 F1500 X123.749 Y70.009 E2697.21753
G0 F9000 X123.814 Y69.508
G1 F1500 X109.559 Y55.254 E2698.15621
G0 F9000 X109.559 Y54.688
G1 F1500 X123.878 Y69.007 E2699.09914
G0 F9000 X123.943 Y68.506
G1 F1500 X109.559 Y54.122 E2700.04635
G0 F9000 X109.559 Y53.556
G1 F1500 X124.008 Y68.005 E2700.99785
G0 F9000 X124.073 Y67.504
G1 F1500 X109.559 Y52.991 E2701.95358
G0 F9000 X109.559 Y52.425
G1 F1500 X124.138 Y67.004 E2702.91364
G0 F9000 X124.223 Y66.523
G1 F1500 X109.559 Y51.859 E2703.87929
G0 F9000 X109.559 Y51.294
G1 F1500 X124.31 Y66.045 E2704.85066
G0 F9000 X124.397 Y65.566
G1 F1500 X109.559 Y50.728 E2705.82777
G0 F9000 X109.559 Y50.162
G1 F1500 X124.485 Y65.088 E2706.81067
G0 F9000 X124.572 Y64.609
G1 F1500 X109.559 Y49.597 E2707.79927
G0 F9000 X109.559 Y49.031
G1 F1500 X124.659 Y64.131 E2708.79363
G0 F9000 X124.746 Y63.652
G1 F1500 X109.559 Y48.465 E2709.79372
G0 F9000 X109.559 Y47.9
G1 F1500 X124.834 Y63.174 E2710.79958
G0 F9000 X124.921 Y62.695
G1 F1500 X109.559 Y47.334 E2711.81116
G0 F9000 X109.559 Y46.768
G1 F1500 X125.007 Y62.216 E2712.82843
G0 F9000 X125.094 Y61.738
G1 F1500 X109.559 Y46.203 E2713.85144
G0 F9000 X109.559 Y45.637
G1 F1500 X125.181 Y61.259 E2714.88018
G0 F9000 X125.269 Y60.781
G1 F1500 X109.559 Y45.071 E2715.91471
G0 F9000 X109.559 Y44.506
G1 F1500 X125.356 Y60.302 E2716.95493
G0 F9000 X125.438 Y59.819
G1 F1500 X109.559 Y43.94 E2718.00059
G0 F9000 X109.559 Y43.374
G1 F1500 X125.438 Y59.253 E2719.04625
G0 F9000 X125.438 Y58.687
G1 F1500 X109.559 Y42.808 E2720.09191
G0 F9000 X109.559 Y42.243
G1 F1500 X125.438 Y58.122 E2721.13757
G0 F9000 X125.438 Y57.556
G1 F1500 X109.559 Y41.677 E2722.18323
G0 F9000 X109.559 Y41.111
G1 F1500 X125.438 Y56.99 E2723.22889
G0 F9000 X125.438 Y56.424
G1 F1500 X109.559 Y40.546 E2724.27451
G0 F9000 X109.559 Y39.98
G1 F1500 X125.438 Y55.859 E2725.32017
G0 F9000 X125.438 Y55.293
G1 F1500 X109.559 Y39.414 E2726.36583
G0 F9000 X109.559 Y38.849
G1 F1500 X125.438 Y54.727 E2727.41146
G0 F9000 X125.438 Y54.162
G1 F1500 X109.559 Y38.283 E2728.45712
G0 F9000 X109.559 Y37.717
G1 F1500 X125.438 Y53.596 E2729.50278
G0 F9000 X125.438 Y53.03
G1 F1500 X109.559 Y37.152 E2730.5484
G0 F9000 X109.559 Y36.586
G1 F1500 X125.438 Y52.465 E2731.59406
G0 F9000 X125.438 Y51.899
G1 F1500 X110.1 Y36.56 E2732.60413
G0 F9000 X110.665 Y36.56
G1 F1500 X125.438 Y51.333 E2733.57696
G0 F9000 X125.438 Y50.768
G1 F1500 X111.231 Y36.56 E2734.51254
G0 F9000 X111.797 Y36.56
G1 F1500 X125.438 Y50.202 E2735.41086
G0 F9000 X125.438 Y49.636
G1 F1500 X112.362 Y36.56 E2736.27194
G0 F9000 X112.928 Y36.56
G1 F1500 X125.438 Y49.071 E2737.09578
G0 F9000 X125.438 Y48.505
G1 F1500 X113.494 Y36.56 E2737.88234
G0 F9000 X114.059 Y36.56
G1 F1500 X125.438 Y47.939 E2738.63167
G0 F9000 X125.438 Y47.374
G1 F1500 X114.625 Y36.56 E2739.34376
G0 F9000 X115.191 Y36.56
G1 F1500 X125.438 Y46.808 E2740.01857
G0 F9000 X125.438 Y46.242
G1 F1500 X115.756 Y36.56 E2740.65615
G0 F9000 X116.322 Y36.56
G1 F1500 X125.438 Y45.676 E2741.25645
G0 F9000 X125.438 Y45.111
G1 F1500 X116.888 Y36.56 E2741.81952
G0 F9000 X117.453 Y36.56
G1 F1500 X125.438 Y44.545 E2742.34534
G0 F9000 X125.438 Y43.979
G1 F1500 X118.019 Y36.56 E2742.8339
G0 F9000 X118.585 Y36.56
G1 F1500 X125.438 Y43.414 E2743.28521
G0 F9000 X125.438 Y42.848
G1 F1500 X119.151 Y36.56 E2743.69925
G0 F9000 X119.716 Y36.56
G1 F1500 X125.438 Y42.282 E2744.07606
G0 F9000 X125.438 Y41.717
G1 F1500 X120.282 Y36.56 E2744.41562
G0 F9000 X120.848 Y36.56
G1 F1500 X125.438 Y41.151 E2744.71791
G0 F9000 X125.438 Y40.585
G1 F1500 X121.413 Y36.56 E2744.98297
G0 F9000 X121.979 Y36.56
G1 F1500 X125.438 Y40.02 E2745.21078
G0 F9000 X125.438 Y39.454
G1 F1500 X122.545 Y36.56 E2745.40132
G0 F9000 X123.11 Y36.56
G1 F1500 X125.438 Y38.888 E2745.55463
G0 F9000 X125.438 Y38.323
G1 F1500 X123.676 Y36.56 E2745.67069
G0 F9000 X124.242 Y36.56
G1 F1500 X125.438 Y37.757 E2745.74948
G0 F9000 X125.438 Y37.191
G1 F1500 X124.807 Y36.56 E2745.79103
G0 F9000 X125.373 Y36.56
G1 F1500 X125.438 Y36.626 E2745.79535
G1 F2700 E2740.79535
;MESH:NONMESH
G0 F300 X125.438 Y36.626 Z6.72
G0 F9000 X125.9 Y36.626
G0 X125.838 Y59.892
G0 X123.917 Y74.337
G0 X123.35 Y81.659
G0 X123.161 Y88.99
G0 X123.161 Y146.01
G0 X123.35 Y153.341
G0 X123.809 Y159.271
G0 X124.701 Y167.971
;TIME_ELAPSED:6812.793581
;LAYER:23
;TYPE:WALL-INNER
;MESH:D638-22 Tensile.STL
G1 F2700 E2745.79535
G1 F1500 X126 Y175.089 E2746.13226
G1 X126 Y175.858 E2746.16807
G1 X126 Y199 E2747.24566
G1 X109 Y199 E2748.03725
G1 X109 Y175.093 E2749.15046
G1 X110.299 Y167.972 E2749.48752
G1 X111.245 Y160.664 E2749.83065
G1 X111.812 Y153.324 E2750.17345
G1 X112 Y146.027 E2750.51334
G1 X112 Y88.973 E2753.17001
G1 X111.81 Y81.625 E2753.51228
G1 X111.246 Y74.345 E2753.85228
G1 X110.299 Y67.028 E2754.19583
G1 X109.001 Y59.911 E2754.5327
G1 X109 Y36 E2755.64609
G1 X126 Y36 E2756.43769
G1 X125.999 Y59.907 E2757.5509
G1 X124.701 Y67.027 E2757.8879
G1 X123.754 Y74.346 E2758.23154
G1 X123.19 Y81.624 E2758.57145
G1 X123 Y88.973 E2758.91377
G1 X123 Y146.027 E2761.57044
G1 X123.188 Y153.323 E2761.91028
G1 X123.754 Y160.654 E2762.25266
G1 X124.701 Y167.971 E2762.59621
G1 F2700 E2757.59621
G0 F9000 X125.839 Y175.105
G0 X125.828 Y198.828
G0 X108.87 Y199.13
G1 F2700 E2762.59621
G0 F9000 X108.6 Y199.4
G1 F1500 X126.4 Y199.4 E2763.42506
G1 X126.4 Y175.858 E2764.52127
G1 X126.4 Y175.053 E2764.55876
G1 X125.094 Y167.894 E2764.89761
G1 X124.156 Y160.654 E2765.23755
G1 X123.589 Y153.343 E2765.57901
G1 X123.4 Y146.017 E2765.92025
G1 X123.4 Y88.983 E2768.57599
G1 X123.589 Y81.655 E2768.91733
G1 X124.156 Y74.346 E2769.25869
G1 X125.094 Y67.104 E2769.59872
G1 X126.399 Y59.943 E2769.93766
G1 X126.4 Y35.6 E2771.07117
G1 X108.6 Y35.6 E2771.90001
G1 X108.601 Y59.947 E2773.03371
G1 X109.906 Y67.105 E2773.37251
G1 X110.847 Y74.376 E2773.7139
G1 X111.411 Y81.656 E2774.05391
G1 X111.6 Y88.983 E2774.3952
G1 X111.6 Y146.017 E2777.05094
G1 X111.411 Y153.345 E2777.39227
G1 X110.844 Y160.654 E2777.73363
G1 X109.906 Y167.896 E2778.07367
G1 X108.6 Y175.057 E2778.41262
G1 X108.6 Y199.4 E2779.54613
G1 F2700 E2774.54613
G0 F9000 X108.87 Y199.13
G0 X125.828 Y198.828
G0 X125.839 Y175.105
G0 X124.797 Y167.931
G1 F2700 E2779.54613
G0 F9000 X125.491 Y167.842
;TYPE:WALL-OUTER
G1 F1500 X126.8 Y175.017 E2779.88574
G1 X126.8 Y175.858 E2779.9249
G1 X126.8 Y199.8 E2781.03974
G1 X108.2 Y199.8 E2781.90583
G1 X108.2 Y175.021 E2783.05965
G1 X109.507 Y167.854 E2783.39888
G1 X110.447 Y160.602 E2783.73939
G1 X111.012 Y153.314 E2784.07976
G1 X111.2 Y146.007 E2784.42012
G1 X111.2 Y88.993 E2787.07493
G1 X111.012 Y81.697 E2787.41478
G1 X110.448 Y74.407 E2787.75524
G1 X109.509 Y67.157 E2788.09565
G1 X108.201 Y59.983 E2788.43521
G1 X108.2 Y35.2 E2789.58921
G1 X126.8 Y35.2 E2790.45531
G1 X126.799 Y59.979 E2791.60912
G1 X125.493 Y67.146 E2791.94834
G1 X124.553 Y74.398 E2792.28885
G1 X123.988 Y81.686 E2792.62923
G1 X123.8 Y88.993 E2792.96959
G1 X123.8 Y146.007 E2795.6244
G1 X123.988 Y153.302 E2795.9642
G1 X124.552 Y160.592 E2796.30466
G1 X125.491 Y167.842 E2796.64507
G0 F9000 X124.797 Y167.931
G0 X124.341 Y168.004
;TYPE:SKIN
G1 F1500 X125.64 Y175.122 E2796.98199
G1 X125.64 Y175.858 E2797.01626
G1 X125.64 Y198.64 E2798.07709
G1 X109.36 Y198.64 E2798.83515
G1 X109.36 Y175.128 E2799.92997
G1 X110.657 Y168.017 E2800.26655
G1 X111.598 Y160.752 E2800.60766
G1 X112.172 Y153.343 E2800.95369
G1 X112.36 Y146.04 E2801.29386
G1 X112.36 Y88.961 E2803.9517
G1 X112.169 Y81.606 E2804.2943
G1 X111.599 Y74.258 E2804.63748
G1 X110.659 Y66.995 E2804.97849
G1 X109.361 Y59.879 E2805.31531
G1 X109.361 Y36.361 E2806.41041
G1 X125.639 Y36.361 E2807.16838
G1 X125.639 Y59.872 E2808.26315
G1 X124.343 Y66.983 E2808.59972
G1 X123.402 Y74.247 E2808.94079
G1 X122.828 Y81.657 E2809.28687
G1 X122.64 Y88.961 E2809.62708
G1 X122.64 Y146.04 E2812.28492
G1 X122.831 Y153.391 E2812.62733
G1 X123.401 Y160.741 E2812.9706
G1 X124.341 Y168.004 E2813.31162
G1 F2700 E2808.31162
G0 F9000 X124.597 Y167.957
G0 X125.839 Y175.105
G0 X125.9 Y198.132
G1 F2700 E2813.31162
G0 F9000 X125.44 Y198.132
G1 F1500 X125.133 Y198.438 E2813.3318
G0 F9000 X124.567 Y198.438
G1 F1500 X125.44 Y197.566 E2813.38926
G0 F9000 X125.44 Y197
G1 F1500 X124.001 Y198.438 E2813.48399
G0 F9000 X123.436 Y198.438
G1 F1500 X125.44 Y196.434 E2813.61595
G0 F9000 X125.44 Y195.869
G1 F1500 X122.87 Y198.438 E2813.78516
G0 F9000 X122.304 Y198.438
G1 F1500 X125.44 Y195.303 E2813.99164
G0 F9000 X125.44 Y194.737
G1 F1500 X121.739 Y198.438 E2814.23536
G0 F9000 X121.173 Y198.438
G1 F1500 X125.44 Y194.172 E2814.51631
G0 F9000 X125.44 Y193.606
G1 F1500 X120.607 Y198.438 E2814.83454
G0 F9000 X120.041 Y198.438
G1 F1500 X125.44 Y193.04 E2815.19004
G0 F9000 X125.44 Y192.475
G1 F1500 X119.476 Y198.438 E2815.58275
G0 F9000 X118.91 Y198.438
G1 F1500 X125.44 Y191.909 E2816.01273
G0 F9000 X125.44 Y191.343
G1 F1500 X118.344 Y198.438 E2816.47998
G0 F9000 X117.779 Y198.438
G1 F1500 X125.44 Y190.778 E2816.98443
G0 F9000 X125.44 Y190.212
G1 F1500 X117.213 Y198.438 E2817.52616
G0 F9000 X116.647 Y198.438
G1 F1500 X125.44 Y189.646 E2818.10516
G0 F9000 X125.44 Y189.081
G1 F1500 X116.082 Y198.438 E2818.72137
G0 F9000 X115.516 Y198.438
G1 F1500 X125.44 Y188.515 E2819.37485
G0 F9000 X125.44 Y187.949
G1 F1500 X114.95 Y198.438 E2820.0656
G0 F9000 X114.385 Y198.438
G1 F1500 X125.44 Y187.384 E2820.79356
G0 F9000 X125.44 Y186.818
G1 F1500 X113.819 Y198.438 E2821.55879
G0 F9000 X113.253 Y198.438
G1 F1500 X125.44 Y186.252 E2822.36129
G0 F9000 X125.44 Y185.686
G1 F1500 X112.688 Y198.438 E2823.20103
G0 F9000 X112.122 Y198.438
G1 F1500 X125.44 Y185.121 E2824.07801
G0 F9000 X125.44 Y184.555
G1 F1500 X111.556 Y198.438 E2824.99226
G0 F9000 X110.991 Y198.438
G1 F1500 X125.44 Y183.989 E2825.94376
G0 F9000 X125.44 Y183.424
G1 F1500 X110.425 Y198.438 E2826.93249
G0 F9000 X109.859 Y198.438
G1 F1500 X125.44 Y182.858 E2827.95849
G0 F9000 X125.44 Y182.292
G1 F1500 X109.559 Y198.173 E2829.00428
G0 F9000 X109.559 Y197.607
G1 F1500 X125.44 Y181.727 E2830.05004
G0 F9000 X125.44 Y181.161
G1 F1500 X109.559 Y197.041 E2831.0958
G0 F9000 X109.559 Y196.475
G1 F1500 X125.44 Y180.595 E2832.14155
G0 F9000 X125.44 Y180.03
G1 F1500 X109.559 Y195.91 E2833.18731
G0 F9000 X109.559 Y195.344
G1 F1500 X125.44 Y179.464 E2834.23307
G0 F9000 X125.44 Y178.898
G1 F1500 X109.559 Y194.778 E2835.27883
G0 F9000 X109.559 Y194.213
G1 F1500 X125.44 Y178.333 E2836.32459
G0 F9000 X125.44 Y177.767
G1 F1500 X109.559 Y193.647 E2837.37034
G0 F9000 X109.559 Y193.081
G1 F1500 X125.44 Y177.201 E2838.4161
G0 F9000 X125.44 Y176.635
G1 F1500 X109.559 Y192.516 E2839.46189
G0 F9000 X109.559 Y191.95
G1 F1500 X125.44 Y176.07 E2840.50765
G0 F9000 X125.44 Y175.504
G1 F1500 X109.559 Y191.384 E2841.55341
G0 F9000 X109.559 Y190.819
G1 F1500 X125.408 Y174.97 E2842.59709
G0 F9000 X125.321 Y174.492
G1 F1500 X109.559 Y190.253 E2843.63501
G0 F9000 X109.559 Y189.687
G1 F1500 X125.234 Y174.013 E2844.66721
G0 F9000 X125.146 Y173.535
G1 F1500 X109.559 Y189.122 E2845.69364
G0 F9000 X109.559 Y188.556
G1 F1500 X125.059 Y173.056 E2846.71434
G0 F9000 X124.971 Y172.578
G1 F1500 X109.559 Y187.99 E2847.72925
G0 F9000 X109.559 Y187.425
G1 F1500 X124.884 Y172.099 E2848.73846
G0 F9000 X124.797 Y171.621
G1 F1500 X109.559 Y186.859 E2849.7419
G0 F9000 X109.559 Y186.293
G1 F1500 X124.71 Y171.143 E2850.73959
G0 F9000 X124.623 Y170.664
G1 F1500 X109.559 Y185.727 E2851.73155
G0 F9000 X109.559 Y185.162
G1 F1500 X124.535 Y170.186 E2852.71774
G0 F9000 X124.448 Y169.707
G1 F1500 X109.559 Y184.596 E2853.69821
G0 F9000 X109.559 Y184.03
G1 F1500 X124.36 Y169.229 E2854.67288
G0 F9000 X124.274 Y168.751
G1 F1500 X109.559 Y183.465 E2855.64186
G0 F9000 X109.559 Y182.899
G1 F1500 X124.186 Y168.273 E2856.60504
G0 F9000 X124.111 Y167.782
G1 F1500 X109.559 Y182.333 E2857.56328
G0 F9000 X109.559 Y181.768
G1 F1500 X124.046 Y167.281 E2858.51727
G0 F9000 X123.981 Y166.781
G1 F1500 X109.559 Y181.202 E2859.46695
G0 F9000 X109.559 Y180.636
G1 F1500 X123.916 Y166.28 E2860.41235
G0 F9000 X123.851 Y165.779
G1 F1500 X109.559 Y180.071 E2861.3535
G0 F9000 X109.559 Y179.505
G1 F1500 X123.786 Y165.278 E2862.29038
G0 F9000 X123.721 Y164.777
G1 F1500 X109.559 Y178.939 E2863.22297
G0 F9000 X109.559 Y178.374
G1 F1500 X123.656 Y164.277 E2864.15128
G0 F9000 X123.591 Y163.776
G1 F1500 X109.559 Y177.808 E2865.07531
G0 F9000 X109.559 Y177.242
G1 F1500 X123.527 Y163.275 E2865.99509
G0 F9000 X123.462 Y162.774
G1 F1500 X109.559 Y176.676 E2866.9106
G0 F9000 X109.559 Y176.111
G1 F1500 X123.397 Y162.273 E2867.82185
G0 F9000 X123.332 Y161.773
G1 F1500 X109.559 Y175.545 E2868.7288
G0 F9000 X109.597 Y174.942
G1 F1500 X123.267 Y161.272 E2869.62899
G0 F9000 X123.202 Y160.771
G1 F1500 X109.723 Y174.25 E2870.5166
G0 F9000 X109.849 Y173.558
G1 F1500 X123.161 Y160.246 E2871.39322
G0 F9000 X123.121 Y159.721
G1 F1500 X109.975 Y172.867 E2872.25891
G0 F9000 X110.102 Y172.174
G1 F1500 X123.08 Y159.196 E2873.11353
G0 F9000 X123.039 Y158.671
G1 F1500 X110.228 Y171.483 E2873.95719
G0 F9000 X110.354 Y170.791
G1 F1500 X122.999 Y158.146 E2874.78989
G0 F9000 X122.958 Y157.621
G1 F1500 X110.48 Y170.099 E2875.61158
G0 F9000 X110.607 Y169.407
G1 F1500 X122.917 Y157.096 E2876.42225
G0 F9000 X122.876 Y156.571
G1 F1500 X110.732 Y168.715 E2877.22195
G0 F9000 X110.858 Y168.024
G1 F1500 X122.835 Y156.047 E2878.01066
G0 F9000 X122.795 Y155.521
G1 F1500 X110.942 Y167.374 E2878.7912
G0 F9000 X111.026 Y166.725
G1 F1500 X122.754 Y154.997 E2879.56351
G0 F9000 X122.713 Y154.472
G1 F1500 X111.11 Y166.075 E2880.32759
G0 F9000 X111.194 Y165.425
G1 F1500 X122.673 Y153.947 E2881.08347
G0 F9000 X122.632 Y153.422
G1 F1500 X111.278 Y164.775 E2881.83111
G0 F9000 X111.362 Y164.126
G1 F1500 X122.617 Y152.871 E2882.57227
G0 F9000 X122.603 Y152.319
G1 F1500 X111.446 Y163.476 E2883.30698
G0 F9000 X111.53 Y162.826
G1 F1500 X122.588 Y151.768 E2884.03517
G0 F9000 X122.574 Y151.217
G1 F1500 X111.614 Y162.177 E2884.7569
G0 F9000 X111.698 Y161.527
G1 F1500 X122.559 Y150.666 E2885.47212
G0 F9000 X122.545 Y150.114
G1 F1500 X111.782 Y160.878 E2886.18091
G0 F9000 X111.836 Y160.257
G1 F1500 X122.53 Y149.563 E2886.88513
G0 F9000 X122.516 Y149.012
G1 F1500 X111.884 Y159.644 E2887.58527
G0 F9000 X111.931 Y159.031
G1 F1500 X122.502 Y148.46 E2888.28139
G0 F9000 X122.487 Y147.909
G1 F1500 X111.978 Y158.418 E2888.97342
G0 F9000 X112.026 Y157.805
G1 F1500 X122.473 Y147.358 E2889.66137
G0 F9000 X122.459 Y146.806
G1 F1500 X112.074 Y157.191 E2890.34524
G0 F9000 X112.121 Y156.578
G1 F1500 X122.444 Y146.255 E2891.02503
G0 F9000 X122.439 Y145.695
G1 F1500 X112.169 Y155.965 E2891.70133
G0 F9000 X112.216 Y155.352
G1 F1500 X122.439 Y145.13 E2892.3745
G0 F9000 X122.439 Y144.564
G1 F1500 X112.263 Y154.739 E2893.04457
G0 F9000 X112.311 Y154.126
G1 F1500 X122.439 Y143.998 E2893.71152
G0 F9000 X122.439 Y143.433
G1 F1500 X112.358 Y153.513 E2894.37534
G0 F9000 X112.383 Y152.923
G1 F1500 X122.439 Y142.867 E2895.03754
G0 F9000 X122.439 Y142.301
G1 F1500 X112.398 Y152.342 E2895.69876
G0 F9000 X112.413 Y151.762
G1 F1500 X122.439 Y141.736 E2896.35899
G0 F9000 X122.439 Y141.17
G1 F1500 X112.427 Y151.181 E2897.01826
G0 F9000 X112.442 Y150.601
G1 F1500 X122.439 Y140.604 E2897.67658
G0 F9000 X122.439 Y140.038
G1 F1500 X112.457 Y150.02 E2898.33391
G0 F9000 X112.473 Y149.439
G1 F1500 X122.439 Y139.473 E2898.99019
G0 F9000 X122.439 Y138.907
G1 F1500 X112.487 Y148.858 E2899.64551
G0 F9000 X112.502 Y148.278
G1 F1500 X122.439 Y138.341 E2900.29988
G0 F9000 X122.439 Y137.776
G1 F1500 X112.517 Y147.697 E2900.95323
G0 F9000 X112.532 Y147.117
G1 F1500 X122.439 Y137.21 E2901.60562
G0 F9000 X122.439 Y136.644
G1 F1500 X112.548 Y146.535 E2902.25696
G0 F9000 X112.56 Y145.958
G1 F1500 X122.439 Y136.079 E2902.90751
G0 F9000 X122.439 Y135.513
G1 F1500 X112.56 Y145.392 E2903.55806
G0 F9000 X112.56 Y144.826
G1 F1500 X122.439 Y134.947 E2904.20861
G0 F9000 X122.439 Y134.382
G1 F1500 X112.56 Y144.261 E2904.85916
G0 F9000 X112.56 Y143.695
G1 F1500 X122.439 Y133.816 E2905.50971
G0 F9000 X122.439 Y133.25
G1 F1500 X112.56 Y143.129 E2906.16026
G0 F9000 X112.56 Y142.564
G1 F1500 X122.439 Y132.685 E2906.81081
G0 F9000 X122.439 Y132.119
G1 F1500 X112.56 Y141.998 E2907.46135
G0 F9000 X112.56 Y141.432
G1 F1500 X122.439 Y131.553 E2908.1119
G0 F9000 X122.439 Y130.987
G1 F1500 X112.56 Y140.866 E2908.76245
G0 F9000 X112.56 Y140.301
G1 F1500 X122.439 Y130.422 E2909.413
G0 F9000 X122.439 Y129.856
G1 F1500 X112.56 Y139.735 E2910.06355
G0 F9000 X112.56 Y139.169
G1 F1500 X122.439 Y129.29 E2910.7141
G0 F9000 X122.439 Y128.725
G1 F1500 X112.56 Y138.604 E2911.36465
G0 F9000 X112.56 Y138.038
G1 F1500 X122.439 Y128.159 E2912.0152
G0 F9000 X122.439 Y127.593
G1 F1500 X112.56 Y137.472 E2912.66575
G0 F9000 X112.56 Y136.907
G1 F1500 X122.439 Y127.028 E2913.3163
G0 F9000 X122.439 Y126.462
G1 F1500 X112.56 Y136.341 E2913.96684
G0 F9000 X112.56 Y135.775
G1 F1500 X122.439 Y125.896 E2914.61739
G0 F9000 X122.439 Y125.331
G1 F1500 X112.56 Y135.21 E2915.26794
G0 F9000 X112.56 Y134.644
G1 F1500 X122.439 Y124.765 E2915.91849
G0 F9000 X122.439 Y124.199
G1 F1500 X112.56 Y134.078 E2916.56904
G0 F9000 X112.56 Y133.513
G1 F1500 X122.439 Y123.634 E2917.21959
G0 F9000 X122.439 Y123.068
G1 F1500 X112.56 Y132.947 E2917.87014
G0 F9000 X112.56 Y132.381
G1 F1500 X122.439 Y122.502 E2918.52069
G0 F9000 X122.439 Y121.937
G1 F1500 X112.56 Y131.816 E2919.17124
G0 F9000 X112.56 Y131.25
G1 F1500 X122.439 Y121.371 E2919.82179
G0 F9000 X122.439 Y120.805
G1 F1500 X112.56 Y130.684 E2920.47233
G0 F9000 X112.56 Y130.118
G1 F1500 X122.439 Y120.239 E2921.12288
G0 F9000 X122.439 Y119.674
G1 F1500 X112.56 Y129.553 E2921.77343
G0 F9000 X112.56 Y128.987
G1 F1500 X122.439 Y119.108 E2922.42398
G0 F9000 X122.439 Y118.542
G1 F1500 X112.56 Y128.421 E2923.07453
G0 F9000 X112.56 Y127.856
G1 F1500 X122.439 Y117.977 E2923.72508
G0 F9000 X122.439 Y117.411
G1 F1500 X112.56 Y127.29 E2924.37563
G0 F9000 X112.56 Y126.724
G1 F1500 X122.439 Y116.845 E2925.02618
G0 F9000 X122.439 Y116.28
G1 F1500 X112.56 Y126.159 E2925.67673
G0 F9000 X112.56 Y125.593
G1 F1500 X122.439 Y115.714 E2926.32728
G0 F9000 X122.439 Y115.148
G1 F1500 X112.56 Y125.027 E2926.97783
G0 F9000 X112.56 Y124.462
G1 F1500 X122.439 Y114.583 E2927.62837
G0 F9000 X122.439 Y114.017
G1 F1500 X112.56 Y123.896 E2928.27892
G0 F9000 X112.56 Y123.33
G1 F1500 X122.439 Y113.451 E2928.92947
G0 F9000 X122.439 Y112.886
G1 F1500 X112.56 Y122.765 E2929.58002
G0 F9000 X112.56 Y122.199
G1 F1500 X122.439 Y112.32 E2930.23057
G0 F9000 X122.439 Y111.754
G1 F1500 X112.56 Y121.633 E2930.88112
G0 F9000 X112.56 Y121.067
G1 F1500 X122.439 Y111.189 E2931.53164
G0 F9000 X122.439 Y110.623
G1 F1500 X112.56 Y120.502 E2932.18218
G0 F9000 X112.56 Y119.936
G1 F1500 X122.439 Y110.057 E2932.83273
G0 F9000 X122.439 Y109.491
G1 F1500 X112.56 Y119.37 E2933.48328
G0 F9000 X112.56 Y118.805
G1 F1500 X122.439 Y108.926 E2934.13383
G0 F9000 X122.439 Y108.36
G1 F1500 X112.56 Y118.239 E2934.78438
G0 F9000 X112.56 Y117.673
G1 F1500 X122.439 Y107.794 E2935.43493
G0 F9000 X122.439 Y107.229
G1 F1500 X112.56 Y117.108 E2936.08548
G0 F9000 X112.56 Y116.542
G1 F1500 X122.439 Y106.663 E2936.73603
G0 F9000 X122.439 Y106.097
G1 F1500 X112.56 Y115.976 E2937.38658
G0 F9000 X112.56 Y115.411
G1 F1500 X122.439 Y105.532 E2938.03713
G0 F9000 X122.439 Y104.966
G1 F1500 X112.56 Y114.845 E2938.68767
G0 F9000 X112.56 Y114.279
G1 F1500 X122.439 Y104.4 E2939.33822
G0 F9000 X122.439 Y103.835
G1 F1500 X112.56 Y113.714 E2939.98877
G0 F9000 X112.56 Y113.148
G1 F1500 X122.439 Y103.269 E2940.63932
G0 F9000 X122.439 Y102.703
G1 F1500 X112.56 Y112.582 E2941.28987
G0 F9000 X112.56 Y112.017
G1 F1500 X122.439 Y102.138 E2941.94042
G0 F9000 X122.439 Y101.572
G1 F1500 X112.56 Y111.451 E2942.59097
G0 F9000 X112.56 Y110.885
G1 F1500 X122.439 Y101.006 E2943.24152
G0 F9000 X122.439 Y100.44
G1 F1500 X112.56 Y110.319 E2943.89207
G0 F9000 X112.56 Y109.754
G1 F1500 X122.439 Y99.875 E2944.54262
G0 F9000 X122.439 Y99.309
G1 F1500 X112.56 Y109.188 E2945.19316
G0 F9000 X112.56 Y108.622
G1 F1500 X122.439 Y98.743 E2945.84371
G0 F9000 X122.439 Y98.178
G1 F1500 X112.56 Y108.057 E2946.49426
G0 F9000 X112.56 Y107.491
G1 F1500 X122.439 Y97.612 E2947.14481
G0 F9000 X122.439 Y97.046
G1 F1500 X112.56 Y106.925 E2947.79536
G0 F9000 X112.56 Y106.36
G1 F1500 X122.439 Y96.481 E2948.44591
G0 F9000 X122.439 Y95.915
G1 F1500 X112.56 Y105.794 E2949.09646
G0 F9000 X112.56 Y105.228
G1 F1500 X122.439 Y95.349 E2949.74701
G0 F9000 X122.439 Y94.784
G1 F1500 X112.56 Y104.663 E2950.39756
G0 F9000 X112.56 Y104.097
G1 F1500 X122.439 Y94.218 E2951.04811
G0 F9000 X122.439 Y93.652
G1 F1500 X112.56 Y103.531 E2951.69865
G0 F9000 X112.56 Y102.966
G1 F1500 X122.439 Y93.087 E2952.3492
G0 F9000 X122.439 Y92.521
G1 F1500 X112.56 Y102.4 E2952.99975
G0 F9000 X112.56 Y101.834
G1 F1500 X122.439 Y91.955 E2953.6503
G0 F9000 X122.439 Y91.39
G1 F1500 X112.56 Y101.269 E2954.30085
G0 F9000 X112.56 Y100.703
G1 F1500 X122.439 Y90.824 E2954.9514
G0 F9000 X122.439 Y90.258
G1 F1500 X112.56 Y100.137 E2955.60195
G0 F9000 X112.56 Y99.571
G1 F1500 X122.439 Y89.692 E2956.2525
G0 F9000 X122.439 Y89.127
G1 F1500 X112.56 Y99.006 E2956.90305
G0 F9000 X112.56 Y98.44
G1 F1500 X122.448 Y88.551 E2957.55422
G0 F9000 X122.463 Y87.971
G1 F1500 X112.56 Y97.874 E2958.20635
G0 F9000 X112.56 Y97.309
G1 F1500 X122.479 Y87.389 E2958.85957
G0 F9000 X122.494 Y86.809
G1 F1500 X112.56 Y96.743 E2959.51374
G0 F9000 X112.56 Y96.177
G1 F1500 X122.509 Y86.228 E2960.1689
G0 F9000 X122.523 Y85.648
G1 F1500 X112.56 Y95.612 E2960.82501
G0 F9000 X112.56 Y95.046
G1 F1500 X122.538 Y85.067 E2961.48211
G0 F9000 X122.553 Y84.487
G1 F1500 X112.56 Y94.48 E2962.14017
G0 F9000 X112.56 Y93.915
G1 F1500 X122.569 Y83.905 E2962.79931
G0 F9000 X122.584 Y83.325
G1 F1500 X112.56 Y93.349 E2963.45941
G0 F9000 X112.56 Y92.783
G1 F1500 X122.598 Y82.744 E2964.12046
G0 F9000 X122.613 Y82.164
G1 F1500 X112.56 Y92.218 E2964.7825
G0 F9000 X112.56 Y91.652
G1 F1500 X122.633 Y81.578 E2965.44586
G0 F9000 X122.68 Y80.965
G1 F1500 X112.56 Y91.086 E2966.11231
G0 F9000 X112.56 Y90.52
G1 F1500 X122.728 Y80.352 E2966.78189
G0 F9000 X122.775 Y79.739
G1 F1500 X112.56 Y89.955 E2967.4546
G0 F9000 X112.56 Y89.389
G1 F1500 X122.823 Y79.126 E2968.13043
G0 F9000 X122.87 Y78.513
G1 F1500 X112.556 Y88.827 E2968.80963
G0 F9000 X112.541 Y88.276
G1 F1500 X122.917 Y77.9 E2969.49291
G0 F9000 X122.965 Y77.287
G1 F1500 X112.527 Y87.725 E2970.18027
G0 F9000 X112.513 Y87.173
G1 F1500 X123.012 Y76.674 E2970.87164
G0 F9000 X123.06 Y76.06
G1 F1500 X112.498 Y86.622 E2971.56717
G0 F9000 X112.484 Y86.071
G1 F1500 X123.107 Y75.447 E2972.26674
G0 F9000 X123.155 Y74.834
G1 F1500 X112.47 Y85.519 E2972.97037
G0 F9000 X112.455 Y84.968
G1 F1500 X123.204 Y74.22 E2973.67818
G0 F9000 X123.288 Y73.57
G1 F1500 X112.441 Y84.417 E2974.39247
G0 F9000 X112.427 Y83.865
G1 F1500 X123.371 Y72.921 E2975.11315
G0 F9000 X123.455 Y72.271
G1 F1500 X112.412 Y83.314 E2975.84035
G0 F9000 X112.398 Y82.763
G1 F1500 X123.54 Y71.621 E2976.57407
G0 F9000 X123.624 Y70.971
G1 F1500 X112.384 Y82.211 E2977.31424
G0 F9000 X112.369 Y81.66
G1 F1500 X123.708 Y70.321 E2978.06094
G0 F9000 X123.792 Y69.671
G1 F1500 X112.332 Y81.132 E2978.81563
G0 F9000 X112.292 Y80.606
G1 F1500 X123.876 Y69.022 E2979.57846
G0 F9000 X123.96 Y68.372
G1 F1500 X112.251 Y80.081 E2980.34951
G0 F9000 X112.21 Y79.557
G1 F1500 X124.044 Y67.723 E2981.1288
G0 F9000 X124.128 Y67.073
G1 F1500 X112.169 Y79.031 E2981.91629
G0 F9000 X112.128 Y78.507
G1 F1500 X124.247 Y66.388 E2982.71435
G0 F9000 X124.373 Y65.696
G1 F1500 X112.088 Y77.981 E2983.52334
G0 F9000 X112.047 Y77.457
G1 F1500 X124.499 Y65.005 E2984.34332
G0 F9000 X124.625 Y64.313
G1 F1500 X112.006 Y76.932 E2985.1743
G0 F9000 X111.966 Y76.407
G1 F1500 X124.751 Y63.621 E2986.01625
G0 F9000 X124.877 Y62.93
G1 F1500 X111.925 Y75.882 E2986.86916
G0 F9000 X111.884 Y75.357
G1 F1500 X125.003 Y62.238 E2987.73307
G0 F9000 X125.129 Y61.546
G1 F1500 X111.843 Y74.832 E2988.60798
G0 F9000 X111.802 Y74.307
G1 F1500 X125.255 Y60.855 E2989.49385
G0 F9000 X125.381 Y60.163
G1 F1500 X111.741 Y73.802 E2990.39203
G0 F9000 X111.676 Y73.302
G1 F1500 X125.437 Y59.541 E2991.29822
G0 F9000 X125.437 Y58.975
G1 F1500 X111.611 Y72.801 E2992.20868
G0 F9000 X111.547 Y72.3
G1 F1500 X125.437 Y58.409 E2993.1234
G0 F9000 X125.437 Y57.844
G1 F1500 X111.482 Y71.799 E2994.04236
G0 F9000 X111.417 Y71.298
G1 F1500 X125.437 Y57.278 E2994.9656
G0 F9000 X125.437 Y56.712
G1 F1500 X111.352 Y70.798 E2995.89315
G0 F9000 X111.287 Y70.297
G1 F1500 X125.437 Y56.147 E2996.82495
G0 F9000 X125.437 Y55.581
G1 F1500 X111.222 Y69.796 E2997.76104
G0 F9000 X111.157 Y69.295
G1 F1500 X125.437 Y55.015 E2998.7014
G0 F9000 X125.437 Y54.45
G1 F1500 X111.092 Y68.795 E2999.64604
G0 F9000 X111.027 Y68.294
G1 F1500 X125.437 Y53.884 E3000.59496
G0 F9000 X125.437 Y53.318
G1 F1500 X110.962 Y67.793 E3001.54817
G0 F9000 X110.898 Y67.292
G1 F1500 X125.437 Y52.752 E3002.50562
G0 F9000 X125.437 Y52.187
G1 F1500 X110.826 Y66.798 E3003.46778
G0 F9000 X110.739 Y66.32
G1 F1500 X125.437 Y51.621 E3004.4357
G0 F9000 X125.437 Y51.055
G1 F1500 X110.651 Y65.842 E3005.40942
G0 F9000 X110.564 Y65.363
G1 F1500 X125.437 Y50.49 E3006.38883
G0 F9000 X125.437 Y49.924
G1 F1500 X110.476 Y64.885 E3007.37403
G0 F9000 X110.389 Y64.406
G1 F1500 X125.437 Y49.358 E3008.36497
G0 F9000 X125.437 Y48.793
G1 F1500 X110.303 Y63.928 E3009.3616
G0 F9000 X110.215 Y63.45
G1 F1500 X125.437 Y48.227 E3010.36403
G0 F9000 X125.437 Y47.661
G1 F1500 X110.128 Y62.971 E3011.37219
G0 F9000 X110.04 Y62.493
G1 F1500 X125.437 Y47.096 E3012.38611
G0 F9000 X125.437 Y46.53
G1 F1500 X109.953 Y62.014 E3013.40576
G0 F9000 X109.866 Y61.535
G1 F1500 X125.437 Y45.964 E3014.43113
G0 F9000 X125.437 Y45.399
G1 F1500 X109.779 Y61.057 E3015.46224
G0 F9000 X109.692 Y60.579
G1 F1500 X125.437 Y44.833 E3016.49911
G0 F9000 X125.437 Y44.267
G1 F1500 X109.605 Y60.1 E3017.5417
G0 F9000 X109.56 Y59.579
G1 F1500 X125.437 Y43.702 E3018.58723
G0 F9000 X125.437 Y43.136
G1 F1500 X109.56 Y59.013 E3019.63276
G0 F9000 X109.56 Y58.448
G1 F1500 X125.437 Y42.57 E3020.67832
G0 F9000 X125.437 Y42.004
G1 F1500 X109.56 Y57.882 E3021.72388
G0 F9000 X109.56 Y57.316
G1 F1500 X125.437 Y41.439 E3022.76941
G0 F9000 X125.437 Y40.873
G1 F1500 X109.56 Y56.75 E3023.81493
G0 F9000 X109.56 Y56.185
G1 F1500 X125.437 Y40.307 E3024.86049
G0 F9000 X125.437 Y39.742
G1 F1500 X109.56 Y55.619 E3025.90602
G0 F9000 X109.56 Y55.053
G1 F1500 X125.437 Y39.176 E3026.95155
G0 F9000 X125.437 Y38.61
G1 F1500 X109.56 Y54.488 E3027.99711
G0 F9000 X109.56 Y53.922
G1 F1500 X125.437 Y38.045 E3029.04264
G0 F9000 X125.437 Y37.479
G1 F1500 X109.56 Y53.356 E3030.08817
G0 F9000 X109.56 Y52.791
G1 F1500 X125.437 Y36.913 E3031.13373
G0 F9000 X125.225 Y36.56
G1 F1500 X109.56 Y52.225 E3032.16529
G0 F9000 X109.56 Y51.659
G1 F1500 X124.659 Y36.56 E3033.15959
G0 F9000 X124.093 Y36.56
G1 F1500 X109.56 Y51.094 E3034.11664
G0 F9000 X109.56 Y50.528
G1 F1500 X123.528 Y36.56 E3035.03646
G0 F9000 X122.962 Y36.56
G1 F1500 X109.56 Y49.962 E3035.91901
G0 F9000 X109.56 Y49.397
G1 F1500 X122.396 Y36.56 E3036.76431
G0 F9000 X121.83 Y36.56
G1 F1500 X109.56 Y48.831 E3037.57234
G0 F9000 X109.56 Y48.265
G1 F1500 X121.265 Y36.56 E3038.34314
G0 F9000 X120.699 Y36.56
G1 F1500 X109.56 Y47.7 E3039.07669
G0 F9000 X109.56 Y47.134
G1 F1500 X120.133 Y36.56 E3039.77298
G0 F9000 X119.568 Y36.56
G1 F1500 X109.56 Y46.568 E3040.43202
G0 F9000 X109.56 Y46.002
G1 F1500 X119.002 Y36.56 E3041.05379
G0 F9000 X118.436 Y36.56
G1 F1500 X109.56 Y45.437 E3041.63832
G0 F9000 X109.56 Y44.871
G1 F1500 X117.871 Y36.56 E3042.18562
G0 F9000 X117.305 Y36.56
G1 F1500 X109.56 Y44.305 E3042.69564
G0 F9000 X109.56 Y43.74
G1 F1500 X116.739 Y36.56 E3043.16842
G0 F9000 X116.174 Y36.56
G1 F1500 X109.56 Y43.174 E3043.60397
G0 F9000 X109.56 Y42.608
G1 F1500 X115.608 Y36.56 E3044.00224
G0 F9000 X115.042 Y36.56
G1 F1500 X109.56 Y42.043 E3044.36327
G0 F9000 X109.56 Y41.477
G1 F1500 X114.477 Y36.56 E3044.68706
G0 F9000 X113.911 Y36.56
G1 F1500 X109.56 Y40.911 E3044.97358
G0 F9000 X109.56 Y40.346
G1 F1500 X113.345 Y36.56 E3045.22286
G0 F9000 X112.779 Y36.56
G1 F1500 X109.56 Y39.78 E3045.43487
G0 F9000 X109.56 Y39.214
G1 F1500 X112.214 Y36.56 E3045.60964
G0 F9000 X111.648 Y36.56
G1 F1500 X109.56 Y38.649 E3045.74717
G0 F9000 X109.56 Y38.083
G1 F1500 X111.082 Y36.56 E3045.84743
G0 F9000 X110.517 Y36.56
G1 F1500 X109.56 Y37.517 E3045.91045
G0 F9000 X109.56 Y36.951
G1 F1500 X109.951 Y36.56 E3045.9362
G1 F2700 E3040.9362
;MESH:NONMESH
G0 F300 X109.951 Y36.56 Z7
G0 F9000 X109.951 Y36.1
G0 X109.172 Y36.172
G0 X109.162 Y59.896
G0 X111.083 Y74.337
G0 X111.65 Y81.659
G0 X111.839 Y88.99
G0 X111.839 Y146.01
G0 X111.65 Y153.341
G0 X111.083 Y160.663
G0 X110.14 Y167.947
G0 X109.149 Y173.192
G0 X109 Y199
;TIME_ELAPSED:7101.958711
;LAYER:24
;TYPE:WALL-INNER
;MESH:D638-22 Tensile.STL
G1 F2700 E3045.9362
G1 F1500 X126 Y199 E3046.72779
G1 X126 Y175.858 E3047.80538
G1 X126 Y175.089 E3047.84119
G1 X124.701 Y167.971 E3048.17811
G1 X123.754 Y160.654 E3048.52166
G1 X123.188 Y153.323 E3048.86404
G1 X123 Y146.027 E3049.20388
G1 X123 Y88.973 E3051.86056
G1 X123.19 Y81.624 E3052.20287
G1 X123.754 Y74.346 E3052.54278
G1 X124.701 Y67.027 E3052.88643
G1 X125.999 Y59.907 E3053.22343
G1 X126 Y36 E3054.33664
G1 X109 Y36 E3055.12823
G1 X109.001 Y59.911 E3056.24162
G1 X110.299 Y67.028 E3056.57849
G1 X111.246 Y74.345 E3056.92204
G1 X111.81 Y81.625 E3057.26204
G1 X112 Y88.973 E3057.60431
G1 X112 Y146.027 E3060.26098
G1 X111.812 Y153.324 E3060.60088
G1 X111.245 Y160.664 E3060.94367
G1 X110.299 Y167.972 E3061.28681
G1 X109 Y175.093 E3061.62386
G1 X109 Y199 E3062.73707
G1 F2700 E3057.73707
G0 F9000 X125.828 Y198.828
G0 X125.839 Y175.105
G0 X124.797 Y167.931
G1 F2700 E3062.73707
G0 F9000 X125.094 Y167.894
G1 F1500 X126.4 Y175.053 E3063.07593
G1 X126.4 Y175.858 E3063.11341
G1 X126.4 Y199.4 E3064.20962
G1 X108.6 Y199.4 E3065.03847
G1 X108.6 Y175.057 E3066.17198
G1 X109.906 Y167.896 E3066.51092
G1 X110.844 Y160.654 E3066.85096
G1 X111.411 Y153.345 E3067.19232
G1 X111.6 Y146.017 E3067.53366
G1 X111.6 Y88.983 E3070.1894
G1 X111.411 Y81.656 E3070.53069
G1 X110.847 Y74.376 E3070.87069
G1 X109.906 Y67.105 E3071.21208
G1 X108.601 Y59.947 E3071.55088
G1 X108.6 Y35.6 E3072.68458
G1 X126.4 Y35.6 E3073.51342
G1 X126.399 Y59.943 E3074.64693
G1 X125.094 Y67.104 E3074.98587
G1 X124.156 Y74.346 E3075.32591
G1 X123.589 Y81.655 E3075.66727
G1 X123.4 Y88.983 E3076.0086
G1 X123.4 Y146.017 E3078.66435
G1 X123.589 Y153.343 E3079.00559
G1 X124.156 Y160.654 E3079.34704
G1 X125.094 Y167.894 E3079.68698
G1 F2700 E3074.68698
G0 F9000 X124.797 Y167.931
G0 X126.198 Y175.072
G0 X126.082 Y199.082
G0 X108.47 Y199.53
G1 F2700 E3079.68698
G0 F9000 X108.2 Y199.8
;TYPE:WALL-OUTER
G1 F1500 X126.8 Y199.8 E3080.55308
G1 X126.8 Y175.858 E3081.66792
G1 X126.8 Y175.017 E3081.70708
G1 X125.491 Y167.842 E3082.04669
G1 X124.552 Y160.592 E3082.3871
G1 X123.988 Y153.302 E3082.72757
G1 X123.8 Y146.007 E3083.06737
G1 X123.8 Y88.993 E3085.72218
G1 X123.988 Y81.686 E3086.06253
G1 X124.553 Y74.398 E3086.40291
G1 X125.493 Y67.146 E3086.74342
G1 X126.799 Y59.979 E3087.08264
G1 X126.8 Y35.2 E3088.23646
G1 X108.2 Y35.2 E3089.10255
G1 X108.201 Y59.983 E3090.25655
G1 X109.509 Y67.157 E3090.59611
G1 X110.448 Y74.407 E3090.93652
G1 X111.012 Y81.697 E3091.27699
G1 X111.2 Y88.993 E3091.61683
G1 X111.2 Y146.007 E3094.27164
G1 X111.012 Y153.314 E3094.612
G1 X110.447 Y160.602 E3094.95238
G1 X109.507 Y167.854 E3095.29289
G1 X108.2 Y175.021 E3095.63211
G1 X108.2 Y199.8 E3096.78593
G0 F9000 X108.47 Y199.53
G0 X109.1 Y198.64
G0 X109.36 Y198.64
;TYPE:SKIN
G1 F1500 X125.64 Y198.64 E3097.54399
G1 X125.64 Y175.858 E3098.60482
G1 X125.64 Y175.122 E3098.63909
G1 X124.341 Y168.004 E3098.97601
G1 X123.401 Y160.741 E3099.31702
G1 X122.831 Y153.391 E3099.6603
G1 X122.64 Y146.04 E3100.00271
G1 X122.64 Y88.961 E3102.66055
G1 X122.828 Y81.657 E3103.00076
G1 X123.402 Y74.247 E3103.34684
G1 X124.343 Y66.983 E3103.68791
G1 X125.639 Y59.872 E3104.02448
G1 X125.639 Y36.361 E3105.11925
G1 X109.361 Y36.361 E3105.87722
G1 X109.361 Y59.879 E3106.97232
G1 X110.659 Y66.995 E3107.30913
G1 X111.599 Y74.258 E3107.65015
G1 X112.169 Y81.606 E3107.99333
G1 X112.36 Y88.961 E3108.33593
G1 X112.36 Y146.04 E3110.99377
G1 X112.172 Y153.343 E3111.33394
G1 X111.598 Y160.752 E3111.67996
G1 X110.657 Y168.017 E3112.02108
G1 X109.36 Y175.128 E3112.35766
G1 X109.36 Y198.64 E3113.45248
G0 F9000 X109.559 Y198.372
G1 F1500 X109.626 Y198.438 E3113.45686
G0 F9000 X110.191 Y198.438
G1 F1500 X109.559 Y197.806 E3113.49847
G0 F9000 X109.559 Y197.241
G1 F1500 X110.757 Y198.438 E3113.57733
G0 F9000 X111.323 Y198.438
G1 F1500 X109.559 Y196.675 E3113.69346
G0 F9000 X109.559 Y196.109
G1 F1500 X111.889 Y198.438 E3113.84686
G0 F9000 X112.454 Y198.438
G1 F1500 X109.559 Y195.544 E3114.03747
G0 F9000 X109.559 Y194.978
G1 F1500 X113.02 Y198.438 E3114.26535
G0 F9000 X113.586 Y198.438
G1 F1500 X109.559 Y194.412 E3114.5305
G0 F9000 X109.559 Y193.846
G1 F1500 X114.151 Y198.438 E3114.83289
G0 F9000 X114.717 Y198.438
G1 F1500 X109.559 Y193.281 E3115.17252
G0 F9000 X109.559 Y192.715
G1 F1500 X115.283 Y198.438 E3115.54943
G0 F9000 X115.848 Y198.438
G1 F1500 X109.559 Y192.149 E3115.96357
G0 F9000 X109.559 Y191.584
G1 F1500 X116.414 Y198.438 E3116.41495
G0 F9000 X116.98 Y198.438
G1 F1500 X109.559 Y191.018 E3116.9036
G0 F9000 X109.559 Y190.452
G1 F1500 X117.545 Y198.438 E3117.42949
G0 F9000 X118.111 Y198.438
G1 F1500 X109.559 Y189.887 E3117.99262
G0 F9000 X109.559 Y189.321
G1 F1500 X118.677 Y198.438 E3118.59303
G0 F9000 X119.242 Y198.438
G1 F1500 X109.559 Y188.755 E3119.23067
G0 F9000 X109.559 Y188.19
G1 F1500 X119.808 Y198.438 E3119.90555
G0 F9000 X120.374 Y198.438
G1 F1500 X109.559 Y187.624 E3120.6177
G0 F9000 X109.559 Y187.058
G1 F1500 X120.94 Y198.438 E3121.36713
G0 F9000 X121.505 Y198.438
G1 F1500 X109.559 Y186.493 E3122.15376
G0 F9000 X109.559 Y185.927
G1 F1500 X122.071 Y198.438 E3122.97766
G0 F9000 X122.637 Y198.438
G1 F1500 X109.559 Y185.361 E3123.83884
G0 F9000 X109.559 Y184.795
G1 F1500 X123.202 Y198.438 E3124.73725
G0 F9000 X123.768 Y198.438
G1 F1500 X109.559 Y184.23 E3125.67291
G0 F9000 X109.559 Y183.664
G1 F1500 X124.334 Y198.438 E3126.64583
G0 F9000 X124.899 Y198.438
G1 F1500 X109.559 Y183.098 E3127.656
G0 F9000 X109.559 Y182.533
G1 F1500 X125.44 Y198.413 E3128.70176
G0 F9000 X125.44 Y197.847
G1 F1500 X109.559 Y181.967 E3129.74751
G0 F9000 X109.559 Y181.401
G1 F1500 X125.44 Y197.282 E3130.79331
G0 F9000 X125.44 Y196.716
G1 F1500 X109.559 Y180.836 E3131.83906
G0 F9000 X109.559 Y180.27
G1 F1500 X125.44 Y196.15 E3132.88482
G0 F9000 X125.44 Y195.585
G1 F1500 X109.559 Y179.704 E3133.93061
G0 F9000 X109.559 Y179.139
G1 F1500 X125.44 Y195.019 E3134.97637
G0 F9000 X125.44 Y194.453
G1 F1500 X109.559 Y178.573 E3136.02213
G0 F9000 X109.559 Y178.007
G1 F1500 X125.44 Y193.887 E3137.06789
G0 F9000 X125.44 Y193.322
G1 F1500 X109.559 Y177.442 E3138.11364
G0 F9000 X109.559 Y176.876
G1 F1500 X125.44 Y192.756 E3139.1594
G0 F9000 X125.44 Y192.19
G1 F1500 X109.559 Y176.31 E3140.20516
G0 F9000 X109.559 Y175.745
G1 F1500 X125.44 Y191.625 E3141.25092
G0 F9000 X125.44 Y191.059
G1 F1500 X109.559 Y175.179 E3142.29668
G0 F9000 X109.641 Y174.695
G1 F1500 X125.44 Y190.493 E3143.33704
G0 F9000 X125.44 Y189.928
G1 F1500 X109.728 Y174.216 E3144.3717
G0 F9000 X109.815 Y173.738
G1 F1500 X125.44 Y189.362 E3145.4006
G0 F9000 X125.44 Y188.796
G1 F1500 X109.903 Y173.26 E3146.4237
G0 F9000 X109.99 Y172.781
G1 F1500 X125.44 Y188.231 E3147.44111
G0 F9000 X125.44 Y187.665
G1 F1500 X110.078 Y172.303 E3148.45273
G0 F9000 X110.165 Y171.824
G1 F1500 X125.44 Y187.099 E3149.45861
G0 F9000 X125.44 Y186.534
G1 F1500 X110.252 Y171.346 E3150.45877
G0 F9000 X110.339 Y170.868
G1 F1500 X125.44 Y185.968 E3151.45316
G0 F9000 X125.44 Y185.402
G1 F1500 X110.426 Y170.389 E3152.44182
G0 F9000 X110.514 Y169.911
G1 F1500 X125.44 Y184.837 E3153.42473
G0 F9000 X125.44 Y184.271
G1 F1500 X110.601 Y169.432 E3154.4019
G0 F9000 X110.689 Y168.954
G1 F1500 X125.44 Y183.705 E3155.37328
G0 F9000 X125.44 Y183.139
G1 F1500 X110.776 Y168.475 E3156.33893
G0 F9000 X110.861 Y167.995
G1 F1500 X125.44 Y182.574 E3157.29898
G0 F9000 X125.44 Y182.008
G1 F1500 X110.926 Y167.495 E3158.25472
G0 F9000 X110.991 Y166.993
G1 F1500 X125.44 Y181.442 E3159.20621
G0 F9000 X125.44 Y180.877
G1 F1500 X111.056 Y166.493 E3160.15342
G0 F9000 X111.12 Y165.991
G1 F1500 X125.44 Y180.311 E3161.09642
G0 F9000 X125.44 Y179.745
G1 F1500 X111.185 Y165.491 E3162.0351
G0 F9000 X111.25 Y164.99
G1 F1500 X125.44 Y179.18 E3162.96954
G0 F9000 X125.44 Y178.614
G1 F1500 X111.314 Y164.489 E3163.89972
G0 F9000 X111.379 Y163.988
G1 F1500 X125.44 Y178.048 E3164.82563
G0 F9000 X125.44 Y177.483
G1 F1500 X111.444 Y163.487 E3165.74729
G0 F9000 X111.509 Y162.986
G1 F1500 X125.44 Y176.917 E3166.66467
G0 F9000 X125.44 Y176.351
G1 F1500 X111.573 Y162.485 E3167.57781
G0 F9000 X111.638 Y161.984
G1 F1500 X125.44 Y175.786 E3168.48669
G0 F9000 X125.44 Y175.22
G1 F1500 X111.703 Y161.484 E3169.39126
G0 F9000 X111.768 Y160.982
G1 F1500 X125.331 Y174.546 E3170.28444
G0 F9000 X125.205 Y173.854
G1 F1500 X111.819 Y160.468 E3171.16593
G0 F9000 X111.86 Y159.943
G1 F1500 X125.079 Y173.162 E3172.03643
G0 F9000 X124.953 Y172.471
G1 F1500 X111.901 Y159.418 E3172.89596
G0 F9000 X111.941 Y158.893
G1 F1500 X124.826 Y171.778 E3173.74446
G0 F9000 X124.7 Y171.086
G1 F1500 X111.982 Y158.368 E3174.58196
G0 F9000 X112.022 Y157.843
G1 F1500 X124.574 Y170.395 E3175.40853
G0 F9000 X124.447 Y169.702
G1 F1500 X112.063 Y157.318 E3176.22404
G0 F9000 X112.104 Y156.793
G1 F1500 X124.322 Y169.011 E3177.02861
G0 F9000 X124.195 Y168.318
G1 F1500 X112.145 Y156.268 E3177.82213
G0 F9000 X112.185 Y155.743
G1 F1500 X124.095 Y167.652 E3178.60639
G0 F9000 X124.01 Y167.003
G1 F1500 X112.226 Y155.218 E3179.38242
G0 F9000 X112.266 Y154.693
G1 F1500 X123.926 Y166.353 E3180.15025
G0 F9000 X123.841 Y165.702
G1 F1500 X112.307 Y154.168 E3180.90978
G0 F9000 X112.347 Y153.642
G1 F1500 X123.757 Y165.052 E3181.66115
G0 F9000 X123.673 Y164.403
G1 F1500 X112.377 Y153.107 E3182.40501
G0 F9000 X112.391 Y152.555
G1 F1500 X123.589 Y163.753 E3183.14242
G0 F9000 X123.505 Y163.103
G1 F1500 X112.405 Y152.003 E3183.87337
G0 F9000 X112.42 Y151.452
G1 F1500 X123.421 Y162.453 E3184.59781
G0 F9000 X123.337 Y161.803
G1 F1500 X112.434 Y150.9 E3185.31579
G0 F9000 X112.448 Y150.349
G1 F1500 X123.252 Y161.153 E3186.02725
G0 F9000 X123.183 Y160.518
G1 F1500 X112.463 Y149.798 E3186.73318
G0 F9000 X112.477 Y149.246
G1 F1500 X123.136 Y159.905 E3187.43509
G0 F9000 X123.088 Y159.292
G1 F1500 X112.491 Y148.695 E3188.13292
G0 F9000 X112.505 Y148.143
G1 F1500 X123.04 Y158.679 E3188.8267
G0 F9000 X122.993 Y158.065
G1 F1500 X112.519 Y147.592 E3189.5164
G0 F9000 X112.533 Y147.04
G1 F1500 X122.946 Y157.452 E3190.20208
G0 F9000 X122.897 Y156.839
G1 F1500 X112.548 Y146.489 E3190.88361
G0 F9000 X112.559 Y145.934
G1 F1500 X122.85 Y156.226 E3191.56133
G0 F9000 X122.803 Y155.612
G1 F1500 X112.559 Y145.369 E3192.23588
G0 F9000 X112.559 Y144.803
G1 F1500 X122.755 Y154.999 E3192.9073
G0 F9000 X122.707 Y154.386
G1 F1500 X112.559 Y144.237 E3193.5756
G0 F9000 X112.559 Y143.672
G1 F1500 X122.66 Y153.773 E3194.24077
G0 F9000 X122.626 Y153.173
G1 F1500 X112.559 Y143.106 E3194.9037
G0 F9000 X112.559 Y142.54
G1 F1500 X122.61 Y152.592 E3195.56561
G0 F9000 X122.596 Y152.011
G1 F1500 X112.559 Y141.975 E3196.22653
G0 F9000 X112.559 Y141.409
G1 F1500 X122.58 Y151.43 E3196.88643
G0 F9000 X122.565 Y150.849
G1 F1500 X112.559 Y140.843 E3197.54534
G0 F9000 X112.559 Y140.277
G1 F1500 X122.55 Y150.268 E3198.20326
G0 F9000 X122.535 Y149.688
G1 F1500 X112.559 Y139.712 E3198.8602
G0 F9000 X112.559 Y139.146
G1 F1500 X122.52 Y149.107 E3199.51615
G0 F9000 X122.504 Y148.526
G1 F1500 X112.559 Y138.58 E3200.17108
G0 F9000 X112.559 Y138.015
G1 F1500 X122.489 Y147.945 E3200.82498
G0 F9000 X122.474 Y147.364
G1 F1500 X112.559 Y137.449 E3201.4779
G0 F9000 X112.559 Y136.883
G1 F1500 X122.459 Y146.784 E3202.12987
G0 F9000 X122.444 Y146.202
G1 F1500 X112.559 Y136.318 E3202.78078
G0 F9000 X112.559 Y135.752
G1 F1500 X122.439 Y145.632 E3203.43139
G0 F9000 X122.439 Y145.067
G1 F1500 X112.559 Y135.186 E3204.08204
G0 F9000 X112.559 Y134.621
G1 F1500 X122.439 Y144.501 E3204.73266
G0 F9000 X122.439 Y143.935
G1 F1500 X112.559 Y134.055 E3205.38327
G0 F9000 X112.559 Y133.489
G1 F1500 X122.439 Y143.37 E3206.03392
G0 F9000 X122.439 Y142.804
G1 F1500 X112.559 Y132.924 E3206.68453
G0 F9000 X112.559 Y132.358
G1 F1500 X122.439 Y142.238 E3207.33515
G0 F9000 X122.439 Y141.673
G1 F1500 X112.559 Y131.792 E3207.9858
G0 F9000 X112.559 Y131.226
G1 F1500 X122.439 Y141.107 E3208.63644
G0 F9000 X122.439 Y140.541
G1 F1500 X112.559 Y130.661 E3209.28706
G0 F9000 X112.559 Y130.095
G1 F1500 X122.439 Y139.976 E3209.93771
G0 F9000 X122.439 Y139.41
G1 F1500 X112.559 Y129.529 E3210.58836
G0 F9000 X112.559 Y128.964
G1 F1500 X122.439 Y138.844 E3211.23897
G0 F9000 X122.439 Y138.278
G1 F1500 X112.559 Y128.398 E3211.88958
G0 F9000 X112.559 Y127.832
G1 F1500 X122.439 Y137.713 E3212.54023
G0 F9000 X122.439 Y137.147
G1 F1500 X112.559 Y127.267 E3213.19085
G0 F9000 X112.559 Y126.701
G1 F1500 X122.439 Y136.581 E3213.84146
G0 F9000 X122.439 Y136.016
G1 F1500 X112.559 Y126.135 E3214.49211
G0 F9000 X112.559 Y125.57
G1 F1500 X122.439 Y135.45 E3215.14273
G0 F9000 X122.439 Y134.884
G1 F1500 X112.559 Y125.004 E3215.79334
G0 F9000 X112.559 Y124.438
G1 F1500 X122.439 Y134.319 E3216.44399
G0 F9000 X122.439 Y133.753
G1 F1500 X112.559 Y123.873 E3217.0946
G0 F9000 X112.559 Y123.307
G1 F1500 X122.439 Y133.187 E3217.74522
G0 F9000 X122.439 Y132.622
G1 F1500 X112.559 Y122.741 E3218.39587
G0 F9000 X112.559 Y122.176
G1 F1500 X122.439 Y132.056 E3219.04648
G0 F9000 X122.439 Y131.49
G1 F1500 X112.559 Y121.61 E3219.6971
G0 F9000 X112.559 Y121.044
G1 F1500 X122.439 Y130.925 E3220.34774
G0 F9000 X122.439 Y130.359
G1 F1500 X112.559 Y120.478 E3220.99839
G0 F9000 X112.559 Y119.913
G1 F1500 X122.439 Y129.793 E3221.64901
G0 F9000 X122.439 Y129.228
G1 F1500 X112.559 Y119.347 E3222.29965
G0 F9000 X112.559 Y118.781
G1 F1500 X122.439 Y128.662 E3222.9503
G0 F9000 X122.439 Y128.096
G1 F1500 X112.559 Y118.216 E3223.60092
G0 F9000 X112.559 Y117.65
G1 F1500 X122.439 Y127.53 E3224.25153
G0 F9000 X122.439 Y126.965
G1 F1500 X112.559 Y117.084 E3224.90218
G0 F9000 X112.559 Y116.519
G1 F1500 X122.439 Y126.399 E3225.55279
G0 F9000 X122.439 Y125.833
G1 F1500 X112.559 Y115.953 E3226.20341
G0 F9000 X112.559 Y115.387
G1 F1500 X122.439 Y125.268 E3226.85406
G0 F9000 X122.439 Y124.702
G1 F1500 X112.559 Y114.822 E3227.50467
G0 F9000 X112.559 Y114.256
G1 F1500 X122.439 Y124.136 E3228.15529
G0 F9000 X122.439 Y123.571
G1 F1500 X112.559 Y113.69 E3228.80593
G0 F9000 X112.559 Y113.125
G1 F1500 X122.439 Y123.005 E3229.45655
G0 F9000 X122.439 Y122.439
G1 F1500 X112.559 Y112.559 E3230.10716
G0 F9000 X112.559 Y111.993
G1 F1500 X122.439 Y121.874 E3230.75781
G0 F9000 X122.439 Y121.308
G1 F1500 X112.559 Y111.428 E3231.40843
G0 F9000 X112.559 Y110.862
G1 F1500 X122.439 Y120.742 E3232.05904
G0 F9000 X122.439 Y120.177
G1 F1500 X112.559 Y110.296 E3232.70969
G0 F9000 X112.559 Y109.73
G1 F1500 X122.439 Y119.611 E3233.36034
G0 F9000 X122.439 Y119.045
G1 F1500 X112.559 Y109.165 E3234.01095
G0 F9000 X112.559 Y108.599
G1 F1500 X122.439 Y118.479 E3234.66157
G0 F9000 X122.439 Y117.914
G1 F1500 X112.559 Y108.033 E3235.31221
G0 F9000 X112.559 Y107.468
G1 F1500 X122.439 Y117.348 E3235.96283
G0 F9000 X122.439 Y116.782
G1 F1500 X112.559 Y106.902 E3236.61344
G0 F9000 X112.559 Y106.336
G1 F1500 X122.439 Y116.217 E3237.26409
G0 F9000 X122.439 Y115.651
G1 F1500 X112.559 Y105.771 E3237.91471
G0 F9000 X112.559 Y105.205
G1 F1500 X122.439 Y115.085 E3238.56532
G0 F9000 X122.439 Y114.52
G1 F1500 X112.559 Y104.639 E3239.21597
G0 F9000 X112.559 Y104.074
G1 F1500 X122.439 Y113.954 E3239.86658
G0 F9000 X122.439 Y113.388
G1 F1500 X112.559 Y103.508 E3240.5172
G0 F9000 X112.559 Y102.942
G1 F1500 X122.439 Y112.823 E3241.16785
G0 F9000 X122.439 Y112.257
G1 F1500 X112.559 Y102.377 E3241.81846
G0 F9000 X112.559 Y101.811
G1 F1500 X122.439 Y111.691 E3242.46908
G0 F9000 X122.439 Y111.126
G1 F1500 X112.559 Y101.245 E3243.11972
G0 F9000 X112.559 Y100.679
G1 F1500 X122.439 Y110.56 E3243.77037
G0 F9000 X122.439 Y109.994
G1 F1500 X112.559 Y100.114 E3244.42099
G0 F9000 X112.559 Y99.548
G1 F1500 X122.439 Y109.429 E3245.07163
G0 F9000 X122.439 Y108.863
G1 F1500 X112.559 Y98.982 E3245.72228
G0 F9000 X112.559 Y98.417
G1 F1500 X122.439 Y108.297 E3246.3729
G0 F9000 X122.439 Y107.731
G1 F1500 X112.559 Y97.851 E3247.02351
G0 F9000 X112.559 Y97.285
G1 F1500 X122.439 Y107.166 E3247.67416
G0 F9000 X122.439 Y106.6
G1 F1500 X112.559 Y96.72 E3248.32478
G0 F9000 X112.559 Y96.154
G1 F1500 X122.439 Y106.034 E3248.97539
G0 F9000 X122.439 Y105.469
G1 F1500 X112.559 Y95.588 E3249.62604
G0 F9000 X112.559 Y95.023
G1 F1500 X122.439 Y104.903 E3250.27665
G0 F9000 X122.439 Y104.337
G1 F1500 X112.559 Y94.457 E3250.92727
G0 F9000 X112.559 Y93.891
G1 F1500 X122.439 Y103.772 E3251.57792
G0 F9000 X122.439 Y103.206
G1 F1500 X112.559 Y93.326 E3252.22853
G0 F9000 X112.559 Y92.76
G1 F1500 X122.439 Y102.64 E3252.87914
G0 F9000 X122.439 Y102.075
G1 F1500 X112.559 Y92.194 E3253.52979
G0 F9000 X112.559 Y91.629
G1 F1500 X122.439 Y101.509 E3254.18041
G0 F9000 X122.439 Y100.943
G1 F1500 X112.559 Y91.063 E3254.83102
G0 F9000 X112.559 Y90.497
G1 F1500 X122.439 Y100.378 E3255.48167
G0 F9000 X122.439 Y99.812
G1 F1500 X112.559 Y89.931 E3256.13232
G0 F9000 X112.559 Y89.366
G1 F1500 X122.439 Y99.246 E3256.78293
G0 F9000 X122.439 Y98.68
G1 F1500 X112.555 Y88.796 E3257.43381
G0 F9000 X112.539 Y88.215
G1 F1500 X122.439 Y98.115 E3258.08574
G0 F9000 X122.439 Y97.549
G1 F1500 X112.524 Y87.634 E3258.73866
G0 F9000 X112.509 Y87.053
G1 F1500 X122.439 Y96.983 E3259.39257
G0 F9000 X122.439 Y96.418
G1 F1500 X112.494 Y86.472 E3260.0475
G0 F9000 X112.479 Y85.892
G1 F1500 X122.439 Y95.852 E3260.70338
G0 F9000 X122.439 Y95.286
G1 F1500 X112.463 Y85.311 E3261.36029
G0 F9000 X112.449 Y84.73
G1 F1500 X122.439 Y94.721 E3262.01818
G0 F9000 X122.439 Y94.155
G1 F1500 X112.433 Y84.149 E3262.67709
G0 F9000 X112.418 Y83.568
G1 F1500 X122.439 Y93.589 E3263.33699
G0 F9000 X122.439 Y93.024
G1 F1500 X112.403 Y82.987 E3263.99791
G0 F9000 X112.388 Y82.406
G1 F1500 X122.439 Y92.458 E3264.65982
G0 F9000 X122.439 Y91.892
G1 F1500 X112.373 Y81.826 E3265.32268
G0 F9000 X112.339 Y81.226
G1 F1500 X122.439 Y91.327 E3265.98782
G0 F9000 X122.439 Y90.761
G1 F1500 X112.291 Y80.613 E3266.65608
G0 F9000 X112.244 Y79.999
G1 F1500 X122.439 Y90.195 E3267.32747
G0 F9000 X122.439 Y89.63
G1 F1500 X112.196 Y79.386 E3268.00202
G0 F9000 X112.148 Y78.773
G1 F1500 X122.439 Y89.064 E3268.6797
G0 F9000 X122.451 Y88.509
G1 F1500 X112.101 Y78.16 E3269.36123
G0 F9000 X112.053 Y77.546
G1 F1500 X122.465 Y87.958 E3270.04688
G0 F9000 X122.479 Y87.406
G1 F1500 X112.005 Y76.933 E3270.73658
G0 F9000 X111.958 Y76.32
G1 F1500 X122.493 Y86.855 E3271.43033
G0 F9000 X122.507 Y86.303
G1 F1500 X111.91 Y75.707 E3272.12813
G0 F9000 X111.862 Y75.093
G1 F1500 X122.521 Y85.752 E3272.83004
G0 F9000 X122.535 Y85.2
G1 F1500 X111.815 Y74.48 E3273.53597
G0 F9000 X111.746 Y73.845
G1 F1500 X122.55 Y84.649 E3274.24743
G0 F9000 X122.564 Y84.098
G1 F1500 X111.662 Y73.196 E3274.96535
G0 F9000 X111.578 Y72.546
G1 F1500 X122.579 Y83.546 E3275.68975
G0 F9000 X122.593 Y82.995
G1 F1500 X111.494 Y71.896 E3276.42064
G0 F9000 X111.409 Y71.245
G1 F1500 X122.607 Y82.443 E3277.15804
G0 F9000 X122.621 Y81.892
G1 F1500 X111.325 Y70.596 E3277.9019
G0 F9000 X111.241 Y69.946
G1 F1500 X122.651 Y81.356 E3278.65327
G0 F9000 X122.691 Y80.83
G1 F1500 X111.157 Y69.296 E3279.41281
G0 F9000 X111.073 Y68.646
G1 F1500 X122.732 Y80.306 E3280.1806
G0 F9000 X122.772 Y79.78
G1 F1500 X110.988 Y67.996 E3280.9566
G0 F9000 X110.904 Y67.346
G1 F1500 X122.813 Y79.256 E3281.74086
G0 F9000 X122.854 Y78.73
G1 F1500 X110.803 Y66.68 E3282.53441
G0 F9000 X110.677 Y65.988
G1 F1500 X122.895 Y78.206 E3283.33898
G0 F9000 X122.935 Y77.68
G1 F1500 X110.551 Y65.297 E3284.15446
G0 F9000 X110.425 Y64.604
G1 F1500 X122.976 Y77.155 E3284.98096
G0 F9000 X123.016 Y76.63
G1 F1500 X110.299 Y63.913 E3285.8184
G0 F9000 X110.172 Y63.221
G1 F1500 X123.057 Y76.105 E3286.66687
G0 F9000 X123.098 Y75.58
G1 F1500 X110.047 Y62.529 E3287.5263
G0 F9000 X109.92 Y61.837
G1 F1500 X123.139 Y75.055 E3288.39676
G0 F9000 X123.179 Y74.53
G1 F1500 X109.794 Y61.145 E3289.27818
G0 F9000 X109.668 Y60.454
G1 F1500 X123.231 Y74.016 E3290.1713
G0 F9000 X123.296 Y73.515
G1 F1500 X109.559 Y59.779 E3291.07587
G0 F9000 X109.559 Y59.213
G1 F1500 X123.36 Y73.014 E3291.98469
G0 F9000 X123.425 Y72.513
G1 F1500 X109.559 Y58.648 E3292.89775
G0 F9000 X109.559 Y58.082
G1 F1500 X123.49 Y72.013 E3293.81513
G0 F9000 X123.554 Y71.511
G1 F1500 X109.559 Y57.516 E3294.73673
G0 F9000 X109.559 Y56.951
G1 F1500 X123.619 Y71.011 E3295.6626
G0 F9000 X123.684 Y70.509
G1 F1500 X109.559 Y56.385 E3296.59273
G0 F9000 X109.559 Y55.819
G1 F1500 X123.749 Y70.009 E3297.52716
G0 F9000 X123.814 Y69.508
G1 F1500 X109.559 Y55.254 E3298.46585
G0 F9000 X109.559 Y54.688
G1 F1500 X123.878 Y69.007 E3299.40878
G0 F9000 X123.943 Y68.506
G1 F1500 X109.559 Y54.122 E3300.35599
G0 F9000 X109.559 Y53.556
G1 F1500 X124.008 Y68.005 E3301.30748
G0 F9000 X124.073 Y67.504
G1 F1500 X109.559 Y52.991 E3302.26322
G0 F9000 X109.559 Y52.425
G1 F1500 X124.138 Y67.004 E3303.22327
G0 F9000 X124.223 Y66.523
G1 F1500 X109.559 Y51.859 E3304.18892
G0 F9000 X109.559 Y51.294
G1 F1500 X124.31 Y66.045 E3305.1603
G0 F9000 X124.397 Y65.566
G1 F1500 X109.559 Y50.728 E3306.13741
G0 F9000 X109.559 Y50.162
G1 F1500 X124.485 Y65.088 E3307.12031
G0 F9000 X124.572 Y64.609
G1 F1500 X109.559 Y49.597 E3308.10891
G0 F9000 X109.559 Y49.031
G1 F1500 X124.659 Y64.131 E3309.10327
G0 F9000 X124.746 Y63.652
G1 F1500 X109.559 Y48.465 E3310.10336
G0 F9000 X109.559 Y47.9
G1 F1500 X124.834 Y63.174 E3311.10921
G0 F9000 X124.921 Y62.695
G1 F1500 X109.559 Y47.334 E3312.12079
G0 F9000 X109.559 Y46.768
G1 F1500 X125.007 Y62.216 E3313.13807
G0 F9000 X125.094 Y61.738
G1 F1500 X109.559 Y46.203 E3314.16107
G0 F9000 X109.559 Y45.637
G1 F1500 X125.181 Y61.259 E3315.18981
G0 F9000 X125.269 Y60.781
G1 F1500 X109.559 Y45.071 E3316.22434
G0 F9000 X109.559 Y44.506
G1 F1500 X125.356 Y60.302 E3317.26457
G0 F9000 X125.438 Y59.819
G1 F1500 X109.559 Y43.94 E3318.31022
G0 F9000 X109.559 Y43.374
G1 F1500 X125.438 Y59.253 E3319.35588
G0 F9000 X125.438 Y58.687
G1 F1500 X109.559 Y42.808 E3320.40154
G0 F9000 X109.559 Y42.243
G1 F1500 X125.438 Y58.122 E3321.4472
G0 F9000 X125.438 Y57.556
G1 F1500 X109.559 Y41.677 E3322.49286
G0 F9000 X109.559 Y41.111
G1 F1500 X125.438 Y56.99 E3323.53852
G0 F9000 X125.438 Y56.424
G1 F1500 X109.559 Y40.546 E3324.58415
G0 F9000 X109.559 Y39.98
G1 F1500 X125.438 Y55.859 E3325.62981
G0 F9000 X125.438 Y55.293
G1 F1500 X109.559 Y39.414 E3326.67547
G0 F9000 X109.559 Y38.849
G1 F1500 X125.438 Y54.727 E3327.72109
G0 F9000 X125.438 Y54.162
G1 F1500 X109.559 Y38.283 E3328.76675
G0 F9000 X109.559 Y37.717
G1 F1500 X125.438 Y53.596 E3329.81241
G0 F9000 X125.438 Y53.03
G1 F1500 X109.559 Y37.152 E3330.85804
G0 F9000 X109.559 Y36.586
G1 F1500 X125.438 Y52.465 E3331.9037
G0 F9000 X125.438 Y51.899
G1 F1500 X110.1 Y36.56 E3332.91376
G0 F9000 X110.665 Y36.56
G1 F1500 X125.438 Y51.333 E3333.88659
G0 F9000 X125.438 Y50.768
G1 F1500 X111.231 Y36.56 E3334.82218
G0 F9000 X111.797 Y36.56
G1 F1500 X125.438 Y50.202 E3335.72049
G0 F9000 X125.438 Y49.636
G1 F1500 X112.362 Y36.56 E3336.58157
G0 F9000 X112.928 Y36.56
G1 F1500 X125.438 Y49.071 E3337.40541
G0 F9000 X125.438 Y48.505
G1 F1500 X113.494 Y36.56 E3338.19197
G0 F9000 X114.059 Y36.56
G1 F1500 X125.438 Y47.939 E3338.9413
G0 F9000 X125.438 Y47.374
G1 F1500 X114.625 Y36.56 E3339.65339
G0 F9000 X115.191 Y36.56
G1 F1500 X125.438 Y46.808 E3340.3282
G0 F9000 X125.438 Y46.242
G1 F1500 X115.756 Y36.56 E3340.96578
G0 F9000 X116.322 Y36.56
G1 F1500 X125.438 Y45.676 E3341.56608
G0 F9000 X125.438 Y45.111
G1 F1500 X116.888 Y36.56 E3342.12915
G0 F9000 X117.453 Y36.56
G1 F1500 X125.438 Y44.545 E3342.65498
G0 F9000 X125.438 Y43.979
G1 F1500 X118.019 Y36.56 E3343.14353
G0 F9000 X118.585 Y36.56
G1 F1500 X125.438 Y43.414 E3343.59484
G0 F9000 X125.438 Y42.848
G1 F1500 X119.151 Y36.56 E3344.00889
G0 F9000 X119.716 Y36.56
G1 F1500 X125.438 Y42.282 E3344.38569
G0 F9000 X125.438 Y41.717
G1 F1500 X120.282 Y36.56 E3344.72525
G0 F9000 X120.848 Y36.56
G1 F1500 X125.438 Y41.151 E3345.02755
G0 F9000 X125.438 Y40.585
G1 F1500 X121.413 Y36.56 E3345.2926
G0 F9000 X121.979 Y36.56
G1 F1500 X125.438 Y40.02 E3345.52041
G0 F9000 X125.438 Y39.454
G1 F1500 X122.545 Y36.56 E3345.71096
G0 F9000 X123.11 Y36.56
G1 F1500 X125.438 Y38.888 E3345.86426
G0 F9000 X125.438 Y38.323
G1 F1500 X123.676 Y36.56 E3345.98032
G0 F9000 X124.242 Y36.56
G1 F1500 X125.438 Y37.757 E3346.05911
G0 F9000 X125.438 Y37.191
G1 F1500 X124.807 Y36.56 E3346.10067
G0 F9000 X125.373 Y36.56
G1 F1500 X125.438 Y36.626 E3346.10498
;TIME_ELAPSED:7388.409685
G1 F2700 E3341.10498
M140 S0
M107
G91 ;Relative positioning
G1 E-2 F2700 ;Retract a bit
G1 E-2 Z0.2 F2400 ;Retract and raise Z
G1 X5 Y5 F3000 ;Wipe out
G1 Z10 ;Raise Z more
G90 ;Absolute positioning

G1 X0 Y235 ;Present print
M106 S0 ;Turn-off fan
M104 S0 ;Turn-off hotend
M140 S0 ;Turn-off bed

M84 X Y E ;Disable all steppers but Z

M82 ;absolute extrusion mode
M104 S0
;End of Gcode
;SETTING_3 {"global_quality": "[general]\\nversion = 4\\nname = rotating extrude
;SETTING_3 r thick\\ndefinition = creality_ender3\\n\\n[metadata]\\ntype = quali
;SETTING_3 ty_changes\\nquality_type = low\\nsetting_version = 20\\n\\n[values]\
;SETTING_3 \nadhesion_type = none\\nmaterial_bed_temperature = 60\\n\\n", "extru
;SETTING_3 der_quality": ["[general]\\nversion = 4\\nname = rotating extruder th
;SETTING_3 ick\\ndefinition = creality_ender3\\n\\n[metadata]\\ntype = quality_c
;SETTING_3 hanges\\nquality_type = low\\nintent_category = default\\nposition = 
;SETTING_3 0\\nsetting_version = 20\\n\\n[values]\\ninfill_sparse_density = 100.
;SETTING_3 0\\nmaterial_alternate_walls = True\\nmaterial_print_temperature = 25
;SETTING_3 0.0\\ntop_bottom_pattern = lines\\nwall_line_count = 3\\n\\n"]}
