;FLAVOR:Marlin
;TIME:10275
;Filament used: 7.50388m
;Layer height: 0.2
;MINX:108.2
;MINY:35.2
;MINZ:0.2
;MAXX:126.8
;MAXY:199.8
;MAXZ:7
;Generated with Cura_SteamEngine 5.2.1
M140 S60
M105
M190 S60
M104 S250
M105
M109 S250
M82 ;absolute extrusion mode
; Ender 3 Custom Start G-code
G92 E0 ; Reset Extruder
G28 ; Home all axes
G1 Z2.0 F3000 ; Move Z Axis up little to prevent scratching of Heat Bed
G1 X0.1 Y20 Z0.3 F5000.0 ; Move to start position
G1 X0.1 Y200.0 Z0.3 F1500.0 E15 ; Draw the first line
G1 X0.4 Y200.0 Z0.3 F5000.0 ; Move to side a little
G1 X0.4 Y20 Z0.3 F1500.0 E30 ; Draw the second line
G92 E0 ; Reset Extruder
G1 Z2.0 F3000 ; Move Z Axis up little to prevent scratching of Heat Bed
G1 X5 Y20 Z0.3 F5000.0 ; Move over to prevent blob squish
G92 E0
G92 E0
G1 F2700 E-5
;LAYER_COUNT:35
;LAYER:0
M107
;MESH:D638-22 Tensile.STL
G0 F6000 X109 Y199 Z0.2
;TYPE:WALL-INNER
G1 F2700 E0
G1 F1200 X126 Y199 E0.56542
G1 X126 Y175.858 E1.33513
G1 X126 Y175.089 E1.36071
G1 X124.701 Y167.971 E1.60136
G1 X123.754 Y160.654 E1.84676
G1 X123.188 Y153.323 E2.09131
G1 X123 Y146.027 E2.33406
G1 X123 Y88.973 E4.23168
G1 X123.19 Y81.624 E4.47619
G1 X123.754 Y74.346 E4.71898
G1 X124.701 Y67.027 E4.96444
G1 X125.999 Y59.907 E5.20516
G1 X126 Y36 E6.00031
G1 X109 Y36 E6.56573
G1 X109.001 Y59.911 E7.36102
G1 X110.299 Y67.028 E7.60163
G1 X111.246 Y74.345 E7.84703
G1 X111.81 Y81.625 E8.08989
G1 X112 Y88.973 E8.33436
G1 X112 Y146.027 E10.23199
G1 X111.812 Y153.324 E10.47477
G1 X111.245 Y160.664 E10.71962
G1 X110.299 Y167.972 E10.96472
G1 X109 Y175.093 E11.20547
G1 X109 Y199 E12.00062
G1 F2700 E7.00062
G0 F6000 X125.828 Y198.828
G0 X125.839 Y175.105
G0 X124.797 Y167.931
G1 F2700 E12.00062
G0 F6000 X125.094 Y167.894
G1 F1200 X126.4 Y175.053 E12.24266
G1 X126.4 Y175.858 E12.26943
G1 X126.4 Y199.4 E13.05244
G1 X108.6 Y199.4 E13.64447
G1 X108.6 Y175.057 E14.45413
G1 X109.906 Y167.896 E14.69623
G1 X110.844 Y160.654 E14.93911
G1 X111.411 Y153.345 E15.18294
G1 X111.6 Y146.017 E15.42675
G1 X111.6 Y88.983 E17.32371
G1 X111.411 Y81.656 E17.56749
G1 X110.847 Y74.376 E17.81035
G1 X109.906 Y67.105 E18.0542
G1 X108.601 Y59.947 E18.2962
G1 X108.6 Y35.6 E19.10598
G1 X126.4 Y35.6 E19.69801
G1 X126.399 Y59.943 E20.50767
G1 X125.094 Y67.104 E20.74976
G1 X124.156 Y74.346 E20.99265
G1 X123.589 Y81.655 E21.23648
G1 X123.4 Y88.983 E21.48029
G1 X123.4 Y146.017 E23.37724
G1 X123.589 Y153.343 E23.62099
G1 X124.156 Y160.654 E23.86488
G1 X125.094 Y167.894 E24.1077
G1 F2700 E19.1077
G0 F6000 X124.797 Y167.931
G0 X126.198 Y175.072
G0 X126.082 Y199.082
G0 X108.47 Y199.53
G1 F2700 E24.1077
G0 F6000 X108.2 Y199.8
;TYPE:WALL-OUTER
G1 F1200 X126.8 Y199.8 E24.72634
G1 X126.8 Y175.858 E25.52265
G1 X126.8 Y175.017 E25.55063
G1 X125.491 Y167.842 E25.79321
G1 X124.552 Y160.592 E26.03636
G1 X123.988 Y153.302 E26.27955
G1 X123.8 Y146.007 E26.52226
G1 X123.8 Y88.993 E28.41855
G1 X123.988 Y81.686 E28.66167
G1 X124.553 Y74.398 E28.90479
G1 X125.493 Y67.146 E29.14801
G1 X126.799 Y59.979 E29.39031
G1 X126.8 Y35.2 E30.21447
G1 X108.2 Y35.2 E30.83311
G1 X108.201 Y59.983 E31.65739
G1 X109.509 Y67.157 E31.89993
G1 X110.448 Y74.407 E32.14308
G1 X111.012 Y81.697 E32.38627
G1 X111.2 Y88.993 E32.62902
G1 X111.2 Y146.007 E34.52531
G1 X111.012 Y153.314 E34.76843
G1 X110.447 Y160.602 E35.01155
G1 X109.507 Y167.854 E35.25477
G1 X108.2 Y175.021 E35.49708
G1 X108.2 Y199.8 E36.32123
G0 F6000 X108.47 Y199.53
G0 X109.1 Y198.64
G0 X109.36 Y198.64
;TYPE:SKIN
G1 F1200 X125.64 Y198.64 E36.86271
G1 X125.64 Y175.858 E37.62044
G1 X125.64 Y175.122 E37.64492
G1 X124.341 Y168.004 E37.88558
G1 X123.401 Y160.741 E38.12916
G1 X122.831 Y153.391 E38.37435
G1 X122.64 Y146.04 E38.61893
G1 X122.64 Y88.961 E40.51739
G1 X122.828 Y81.657 E40.7604
G1 X123.402 Y74.247 E41.0076
G1 X124.343 Y66.983 E41.25122
G1 X125.639 Y59.872 E41.49163
G1 X125.639 Y36.361 E42.2736
G1 X109.361 Y36.361 E42.81501
G1 X109.361 Y59.879 E43.59722
G1 X110.659 Y66.995 E43.83781
G1 X111.599 Y74.258 E44.08139
G1 X112.169 Y81.606 E44.32652
G1 X112.36 Y88.961 E44.57123
G1 X112.36 Y146.04 E46.46969
G1 X112.172 Y153.343 E46.71267
G1 X111.598 Y160.752 E46.95983
G1 X110.657 Y168.017 E47.20348
G1 X109.36 Y175.128 E47.4439
G1 X109.36 Y198.64 E48.22591
G0 F6000 X109.559 Y198.372
G1 F1200 X109.626 Y198.438 E48.22904
G0 F6000 X110.191 Y198.438
G1 F1200 X109.559 Y197.806 E48.25877
G0 F6000 X109.559 Y197.241
G1 F1200 X110.757 Y198.438 E48.31509
G0 F6000 X111.323 Y198.438
G1 F1200 X109.559 Y196.675 E48.39804
G0 F6000 X109.559 Y196.109
G1 F1200 X111.889 Y198.438 E48.50761
G0 F6000 X112.454 Y198.438
G1 F1200 X109.559 Y195.544 E48.64376
G0 F6000 X109.559 Y194.978
G1 F1200 X113.02 Y198.438 E48.80653
G0 F6000 X113.586 Y198.438
G1 F1200 X109.559 Y194.412 E48.99593
G0 F6000 X109.559 Y193.846
G1 F1200 X114.151 Y198.438 E49.21192
G0 F6000 X114.717 Y198.438
G1 F1200 X109.559 Y193.281 E49.45451
G0 F6000 X109.559 Y192.715
G1 F1200 X115.283 Y198.438 E49.72373
G0 F6000 X115.848 Y198.438
G1 F1200 X109.559 Y192.149 E50.01955
G0 F6000 X109.559 Y191.584
G1 F1200 X116.414 Y198.438 E50.34196
G0 F6000 X116.98 Y198.438
G1 F1200 X109.559 Y191.018 E50.691
G0 F6000 X109.559 Y190.452
G1 F1200 X117.545 Y198.438 E51.06664
G0 F6000 X118.111 Y198.438
G1 F1200 X109.559 Y189.887 E51.46887
G0 F6000 X109.559 Y189.321
G1 F1200 X118.677 Y198.438 E51.89773
G0 F6000 X119.242 Y198.438
G1 F1200 X109.559 Y188.755 E52.35319
G0 F6000 X109.559 Y188.19
G1 F1200 X119.808 Y198.438 E52.83525
G0 F6000 X120.374 Y198.438
G1 F1200 X109.559 Y187.624 E53.34393
G0 F6000 X109.559 Y187.058
G1 F1200 X120.94 Y198.438 E53.87923
G0 F6000 X121.505 Y198.438
G1 F1200 X109.559 Y186.493 E54.44111
G0 F6000 X109.559 Y185.927
G1 F1200 X122.071 Y198.438 E55.02961
G0 F6000 X122.637 Y198.438
G1 F1200 X109.559 Y185.361 E55.64474
G0 F6000 X109.559 Y184.795
G1 F1200 X123.202 Y198.438 E56.28647
G0 F6000 X123.768 Y198.438
G1 F1200 X109.559 Y184.23 E56.95479
G0 F6000 X109.559 Y183.664
G1 F1200 X124.334 Y198.438 E57.64974
G0 F6000 X124.899 Y198.438
G1 F1200 X109.559 Y183.098 E58.37128
G0 F6000 X109.559 Y182.533
G1 F1200 X125.44 Y198.413 E59.11825
G0 F6000 X125.44 Y197.847
G1 F1200 X109.559 Y181.967 E59.86522
G0 F6000 X109.559 Y181.401
G1 F1200 X125.44 Y197.282 E60.61222
G0 F6000 X125.44 Y196.716
G1 F1200 X109.559 Y180.836 E61.35919
G0 F6000 X109.559 Y180.27
G1 F1200 X125.44 Y196.15 E62.10616
G0 F6000 X125.44 Y195.585
G1 F1200 X109.559 Y179.704 E62.85315
G0 F6000 X109.559 Y179.139
G1 F1200 X125.44 Y195.019 E63.60012
G0 F6000 X125.44 Y194.453
G1 F1200 X109.559 Y178.573 E64.34709
G0 F6000 X109.559 Y178.007
G1 F1200 X125.44 Y193.887 E65.09406
G0 F6000 X125.44 Y193.322
G1 F1200 X109.559 Y177.442 E65.84103
G0 F6000 X109.559 Y176.876
G1 F1200 X125.44 Y192.756 E66.588
G0 F6000 X125.44 Y192.19
G1 F1200 X109.559 Y176.31 E67.33497
G0 F6000 X109.559 Y175.745
G1 F1200 X125.44 Y191.625 E68.08194
G0 F6000 X125.44 Y191.059
G1 F1200 X109.559 Y175.179 E68.82891
G0 F6000 X109.641 Y174.695
G1 F1200 X125.44 Y190.493 E69.57202
G0 F6000 X125.44 Y189.928
G1 F1200 X109.728 Y174.216 E70.31107
G0 F6000 X109.815 Y173.738
G1 F1200 X125.44 Y189.362 E71.046
G0 F6000 X125.44 Y188.796
G1 F1200 X109.903 Y173.26 E71.77679
G0 F6000 X109.99 Y172.781
G1 F1200 X125.44 Y188.231 E72.50351
G0 F6000 X125.44 Y187.665
G1 F1200 X110.078 Y172.303 E73.22609
G0 F6000 X110.165 Y171.824
G1 F1200 X125.44 Y187.099 E73.94458
G0 F6000 X125.44 Y186.534
G1 F1200 X110.252 Y171.346 E74.65897
G0 F6000 X110.339 Y170.868
G1 F1200 X125.44 Y185.968 E75.36926
G0 F6000 X125.44 Y185.402
G1 F1200 X110.426 Y170.389 E76.07544
G0 F6000 X110.514 Y169.911
G1 F1200 X125.44 Y184.837 E76.77752
G0 F6000 X125.44 Y184.271
G1 F1200 X110.601 Y169.432 E77.4755
G0 F6000 X110.689 Y168.954
G1 F1200 X125.44 Y183.705 E78.16934
G0 F6000 X125.44 Y183.139
G1 F1200 X110.776 Y168.475 E78.85909
G0 F6000 X110.861 Y167.995
G1 F1200 X125.44 Y182.574 E79.54484
G0 F6000 X125.44 Y182.008
G1 F1200 X110.926 Y167.495 E80.22751
G0 F6000 X110.991 Y166.993
G1 F1200 X125.44 Y181.442 E80.90715
G0 F6000 X125.44 Y180.877
G1 F1200 X111.056 Y166.493 E81.58373
G0 F6000 X111.12 Y165.991
G1 F1200 X125.44 Y180.311 E82.2573
G0 F6000 X125.44 Y179.745
G1 F1200 X111.185 Y165.491 E82.92778
G0 F6000 X111.25 Y164.99
G1 F1200 X125.44 Y179.18 E83.59524
G0 F6000 X125.44 Y178.614
G1 F1200 X111.314 Y164.489 E84.25966
G0 F6000 X111.379 Y163.988
G1 F1200 X125.44 Y178.048 E84.92102
G0 F6000 X125.44 Y177.483
G1 F1200 X111.444 Y163.487 E85.57935
G0 F6000 X111.509 Y162.986
G1 F1200 X125.44 Y176.917 E86.23462
G0 F6000 X125.44 Y176.351
G1 F1200 X111.573 Y162.485 E86.88686
G0 F6000 X111.638 Y161.984
G1 F1200 X125.44 Y175.786 E87.53606
G0 F6000 X125.44 Y175.22
G1 F1200 X111.703 Y161.484 E88.18219
G0 F6000 X111.768 Y160.982
G1 F1200 X125.331 Y174.546 E88.82017
G0 F6000 X125.205 Y173.854
G1 F1200 X111.819 Y160.468 E89.44981
G0 F6000 X111.86 Y159.943
G1 F1200 X125.079 Y173.162 E90.07159
G0 F6000 X124.953 Y172.471
G1 F1200 X111.901 Y159.418 E90.68554
G0 F6000 X111.941 Y158.893
G1 F1200 X124.826 Y171.778 E91.29161
G0 F6000 X124.7 Y171.086
G1 F1200 X111.982 Y158.368 E91.88983
G0 F6000 X112.022 Y157.843
G1 F1200 X124.574 Y170.395 E92.48023
G0 F6000 X124.447 Y169.702
G1 F1200 X112.063 Y157.318 E93.06274
G0 F6000 X112.104 Y156.793
G1 F1200 X124.322 Y169.011 E93.63744
G0 F6000 X124.195 Y168.318
G1 F1200 X112.145 Y156.268 E94.20423
G0 F6000 X112.185 Y155.743
G1 F1200 X124.095 Y167.652 E94.76442
G0 F6000 X124.01 Y167.003
G1 F1200 X112.226 Y155.218 E95.31872
G0 F6000 X112.266 Y154.693
G1 F1200 X123.926 Y166.353 E95.86717
G0 F6000 X123.841 Y165.702
G1 F1200 X112.307 Y154.168 E96.4097
G0 F6000 X112.347 Y153.642
G1 F1200 X123.757 Y165.052 E96.94639
G0 F6000 X123.673 Y164.403
G1 F1200 X112.377 Y153.107 E97.47772
G0 F6000 X112.391 Y152.555
G1 F1200 X123.589 Y163.753 E98.00444
G0 F6000 X123.505 Y163.103
G1 F1200 X112.405 Y152.003 E98.52655
G0 F6000 X112.42 Y151.452
G1 F1200 X123.421 Y162.453 E99.044
G0 F6000 X123.337 Y161.803
G1 F1200 X112.434 Y150.9 E99.55685
G0 F6000 X112.448 Y150.349
G1 F1200 X123.252 Y161.153 E100.06503
G0 F6000 X123.183 Y160.518
G1 F1200 X112.463 Y149.798 E100.56927
G0 F6000 X112.477 Y149.246
G1 F1200 X123.136 Y159.905 E101.07064
G0 F6000 X123.088 Y159.292
G1 F1200 X112.491 Y148.695 E101.56909
G0 F6000 X112.505 Y148.143
G1 F1200 X123.04 Y158.679 E102.06464
G0 F6000 X122.993 Y158.065
G1 F1200 X112.519 Y147.592 E102.55729
G0 F6000 X112.533 Y147.04
G1 F1200 X122.946 Y157.452 E103.04706
G0 F6000 X122.897 Y156.839
G1 F1200 X112.548 Y146.489 E103.53387
G0 F6000 X112.559 Y145.934
G1 F1200 X122.85 Y156.226 E104.01795
G0 F6000 X122.803 Y155.612
G1 F1200 X112.559 Y145.369 E104.49977
G0 F6000 X112.559 Y144.803
G1 F1200 X122.755 Y154.999 E104.97936
G0 F6000 X122.707 Y154.386
G1 F1200 X112.559 Y144.237 E105.45671
G0 F6000 X112.559 Y143.672
G1 F1200 X122.66 Y153.773 E105.93183
G0 F6000 X122.626 Y153.173
G1 F1200 X112.559 Y143.106 E106.40535
G0 F6000 X112.559 Y142.54
G1 F1200 X122.61 Y152.592 E106.87814
G0 F6000 X122.596 Y152.011
G1 F1200 X112.559 Y141.975 E107.35023
G0 F6000 X112.559 Y141.409
G1 F1200 X122.58 Y151.43 E107.82159
G0 F6000 X122.565 Y150.849
G1 F1200 X112.559 Y140.843 E108.29224
G0 F6000 X112.559 Y140.277
G1 F1200 X122.55 Y150.268 E108.76219
G0 F6000 X122.535 Y149.688
G1 F1200 X112.559 Y139.712 E109.23143
G0 F6000 X112.559 Y139.146
G1 F1200 X122.52 Y149.107 E109.69996
G0 F6000 X122.504 Y148.526
G1 F1200 X112.559 Y138.58 E110.16777
G0 F6000 X112.559 Y138.015
G1 F1200 X122.489 Y147.945 E110.63484
G0 F6000 X122.474 Y147.364
G1 F1200 X112.559 Y137.449 E111.10121
G0 F6000 X112.559 Y136.883
G1 F1200 X122.459 Y146.784 E111.5669
G0 F6000 X122.444 Y146.202
G1 F1200 X112.559 Y136.318 E112.03184
G0 F6000 X112.559 Y135.752
G1 F1200 X122.439 Y145.632 E112.49657
G0 F6000 X122.439 Y145.067
G1 F1200 X112.559 Y135.186 E112.96131
G0 F6000 X112.559 Y134.621
G1 F1200 X122.439 Y144.501 E113.42604
G0 F6000 X122.439 Y143.935
G1 F1200 X112.559 Y134.055 E113.89076
G0 F6000 X112.559 Y133.489
G1 F1200 X122.439 Y143.37 E114.35551
G0 F6000 X122.439 Y142.804
G1 F1200 X112.559 Y132.924 E114.82024
G0 F6000 X112.559 Y132.358
G1 F1200 X122.439 Y142.238 E115.28496
G0 F6000 X122.439 Y141.673
G1 F1200 X112.559 Y131.792 E115.74971
G0 F6000 X112.559 Y131.226
G1 F1200 X122.439 Y141.107 E116.21446
G0 F6000 X122.439 Y140.541
G1 F1200 X112.559 Y130.661 E116.67918
G0 F6000 X112.559 Y130.095
G1 F1200 X122.439 Y139.976 E117.14393
G0 F6000 X122.439 Y139.41
G1 F1200 X112.559 Y129.529 E117.60868
G0 F6000 X112.559 Y128.964
G1 F1200 X122.439 Y138.844 E118.07341
G0 F6000 X122.439 Y138.278
G1 F1200 X112.559 Y128.398 E118.53813
G0 F6000 X112.559 Y127.832
G1 F1200 X122.439 Y137.713 E119.00288
G0 F6000 X122.439 Y137.147
G1 F1200 X112.559 Y127.267 E119.4676
G0 F6000 X112.559 Y126.701
G1 F1200 X122.439 Y136.581 E119.93233
G0 F6000 X122.439 Y136.016
G1 F1200 X112.559 Y126.135 E120.39708
G0 F6000 X112.559 Y125.57
G1 F1200 X122.439 Y135.45 E120.8618
G0 F6000 X122.439 Y134.884
G1 F1200 X112.559 Y125.004 E121.32653
G0 F6000 X112.559 Y124.438
G1 F1200 X122.439 Y134.319 E121.79128
G0 F6000 X122.439 Y133.753
G1 F1200 X112.559 Y123.873 E122.256
G0 F6000 X112.559 Y123.307
G1 F1200 X122.439 Y133.187 E122.72073
G0 F6000 X122.439 Y132.622
G1 F1200 X112.559 Y122.741 E123.18547
G0 F6000 X112.559 Y122.176
G1 F1200 X122.439 Y132.056 E123.6502
G0 F6000 X122.439 Y131.49
G1 F1200 X112.559 Y121.61 E124.11492
G0 F6000 X112.559 Y121.044
G1 F1200 X122.439 Y130.925 E124.57967
G0 F6000 X122.439 Y130.359
G1 F1200 X112.559 Y120.478 E125.04442
G0 F6000 X112.559 Y119.913
G1 F1200 X122.439 Y129.793 E125.50915
G0 F6000 X122.439 Y129.228
G1 F1200 X112.559 Y119.347 E125.97389
G0 F6000 X112.559 Y118.781
G1 F1200 X122.439 Y128.662 E126.43864
G0 F6000 X122.439 Y128.096
G1 F1200 X112.559 Y118.216 E126.90337
G0 F6000 X112.559 Y117.65
G1 F1200 X122.439 Y127.53 E127.36809
G0 F6000 X122.439 Y126.965
G1 F1200 X112.559 Y117.084 E127.83284
G0 F6000 X112.559 Y116.519
G1 F1200 X122.439 Y126.399 E128.29757
G0 F6000 X122.439 Y125.833
G1 F1200 X112.559 Y115.953 E128.76229
G0 F6000 X112.559 Y115.387
G1 F1200 X122.439 Y125.268 E129.22704
G0 F6000 X122.439 Y124.702
G1 F1200 X112.559 Y114.822 E129.69176
G0 F6000 X112.559 Y114.256
G1 F1200 X122.439 Y124.136 E130.15649
G0 F6000 X122.439 Y123.571
G1 F1200 X112.559 Y113.69 E130.62124
G0 F6000 X112.559 Y113.125
G1 F1200 X122.439 Y123.005 E131.08596
G0 F6000 X122.439 Y122.439
G1 F1200 X112.559 Y112.559 E131.55069
G0 F6000 X112.559 Y111.993
G1 F1200 X122.439 Y121.874 E132.01543
G0 F6000 X122.439 Y121.308
G1 F1200 X112.559 Y111.428 E132.48016
G0 F6000 X112.559 Y110.862
G1 F1200 X122.439 Y120.742 E132.94488
G0 F6000 X122.439 Y120.177
G1 F1200 X112.559 Y110.296 E133.40963
G0 F6000 X112.559 Y109.73
G1 F1200 X122.439 Y119.611 E133.87438
G0 F6000 X122.439 Y119.045
G1 F1200 X112.559 Y109.165 E134.33911
G0 F6000 X112.559 Y108.599
G1 F1200 X122.439 Y118.479 E134.80383
G0 F6000 X122.439 Y117.914
G1 F1200 X112.559 Y108.033 E135.26858
G0 F6000 X112.559 Y107.468
G1 F1200 X122.439 Y117.348 E135.7333
G0 F6000 X122.439 Y116.782
G1 F1200 X112.559 Y106.902 E136.19803
G0 F6000 X112.559 Y106.336
G1 F1200 X122.439 Y116.217 E136.66278
G0 F6000 X122.439 Y115.651
G1 F1200 X112.559 Y105.771 E137.1275
G0 F6000 X112.559 Y105.205
G1 F1200 X122.439 Y115.085 E137.59223
G0 F6000 X122.439 Y114.52
G1 F1200 X112.559 Y104.639 E138.05698
G0 F6000 X112.559 Y104.074
G1 F1200 X122.439 Y113.954 E138.5217
G0 F6000 X122.439 Y113.388
G1 F1200 X112.559 Y103.508 E138.98643
G0 F6000 X112.559 Y102.942
G1 F1200 X122.439 Y112.823 E139.45117
G0 F6000 X122.439 Y112.257
G1 F1200 X112.559 Y102.377 E139.9159
G0 F6000 X112.559 Y101.811
G1 F1200 X122.439 Y111.691 E140.38062
G0 F6000 X122.439 Y111.126
G1 F1200 X112.559 Y101.245 E140.84537
G0 F6000 X112.559 Y100.679
G1 F1200 X122.439 Y110.56 E141.31012
G0 F6000 X122.439 Y109.994
G1 F1200 X112.559 Y100.114 E141.77485
G0 F6000 X112.559 Y99.548
G1 F1200 X122.439 Y109.429 E142.23959
G0 F6000 X122.439 Y108.863
G1 F1200 X112.559 Y98.982 E142.70434
G0 F6000 X112.559 Y98.417
G1 F1200 X122.439 Y108.297 E143.16907
G0 F6000 X122.439 Y107.731
G1 F1200 X112.559 Y97.851 E143.63379
G0 F6000 X112.559 Y97.285
G1 F1200 X122.439 Y107.166 E144.09854
G0 F6000 X122.439 Y106.6
G1 F1200 X112.559 Y96.72 E144.56327
G0 F6000 X112.559 Y96.154
G1 F1200 X122.439 Y106.034 E145.02799
G0 F6000 X122.439 Y105.469
G1 F1200 X112.559 Y95.588 E145.49274
G0 F6000 X112.559 Y95.023
G1 F1200 X122.439 Y104.903 E145.95746
G0 F6000 X122.439 Y104.337
G1 F1200 X112.559 Y94.457 E146.42219
G0 F6000 X112.559 Y93.891
G1 F1200 X122.439 Y103.772 E146.88694
G0 F6000 X122.439 Y103.206
G1 F1200 X112.559 Y93.326 E147.35166
G0 F6000 X112.559 Y92.76
G1 F1200 X122.439 Y102.64 E147.81639
G0 F6000 X122.439 Y102.075
G1 F1200 X112.559 Y92.194 E148.28114
G0 F6000 X112.559 Y91.629
G1 F1200 X122.439 Y101.509 E148.74586
G0 F6000 X122.439 Y100.943
G1 F1200 X112.559 Y91.063 E149.21059
G0 F6000 X112.559 Y90.497
G1 F1200 X122.439 Y100.378 E149.67533
G0 F6000 X122.439 Y99.812
G1 F1200 X112.559 Y89.931 E150.14008
G0 F6000 X112.559 Y89.366
G1 F1200 X122.439 Y99.246 E150.60481
G0 F6000 X122.439 Y98.68
G1 F1200 X112.555 Y88.796 E151.06972
G0 F6000 X112.539 Y88.215
G1 F1200 X122.439 Y98.115 E151.53539
G0 F6000 X122.439 Y97.549
G1 F1200 X112.524 Y87.634 E152.00176
G0 F6000 X112.509 Y87.053
G1 F1200 X122.439 Y96.983 E152.46883
G0 F6000 X122.439 Y96.418
G1 F1200 X112.494 Y86.472 E152.93664
G0 F6000 X112.479 Y85.892
G1 F1200 X122.439 Y95.852 E153.40513
G0 F6000 X122.439 Y95.286
G1 F1200 X112.463 Y85.311 E153.87434
G0 F6000 X112.449 Y84.73
G1 F1200 X122.439 Y94.721 E154.34427
G0 F6000 X122.439 Y94.155
G1 F1200 X112.433 Y84.149 E154.81492
G0 F6000 X112.418 Y83.568
G1 F1200 X122.439 Y93.589 E155.28628
G0 F6000 X122.439 Y93.024
G1 F1200 X112.403 Y82.987 E155.75836
G0 F6000 X112.388 Y82.406
G1 F1200 X122.439 Y92.458 E156.23115
G0 F6000 X122.439 Y91.892
G1 F1200 X112.373 Y81.826 E156.70463
G0 F6000 X112.339 Y81.226
G1 F1200 X122.439 Y91.327 E157.17972
G0 F6000 X122.439 Y90.761
G1 F1200 X112.291 Y80.613 E157.65706
G0 F6000 X112.244 Y79.999
G1 F1200 X122.439 Y90.195 E158.13662
G0 F6000 X122.439 Y89.63
G1 F1200 X112.196 Y79.386 E158.61844
G0 F6000 X112.148 Y78.773
G1 F1200 X122.439 Y89.064 E159.1025
G0 F6000 X122.451 Y88.509
G1 F1200 X112.101 Y78.16 E159.58931
G0 F6000 X112.053 Y77.546
G1 F1200 X122.465 Y87.958 E160.07906
G0 F6000 X122.479 Y87.406
G1 F1200 X112.005 Y76.933 E160.5717
G0 F6000 X111.958 Y76.32
G1 F1200 X122.493 Y86.855 E161.06723
G0 F6000 X122.507 Y86.303
G1 F1200 X111.91 Y75.707 E161.56566
G0 F6000 X111.862 Y75.093
G1 F1200 X122.521 Y85.752 E162.06703
G0 F6000 X122.535 Y85.2
G1 F1200 X111.815 Y74.48 E162.57126
G0 F6000 X111.746 Y73.845
G1 F1200 X122.55 Y84.649 E163.07945
G0 F6000 X122.564 Y84.098
G1 F1200 X111.662 Y73.196 E163.59225
G0 F6000 X111.578 Y72.546
G1 F1200 X122.579 Y83.546 E164.10968
G0 F6000 X122.593 Y82.995
G1 F1200 X111.494 Y71.896 E164.63174
G0 F6000 X111.409 Y71.245
G1 F1200 X122.607 Y82.443 E165.15846
G0 F6000 X122.621 Y81.892
G1 F1200 X111.325 Y70.596 E165.68979
G0 F6000 X111.241 Y69.946
G1 F1200 X122.651 Y81.356 E166.22648
G0 F6000 X122.691 Y80.83
G1 F1200 X111.157 Y69.296 E166.769
G0 F6000 X111.073 Y68.646
G1 F1200 X122.732 Y80.306 E167.31743
G0 F6000 X122.772 Y79.78
G1 F1200 X110.988 Y67.996 E167.87171
G0 F6000 X110.904 Y67.346
G1 F1200 X122.813 Y79.256 E168.4319
G0 F6000 X122.854 Y78.73
G1 F1200 X110.803 Y66.68 E168.99872
G0 F6000 X110.677 Y65.988
G1 F1200 X122.895 Y78.206 E169.57342
G0 F6000 X122.935 Y77.68
G1 F1200 X110.551 Y65.297 E170.1559
G0 F6000 X110.425 Y64.604
G1 F1200 X122.976 Y77.155 E170.74626
G0 F6000 X123.016 Y76.63
G1 F1200 X110.299 Y63.913 E171.34443
G0 F6000 X110.172 Y63.221
G1 F1200 X123.057 Y76.105 E171.95047
G0 F6000 X123.098 Y75.58
G1 F1200 X110.047 Y62.529 E172.56435
G0 F6000 X109.92 Y61.837
G1 F1200 X123.139 Y75.055 E173.18611
G0 F6000 X123.179 Y74.53
G1 F1200 X109.794 Y61.145 E173.8157
G0 F6000 X109.668 Y60.454
G1 F1200 X123.231 Y74.016 E174.45364
G0 F6000 X123.296 Y73.515
G1 F1200 X109.559 Y59.779 E175.09976
G0 F6000 X109.559 Y59.213
G1 F1200 X123.36 Y73.014 E175.74892
G0 F6000 X123.425 Y72.513
G1 F1200 X109.559 Y58.648 E176.40111
G0 F6000 X109.559 Y58.082
G1 F1200 X123.49 Y72.013 E177.05638
G0 F6000 X123.554 Y71.511
G1 F1200 X109.559 Y57.516 E177.71466
G0 F6000 X109.559 Y56.951
G1 F1200 X123.619 Y71.011 E178.376
G0 F6000 X123.684 Y70.509
G1 F1200 X109.559 Y56.385 E179.04037
G0 F6000 X109.559 Y55.819
G1 F1200 X123.749 Y70.009 E179.70783
G0 F6000 X123.814 Y69.508
G1 F1200 X109.559 Y55.254 E180.37832
G0 F6000 X109.559 Y54.688
G1 F1200 X123.878 Y69.007 E181.05184
G0 F6000 X123.943 Y68.506
G1 F1200 X109.559 Y54.122 E181.72842
G0 F6000 X109.559 Y53.556
G1 F1200 X124.008 Y68.005 E182.40805
G0 F6000 X124.073 Y67.504
G1 F1200 X109.559 Y52.991 E183.09073
G0 F6000 X109.559 Y52.425
G1 F1200 X124.138 Y67.004 E183.77648
G0 F6000 X124.223 Y66.523
G1 F1200 X109.559 Y51.859 E184.46623
G0 F6000 X109.559 Y51.294
G1 F1200 X124.31 Y66.045 E185.16007
G0 F6000 X124.397 Y65.566
G1 F1200 X109.559 Y50.728 E185.858
G0 F6000 X109.559 Y50.162
G1 F1200 X124.485 Y65.088 E186.56008
G0 F6000 X124.572 Y64.609
G1 F1200 X109.559 Y49.597 E187.26622
G0 F6000 X109.559 Y49.031
G1 F1200 X124.659 Y64.131 E187.97647
G0 F6000 X124.746 Y63.652
G1 F1200 X109.559 Y48.465 E188.69082
G0 F6000 X109.559 Y47.9
G1 F1200 X124.834 Y63.174 E189.40929
G0 F6000 X124.921 Y62.695
G1 F1200 X109.559 Y47.334 E190.13185
G0 F6000 X109.559 Y46.768
G1 F1200 X125.007 Y62.216 E190.85847
G0 F6000 X125.094 Y61.738
G1 F1200 X109.559 Y46.203 E191.58919
G0 F6000 X109.559 Y45.637
G1 F1200 X125.181 Y61.259 E192.324
G0 F6000 X125.269 Y60.781
G1 F1200 X109.559 Y45.071 E193.06295
G0 F6000 X109.559 Y44.506
G1 F1200 X125.356 Y60.302 E193.80597
G0 F6000 X125.438 Y59.819
G1 F1200 X109.559 Y43.94 E194.55287
G0 F6000 X109.559 Y43.374
G1 F1200 X125.438 Y59.253 E195.29977
G0 F6000 X125.438 Y58.687
G1 F1200 X109.559 Y42.808 E196.04667
G0 F6000 X109.559 Y42.243
G1 F1200 X125.438 Y58.122 E196.79357
G0 F6000 X125.438 Y57.556
G1 F1200 X109.559 Y41.677 E197.54047
G0 F6000 X109.559 Y41.111
G1 F1200 X125.438 Y56.99 E198.28737
G0 F6000 X125.438 Y56.424
G1 F1200 X109.559 Y40.546 E199.03425
G0 F6000 X109.559 Y39.98
G1 F1200 X125.438 Y55.859 E199.78115
G0 F6000 X125.438 Y55.293
G1 F1200 X109.559 Y39.414 E200.52805
G0 F6000 X109.559 Y38.849
G1 F1200 X125.438 Y54.727 E201.27492
G0 F6000 X125.438 Y54.162
G1 F1200 X109.559 Y38.283 E202.02182
G0 F6000 X109.559 Y37.717
G1 F1200 X125.438 Y53.596 E202.76872
G0 F6000 X125.438 Y53.03
G1 F1200 X109.559 Y37.152 E203.5156
G0 F6000 X109.559 Y36.586
G1 F1200 X125.438 Y52.465 E204.2625
G0 F6000 X125.438 Y51.899
G1 F1200 X110.1 Y36.56 E204.98397
G0 F6000 X110.665 Y36.56
G1 F1200 X125.438 Y51.333 E205.67885
G0 F6000 X125.438 Y50.768
G1 F1200 X111.231 Y36.56 E206.34713
G0 F6000 X111.797 Y36.56
G1 F1200 X125.438 Y50.202 E206.98878
G0 F6000 X125.438 Y49.636
G1 F1200 X112.362 Y36.56 E207.60384
G0 F6000 X112.928 Y36.56
G1 F1200 X125.438 Y49.071 E208.19229
G0 F6000 X125.438 Y48.505
G1 F1200 X113.494 Y36.56 E208.75412
G0 F6000 X114.059 Y36.56
G1 F1200 X125.438 Y47.939 E209.28936
G0 F6000 X125.438 Y47.374
G1 F1200 X114.625 Y36.56 E209.79799
G0 F6000 X115.191 Y36.56
G1 F1200 X125.438 Y46.808 E210.28
G0 F6000 X125.438 Y46.242
G1 F1200 X115.756 Y36.56 E210.73541
G0 F6000 X116.322 Y36.56
G1 F1200 X125.438 Y45.676 E211.1642
G0 F6000 X125.438 Y45.111
G1 F1200 X116.888 Y36.56 E211.56639
G0 F6000 X117.453 Y36.56
G1 F1200 X125.438 Y44.545 E211.94198
G0 F6000 X125.438 Y43.979
G1 F1200 X118.019 Y36.56 E212.29095
G0 F6000 X118.585 Y36.56
G1 F1200 X125.438 Y43.414 E212.61332
G0 F6000 X125.438 Y42.848
G1 F1200 X119.151 Y36.56 E212.90906
G0 F6000 X119.716 Y36.56
G1 F1200 X125.438 Y42.282 E213.17821
G0 F6000 X125.438 Y41.717
G1 F1200 X120.282 Y36.56 E213.42075
G0 F6000 X120.848 Y36.56
G1 F1200 X125.438 Y41.151 E213.63667
G0 F6000 X125.438 Y40.585
G1 F1200 X121.413 Y36.56 E213.826
G0 F6000 X121.979 Y36.56
G1 F1200 X125.438 Y40.02 E213.98872
G0 F6000 X125.438 Y39.454
G1 F1200 X122.545 Y36.56 E214.12482
G0 F6000 X123.11 Y36.56
G1 F1200 X125.438 Y38.888 E214.23433
G0 F6000 X125.438 Y38.323
G1 F1200 X123.676 Y36.56 E214.31723
G0 F6000 X124.242 Y36.56
G1 F1200 X125.438 Y37.757 E214.37351
G0 F6000 X125.438 Y37.191
G1 F1200 X124.807 Y36.56 E214.40319
G0 F6000 X125.373 Y36.56
G1 F1200 X125.438 Y36.626 E214.40627
G1 F2700 E209.40627
;MESH:NONMESH
G0 F300 X125.438 Y36.626 Z0.4
G0 F6000 X125.9 Y36.626
G0 X125.838 Y59.892
G0 X123.917 Y74.337
G0 X123.35 Y81.659
G0 X123.161 Y88.99
G0 X123.161 Y146.01
G0 X123.35 Y153.341
G0 X123.809 Y159.271
G0 X124.701 Y167.971
;TIME_ELAPSED:353.923518
;LAYER:1
M106 S85
;TYPE:WALL-INNER
;MESH:D638-22 Tensile.STL
G1 F2700 E214.40627
G1 F1350 X126 Y175.089 E214.64693
G1 X126 Y175.858 E214.6725
G1 X126 Y199 E215.44221
G1 X109 Y199 E216.00763
G1 X109 Y175.093 E216.80278
G1 X110.299 Y167.972 E217.04353
G1 X111.245 Y160.664 E217.28863
G1 X111.812 Y153.324 E217.53348
G1 X112 Y146.027 E217.77626
G1 X112 Y88.973 E219.67389
G1 X111.81 Y81.625 E219.91836
G1 X111.246 Y74.345 E220.16122
G1 X110.299 Y67.028 E220.40662
G1 X109.001 Y59.911 E220.64724
G1 X109 Y36 E221.44252
G1 X126 Y36 E222.00794
G1 X125.999 Y59.907 E222.80309
G1 X124.701 Y67.027 E223.04381
G1 X123.754 Y74.346 E223.28927
G1 X123.19 Y81.624 E223.53206
G1 X123 Y88.973 E223.77657
G1 X123 Y146.027 E225.67419
G1 X123.188 Y153.323 E225.91694
G1 X123.754 Y160.654 E226.1615
G1 X124.701 Y167.971 E226.40689
G1 F2700 E221.40689
G0 F7500 X125.839 Y175.105
G0 X125.828 Y198.828
G0 X108.87 Y199.13
G1 F2700 E226.40689
G0 F7500 X108.6 Y199.4
G1 F1350 X126.4 Y199.4 E226.99892
G1 X126.4 Y175.858 E227.78193
G1 X126.4 Y175.053 E227.8087
G1 X125.094 Y167.894 E228.05074
G1 X124.156 Y160.654 E228.29356
G1 X123.589 Y153.343 E228.53745
G1 X123.4 Y146.017 E228.7812
G1 X123.4 Y88.983 E230.67816
G1 X123.589 Y81.655 E230.92197
G1 X124.156 Y74.346 E231.1658
G1 X125.094 Y67.104 E231.40868
G1 X126.399 Y59.943 E231.65078
G1 X126.4 Y35.6 E232.46043
G1 X108.6 Y35.6 E233.05246
G1 X108.601 Y59.947 E233.86224
G1 X109.906 Y67.105 E234.10425
G1 X110.847 Y74.376 E234.3481
G1 X111.411 Y81.656 E234.59096
G1 X111.6 Y88.983 E234.83473
G1 X111.6 Y146.017 E236.73169
G1 X111.411 Y153.345 E236.9755
G1 X110.844 Y160.654 E237.21933
G1 X109.906 Y167.896 E237.46221
G1 X108.6 Y175.057 E237.70432
G1 X108.6 Y199.4 E238.51397
G1 F2700 E233.51397
G0 F7500 X108.87 Y199.13
G0 X125.828 Y198.828
G0 X125.839 Y175.105
G0 X124.797 Y167.931
G1 F2700 E238.51397
G0 F7500 X125.491 Y167.842
;TYPE:WALL-OUTER
G1 F1350 X126.8 Y175.017 E238.75655
G1 X126.8 Y175.858 E238.78452
G1 X126.8 Y199.8 E239.58084
G1 X108.2 Y199.8 E240.19948
G1 X108.2 Y175.021 E241.02363
G1 X109.507 Y167.854 E241.26593
G1 X110.447 Y160.602 E241.50916
G1 X111.012 Y153.314 E241.75228
G1 X111.2 Y146.007 E241.99539
G1 X111.2 Y88.993 E243.89169
G1 X111.012 Y81.697 E244.13443
G1 X110.448 Y74.407 E244.37763
G1 X109.509 Y67.157 E244.62078
G1 X108.201 Y59.983 E244.86332
G1 X108.2 Y35.2 E245.6876
G1 X126.8 Y35.2 E246.30624
G1 X126.799 Y59.979 E247.13039
G1 X125.493 Y67.146 E247.3727
G1 X124.553 Y74.398 E247.61592
G1 X123.988 Y81.686 E247.85904
G1 X123.8 Y88.993 E248.10215
G1 X123.8 Y146.007 E249.99845
G1 X123.988 Y153.302 E250.24116
G1 X124.552 Y160.592 E250.48435
G1 X125.491 Y167.842 E250.7275
G0 F7500 X124.797 Y167.931
G0 X124.341 Y168.004
;TYPE:SKIN
G1 F1350 X125.64 Y175.122 E250.96816
G1 X125.64 Y175.858 E250.99264
G1 X125.64 Y198.64 E251.75037
G1 X109.36 Y198.64 E252.29185
G1 X109.36 Y175.128 E253.07386
G1 X110.657 Y168.017 E253.31427
G1 X111.598 Y160.752 E253.55793
G1 X112.172 Y153.343 E253.80509
G1 X112.36 Y146.04 E254.04807
G1 X112.36 Y88.961 E255.94652
G1 X112.169 Y81.606 E256.19123
G1 X111.599 Y74.258 E256.43636
G1 X110.659 Y66.995 E256.67995
G1 X109.361 Y59.879 E256.92053
G1 X109.361 Y36.361 E257.70274
G1 X125.639 Y36.361 E258.24415
G1 X125.639 Y59.872 E259.02613
G1 X124.343 Y66.983 E259.26654
G1 X123.402 Y74.247 E259.51016
G1 X122.828 Y81.657 E259.75736
G1 X122.64 Y88.961 E260.00037
G1 X122.64 Y146.04 E261.89882
G1 X122.831 Y153.391 E262.1434
G1 X123.401 Y160.741 E262.3886
G1 X124.341 Y168.004 E262.63218
G1 F2700 E257.63218
G0 F7500 X124.597 Y167.957
G0 X125.839 Y175.105
G0 X125.9 Y198.132
G1 F2700 E262.63218
G0 F7500 X125.44 Y198.132
G1 F1350 X125.133 Y198.438 E262.6466
G0 F7500 X124.567 Y198.438
G1 F1350 X125.44 Y197.566 E262.68764
G0 F7500 X125.44 Y197
G1 F1350 X124.001 Y198.438 E262.7553
G0 F7500 X123.436 Y198.438
G1 F1350 X125.44 Y196.434 E262.84956
G0 F7500 X125.44 Y195.869
G1 F1350 X122.87 Y198.438 E262.97042
G0 F7500 X122.304 Y198.438
G1 F1350 X125.44 Y195.303 E263.11791
G0 F7500 X125.44 Y194.737
G1 F1350 X121.739 Y198.438 E263.29199
G0 F7500 X121.173 Y198.438
G1 F1350 X125.44 Y194.172 E263.49267
G0 F7500 X125.44 Y193.606
G1 F1350 X120.607 Y198.438 E263.71998
G0 F7500 X120.041 Y198.438
G1 F1350 X125.44 Y193.04 E263.97391
G0 F7500 X125.44 Y192.475
G1 F1350 X119.476 Y198.438 E264.25441
G0 F7500 X118.91 Y198.438
G1 F1350 X125.44 Y191.909 E264.56154
G0 F7500 X125.44 Y191.343
G1 F1350 X118.344 Y198.438 E264.89529
G0 F7500 X117.779 Y198.438
G1 F1350 X125.44 Y190.778 E265.25562
G0 F7500 X125.44 Y190.212
G1 F1350 X117.213 Y198.438 E265.64257
G0 F7500 X116.647 Y198.438
G1 F1350 X125.44 Y189.646 E266.05614
G0 F7500 X125.44 Y189.081
G1 F1350 X116.082 Y198.438 E266.49629
G0 F7500 X115.516 Y198.438
G1 F1350 X125.44 Y188.515 E266.96306
G0 F7500 X125.44 Y187.949
G1 F1350 X114.95 Y198.438 E267.45645
G0 F7500 X114.385 Y198.438
G1 F1350 X125.44 Y187.384 E267.97642
G0 F7500 X125.44 Y186.818
G1 F1350 X113.819 Y198.438 E268.52301
G0 F7500 X113.253 Y198.438
G1 F1350 X125.44 Y186.252 E269.09623
G0 F7500 X125.44 Y185.686
G1 F1350 X112.688 Y198.438 E269.69605
G0 F7500 X112.122 Y198.438
G1 F1350 X125.44 Y185.121 E270.32246
G0 F7500 X125.44 Y184.555
G1 F1350 X111.556 Y198.438 E270.9755
G0 F7500 X110.991 Y198.438
G1 F1350 X125.44 Y183.989 E271.65513
G0 F7500 X125.44 Y183.424
G1 F1350 X110.425 Y198.438 E272.36137
G0 F7500 X109.859 Y198.438
G1 F1350 X125.44 Y182.858 E273.09423
G0 F7500 X125.44 Y182.292
G1 F1350 X109.559 Y198.173 E273.84122
G0 F7500 X109.559 Y197.607
G1 F1350 X125.44 Y181.727 E274.58819
G0 F7500 X125.44 Y181.161
G1 F1350 X109.559 Y197.041 E275.33516
G0 F7500 X109.559 Y196.475
G1 F1350 X125.44 Y180.595 E276.08213
G0 F7500 X125.44 Y180.03
G1 F1350 X109.559 Y195.91 E276.8291
G0 F7500 X109.559 Y195.344
G1 F1350 X125.44 Y179.464 E277.57607
G0 F7500 X125.44 Y178.898
G1 F1350 X109.559 Y194.778 E278.32304
G0 F7500 X109.559 Y194.213
G1 F1350 X125.44 Y178.333 E279.07001
G0 F7500 X125.44 Y177.767
G1 F1350 X109.559 Y193.647 E279.81698
G0 F7500 X109.559 Y193.081
G1 F1350 X125.44 Y177.201 E280.56395
G0 F7500 X125.44 Y176.635
G1 F1350 X109.559 Y192.516 E281.31095
G0 F7500 X109.559 Y191.95
G1 F1350 X125.44 Y176.07 E282.05792
G0 F7500 X125.44 Y175.504
G1 F1350 X109.559 Y191.384 E282.80489
G0 F7500 X109.559 Y190.819
G1 F1350 X125.408 Y174.97 E283.55037
G0 F7500 X125.321 Y174.492
G1 F1350 X109.559 Y190.253 E284.29175
G0 F7500 X109.559 Y189.687
G1 F1350 X125.234 Y174.013 E285.02903
G0 F7500 X125.146 Y173.535
G1 F1350 X109.559 Y189.122 E285.76219
G0 F7500 X109.559 Y188.556
G1 F1350 X125.059 Y173.056 E286.49126
G0 F7500 X124.971 Y172.578
G1 F1350 X109.559 Y187.99 E287.2162
G0 F7500 X109.559 Y187.425
G1 F1350 X124.884 Y172.099 E287.93706
G0 F7500 X124.797 Y171.621
G1 F1350 X109.559 Y186.859 E288.65381
G0 F7500 X109.559 Y186.293
G1 F1350 X124.71 Y171.143 E289.36644
G0 F7500 X124.623 Y170.664
G1 F1350 X109.559 Y185.727 E290.07499
G0 F7500 X109.559 Y185.162
G1 F1350 X124.535 Y170.186 E290.77941
G0 F7500 X124.448 Y169.707
G1 F1350 X109.559 Y184.596 E291.47974
G0 F7500 X109.559 Y184.03
G1 F1350 X124.36 Y169.229 E292.17594
G0 F7500 X124.274 Y168.751
G1 F1350 X109.559 Y183.465 E292.86806
G0 F7500 X109.559 Y182.899
G1 F1350 X124.186 Y168.273 E293.55605
G0 F7500 X124.111 Y167.782
G1 F1350 X109.559 Y182.333 E294.24051
G0 F7500 X109.559 Y181.768
G1 F1350 X124.046 Y167.281 E294.92193
G0 F7500 X123.981 Y166.781
G1 F1350 X109.559 Y181.202 E295.60027
G0 F7500 X109.559 Y180.636
G1 F1350 X123.916 Y166.28 E296.27556
G0 F7500 X123.851 Y165.779
G1 F1350 X109.559 Y180.071 E296.94781
G0 F7500 X109.559 Y179.505
G1 F1350 X123.786 Y165.278 E297.617
G0 F7500 X123.721 Y164.777
G1 F1350 X109.559 Y178.939 E298.28314
G0 F7500 X109.559 Y178.374
G1 F1350 X123.656 Y164.277 E298.94622
G0 F7500 X123.591 Y163.776
G1 F1350 X109.559 Y177.808 E299.60624
G0 F7500 X109.559 Y177.242
G1 F1350 X123.527 Y163.275 E300.26323
G0 F7500 X123.462 Y162.774
G1 F1350 X109.559 Y176.676 E300.91716
G0 F7500 X109.559 Y176.111
G1 F1350 X123.397 Y162.273 E301.56806
G0 F7500 X123.332 Y161.773
G1 F1350 X109.559 Y175.545 E302.21588
G0 F7500 X109.597 Y174.942
G1 F1350 X123.267 Y161.272 E302.85887
G0 F7500 X123.202 Y160.771
G1 F1350 X109.723 Y174.25 E303.49288
G0 F7500 X109.849 Y173.558
G1 F1350 X123.161 Y160.246 E304.11904
G0 F7500 X123.121 Y159.721
G1 F1350 X109.975 Y172.867 E304.73739
G0 F7500 X110.102 Y172.174
G1 F1350 X123.08 Y159.196 E305.34783
G0 F7500 X123.039 Y158.671
G1 F1350 X110.228 Y171.483 E305.95044
G0 F7500 X110.354 Y170.791
G1 F1350 X122.999 Y158.146 E306.54523
G0 F7500 X122.958 Y157.621
G1 F1350 X110.48 Y170.099 E307.13215
G0 F7500 X110.607 Y169.407
G1 F1350 X122.917 Y157.096 E307.7112
G0 F7500 X122.876 Y156.571
G1 F1350 X110.732 Y168.715 E308.28242
G0 F7500 X110.858 Y168.024
G1 F1350 X122.835 Y156.047 E308.84578
G0 F7500 X122.795 Y155.521
G1 F1350 X110.942 Y167.374 E309.40331
G0 F7500 X111.026 Y166.725
G1 F1350 X122.754 Y154.997 E309.95496
G0 F7500 X122.713 Y154.472
G1 F1350 X111.11 Y166.075 E310.50073
G0 F7500 X111.194 Y165.425
G1 F1350 X122.673 Y153.947 E311.04064
G0 F7500 X122.632 Y153.422
G1 F1350 X111.278 Y164.775 E311.57467
G0 F7500 X111.362 Y164.126
G1 F1350 X122.617 Y152.871 E312.10407
G0 F7500 X122.603 Y152.319
G1 F1350 X111.446 Y163.476 E312.62887
G0 F7500 X111.53 Y162.826
G1 F1350 X122.588 Y151.768 E313.149
G0 F7500 X122.574 Y151.217
G1 F1350 X111.614 Y162.177 E313.66453
G0 F7500 X111.698 Y161.527
G1 F1350 X122.559 Y150.666 E314.17539
G0 F7500 X122.545 Y150.114
G1 F1350 X111.782 Y160.878 E314.68168
G0 F7500 X111.836 Y160.257
G1 F1350 X122.53 Y149.563 E315.18469
G0 F7500 X122.516 Y149.012
G1 F1350 X111.884 Y159.644 E315.68478
G0 F7500 X111.931 Y159.031
G1 F1350 X122.502 Y148.46 E316.18201
G0 F7500 X122.487 Y147.909
G1 F1350 X111.978 Y158.418 E316.67632
G0 F7500 X112.026 Y157.805
G1 F1350 X122.473 Y147.358 E317.16772
G0 F7500 X122.459 Y146.806
G1 F1350 X112.074 Y157.191 E317.6562
G0 F7500 X112.121 Y156.578
G1 F1350 X122.444 Y146.255 E318.14176
G0 F7500 X122.439 Y145.695
G1 F1350 X112.169 Y155.965 E318.62483
G0 F7500 X112.216 Y155.352
G1 F1350 X122.439 Y145.13 E319.10566
G0 F7500 X122.439 Y144.564
G1 F1350 X112.263 Y154.739 E319.58429
G0 F7500 X112.311 Y154.126
G1 F1350 X122.439 Y143.998 E320.06068
G0 F7500 X122.439 Y143.433
G1 F1350 X112.358 Y153.513 E320.53483
G0 F7500 X112.383 Y152.923
G1 F1350 X122.439 Y142.867 E321.00784
G0 F7500 X122.439 Y142.301
G1 F1350 X112.398 Y152.342 E321.48014
G0 F7500 X112.413 Y151.762
G1 F1350 X122.439 Y141.736 E321.95173
G0 F7500 X122.439 Y141.17
G1 F1350 X112.427 Y151.181 E322.42264
G0 F7500 X112.442 Y150.601
G1 F1350 X122.439 Y140.604 E322.89287
G0 F7500 X122.439 Y140.038
G1 F1350 X112.457 Y150.02 E323.36239
G0 F7500 X112.473 Y149.439
G1 F1350 X122.439 Y139.473 E323.83116
G0 F7500 X122.439 Y138.907
G1 F1350 X112.487 Y148.858 E324.29925
G0 F7500 X112.502 Y148.278
G1 F1350 X122.439 Y138.341 E324.76665
G0 F7500 X122.439 Y137.776
G1 F1350 X112.517 Y147.697 E325.23333
G0 F7500 X112.532 Y147.117
G1 F1350 X122.439 Y137.21 E325.69932
G0 F7500 X122.439 Y136.644
G1 F1350 X112.548 Y146.535 E326.16457
G0 F7500 X112.56 Y145.958
G1 F1350 X122.439 Y136.079 E326.62924
G0 F7500 X122.439 Y135.513
G1 F1350 X112.56 Y145.392 E327.09392
G0 F7500 X112.56 Y144.826
G1 F1350 X122.439 Y134.947 E327.5586
G0 F7500 X122.439 Y134.382
G1 F1350 X112.56 Y144.261 E328.02328
G0 F7500 X112.56 Y143.695
G1 F1350 X122.439 Y133.816 E328.48796
G0 F7500 X122.439 Y133.25
G1 F1350 X112.56 Y143.129 E328.95263
G0 F7500 X112.56 Y142.564
G1 F1350 X122.439 Y132.685 E329.41731
G0 F7500 X122.439 Y132.119
G1 F1350 X112.56 Y141.998 E329.88199
G0 F7500 X112.56 Y141.432
G1 F1350 X122.439 Y131.553 E330.34667
G0 F7500 X122.439 Y130.987
G1 F1350 X112.56 Y140.866 E330.81135
G0 F7500 X112.56 Y140.301
G1 F1350 X122.439 Y130.422 E331.27602
G0 F7500 X122.439 Y129.856
G1 F1350 X112.56 Y139.735 E331.7407
G0 F7500 X112.56 Y139.169
G1 F1350 X122.439 Y129.29 E332.20538
G0 F7500 X122.439 Y128.725
G1 F1350 X112.56 Y138.604 E332.67006
G0 F7500 X112.56 Y138.038
G1 F1350 X122.439 Y128.159 E333.13473
G0 F7500 X122.439 Y127.593
G1 F1350 X112.56 Y137.472 E333.59941
G0 F7500 X112.56 Y136.907
G1 F1350 X122.439 Y127.028 E334.06409
G0 F7500 X122.439 Y126.462
G1 F1350 X112.56 Y136.341 E334.52877
G0 F7500 X112.56 Y135.775
G1 F1350 X122.439 Y125.896 E334.99345
G0 F7500 X122.439 Y125.331
G1 F1350 X112.56 Y135.21 E335.45812
G0 F7500 X112.56 Y134.644
G1 F1350 X122.439 Y124.765 E335.9228
G0 F7500 X122.439 Y124.199
G1 F1350 X112.56 Y134.078 E336.38748
G0 F7500 X112.56 Y133.513
G1 F1350 X122.439 Y123.634 E336.85216
G0 F7500 X122.439 Y123.068
G1 F1350 X112.56 Y132.947 E337.31684
G0 F7500 X112.56 Y132.381
G1 F1350 X122.439 Y122.502 E337.78151
G0 F7500 X122.439 Y121.937
G1 F1350 X112.56 Y131.816 E338.24619
G0 F7500 X112.56 Y131.25
G1 F1350 X122.439 Y121.371 E338.71087
G0 F7500 X122.439 Y120.805
G1 F1350 X112.56 Y130.684 E339.17555
G0 F7500 X112.56 Y130.118
G1 F1350 X122.439 Y120.239 E339.64023
G0 F7500 X122.439 Y119.674
G1 F1350 X112.56 Y129.553 E340.1049
G0 F7500 X112.56 Y128.987
G1 F1350 X122.439 Y119.108 E340.56958
G0 F7500 X122.439 Y118.542
G1 F1350 X112.56 Y128.421 E341.03426
G0 F7500 X112.56 Y127.856
G1 F1350 X122.439 Y117.977 E341.49894
G0 F7500 X122.439 Y117.411
G1 F1350 X112.56 Y127.29 E341.96361
G0 F7500 X112.56 Y126.724
G1 F1350 X122.439 Y116.845 E342.42829
G0 F7500 X122.439 Y116.28
G1 F1350 X112.56 Y126.159 E342.89297
G0 F7500 X112.56 Y125.593
G1 F1350 X122.439 Y115.714 E343.35765
G0 F7500 X122.439 Y115.148
G1 F1350 X112.56 Y125.027 E343.82233
G0 F7500 X112.56 Y124.462
G1 F1350 X122.439 Y114.583 E344.287
G0 F7500 X122.439 Y114.017
G1 F1350 X112.56 Y123.896 E344.75168
G0 F7500 X112.56 Y123.33
G1 F1350 X122.439 Y113.451 E345.21636
G0 F7500 X122.439 Y112.886
G1 F1350 X112.56 Y122.765 E345.68104
G0 F7500 X112.56 Y122.199
G1 F1350 X122.439 Y112.32 E346.14572
G0 F7500 X122.439 Y111.754
G1 F1350 X112.56 Y121.633 E346.61039
G0 F7500 X112.56 Y121.067
G1 F1350 X122.439 Y111.189 E347.07505
G0 F7500 X122.439 Y110.623
G1 F1350 X112.56 Y120.502 E347.53973
G0 F7500 X112.56 Y119.936
G1 F1350 X122.439 Y110.057 E348.0044
G0 F7500 X122.439 Y109.491
G1 F1350 X112.56 Y119.37 E348.46908
G0 F7500 X112.56 Y118.805
G1 F1350 X122.439 Y108.926 E348.93376
G0 F7500 X122.439 Y108.36
G1 F1350 X112.56 Y118.239 E349.39844
G0 F7500 X112.56 Y117.673
G1 F1350 X122.439 Y107.794 E349.86311
G0 F7500 X122.439 Y107.229
G1 F1350 X112.56 Y117.108 E350.32779
G0 F7500 X112.56 Y116.542
G1 F1350 X122.439 Y106.663 E350.79247
G0 F7500 X122.439 Y106.097
G1 F1350 X112.56 Y115.976 E351.25715
G0 F7500 X112.56 Y115.411
G1 F1350 X122.439 Y105.532 E351.72183
G0 F7500 X122.439 Y104.966
G1 F1350 X112.56 Y114.845 E352.1865
G0 F7500 X112.56 Y114.279
G1 F1350 X122.439 Y104.4 E352.65118
G0 F7500 X122.439 Y103.835
G1 F1350 X112.56 Y113.714 E353.11586
G0 F7500 X112.56 Y113.148
G1 F1350 X122.439 Y103.269 E353.58054
G0 F7500 X122.439 Y102.703
G1 F1350 X112.56 Y112.582 E354.04522
G0 F7500 X112.56 Y112.017
G1 F1350 X122.439 Y102.138 E354.50989
G0 F7500 X122.439 Y101.572
G1 F1350 X112.56 Y111.451 E354.97457
G0 F7500 X112.56 Y110.885
G1 F1350 X122.439 Y101.006 E355.43925
G0 F7500 X122.439 Y100.44
G1 F1350 X112.56 Y110.319 E355.90393
G0 F7500 X112.56 Y109.754
G1 F1350 X122.439 Y99.875 E356.3686
G0 F7500 X122.439 Y99.309
G1 F1350 X112.56 Y109.188 E356.83328
G0 F7500 X112.56 Y108.622
G1 F1350 X122.439 Y98.743 E357.29796
G0 F7500 X122.439 Y98.178
G1 F1350 X112.56 Y108.057 E357.76264
G0 F7500 X112.56 Y107.491
G1 F1350 X122.439 Y97.612 E358.22732
G0 F7500 X122.439 Y97.046
G1 F1350 X112.56 Y106.925 E358.69199
G0 F7500 X112.56 Y106.36
G1 F1350 X122.439 Y96.481 E359.15667
G0 F7500 X122.439 Y95.915
G1 F1350 X112.56 Y105.794 E359.62135
G0 F7500 X112.56 Y105.228
G1 F1350 X122.439 Y95.349 E360.08603
G0 F7500 X122.439 Y94.784
G1 F1350 X112.56 Y104.663 E360.55071
G0 F7500 X112.56 Y104.097
G1 F1350 X122.439 Y94.218 E361.01538
G0 F7500 X122.439 Y93.652
G1 F1350 X112.56 Y103.531 E361.48006
G0 F7500 X112.56 Y102.966
G1 F1350 X122.439 Y93.087 E361.94474
G0 F7500 X122.439 Y92.521
G1 F1350 X112.56 Y102.4 E362.40942
G0 F7500 X112.56 Y101.834
G1 F1350 X122.439 Y91.955 E362.8741
G0 F7500 X122.439 Y91.39
G1 F1350 X112.56 Y101.269 E363.33877
G0 F7500 X112.56 Y100.703
G1 F1350 X122.439 Y90.824 E363.80345
G0 F7500 X122.439 Y90.258
G1 F1350 X112.56 Y100.137 E364.26813
G0 F7500 X112.56 Y99.571
G1 F1350 X122.439 Y89.692 E364.73281
G0 F7500 X122.439 Y89.127
G1 F1350 X112.56 Y99.006 E365.19748
G0 F7500 X112.56 Y98.44
G1 F1350 X122.448 Y88.551 E365.66261
G0 F7500 X122.463 Y87.971
G1 F1350 X112.56 Y97.874 E366.12842
G0 F7500 X112.56 Y97.309
G1 F1350 X122.479 Y87.389 E366.595
G0 F7500 X122.494 Y86.809
G1 F1350 X112.56 Y96.743 E367.06226
G0 F7500 X112.56 Y96.177
G1 F1350 X122.509 Y86.228 E367.53023
G0 F7500 X122.523 Y85.648
G1 F1350 X112.56 Y95.612 E367.99889
G0 F7500 X112.56 Y95.046
G1 F1350 X122.538 Y85.067 E368.46824
G0 F7500 X122.553 Y84.487
G1 F1350 X112.56 Y94.48 E368.93828
G0 F7500 X112.56 Y93.915
G1 F1350 X122.569 Y83.905 E369.4091
G0 F7500 X122.584 Y83.325
G1 F1350 X112.56 Y93.349 E369.8806
G0 F7500 X112.56 Y92.783
G1 F1350 X122.598 Y82.744 E370.35278
G0 F7500 X122.613 Y82.164
G1 F1350 X112.56 Y92.218 E370.82567
G0 F7500 X112.56 Y91.652
G1 F1350 X122.633 Y81.578 E371.29949
G0 F7500 X122.68 Y80.965
G1 F1350 X112.56 Y91.086 E371.77553
G0 F7500 X112.56 Y90.52
G1 F1350 X122.728 Y80.352 E372.2538
G0 F7500 X122.775 Y79.739
G1 F1350 X112.56 Y89.955 E372.73431
G0 F7500 X112.56 Y89.389
G1 F1350 X122.823 Y79.126 E373.21705
G0 F7500 X122.87 Y78.513
G1 F1350 X112.556 Y88.827 E373.70219
G0 F7500 X112.541 Y88.276
G1 F1350 X122.917 Y77.9 E374.19024
G0 F7500 X122.965 Y77.287
G1 F1350 X112.527 Y87.725 E374.68121
G0 F7500 X112.513 Y87.173
G1 F1350 X123.012 Y76.674 E375.17505
G0 F7500 X123.06 Y76.06
G1 F1350 X112.498 Y86.622 E375.67186
G0 F7500 X112.484 Y86.071
G1 F1350 X123.107 Y75.447 E376.17155
G0 F7500 X123.155 Y74.834
G1 F1350 X112.47 Y85.519 E376.67414
G0 F7500 X112.455 Y84.968
G1 F1350 X123.204 Y74.22 E377.17972
G0 F7500 X123.288 Y73.57
G1 F1350 X112.441 Y84.417 E377.68993
G0 F7500 X112.427 Y83.865
G1 F1350 X123.371 Y72.921 E378.2047
G0 F7500 X123.455 Y72.271
G1 F1350 X112.412 Y83.314 E378.72413
G0 F7500 X112.398 Y82.763
G1 F1350 X123.54 Y71.621 E379.24822
G0 F7500 X123.624 Y70.971
G1 F1350 X112.384 Y82.211 E379.77691
G0 F7500 X112.369 Y81.66
G1 F1350 X123.708 Y70.321 E380.31026
G0 F7500 X123.792 Y69.671
G1 F1350 X112.332 Y81.132 E380.84933
G0 F7500 X112.292 Y80.606
G1 F1350 X123.876 Y69.022 E381.39421
G0 F7500 X123.96 Y68.372
G1 F1350 X112.251 Y80.081 E381.94496
G0 F7500 X112.21 Y79.557
G1 F1350 X124.044 Y67.723 E382.5016
G0 F7500 X124.128 Y67.073
G1 F1350 X112.169 Y79.031 E383.06409
G0 F7500 X112.128 Y78.507
G1 F1350 X124.247 Y66.388 E383.63413
G0 F7500 X124.373 Y65.696
G1 F1350 X112.088 Y77.981 E384.21198
G0 F7500 X112.047 Y77.457
G1 F1350 X124.499 Y65.005 E384.79768
G0 F7500 X124.625 Y64.313
G1 F1350 X112.006 Y76.932 E385.39124
G0 F7500 X111.966 Y76.407
G1 F1350 X124.751 Y63.621 E385.99263
G0 F7500 X124.877 Y62.93
G1 F1350 X111.925 Y75.882 E386.60185
G0 F7500 X111.884 Y75.357
G1 F1350 X125.003 Y62.238 E387.21893
G0 F7500 X125.129 Y61.546
G1 F1350 X111.843 Y74.832 E387.84386
G0 F7500 X111.802 Y74.307
G1 F1350 X125.255 Y60.855 E388.47663
G0 F7500 X125.381 Y60.163
G1 F1350 X111.741 Y73.802 E389.11819
G0 F7500 X111.676 Y73.302
G1 F1350 X125.437 Y59.541 E389.76546
G0 F7500 X125.437 Y58.975
G1 F1350 X111.611 Y72.801 E390.4158
G0 F7500 X111.547 Y72.3
G1 F1350 X125.437 Y58.409 E391.06916
G0 F7500 X125.437 Y57.844
G1 F1350 X111.482 Y71.799 E391.72556
G0 F7500 X111.417 Y71.298
G1 F1350 X125.437 Y57.278 E392.38502
G0 F7500 X125.437 Y56.712
G1 F1350 X111.352 Y70.798 E393.04756
G0 F7500 X111.287 Y70.297
G1 F1350 X125.437 Y56.147 E393.71313
G0 F7500 X125.437 Y55.581
G1 F1350 X111.222 Y69.796 E394.38176
G0 F7500 X111.157 Y69.295
G1 F1350 X125.437 Y55.015 E395.05345
G0 F7500 X125.437 Y54.45
G1 F1350 X111.092 Y68.795 E395.72819
G0 F7500 X111.027 Y68.294
G1 F1350 X125.437 Y53.884 E396.406
G0 F7500 X125.437 Y53.318
G1 F1350 X110.962 Y67.793 E397.08686
G0 F7500 X110.898 Y67.292
G1 F1350 X125.437 Y52.752 E397.77075
G0 F7500 X125.437 Y52.187
G1 F1350 X110.826 Y66.798 E398.45801
G0 F7500 X110.739 Y66.32
G1 F1350 X125.437 Y51.621 E399.14938
G0 F7500 X125.437 Y51.055
G1 F1350 X110.651 Y65.842 E399.84489
G0 F7500 X110.564 Y65.363
G1 F1350 X125.437 Y50.49 E400.54447
G0 F7500 X125.437 Y49.924
G1 F1350 X110.476 Y64.885 E401.24819
G0 F7500 X110.389 Y64.406
G1 F1350 X125.437 Y49.358 E401.956
G0 F7500 X125.437 Y48.793
G1 F1350 X110.303 Y63.928 E402.66788
G0 F7500 X110.215 Y63.45
G1 F1350 X125.437 Y48.227 E403.3839
G0 F7500 X125.437 Y47.661
G1 F1350 X110.128 Y62.971 E404.10401
G0 F7500 X110.04 Y62.493
G1 F1350 X125.437 Y47.096 E404.82824
G0 F7500 X125.437 Y46.53
G1 F1350 X109.953 Y62.014 E405.55656
G0 F7500 X109.866 Y61.535
G1 F1350 X125.437 Y45.964 E406.28897
G0 F7500 X125.437 Y45.399
G1 F1350 X109.779 Y61.057 E407.02548
G0 F7500 X109.692 Y60.579
G1 F1350 X125.437 Y44.833 E407.7661
G0 F7500 X125.437 Y44.267
G1 F1350 X109.605 Y60.1 E408.51081
G0 F7500 X109.56 Y59.579
G1 F1350 X125.437 Y43.702 E409.25762
G0 F7500 X125.437 Y43.136
G1 F1350 X109.56 Y59.013 E410.00442
G0 F7500 X109.56 Y58.448
G1 F1350 X125.437 Y42.57 E410.75125
G0 F7500 X125.437 Y42.004
G1 F1350 X109.56 Y57.882 E411.49808
G0 F7500 X109.56 Y57.316
G1 F1350 X125.437 Y41.439 E412.24488
G0 F7500 X125.437 Y40.873
G1 F1350 X109.56 Y56.75 E412.99169
G0 F7500 X109.56 Y56.185
G1 F1350 X125.437 Y40.307 E413.73852
G0 F7500 X125.437 Y39.742
G1 F1350 X109.56 Y55.619 E414.48532
G0 F7500 X109.56 Y55.053
G1 F1350 X125.437 Y39.176 E415.23213
G0 F7500 X125.437 Y38.61
G1 F1350 X109.56 Y54.488 E415.97896
G0 F7500 X109.56 Y53.922
G1 F1350 X125.437 Y38.045 E416.72576
G0 F7500 X125.437 Y37.479
G1 F1350 X109.56 Y53.356 E417.47257
G0 F7500 X109.56 Y52.791
G1 F1350 X125.437 Y36.913 E418.2194
G0 F7500 X125.225 Y36.56
G1 F1350 X109.56 Y52.225 E418.95623
G0 F7500 X109.56 Y51.659
G1 F1350 X124.659 Y36.56 E419.66644
G0 F7500 X124.093 Y36.56
G1 F1350 X109.56 Y51.094 E420.35005
G0 F7500 X109.56 Y50.528
G1 F1350 X123.528 Y36.56 E421.00707
G0 F7500 X122.962 Y36.56
G1 F1350 X109.56 Y49.962 E421.63745
G0 F7500 X109.56 Y49.397
G1 F1350 X122.396 Y36.56 E422.24124
G0 F7500 X121.83 Y36.56
G1 F1350 X109.56 Y48.831 E422.81841
G0 F7500 X109.56 Y48.265
G1 F1350 X121.265 Y36.56 E423.36898
G0 F7500 X120.699 Y36.56
G1 F1350 X109.56 Y47.7 E423.89295
G0 F7500 X109.56 Y47.134
G1 F1350 X120.133 Y36.56 E424.39029
G0 F7500 X119.568 Y36.56
G1 F1350 X109.56 Y46.568 E424.86104
G0 F7500 X109.56 Y46.002
G1 F1350 X119.002 Y36.56 E425.30516
G0 F7500 X118.436 Y36.56
G1 F1350 X109.56 Y45.437 E425.72268
G0 F7500 X109.56 Y44.871
G1 F1350 X117.871 Y36.56 E426.11361
G0 F7500 X117.305 Y36.56
G1 F1350 X109.56 Y44.305 E426.47791
G0 F7500 X109.56 Y43.74
G1 F1350 X116.739 Y36.56 E426.81561
G0 F7500 X116.174 Y36.56
G1 F1350 X109.56 Y43.174 E427.12671
G0 F7500 X109.56 Y42.608
G1 F1350 X115.608 Y36.56 E427.41119
G0 F7500 X115.042 Y36.56
G1 F1350 X109.56 Y42.043 E427.66907
G0 F7500 X109.56 Y41.477
G1 F1350 X114.477 Y36.56 E427.90035
G0 F7500 X113.911 Y36.56
G1 F1350 X109.56 Y40.911 E428.10501
G0 F7500 X109.56 Y40.346
G1 F1350 X113.345 Y36.56 E428.28307
G0 F7500 X112.779 Y36.56
G1 F1350 X109.56 Y39.78 E428.4345
G0 F7500 X109.56 Y39.214
G1 F1350 X112.214 Y36.56 E428.55934
G0 F7500 X111.648 Y36.56
G1 F1350 X109.56 Y38.649 E428.65758
G0 F7500 X109.56 Y38.083
G1 F1350 X111.082 Y36.56 E428.72919
G0 F7500 X110.517 Y36.56
G1 F1350 X109.56 Y37.517 E428.7742
G0 F7500 X109.56 Y36.951
G1 F1350 X109.951 Y36.56 E428.7926
G1 F2700 E423.7926
;MESH:NONMESH
G0 F300 X109.951 Y36.56 Z0.6
G0 F7500 X109.951 Y36.1
G0 X109.172 Y36.172
G0 X109.162 Y59.896
G0 X111.083 Y74.337
G0 X111.65 Y81.659
G0 X111.839 Y88.99
G0 X111.839 Y146.01
G0 X111.65 Y153.341
G0 X111.083 Y160.663
G0 X110.14 Y167.947
G0 X109.149 Y173.192
G0 X109 Y199
;TIME_ELAPSED:670.164614
;LAYER:2
M106 S170
;TYPE:WALL-INNER
;MESH:D638-22 Tensile.STL
G1 F2700 E428.7926
G1 F1500 X126 Y199 E429.35802
G1 X126 Y175.858 E430.12772
G1 X126 Y175.089 E430.1533
G1 X124.701 Y167.971 E430.39396
G1 X123.754 Y160.654 E430.63935
G1 X123.188 Y153.323 E430.88391
G1 X123 Y146.027 E431.12665
G1 X123 Y88.973 E433.02428
G1 X123.19 Y81.624 E433.26879
G1 X123.754 Y74.346 E433.51158
G1 X124.701 Y67.027 E433.75704
G1 X125.999 Y59.907 E433.99776
G1 X126 Y36 E434.79291
G1 X109 Y36 E435.35833
G1 X109.001 Y59.911 E436.15361
G1 X110.299 Y67.028 E436.39423
G1 X111.246 Y74.345 E436.63962
G1 X111.81 Y81.625 E436.88248
G1 X112 Y88.973 E437.12696
G1 X112 Y146.027 E439.02458
G1 X111.812 Y153.324 E439.26736
G1 X111.245 Y160.664 E439.51222
G1 X110.299 Y167.972 E439.75731
G1 X109 Y175.093 E439.99807
G1 X109 Y199 E440.79322
G1 F2700 E435.79322
G0 F9000 X125.828 Y198.828
G0 X125.839 Y175.105
G0 X124.797 Y167.931
G1 F2700 E440.79322
G0 F9000 X125.094 Y167.894
G1 F1500 X126.4 Y175.053 E441.03525
G1 X126.4 Y175.858 E441.06203
G1 X126.4 Y199.4 E441.84504
G1 X108.6 Y199.4 E442.43707
G1 X108.6 Y175.057 E443.24672
G1 X109.906 Y167.896 E443.48883
G1 X110.844 Y160.654 E443.73171
G1 X111.411 Y153.345 E443.97554
G1 X111.6 Y146.017 E444.21935
G1 X111.6 Y88.983 E446.11631
G1 X111.411 Y81.656 E446.36008
G1 X110.847 Y74.376 E446.60294
G1 X109.906 Y67.105 E446.84679
G1 X108.601 Y59.947 E447.08879
G1 X108.6 Y35.6 E447.89858
G1 X126.4 Y35.6 E448.49061
G1 X126.399 Y59.943 E449.30026
G1 X125.094 Y67.104 E449.54236
G1 X124.156 Y74.346 E449.78524
G1 X123.589 Y81.655 E450.02907
G1 X123.4 Y88.983 E450.27288
G1 X123.4 Y146.017 E452.16984
G1 X123.589 Y153.343 E452.41359
G1 X124.156 Y160.654 E452.65748
G1 X125.094 Y167.894 E452.9003
G1 F2700 E447.9003
G0 F9000 X124.797 Y167.931
G0 X126.198 Y175.072
G0 X126.082 Y199.082
G0 X108.47 Y199.53
G1 F2700 E452.9003
G0 F9000 X108.2 Y199.8
;TYPE:WALL-OUTER
G1 F1500 X126.8 Y199.8 E453.51893
G1 X126.8 Y175.858 E454.31525
G1 X126.8 Y175.017 E454.34322
G1 X125.491 Y167.842 E454.5858
G1 X124.552 Y160.592 E454.82895
G1 X123.988 Y153.302 E455.07214
G1 X123.8 Y146.007 E455.31486
G1 X123.8 Y88.993 E457.21115
G1 X123.988 Y81.686 E457.45426
G1 X124.553 Y74.398 E457.69739
G1 X125.493 Y67.146 E457.94061
G1 X126.799 Y59.979 E458.18291
G1 X126.8 Y35.2 E459.00706
G1 X108.2 Y35.2 E459.6257
G1 X108.201 Y59.983 E460.44999
G1 X109.509 Y67.157 E460.69253
G1 X110.448 Y74.407 E460.93568
G1 X111.012 Y81.697 E461.17887
G1 X111.2 Y88.993 E461.42162
G1 X111.2 Y146.007 E463.31791
G1 X111.012 Y153.314 E463.56102
G1 X110.447 Y160.602 E463.80415
G1 X109.507 Y167.854 E464.04737
G1 X108.2 Y175.021 E464.28968
G1 X108.2 Y199.8 E465.11383
G0 F9000 X108.47 Y199.53
G0 X109.1 Y198.64
G0 X109.36 Y198.64
;TYPE:SKIN
G1 F1500 X125.64 Y198.64 E465.6553
G1 X125.64 Y175.858 E466.41304
G1 X125.64 Y175.122 E466.43752
G1 X124.341 Y168.004 E466.67817
G1 X123.401 Y160.741 E466.92175
G1 X122.831 Y153.391 E467.16695
G1 X122.64 Y146.04 E467.41153
G1 X122.64 Y88.961 E469.30998
G1 X122.828 Y81.657 E469.553
G1 X123.402 Y74.247 E469.80019
G1 X124.343 Y66.983 E470.04381
G1 X125.639 Y59.872 E470.28422
G1 X125.639 Y36.361 E471.0662
G1 X109.361 Y36.361 E471.60761
G1 X109.361 Y59.879 E472.38982
G1 X110.659 Y66.995 E472.6304
G1 X111.599 Y74.258 E472.87399
G1 X112.169 Y81.606 E473.11912
G1 X112.36 Y88.961 E473.36383
G1 X112.36 Y146.04 E475.26228
G1 X112.172 Y153.343 E475.50526
G1 X111.598 Y160.752 E475.75243
G1 X110.657 Y168.017 E475.99608
G1 X109.36 Y175.128 E476.23649
G1 X109.36 Y198.64 E477.01851
G0 F9000 X109.559 Y198.372
G1 F1500 X109.626 Y198.438 E477.02163
G0 F9000 X110.191 Y198.438
G1 F1500 X109.559 Y197.806 E477.05136
G0 F9000 X109.559 Y197.241
G1 F1500 X110.757 Y198.438 E477.10769
G0 F9000 X111.323 Y198.438
G1 F1500 X109.559 Y196.675 E477.19064
G0 F9000 X109.559 Y196.109
G1 F1500 X111.889 Y198.438 E477.30021
G0 F9000 X112.454 Y198.438
G1 F1500 X109.559 Y195.544 E477.43636
G0 F9000 X109.559 Y194.978
G1 F1500 X113.02 Y198.438 E477.59913
G0 F9000 X113.586 Y198.438
G1 F1500 X109.559 Y194.412 E477.78852
G0 F9000 X109.559 Y193.846
G1 F1500 X114.151 Y198.438 E478.00452
G0 F9000 X114.717 Y198.438
G1 F1500 X109.559 Y193.281 E478.24711
G0 F9000 X109.559 Y192.715
G1 F1500 X115.283 Y198.438 E478.51633
G0 F9000 X115.848 Y198.438
G1 F1500 X109.559 Y192.149 E478.81214
G0 F9000 X109.559 Y191.584
G1 F1500 X116.414 Y198.438 E479.13456
G0 F9000 X116.98 Y198.438
G1 F1500 X109.559 Y191.018 E479.48359
G0 F9000 X109.559 Y190.452
G1 F1500 X117.545 Y198.438 E479.85923
G0 F9000 X118.111 Y198.438
G1 F1500 X109.559 Y189.887 E480.26147
G0 F9000 X109.559 Y189.321
G1 F1500 X118.677 Y198.438 E480.69033
G0 F9000 X119.242 Y198.438
G1 F1500 X109.559 Y188.755 E481.14578
G0 F9000 X109.559 Y188.19
G1 F1500 X119.808 Y198.438 E481.62784
G0 F9000 X120.374 Y198.438
G1 F1500 X109.559 Y187.624 E482.13652
G0 F9000 X109.559 Y187.058
G1 F1500 X120.94 Y198.438 E482.67183
G0 F9000 X121.505 Y198.438
G1 F1500 X109.559 Y186.493 E483.23371
G0 F9000 X109.559 Y185.927
G1 F1500 X122.071 Y198.438 E483.82221
G0 F9000 X122.637 Y198.438
G1 F1500 X109.559 Y185.361 E484.43734
G0 F9000 X109.559 Y184.795
G1 F1500 X123.202 Y198.438 E485.07906
G0 F9000 X123.768 Y198.438
G1 F1500 X109.559 Y184.23 E485.74738
G0 F9000 X109.559 Y183.664
G1 F1500 X124.334 Y198.438 E486.44233
G0 F9000 X124.899 Y198.438
G1 F1500 X109.559 Y183.098 E487.16388
G0 F9000 X109.559 Y182.533
G1 F1500 X125.44 Y198.413 E487.91085
G0 F9000 X125.44 Y197.847
G1 F1500 X109.559 Y181.967 E488.65782
G0 F9000 X109.559 Y181.401
G1 F1500 X125.44 Y197.282 E489.40481
G0 F9000 X125.44 Y196.716
G1 F1500 X109.559 Y180.836 E490.15178
G0 F9000 X109.559 Y180.27
G1 F1500 X125.44 Y196.15 E490.89875
G0 F9000 X125.44 Y195.585
G1 F1500 X109.559 Y179.704 E491.64575
G0 F9000 X109.559 Y179.139
G1 F1500 X125.44 Y195.019 E492.39272
G0 F9000 X125.44 Y194.453
G1 F1500 X109.559 Y178.573 E493.13969
G0 F9000 X109.559 Y178.007
G1 F1500 X125.44 Y193.887 E493.88666
G0 F9000 X125.44 Y193.322
G1 F1500 X109.559 Y177.442 E494.63363
G0 F9000 X109.559 Y176.876
G1 F1500 X125.44 Y192.756 E495.3806
G0 F9000 X125.44 Y192.19
G1 F1500 X109.559 Y176.31 E496.12757
G0 F9000 X109.559 Y175.745
G1 F1500 X125.44 Y191.625 E496.87454
G0 F9000 X125.44 Y191.059
G1 F1500 X109.559 Y175.179 E497.62151
G0 F9000 X109.641 Y174.695
G1 F1500 X125.44 Y190.493 E498.36462
G0 F9000 X125.44 Y189.928
G1 F1500 X109.728 Y174.216 E499.10366
G0 F9000 X109.815 Y173.738
G1 F1500 X125.44 Y189.362 E499.83859
G0 F9000 X125.44 Y188.796
G1 F1500 X109.903 Y173.26 E500.56938
G0 F9000 X109.99 Y172.781
G1 F1500 X125.44 Y188.231 E501.2961
G0 F9000 X125.44 Y187.665
G1 F1500 X110.078 Y172.303 E502.01868
G0 F9000 X110.165 Y171.824
G1 F1500 X125.44 Y187.099 E502.73717
G0 F9000 X125.44 Y186.534
G1 F1500 X110.252 Y171.346 E503.45157
G0 F9000 X110.339 Y170.868
G1 F1500 X125.44 Y185.968 E504.16185
G0 F9000 X125.44 Y185.402
G1 F1500 X110.426 Y170.389 E504.86804
G0 F9000 X110.514 Y169.911
G1 F1500 X125.44 Y184.837 E505.57011
G0 F9000 X125.44 Y184.271
G1 F1500 X110.601 Y169.432 E506.26809
G0 F9000 X110.689 Y168.954
G1 F1500 X125.44 Y183.705 E506.96194
G0 F9000 X125.44 Y183.139
G1 F1500 X110.776 Y168.475 E507.65169
G0 F9000 X110.861 Y167.995
G1 F1500 X125.44 Y182.574 E508.33744
G0 F9000 X125.44 Y182.008
G1 F1500 X110.926 Y167.495 E509.02011
G0 F9000 X110.991 Y166.993
G1 F1500 X125.44 Y181.442 E509.69974
G0 F9000 X125.44 Y180.877
G1 F1500 X111.056 Y166.493 E510.37632
G0 F9000 X111.12 Y165.991
G1 F1500 X125.44 Y180.311 E511.04989
G0 F9000 X125.44 Y179.745
G1 F1500 X111.185 Y165.491 E511.72038
G0 F9000 X111.25 Y164.99
G1 F1500 X125.44 Y179.18 E512.38783
G0 F9000 X125.44 Y178.614
G1 F1500 X111.314 Y164.489 E513.05225
G0 F9000 X111.379 Y163.988
G1 F1500 X125.44 Y178.048 E513.71362
G0 F9000 X125.44 Y177.483
G1 F1500 X111.444 Y163.487 E514.37195
G0 F9000 X111.509 Y162.986
G1 F1500 X125.44 Y176.917 E515.02722
G0 F9000 X125.44 Y176.351
G1 F1500 X111.573 Y162.485 E515.67946
G0 F9000 X111.638 Y161.984
G1 F1500 X125.44 Y175.786 E516.32866
G0 F9000 X125.44 Y175.22
G1 F1500 X111.703 Y161.484 E516.97478
G0 F9000 X111.768 Y160.982
G1 F1500 X125.331 Y174.546 E517.61277
G0 F9000 X125.205 Y173.854
G1 F1500 X111.819 Y160.468 E518.2424
G0 F9000 X111.86 Y159.943
G1 F1500 X125.079 Y173.162 E518.86418
G0 F9000 X124.953 Y172.471
G1 F1500 X111.901 Y159.418 E519.47813
G0 F9000 X111.941 Y158.893
G1 F1500 X124.826 Y171.778 E520.08421
G0 F9000 X124.7 Y171.086
G1 F1500 X111.982 Y158.368 E520.68242
G0 F9000 X112.022 Y157.843
G1 F1500 X124.574 Y170.395 E521.27283
G0 F9000 X124.447 Y169.702
G1 F1500 X112.063 Y157.318 E521.85533
G0 F9000 X112.104 Y156.793
G1 F1500 X124.322 Y169.011 E522.43003
G0 F9000 X124.195 Y168.318
G1 F1500 X112.145 Y156.268 E522.99683
G0 F9000 X112.185 Y155.743
G1 F1500 X124.095 Y167.652 E523.55701
G0 F9000 X124.01 Y167.003
G1 F1500 X112.226 Y155.218 E524.11132
G0 F9000 X112.266 Y154.693
G1 F1500 X123.926 Y166.353 E524.65977
G0 F9000 X123.841 Y165.702
G1 F1500 X112.307 Y154.168 E525.20229
G0 F9000 X112.347 Y153.642
G1 F1500 X123.757 Y165.052 E525.73899
G0 F9000 X123.673 Y164.403
G1 F1500 X112.377 Y153.107 E526.27031
G0 F9000 X112.391 Y152.555
G1 F1500 X123.589 Y163.753 E526.79703
G0 F9000 X123.505 Y163.103
G1 F1500 X112.405 Y152.003 E527.31914
G0 F9000 X112.42 Y151.452
G1 F1500 X123.421 Y162.453 E527.8366
G0 F9000 X123.337 Y161.803
G1 F1500 X112.434 Y150.9 E528.34944
G0 F9000 X112.448 Y150.349
G1 F1500 X123.252 Y161.153 E528.85763
G0 F9000 X123.183 Y160.518
G1 F1500 X112.463 Y149.798 E529.36186
G0 F9000 X112.477 Y149.246
G1 F1500 X123.136 Y159.905 E529.86323
G0 F9000 X123.088 Y159.292
G1 F1500 X112.491 Y148.695 E530.36168
G0 F9000 X112.505 Y148.143
G1 F1500 X123.04 Y158.679 E530.85724
G0 F9000 X122.993 Y158.065
G1 F1500 X112.519 Y147.592 E531.34988
G0 F9000 X112.533 Y147.04
G1 F1500 X122.946 Y157.452 E531.83965
G0 F9000 X122.897 Y156.839
G1 F1500 X112.548 Y146.489 E532.32646
G0 F9000 X112.559 Y145.934
G1 F1500 X122.85 Y156.226 E532.81054
G0 F9000 X122.803 Y155.612
G1 F1500 X112.559 Y145.369 E533.29236
G0 F9000 X112.559 Y144.803
G1 F1500 X122.755 Y154.999 E533.77195
G0 F9000 X122.707 Y154.386
G1 F1500 X112.559 Y144.237 E534.24931
G0 F9000 X112.559 Y143.672
G1 F1500 X122.66 Y153.773 E534.72443
G0 F9000 X122.626 Y153.173
G1 F1500 X112.559 Y143.106 E535.19795
G0 F9000 X112.559 Y142.54
G1 F1500 X122.61 Y152.592 E535.67074
G0 F9000 X122.596 Y152.011
G1 F1500 X112.559 Y141.975 E536.14283
G0 F9000 X112.559 Y141.409
G1 F1500 X122.58 Y151.43 E536.61418
G0 F9000 X122.565 Y150.849
G1 F1500 X112.559 Y140.843 E537.08484
G0 F9000 X112.559 Y140.277
G1 F1500 X122.55 Y150.268 E537.55478
G0 F9000 X122.535 Y149.688
G1 F1500 X112.559 Y139.712 E538.02402
G0 F9000 X112.559 Y139.146
G1 F1500 X122.52 Y149.107 E538.49256
G0 F9000 X122.504 Y148.526
G1 F1500 X112.559 Y138.58 E538.96036
G0 F9000 X112.559 Y138.015
G1 F1500 X122.489 Y147.945 E539.42744
G0 F9000 X122.474 Y147.364
G1 F1500 X112.559 Y137.449 E539.89381
G0 F9000 X112.559 Y136.883
G1 F1500 X122.459 Y146.784 E540.3595
G0 F9000 X122.444 Y146.202
G1 F1500 X112.559 Y136.318 E540.82444
G0 F9000 X112.559 Y135.752
G1 F1500 X122.439 Y145.632 E541.28916
G0 F9000 X122.439 Y145.067
G1 F1500 X112.559 Y135.186 E541.75391
G0 F9000 X112.559 Y134.621
G1 F1500 X122.439 Y144.501 E542.21863
G0 F9000 X122.439 Y143.935
G1 F1500 X112.559 Y134.055 E542.68336
G0 F9000 X112.559 Y133.489
G1 F1500 X122.439 Y143.37 E543.14811
G0 F9000 X122.439 Y142.804
G1 F1500 X112.559 Y132.924 E543.61283
G0 F9000 X112.559 Y132.358
G1 F1500 X122.439 Y142.238 E544.07756
G0 F9000 X122.439 Y141.673
G1 F1500 X112.559 Y131.792 E544.54231
G0 F9000 X112.559 Y131.226
G1 F1500 X122.439 Y141.107 E545.00705
G0 F9000 X122.439 Y140.541
G1 F1500 X112.559 Y130.661 E545.47178
G0 F9000 X112.559 Y130.095
G1 F1500 X122.439 Y139.976 E545.93653
G0 F9000 X122.439 Y139.41
G1 F1500 X112.559 Y129.529 E546.40128
G0 F9000 X112.559 Y128.964
G1 F1500 X122.439 Y138.844 E546.866
G0 F9000 X122.439 Y138.278
G1 F1500 X112.559 Y128.398 E547.33073
G0 F9000 X112.559 Y127.832
G1 F1500 X122.439 Y137.713 E547.79547
G0 F9000 X122.439 Y137.147
G1 F1500 X112.559 Y127.267 E548.2602
G0 F9000 X112.559 Y126.701
G1 F1500 X122.439 Y136.581 E548.72492
G0 F9000 X122.439 Y136.016
G1 F1500 X112.559 Y126.135 E549.18967
G0 F9000 X112.559 Y125.57
G1 F1500 X122.439 Y135.45 E549.6544
G0 F9000 X122.439 Y134.884
G1 F1500 X112.559 Y125.004 E550.11912
G0 F9000 X112.559 Y124.438
G1 F1500 X122.439 Y134.319 E550.58387
G0 F9000 X122.439 Y133.753
G1 F1500 X112.559 Y123.873 E551.0486
G0 F9000 X112.559 Y123.307
G1 F1500 X122.439 Y133.187 E551.51332
G0 F9000 X122.439 Y132.622
G1 F1500 X112.559 Y122.741 E551.97807
G0 F9000 X112.559 Y122.176
G1 F1500 X122.439 Y132.056 E552.44279
G0 F9000 X122.439 Y131.49
G1 F1500 X112.559 Y121.61 E552.90752
G0 F9000 X112.559 Y121.044
G1 F1500 X122.439 Y130.925 E553.37227
G0 F9000 X122.439 Y130.359
G1 F1500 X112.559 Y120.478 E553.83702
G0 F9000 X112.559 Y119.913
G1 F1500 X122.439 Y129.793 E554.30174
G0 F9000 X122.439 Y129.228
G1 F1500 X112.559 Y119.347 E554.76649
G0 F9000 X112.559 Y118.781
G1 F1500 X122.439 Y128.662 E555.23124
G0 F9000 X122.439 Y128.096
G1 F1500 X112.559 Y118.216 E555.69596
G0 F9000 X112.559 Y117.65
G1 F1500 X122.439 Y127.53 E556.16069
G0 F9000 X122.439 Y126.965
G1 F1500 X112.559 Y117.084 E556.62544
G0 F9000 X112.559 Y116.519
G1 F1500 X122.439 Y126.399 E557.09016
G0 F9000 X122.439 Y125.833
G1 F1500 X112.559 Y115.953 E557.55489
G0 F9000 X112.559 Y115.387
G1 F1500 X122.439 Y125.268 E558.01963
G0 F9000 X122.439 Y124.702
G1 F1500 X112.559 Y114.822 E558.48436
G0 F9000 X112.559 Y114.256
G1 F1500 X122.439 Y124.136 E558.94908
G0 F9000 X122.439 Y123.571
G1 F1500 X112.559 Y113.69 E559.41383
G0 F9000 X112.559 Y113.125
G1 F1500 X122.439 Y123.005 E559.87856
G0 F9000 X122.439 Y122.439
G1 F1500 X112.559 Y112.559 E560.34328
G0 F9000 X112.559 Y111.993
G1 F1500 X122.439 Y121.874 E560.80803
G0 F9000 X122.439 Y121.308
G1 F1500 X112.559 Y111.428 E561.27276
G0 F9000 X112.559 Y110.862
G1 F1500 X122.439 Y120.742 E561.73748
G0 F9000 X122.439 Y120.177
G1 F1500 X112.559 Y110.296 E562.20223
G0 F9000 X112.559 Y109.73
G1 F1500 X122.439 Y119.611 E562.66698
G0 F9000 X122.439 Y119.045
G1 F1500 X112.559 Y109.165 E563.1317
G0 F9000 X112.559 Y108.599
G1 F1500 X122.439 Y118.479 E563.59643
G0 F9000 X122.439 Y117.914
G1 F1500 X112.559 Y108.033 E564.06118
G0 F9000 X112.559 Y107.468
G1 F1500 X122.439 Y117.348 E564.5259
G0 F9000 X122.439 Y116.782
G1 F1500 X112.559 Y106.902 E564.99063
G0 F9000 X112.559 Y106.336
G1 F1500 X122.439 Y116.217 E565.45537
G0 F9000 X122.439 Y115.651
G1 F1500 X112.559 Y105.771 E565.9201
G0 F9000 X112.559 Y105.205
G1 F1500 X122.439 Y115.085 E566.38482
G0 F9000 X122.439 Y114.52
G1 F1500 X112.559 Y104.639 E566.84957
G0 F9000 X112.559 Y104.074
G1 F1500 X122.439 Y113.954 E567.3143
G0 F9000 X122.439 Y113.388
G1 F1500 X112.559 Y103.508 E567.77902
G0 F9000 X112.559 Y102.942
G1 F1500 X122.439 Y112.823 E568.24377
G0 F9000 X122.439 Y112.257
G1 F1500 X112.559 Y102.377 E568.70849
G0 F9000 X112.559 Y101.811
G1 F1500 X122.439 Y111.691 E569.17322
G0 F9000 X122.439 Y111.126
G1 F1500 X112.559 Y101.245 E569.63797
G0 F9000 X112.559 Y100.679
G1 F1500 X122.439 Y110.56 E570.10272
G0 F9000 X122.439 Y109.994
G1 F1500 X112.559 Y100.114 E570.56744
G0 F9000 X112.559 Y99.548
G1 F1500 X122.439 Y109.429 E571.03219
G0 F9000 X122.439 Y108.863
G1 F1500 X112.559 Y98.982 E571.49694
G0 F9000 X112.559 Y98.417
G1 F1500 X122.439 Y108.297 E571.96166
G0 F9000 X122.439 Y107.731
G1 F1500 X112.559 Y97.851 E572.42639
G0 F9000 X112.559 Y97.285
G1 F1500 X122.439 Y107.166 E572.89114
G0 F9000 X122.439 Y106.6
G1 F1500 X112.559 Y96.72 E573.35586
G0 F9000 X112.559 Y96.154
G1 F1500 X122.439 Y106.034 E573.82059
G0 F9000 X122.439 Y105.469
G1 F1500 X112.559 Y95.588 E574.28533
G0 F9000 X112.559 Y95.023
G1 F1500 X122.439 Y104.903 E574.75006
G0 F9000 X122.439 Y104.337
G1 F1500 X112.559 Y94.457 E575.21478
G0 F9000 X112.559 Y93.891
G1 F1500 X122.439 Y103.772 E575.67953
G0 F9000 X122.439 Y103.206
G1 F1500 X112.559 Y93.326 E576.14426
G0 F9000 X112.559 Y92.76
G1 F1500 X122.439 Y102.64 E576.60898
G0 F9000 X122.439 Y102.075
G1 F1500 X112.559 Y92.194 E577.07373
G0 F9000 X112.559 Y91.629
G1 F1500 X122.439 Y101.509 E577.53846
G0 F9000 X122.439 Y100.943
G1 F1500 X112.559 Y91.063 E578.00318
G0 F9000 X112.559 Y90.497
G1 F1500 X122.439 Y100.378 E578.46793
G0 F9000 X122.439 Y99.812
G1 F1500 X112.559 Y89.931 E578.93268
G0 F9000 X112.559 Y89.366
G1 F1500 X122.439 Y99.246 E579.3974
G0 F9000 X122.439 Y98.68
G1 F1500 X112.555 Y88.796 E579.86232
G0 F9000 X112.539 Y88.215
G1 F1500 X122.439 Y98.115 E580.32798
G0 F9000 X122.439 Y97.549
G1 F1500 X112.524 Y87.634 E580.79435
G0 F9000 X112.509 Y87.053
G1 F1500 X122.439 Y96.983 E581.26143
G0 F9000 X122.439 Y96.418
G1 F1500 X112.494 Y86.472 E581.72924
G0 F9000 X112.479 Y85.892
G1 F1500 X122.439 Y95.852 E582.19772
G0 F9000 X122.439 Y95.286
G1 F1500 X112.463 Y85.311 E582.66694
G0 F9000 X112.449 Y84.73
G1 F1500 X122.439 Y94.721 E583.13686
G0 F9000 X122.439 Y94.155
G1 F1500 X112.433 Y84.149 E583.60751
G0 F9000 X112.418 Y83.568
G1 F1500 X122.439 Y93.589 E584.07887
G0 F9000 X122.439 Y93.024
G1 F1500 X112.403 Y82.987 E584.55096
G0 F9000 X112.388 Y82.406
G1 F1500 X122.439 Y92.458 E585.02375
G0 F9000 X122.439 Y91.892
G1 F1500 X112.373 Y81.826 E585.49722
G0 F9000 X112.339 Y81.226
G1 F1500 X122.439 Y91.327 E585.97232
G0 F9000 X122.439 Y90.761
G1 F1500 X112.291 Y80.613 E586.44965
G0 F9000 X112.244 Y79.999
G1 F1500 X122.439 Y90.195 E586.92922
G0 F9000 X122.439 Y89.63
G1 F1500 X112.196 Y79.386 E587.41104
G0 F9000 X112.148 Y78.773
G1 F1500 X122.439 Y89.064 E587.8951
G0 F9000 X122.451 Y88.509
G1 F1500 X112.101 Y78.16 E588.3819
G0 F9000 X112.053 Y77.546
G1 F1500 X122.465 Y87.958 E588.87165
G0 F9000 X122.479 Y87.406
G1 F1500 X112.005 Y76.933 E589.36429
G0 F9000 X111.958 Y76.32
G1 F1500 X122.493 Y86.855 E589.85983
G0 F9000 X122.507 Y86.303
G1 F1500 X111.91 Y75.707 E590.35826
G0 F9000 X111.862 Y75.093
G1 F1500 X122.521 Y85.752 E590.85962
G0 F9000 X122.535 Y85.2
G1 F1500 X111.815 Y74.48 E591.36386
G0 F9000 X111.746 Y73.845
G1 F1500 X122.55 Y84.649 E591.87204
G0 F9000 X122.564 Y84.098
G1 F1500 X111.662 Y73.196 E592.38484
G0 F9000 X111.578 Y72.546
G1 F1500 X122.579 Y83.546 E592.90227
G0 F9000 X122.593 Y82.995
G1 F1500 X111.494 Y71.896 E593.42433
G0 F9000 X111.409 Y71.245
G1 F1500 X122.607 Y82.443 E593.95105
G0 F9000 X122.621 Y81.892
G1 F1500 X111.325 Y70.596 E594.48238
G0 F9000 X111.241 Y69.946
G1 F1500 X122.651 Y81.356 E595.01907
G0 F9000 X122.691 Y80.83
G1 F1500 X111.157 Y69.296 E595.5616
G0 F9000 X111.073 Y68.646
G1 F1500 X122.732 Y80.306 E596.11003
G0 F9000 X122.772 Y79.78
G1 F1500 X110.988 Y67.996 E596.66431
G0 F9000 X110.904 Y67.346
G1 F1500 X122.813 Y79.256 E597.2245
G0 F9000 X122.854 Y78.73
G1 F1500 X110.803 Y66.68 E597.79131
G0 F9000 X110.677 Y65.988
G1 F1500 X122.895 Y78.206 E598.36601
G0 F9000 X122.935 Y77.68
G1 F1500 X110.551 Y65.297 E598.94849
G0 F9000 X110.425 Y64.604
G1 F1500 X122.976 Y77.155 E599.53885
G0 F9000 X123.016 Y76.63
G1 F1500 X110.299 Y63.913 E600.13702
G0 F9000 X110.172 Y63.221
G1 F1500 X123.057 Y76.105 E600.74307
G0 F9000 X123.098 Y75.58
G1 F1500 X110.047 Y62.529 E601.35695
G0 F9000 X109.92 Y61.837
G1 F1500 X123.139 Y75.055 E601.97871
G0 F9000 X123.179 Y74.53
G1 F1500 X109.794 Y61.145 E602.6083
G0 F9000 X109.668 Y60.454
G1 F1500 X123.231 Y74.016 E603.24623
G0 F9000 X123.296 Y73.515
G1 F1500 X109.559 Y59.779 E603.89236
G0 F9000 X109.559 Y59.213
G1 F1500 X123.36 Y73.014 E604.54151
G0 F9000 X123.425 Y72.513
G1 F1500 X109.559 Y58.648 E605.1937
G0 F9000 X109.559 Y58.082
G1 F1500 X123.49 Y72.013 E605.84898
G0 F9000 X123.554 Y71.511
G1 F1500 X109.559 Y57.516 E606.50726
G0 F9000 X109.559 Y56.951
G1 F1500 X123.619 Y71.011 E607.1686
G0 F9000 X123.684 Y70.509
G1 F1500 X109.559 Y56.385 E607.83297
G0 F9000 X109.559 Y55.819
G1 F1500 X123.749 Y70.009 E608.50042
G0 F9000 X123.814 Y69.508
G1 F1500 X109.559 Y55.254 E609.17091
G0 F9000 X109.559 Y54.688
G1 F1500 X123.878 Y69.007 E609.84443
G0 F9000 X123.943 Y68.506
G1 F1500 X109.559 Y54.122 E610.52101
G0 F9000 X109.559 Y53.556
G1 F1500 X124.008 Y68.005 E611.20065
G0 F9000 X124.073 Y67.504
G1 F1500 X109.559 Y52.991 E611.88332
G0 F9000 X109.559 Y52.425
G1 F1500 X124.138 Y67.004 E612.56907
G0 F9000 X124.223 Y66.523
G1 F1500 X109.559 Y51.859 E613.25882
G0 F9000 X109.559 Y51.294
G1 F1500 X124.31 Y66.045 E613.95266
G0 F9000 X124.397 Y65.566
G1 F1500 X109.559 Y50.728 E614.6506
G0 F9000 X109.559 Y50.162
G1 F1500 X124.485 Y65.088 E615.35267
G0 F9000 X124.572 Y64.609
G1 F1500 X109.559 Y49.597 E616.05881
G0 F9000 X109.559 Y49.031
G1 F1500 X124.659 Y64.131 E616.76907
G0 F9000 X124.746 Y63.652
G1 F1500 X109.559 Y48.465 E617.48342
G0 F9000 X109.559 Y47.9
G1 F1500 X124.834 Y63.174 E618.20189
G0 F9000 X124.921 Y62.695
G1 F1500 X109.559 Y47.334 E618.92444
G0 F9000 X109.559 Y46.768
G1 F1500 X125.007 Y62.216 E619.65107
G0 F9000 X125.094 Y61.738
G1 F1500 X109.559 Y46.203 E620.38179
G0 F9000 X109.559 Y45.637
G1 F1500 X125.181 Y61.259 E621.1166
G0 F9000 X125.269 Y60.781
G1 F1500 X109.559 Y45.071 E621.85555
G0 F9000 X109.559 Y44.506
G1 F1500 X125.356 Y60.302 E622.59857
G0 F9000 X125.438 Y59.819
G1 F1500 X109.559 Y43.94 E623.34547
G0 F9000 X109.559 Y43.374
G1 F1500 X125.438 Y59.253 E624.09237
G0 F9000 X125.438 Y58.687
G1 F1500 X109.559 Y42.808 E624.83927
G0 F9000 X109.559 Y42.243
G1 F1500 X125.438 Y58.122 E625.58617
G0 F9000 X125.438 Y57.556
G1 F1500 X109.559 Y41.677 E626.33307
G0 F9000 X109.559 Y41.111
G1 F1500 X125.438 Y56.99 E627.07997
G0 F9000 X125.438 Y56.424
G1 F1500 X109.559 Y40.546 E627.82684
G0 F9000 X109.559 Y39.98
G1 F1500 X125.438 Y55.859 E628.57374
G0 F9000 X125.438 Y55.293
G1 F1500 X109.559 Y39.414 E629.32064
G0 F9000 X109.559 Y38.849
G1 F1500 X125.438 Y54.727 E630.06752
G0 F9000 X125.438 Y54.162
G1 F1500 X109.559 Y38.283 E630.81442
G0 F9000 X109.559 Y37.717
G1 F1500 X125.438 Y53.596 E631.56132
G0 F9000 X125.438 Y53.03
G1 F1500 X109.559 Y37.152 E632.30819
G0 F9000 X109.559 Y36.586
G1 F1500 X125.438 Y52.465 E633.05509
G0 F9000 X125.438 Y51.899
G1 F1500 X110.1 Y36.56 E633.77657
G0 F9000 X110.665 Y36.56
G1 F1500 X125.438 Y51.333 E634.47144
G0 F9000 X125.438 Y50.768
G1 F1500 X111.231 Y36.56 E635.13972
G0 F9000 X111.797 Y36.56
G1 F1500 X125.438 Y50.202 E635.78138
G0 F9000 X125.438 Y49.636
G1 F1500 X112.362 Y36.56 E636.39643
G0 F9000 X112.928 Y36.56
G1 F1500 X125.438 Y49.071 E636.98489
G0 F9000 X125.438 Y48.505
G1 F1500 X113.494 Y36.56 E637.54672
G0 F9000 X114.059 Y36.56
G1 F1500 X125.438 Y47.939 E638.08195
G0 F9000 X125.438 Y47.374
G1 F1500 X114.625 Y36.56 E638.59059
G0 F9000 X115.191 Y36.56
G1 F1500 X125.438 Y46.808 E639.0726
G0 F9000 X125.438 Y46.242
G1 F1500 X115.756 Y36.56 E639.52801
G0 F9000 X116.322 Y36.56
G1 F1500 X125.438 Y45.676 E639.9568
G0 F9000 X125.438 Y45.111
G1 F1500 X116.888 Y36.56 E640.35899
G0 F9000 X117.453 Y36.56
G1 F1500 X125.438 Y44.545 E640.73458
G0 F9000 X125.438 Y43.979
G1 F1500 X118.019 Y36.56 E641.08354
G0 F9000 X118.585 Y36.56
G1 F1500 X125.438 Y43.414 E641.40591
G0 F9000 X125.438 Y42.848
G1 F1500 X119.151 Y36.56 E641.70166
G0 F9000 X119.716 Y36.56
G1 F1500 X125.438 Y42.282 E641.9708
G0 F9000 X125.438 Y41.717
G1 F1500 X120.282 Y36.56 E642.21335
G0 F9000 X120.848 Y36.56
G1 F1500 X125.438 Y41.151 E642.42927
G0 F9000 X125.438 Y40.585
G1 F1500 X121.413 Y36.56 E642.61859
G0 F9000 X121.979 Y36.56
G1 F1500 X125.438 Y40.02 E642.78132
G0 F9000 X125.438 Y39.454
G1 F1500 X122.545 Y36.56 E642.91742
G0 F9000 X123.11 Y36.56
G1 F1500 X125.438 Y38.888 E643.02692
G0 F9000 X125.438 Y38.323
G1 F1500 X123.676 Y36.56 E643.10982
G0 F9000 X124.242 Y36.56
G1 F1500 X125.438 Y37.757 E643.1661
G0 F9000 X125.438 Y37.191
G1 F1500 X124.807 Y36.56 E643.19578
G0 F9000 X125.373 Y36.56
G1 F1500 X125.438 Y36.626 E643.19886
G1 F2700 E638.19886
;MESH:NONMESH
G0 F300 X125.438 Y36.626 Z0.8
G0 F9000 X125.9 Y36.626
G0 X125.838 Y59.892
G0 X123.917 Y74.337
G0 X123.35 Y81.659
G0 X123.161 Y88.99
G0 X123.161 Y146.01
G0 X123.35 Y153.341
G0 X123.809 Y159.271
G0 X124.701 Y167.971
;TIME_ELAPSED:958.125148
;LAYER:3
M106 S255
;TYPE:WALL-INNER
;MESH:D638-22 Tensile.STL
G1 F2700 E643.19886
G1 F1500 X126 Y175.089 E643.43952
G1 X126 Y175.858 E643.4651
G1 X126 Y199 E644.2348
G1 X109 Y199 E644.80023
G1 X109 Y175.093 E645.59538
G1 X110.299 Y167.972 E645.83613
G1 X111.245 Y160.664 E646.08122
G1 X111.812 Y153.324 E646.32608
G1 X112 Y146.027 E646.56886
G1 X112 Y88.973 E648.46648
G1 X111.81 Y81.625 E648.71096
G1 X111.246 Y74.345 E648.95382
G1 X110.299 Y67.028 E649.19921
G1 X109.001 Y59.911 E649.43983
G1 X109 Y36 E650.23511
G1 X126 Y36 E650.80054
G1 X125.999 Y59.907 E651.59569
G1 X124.701 Y67.027 E651.8364
G1 X123.754 Y74.346 E652.08186
G1 X123.19 Y81.624 E652.32465
G1 X123 Y88.973 E652.56917
G1 X123 Y146.027 E654.46679
G1 X123.188 Y153.323 E654.70954
G1 X123.754 Y160.654 E654.95409
G1 X124.701 Y167.971 E655.19949
G1 F2700 E650.19949
G0 F9000 X125.839 Y175.105
G0 X125.828 Y198.828
G0 X108.87 Y199.13
G1 F2700 E655.19949
G0 F9000 X108.6 Y199.4
G1 F1500 X126.4 Y199.4 E655.79152
G1 X126.4 Y175.858 E656.57453
G1 X126.4 Y175.053 E656.6013
G1 X125.094 Y167.894 E656.84334
G1 X124.156 Y160.654 E657.08616
G1 X123.589 Y153.343 E657.33005
G1 X123.4 Y146.017 E657.57379
G1 X123.4 Y88.983 E659.47075
G1 X123.589 Y81.655 E659.71456
G1 X124.156 Y74.346 E659.95839
G1 X125.094 Y67.104 E660.20128
G1 X126.399 Y59.943 E660.44337
G1 X126.4 Y35.6 E661.25303
G1 X108.6 Y35.6 E661.84506
G1 X108.601 Y59.947 E662.65484
G1 X109.906 Y67.105 E662.89684
G1 X110.847 Y74.376 E663.14069
G1 X111.411 Y81.656 E663.38355
G1 X111.6 Y88.983 E663.62733
G1 X111.6 Y146.017 E665.52429
G1 X111.411 Y153.345 E665.7681
G1 X110.844 Y160.654 E666.01193
G1 X109.906 Y167.896 E666.25481
G1 X108.6 Y175.057 E666.49691
G1 X108.6 Y199.4 E667.30657
G1 F2700 E662.30657
G0 F9000 X108.87 Y199.13
G0 X125.828 Y198.828
G0 X125.839 Y175.105
G0 X124.797 Y167.931
G1 F2700 E667.30657
G0 F9000 X125.491 Y167.842
;TYPE:WALL-OUTER
G1 F1500 X126.8 Y175.017 E667.54915
G1 X126.8 Y175.858 E667.57712
G1 X126.8 Y199.8 E668.37343
G1 X108.2 Y199.8 E668.99207
G1 X108.2 Y175.021 E669.81622
G1 X109.507 Y167.854 E670.05853
G1 X110.447 Y160.602 E670.30175
G1 X111.012 Y153.314 E670.54488
G1 X111.2 Y146.007 E670.78799
G1 X111.2 Y88.993 E672.68428
G1 X111.012 Y81.697 E672.92703
G1 X110.448 Y74.407 E673.17022
G1 X109.509 Y67.157 E673.41337
G1 X108.201 Y59.983 E673.65591
G1 X108.2 Y35.2 E674.4802
G1 X126.8 Y35.2 E675.09884
G1 X126.799 Y59.979 E675.92299
G1 X125.493 Y67.146 E676.16529
G1 X124.553 Y74.398 E676.40851
G1 X123.988 Y81.686 E676.65164
G1 X123.8 Y88.993 E676.89475
G1 X123.8 Y146.007 E678.79104
G1 X123.988 Y153.302 E679.03376
G1 X124.552 Y160.592 E679.27695
G1 X125.491 Y167.842 E679.5201
G0 F9000 X124.797 Y167.931
G0 X124.341 Y168.004
;TYPE:SKIN
G1 F1500 X125.64 Y175.122 E679.76075
G1 X125.64 Y175.858 E679.78523
G1 X125.64 Y198.64 E680.54297
G1 X109.36 Y198.64 E681.08444
G1 X109.36 Y175.128 E681.86645
G1 X110.657 Y168.017 E682.10687
G1 X111.598 Y160.752 E682.35052
G1 X112.172 Y153.343 E682.59768
G1 X112.36 Y146.04 E682.84066
G1 X112.36 Y88.961 E684.73912
G1 X112.169 Y81.606 E684.98383
G1 X111.599 Y74.258 E685.22896
G1 X110.659 Y66.995 E685.47254
G1 X109.361 Y59.879 E685.71313
G1 X109.361 Y36.361 E686.49534
G1 X125.639 Y36.361 E687.03675
G1 X125.639 Y59.872 E687.81873
G1 X124.343 Y66.983 E688.05913
G1 X123.402 Y74.247 E688.30275
G1 X122.828 Y81.657 E688.54995
G1 X122.64 Y88.961 E688.79296
G1 X122.64 Y146.04 E690.69142
G1 X122.831 Y153.391 E690.936
G1 X123.401 Y160.741 E691.18119
G1 X124.341 Y168.004 E691.42478
G1 F2700 E686.42478
G0 F9000 X124.597 Y167.957
G0 X125.839 Y175.105
G0 X125.9 Y198.132
G1 F2700 E691.42478
G0 F9000 X125.44 Y198.132
G1 F1500 X125.133 Y198.438 E691.43919
G0 F9000 X124.567 Y198.438
G1 F1500 X125.44 Y197.566 E691.48023
G0 F9000 X125.44 Y197
G1 F1500 X124.001 Y198.438 E691.54789
G0 F9000 X123.436 Y198.438
G1 F1500 X125.44 Y196.434 E691.64216
G0 F9000 X125.44 Y195.869
G1 F1500 X122.87 Y198.438 E691.76302
G0 F9000 X122.304 Y198.438
G1 F1500 X125.44 Y195.303 E691.9105
G0 F9000 X125.44 Y194.737
G1 F1500 X121.739 Y198.438 E692.08459
G0 F9000 X121.173 Y198.438
G1 F1500 X125.44 Y194.172 E692.28527
G0 F9000 X125.44 Y193.606
G1 F1500 X120.607 Y198.438 E692.51257
G0 F9000 X120.041 Y198.438
G1 F1500 X125.44 Y193.04 E692.7665
G0 F9000 X125.44 Y192.475
G1 F1500 X119.476 Y198.438 E693.04701
G0 F9000 X118.91 Y198.438
G1 F1500 X125.44 Y191.909 E693.35414
G0 F9000 X125.44 Y191.343
G1 F1500 X118.344 Y198.438 E693.68789
G0 F9000 X117.779 Y198.438
G1 F1500 X125.44 Y190.778 E694.04821
G0 F9000 X125.44 Y190.212
G1 F1500 X117.213 Y198.438 E694.43516
G0 F9000 X116.647 Y198.438
G1 F1500 X125.44 Y189.646 E694.84873
G0 F9000 X125.44 Y189.081
G1 F1500 X116.082 Y198.438 E695.28888
G0 F9000 X115.516 Y198.438
G1 F1500 X125.44 Y188.515 E695.75565
G0 F9000 X125.44 Y187.949
G1 F1500 X114.95 Y198.438 E696.24905
G0 F9000 X114.385 Y198.438
G1 F1500 X125.44 Y187.384 E696.76902
G0 F9000 X125.44 Y186.818
G1 F1500 X113.819 Y198.438 E697.31561
G0 F9000 X113.253 Y198.438
G1 F1500 X125.44 Y186.252 E697.88883
G0 F9000 X125.44 Y185.686
G1 F1500 X112.688 Y198.438 E698.48864
G0 F9000 X112.122 Y198.438
G1 F1500 X125.44 Y185.121 E699.11506
G0 F9000 X125.44 Y184.555
G1 F1500 X111.556 Y198.438 E699.76809
G0 F9000 X110.991 Y198.438
G1 F1500 X125.44 Y183.989 E700.44773
G0 F9000 X125.44 Y183.424
G1 F1500 X110.425 Y198.438 E701.15397
G0 F9000 X109.859 Y198.438
G1 F1500 X125.44 Y182.858 E701.88682
G0 F9000 X125.44 Y182.292
G1 F1500 X109.559 Y198.173 E702.63382
G0 F9000 X109.559 Y197.607
G1 F1500 X125.44 Y181.727 E703.38079
G0 F9000 X125.44 Y181.161
G1 F1500 X109.559 Y197.041 E704.12776
G0 F9000 X109.559 Y196.475
G1 F1500 X125.44 Y180.595 E704.87473
G0 F9000 X125.44 Y180.03
G1 F1500 X109.559 Y195.91 E705.6217
G0 F9000 X109.559 Y195.344
G1 F1500 X125.44 Y179.464 E706.36867
G0 F9000 X125.44 Y178.898
G1 F1500 X109.559 Y194.778 E707.11564
G0 F9000 X109.559 Y194.213
G1 F1500 X125.44 Y178.333 E707.86261
G0 F9000 X125.44 Y177.767
G1 F1500 X109.559 Y193.647 E708.60958
G0 F9000 X109.559 Y193.081
G1 F1500 X125.44 Y177.201 E709.35655
G0 F9000 X125.44 Y176.635
G1 F1500 X109.559 Y192.516 E710.10354
G0 F9000 X109.559 Y191.95
G1 F1500 X125.44 Y176.07 E710.85051
G0 F9000 X125.44 Y175.504
G1 F1500 X109.559 Y191.384 E711.59748
G0 F9000 X109.559 Y190.819
G1 F1500 X125.408 Y174.97 E712.34297
G0 F9000 X125.321 Y174.492
G1 F1500 X109.559 Y190.253 E713.08434
G0 F9000 X109.559 Y189.687
G1 F1500 X125.234 Y174.013 E713.82162
G0 F9000 X125.146 Y173.535
G1 F1500 X109.559 Y189.122 E714.55479
G0 F9000 X109.559 Y188.556
G1 F1500 X125.059 Y173.056 E715.28386
G0 F9000 X124.971 Y172.578
G1 F1500 X109.559 Y187.99 E716.00879
G0 F9000 X109.559 Y187.425
G1 F1500 X124.884 Y172.099 E716.72966
G0 F9000 X124.797 Y171.621
G1 F1500 X109.559 Y186.859 E717.44641
G0 F9000 X109.559 Y186.293
G1 F1500 X124.71 Y171.143 E718.15904
G0 F9000 X124.623 Y170.664
G1 F1500 X109.559 Y185.727 E718.86758
G0 F9000 X109.559 Y185.162
G1 F1500 X124.535 Y170.186 E719.57201
G0 F9000 X124.448 Y169.707
G1 F1500 X109.559 Y184.596 E720.27234
G0 F9000 X109.559 Y184.03
G1 F1500 X124.36 Y169.229 E720.96853
G0 F9000 X124.274 Y168.751
G1 F1500 X109.559 Y183.465 E721.66066
G0 F9000 X109.559 Y182.899
G1 F1500 X124.186 Y168.273 E722.34864
G0 F9000 X124.111 Y167.782
G1 F1500 X109.559 Y182.333 E723.0331
G0 F9000 X109.559 Y181.768
G1 F1500 X124.046 Y167.281 E723.71452
G0 F9000 X123.981 Y166.781
G1 F1500 X109.559 Y181.202 E724.39287
G0 F9000 X109.559 Y180.636
G1 F1500 X123.916 Y166.28 E725.06815
G0 F9000 X123.851 Y165.779
G1 F1500 X109.559 Y180.071 E725.74041
G0 F9000 X109.559 Y179.505
G1 F1500 X123.786 Y165.278 E726.4096
G0 F9000 X123.721 Y164.777
G1 F1500 X109.559 Y178.939 E727.07574
G0 F9000 X109.559 Y178.374
G1 F1500 X123.656 Y164.277 E727.73882
G0 F9000 X123.591 Y163.776
G1 F1500 X109.559 Y177.808 E728.39884
G0 F9000 X109.559 Y177.242
G1 F1500 X123.527 Y163.275 E729.05583
G0 F9000 X123.462 Y162.774
G1 F1500 X109.559 Y176.676 E729.70976
G0 F9000 X109.559 Y176.111
G1 F1500 X123.397 Y162.273 E730.36066
G0 F9000 X123.332 Y161.773
G1 F1500 X109.559 Y175.545 E731.00847
G0 F9000 X109.597 Y174.942
G1 F1500 X123.267 Y161.272 E731.65147
G0 F9000 X123.202 Y160.771
G1 F1500 X109.723 Y174.25 E732.28548
G0 F9000 X109.849 Y173.558
G1 F1500 X123.161 Y160.246 E732.91163
G0 F9000 X123.121 Y159.721
G1 F1500 X109.975 Y172.867 E733.52998
G0 F9000 X110.102 Y172.174
G1 F1500 X123.08 Y159.196 E734.14043
G0 F9000 X123.039 Y158.671
G1 F1500 X110.228 Y171.483 E734.74304
G0 F9000 X110.354 Y170.791
G1 F1500 X122.999 Y158.146 E735.33782
G0 F9000 X122.958 Y157.621
G1 F1500 X110.48 Y170.099 E735.92475
G0 F9000 X110.607 Y169.407
G1 F1500 X122.917 Y157.096 E736.5038
G0 F9000 X122.876 Y156.571
G1 F1500 X110.732 Y168.715 E737.07501
G0 F9000 X110.858 Y168.024
G1 F1500 X122.835 Y156.047 E737.63837
G0 F9000 X122.795 Y155.521
G1 F1500 X110.942 Y167.374 E738.1959
G0 F9000 X111.026 Y166.725
G1 F1500 X122.754 Y154.997 E738.74755
G0 F9000 X122.713 Y154.472
G1 F1500 X111.11 Y166.075 E739.29332
G0 F9000 X111.194 Y165.425
G1 F1500 X122.673 Y153.947 E739.83324
G0 F9000 X122.632 Y153.422
G1 F1500 X111.278 Y164.775 E740.36727
G0 F9000 X111.362 Y164.126
G1 F1500 X122.617 Y152.871 E740.89667
G0 F9000 X122.603 Y152.319
G1 F1500 X111.446 Y163.476 E741.42146
G0 F9000 X111.53 Y162.826
G1 F1500 X122.588 Y151.768 E741.9416
G0 F9000 X122.574 Y151.217
G1 F1500 X111.614 Y162.177 E742.45712
G0 F9000 X111.698 Y161.527
G1 F1500 X122.559 Y150.666 E742.96799
G0 F9000 X122.545 Y150.114
G1 F1500 X111.782 Y160.878 E743.47427
G0 F9000 X111.836 Y160.257
G1 F1500 X122.53 Y149.563 E743.97728
G0 F9000 X122.516 Y149.012
G1 F1500 X111.884 Y159.644 E744.47738
G0 F9000 X111.931 Y159.031
G1 F1500 X122.502 Y148.46 E744.97461
G0 F9000 X122.487 Y147.909
G1 F1500 X111.978 Y158.418 E745.46892
G0 F9000 X112.026 Y157.805
G1 F1500 X122.473 Y147.358 E745.96031
G0 F9000 X122.459 Y146.806
G1 F1500 X112.074 Y157.191 E746.44879
G0 F9000 X112.121 Y156.578
G1 F1500 X122.444 Y146.255 E746.93435
G0 F9000 X122.439 Y145.695
G1 F1500 X112.169 Y155.965 E747.41742
G0 F9000 X112.216 Y155.352
G1 F1500 X122.439 Y145.13 E747.89826
G0 F9000 X122.439 Y144.564
G1 F1500 X112.263 Y154.739 E748.37688
G0 F9000 X112.311 Y154.126
G1 F1500 X122.439 Y143.998 E748.85327
G0 F9000 X122.439 Y143.433
G1 F1500 X112.358 Y153.513 E749.32743
G0 F9000 X112.383 Y152.923
G1 F1500 X122.439 Y142.867 E749.80043
G0 F9000 X122.439 Y142.301
G1 F1500 X112.398 Y152.342 E750.27273
G0 F9000 X112.413 Y151.762
G1 F1500 X122.439 Y141.736 E750.74432
G0 F9000 X122.439 Y141.17
G1 F1500 X112.427 Y151.181 E751.21523
G0 F9000 X112.442 Y150.601
G1 F1500 X122.439 Y140.604 E751.68546
G0 F9000 X122.439 Y140.038
G1 F1500 X112.457 Y150.02 E752.15498
G0 F9000 X112.473 Y149.439
G1 F1500 X122.439 Y139.473 E752.62375
G0 F9000 X122.439 Y138.907
G1 F1500 X112.487 Y148.858 E753.09184
G0 F9000 X112.502 Y148.278
G1 F1500 X122.439 Y138.341 E753.55925
G0 F9000 X122.439 Y137.776
G1 F1500 X112.517 Y147.697 E754.02592
G0 F9000 X112.532 Y147.117
G1 F1500 X122.439 Y137.21 E754.49192
G0 F9000 X122.439 Y136.644
G1 F1500 X112.548 Y146.535 E754.95716
G0 F9000 X112.56 Y145.958
G1 F1500 X122.439 Y136.079 E755.42184
G0 F9000 X122.439 Y135.513
G1 F1500 X112.56 Y145.392 E755.88652
G0 F9000 X112.56 Y144.826
G1 F1500 X122.439 Y134.947 E756.3512
G0 F9000 X122.439 Y134.382
G1 F1500 X112.56 Y144.261 E756.81587
G0 F9000 X112.56 Y143.695
G1 F1500 X122.439 Y133.816 E757.28055
G0 F9000 X122.439 Y133.25
G1 F1500 X112.56 Y143.129 E757.74523
G0 F9000 X112.56 Y142.564
G1 F1500 X122.439 Y132.685 E758.20991
G0 F9000 X122.439 Y132.119
G1 F1500 X112.56 Y141.998 E758.67459
G0 F9000 X112.56 Y141.432
G1 F1500 X122.439 Y131.553 E759.13926
G0 F9000 X122.439 Y130.987
G1 F1500 X112.56 Y140.866 E759.60394
G0 F9000 X112.56 Y140.301
G1 F1500 X122.439 Y130.422 E760.06862
G0 F9000 X122.439 Y129.856
G1 F1500 X112.56 Y139.735 E760.5333
G0 F9000 X112.56 Y139.169
G1 F1500 X122.439 Y129.29 E760.99797
G0 F9000 X122.439 Y128.725
G1 F1500 X112.56 Y138.604 E761.46265
G0 F9000 X112.56 Y138.038
G1 F1500 X122.439 Y128.159 E761.92733
G0 F9000 X122.439 Y127.593
G1 F1500 X112.56 Y137.472 E762.39201
G0 F9000 X112.56 Y136.907
G1 F1500 X122.439 Y127.028 E762.85669
G0 F9000 X122.439 Y126.462
G1 F1500 X112.56 Y136.341 E763.32136
G0 F9000 X112.56 Y135.775
G1 F1500 X122.439 Y125.896 E763.78604
G0 F9000 X122.439 Y125.331
G1 F1500 X112.56 Y135.21 E764.25072
G0 F9000 X112.56 Y134.644
G1 F1500 X122.439 Y124.765 E764.7154
G0 F9000 X122.439 Y124.199
G1 F1500 X112.56 Y134.078 E765.18008
G0 F9000 X112.56 Y133.513
G1 F1500 X122.439 Y123.634 E765.64475
G0 F9000 X122.439 Y123.068
G1 F1500 X112.56 Y132.947 E766.10943
G0 F9000 X112.56 Y132.381
G1 F1500 X122.439 Y122.502 E766.57411
G0 F9000 X122.439 Y121.937
G1 F1500 X112.56 Y131.816 E767.03879
G0 F9000 X112.56 Y131.25
G1 F1500 X122.439 Y121.371 E767.50346
G0 F9000 X122.439 Y120.805
G1 F1500 X112.56 Y130.684 E767.96814
G0 F9000 X112.56 Y130.118
G1 F1500 X122.439 Y120.239 E768.43282
G0 F9000 X122.439 Y119.674
G1 F1500 X112.56 Y129.553 E768.8975
G0 F9000 X112.56 Y128.987
G1 F1500 X122.439 Y119.108 E769.36218
G0 F9000 X122.439 Y118.542
G1 F1500 X112.56 Y128.421 E769.82685
G0 F9000 X112.56 Y127.856
G1 F1500 X122.439 Y117.977 E770.29153
G0 F9000 X122.439 Y117.411
G1 F1500 X112.56 Y127.29 E770.75621
G0 F9000 X112.56 Y126.724
G1 F1500 X122.439 Y116.845 E771.22089
G0 F9000 X122.439 Y116.28
G1 F1500 X112.56 Y126.159 E771.68557
G0 F9000 X112.56 Y125.593
G1 F1500 X122.439 Y115.714 E772.15024
G0 F9000 X122.439 Y115.148
G1 F1500 X112.56 Y125.027 E772.61492
G0 F9000 X112.56 Y124.462
G1 F1500 X122.439 Y114.583 E773.0796
G0 F9000 X122.439 Y114.017
G1 F1500 X112.56 Y123.896 E773.54428
G0 F9000 X112.56 Y123.33
G1 F1500 X122.439 Y113.451 E774.00895
G0 F9000 X122.439 Y112.886
G1 F1500 X112.56 Y122.765 E774.47363
G0 F9000 X112.56 Y122.199
G1 F1500 X122.439 Y112.32 E774.93831
G0 F9000 X122.439 Y111.754
G1 F1500 X112.56 Y121.633 E775.40299
G0 F9000 X112.56 Y121.067
G1 F1500 X122.439 Y111.189 E775.86764
G0 F9000 X122.439 Y110.623
G1 F1500 X112.56 Y120.502 E776.33232
G0 F9000 X112.56 Y119.936
G1 F1500 X122.439 Y110.057 E776.797
G0 F9000 X122.439 Y109.491
G1 F1500 X112.56 Y119.37 E777.26168
G0 F9000 X112.56 Y118.805
G1 F1500 X122.439 Y108.926 E777.72635
G0 F9000 X122.439 Y108.36
G1 F1500 X112.56 Y118.239 E778.19103
G0 F9000 X112.56 Y117.673
G1 F1500 X122.439 Y107.794 E778.65571
G0 F9000 X122.439 Y107.229
G1 F1500 X112.56 Y117.108 E779.12039
G0 F9000 X112.56 Y116.542
G1 F1500 X122.439 Y106.663 E779.58507
G0 F9000 X122.439 Y106.097
G1 F1500 X112.56 Y115.976 E780.04974
G0 F9000 X112.56 Y115.411
G1 F1500 X122.439 Y105.532 E780.51442
G0 F9000 X122.439 Y104.966
G1 F1500 X112.56 Y114.845 E780.9791
G0 F9000 X112.56 Y114.279
G1 F1500 X122.439 Y104.4 E781.44378
G0 F9000 X122.439 Y103.835
G1 F1500 X112.56 Y113.714 E781.90846
G0 F9000 X112.56 Y113.148
G1 F1500 X122.439 Y103.269 E782.37313
G0 F9000 X122.439 Y102.703
G1 F1500 X112.56 Y112.582 E782.83781
G0 F9000 X112.56 Y112.017
G1 F1500 X122.439 Y102.138 E783.30249
G0 F9000 X122.439 Y101.572
G1 F1500 X112.56 Y111.451 E783.76717
G0 F9000 X112.56 Y110.885
G1 F1500 X122.439 Y101.006 E784.23184
G0 F9000 X122.439 Y100.44
G1 F1500 X112.56 Y110.319 E784.69652
G0 F9000 X112.56 Y109.754
G1 F1500 X122.439 Y99.875 E785.1612
G0 F9000 X122.439 Y99.309
G1 F1500 X112.56 Y109.188 E785.62588
G0 F9000 X112.56 Y108.622
G1 F1500 X122.439 Y98.743 E786.09056
G0 F9000 X122.439 Y98.178
G1 F1500 X112.56 Y108.057 E786.55523
G0 F9000 X112.56 Y107.491
G1 F1500 X122.439 Y97.612 E787.01991
G0 F9000 X122.439 Y97.046
G1 F1500 X112.56 Y106.925 E787.48459
G0 F9000 X112.56 Y106.36
G1 F1500 X122.439 Y96.481 E787.94927
G0 F9000 X122.439 Y95.915
G1 F1500 X112.56 Y105.794 E788.41395
G0 F9000 X112.56 Y105.228
G1 F1500 X122.439 Y95.349 E788.87862
G0 F9000 X122.439 Y94.784
G1 F1500 X112.56 Y104.663 E789.3433
G0 F9000 X112.56 Y104.097
G1 F1500 X122.439 Y94.218 E789.80798
G0 F9000 X122.439 Y93.652
G1 F1500 X112.56 Y103.531 E790.27266
G0 F9000 X112.56 Y102.966
G1 F1500 X122.439 Y93.087 E790.73733
G0 F9000 X122.439 Y92.521
G1 F1500 X112.56 Y102.4 E791.20201
G0 F9000 X112.56 Y101.834
G1 F1500 X122.439 Y91.955 E791.66669
G0 F9000 X122.439 Y91.39
G1 F1500 X112.56 Y101.269 E792.13137
G0 F9000 X112.56 Y100.703
G1 F1500 X122.439 Y90.824 E792.59605
G0 F9000 X122.439 Y90.258
G1 F1500 X112.56 Y100.137 E793.06072
G0 F9000 X112.56 Y99.571
G1 F1500 X122.439 Y89.692 E793.5254
G0 F9000 X122.439 Y89.127
G1 F1500 X112.56 Y99.006 E793.99008
G0 F9000 X112.56 Y98.44
G1 F1500 X122.448 Y88.551 E794.4552
G0 F9000 X122.463 Y87.971
G1 F1500 X112.56 Y97.874 E794.92101
G0 F9000 X112.56 Y97.309
G1 F1500 X122.479 Y87.389 E795.38759
G0 F9000 X122.494 Y86.809
G1 F1500 X112.56 Y96.743 E795.85486
G0 F9000 X112.56 Y96.177
G1 F1500 X122.509 Y86.228 E796.32283
G0 F9000 X122.523 Y85.648
G1 F1500 X112.56 Y95.612 E796.79148
G0 F9000 X112.56 Y95.046
G1 F1500 X122.538 Y85.067 E797.26084
G0 F9000 X122.553 Y84.487
G1 F1500 X112.56 Y94.48 E797.73088
G0 F9000 X112.56 Y93.915
G1 F1500 X122.569 Y83.905 E798.2017
G0 F9000 X122.584 Y83.325
G1 F1500 X112.56 Y93.349 E798.67319
G0 F9000 X112.56 Y92.783
G1 F1500 X122.598 Y82.744 E799.14537
G0 F9000 X122.613 Y82.164
G1 F1500 X112.56 Y92.218 E799.61826
G0 F9000 X112.56 Y91.652
G1 F1500 X122.633 Y81.578 E800.09209
G0 F9000 X122.68 Y80.965
G1 F1500 X112.56 Y91.086 E800.56812
G0 F9000 X112.56 Y90.52
G1 F1500 X122.728 Y80.352 E801.0464
G0 F9000 X122.775 Y79.739
G1 F1500 X112.56 Y89.955 E801.5269
G0 F9000 X112.56 Y89.389
G1 F1500 X122.823 Y79.126 E802.00964
G0 F9000 X122.87 Y78.513
G1 F1500 X112.556 Y88.827 E802.49478
G0 F9000 X112.541 Y88.276
G1 F1500 X122.917 Y77.9 E802.98284
G0 F9000 X122.965 Y77.287
G1 F1500 X112.527 Y87.725 E803.47381
G0 F9000 X112.513 Y87.173
G1 F1500 X123.012 Y76.674 E803.96765
G0 F9000 X123.06 Y76.06
G1 F1500 X112.498 Y86.622 E804.46445
G0 F9000 X112.484 Y86.071
G1 F1500 X123.107 Y75.447 E804.96415
G0 F9000 X123.155 Y74.834
G1 F1500 X112.47 Y85.519 E805.46674
G0 F9000 X112.455 Y84.968
G1 F1500 X123.204 Y74.22 E805.97232
G0 F9000 X123.288 Y73.57
G1 F1500 X112.441 Y84.417 E806.48253
G0 F9000 X112.427 Y83.865
G1 F1500 X123.371 Y72.921 E806.9973
G0 F9000 X123.455 Y72.271
G1 F1500 X112.412 Y83.314 E807.51673
G0 F9000 X112.398 Y82.763
G1 F1500 X123.54 Y71.621 E808.04081
G0 F9000 X123.624 Y70.971
G1 F1500 X112.384 Y82.211 E808.56951
G0 F9000 X112.369 Y81.66
G1 F1500 X123.708 Y70.321 E809.10286
G0 F9000 X123.792 Y69.671
G1 F1500 X112.332 Y81.132 E809.64193
G0 F9000 X112.292 Y80.606
G1 F1500 X123.876 Y69.022 E810.1868
G0 F9000 X123.96 Y68.372
G1 F1500 X112.251 Y80.081 E810.73756
G0 F9000 X112.21 Y79.557
G1 F1500 X124.044 Y67.723 E811.29419
G0 F9000 X124.128 Y67.073
G1 F1500 X112.169 Y79.031 E811.85668
G0 F9000 X112.128 Y78.507
G1 F1500 X124.247 Y66.388 E812.42672
G0 F9000 X124.373 Y65.696
G1 F1500 X112.088 Y77.981 E813.00457
G0 F9000 X112.047 Y77.457
G1 F1500 X124.499 Y65.005 E813.59028
G0 F9000 X124.625 Y64.313
G1 F1500 X112.006 Y76.932 E814.18384
G0 F9000 X111.966 Y76.407
G1 F1500 X124.751 Y63.621 E814.78523
G0 F9000 X124.877 Y62.93
G1 F1500 X111.925 Y75.882 E815.39445
G0 F9000 X111.884 Y75.357
G1 F1500 X125.003 Y62.238 E816.01153
G0 F9000 X125.129 Y61.546
G1 F1500 X111.843 Y74.832 E816.63646
G0 F9000 X111.802 Y74.307
G1 F1500 X125.255 Y60.855 E817.26922
G0 F9000 X125.381 Y60.163
G1 F1500 X111.741 Y73.802 E817.91078
G0 F9000 X111.676 Y73.302
G1 F1500 X125.437 Y59.541 E818.55806
G0 F9000 X125.437 Y58.975
G1 F1500 X111.611 Y72.801 E819.20839
G0 F9000 X111.547 Y72.3
G1 F1500 X125.437 Y58.409 E819.86176
G0 F9000 X125.437 Y57.844
G1 F1500 X111.482 Y71.799 E820.51816
G0 F9000 X111.417 Y71.298
G1 F1500 X125.437 Y57.278 E821.17762
G0 F9000 X125.437 Y56.712
G1 F1500 X111.352 Y70.798 E821.84015
G0 F9000 X111.287 Y70.297
G1 F1500 X125.437 Y56.147 E822.50573
G0 F9000 X125.437 Y55.581
G1 F1500 X111.222 Y69.796 E823.17436
G0 F9000 X111.157 Y69.295
G1 F1500 X125.437 Y55.015 E823.84604
G0 F9000 X125.437 Y54.45
G1 F1500 X111.092 Y68.795 E824.52079
G0 F9000 X111.027 Y68.294
G1 F1500 X125.437 Y53.884 E825.19859
G0 F9000 X125.437 Y53.318
G1 F1500 X110.962 Y67.793 E825.87945
G0 F9000 X110.898 Y67.292
G1 F1500 X125.437 Y52.752 E826.56334
G0 F9000 X125.437 Y52.187
G1 F1500 X110.826 Y66.798 E827.2506
G0 F9000 X110.739 Y66.32
G1 F1500 X125.437 Y51.621 E827.94197
G0 F9000 X125.437 Y51.055
G1 F1500 X110.651 Y65.842 E828.63749
G0 F9000 X110.564 Y65.363
G1 F1500 X125.437 Y50.49 E829.33707
G0 F9000 X125.437 Y49.924
G1 F1500 X110.476 Y64.885 E830.04079
G0 F9000 X110.389 Y64.406
G1 F1500 X125.437 Y49.358 E830.7486
G0 F9000 X125.437 Y48.793
G1 F1500 X110.303 Y63.928 E831.46048
G0 F9000 X110.215 Y63.45
G1 F1500 X125.437 Y48.227 E832.1765
G0 F9000 X125.437 Y47.661
G1 F1500 X110.128 Y62.971 E832.89661
G0 F9000 X110.04 Y62.493
G1 F1500 X125.437 Y47.096 E833.62084
G0 F9000 X125.437 Y46.53
G1 F1500 X109.953 Y62.014 E834.34916
G0 F9000 X109.866 Y61.535
G1 F1500 X125.437 Y45.964 E835.08157
G0 F9000 X125.437 Y45.399
G1 F1500 X109.779 Y61.057 E835.81807
G0 F9000 X109.692 Y60.579
G1 F1500 X125.437 Y44.833 E836.55869
G0 F9000 X125.437 Y44.267
G1 F1500 X109.605 Y60.1 E837.30341
G0 F9000 X109.56 Y59.579
G1 F1500 X125.437 Y43.702 E838.05021
G0 F9000 X125.437 Y43.136
G1 F1500 X109.56 Y59.013 E838.79702
G0 F9000 X109.56 Y58.448
G1 F1500 X125.437 Y42.57 E839.54385
G0 F9000 X125.437 Y42.004
G1 F1500 X109.56 Y57.882 E840.29067
G0 F9000 X109.56 Y57.316
G1 F1500 X125.437 Y41.439 E841.03748
G0 F9000 X125.437 Y40.873
G1 F1500 X109.56 Y56.75 E841.78429
G0 F9000 X109.56 Y56.185
G1 F1500 X125.437 Y40.307 E842.53111
G0 F9000 X125.437 Y39.742
G1 F1500 X109.56 Y55.619 E843.27792
G0 F9000 X109.56 Y55.053
G1 F1500 X125.437 Y39.176 E844.02472
G0 F9000 X125.437 Y38.61
G1 F1500 X109.56 Y54.488 E844.77155
G0 F9000 X109.56 Y53.922
G1 F1500 X125.437 Y38.045 E845.51836
G0 F9000 X125.437 Y37.479
G1 F1500 X109.56 Y53.356 E846.26516
G0 F9000 X109.56 Y52.791
G1 F1500 X125.437 Y36.913 E847.01199
G0 F9000 X125.225 Y36.56
G1 F1500 X109.56 Y52.225 E847.74883
G0 F9000 X109.56 Y51.659
G1 F1500 X124.659 Y36.56 E848.45904
G0 F9000 X124.093 Y36.56
G1 F1500 X109.56 Y51.094 E849.14265
G0 F9000 X109.56 Y50.528
G1 F1500 X123.528 Y36.56 E849.79966
G0 F9000 X122.962 Y36.56
G1 F1500 X109.56 Y49.962 E850.43005
G0 F9000 X109.56 Y49.397
G1 F1500 X122.396 Y36.56 E851.03384
G0 F9000 X121.83 Y36.56
G1 F1500 X109.56 Y48.831 E851.61101
G0 F9000 X109.56 Y48.265
G1 F1500 X121.265 Y36.56 E852.16157
G0 F9000 X120.699 Y36.56
G1 F1500 X109.56 Y47.7 E852.68554
G0 F9000 X109.56 Y47.134
G1 F1500 X120.133 Y36.56 E853.18289
G0 F9000 X119.568 Y36.56
G1 F1500 X109.56 Y46.568 E853.65363
G0 F9000 X109.56 Y46.002
G1 F1500 X119.002 Y36.56 E854.09775
G0 F9000 X118.436 Y36.56
G1 F1500 X109.56 Y45.437 E854.51528
G0 F9000 X109.56 Y44.871
G1 F1500 X117.871 Y36.56 E854.9062
G0 F9000 X117.305 Y36.56
G1 F1500 X109.56 Y44.305 E855.2705
G0 F9000 X109.56 Y43.74
G1 F1500 X116.739 Y36.56 E855.6082
G0 F9000 X116.174 Y36.56
G1 F1500 X109.56 Y43.174 E855.91931
G0 F9000 X109.56 Y42.608
G1 F1500 X115.608 Y36.56 E856.20379
G0 F9000 X115.042 Y36.56
G1 F1500 X109.56 Y42.043 E856.46167
G0 F9000 X109.56 Y41.477
G1 F1500 X114.477 Y36.56 E856.69295
G0 F9000 X113.911 Y36.56
G1 F1500 X109.56 Y40.911 E856.8976
G0 F9000 X109.56 Y40.346
G1 F1500 X113.345 Y36.56 E857.07566
G0 F9000 X112.779 Y36.56
G1 F1500 X109.56 Y39.78 E857.2271
G0 F9000 X109.56 Y39.214
G1 F1500 X112.214 Y36.56 E857.35193
G0 F9000 X111.648 Y36.56
G1 F1500 X109.56 Y38.649 E857.45017
G0 F9000 X109.56 Y38.083
G1 F1500 X111.082 Y36.56 E857.52178
G0 F9000 X110.517 Y36.56
G1 F1500 X109.56 Y37.517 E857.5668
G0 F9000 X109.56 Y36.951
G1 F1500 X109.951 Y36.56 E857.58519
G1 F2700 E852.58519
;MESH:NONMESH
G0 F300 X109.951 Y36.56 Z1
G0 F9000 X109.951 Y36.1
G0 X109.172 Y36.172
G0 X109.162 Y59.896
G0 X111.083 Y74.337
G0 X111.65 Y81.659
G0 X111.839 Y88.99
G0 X111.839 Y146.01
G0 X111.65 Y153.341
G0 X111.083 Y160.663
G0 X110.14 Y167.947
G0 X109.149 Y173.192
G0 X109 Y199
;TIME_ELAPSED:1247.273883
;LAYER:4
;TYPE:WALL-INNER
;MESH:D638-22 Tensile.STL
G1 F2700 E857.58519
G1 F1500 X126 Y199 E858.15061
G1 X126 Y175.858 E858.92032
G1 X126 Y175.089 E858.9459
G1 X124.701 Y167.971 E859.18655
G1 X123.754 Y160.654 E859.43195
G1 X123.188 Y153.323 E859.6765
G1 X123 Y146.027 E859.91925
G1 X123 Y88.973 E861.81687
G1 X123.19 Y81.624 E862.06138
G1 X123.754 Y74.346 E862.30418
G1 X124.701 Y67.027 E862.54964
G1 X125.999 Y59.907 E862.79035
G1 X126 Y36 E863.5855
G1 X109 Y36 E864.15092
G1 X109.001 Y59.911 E864.94621
G1 X110.299 Y67.028 E865.18682
G1 X111.246 Y74.345 E865.43222
G1 X111.81 Y81.625 E865.67508
G1 X112 Y88.973 E865.91955
G1 X112 Y146.027 E867.81718
G1 X111.812 Y153.324 E868.05996
G1 X111.245 Y160.664 E868.30481
G1 X110.299 Y167.972 E868.54991
G1 X109 Y175.093 E868.79066
G1 X109 Y199 E869.58581
G1 F2700 E864.58581
G0 F9000 X125.828 Y198.828
G0 X125.839 Y175.105
G0 X124.797 Y167.931
G1 F2700 E869.58581
G0 F9000 X125.094 Y167.894
G1 F1500 X126.4 Y175.053 E869.82785
G1 X126.4 Y175.858 E869.85462
G1 X126.4 Y199.4 E870.63763
G1 X108.6 Y199.4 E871.22966
G1 X108.6 Y175.057 E872.03932
G1 X109.906 Y167.896 E872.28142
G1 X110.844 Y160.654 E872.5243
G1 X111.411 Y153.345 E872.76813
G1 X111.6 Y146.017 E873.01194
G1 X111.6 Y88.983 E874.9089
G1 X111.411 Y81.656 E875.15268
G1 X110.847 Y74.376 E875.39554
G1 X109.906 Y67.105 E875.63939
G1 X108.601 Y59.947 E875.88139
G1 X108.6 Y35.6 E876.69117
G1 X126.4 Y35.6 E877.28321
G1 X126.399 Y59.943 E878.09286
G1 X125.094 Y67.104 E878.33496
G1 X124.156 Y74.346 E878.57784
G1 X123.589 Y81.655 E878.82167
G1 X123.4 Y88.983 E879.06548
G1 X123.4 Y146.017 E880.96244
G1 X123.589 Y153.343 E881.20618
G1 X124.156 Y160.654 E881.45008
G1 X125.094 Y167.894 E881.69289
G1 F2700 E876.69289
G0 F9000 X124.797 Y167.931
G0 X126.198 Y175.072
G0 X126.082 Y199.082
G0 X108.47 Y199.53
G1 F2700 E881.69289
G0 F9000 X108.2 Y199.8
;TYPE:WALL-OUTER
G1 F1500 X126.8 Y199.8 E882.31153
G1 X126.8 Y175.858 E883.10784
G1 X126.8 Y175.017 E883.13582
G1 X125.491 Y167.842 E883.3784
G1 X124.552 Y160.592 E883.62155
G1 X123.988 Y153.302 E883.86474
G1 X123.8 Y146.007 E884.10745
G1 X123.8 Y88.993 E886.00374
G1 X123.988 Y81.686 E886.24686
G1 X124.553 Y74.398 E886.48998
G1 X125.493 Y67.146 E886.7332
G1 X126.799 Y59.979 E886.9755
G1 X126.8 Y35.2 E887.79966
G1 X108.2 Y35.2 E888.4183
G1 X108.201 Y59.983 E889.24258
G1 X109.509 Y67.157 E889.48512
G1 X110.448 Y74.407 E889.72827
G1 X111.012 Y81.697 E889.97146
G1 X111.2 Y88.993 E890.21421
G1 X111.2 Y146.007 E892.1105
G1 X111.012 Y153.314 E892.35362
G1 X110.447 Y160.602 E892.59674
G1 X109.507 Y167.854 E892.83996
G1 X108.2 Y175.021 E893.08227
G1 X108.2 Y199.8 E893.90642
G0 F9000 X108.47 Y199.53
G0 X109.1 Y198.64
G0 X109.36 Y198.64
;TYPE:SKIN
G1 F1500 X125.64 Y198.64 E894.4479
G1 X125.64 Y175.858 E895.20563
G1 X125.64 Y175.122 E895.23011
G1 X124.341 Y168.004 E895.47077
G1 X123.401 Y160.741 E895.71435
G1 X122.831 Y153.391 E895.95955
G1 X122.64 Y146.04 E896.20412
G1 X122.64 Y88.961 E898.10258
G1 X122.828 Y81.657 E898.34559
G1 X123.402 Y74.247 E898.59279
G1 X124.343 Y66.983 E898.83641
G1 X125.639 Y59.872 E899.07682
G1 X125.639 Y36.361 E899.85879
G1 X109.361 Y36.361 E900.4002
G1 X109.361 Y59.879 E901.18242
G1 X110.659 Y66.995 E901.423
G1 X111.599 Y74.258 E901.66658
G1 X112.169 Y81.606 E901.91171
G1 X112.36 Y88.961 E902.15642
G1 X112.36 Y146.04 E904.05488
G1 X112.172 Y153.343 E904.29786
G1 X111.598 Y160.752 E904.54502
G1 X110.657 Y168.017 E904.78867
G1 X109.36 Y175.128 E905.02909
G1 X109.36 Y198.64 E905.8111
G0 F9000 X109.559 Y198.372
G1 F1500 X109.626 Y198.438 E905.81423
G0 F9000 X110.191 Y198.438
G1 F1500 X109.559 Y197.806 E905.84396
G0 F9000 X109.559 Y197.241
G1 F1500 X110.757 Y198.438 E905.90028
G0 F9000 X111.323 Y198.438
G1 F1500 X109.559 Y196.675 E905.98323
G0 F9000 X109.559 Y196.109
G1 F1500 X111.889 Y198.438 E906.09281
G0 F9000 X112.454 Y198.438
G1 F1500 X109.559 Y195.544 E906.22895
G0 F9000 X109.559 Y194.978
G1 F1500 X113.02 Y198.438 E906.39172
G0 F9000 X113.586 Y198.438
G1 F1500 X109.559 Y194.412 E906.58112
G0 F9000 X109.559 Y193.846
G1 F1500 X114.151 Y198.438 E906.79711
G0 F9000 X114.717 Y198.438
G1 F1500 X109.559 Y193.281 E907.03971
G0 F9000 X109.559 Y192.715
G1 F1500 X115.283 Y198.438 E907.30892
G0 F9000 X115.848 Y198.438
G1 F1500 X109.559 Y192.149 E907.60474
G0 F9000 X109.559 Y191.584
G1 F1500 X116.414 Y198.438 E907.92715
G0 F9000 X116.98 Y198.438
G1 F1500 X109.559 Y191.018 E908.27619
G0 F9000 X109.559 Y190.452
G1 F1500 X117.545 Y198.438 E908.65183
G0 F9000 X118.111 Y198.438
G1 F1500 X109.559 Y189.887 E909.05406
G0 F9000 X109.559 Y189.321
G1 F1500 X118.677 Y198.438 E909.48292
G0 F9000 X119.242 Y198.438
G1 F1500 X109.559 Y188.755 E909.93838
G0 F9000 X109.559 Y188.19
G1 F1500 X119.808 Y198.438 E910.42044
G0 F9000 X120.374 Y198.438
G1 F1500 X109.559 Y187.624 E910.92912
G0 F9000 X109.559 Y187.058
G1 F1500 X120.94 Y198.438 E911.46442
G0 F9000 X121.505 Y198.438
G1 F1500 X109.559 Y186.493 E912.0263
G0 F9000 X109.559 Y185.927
G1 F1500 X122.071 Y198.438 E912.61481
G0 F9000 X122.637 Y198.438
G1 F1500 X109.559 Y185.361 E913.22993
G0 F9000 X109.559 Y184.795
G1 F1500 X123.202 Y198.438 E913.87166
G0 F9000 X123.768 Y198.438
G1 F1500 X109.559 Y184.23 E914.53998
G0 F9000 X109.559 Y183.664
G1 F1500 X124.334 Y198.438 E915.23493
G0 F9000 X124.899 Y198.438
G1 F1500 X109.559 Y183.098 E915.95647
G0 F9000 X109.559 Y182.533
G1 F1500 X125.44 Y198.413 E916.70344
G0 F9000 X125.44 Y197.847
G1 F1500 X109.559 Y181.967 E917.45041
G0 F9000 X109.559 Y181.401
G1 F1500 X125.44 Y197.282 E918.19741
G0 F9000 X125.44 Y196.716
G1 F1500 X109.559 Y180.836 E918.94438
G0 F9000 X109.559 Y180.27
G1 F1500 X125.44 Y196.15 E919.69135
G0 F9000 X125.44 Y195.585
G1 F1500 X109.559 Y179.704 E920.43834
G0 F9000 X109.559 Y179.139
G1 F1500 X125.44 Y195.019 E921.18531
G0 F9000 X125.44 Y194.453
G1 F1500 X109.559 Y178.573 E921.93228
G0 F9000 X109.559 Y178.007
G1 F1500 X125.44 Y193.887 E922.67925
G0 F9000 X125.44 Y193.322
G1 F1500 X109.559 Y177.442 E923.42622
G0 F9000 X109.559 Y176.876
G1 F1500 X125.44 Y192.756 E924.17319
G0 F9000 X125.44 Y192.19
G1 F1500 X109.559 Y176.31 E924.92016
G0 F9000 X109.559 Y175.745
G1 F1500 X125.44 Y191.625 E925.66713
G0 F9000 X125.44 Y191.059
G1 F1500 X109.559 Y175.179 E926.4141
G0 F9000 X109.641 Y174.695
G1 F1500 X125.44 Y190.493 E927.15721
G0 F9000 X125.44 Y189.928
G1 F1500 X109.728 Y174.216 E927.89626
G0 F9000 X109.815 Y173.738
G1 F1500 X125.44 Y189.362 E928.63119
G0 F9000 X125.44 Y188.796
G1 F1500 X109.903 Y173.26 E929.36198
G0 F9000 X109.99 Y172.781
G1 F1500 X125.44 Y188.231 E930.0887
G0 F9000 X125.44 Y187.665
G1 F1500 X110.078 Y172.303 E930.81128
G0 F9000 X110.165 Y171.824
G1 F1500 X125.44 Y187.099 E931.52977
G0 F9000 X125.44 Y186.534
G1 F1500 X110.252 Y171.346 E932.24416
G0 F9000 X110.339 Y170.868
G1 F1500 X125.44 Y185.968 E932.95445
G0 F9000 X125.44 Y185.402
G1 F1500 X110.426 Y170.389 E933.66063
G0 F9000 X110.514 Y169.911
G1 F1500 X125.44 Y184.837 E934.36271
G0 F9000 X125.44 Y184.271
G1 F1500 X110.601 Y169.432 E935.06069
G0 F9000 X110.689 Y168.954
G1 F1500 X125.44 Y183.705 E935.75453
G0 F9000 X125.44 Y183.139
G1 F1500 X110.776 Y168.475 E936.44428
G0 F9000 X110.861 Y167.995
G1 F1500 X125.44 Y182.574 E937.13003
G0 F9000 X125.44 Y182.008
G1 F1500 X110.926 Y167.495 E937.8127
G0 F9000 X110.991 Y166.993
G1 F1500 X125.44 Y181.442 E938.49234
G0 F9000 X125.44 Y180.877
G1 F1500 X111.056 Y166.493 E939.16892
G0 F9000 X111.12 Y165.991
G1 F1500 X125.44 Y180.311 E939.84249
G0 F9000 X125.44 Y179.745
G1 F1500 X111.185 Y165.491 E940.51298
G0 F9000 X111.25 Y164.99
G1 F1500 X125.44 Y179.18 E941.18043
G0 F9000 X125.44 Y178.614
G1 F1500 X111.314 Y164.489 E941.84485
G0 F9000 X111.379 Y163.988
G1 F1500 X125.44 Y178.048 E942.50621
G0 F9000 X125.44 Y177.483
G1 F1500 X111.444 Y163.487 E943.16454
G0 F9000 X111.509 Y162.986
G1 F1500 X125.44 Y176.917 E943.81981
G0 F9000 X125.44 Y176.351
G1 F1500 X111.573 Y162.485 E944.47205
G0 F9000 X111.638 Y161.984
G1 F1500 X125.44 Y175.786 E945.12125
G0 F9000 X125.44 Y175.22
G1 F1500 X111.703 Y161.484 E945.76738
G0 F9000 X111.768 Y160.982
G1 F1500 X125.331 Y174.546 E946.40536
G0 F9000 X125.205 Y173.854
G1 F1500 X111.819 Y160.468 E947.035
G0 F9000 X111.86 Y159.943
G1 F1500 X125.079 Y173.162 E947.65678
G0 F9000 X124.953 Y172.471
G1 F1500 X111.901 Y159.418 E948.27073
G0 F9000 X111.941 Y158.893
G1 F1500 X124.826 Y171.778 E948.8768
G0 F9000 X124.7 Y171.086
G1 F1500 X111.982 Y158.368 E949.47502
G0 F9000 X112.022 Y157.843
G1 F1500 X124.574 Y170.395 E950.06542
G0 F9000 X124.447 Y169.702
G1 F1500 X112.063 Y157.318 E950.64793
G0 F9000 X112.104 Y156.793
G1 F1500 X124.322 Y169.011 E951.22263
G0 F9000 X124.195 Y168.318
G1 F1500 X112.145 Y156.268 E951.78942
G0 F9000 X112.185 Y155.743
G1 F1500 X124.095 Y167.652 E952.34961
G0 F9000 X124.01 Y167.003
G1 F1500 X112.226 Y155.218 E952.90391
G0 F9000 X112.266 Y154.693
G1 F1500 X123.926 Y166.353 E953.45237
G0 F9000 X123.841 Y165.702
G1 F1500 X112.307 Y154.168 E953.99489
G0 F9000 X112.347 Y153.642
G1 F1500 X123.757 Y165.052 E954.53158
G0 F9000 X123.673 Y164.403
G1 F1500 X112.377 Y153.107 E955.06291
G0 F9000 X112.391 Y152.555
G1 F1500 X123.589 Y163.753 E955.58963
G0 F9000 X123.505 Y163.103
G1 F1500 X112.405 Y152.003 E956.11174
G0 F9000 X112.42 Y151.452
G1 F1500 X123.421 Y162.453 E956.62919
G0 F9000 X123.337 Y161.803
G1 F1500 X112.434 Y150.9 E957.14204
G0 F9000 X112.448 Y150.349
G1 F1500 X123.252 Y161.153 E957.65022
G0 F9000 X123.183 Y160.518
G1 F1500 X112.463 Y149.798 E958.15446
G0 F9000 X112.477 Y149.246
G1 F1500 X123.136 Y159.905 E958.65583
G0 F9000 X123.088 Y159.292
G1 F1500 X112.491 Y148.695 E959.15428
G0 F9000 X112.505 Y148.143
G1 F1500 X123.04 Y158.679 E959.64983
G0 F9000 X122.993 Y158.065
G1 F1500 X112.519 Y147.592 E960.14248
G0 F9000 X112.533 Y147.04
G1 F1500 X122.946 Y157.452 E960.63225
G0 F9000 X122.897 Y156.839
G1 F1500 X112.548 Y146.489 E961.11906
G0 F9000 X112.559 Y145.934
G1 F1500 X122.85 Y156.226 E961.60314
G0 F9000 X122.803 Y155.612
G1 F1500 X112.559 Y145.369 E962.08496
G0 F9000 X112.559 Y144.803
G1 F1500 X122.755 Y154.999 E962.56455
G0 F9000 X122.707 Y154.386
G1 F1500 X112.559 Y144.237 E963.0419
G0 F9000 X112.559 Y143.672
G1 F1500 X122.66 Y153.773 E963.51702
G0 F9000 X122.626 Y153.173
G1 F1500 X112.559 Y143.106 E963.99054
G0 F9000 X112.559 Y142.54
G1 F1500 X122.61 Y152.592 E964.46334
G0 F9000 X122.596 Y152.011
G1 F1500 X112.559 Y141.975 E964.93542
G0 F9000 X112.559 Y141.409
G1 F1500 X122.58 Y151.43 E965.40678
G0 F9000 X122.565 Y150.849
G1 F1500 X112.559 Y140.843 E965.87743
G0 F9000 X112.559 Y140.277
G1 F1500 X122.55 Y150.268 E966.34738
G0 F9000 X122.535 Y149.688
G1 F1500 X112.559 Y139.712 E966.81662
G0 F9000 X112.559 Y139.146
G1 F1500 X122.52 Y149.107 E967.28515
G0 F9000 X122.504 Y148.526
G1 F1500 X112.559 Y138.58 E967.75296
G0 F9000 X112.559 Y138.015
G1 F1500 X122.489 Y147.945 E968.22003
G0 F9000 X122.474 Y147.364
G1 F1500 X112.559 Y137.449 E968.68641
G0 F9000 X112.559 Y136.883
G1 F1500 X122.459 Y146.784 E969.15209
G0 F9000 X122.444 Y146.202
G1 F1500 X112.559 Y136.318 E969.61703
G0 F9000 X112.559 Y135.752
G1 F1500 X122.439 Y145.632 E970.08176
G0 F9000 X122.439 Y145.067
G1 F1500 X112.559 Y135.186 E970.5465
G0 F9000 X112.559 Y134.621
G1 F1500 X122.439 Y144.501 E971.01123
G0 F9000 X122.439 Y143.935
G1 F1500 X112.559 Y134.055 E971.47595
G0 F9000 X112.559 Y133.489
G1 F1500 X122.439 Y143.37 E971.9407
G0 F9000 X122.439 Y142.804
G1 F1500 X112.559 Y132.924 E972.40543
G0 F9000 X112.559 Y132.358
G1 F1500 X122.439 Y142.238 E972.87015
G0 F9000 X122.439 Y141.673
G1 F1500 X112.559 Y131.792 E973.3349
G0 F9000 X112.559 Y131.226
G1 F1500 X122.439 Y141.107 E973.79965
G0 F9000 X122.439 Y140.541
G1 F1500 X112.559 Y130.661 E974.26437
G0 F9000 X112.559 Y130.095
G1 F1500 X122.439 Y139.976 E974.72912
G0 F9000 X122.439 Y139.41
G1 F1500 X112.559 Y129.529 E975.19387
G0 F9000 X112.559 Y128.964
G1 F1500 X122.439 Y138.844 E975.6586
G0 F9000 X122.439 Y138.278
G1 F1500 X112.559 Y128.398 E976.12332
G0 F9000 X112.559 Y127.832
G1 F1500 X122.439 Y137.713 E976.58807
G0 F9000 X122.439 Y137.147
G1 F1500 X112.559 Y127.267 E977.05279
G0 F9000 X112.559 Y126.701
G1 F1500 X122.439 Y136.581 E977.51752
G0 F9000 X122.439 Y136.016
G1 F1500 X112.559 Y126.135 E977.98227
G0 F9000 X112.559 Y125.57
G1 F1500 X122.439 Y135.45 E978.44699
G0 F9000 X122.439 Y134.884
G1 F1500 X112.559 Y125.004 E978.91172
G0 F9000 X112.559 Y124.438
G1 F1500 X122.439 Y134.319 E979.37647
G0 F9000 X122.439 Y133.753
G1 F1500 X112.559 Y123.873 E979.84119
G0 F9000 X112.559 Y123.307
G1 F1500 X122.439 Y133.187 E980.30592
G0 F9000 X122.439 Y132.622
G1 F1500 X112.559 Y122.741 E980.77066
G0 F9000 X112.559 Y122.176
G1 F1500 X122.439 Y132.056 E981.23539
G0 F9000 X122.439 Y131.49
G1 F1500 X112.559 Y121.61 E981.70011
G0 F9000 X112.559 Y121.044
G1 F1500 X122.439 Y130.925 E982.16486
G0 F9000 X122.439 Y130.359
G1 F1500 X112.559 Y120.478 E982.62961
G0 F9000 X112.559 Y119.913
G1 F1500 X122.439 Y129.793 E983.09434
G0 F9000 X122.439 Y129.228
G1 F1500 X112.559 Y119.347 E983.55908
G0 F9000 X112.559 Y118.781
G1 F1500 X122.439 Y128.662 E984.02383
G0 F9000 X122.439 Y128.096
G1 F1500 X112.559 Y118.216 E984.48856
G0 F9000 X112.559 Y117.65
G1 F1500 X122.439 Y127.53 E984.95328
G0 F9000 X122.439 Y126.965
G1 F1500 X112.559 Y117.084 E985.41803
G0 F9000 X112.559 Y116.519
G1 F1500 X122.439 Y126.399 E985.88276
G0 F9000 X122.439 Y125.833
G1 F1500 X112.559 Y115.953 E986.34748
G0 F9000 X112.559 Y115.387
G1 F1500 X122.439 Y125.268 E986.81223
G0 F9000 X122.439 Y124.702
G1 F1500 X112.559 Y114.822 E987.27695
G0 F9000 X112.559 Y114.256
G1 F1500 X122.439 Y124.136 E987.74168
G0 F9000 X122.439 Y123.571
G1 F1500 X112.559 Y113.69 E988.20643
G0 F9000 X112.559 Y113.125
G1 F1500 X122.439 Y123.005 E988.67115
G0 F9000 X122.439 Y122.439
G1 F1500 X112.559 Y112.559 E989.13588
G0 F9000 X112.559 Y111.993
G1 F1500 X122.439 Y121.874 E989.60063
G0 F9000 X122.439 Y121.308
G1 F1500 X112.559 Y111.428 E990.06535
G0 F9000 X112.559 Y110.862
G1 F1500 X122.439 Y120.742 E990.53008
G0 F9000 X122.439 Y120.177
G1 F1500 X112.559 Y110.296 E990.99482
G0 F9000 X112.559 Y109.73
G1 F1500 X122.439 Y119.611 E991.45957
G0 F9000 X122.439 Y119.045
G1 F1500 X112.559 Y109.165 E991.9243
G0 F9000 X112.559 Y108.599
G1 F1500 X122.439 Y118.479 E992.38902
G0 F9000 X122.439 Y117.914
G1 F1500 X112.559 Y108.033 E992.85377
G0 F9000 X112.559 Y107.468
G1 F1500 X122.439 Y117.348 E993.3185
G0 F9000 X122.439 Y116.782
G1 F1500 X112.559 Y106.902 E993.78322
G0 F9000 X112.559 Y106.336
G1 F1500 X122.439 Y116.217 E994.24797
G0 F9000 X122.439 Y115.651
G1 F1500 X112.559 Y105.771 E994.71269
G0 F9000 X112.559 Y105.205
G1 F1500 X122.439 Y115.085 E995.17742
G0 F9000 X122.439 Y114.52
G1 F1500 X112.559 Y104.639 E995.64217
G0 F9000 X112.559 Y104.074
G1 F1500 X122.439 Y113.954 E996.10689
G0 F9000 X122.439 Y113.388
G1 F1500 X112.559 Y103.508 E996.57162
G0 F9000 X112.559 Y102.942
G1 F1500 X122.439 Y112.823 E997.03637
G0 F9000 X122.439 Y112.257
G1 F1500 X112.559 Y102.377 E997.50109
G0 F9000 X112.559 Y101.811
G1 F1500 X122.439 Y111.691 E997.96582
G0 F9000 X122.439 Y111.126
G1 F1500 X112.559 Y101.245 E998.43056
G0 F9000 X112.559 Y100.679
G1 F1500 X122.439 Y110.56 E998.89531
G0 F9000 X122.439 Y109.994
G1 F1500 X112.559 Y100.114 E999.36004
G0 F9000 X112.559 Y99.548
G1 F1500 X122.439 Y109.429 E999.82479
G0 F9000 X122.439 Y108.863
G1 F1500 X112.559 Y98.982 E1000.28953
G0 F9000 X112.559 Y98.417
G1 F1500 X122.439 Y108.297 E1000.75426
G0 F9000 X122.439 Y107.731
G1 F1500 X112.559 Y97.851 E1001.21898
G0 F9000 X112.559 Y97.285
G1 F1500 X122.439 Y107.166 E1001.68373
G0 F9000 X122.439 Y106.6
G1 F1500 X112.559 Y96.72 E1002.14846
G0 F9000 X112.559 Y96.154
G1 F1500 X122.439 Y106.034 E1002.61318
G0 F9000 X122.439 Y105.469
G1 F1500 X112.559 Y95.588 E1003.07793
G0 F9000 X112.559 Y95.023
G1 F1500 X122.439 Y104.903 E1003.54266
G0 F9000 X122.439 Y104.337
G1 F1500 X112.559 Y94.457 E1004.00738
G0 F9000 X112.559 Y93.891
G1 F1500 X122.439 Y103.772 E1004.47213
G0 F9000 X122.439 Y103.206
G1 F1500 X112.559 Y93.326 E1004.93685
G0 F9000 X112.559 Y92.76
G1 F1500 X122.439 Y102.64 E1005.40158
G0 F9000 X122.439 Y102.075
G1 F1500 X112.559 Y92.194 E1005.86633
G0 F9000 X112.559 Y91.629
G1 F1500 X122.439 Y101.509 E1006.33105
G0 F9000 X122.439 Y100.943
G1 F1500 X112.559 Y91.063 E1006.79578
G0 F9000 X112.559 Y90.497
G1 F1500 X122.439 Y100.378 E1007.26052
G0 F9000 X122.439 Y99.812
G1 F1500 X112.559 Y89.931 E1007.72527
G0 F9000 X112.559 Y89.366
G1 F1500 X122.439 Y99.246 E1008.19
G0 F9000 X122.439 Y98.68
G1 F1500 X112.555 Y88.796 E1008.65491
G0 F9000 X112.539 Y88.215
G1 F1500 X122.439 Y98.115 E1009.12058
G0 F9000 X122.439 Y97.549
G1 F1500 X112.524 Y87.634 E1009.58695
G0 F9000 X112.509 Y87.053
G1 F1500 X122.439 Y96.983 E1010.05402
G0 F9000 X122.439 Y96.418
G1 F1500 X112.494 Y86.472 E1010.52183
G0 F9000 X112.479 Y85.892
G1 F1500 X122.439 Y95.852 E1010.99032
G0 F9000 X122.439 Y95.286
G1 F1500 X112.463 Y85.311 E1011.45954
G0 F9000 X112.449 Y84.73
G1 F1500 X122.439 Y94.721 E1011.92946
G0 F9000 X122.439 Y94.155
G1 F1500 X112.433 Y84.149 E1012.40011
G0 F9000 X112.418 Y83.568
G1 F1500 X122.439 Y93.589 E1012.87147
G0 F9000 X122.439 Y93.024
G1 F1500 X112.403 Y82.987 E1013.34355
G0 F9000 X112.388 Y82.406
G1 F1500 X122.439 Y92.458 E1013.81634
G0 F9000 X122.439 Y91.892
G1 F1500 X112.373 Y81.826 E1014.28982
G0 F9000 X112.339 Y81.226
G1 F1500 X122.439 Y91.327 E1014.76492
G0 F9000 X122.439 Y90.761
G1 F1500 X112.291 Y80.613 E1015.24225
G0 F9000 X112.244 Y79.999
G1 F1500 X122.439 Y90.195 E1015.72181
G0 F9000 X122.439 Y89.63
G1 F1500 X112.196 Y79.386 E1016.20363
G0 F9000 X112.148 Y78.773
G1 F1500 X122.439 Y89.064 E1016.68769
G0 F9000 X122.451 Y88.509
G1 F1500 X112.101 Y78.16 E1017.1745
G0 F9000 X112.053 Y77.546
G1 F1500 X122.465 Y87.958 E1017.66425
G0 F9000 X122.479 Y87.406
G1 F1500 X112.005 Y76.933 E1018.15689
G0 F9000 X111.958 Y76.32
G1 F1500 X122.493 Y86.855 E1018.65242
G0 F9000 X122.507 Y86.303
G1 F1500 X111.91 Y75.707 E1019.15085
G0 F9000 X111.862 Y75.093
G1 F1500 X122.521 Y85.752 E1019.65222
G0 F9000 X122.535 Y85.2
G1 F1500 X111.815 Y74.48 E1020.15645
G0 F9000 X111.746 Y73.845
G1 F1500 X122.55 Y84.649 E1020.66464
G0 F9000 X122.564 Y84.098
G1 F1500 X111.662 Y73.196 E1021.17744
G0 F9000 X111.578 Y72.546
G1 F1500 X122.579 Y83.546 E1021.69487
G0 F9000 X122.593 Y82.995
G1 F1500 X111.494 Y71.896 E1022.21693
G0 F9000 X111.409 Y71.245
G1 F1500 X122.607 Y82.443 E1022.74365
G0 F9000 X122.621 Y81.892
G1 F1500 X111.325 Y70.596 E1023.27498
G0 F9000 X111.241 Y69.946
G1 F1500 X122.651 Y81.356 E1023.81167
G0 F9000 X122.691 Y80.83
G1 F1500 X111.157 Y69.296 E1024.35419
G0 F9000 X111.073 Y68.646
G1 F1500 X122.732 Y80.306 E1024.90262
G0 F9000 X122.772 Y79.78
G1 F1500 X110.988 Y67.996 E1025.4569
G0 F9000 X110.904 Y67.346
G1 F1500 X122.813 Y79.256 E1026.01709
G0 F9000 X122.854 Y78.73
G1 F1500 X110.803 Y66.68 E1026.58391
G0 F9000 X110.677 Y65.988
G1 F1500 X122.895 Y78.206 E1027.15861
G0 F9000 X122.935 Y77.68
G1 F1500 X110.551 Y65.297 E1027.74109
G0 F9000 X110.425 Y64.604
G1 F1500 X122.976 Y77.155 E1028.33145
G0 F9000 X123.016 Y76.63
G1 F1500 X110.299 Y63.913 E1028.92962
G0 F9000 X110.172 Y63.221
G1 F1500 X123.057 Y76.105 E1029.53566
G0 F9000 X123.098 Y75.58
G1 F1500 X110.047 Y62.529 E1030.14954
G0 F9000 X109.92 Y61.837
G1 F1500 X123.139 Y75.055 E1030.7713
G0 F9000 X123.179 Y74.53
G1 F1500 X109.794 Y61.145 E1031.40089
G0 F9000 X109.668 Y60.454
G1 F1500 X123.231 Y74.016 E1032.03883
G0 F9000 X123.296 Y73.515
G1 F1500 X109.559 Y59.779 E1032.68495
G0 F9000 X109.559 Y59.213
G1 F1500 X123.36 Y73.014 E1033.33411
G0 F9000 X123.425 Y72.513
G1 F1500 X109.559 Y58.648 E1033.9863
G0 F9000 X109.559 Y58.082
G1 F1500 X123.49 Y72.013 E1034.64157
G0 F9000 X123.554 Y71.511
G1 F1500 X109.559 Y57.516 E1035.29985
G0 F9000 X109.559 Y56.951
G1 F1500 X123.619 Y71.011 E1035.96119
G0 F9000 X123.684 Y70.509
G1 F1500 X109.559 Y56.385 E1036.62557
G0 F9000 X109.559 Y55.819
G1 F1500 X123.749 Y70.009 E1037.29302
G0 F9000 X123.814 Y69.508
G1 F1500 X109.559 Y55.254 E1037.96351
G0 F9000 X109.559 Y54.688
G1 F1500 X123.878 Y69.007 E1038.63703
G0 F9000 X123.943 Y68.506
G1 F1500 X109.559 Y54.122 E1039.31361
G0 F9000 X109.559 Y53.556
G1 F1500 X124.008 Y68.005 E1039.99325
G0 F9000 X124.073 Y67.504
G1 F1500 X109.559 Y52.991 E1040.67592
G0 F9000 X109.559 Y52.425
G1 F1500 X124.138 Y67.004 E1041.36167
G0 F9000 X124.223 Y66.523
G1 F1500 X109.559 Y51.859 E1042.05142
G0 F9000 X109.559 Y51.294
G1 F1500 X124.31 Y66.045 E1042.74526
G0 F9000 X124.397 Y65.566
G1 F1500 X109.559 Y50.728 E1043.44319
G0 F9000 X109.559 Y50.162
G1 F1500 X124.485 Y65.088 E1044.14527
G0 F9000 X124.572 Y64.609
G1 F1500 X109.559 Y49.597 E1044.85141
G0 F9000 X109.559 Y49.031
G1 F1500 X124.659 Y64.131 E1045.56167
G0 F9000 X124.746 Y63.652
G1 F1500 X109.559 Y48.465 E1046.27602
G0 F9000 X109.559 Y47.9
G1 F1500 X124.834 Y63.174 E1046.99448
G0 F9000 X124.921 Y62.695
G1 F1500 X109.559 Y47.334 E1047.71704
G0 F9000 X109.559 Y46.768
G1 F1500 X125.007 Y62.216 E1048.44367
G0 F9000 X125.094 Y61.738
G1 F1500 X109.559 Y46.203 E1049.17438
G0 F9000 X109.559 Y45.637
G1 F1500 X125.181 Y61.259 E1049.9092
G0 F9000 X125.269 Y60.781
G1 F1500 X109.559 Y45.071 E1050.64815
G0 F9000 X109.559 Y44.506
G1 F1500 X125.356 Y60.302 E1051.39116
G0 F9000 X125.438 Y59.819
G1 F1500 X109.559 Y43.94 E1052.13806
G0 F9000 X109.559 Y43.374
G1 F1500 X125.438 Y59.253 E1052.88496
G0 F9000 X125.438 Y58.687
G1 F1500 X109.559 Y42.808 E1053.63186
G0 F9000 X109.559 Y42.243
G1 F1500 X125.438 Y58.122 E1054.37876
G0 F9000 X125.438 Y57.556
G1 F1500 X109.559 Y41.677 E1055.12566
G0 F9000 X109.559 Y41.111
G1 F1500 X125.438 Y56.99 E1055.87256
G0 F9000 X125.438 Y56.424
G1 F1500 X109.559 Y40.546 E1056.61944
G0 F9000 X109.559 Y39.98
G1 F1500 X125.438 Y55.859 E1057.36634
G0 F9000 X125.438 Y55.293
G1 F1500 X109.559 Y39.414 E1058.11324
G0 F9000 X109.559 Y38.849
G1 F1500 X125.438 Y54.727 E1058.86011
G0 F9000 X125.438 Y54.162
G1 F1500 X109.559 Y38.283 E1059.60701
G0 F9000 X109.559 Y37.717
G1 F1500 X125.438 Y53.596 E1060.35391
G0 F9000 X125.438 Y53.03
G1 F1500 X109.559 Y37.152 E1061.10079
G0 F9000 X109.559 Y36.586
G1 F1500 X125.438 Y52.465 E1061.84769
G0 F9000 X125.438 Y51.899
G1 F1500 X110.1 Y36.56 E1062.56916
G0 F9000 X110.665 Y36.56
G1 F1500 X125.438 Y51.333 E1063.26404
G0 F9000 X125.438 Y50.768
G1 F1500 X111.231 Y36.56 E1063.93232
G0 F9000 X111.797 Y36.56
G1 F1500 X125.438 Y50.202 E1064.57397
G0 F9000 X125.438 Y49.636
G1 F1500 X112.362 Y36.56 E1065.18903
G0 F9000 X112.928 Y36.56
G1 F1500 X125.438 Y49.071 E1065.77748
G0 F9000 X125.438 Y48.505
G1 F1500 X113.494 Y36.56 E1066.33931
G0 F9000 X114.059 Y36.56
G1 F1500 X125.438 Y47.939 E1066.87455
G0 F9000 X125.438 Y47.374
G1 F1500 X114.625 Y36.56 E1067.38318
G0 F9000 X115.191 Y36.56
G1 F1500 X125.438 Y46.808 E1067.86519
G0 F9000 X125.438 Y46.242
G1 F1500 X115.756 Y36.56 E1068.3206
G0 F9000 X116.322 Y36.56
G1 F1500 X125.438 Y45.676 E1068.74939
G0 F9000 X125.438 Y45.111
G1 F1500 X116.888 Y36.56 E1069.15158
G0 F9000 X117.453 Y36.56
G1 F1500 X125.438 Y44.545 E1069.52717
G0 F9000 X125.438 Y43.979
G1 F1500 X118.019 Y36.56 E1069.87614
G0 F9000 X118.585 Y36.56
G1 F1500 X125.438 Y43.414 E1070.19851
G0 F9000 X125.438 Y42.848
G1 F1500 X119.151 Y36.56 E1070.49425
G0 F9000 X119.716 Y36.56
G1 F1500 X125.438 Y42.282 E1070.7634
G0 F9000 X125.438 Y41.717
G1 F1500 X120.282 Y36.56 E1071.00594
G0 F9000 X120.848 Y36.56
G1 F1500 X125.438 Y41.151 E1071.22187
G0 F9000 X125.438 Y40.585
G1 F1500 X121.413 Y36.56 E1071.41119
G0 F9000 X121.979 Y36.56
G1 F1500 X125.438 Y40.02 E1071.57391
G0 F9000 X125.438 Y39.454
G1 F1500 X122.545 Y36.56 E1071.71001
G0 F9000 X123.11 Y36.56
G1 F1500 X125.438 Y38.888 E1071.81952
G0 F9000 X125.438 Y38.323
G1 F1500 X123.676 Y36.56 E1071.90242
G0 F9000 X124.242 Y36.56
G1 F1500 X125.438 Y37.757 E1071.9587
G0 F9000 X125.438 Y37.191
G1 F1500 X124.807 Y36.56 E1071.98838
G0 F9000 X125.373 Y36.56
G1 F1500 X125.438 Y36.626 E1071.99146
G1 F2700 E1066.99146
;MESH:NONMESH
G0 F300 X125.438 Y36.626 Z1.2
G0 F9000 X125.9 Y36.626
G0 X125.838 Y59.892
G0 X123.917 Y74.337
G0 X123.35 Y81.659
G0 X123.161 Y88.99
G0 X123.161 Y146.01
G0 X123.35 Y153.341
G0 X123.809 Y159.271
G0 X124.701 Y167.971
;TIME_ELAPSED:1535.234418
;LAYER:5
;TYPE:WALL-INNER
;MESH:D638-22 Tensile.STL
G1 F2700 E1071.99146
G1 F1500 X126 Y175.089 E1072.23212
G1 X126 Y175.858 E1072.25769
G1 X126 Y199 E1073.0274
G1 X109 Y199 E1073.59282
G1 X109 Y175.093 E1074.38797
G1 X110.299 Y167.972 E1074.62873
G1 X111.245 Y160.664 E1074.87382
G1 X111.812 Y153.324 E1075.11867
G1 X112 Y146.027 E1075.36145
G1 X112 Y88.973 E1077.25908
G1 X111.81 Y81.625 E1077.50356
G1 X111.246 Y74.345 E1077.74641
G1 X110.299 Y67.028 E1077.99181
G1 X109.001 Y59.911 E1078.23243
G1 X109 Y36 E1079.02771
G1 X126 Y36 E1079.59313
G1 X125.999 Y59.907 E1080.38828
G1 X124.701 Y67.027 E1080.629
G1 X123.754 Y74.346 E1080.87446
G1 X123.19 Y81.624 E1081.11725
G1 X123 Y88.973 E1081.36176
G1 X123 Y146.027 E1083.25938
G1 X123.188 Y153.323 E1083.50213
G1 X123.754 Y160.654 E1083.74669
G1 X124.701 Y167.971 E1083.99208
G1 F2700 E1078.99208
G0 F9000 X125.839 Y175.105
G0 X125.828 Y198.828
G0 X108.87 Y199.13
G1 F2700 E1083.99208
G0 F9000 X108.6 Y199.4
G1 F1500 X126.4 Y199.4 E1084.58411
G1 X126.4 Y175.858 E1085.36712
G1 X126.4 Y175.053 E1085.3939
G1 X125.094 Y167.894 E1085.63593
G1 X124.156 Y160.654 E1085.87875
G1 X123.589 Y153.343 E1086.12265
G1 X123.4 Y146.017 E1086.36639
G1 X123.4 Y88.983 E1088.26335
G1 X123.589 Y81.655 E1088.50716
G1 X124.156 Y74.346 E1088.75099
G1 X125.094 Y67.104 E1088.99387
G1 X126.399 Y59.943 E1089.23597
G1 X126.4 Y35.6 E1090.04562
G1 X108.6 Y35.6 E1090.63765
G1 X108.601 Y59.947 E1091.44744
G1 X109.906 Y67.105 E1091.68944
G1 X110.847 Y74.376 E1091.93329
G1 X111.411 Y81.656 E1092.17615
G1 X111.6 Y88.983 E1092.41992
G1 X111.6 Y146.017 E1094.31688
G1 X111.411 Y153.345 E1094.56069
G1 X110.844 Y160.654 E1094.80452
G1 X109.906 Y167.896 E1095.04741
G1 X108.6 Y175.057 E1095.28951
G1 X108.6 Y199.4 E1096.09916
G1 F2700 E1091.09916
G0 F9000 X108.87 Y199.13
G0 X125.828 Y198.828
G0 X125.839 Y175.105
G0 X124.797 Y167.931
G1 F2700 E1096.09916
G0 F9000 X125.491 Y167.842
;TYPE:WALL-OUTER
G1 F1500 X126.8 Y175.017 E1096.34174
G1 X126.8 Y175.858 E1096.36971
G1 X126.8 Y199.8 E1097.16603
G1 X108.2 Y199.8 E1097.78467
G1 X108.2 Y175.021 E1098.60882
G1 X109.507 Y167.854 E1098.85113
G1 X110.447 Y160.602 E1099.09435
G1 X111.012 Y153.314 E1099.33747
G1 X111.2 Y146.007 E1099.58059
G1 X111.2 Y88.993 E1101.47688
G1 X111.012 Y81.697 E1101.71963
G1 X110.448 Y74.407 E1101.96282
G1 X109.509 Y67.157 E1102.20597
G1 X108.201 Y59.983 E1102.44851
G1 X108.2 Y35.2 E1103.27279
G1 X126.8 Y35.2 E1103.89143
G1 X126.799 Y59.979 E1104.71559
G1 X125.493 Y67.146 E1104.95789
G1 X124.553 Y74.398 E1105.20111
G1 X123.988 Y81.686 E1105.44423
G1 X123.8 Y88.993 E1105.68735
G1 X123.8 Y146.007 E1107.58364
G1 X123.988 Y153.302 E1107.82635
G1 X124.552 Y160.592 E1108.06954
G1 X125.491 Y167.842 E1108.31269
G0 F9000 X124.797 Y167.931
G0 X124.341 Y168.004
;TYPE:SKIN
G1 F1500 X125.64 Y175.122 E1108.55335
G1 X125.64 Y175.858 E1108.57783
G1 X125.64 Y198.64 E1109.33556
G1 X109.36 Y198.64 E1109.87704
G1 X109.36 Y175.128 E1110.65905
G1 X110.657 Y168.017 E1110.89946
G1 X111.598 Y160.752 E1111.14312
G1 X112.172 Y153.343 E1111.39028
G1 X112.36 Y146.04 E1111.63326
G1 X112.36 Y88.961 E1113.53171
G1 X112.169 Y81.606 E1113.77642
G1 X111.599 Y74.258 E1114.02155
G1 X110.659 Y66.995 E1114.26514
G1 X109.361 Y59.879 E1114.50572
G1 X109.361 Y36.361 E1115.28793
G1 X125.639 Y36.361 E1115.82934
G1 X125.639 Y59.872 E1116.61132
G1 X124.343 Y66.983 E1116.85173
G1 X123.402 Y74.247 E1117.09535
G1 X122.828 Y81.657 E1117.34255
G1 X122.64 Y88.961 E1117.58556
G1 X122.64 Y146.04 E1119.48401
G1 X122.831 Y153.391 E1119.72859
G1 X123.401 Y160.741 E1119.97379
G1 X124.341 Y168.004 E1120.21737
G1 F2700 E1115.21737
G0 F9000 X124.597 Y167.957
G0 X125.839 Y175.105
G0 X125.9 Y198.132
G1 F2700 E1120.21737
G0 F9000 X125.44 Y198.132
G1 F1500 X125.133 Y198.438 E1120.23179
G0 F9000 X124.567 Y198.438
G1 F1500 X125.44 Y197.566 E1120.27283
G0 F9000 X125.44 Y197
G1 F1500 X124.001 Y198.438 E1120.34049
G0 F9000 X123.436 Y198.438
G1 F1500 X125.44 Y196.434 E1120.43475
G0 F9000 X125.44 Y195.869
G1 F1500 X122.87 Y198.438 E1120.55561
G0 F9000 X122.304 Y198.438
G1 F1500 X125.44 Y195.303 E1120.7031
G0 F9000 X125.44 Y194.737
G1 F1500 X121.739 Y198.438 E1120.87718
G0 F9000 X121.173 Y198.438
G1 F1500 X125.44 Y194.172 E1121.07786
G0 F9000 X125.44 Y193.606
G1 F1500 X120.607 Y198.438 E1121.30517
G0 F9000 X120.041 Y198.438
G1 F1500 X125.44 Y193.04 E1121.5591
G0 F9000 X125.44 Y192.475
G1 F1500 X119.476 Y198.438 E1121.8396
G0 F9000 X118.91 Y198.438
G1 F1500 X125.44 Y191.909 E1122.14673
G0 F9000 X125.44 Y191.343
G1 F1500 X118.344 Y198.438 E1122.48048
G0 F9000 X117.779 Y198.438
G1 F1500 X125.44 Y190.778 E1122.84081
G0 F9000 X125.44 Y190.212
G1 F1500 X117.213 Y198.438 E1123.22776
G0 F9000 X116.647 Y198.438
G1 F1500 X125.44 Y189.646 E1123.64133
G0 F9000 X125.44 Y189.081
G1 F1500 X116.082 Y198.438 E1124.08148
G0 F9000 X115.516 Y198.438
G1 F1500 X125.44 Y188.515 E1124.54825
G0 F9000 X125.44 Y187.949
G1 F1500 X114.95 Y198.438 E1125.04164
G0 F9000 X114.385 Y198.438
G1 F1500 X125.44 Y187.384 E1125.56161
G0 F9000 X125.44 Y186.818
G1 F1500 X113.819 Y198.438 E1126.10821
G0 F9000 X113.253 Y198.438
G1 F1500 X125.44 Y186.252 E1126.68142
G0 F9000 X125.44 Y185.686
G1 F1500 X112.688 Y198.438 E1127.28124
G0 F9000 X112.122 Y198.438
G1 F1500 X125.44 Y185.121 E1127.90765
G0 F9000 X125.44 Y184.555
G1 F1500 X111.556 Y198.438 E1128.56069
G0 F9000 X110.991 Y198.438
G1 F1500 X125.44 Y183.989 E1129.24032
G0 F9000 X125.44 Y183.424
G1 F1500 X110.425 Y198.438 E1129.94656
G0 F9000 X109.859 Y198.438
G1 F1500 X125.44 Y182.858 E1130.67942
G0 F9000 X125.44 Y182.292
G1 F1500 X109.559 Y198.173 E1131.42641
G0 F9000 X109.559 Y197.607
G1 F1500 X125.44 Y181.727 E1132.17338
G0 F9000 X125.44 Y181.161
G1 F1500 X109.559 Y197.041 E1132.92035
G0 F9000 X109.559 Y196.475
G1 F1500 X125.44 Y180.595 E1133.66732
G0 F9000 X125.44 Y180.03
G1 F1500 X109.559 Y195.91 E1134.41429
G0 F9000 X109.559 Y195.344
G1 F1500 X125.44 Y179.464 E1135.16126
G0 F9000 X125.44 Y178.898
G1 F1500 X109.559 Y194.778 E1135.90823
G0 F9000 X109.559 Y194.213
G1 F1500 X125.44 Y178.333 E1136.6552
G0 F9000 X125.44 Y177.767
G1 F1500 X109.559 Y193.647 E1137.40217
G0 F9000 X109.559 Y193.081
G1 F1500 X125.44 Y177.201 E1138.14914
G0 F9000 X125.44 Y176.635
G1 F1500 X109.559 Y192.516 E1138.89614
G0 F9000 X109.559 Y191.95
G1 F1500 X125.44 Y176.07 E1139.64311
G0 F9000 X125.44 Y175.504
G1 F1500 X109.559 Y191.384 E1140.39008
G0 F9000 X109.559 Y190.819
G1 F1500 X125.408 Y174.97 E1141.13557
G0 F9000 X125.321 Y174.492
G1 F1500 X109.559 Y190.253 E1141.87694
G0 F9000 X109.559 Y189.687
G1 F1500 X125.234 Y174.013 E1142.61422
G0 F9000 X125.146 Y173.535
G1 F1500 X109.559 Y189.122 E1143.34738
G0 F9000 X109.559 Y188.556
G1 F1500 X125.059 Y173.056 E1144.07646
G0 F9000 X124.971 Y172.578
G1 F1500 X109.559 Y187.99 E1144.80139
G0 F9000 X109.559 Y187.425
G1 F1500 X124.884 Y172.099 E1145.52225
G0 F9000 X124.797 Y171.621
G1 F1500 X109.559 Y186.859 E1146.239
G0 F9000 X109.559 Y186.293
G1 F1500 X124.71 Y171.143 E1146.95164
G0 F9000 X124.623 Y170.664
G1 F1500 X109.559 Y185.727 E1147.66018
G0 F9000 X109.559 Y185.162
G1 F1500 X124.535 Y170.186 E1148.3646
G0 F9000 X124.448 Y169.707
G1 F1500 X109.559 Y184.596 E1149.06493
G0 F9000 X109.559 Y184.03
G1 F1500 X124.36 Y169.229 E1149.76113
G0 F9000 X124.274 Y168.751
G1 F1500 X109.559 Y183.465 E1150.45325
G0 F9000 X109.559 Y182.899
G1 F1500 X124.186 Y168.273 E1151.14124
G0 F9000 X124.111 Y167.782
G1 F1500 X109.559 Y182.333 E1151.8257
G0 F9000 X109.559 Y181.768
G1 F1500 X124.046 Y167.281 E1152.50712
G0 F9000 X123.981 Y166.781
G1 F1500 X109.559 Y181.202 E1153.18546
G0 F9000 X109.559 Y180.636
G1 F1500 X123.916 Y166.28 E1153.86075
G0 F9000 X123.851 Y165.779
G1 F1500 X109.559 Y180.071 E1154.533
G0 F9000 X109.559 Y179.505
G1 F1500 X123.786 Y165.278 E1155.2022
G0 F9000 X123.721 Y164.777
G1 F1500 X109.559 Y178.939 E1155.86833
G0 F9000 X109.559 Y178.374
G1 F1500 X123.656 Y164.277 E1156.53141
G0 F9000 X123.591 Y163.776
G1 F1500 X109.559 Y177.808 E1157.19143
G0 F9000 X109.559 Y177.242
G1 F1500 X123.527 Y163.275 E1157.84842
G0 F9000 X123.462 Y162.774
G1 F1500 X109.559 Y176.676 E1158.50235
G0 F9000 X109.559 Y176.111
G1 F1500 X123.397 Y162.273 E1159.15325
G0 F9000 X123.332 Y161.773
G1 F1500 X109.559 Y175.545 E1159.80107
G0 F9000 X109.597 Y174.942
G1 F1500 X123.267 Y161.272 E1160.44406
G0 F9000 X123.202 Y160.771
G1 F1500 X109.723 Y174.25 E1161.07807
G0 F9000 X109.849 Y173.558
G1 F1500 X123.161 Y160.246 E1161.70423
G0 F9000 X123.121 Y159.721
G1 F1500 X109.975 Y172.867 E1162.32258
G0 F9000 X110.102 Y172.174
G1 F1500 X123.08 Y159.196 E1162.93302
G0 F9000 X123.039 Y158.671
G1 F1500 X110.228 Y171.483 E1163.53564
G0 F9000 X110.354 Y170.791
G1 F1500 X122.999 Y158.146 E1164.13042
G0 F9000 X122.958 Y157.621
G1 F1500 X110.48 Y170.099 E1164.71734
G0 F9000 X110.607 Y169.407
G1 F1500 X122.917 Y157.096 E1165.29639
G0 F9000 X122.876 Y156.571
G1 F1500 X110.732 Y168.715 E1165.86761
G0 F9000 X110.858 Y168.024
G1 F1500 X122.835 Y156.047 E1166.43097
G0 F9000 X122.795 Y155.521
G1 F1500 X110.942 Y167.374 E1166.9885
G0 F9000 X111.026 Y166.725
G1 F1500 X122.754 Y154.997 E1167.54015
G0 F9000 X122.713 Y154.472
G1 F1500 X111.11 Y166.075 E1168.08592
G0 F9000 X111.194 Y165.425
G1 F1500 X122.673 Y153.947 E1168.62583
G0 F9000 X122.632 Y153.422
G1 F1500 X111.278 Y164.775 E1169.15986
G0 F9000 X111.362 Y164.126
G1 F1500 X122.617 Y152.871 E1169.68927
G0 F9000 X122.603 Y152.319
G1 F1500 X111.446 Y163.476 E1170.21406
G0 F9000 X111.53 Y162.826
G1 F1500 X122.588 Y151.768 E1170.73419
G0 F9000 X122.574 Y151.217
G1 F1500 X111.614 Y162.177 E1171.24972
G0 F9000 X111.698 Y161.527
G1 F1500 X122.559 Y150.666 E1171.76058
G0 F9000 X122.545 Y150.114
G1 F1500 X111.782 Y160.878 E1172.26687
G0 F9000 X111.836 Y160.257
G1 F1500 X122.53 Y149.563 E1172.76988
G0 F9000 X122.516 Y149.012
G1 F1500 X111.884 Y159.644 E1173.26998
G0 F9000 X111.931 Y159.031
G1 F1500 X122.502 Y148.46 E1173.7672
G0 F9000 X122.487 Y147.909
G1 F1500 X111.978 Y158.418 E1174.26151
G0 F9000 X112.026 Y157.805
G1 F1500 X122.473 Y147.358 E1174.75291
G0 F9000 X122.459 Y146.806
G1 F1500 X112.074 Y157.191 E1175.24139
G0 F9000 X112.121 Y156.578
G1 F1500 X122.444 Y146.255 E1175.72695
G0 F9000 X122.439 Y145.695
G1 F1500 X112.169 Y155.965 E1176.21002
G0 F9000 X112.216 Y155.352
G1 F1500 X122.439 Y145.13 E1176.69085
G0 F9000 X122.439 Y144.564
G1 F1500 X112.263 Y154.739 E1177.16948
G0 F9000 X112.311 Y154.126
G1 F1500 X122.439 Y143.998 E1177.64587
G0 F9000 X122.439 Y143.433
G1 F1500 X112.358 Y153.513 E1178.12002
G0 F9000 X112.383 Y152.923
G1 F1500 X122.439 Y142.867 E1178.59303
G0 F9000 X122.439 Y142.301
G1 F1500 X112.398 Y152.342 E1179.06533
G0 F9000 X112.413 Y151.762
G1 F1500 X122.439 Y141.736 E1179.53692
G0 F9000 X122.439 Y141.17
G1 F1500 X112.427 Y151.181 E1180.00783
G0 F9000 X112.442 Y150.601
G1 F1500 X122.439 Y140.604 E1180.47806
G0 F9000 X122.439 Y140.038
G1 F1500 X112.457 Y150.02 E1180.94758
G0 F9000 X112.473 Y149.439
G1 F1500 X122.439 Y139.473 E1181.41635
G0 F9000 X122.439 Y138.907
G1 F1500 X112.487 Y148.858 E1181.88444
G0 F9000 X112.502 Y148.278
G1 F1500 X122.439 Y138.341 E1182.35184
G0 F9000 X122.439 Y137.776
G1 F1500 X112.517 Y147.697 E1182.81852
G0 F9000 X112.532 Y147.117
G1 F1500 X122.439 Y137.21 E1183.28452
G0 F9000 X122.439 Y136.644
G1 F1500 X112.548 Y146.535 E1183.74976
G0 F9000 X112.56 Y145.958
G1 F1500 X122.439 Y136.079 E1184.21444
G0 F9000 X122.439 Y135.513
G1 F1500 X112.56 Y145.392 E1184.67911
G0 F9000 X112.56 Y144.826
G1 F1500 X122.439 Y134.947 E1185.14379
G0 F9000 X122.439 Y134.382
G1 F1500 X112.56 Y144.261 E1185.60847
G0 F9000 X112.56 Y143.695
G1 F1500 X122.439 Y133.816 E1186.07315
G0 F9000 X122.439 Y133.25
G1 F1500 X112.56 Y143.129 E1186.53782
G0 F9000 X112.56 Y142.564
G1 F1500 X122.439 Y132.685 E1187.0025
G0 F9000 X122.439 Y132.119
G1 F1500 X112.56 Y141.998 E1187.46718
G0 F9000 X112.56 Y141.432
G1 F1500 X122.439 Y131.553 E1187.93186
G0 F9000 X122.439 Y130.987
G1 F1500 X112.56 Y140.866 E1188.39654
G0 F9000 X112.56 Y140.301
G1 F1500 X122.439 Y130.422 E1188.86121
G0 F9000 X122.439 Y129.856
G1 F1500 X112.56 Y139.735 E1189.32589
G0 F9000 X112.56 Y139.169
G1 F1500 X122.439 Y129.29 E1189.79057
G0 F9000 X122.439 Y128.725
G1 F1500 X112.56 Y138.604 E1190.25525
G0 F9000 X112.56 Y138.038
G1 F1500 X122.439 Y128.159 E1190.71993
G0 F9000 X122.439 Y127.593
G1 F1500 X112.56 Y137.472 E1191.1846
G0 F9000 X112.56 Y136.907
G1 F1500 X122.439 Y127.028 E1191.64928
G0 F9000 X122.439 Y126.462
G1 F1500 X112.56 Y136.341 E1192.11396
G0 F9000 X112.56 Y135.775
G1 F1500 X122.439 Y125.896 E1192.57864
G0 F9000 X122.439 Y125.331
G1 F1500 X112.56 Y135.21 E1193.04331
G0 F9000 X112.56 Y134.644
G1 F1500 X122.439 Y124.765 E1193.50799
G0 F9000 X122.439 Y124.199
G1 F1500 X112.56 Y134.078 E1193.97267
G0 F9000 X112.56 Y133.513
G1 F1500 X122.439 Y123.634 E1194.43735
G0 F9000 X122.439 Y123.068
G1 F1500 X112.56 Y132.947 E1194.90203
G0 F9000 X112.56 Y132.381
G1 F1500 X122.439 Y122.502 E1195.3667
G0 F9000 X122.439 Y121.937
G1 F1500 X112.56 Y131.816 E1195.83138
G0 F9000 X112.56 Y131.25
G1 F1500 X122.439 Y121.371 E1196.29606
G0 F9000 X122.439 Y120.805
G1 F1500 X112.56 Y130.684 E1196.76074
G0 F9000 X112.56 Y130.118
G1 F1500 X122.439 Y120.239 E1197.22542
G0 F9000 X122.439 Y119.674
G1 F1500 X112.56 Y129.553 E1197.69009
G0 F9000 X112.56 Y128.987
G1 F1500 X122.439 Y119.108 E1198.15477
G0 F9000 X122.439 Y118.542
G1 F1500 X112.56 Y128.421 E1198.61945
G0 F9000 X112.56 Y127.856
G1 F1500 X122.439 Y117.977 E1199.08413
G0 F9000 X122.439 Y117.411
G1 F1500 X112.56 Y127.29 E1199.54881
G0 F9000 X112.56 Y126.724
G1 F1500 X122.439 Y116.845 E1200.01348
G0 F9000 X122.439 Y116.28
G1 F1500 X112.56 Y126.159 E1200.47816
G0 F9000 X112.56 Y125.593
G1 F1500 X122.439 Y115.714 E1200.94284
G0 F9000 X122.439 Y115.148
G1 F1500 X112.56 Y125.027 E1201.40752
G0 F9000 X112.56 Y124.462
G1 F1500 X122.439 Y114.583 E1201.87219
G0 F9000 X122.439 Y114.017
G1 F1500 X112.56 Y123.896 E1202.33687
G0 F9000 X112.56 Y123.33
G1 F1500 X122.439 Y113.451 E1202.80155
G0 F9000 X122.439 Y112.886
G1 F1500 X112.56 Y122.765 E1203.26623
G0 F9000 X112.56 Y122.199
G1 F1500 X122.439 Y112.32 E1203.73091
G0 F9000 X122.439 Y111.754
G1 F1500 X112.56 Y121.633 E1204.19558
G0 F9000 X112.56 Y121.067
G1 F1500 X122.439 Y111.189 E1204.66024
G0 F9000 X122.439 Y110.623
G1 F1500 X112.56 Y120.502 E1205.12492
G0 F9000 X112.56 Y119.936
G1 F1500 X122.439 Y110.057 E1205.58959
G0 F9000 X122.439 Y109.491
G1 F1500 X112.56 Y119.37 E1206.05427
G0 F9000 X112.56 Y118.805
G1 F1500 X122.439 Y108.926 E1206.51895
G0 F9000 X122.439 Y108.36
G1 F1500 X112.56 Y118.239 E1206.98363
G0 F9000 X112.56 Y117.673
G1 F1500 X122.439 Y107.794 E1207.44831
G0 F9000 X122.439 Y107.229
G1 F1500 X112.56 Y117.108 E1207.91298
G0 F9000 X112.56 Y116.542
G1 F1500 X122.439 Y106.663 E1208.37766
G0 F9000 X122.439 Y106.097
G1 F1500 X112.56 Y115.976 E1208.84234
G0 F9000 X112.56 Y115.411
G1 F1500 X122.439 Y105.532 E1209.30702
G0 F9000 X122.439 Y104.966
G1 F1500 X112.56 Y114.845 E1209.77169
G0 F9000 X112.56 Y114.279
G1 F1500 X122.439 Y104.4 E1210.23637
G0 F9000 X122.439 Y103.835
G1 F1500 X112.56 Y113.714 E1210.70105
G0 F9000 X112.56 Y113.148
G1 F1500 X122.439 Y103.269 E1211.16573
G0 F9000 X122.439 Y102.703
G1 F1500 X112.56 Y112.582 E1211.63041
G0 F9000 X112.56 Y112.017
G1 F1500 X122.439 Y102.138 E1212.09508
G0 F9000 X122.439 Y101.572
G1 F1500 X112.56 Y111.451 E1212.55976
G0 F9000 X112.56 Y110.885
G1 F1500 X122.439 Y101.006 E1213.02444
G0 F9000 X122.439 Y100.44
G1 F1500 X112.56 Y110.319 E1213.48912
G0 F9000 X112.56 Y109.754
G1 F1500 X122.439 Y99.875 E1213.9538
G0 F9000 X122.439 Y99.309
G1 F1500 X112.56 Y109.188 E1214.41847
G0 F9000 X112.56 Y108.622
G1 F1500 X122.439 Y98.743 E1214.88315
G0 F9000 X122.439 Y98.178
G1 F1500 X112.56 Y108.057 E1215.34783
G0 F9000 X112.56 Y107.491
G1 F1500 X122.439 Y97.612 E1215.81251
G0 F9000 X122.439 Y97.046
G1 F1500 X112.56 Y106.925 E1216.27718
G0 F9000 X112.56 Y106.36
G1 F1500 X122.439 Y96.481 E1216.74186
G0 F9000 X122.439 Y95.915
G1 F1500 X112.56 Y105.794 E1217.20654
G0 F9000 X112.56 Y105.228
G1 F1500 X122.439 Y95.349 E1217.67122
G0 F9000 X122.439 Y94.784
G1 F1500 X112.56 Y104.663 E1218.1359
G0 F9000 X112.56 Y104.097
G1 F1500 X122.439 Y94.218 E1218.60057
G0 F9000 X122.439 Y93.652
G1 F1500 X112.56 Y103.531 E1219.06525
G0 F9000 X112.56 Y102.966
G1 F1500 X122.439 Y93.087 E1219.52993
G0 F9000 X122.439 Y92.521
G1 F1500 X112.56 Y102.4 E1219.99461
G0 F9000 X112.56 Y101.834
G1 F1500 X122.439 Y91.955 E1220.45929
G0 F9000 X122.439 Y91.39
G1 F1500 X112.56 Y101.269 E1220.92396
G0 F9000 X112.56 Y100.703
G1 F1500 X122.439 Y90.824 E1221.38864
G0 F9000 X122.439 Y90.258
G1 F1500 X112.56 Y100.137 E1221.85332
G0 F9000 X112.56 Y99.571
G1 F1500 X122.439 Y89.692 E1222.318
G0 F9000 X122.439 Y89.127
G1 F1500 X112.56 Y99.006 E1222.78268
G0 F9000 X112.56 Y98.44
G1 F1500 X122.448 Y88.551 E1223.2478
G0 F9000 X122.463 Y87.971
G1 F1500 X112.56 Y97.874 E1223.71361
G0 F9000 X112.56 Y97.309
G1 F1500 X122.479 Y87.389 E1224.18019
G0 F9000 X122.494 Y86.809
G1 F1500 X112.56 Y96.743 E1224.64745
G0 F9000 X112.56 Y96.177
G1 F1500 X122.509 Y86.228 E1225.11542
G0 F9000 X122.523 Y85.648
G1 F1500 X112.56 Y95.612 E1225.58408
G0 F9000 X112.56 Y95.046
G1 F1500 X122.538 Y85.067 E1226.05344
G0 F9000 X122.553 Y84.487
G1 F1500 X112.56 Y94.48 E1226.52348
G0 F9000 X112.56 Y93.915
G1 F1500 X122.569 Y83.905 E1226.99429
G0 F9000 X122.584 Y83.325
G1 F1500 X112.56 Y93.349 E1227.46579
G0 F9000 X112.56 Y92.783
G1 F1500 X122.598 Y82.744 E1227.93797
G0 F9000 X122.613 Y82.164
G1 F1500 X112.56 Y92.218 E1228.41086
G0 F9000 X112.56 Y91.652
G1 F1500 X122.633 Y81.578 E1228.88468
G0 F9000 X122.68 Y80.965
G1 F1500 X112.56 Y91.086 E1229.36072
G0 F9000 X112.56 Y90.52
G1 F1500 X122.728 Y80.352 E1229.83899
G0 F9000 X122.775 Y79.739
G1 F1500 X112.56 Y89.955 E1230.3195
G0 F9000 X112.56 Y89.389
G1 F1500 X122.823 Y79.126 E1230.80224
G0 F9000 X122.87 Y78.513
G1 F1500 X112.556 Y88.827 E1231.28738
G0 F9000 X112.541 Y88.276
G1 F1500 X122.917 Y77.9 E1231.77543
G0 F9000 X122.965 Y77.287
G1 F1500 X112.527 Y87.725 E1232.2664
G0 F9000 X112.513 Y87.173
G1 F1500 X123.012 Y76.674 E1232.76024
G0 F9000 X123.06 Y76.06
G1 F1500 X112.498 Y86.622 E1233.25705
G0 F9000 X112.484 Y86.071
G1 F1500 X123.107 Y75.447 E1233.75674
G0 F9000 X123.155 Y74.834
G1 F1500 X112.47 Y85.519 E1234.25933
G0 F9000 X112.455 Y84.968
G1 F1500 X123.204 Y74.22 E1234.76491
G0 F9000 X123.288 Y73.57
G1 F1500 X112.441 Y84.417 E1235.27512
G0 F9000 X112.427 Y83.865
G1 F1500 X123.371 Y72.921 E1235.78989
G0 F9000 X123.455 Y72.271
G1 F1500 X112.412 Y83.314 E1236.30932
G0 F9000 X112.398 Y82.763
G1 F1500 X123.54 Y71.621 E1236.83341
G0 F9000 X123.624 Y70.971
G1 F1500 X112.384 Y82.211 E1237.3621
G0 F9000 X112.369 Y81.66
G1 F1500 X123.708 Y70.321 E1237.89545
G0 F9000 X123.792 Y69.671
G1 F1500 X112.332 Y81.132 E1238.43452
G0 F9000 X112.292 Y80.606
G1 F1500 X123.876 Y69.022 E1238.9794
G0 F9000 X123.96 Y68.372
G1 F1500 X112.251 Y80.081 E1239.53015
G0 F9000 X112.21 Y79.557
G1 F1500 X124.044 Y67.723 E1240.08679
G0 F9000 X124.128 Y67.073
G1 F1500 X112.169 Y79.031 E1240.64928
G0 F9000 X112.128 Y78.507
G1 F1500 X124.247 Y66.388 E1241.21932
G0 F9000 X124.373 Y65.696
G1 F1500 X112.088 Y77.981 E1241.79717
G0 F9000 X112.047 Y77.457
G1 F1500 X124.499 Y65.005 E1242.38287
G0 F9000 X124.625 Y64.313
G1 F1500 X112.006 Y76.932 E1242.97643
G0 F9000 X111.966 Y76.407
G1 F1500 X124.751 Y63.621 E1243.57782
G0 F9000 X124.877 Y62.93
G1 F1500 X111.925 Y75.882 E1244.18704
G0 F9000 X111.884 Y75.357
G1 F1500 X125.003 Y62.238 E1244.80412
G0 F9000 X125.129 Y61.546
G1 F1500 X111.843 Y74.832 E1245.42905
G0 F9000 X111.802 Y74.307
G1 F1500 X125.255 Y60.855 E1246.06182
G0 F9000 X125.381 Y60.163
G1 F1500 X111.741 Y73.802 E1246.70338
G0 F9000 X111.676 Y73.302
G1 F1500 X125.437 Y59.541 E1247.35065
G0 F9000 X125.437 Y58.975
G1 F1500 X111.611 Y72.801 E1248.00099
G0 F9000 X111.547 Y72.3
G1 F1500 X125.437 Y58.409 E1248.65435
G0 F9000 X125.437 Y57.844
G1 F1500 X111.482 Y71.799 E1249.31075
G0 F9000 X111.417 Y71.298
G1 F1500 X125.437 Y57.278 E1249.97021
G0 F9000 X125.437 Y56.712
G1 F1500 X111.352 Y70.798 E1250.63275
G0 F9000 X111.287 Y70.297
G1 F1500 X125.437 Y56.147 E1251.29832
G0 F9000 X125.437 Y55.581
G1 F1500 X111.222 Y69.796 E1251.96695
G0 F9000 X111.157 Y69.295
G1 F1500 X125.437 Y55.015 E1252.63864
G0 F9000 X125.437 Y54.45
G1 F1500 X111.092 Y68.795 E1253.31338
G0 F9000 X111.027 Y68.294
G1 F1500 X125.437 Y53.884 E1253.99119
G0 F9000 X125.437 Y53.318
G1 F1500 X110.962 Y67.793 E1254.67205
G0 F9000 X110.898 Y67.292
G1 F1500 X125.437 Y52.752 E1255.35594
G0 F9000 X125.437 Y52.187
G1 F1500 X110.826 Y66.798 E1256.0432
G0 F9000 X110.739 Y66.32
G1 F1500 X125.437 Y51.621 E1256.73457
G0 F9000 X125.437 Y51.055
G1 F1500 X110.651 Y65.842 E1257.43008
G0 F9000 X110.564 Y65.363
G1 F1500 X125.437 Y50.49 E1258.12966
G0 F9000 X125.437 Y49.924
G1 F1500 X110.476 Y64.885 E1258.83338
G0 F9000 X110.389 Y64.406
G1 F1500 X125.437 Y49.358 E1259.54119
G0 F9000 X125.437 Y48.793
G1 F1500 X110.303 Y63.928 E1260.25307
G0 F9000 X110.215 Y63.45
G1 F1500 X125.437 Y48.227 E1260.96909
G0 F9000 X125.437 Y47.661
G1 F1500 X110.128 Y62.971 E1261.6892
G0 F9000 X110.04 Y62.493
G1 F1500 X125.437 Y47.096 E1262.41343
G0 F9000 X125.437 Y46.53
G1 F1500 X109.953 Y62.014 E1263.14175
G0 F9000 X109.866 Y61.535
G1 F1500 X125.437 Y45.964 E1263.87416
G0 F9000 X125.437 Y45.399
G1 F1500 X109.779 Y61.057 E1264.61067
G0 F9000 X109.692 Y60.579
G1 F1500 X125.437 Y44.833 E1265.35129
G0 F9000 X125.437 Y44.267
G1 F1500 X109.605 Y60.1 E1266.096
G0 F9000 X109.56 Y59.579
G1 F1500 X125.437 Y43.702 E1266.84281
G0 F9000 X125.437 Y43.136
G1 F1500 X109.56 Y59.013 E1267.58961
G0 F9000 X109.56 Y58.448
G1 F1500 X125.437 Y42.57 E1268.33644
G0 F9000 X125.437 Y42.004
G1 F1500 X109.56 Y57.882 E1269.08327
G0 F9000 X109.56 Y57.316
G1 F1500 X125.437 Y41.439 E1269.83007
G0 F9000 X125.437 Y40.873
G1 F1500 X109.56 Y56.75 E1270.57688
G0 F9000 X109.56 Y56.185
G1 F1500 X125.437 Y40.307 E1271.32371
G0 F9000 X125.437 Y39.742
G1 F1500 X109.56 Y55.619 E1272.07051
G0 F9000 X109.56 Y55.053
G1 F1500 X125.437 Y39.176 E1272.81732
G0 F9000 X125.437 Y38.61
G1 F1500 X109.56 Y54.488 E1273.56415
G0 F9000 X109.56 Y53.922
G1 F1500 X125.437 Y38.045 E1274.31095
G0 F9000 X125.437 Y37.479
G1 F1500 X109.56 Y53.356 E1275.05776
G0 F9000 X109.56 Y52.791
G1 F1500 X125.437 Y36.913 E1275.80459
G0 F9000 X125.225 Y36.56
G1 F1500 X109.56 Y52.225 E1276.54142
G0 F9000 X109.56 Y51.659
G1 F1500 X124.659 Y36.56 E1277.25163
G0 F9000 X124.093 Y36.56
G1 F1500 X109.56 Y51.094 E1277.93524
G0 F9000 X109.56 Y50.528
G1 F1500 X123.528 Y36.56 E1278.59226
G0 F9000 X122.962 Y36.56
G1 F1500 X109.56 Y49.962 E1279.22265
G0 F9000 X109.56 Y49.397
G1 F1500 X122.396 Y36.56 E1279.82643
G0 F9000 X121.83 Y36.56
G1 F1500 X109.56 Y48.831 E1280.4036
G0 F9000 X109.56 Y48.265
G1 F1500 X121.265 Y36.56 E1280.95417
G0 F9000 X120.699 Y36.56
G1 F1500 X109.56 Y47.7 E1281.47814
G0 F9000 X109.56 Y47.134
G1 F1500 X120.133 Y36.56 E1281.97548
G0 F9000 X119.568 Y36.56
G1 F1500 X109.56 Y46.568 E1282.44623
G0 F9000 X109.56 Y46.002
G1 F1500 X119.002 Y36.56 E1282.89035
G0 F9000 X118.436 Y36.56
G1 F1500 X109.56 Y45.437 E1283.30787
G0 F9000 X109.56 Y44.871
G1 F1500 X117.871 Y36.56 E1283.6988
G0 F9000 X117.305 Y36.56
G1 F1500 X109.56 Y44.305 E1284.0631
G0 F9000 X109.56 Y43.74
G1 F1500 X116.739 Y36.56 E1284.4008
G0 F9000 X116.174 Y36.56
G1 F1500 X109.56 Y43.174 E1284.7119
G0 F9000 X109.56 Y42.608
G1 F1500 X115.608 Y36.56 E1284.99638
G0 F9000 X115.042 Y36.56
G1 F1500 X109.56 Y42.043 E1285.25426
G0 F9000 X109.56 Y41.477
G1 F1500 X114.477 Y36.56 E1285.48554
G0 F9000 X113.911 Y36.56
G1 F1500 X109.56 Y40.911 E1285.6902
G0 F9000 X109.56 Y40.346
G1 F1500 X113.345 Y36.56 E1285.86826
G0 F9000 X112.779 Y36.56
G1 F1500 X109.56 Y39.78 E1286.01969
G0 F9000 X109.56 Y39.214
G1 F1500 X112.214 Y36.56 E1286.14453
G0 F9000 X111.648 Y36.56
G1 F1500 X109.56 Y38.649 E1286.24277
G0 F9000 X109.56 Y38.083
G1 F1500 X111.082 Y36.56 E1286.31438
G0 F9000 X110.517 Y36.56
G1 F1500 X109.56 Y37.517 E1286.35939
G0 F9000 X109.56 Y36.951
G1 F1500 X109.951 Y36.56 E1286.37779
G1 F2700 E1281.37779
;MESH:NONMESH
G0 F300 X109.951 Y36.56 Z1.4
G0 F9000 X109.951 Y36.1
G0 X109.172 Y36.172
G0 X109.162 Y59.896
G0 X111.083 Y74.337
G0 X111.65 Y81.659
G0 X111.839 Y88.99
G0 X111.839 Y146.01
G0 X111.65 Y153.341
G0 X111.083 Y160.663
G0 X110.14 Y167.947
G0 X109.149 Y173.192
G0 X109 Y199
;TIME_ELAPSED:1824.383153
;LAYER:6
;TYPE:WALL-INNER
;MESH:D638-22 Tensile.STL
G1 F2700 E1286.37779
G1 F1500 X126 Y199 E1286.94321
G1 X126 Y175.858 E1287.71291
G1 X126 Y175.089 E1287.73849
G1 X124.701 Y167.971 E1287.97915
G1 X123.754 Y160.654 E1288.22454
G1 X123.188 Y153.323 E1288.4691
G1 X123 Y146.027 E1288.71184
G1 X123 Y88.973 E1290.60947
G1 X123.19 Y81.624 E1290.85398
G1 X123.754 Y74.346 E1291.09677
G1 X124.701 Y67.027 E1291.34223
G1 X125.999 Y59.907 E1291.58295
G1 X126 Y36 E1292.3781
G1 X109 Y36 E1292.94352
G1 X109.001 Y59.911 E1293.7388
G1 X110.299 Y67.028 E1293.97942
G1 X111.246 Y74.345 E1294.22481
G1 X111.81 Y81.625 E1294.46767
G1 X112 Y88.973 E1294.71215
G1 X112 Y146.027 E1296.60977
G1 X111.812 Y153.324 E1296.85255
G1 X111.245 Y160.664 E1297.09741
G1 X110.299 Y167.972 E1297.3425
G1 X109 Y175.093 E1297.58326
G1 X109 Y199 E1298.37841
G1 F2700 E1293.37841
G0 F9000 X125.828 Y198.828
G0 X125.839 Y175.105
G0 X124.797 Y167.931
G1 F2700 E1298.37841
G0 F9000 X125.094 Y167.894
G1 F1500 X126.4 Y175.053 E1298.62045
G1 X126.4 Y175.858 E1298.64722
G1 X126.4 Y199.4 E1299.43023
G1 X108.6 Y199.4 E1300.02226
G1 X108.6 Y175.057 E1300.83191
G1 X109.906 Y167.896 E1301.07402
G1 X110.844 Y160.654 E1301.3169
G1 X111.411 Y153.345 E1301.56073
G1 X111.6 Y146.017 E1301.80454
G1 X111.6 Y88.983 E1303.7015
G1 X111.411 Y81.656 E1303.94527
G1 X110.847 Y74.376 E1304.18813
G1 X109.906 Y67.105 E1304.43199
G1 X108.601 Y59.947 E1304.67399
G1 X108.6 Y35.6 E1305.48377
G1 X126.4 Y35.6 E1306.0758
G1 X126.399 Y59.943 E1306.88545
G1 X125.094 Y67.104 E1307.12755
G1 X124.156 Y74.346 E1307.37043
G1 X123.589 Y81.655 E1307.61426
G1 X123.4 Y88.983 E1307.85807
G1 X123.4 Y146.017 E1309.75503
G1 X123.589 Y153.343 E1309.99878
G1 X124.156 Y160.654 E1310.24267
G1 X125.094 Y167.894 E1310.48549
G1 F2700 E1305.48549
G0 F9000 X124.797 Y167.931
G0 X126.198 Y175.072
G0 X126.082 Y199.082
G0 X108.47 Y199.53
G1 F2700 E1310.48549
G0 F9000 X108.2 Y199.8
;TYPE:WALL-OUTER
G1 F1500 X126.8 Y199.8 E1311.10413
G1 X126.8 Y175.858 E1311.90044
G1 X126.8 Y175.017 E1311.92841
G1 X125.491 Y167.842 E1312.17099
G1 X124.552 Y160.592 E1312.41414
G1 X123.988 Y153.302 E1312.65733
G1 X123.8 Y146.007 E1312.90005
G1 X123.8 Y88.993 E1314.79634
G1 X123.988 Y81.686 E1315.03945
G1 X124.553 Y74.398 E1315.28258
G1 X125.493 Y67.146 E1315.5258
G1 X126.799 Y59.979 E1315.7681
G1 X126.8 Y35.2 E1316.59225
G1 X108.2 Y35.2 E1317.21089
G1 X108.201 Y59.983 E1318.03518
G1 X109.509 Y67.157 E1318.27772
G1 X110.448 Y74.407 E1318.52087
G1 X111.012 Y81.697 E1318.76406
G1 X111.2 Y88.993 E1319.00681
G1 X111.2 Y146.007 E1320.9031
G1 X111.012 Y153.314 E1321.14621
G1 X110.447 Y160.602 E1321.38934
G1 X109.507 Y167.854 E1321.63256
G1 X108.2 Y175.021 E1321.87487
G1 X108.2 Y199.8 E1322.69902
G0 F9000 X108.47 Y199.53
G0 X109.1 Y198.64
G0 X109.36 Y198.64
;TYPE:SKIN
G1 F1500 X125.64 Y198.64 E1323.24049
G1 X125.64 Y175.858 E1323.99823
G1 X125.64 Y175.122 E1324.02271
G1 X124.341 Y168.004 E1324.26336
G1 X123.401 Y160.741 E1324.50694
G1 X122.831 Y153.391 E1324.75214
G1 X122.64 Y146.04 E1324.99672
G1 X122.64 Y88.961 E1326.89517
G1 X122.828 Y81.657 E1327.13819
G1 X123.402 Y74.247 E1327.38538
G1 X124.343 Y66.983 E1327.629
G1 X125.639 Y59.872 E1327.86941
G1 X125.639 Y36.361 E1328.65139
G1 X109.361 Y36.361 E1329.1928
G1 X109.361 Y59.879 E1329.97501
G1 X110.659 Y66.995 E1330.21559
G1 X111.599 Y74.258 E1330.45918
G1 X112.169 Y81.606 E1330.70431
G1 X112.36 Y88.961 E1330.94902
G1 X112.36 Y146.04 E1332.84747
G1 X112.172 Y153.343 E1333.09045
G1 X111.598 Y160.752 E1333.33762
G1 X110.657 Y168.017 E1333.58127
G1 X109.36 Y175.128 E1333.82168
G1 X109.36 Y198.64 E1334.6037
G0 F9000 X109.559 Y198.372
G1 F1500 X109.626 Y198.438 E1334.60682
G0 F9000 X110.191 Y198.438
G1 F1500 X109.559 Y197.806 E1334.63655
G0 F9000 X109.559 Y197.241
G1 F1500 X110.757 Y198.438 E1334.69288
G0 F9000 X111.323 Y198.438
G1 F1500 X109.559 Y196.675 E1334.77583
G0 F9000 X109.559 Y196.109
G1 F1500 X111.889 Y198.438 E1334.8854
G0 F9000 X112.454 Y198.438
G1 F1500 X109.559 Y195.544 E1335.02155
G0 F9000 X109.559 Y194.978
G1 F1500 X113.02 Y198.438 E1335.18432
G0 F9000 X113.586 Y198.438
G1 F1500 X109.559 Y194.412 E1335.37371
G0 F9000 X109.559 Y193.846
G1 F1500 X114.151 Y198.438 E1335.58971
G0 F9000 X114.717 Y198.438
G1 F1500 X109.559 Y193.281 E1335.8323
G0 F9000 X109.559 Y192.715
G1 F1500 X115.283 Y198.438 E1336.10152
G0 F9000 X115.848 Y198.438
G1 F1500 X109.559 Y192.149 E1336.39733
G0 F9000 X109.559 Y191.584
G1 F1500 X116.414 Y198.438 E1336.71975
G0 F9000 X116.98 Y198.438
G1 F1500 X109.559 Y191.018 E1337.06878
G0 F9000 X109.559 Y190.452
G1 F1500 X117.545 Y198.438 E1337.44442
G0 F9000 X118.111 Y198.438
G1 F1500 X109.559 Y189.887 E1337.84666
G0 F9000 X109.559 Y189.321
G1 F1500 X118.677 Y198.438 E1338.27552
G0 F9000 X119.242 Y198.438
G1 F1500 X109.559 Y188.755 E1338.73098
G0 F9000 X109.559 Y188.19
G1 F1500 X119.808 Y198.438 E1339.21303
G0 F9000 X120.374 Y198.438
G1 F1500 X109.559 Y187.624 E1339.72171
G0 F9000 X109.559 Y187.058
G1 F1500 X120.94 Y198.438 E1340.25702
G0 F9000 X121.505 Y198.438
G1 F1500 X109.559 Y186.493 E1340.8189
G0 F9000 X109.559 Y185.927
G1 F1500 X122.071 Y198.438 E1341.4074
G0 F9000 X122.637 Y198.438
G1 F1500 X109.559 Y185.361 E1342.02253
G0 F9000 X109.559 Y184.795
G1 F1500 X123.202 Y198.438 E1342.66425
G0 F9000 X123.768 Y198.438
G1 F1500 X109.559 Y184.23 E1343.33258
G0 F9000 X109.559 Y183.664
G1 F1500 X124.334 Y198.438 E1344.02752
G0 F9000 X124.899 Y198.438
G1 F1500 X109.559 Y183.098 E1344.74907
G0 F9000 X109.559 Y182.533
G1 F1500 X125.44 Y198.413 E1345.49604
G0 F9000 X125.44 Y197.847
G1 F1500 X109.559 Y181.967 E1346.24301
G0 F9000 X109.559 Y181.401
G1 F1500 X125.44 Y197.282 E1346.99
G0 F9000 X125.44 Y196.716
G1 F1500 X109.559 Y180.836 E1347.73697
G0 F9000 X109.559 Y180.27
G1 F1500 X125.44 Y196.15 E1348.48394
G0 F9000 X125.44 Y195.585
G1 F1500 X109.559 Y179.704 E1349.23094
G0 F9000 X109.559 Y179.139
G1 F1500 X125.44 Y195.019 E1349.97791
G0 F9000 X125.44 Y194.453
G1 F1500 X109.559 Y178.573 E1350.72488
G0 F9000 X109.559 Y178.007
G1 F1500 X125.44 Y193.887 E1351.47185
G0 F9000 X125.44 Y193.322
G1 F1500 X109.559 Y177.442 E1352.21882
G0 F9000 X109.559 Y176.876
G1 F1500 X125.44 Y192.756 E1352.96579
G0 F9000 X125.44 Y192.19
G1 F1500 X109.559 Y176.31 E1353.71276
G0 F9000 X109.559 Y175.745
G1 F1500 X125.44 Y191.625 E1354.45973
G0 F9000 X125.44 Y191.059
G1 F1500 X109.559 Y175.179 E1355.2067
G0 F9000 X109.641 Y174.695
G1 F1500 X125.44 Y190.493 E1355.94981
G0 F9000 X125.44 Y189.928
G1 F1500 X109.728 Y174.216 E1356.68885
G0 F9000 X109.815 Y173.738
G1 F1500 X125.44 Y189.362 E1357.42378
G0 F9000 X125.44 Y188.796
G1 F1500 X109.903 Y173.26 E1358.15457
G0 F9000 X109.99 Y172.781
G1 F1500 X125.44 Y188.231 E1358.88129
G0 F9000 X125.44 Y187.665
G1 F1500 X110.078 Y172.303 E1359.60387
G0 F9000 X110.165 Y171.824
G1 F1500 X125.44 Y187.099 E1360.32236
G0 F9000 X125.44 Y186.534
G1 F1500 X110.252 Y171.346 E1361.03676
G0 F9000 X110.339 Y170.868
G1 F1500 X125.44 Y185.968 E1361.74704
G0 F9000 X125.44 Y185.402
G1 F1500 X110.426 Y170.389 E1362.45323
G0 F9000 X110.514 Y169.911
G1 F1500 X125.44 Y184.837 E1363.1553
G0 F9000 X125.44 Y184.271
G1 F1500 X110.601 Y169.432 E1363.85328
G0 F9000 X110.689 Y168.954
G1 F1500 X125.44 Y183.705 E1364.54713
G0 F9000 X125.44 Y183.139
G1 F1500 X110.776 Y168.475 E1365.23688
G0 F9000 X110.861 Y167.995
G1 F1500 X125.44 Y182.574 E1365.92263
G0 F9000 X125.44 Y182.008
G1 F1500 X110.926 Y167.495 E1366.6053
G0 F9000 X110.991 Y166.993
G1 F1500 X125.44 Y181.442 E1367.28493
G0 F9000 X125.44 Y180.877
G1 F1500 X111.056 Y166.493 E1367.96151
G0 F9000 X111.12 Y165.991
G1 F1500 X125.44 Y180.311 E1368.63508
G0 F9000 X125.44 Y179.745
G1 F1500 X111.185 Y165.491 E1369.30557
G0 F9000 X111.25 Y164.99
G1 F1500 X125.44 Y179.18 E1369.97302
G0 F9000 X125.44 Y178.614
G1 F1500 X111.314 Y164.489 E1370.63744
G0 F9000 X111.379 Y163.988
G1 F1500 X125.44 Y178.048 E1371.29881
G0 F9000 X125.44 Y177.483
G1 F1500 X111.444 Y163.487 E1371.95714
G0 F9000 X111.509 Y162.986
G1 F1500 X125.44 Y176.917 E1372.61241
G0 F9000 X125.44 Y176.351
G1 F1500 X111.573 Y162.485 E1373.26465
G0 F9000 X111.638 Y161.984
G1 F1500 X125.44 Y175.786 E1373.91385
G0 F9000 X125.44 Y175.22
G1 F1500 X111.703 Y161.484 E1374.55997
G0 F9000 X111.768 Y160.982
G1 F1500 X125.331 Y174.546 E1375.19796
G0 F9000 X125.205 Y173.854
G1 F1500 X111.819 Y160.468 E1375.82759
G0 F9000 X111.86 Y159.943
G1 F1500 X125.079 Y173.162 E1376.44938
G0 F9000 X124.953 Y172.471
G1 F1500 X111.901 Y159.418 E1377.06333
G0 F9000 X111.941 Y158.893
G1 F1500 X124.826 Y171.778 E1377.6694
G0 F9000 X124.7 Y171.086
G1 F1500 X111.982 Y158.368 E1378.26761
G0 F9000 X112.022 Y157.843
G1 F1500 X124.574 Y170.395 E1378.85802
G0 F9000 X124.447 Y169.702
G1 F1500 X112.063 Y157.318 E1379.44052
G0 F9000 X112.104 Y156.793
G1 F1500 X124.322 Y169.011 E1380.01522
G0 F9000 X124.195 Y168.318
G1 F1500 X112.145 Y156.268 E1380.58202
G0 F9000 X112.185 Y155.743
G1 F1500 X124.095 Y167.652 E1381.1422
G0 F9000 X124.01 Y167.003
G1 F1500 X112.226 Y155.218 E1381.69651
G0 F9000 X112.266 Y154.693
G1 F1500 X123.926 Y166.353 E1382.24496
G0 F9000 X123.841 Y165.702
G1 F1500 X112.307 Y154.168 E1382.78748
G0 F9000 X112.347 Y153.642
G1 F1500 X123.757 Y165.052 E1383.32418
G0 F9000 X123.673 Y164.403
G1 F1500 X112.377 Y153.107 E1383.85551
G0 F9000 X112.391 Y152.555
G1 F1500 X123.589 Y163.753 E1384.38223
G0 F9000 X123.505 Y163.103
G1 F1500 X112.405 Y152.003 E1384.90433
G0 F9000 X112.42 Y151.452
G1 F1500 X123.421 Y162.453 E1385.42179
G0 F9000 X123.337 Y161.803
G1 F1500 X112.434 Y150.9 E1385.93463
G0 F9000 X112.448 Y150.349
G1 F1500 X123.252 Y161.153 E1386.44282
G0 F9000 X123.183 Y160.518
G1 F1500 X112.463 Y149.798 E1386.94705
G0 F9000 X112.477 Y149.246
G1 F1500 X123.136 Y159.905 E1387.44842
G0 F9000 X123.088 Y159.292
G1 F1500 X112.491 Y148.695 E1387.94687
G0 F9000 X112.505 Y148.143
G1 F1500 X123.04 Y158.679 E1388.44243
G0 F9000 X122.993 Y158.065
G1 F1500 X112.519 Y147.592 E1388.93507
G0 F9000 X112.533 Y147.04
G1 F1500 X122.946 Y157.452 E1389.42484
G0 F9000 X122.897 Y156.839
G1 F1500 X112.548 Y146.489 E1389.91165
G0 F9000 X112.559 Y145.934
G1 F1500 X122.85 Y156.226 E1390.39573
G0 F9000 X122.803 Y155.612
G1 F1500 X112.559 Y145.369 E1390.87756
G0 F9000 X112.559 Y144.803
G1 F1500 X122.755 Y154.999 E1391.35714
G0 F9000 X122.707 Y154.386
G1 F1500 X112.559 Y144.237 E1391.8345
G0 F9000 X112.559 Y143.672
G1 F1500 X122.66 Y153.773 E1392.30962
G0 F9000 X122.626 Y153.173
G1 F1500 X112.559 Y143.106 E1392.78314
G0 F9000 X112.559 Y142.54
G1 F1500 X122.61 Y152.592 E1393.25593
G0 F9000 X122.596 Y152.011
G1 F1500 X112.559 Y141.975 E1393.72802
G0 F9000 X112.559 Y141.409
G1 F1500 X122.58 Y151.43 E1394.19937
G0 F9000 X122.565 Y150.849
G1 F1500 X112.559 Y140.843 E1394.67003
G0 F9000 X112.559 Y140.277
G1 F1500 X122.55 Y150.268 E1395.13997
G0 F9000 X122.535 Y149.688
G1 F1500 X112.559 Y139.712 E1395.60921
G0 F9000 X112.559 Y139.146
G1 F1500 X122.52 Y149.107 E1396.07775
G0 F9000 X122.504 Y148.526
G1 F1500 X112.559 Y138.58 E1396.54555
G0 F9000 X112.559 Y138.015
G1 F1500 X122.489 Y147.945 E1397.01263
G0 F9000 X122.474 Y147.364
G1 F1500 X112.559 Y137.449 E1397.479
G0 F9000 X112.559 Y136.883
G1 F1500 X122.459 Y146.784 E1397.94469
G0 F9000 X122.444 Y146.202
G1 F1500 X112.559 Y136.318 E1398.40963
G0 F9000 X112.559 Y135.752
G1 F1500 X122.439 Y145.632 E1398.87435
G0 F9000 X122.439 Y145.067
G1 F1500 X112.559 Y135.186 E1399.3391
G0 F9000 X112.559 Y134.621
G1 F1500 X122.439 Y144.501 E1399.80382
G0 F9000 X122.439 Y143.935
G1 F1500 X112.559 Y134.055 E1400.26855
G0 F9000 X112.559 Y133.489
G1 F1500 X122.439 Y143.37 E1400.7333
G0 F9000 X122.439 Y142.804
G1 F1500 X112.559 Y132.924 E1401.19802
G0 F9000 X112.559 Y132.358
G1 F1500 X122.439 Y142.238 E1401.66275
G0 F9000 X122.439 Y141.673
G1 F1500 X112.559 Y131.792 E1402.1275
G0 F9000 X112.559 Y131.226
G1 F1500 X122.439 Y141.107 E1402.59224
G0 F9000 X122.439 Y140.541
G1 F1500 X112.559 Y130.661 E1403.05697
G0 F9000 X112.559 Y130.095
G1 F1500 X122.439 Y139.976 E1403.52172
G0 F9000 X122.439 Y139.41
G1 F1500 X112.559 Y129.529 E1403.98647
G0 F9000 X112.559 Y128.964
G1 F1500 X122.439 Y138.844 E1404.45119
G0 F9000 X122.439 Y138.278
G1 F1500 X112.559 Y128.398 E1404.91592
G0 F9000 X112.559 Y127.832
G1 F1500 X122.439 Y137.713 E1405.38066
G0 F9000 X122.439 Y137.147
G1 F1500 X112.559 Y127.267 E1405.84539
G0 F9000 X112.559 Y126.701
G1 F1500 X122.439 Y136.581 E1406.31011
G0 F9000 X122.439 Y136.016
G1 F1500 X112.559 Y126.135 E1406.77486
G0 F9000 X112.559 Y125.57
G1 F1500 X122.439 Y135.45 E1407.23959
G0 F9000 X122.439 Y134.884
G1 F1500 X112.559 Y125.004 E1407.70431
G0 F9000 X112.559 Y124.438
G1 F1500 X122.439 Y134.319 E1408.16906
G0 F9000 X122.439 Y133.753
G1 F1500 X112.559 Y123.873 E1408.63379
G0 F9000 X112.559 Y123.307
G1 F1500 X122.439 Y133.187 E1409.09851
G0 F9000 X122.439 Y132.622
G1 F1500 X112.559 Y122.741 E1409.56326
G0 F9000 X112.559 Y122.176
G1 F1500 X122.439 Y132.056 E1410.02798
G0 F9000 X122.439 Y131.49
G1 F1500 X112.559 Y121.61 E1410.49271
G0 F9000 X112.559 Y121.044
G1 F1500 X122.439 Y130.925 E1410.95746
G0 F9000 X122.439 Y130.359
G1 F1500 X112.559 Y120.478 E1411.42221
G0 F9000 X112.559 Y119.913
G1 F1500 X122.439 Y129.793 E1411.88693
G0 F9000 X122.439 Y129.228
G1 F1500 X112.559 Y119.347 E1412.35168
G0 F9000 X112.559 Y118.781
G1 F1500 X122.439 Y128.662 E1412.81643
G0 F9000 X122.439 Y128.096
G1 F1500 X112.559 Y118.216 E1413.28115
G0 F9000 X112.559 Y117.65
G1 F1500 X122.439 Y127.53 E1413.74588
G0 F9000 X122.439 Y126.965
G1 F1500 X112.559 Y117.084 E1414.21063
G0 F9000 X112.559 Y116.519
G1 F1500 X122.439 Y126.399 E1414.67535
G0 F9000 X122.439 Y125.833
G1 F1500 X112.559 Y115.953 E1415.14008
G0 F9000 X112.559 Y115.387
G1 F1500 X122.439 Y125.268 E1415.60482
G0 F9000 X122.439 Y124.702
G1 F1500 X112.559 Y114.822 E1416.06955
G0 F9000 X112.559 Y114.256
G1 F1500 X122.439 Y124.136 E1416.53427
G0 F9000 X122.439 Y123.571
G1 F1500 X112.559 Y113.69 E1416.99902
G0 F9000 X112.559 Y113.125
G1 F1500 X122.439 Y123.005 E1417.46375
G0 F9000 X122.439 Y122.439
G1 F1500 X112.559 Y112.559 E1417.92847
G0 F9000 X112.559 Y111.993
G1 F1500 X122.439 Y121.874 E1418.39322
G0 F9000 X122.439 Y121.308
G1 F1500 X112.559 Y111.428 E1418.85795
G0 F9000 X112.559 Y110.862
G1 F1500 X122.439 Y120.742 E1419.32267
G0 F9000 X122.439 Y120.177
G1 F1500 X112.559 Y110.296 E1419.78742
G0 F9000 X112.559 Y109.73
G1 F1500 X122.439 Y119.611 E1420.25217
G0 F9000 X122.439 Y119.045
G1 F1500 X112.559 Y109.165 E1420.71689
G0 F9000 X112.559 Y108.599
G1 F1500 X122.439 Y118.479 E1421.18162
G0 F9000 X122.439 Y117.914
G1 F1500 X112.559 Y108.033 E1421.64637
G0 F9000 X112.559 Y107.468
G1 F1500 X122.439 Y117.348 E1422.11109
G0 F9000 X122.439 Y116.782
G1 F1500 X112.559 Y106.902 E1422.57582
G0 F9000 X112.559 Y106.336
G1 F1500 X122.439 Y116.217 E1423.04056
G0 F9000 X122.439 Y115.651
G1 F1500 X112.559 Y105.771 E1423.50529
G0 F9000 X112.559 Y105.205
G1 F1500 X122.439 Y115.085 E1423.97001
G0 F9000 X122.439 Y114.52
G1 F1500 X112.559 Y104.639 E1424.43476
G0 F9000 X112.559 Y104.074
G1 F1500 X122.439 Y113.954 E1424.89949
G0 F9000 X122.439 Y113.388
G1 F1500 X112.559 Y103.508 E1425.36421
G0 F9000 X112.559 Y102.942
G1 F1500 X122.439 Y112.823 E1425.82896
G0 F9000 X122.439 Y112.257
G1 F1500 X112.559 Y102.377 E1426.29369
G0 F9000 X112.559 Y101.811
G1 F1500 X122.439 Y111.691 E1426.75841
G0 F9000 X122.439 Y111.126
G1 F1500 X112.559 Y101.245 E1427.22316
G0 F9000 X112.559 Y100.679
G1 F1500 X122.439 Y110.56 E1427.68791
G0 F9000 X122.439 Y109.994
G1 F1500 X112.559 Y100.114 E1428.15263
G0 F9000 X112.559 Y99.548
G1 F1500 X122.439 Y109.429 E1428.61738
G0 F9000 X122.439 Y108.863
G1 F1500 X112.559 Y98.982 E1429.08213
G0 F9000 X112.559 Y98.417
G1 F1500 X122.439 Y108.297 E1429.54685
G0 F9000 X122.439 Y107.731
G1 F1500 X112.559 Y97.851 E1430.01158
G0 F9000 X112.559 Y97.285
G1 F1500 X122.439 Y107.166 E1430.47633
G0 F9000 X122.439 Y106.6
G1 F1500 X112.559 Y96.72 E1430.94105
G0 F9000 X112.559 Y96.154
G1 F1500 X122.439 Y106.034 E1431.40578
G0 F9000 X122.439 Y105.469
G1 F1500 X112.559 Y95.588 E1431.87053
G0 F9000 X112.559 Y95.023
G1 F1500 X122.439 Y104.903 E1432.33525
G0 F9000 X122.439 Y104.337
G1 F1500 X112.559 Y94.457 E1432.79998
G0 F9000 X112.559 Y93.891
G1 F1500 X122.439 Y103.772 E1433.26472
G0 F9000 X122.439 Y103.206
G1 F1500 X112.559 Y93.326 E1433.72945
G0 F9000 X112.559 Y92.76
G1 F1500 X122.439 Y102.64 E1434.19417
G0 F9000 X122.439 Y102.075
G1 F1500 X112.559 Y92.194 E1434.65892
G0 F9000 X112.559 Y91.629
G1 F1500 X122.439 Y101.509 E1435.12365
G0 F9000 X122.439 Y100.943
G1 F1500 X112.559 Y91.063 E1435.58837
G0 F9000 X112.559 Y90.497
G1 F1500 X122.439 Y100.378 E1436.05312
G0 F9000 X122.439 Y99.812
G1 F1500 X112.559 Y89.931 E1436.51787
G0 F9000 X112.559 Y89.366
G1 F1500 X122.439 Y99.246 E1436.98259
G0 F9000 X122.439 Y98.68
G1 F1500 X112.555 Y88.796 E1437.44751
G0 F9000 X112.539 Y88.215
G1 F1500 X122.439 Y98.115 E1437.91317
G0 F9000 X122.439 Y97.549
G1 F1500 X112.524 Y87.634 E1438.37954
G0 F9000 X112.509 Y87.053
G1 F1500 X122.439 Y96.983 E1438.84662
G0 F9000 X122.439 Y96.418
G1 F1500 X112.494 Y86.472 E1439.31443
G0 F9000 X112.479 Y85.892
G1 F1500 X122.439 Y95.852 E1439.78291
G0 F9000 X122.439 Y95.286
G1 F1500 X112.463 Y85.311 E1440.25213
G0 F9000 X112.449 Y84.73
G1 F1500 X122.439 Y94.721 E1440.72205
G0 F9000 X122.439 Y94.155
G1 F1500 X112.433 Y84.149 E1441.1927
G0 F9000 X112.418 Y83.568
G1 F1500 X122.439 Y93.589 E1441.66406
G0 F9000 X122.439 Y93.024
G1 F1500 X112.403 Y82.987 E1442.13615
G0 F9000 X112.388 Y82.406
G1 F1500 X122.439 Y92.458 E1442.60894
G0 F9000 X122.439 Y91.892
G1 F1500 X112.373 Y81.826 E1443.08241
G0 F9000 X112.339 Y81.226
G1 F1500 X122.439 Y91.327 E1443.55751
G0 F9000 X122.439 Y90.761
G1 F1500 X112.291 Y80.613 E1444.03484
G0 F9000 X112.244 Y79.999
G1 F1500 X122.439 Y90.195 E1444.51441
G0 F9000 X122.439 Y89.63
G1 F1500 X112.196 Y79.386 E1444.99623
G0 F9000 X112.148 Y78.773
G1 F1500 X122.439 Y89.064 E1445.48029
G0 F9000 X122.451 Y88.509
G1 F1500 X112.101 Y78.16 E1445.96709
G0 F9000 X112.053 Y77.546
G1 F1500 X122.465 Y87.958 E1446.45684
G0 F9000 X122.479 Y87.406
G1 F1500 X112.005 Y76.933 E1446.94948
G0 F9000 X111.958 Y76.32
G1 F1500 X122.493 Y86.855 E1447.44502
G0 F9000 X122.507 Y86.303
G1 F1500 X111.91 Y75.707 E1447.94345
G0 F9000 X111.862 Y75.093
G1 F1500 X122.521 Y85.752 E1448.44481
G0 F9000 X122.535 Y85.2
G1 F1500 X111.815 Y74.48 E1448.94905
G0 F9000 X111.746 Y73.845
G1 F1500 X122.55 Y84.649 E1449.45724
G0 F9000 X122.564 Y84.098
G1 F1500 X111.662 Y73.196 E1449.97003
G0 F9000 X111.578 Y72.546
G1 F1500 X122.579 Y83.546 E1450.48746
G0 F9000 X122.593 Y82.995
G1 F1500 X111.494 Y71.896 E1451.00952
G0 F9000 X111.409 Y71.245
G1 F1500 X122.607 Y82.443 E1451.53624
G0 F9000 X122.621 Y81.892
G1 F1500 X111.325 Y70.596 E1452.06757
G0 F9000 X111.241 Y69.946
G1 F1500 X122.651 Y81.356 E1452.60426
G0 F9000 X122.691 Y80.83
G1 F1500 X111.157 Y69.296 E1453.14679
G0 F9000 X111.073 Y68.646
G1 F1500 X122.732 Y80.306 E1453.69522
G0 F9000 X122.772 Y79.78
G1 F1500 X110.988 Y67.996 E1454.2495
G0 F9000 X110.904 Y67.346
G1 F1500 X122.813 Y79.256 E1454.80969
G0 F9000 X122.854 Y78.73
G1 F1500 X110.803 Y66.68 E1455.3765
G0 F9000 X110.677 Y65.988
G1 F1500 X122.895 Y78.206 E1455.9512
G0 F9000 X122.935 Y77.68
G1 F1500 X110.551 Y65.297 E1456.53368
G0 F9000 X110.425 Y64.604
G1 F1500 X122.976 Y77.155 E1457.12404
G0 F9000 X123.016 Y76.63
G1 F1500 X110.299 Y63.913 E1457.72221
G0 F9000 X110.172 Y63.221
G1 F1500 X123.057 Y76.105 E1458.32826
G0 F9000 X123.098 Y75.58
G1 F1500 X110.047 Y62.529 E1458.94214
G0 F9000 X109.92 Y61.837
G1 F1500 X123.139 Y75.055 E1459.5639
G0 F9000 X123.179 Y74.53
G1 F1500 X109.794 Y61.145 E1460.19349
G0 F9000 X109.668 Y60.454
G1 F1500 X123.231 Y74.016 E1460.83142
G0 F9000 X123.296 Y73.515
G1 F1500 X109.559 Y59.779 E1461.47755
G0 F9000 X109.559 Y59.213
G1 F1500 X123.36 Y73.014 E1462.1267
G0 F9000 X123.425 Y72.513
G1 F1500 X109.559 Y58.648 E1462.77889
G0 F9000 X109.559 Y58.082
G1 F1500 X123.49 Y72.013 E1463.43417
G0 F9000 X123.554 Y71.511
G1 F1500 X109.559 Y57.516 E1464.09245
G0 F9000 X109.559 Y56.951
G1 F1500 X123.619 Y71.011 E1464.75379
G0 F9000 X123.684 Y70.509
G1 F1500 X109.559 Y56.385 E1465.41816
G0 F9000 X109.559 Y55.819
G1 F1500 X123.749 Y70.009 E1466.08561
G0 F9000 X123.814 Y69.508
G1 F1500 X109.559 Y55.254 E1466.7561
G0 F9000 X109.559 Y54.688
G1 F1500 X123.878 Y69.007 E1467.42962
G0 F9000 X123.943 Y68.506
G1 F1500 X109.559 Y54.122 E1468.1062
G0 F9000 X109.559 Y53.556
G1 F1500 X124.008 Y68.005 E1468.78584
G0 F9000 X124.073 Y67.504
G1 F1500 X109.559 Y52.991 E1469.46851
G0 F9000 X109.559 Y52.425
G1 F1500 X124.138 Y67.004 E1470.15426
G0 F9000 X124.223 Y66.523
G1 F1500 X109.559 Y51.859 E1470.84401
G0 F9000 X109.559 Y51.294
G1 F1500 X124.31 Y66.045 E1471.53785
G0 F9000 X124.397 Y65.566
G1 F1500 X109.559 Y50.728 E1472.23579
G0 F9000 X109.559 Y50.162
G1 F1500 X124.485 Y65.088 E1472.93786
G0 F9000 X124.572 Y64.609
G1 F1500 X109.559 Y49.597 E1473.644
G0 F9000 X109.559 Y49.031
G1 F1500 X124.659 Y64.131 E1474.35426
G0 F9000 X124.746 Y63.652
G1 F1500 X109.559 Y48.465 E1475.06861
G0 F9000 X109.559 Y47.9
G1 F1500 X124.834 Y63.174 E1475.78708
G0 F9000 X124.921 Y62.695
G1 F1500 X109.559 Y47.334 E1476.50963
G0 F9000 X109.559 Y46.768
G1 F1500 X125.007 Y62.216 E1477.23626
G0 F9000 X125.094 Y61.738
G1 F1500 X109.559 Y46.203 E1477.96698
G0 F9000 X109.559 Y45.637
G1 F1500 X125.181 Y61.259 E1478.70179
G0 F9000 X125.269 Y60.781
G1 F1500 X109.559 Y45.071 E1479.44074
G0 F9000 X109.559 Y44.506
G1 F1500 X125.356 Y60.302 E1480.18376
G0 F9000 X125.438 Y59.819
G1 F1500 X109.559 Y43.94 E1480.93066
G0 F9000 X109.559 Y43.374
G1 F1500 X125.438 Y59.253 E1481.67756
G0 F9000 X125.438 Y58.687
G1 F1500 X109.559 Y42.808 E1482.42446
G0 F9000 X109.559 Y42.243
G1 F1500 X125.438 Y58.122 E1483.17136
G0 F9000 X125.438 Y57.556
G1 F1500 X109.559 Y41.677 E1483.91826
G0 F9000 X109.559 Y41.111
G1 F1500 X125.438 Y56.99 E1484.66516
G0 F9000 X125.438 Y56.424
G1 F1500 X109.559 Y40.546 E1485.41203
G0 F9000 X109.559 Y39.98
G1 F1500 X125.438 Y55.859 E1486.15893
G0 F9000 X125.438 Y55.293
G1 F1500 X109.559 Y39.414 E1486.90583
G0 F9000 X109.559 Y38.849
G1 F1500 X125.438 Y54.727 E1487.65271
G0 F9000 X125.438 Y54.162
G1 F1500 X109.559 Y38.283 E1488.39961
G0 F9000 X109.559 Y37.717
G1 F1500 X125.438 Y53.596 E1489.14651
G0 F9000 X125.438 Y53.03
G1 F1500 X109.559 Y37.152 E1489.89338
G0 F9000 X109.559 Y36.586
G1 F1500 X125.438 Y52.465 E1490.64028
G0 F9000 X125.438 Y51.899
G1 F1500 X110.1 Y36.56 E1491.36176
G0 F9000 X110.665 Y36.56
G1 F1500 X125.438 Y51.333 E1492.05663
G0 F9000 X125.438 Y50.768
G1 F1500 X111.231 Y36.56 E1492.72491
G0 F9000 X111.797 Y36.56
G1 F1500 X125.438 Y50.202 E1493.36657
G0 F9000 X125.438 Y49.636
G1 F1500 X112.362 Y36.56 E1493.98162
G0 F9000 X112.928 Y36.56
G1 F1500 X125.438 Y49.071 E1494.57008
G0 F9000 X125.438 Y48.505
G1 F1500 X113.494 Y36.56 E1495.13191
G0 F9000 X114.059 Y36.56
G1 F1500 X125.438 Y47.939 E1495.66714
G0 F9000 X125.438 Y47.374
G1 F1500 X114.625 Y36.56 E1496.17578
G0 F9000 X115.191 Y36.56
G1 F1500 X125.438 Y46.808 E1496.65779
G0 F9000 X125.438 Y46.242
G1 F1500 X115.756 Y36.56 E1497.1132
G0 F9000 X116.322 Y36.56
G1 F1500 X125.438 Y45.676 E1497.54199
G0 F9000 X125.438 Y45.111
G1 F1500 X116.888 Y36.56 E1497.94418
G0 F9000 X117.453 Y36.56
G1 F1500 X125.438 Y44.545 E1498.31977
G0 F9000 X125.438 Y43.979
G1 F1500 X118.019 Y36.56 E1498.66873
G0 F9000 X118.585 Y36.56
G1 F1500 X125.438 Y43.414 E1498.9911
G0 F9000 X125.438 Y42.848
G1 F1500 X119.151 Y36.56 E1499.28685
G0 F9000 X119.716 Y36.56
G1 F1500 X125.438 Y42.282 E1499.55599
G0 F9000 X125.438 Y41.717
G1 F1500 X120.282 Y36.56 E1499.79854
G0 F9000 X120.848 Y36.56
G1 F1500 X125.438 Y41.151 E1500.01446
G0 F9000 X125.438 Y40.585
G1 F1500 X121.413 Y36.56 E1500.20378
G0 F9000 X121.979 Y36.56
G1 F1500 X125.438 Y40.02 E1500.36651
G0 F9000 X125.438 Y39.454
G1 F1500 X122.545 Y36.56 E1500.50261
G0 F9000 X123.11 Y36.56
G1 F1500 X125.438 Y38.888 E1500.61211
G0 F9000 X125.438 Y38.323
G1 F1500 X123.676 Y36.56 E1500.69501
G0 F9000 X124.242 Y36.56
G1 F1500 X125.438 Y37.757 E1500.75129
G0 F9000 X125.438 Y37.191
G1 F1500 X124.807 Y36.56 E1500.78097
G0 F9000 X125.373 Y36.56
G1 F1500 X125.438 Y36.626 E1500.78406
G1 F2700 E1495.78406
;MESH:NONMESH
G0 F300 X125.438 Y36.626 Z1.6
G0 F9000 X125.9 Y36.626
G0 X125.838 Y59.892
G0 X123.917 Y74.337
G0 X123.35 Y81.659
G0 X123.161 Y88.99
G0 X123.161 Y146.01
G0 X123.35 Y153.341
G0 X123.809 Y159.271
G0 X124.701 Y167.971
;TIME_ELAPSED:2112.343687
;LAYER:7
;TYPE:WALL-INNER
;MESH:D638-22 Tensile.STL
G1 F2700 E1500.78406
G1 F1500 X126 Y175.089 E1501.02471
G1 X126 Y175.858 E1501.05029
G1 X126 Y199 E1501.81999
G1 X109 Y199 E1502.38542
G1 X109 Y175.093 E1503.18057
G1 X110.299 Y167.972 E1503.42132
G1 X111.245 Y160.664 E1503.66641
G1 X111.812 Y153.324 E1503.91127
G1 X112 Y146.027 E1504.15405
G1 X112 Y88.973 E1506.05167
G1 X111.81 Y81.625 E1506.29615
G1 X111.246 Y74.345 E1506.53901
G1 X110.299 Y67.028 E1506.7844
G1 X109.001 Y59.911 E1507.02502
G1 X109 Y36 E1507.8203
G1 X126 Y36 E1508.38573
G1 X125.999 Y59.907 E1509.18088
G1 X124.701 Y67.027 E1509.42159
G1 X123.754 Y74.346 E1509.66705
G1 X123.19 Y81.624 E1509.90985
G1 X123 Y88.973 E1510.15436
G1 X123 Y146.027 E1512.05198
G1 X123.188 Y153.323 E1512.29473
G1 X123.754 Y160.654 E1512.53928
G1 X124.701 Y167.971 E1512.78468
G1 F2700 E1507.78468
G0 F9000 X125.839 Y175.105
G0 X125.828 Y198.828
G0 X108.87 Y199.13
G1 F2700 E1512.78468
G0 F9000 X108.6 Y199.4
G1 F1500 X126.4 Y199.4 E1513.37671
G1 X126.4 Y175.858 E1514.15972
G1 X126.4 Y175.053 E1514.18649
G1 X125.094 Y167.894 E1514.42853
G1 X124.156 Y160.654 E1514.67135
G1 X123.589 Y153.343 E1514.91524
G1 X123.4 Y146.017 E1515.15899
G1 X123.4 Y88.983 E1517.05594
G1 X123.589 Y81.655 E1517.29976
G1 X124.156 Y74.346 E1517.54358
G1 X125.094 Y67.104 E1517.78647
G1 X126.399 Y59.943 E1518.02856
G1 X126.4 Y35.6 E1518.83822
G1 X108.6 Y35.6 E1519.43025
G1 X108.601 Y59.947 E1520.24003
G1 X109.906 Y67.105 E1520.48203
G1 X110.847 Y74.376 E1520.72588
G1 X111.411 Y81.656 E1520.96874
G1 X111.6 Y88.983 E1521.21252
G1 X111.6 Y146.017 E1523.10948
G1 X111.411 Y153.345 E1523.35329
G1 X110.844 Y160.654 E1523.59712
G1 X109.906 Y167.896 E1523.84
G1 X108.6 Y175.057 E1524.0821
G1 X108.6 Y199.4 E1524.89176
G1 F2700 E1519.89176
G0 F9000 X108.87 Y199.13
G0 X125.828 Y198.828
G0 X125.839 Y175.105
G0 X124.797 Y167.931
G1 F2700 E1524.89176
G0 F9000 X125.491 Y167.842
;TYPE:WALL-OUTER
G1 F1500 X126.8 Y175.017 E1525.13434
G1 X126.8 Y175.858 E1525.16231
G1 X126.8 Y199.8 E1525.95862
G1 X108.2 Y199.8 E1526.57726
G1 X108.2 Y175.021 E1527.40141
G1 X109.507 Y167.854 E1527.64372
G1 X110.447 Y160.602 E1527.88694
G1 X111.012 Y153.314 E1528.13007
G1 X111.2 Y146.007 E1528.37318
G1 X111.2 Y88.993 E1530.26947
G1 X111.012 Y81.697 E1530.51222
G1 X110.448 Y74.407 E1530.75541
G1 X109.509 Y67.157 E1530.99856
G1 X108.201 Y59.983 E1531.2411
G1 X108.2 Y35.2 E1532.06539
G1 X126.8 Y35.2 E1532.68403
G1 X126.799 Y59.979 E1533.50818
G1 X125.493 Y67.146 E1533.75048
G1 X124.553 Y74.398 E1533.9937
G1 X123.988 Y81.686 E1534.23683
G1 X123.8 Y88.993 E1534.47994
G1 X123.8 Y146.007 E1536.37623
G1 X123.988 Y153.302 E1536.61895
G1 X124.552 Y160.592 E1536.86214
G1 X125.491 Y167.842 E1537.10529
G0 F9000 X124.797 Y167.931
G0 X124.341 Y168.004
;TYPE:SKIN
G1 F1500 X125.64 Y175.122 E1537.34594
G1 X125.64 Y175.858 E1537.37042
G1 X125.64 Y198.64 E1538.12816
G1 X109.36 Y198.64 E1538.66963
G1 X109.36 Y175.128 E1539.45164
G1 X110.657 Y168.017 E1539.69206
G1 X111.598 Y160.752 E1539.93571
G1 X112.172 Y153.343 E1540.18287
G1 X112.36 Y146.04 E1540.42585
G1 X112.36 Y88.961 E1542.32431
G1 X112.169 Y81.606 E1542.56902
G1 X111.599 Y74.258 E1542.81415
G1 X110.659 Y66.995 E1543.05773
G1 X109.361 Y59.879 E1543.29832
G1 X109.361 Y36.361 E1544.08053
G1 X125.639 Y36.361 E1544.62194
G1 X125.639 Y59.872 E1545.40392
G1 X124.343 Y66.983 E1545.64432
G1 X123.402 Y74.247 E1545.88795
G1 X122.828 Y81.657 E1546.13514
G1 X122.64 Y88.961 E1546.37815
G1 X122.64 Y146.04 E1548.27661
G1 X122.831 Y153.391 E1548.52119
G1 X123.401 Y160.741 E1548.76638
G1 X124.341 Y168.004 E1549.00997
G1 F2700 E1544.00997
G0 F9000 X124.597 Y167.957
G0 X125.839 Y175.105
G0 X125.9 Y198.132
G1 F2700 E1549.00997
G0 F9000 X125.44 Y198.132
G1 F1500 X125.133 Y198.438 E1549.02438
G0 F9000 X124.567 Y198.438
G1 F1500 X125.44 Y197.566 E1549.06542
G0 F9000 X125.44 Y197
G1 F1500 X124.001 Y198.438 E1549.13308
G0 F9000 X123.436 Y198.438
G1 F1500 X125.44 Y196.434 E1549.22735
G0 F9000 X125.44 Y195.869
G1 F1500 X122.87 Y198.438 E1549.34821
G0 F9000 X122.304 Y198.438
G1 F1500 X125.44 Y195.303 E1549.49569
G0 F9000 X125.44 Y194.737
G1 F1500 X121.739 Y198.438 E1549.66978
G0 F9000 X121.173 Y198.438
G1 F1500 X125.44 Y194.172 E1549.87046
G0 F9000 X125.44 Y193.606
G1 F1500 X120.607 Y198.438 E1550.09777
G0 F9000 X120.041 Y198.438
G1 F1500 X125.44 Y193.04 E1550.35169
G0 F9000 X125.44 Y192.475
G1 F1500 X119.476 Y198.438 E1550.6322
G0 F9000 X118.91 Y198.438
G1 F1500 X125.44 Y191.909 E1550.93933
G0 F9000 X125.44 Y191.343
G1 F1500 X118.344 Y198.438 E1551.27308
G0 F9000 X117.779 Y198.438
G1 F1500 X125.44 Y190.778 E1551.6334
G0 F9000 X125.44 Y190.212
G1 F1500 X117.213 Y198.438 E1552.02035
G0 F9000 X116.647 Y198.438
G1 F1500 X125.44 Y189.646 E1552.43393
G0 F9000 X125.44 Y189.081
G1 F1500 X116.082 Y198.438 E1552.87407
G0 F9000 X115.516 Y198.438
G1 F1500 X125.44 Y188.515 E1553.34084
G0 F9000 X125.44 Y187.949
G1 F1500 X114.95 Y198.438 E1553.83424
G0 F9000 X114.385 Y198.438
G1 F1500 X125.44 Y187.384 E1554.35421
G0 F9000 X125.44 Y186.818
G1 F1500 X113.819 Y198.438 E1554.9008
G0 F9000 X113.253 Y198.438
G1 F1500 X125.44 Y186.252 E1555.47402
G0 F9000 X125.44 Y185.686
G1 F1500 X112.688 Y198.438 E1556.07383
G0 F9000 X112.122 Y198.438
G1 F1500 X125.44 Y185.121 E1556.70025
G0 F9000 X125.44 Y184.555
G1 F1500 X111.556 Y198.438 E1557.35328
G0 F9000 X110.991 Y198.438
G1 F1500 X125.44 Y183.989 E1558.03292
G0 F9000 X125.44 Y183.424
G1 F1500 X110.425 Y198.438 E1558.73916
G0 F9000 X109.859 Y198.438
G1 F1500 X125.44 Y182.858 E1559.47201
G0 F9000 X125.44 Y182.292
G1 F1500 X109.559 Y198.173 E1560.21901
G0 F9000 X109.559 Y197.607
G1 F1500 X125.44 Y181.727 E1560.96598
G0 F9000 X125.44 Y181.161
G1 F1500 X109.559 Y197.041 E1561.71295
G0 F9000 X109.559 Y196.475
G1 F1500 X125.44 Y180.595 E1562.45992
G0 F9000 X125.44 Y180.03
G1 F1500 X109.559 Y195.91 E1563.20689
G0 F9000 X109.559 Y195.344
G1 F1500 X125.44 Y179.464 E1563.95386
G0 F9000 X125.44 Y178.898
G1 F1500 X109.559 Y194.778 E1564.70083
G0 F9000 X109.559 Y194.213
G1 F1500 X125.44 Y178.333 E1565.4478
G0 F9000 X125.44 Y177.767
G1 F1500 X109.559 Y193.647 E1566.19477
G0 F9000 X109.559 Y193.081
G1 F1500 X125.44 Y177.201 E1566.94174
G0 F9000 X125.44 Y176.635
G1 F1500 X109.559 Y192.516 E1567.68873
G0 F9000 X109.559 Y191.95
G1 F1500 X125.44 Y176.07 E1568.4357
G0 F9000 X125.44 Y175.504
G1 F1500 X109.559 Y191.384 E1569.18267
G0 F9000 X109.559 Y190.819
G1 F1500 X125.408 Y174.97 E1569.92816
G0 F9000 X125.321 Y174.492
G1 F1500 X109.559 Y190.253 E1570.66953
G0 F9000 X109.559 Y189.687
G1 F1500 X125.234 Y174.013 E1571.40681
G0 F9000 X125.146 Y173.535
G1 F1500 X109.559 Y189.122 E1572.13998
G0 F9000 X109.559 Y188.556
G1 F1500 X125.059 Y173.056 E1572.86905
G0 F9000 X124.971 Y172.578
G1 F1500 X109.559 Y187.99 E1573.59398
G0 F9000 X109.559 Y187.425
G1 F1500 X124.884 Y172.099 E1574.31485
G0 F9000 X124.797 Y171.621
G1 F1500 X109.559 Y186.859 E1575.0316
G0 F9000 X109.559 Y186.293
G1 F1500 X124.71 Y171.143 E1575.74423
G0 F9000 X124.623 Y170.664
G1 F1500 X109.559 Y185.727 E1576.45277
G0 F9000 X109.559 Y185.162
G1 F1500 X124.535 Y170.186 E1577.1572
G0 F9000 X124.448 Y169.707
G1 F1500 X109.559 Y184.596 E1577.85753
G0 F9000 X109.559 Y184.03
G1 F1500 X124.36 Y169.229 E1578.55372
G0 F9000 X124.274 Y168.751
G1 F1500 X109.559 Y183.465 E1579.24585
G0 F9000 X109.559 Y182.899
G1 F1500 X124.186 Y168.273 E1579.93383
G0 F9000 X124.111 Y167.782
G1 F1500 X109.559 Y182.333 E1580.61829
G0 F9000 X109.559 Y181.768
G1 F1500 X124.046 Y167.281 E1581.29972
G0 F9000 X123.981 Y166.781
G1 F1500 X109.559 Y181.202 E1581.97806
G0 F9000 X109.559 Y180.636
G1 F1500 X123.916 Y166.28 E1582.65334
G0 F9000 X123.851 Y165.779
G1 F1500 X109.559 Y180.071 E1583.3256
G0 F9000 X109.559 Y179.505
G1 F1500 X123.786 Y165.278 E1583.99479
G0 F9000 X123.721 Y164.777
G1 F1500 X109.559 Y178.939 E1584.66093
G0 F9000 X109.559 Y178.374
G1 F1500 X123.656 Y164.277 E1585.32401
G0 F9000 X123.591 Y163.776
G1 F1500 X109.559 Y177.808 E1585.98403
G0 F9000 X109.559 Y177.242
G1 F1500 X123.527 Y163.275 E1586.64102
G0 F9000 X123.462 Y162.774
G1 F1500 X109.559 Y176.676 E1587.29495
G0 F9000 X109.559 Y176.111
G1 F1500 X123.397 Y162.273 E1587.94585
G0 F9000 X123.332 Y161.773
G1 F1500 X109.559 Y175.545 E1588.59366
G0 F9000 X109.597 Y174.942
G1 F1500 X123.267 Y161.272 E1589.23666
G0 F9000 X123.202 Y160.771
G1 F1500 X109.723 Y174.25 E1589.87067
G0 F9000 X109.849 Y173.558
G1 F1500 X123.161 Y160.246 E1590.49682
G0 F9000 X123.121 Y159.721
G1 F1500 X109.975 Y172.867 E1591.11517
G0 F9000 X110.102 Y172.174
G1 F1500 X123.08 Y159.196 E1591.72562
G0 F9000 X123.039 Y158.671
G1 F1500 X110.228 Y171.483 E1592.32823
G0 F9000 X110.354 Y170.791
G1 F1500 X122.999 Y158.146 E1592.92301
G0 F9000 X122.958 Y157.621
G1 F1500 X110.48 Y170.099 E1593.50994
G0 F9000 X110.607 Y169.407
G1 F1500 X122.917 Y157.096 E1594.08899
G0 F9000 X122.876 Y156.571
G1 F1500 X110.732 Y168.715 E1594.6602
G0 F9000 X110.858 Y168.024
G1 F1500 X122.835 Y156.047 E1595.22357
G0 F9000 X122.795 Y155.521
G1 F1500 X110.942 Y167.374 E1595.78109
G0 F9000 X111.026 Y166.725
G1 F1500 X122.754 Y154.997 E1596.33274
G0 F9000 X122.713 Y154.472
G1 F1500 X111.11 Y166.075 E1596.87851
G0 F9000 X111.194 Y165.425
G1 F1500 X122.673 Y153.947 E1597.41843
G0 F9000 X122.632 Y153.422
G1 F1500 X111.278 Y164.775 E1597.95246
G0 F9000 X111.362 Y164.126
G1 F1500 X122.617 Y152.871 E1598.48186
G0 F9000 X122.603 Y152.319
G1 F1500 X111.446 Y163.476 E1599.00665
G0 F9000 X111.53 Y162.826
G1 F1500 X122.588 Y151.768 E1599.52679
G0 F9000 X122.574 Y151.217
G1 F1500 X111.614 Y162.177 E1600.04231
G0 F9000 X111.698 Y161.527
G1 F1500 X122.559 Y150.666 E1600.55318
G0 F9000 X122.545 Y150.114
G1 F1500 X111.782 Y160.878 E1601.05946
G0 F9000 X111.836 Y160.257
G1 F1500 X122.53 Y149.563 E1601.56247
G0 F9000 X122.516 Y149.012
G1 F1500 X111.884 Y159.644 E1602.06257
G0 F9000 X111.931 Y159.031
G1 F1500 X122.502 Y148.46 E1602.5598
G0 F9000 X122.487 Y147.909
G1 F1500 X111.978 Y158.418 E1603.05411
G0 F9000 X112.026 Y157.805
G1 F1500 X122.473 Y147.358 E1603.5455
G0 F9000 X122.459 Y146.806
G1 F1500 X112.074 Y157.191 E1604.03398
G0 F9000 X112.121 Y156.578
G1 F1500 X122.444 Y146.255 E1604.51955
G0 F9000 X122.439 Y145.695
G1 F1500 X112.169 Y155.965 E1605.00261
G0 F9000 X112.216 Y155.352
G1 F1500 X122.439 Y145.13 E1605.48345
G0 F9000 X122.439 Y144.564
G1 F1500 X112.263 Y154.739 E1605.96207
G0 F9000 X112.311 Y154.126
G1 F1500 X122.439 Y143.998 E1606.43846
G0 F9000 X122.439 Y143.433
G1 F1500 X112.358 Y153.513 E1606.91262
G0 F9000 X112.383 Y152.923
G1 F1500 X122.439 Y142.867 E1607.38562
G0 F9000 X122.439 Y142.301
G1 F1500 X112.398 Y152.342 E1607.85792
G0 F9000 X112.413 Y151.762
G1 F1500 X122.439 Y141.736 E1608.32951
G0 F9000 X122.439 Y141.17
G1 F1500 X112.427 Y151.181 E1608.80042
G0 F9000 X112.442 Y150.601
G1 F1500 X122.439 Y140.604 E1609.27065
G0 F9000 X122.439 Y140.038
G1 F1500 X112.457 Y150.02 E1609.74017
G0 F9000 X112.473 Y149.439
G1 F1500 X122.439 Y139.473 E1610.20894
G0 F9000 X122.439 Y138.907
G1 F1500 X112.487 Y148.858 E1610.67703
G0 F9000 X112.502 Y148.278
G1 F1500 X122.439 Y138.341 E1611.14444
G0 F9000 X122.439 Y137.776
G1 F1500 X112.517 Y147.697 E1611.61112
G0 F9000 X112.532 Y147.117
G1 F1500 X122.439 Y137.21 E1612.07711
G0 F9000 X122.439 Y136.644
G1 F1500 X112.548 Y146.535 E1612.54235
G0 F9000 X112.56 Y145.958
G1 F1500 X122.439 Y136.079 E1613.00703
G0 F9000 X122.439 Y135.513
G1 F1500 X112.56 Y145.392 E1613.47171
G0 F9000 X112.56 Y144.826
G1 F1500 X122.439 Y134.947 E1613.93639
G0 F9000 X122.439 Y134.382
G1 F1500 X112.56 Y144.261 E1614.40106
G0 F9000 X112.56 Y143.695
G1 F1500 X122.439 Y133.816 E1614.86574
G0 F9000 X122.439 Y133.25
G1 F1500 X112.56 Y143.129 E1615.33042
G0 F9000 X112.56 Y142.564
G1 F1500 X122.439 Y132.685 E1615.7951
G0 F9000 X122.439 Y132.119
G1 F1500 X112.56 Y141.998 E1616.25978
G0 F9000 X112.56 Y141.432
G1 F1500 X122.439 Y131.553 E1616.72445
G0 F9000 X122.439 Y130.987
G1 F1500 X112.56 Y140.866 E1617.18913
G0 F9000 X112.56 Y140.301
G1 F1500 X122.439 Y130.422 E1617.65381
G0 F9000 X122.439 Y129.856
G1 F1500 X112.56 Y139.735 E1618.11849
G0 F9000 X112.56 Y139.169
G1 F1500 X122.439 Y129.29 E1618.58317
G0 F9000 X122.439 Y128.725
G1 F1500 X112.56 Y138.604 E1619.04784
G0 F9000 X112.56 Y138.038
G1 F1500 X122.439 Y128.159 E1619.51252
G0 F9000 X122.439 Y127.593
G1 F1500 X112.56 Y137.472 E1619.9772
G0 F9000 X112.56 Y136.907
G1 F1500 X122.439 Y127.028 E1620.44188
G0 F9000 X122.439 Y126.462
G1 F1500 X112.56 Y136.341 E1620.90655
G0 F9000 X112.56 Y135.775
G1 F1500 X122.439 Y125.896 E1621.37123
G0 F9000 X122.439 Y125.331
G1 F1500 X112.56 Y135.21 E1621.83591
G0 F9000 X112.56 Y134.644
G1 F1500 X122.439 Y124.765 E1622.30059
G0 F9000 X122.439 Y124.199
G1 F1500 X112.56 Y134.078 E1622.76527
G0 F9000 X112.56 Y133.513
G1 F1500 X122.439 Y123.634 E1623.22994
G0 F9000 X122.439 Y123.068
G1 F1500 X112.56 Y132.947 E1623.69462
G0 F9000 X112.56 Y132.381
G1 F1500 X122.439 Y122.502 E1624.1593
G0 F9000 X122.439 Y121.937
G1 F1500 X112.56 Y131.816 E1624.62398
G0 F9000 X112.56 Y131.25
G1 F1500 X122.439 Y121.371 E1625.08866
G0 F9000 X122.439 Y120.805
G1 F1500 X112.56 Y130.684 E1625.55333
G0 F9000 X112.56 Y130.118
G1 F1500 X122.439 Y120.239 E1626.01801
G0 F9000 X122.439 Y119.674
G1 F1500 X112.56 Y129.553 E1626.48269
G0 F9000 X112.56 Y128.987
G1 F1500 X122.439 Y119.108 E1626.94737
G0 F9000 X122.439 Y118.542
G1 F1500 X112.56 Y128.421 E1627.41204
G0 F9000 X112.56 Y127.856
G1 F1500 X122.439 Y117.977 E1627.87672
G0 F9000 X122.439 Y117.411
G1 F1500 X112.56 Y127.29 E1628.3414
G0 F9000 X112.56 Y126.724
G1 F1500 X122.439 Y116.845 E1628.80608
G0 F9000 X122.439 Y116.28
G1 F1500 X112.56 Y126.159 E1629.27076
G0 F9000 X112.56 Y125.593
G1 F1500 X122.439 Y115.714 E1629.73543
G0 F9000 X122.439 Y115.148
G1 F1500 X112.56 Y125.027 E1630.20011
G0 F9000 X112.56 Y124.462
G1 F1500 X122.439 Y114.583 E1630.66479
G0 F9000 X122.439 Y114.017
G1 F1500 X112.56 Y123.896 E1631.12947
G0 F9000 X112.56 Y123.33
G1 F1500 X122.439 Y113.451 E1631.59415
G0 F9000 X122.439 Y112.886
G1 F1500 X112.56 Y122.765 E1632.05882
G0 F9000 X112.56 Y122.199
G1 F1500 X122.439 Y112.32 E1632.5235
G0 F9000 X122.439 Y111.754
G1 F1500 X112.56 Y121.633 E1632.98818
G0 F9000 X112.56 Y121.067
G1 F1500 X122.439 Y111.189 E1633.45283
G0 F9000 X122.439 Y110.623
G1 F1500 X112.56 Y120.502 E1633.91751
G0 F9000 X112.56 Y119.936
G1 F1500 X122.439 Y110.057 E1634.38219
G0 F9000 X122.439 Y109.491
G1 F1500 X112.56 Y119.37 E1634.84687
G0 F9000 X112.56 Y118.805
G1 F1500 X122.439 Y108.926 E1635.31154
G0 F9000 X122.439 Y108.36
G1 F1500 X112.56 Y118.239 E1635.77622
G0 F9000 X112.56 Y117.673
G1 F1500 X122.439 Y107.794 E1636.2409
G0 F9000 X122.439 Y107.229
G1 F1500 X112.56 Y117.108 E1636.70558
G0 F9000 X112.56 Y116.542
G1 F1500 X122.439 Y106.663 E1637.17026
G0 F9000 X122.439 Y106.097
G1 F1500 X112.56 Y115.976 E1637.63493
G0 F9000 X112.56 Y115.411
G1 F1500 X122.439 Y105.532 E1638.09961
G0 F9000 X122.439 Y104.966
G1 F1500 X112.56 Y114.845 E1638.56429
G0 F9000 X112.56 Y114.279
G1 F1500 X122.439 Y104.4 E1639.02897
G0 F9000 X122.439 Y103.835
G1 F1500 X112.56 Y113.714 E1639.49365
G0 F9000 X112.56 Y113.148
G1 F1500 X122.439 Y103.269 E1639.95832
G0 F9000 X122.439 Y102.703
G1 F1500 X112.56 Y112.582 E1640.423
G0 F9000 X112.56 Y112.017
G1 F1500 X122.439 Y102.138 E1640.88768
G0 F9000 X122.439 Y101.572
G1 F1500 X112.56 Y111.451 E1641.35236
G0 F9000 X112.56 Y110.885
G1 F1500 X122.439 Y101.006 E1641.81704
G0 F9000 X122.439 Y100.44
G1 F1500 X112.56 Y110.319 E1642.28171
G0 F9000 X112.56 Y109.754
G1 F1500 X122.439 Y99.875 E1642.74639
G0 F9000 X122.439 Y99.309
G1 F1500 X112.56 Y109.188 E1643.21107
G0 F9000 X112.56 Y108.622
G1 F1500 X122.439 Y98.743 E1643.67575
G0 F9000 X122.439 Y98.178
G1 F1500 X112.56 Y108.057 E1644.14042
G0 F9000 X112.56 Y107.491
G1 F1500 X122.439 Y97.612 E1644.6051
G0 F9000 X122.439 Y97.046
G1 F1500 X112.56 Y106.925 E1645.06978
G0 F9000 X112.56 Y106.36
G1 F1500 X122.439 Y96.481 E1645.53446
G0 F9000 X122.439 Y95.915
G1 F1500 X112.56 Y105.794 E1645.99914
G0 F9000 X112.56 Y105.228
G1 F1500 X122.439 Y95.349 E1646.46381
G0 F9000 X122.439 Y94.784
G1 F1500 X112.56 Y104.663 E1646.92849
G0 F9000 X112.56 Y104.097
G1 F1500 X122.439 Y94.218 E1647.39317
G0 F9000 X122.439 Y93.652
G1 F1500 X112.56 Y103.531 E1647.85785
G0 F9000 X112.56 Y102.966
G1 F1500 X122.439 Y93.087 E1648.32253
G0 F9000 X122.439 Y92.521
G1 F1500 X112.56 Y102.4 E1648.7872
G0 F9000 X112.56 Y101.834
G1 F1500 X122.439 Y91.955 E1649.25188
G0 F9000 X122.439 Y91.39
G1 F1500 X112.56 Y101.269 E1649.71656
G0 F9000 X112.56 Y100.703
G1 F1500 X122.439 Y90.824 E1650.18124
G0 F9000 X122.439 Y90.258
G1 F1500 X112.56 Y100.137 E1650.64591
G0 F9000 X112.56 Y99.571
G1 F1500 X122.439 Y89.692 E1651.11059
G0 F9000 X122.439 Y89.127
G1 F1500 X112.56 Y99.006 E1651.57527
G0 F9000 X112.56 Y98.44
G1 F1500 X122.448 Y88.551 E1652.0404
G0 F9000 X122.463 Y87.971
G1 F1500 X112.56 Y97.874 E1652.5062
G0 F9000 X112.56 Y97.309
G1 F1500 X122.479 Y87.389 E1652.97278
G0 F9000 X122.494 Y86.809
G1 F1500 X112.56 Y96.743 E1653.44005
G0 F9000 X112.56 Y96.177
G1 F1500 X122.509 Y86.228 E1653.90802
G0 F9000 X122.523 Y85.648
G1 F1500 X112.56 Y95.612 E1654.37667
G0 F9000 X112.56 Y95.046
G1 F1500 X122.538 Y85.067 E1654.84603
G0 F9000 X122.553 Y84.487
G1 F1500 X112.56 Y94.48 E1655.31607
G0 F9000 X112.56 Y93.915
G1 F1500 X122.569 Y83.905 E1655.78689
G0 F9000 X122.584 Y83.325
G1 F1500 X112.56 Y93.349 E1656.25839
G0 F9000 X112.56 Y92.783
G1 F1500 X122.598 Y82.744 E1656.73057
G0 F9000 X122.613 Y82.164
G1 F1500 X112.56 Y92.218 E1657.20345
G0 F9000 X112.56 Y91.652
G1 F1500 X122.633 Y81.578 E1657.67728
G0 F9000 X122.68 Y80.965
G1 F1500 X112.56 Y91.086 E1658.15332
G0 F9000 X112.56 Y90.52
G1 F1500 X122.728 Y80.352 E1658.63159
G0 F9000 X122.775 Y79.739
G1 F1500 X112.56 Y89.955 E1659.11209
G0 F9000 X112.56 Y89.389
G1 F1500 X122.823 Y79.126 E1659.59483
G0 F9000 X122.87 Y78.513
G1 F1500 X112.556 Y88.827 E1660.07997
G0 F9000 X112.541 Y88.276
G1 F1500 X122.917 Y77.9 E1660.56803
G0 F9000 X122.965 Y77.287
G1 F1500 X112.527 Y87.725 E1661.059
G0 F9000 X112.513 Y87.173
G1 F1500 X123.012 Y76.674 E1661.55284
G0 F9000 X123.06 Y76.06
G1 F1500 X112.498 Y86.622 E1662.04964
G0 F9000 X112.484 Y86.071
G1 F1500 X123.107 Y75.447 E1662.54934
G0 F9000 X123.155 Y74.834
G1 F1500 X112.47 Y85.519 E1663.05193
G0 F9000 X112.455 Y84.968
G1 F1500 X123.204 Y74.22 E1663.55751
G0 F9000 X123.288 Y73.57
G1 F1500 X112.441 Y84.417 E1664.06772
G0 F9000 X112.427 Y83.865
G1 F1500 X123.371 Y72.921 E1664.58249
G0 F9000 X123.455 Y72.271
G1 F1500 X112.412 Y83.314 E1665.10192
G0 F9000 X112.398 Y82.763
G1 F1500 X123.54 Y71.621 E1665.626
G0 F9000 X123.624 Y70.971
G1 F1500 X112.384 Y82.211 E1666.1547
G0 F9000 X112.369 Y81.66
G1 F1500 X123.708 Y70.321 E1666.68805
G0 F9000 X123.792 Y69.671
G1 F1500 X112.332 Y81.132 E1667.22712
G0 F9000 X112.292 Y80.606
G1 F1500 X123.876 Y69.022 E1667.77199
G0 F9000 X123.96 Y68.372
G1 F1500 X112.251 Y80.081 E1668.32275
G0 F9000 X112.21 Y79.557
G1 F1500 X124.044 Y67.723 E1668.87938
G0 F9000 X124.128 Y67.073
G1 F1500 X112.169 Y79.031 E1669.44187
G0 F9000 X112.128 Y78.507
G1 F1500 X124.247 Y66.388 E1670.01191
G0 F9000 X124.373 Y65.696
G1 F1500 X112.088 Y77.981 E1670.58976
G0 F9000 X112.047 Y77.457
G1 F1500 X124.499 Y65.005 E1671.17547
G0 F9000 X124.625 Y64.313
G1 F1500 X112.006 Y76.932 E1671.76903
G0 F9000 X111.966 Y76.407
G1 F1500 X124.751 Y63.621 E1672.37042
G0 F9000 X124.877 Y62.93
G1 F1500 X111.925 Y75.882 E1672.97964
G0 F9000 X111.884 Y75.357
G1 F1500 X125.003 Y62.238 E1673.59672
G0 F9000 X125.129 Y61.546
G1 F1500 X111.843 Y74.832 E1674.22165
G0 F9000 X111.802 Y74.307
G1 F1500 X125.255 Y60.855 E1674.85441
G0 F9000 X125.381 Y60.163
G1 F1500 X111.741 Y73.802 E1675.49597
G0 F9000 X111.676 Y73.302
G1 F1500 X125.437 Y59.541 E1676.14325
G0 F9000 X125.437 Y58.975
G1 F1500 X111.611 Y72.801 E1676.79358
G0 F9000 X111.547 Y72.3
G1 F1500 X125.437 Y58.409 E1677.44695
G0 F9000 X125.437 Y57.844
G1 F1500 X111.482 Y71.799 E1678.10335
G0 F9000 X111.417 Y71.298
G1 F1500 X125.437 Y57.278 E1678.76281
G0 F9000 X125.437 Y56.712
G1 F1500 X111.352 Y70.798 E1679.42535
G0 F9000 X111.287 Y70.297
G1 F1500 X125.437 Y56.147 E1680.09092
G0 F9000 X125.437 Y55.581
G1 F1500 X111.222 Y69.796 E1680.75955
G0 F9000 X111.157 Y69.295
G1 F1500 X125.437 Y55.015 E1681.43124
G0 F9000 X125.437 Y54.45
G1 F1500 X111.092 Y68.795 E1682.10598
G0 F9000 X111.027 Y68.294
G1 F1500 X125.437 Y53.884 E1682.78378
G0 F9000 X125.437 Y53.318
G1 F1500 X110.962 Y67.793 E1683.46464
G0 F9000 X110.898 Y67.292
G1 F1500 X125.437 Y52.752 E1684.14854
G0 F9000 X125.437 Y52.187
G1 F1500 X110.826 Y66.798 E1684.83579
G0 F9000 X110.739 Y66.32
G1 F1500 X125.437 Y51.621 E1685.52716
G0 F9000 X125.437 Y51.055
G1 F1500 X110.651 Y65.842 E1686.22268
G0 F9000 X110.564 Y65.363
G1 F1500 X125.437 Y50.49 E1686.92226
G0 F9000 X125.437 Y49.924
G1 F1500 X110.476 Y64.885 E1687.62598
G0 F9000 X110.389 Y64.406
G1 F1500 X125.437 Y49.358 E1688.33379
G0 F9000 X125.437 Y48.793
G1 F1500 X110.303 Y63.928 E1689.04567
G0 F9000 X110.215 Y63.45
G1 F1500 X125.437 Y48.227 E1689.76169
G0 F9000 X125.437 Y47.661
G1 F1500 X110.128 Y62.971 E1690.4818
G0 F9000 X110.04 Y62.493
G1 F1500 X125.437 Y47.096 E1691.20603
G0 F9000 X125.437 Y46.53
G1 F1500 X109.953 Y62.014 E1691.93435
G0 F9000 X109.866 Y61.535
G1 F1500 X125.437 Y45.964 E1692.66676
G0 F9000 X125.437 Y45.399
G1 F1500 X109.779 Y61.057 E1693.40326
G0 F9000 X109.692 Y60.579
G1 F1500 X125.437 Y44.833 E1694.14388
G0 F9000 X125.437 Y44.267
G1 F1500 X109.605 Y60.1 E1694.8886
G0 F9000 X109.56 Y59.579
G1 F1500 X125.437 Y43.702 E1695.6354
G0 F9000 X125.437 Y43.136
G1 F1500 X109.56 Y59.013 E1696.38221
G0 F9000 X109.56 Y58.448
G1 F1500 X125.437 Y42.57 E1697.12904
G0 F9000 X125.437 Y42.004
G1 F1500 X109.56 Y57.882 E1697.87586
G0 F9000 X109.56 Y57.316
G1 F1500 X125.437 Y41.439 E1698.62267
G0 F9000 X125.437 Y40.873
G1 F1500 X109.56 Y56.75 E1699.36948
G0 F9000 X109.56 Y56.185
G1 F1500 X125.437 Y40.307 E1700.1163
G0 F9000 X125.437 Y39.742
G1 F1500 X109.56 Y55.619 E1700.86311
G0 F9000 X109.56 Y55.053
G1 F1500 X125.437 Y39.176 E1701.60992
G0 F9000 X125.437 Y38.61
G1 F1500 X109.56 Y54.488 E1702.35674
G0 F9000 X109.56 Y53.922
G1 F1500 X125.437 Y38.045 E1703.10355
G0 F9000 X125.437 Y37.479
G1 F1500 X109.56 Y53.356 E1703.85036
G0 F9000 X109.56 Y52.791
G1 F1500 X125.437 Y36.913 E1704.59718
G0 F9000 X125.225 Y36.56
G1 F1500 X109.56 Y52.225 E1705.33402
G0 F9000 X109.56 Y51.659
G1 F1500 X124.659 Y36.56 E1706.04423
G0 F9000 X124.093 Y36.56
G1 F1500 X109.56 Y51.094 E1706.72784
G0 F9000 X109.56 Y50.528
G1 F1500 X123.528 Y36.56 E1707.38485
G0 F9000 X122.962 Y36.56
G1 F1500 X109.56 Y49.962 E1708.01524
G0 F9000 X109.56 Y49.397
G1 F1500 X122.396 Y36.56 E1708.61903
G0 F9000 X121.83 Y36.56
G1 F1500 X109.56 Y48.831 E1709.1962
G0 F9000 X109.56 Y48.265
G1 F1500 X121.265 Y36.56 E1709.74676
G0 F9000 X120.699 Y36.56
G1 F1500 X109.56 Y47.7 E1710.27073
G0 F9000 X109.56 Y47.134
G1 F1500 X120.133 Y36.56 E1710.76808
G0 F9000 X119.568 Y36.56
G1 F1500 X109.56 Y46.568 E1711.23882
G0 F9000 X109.56 Y46.002
G1 F1500 X119.002 Y36.56 E1711.68295
G0 F9000 X118.436 Y36.56
G1 F1500 X109.56 Y45.437 E1712.10047
G0 F9000 X109.56 Y44.871
G1 F1500 X117.871 Y36.56 E1712.49139
G0 F9000 X117.305 Y36.56
G1 F1500 X109.56 Y44.305 E1712.85569
G0 F9000 X109.56 Y43.74
G1 F1500 X116.739 Y36.56 E1713.1934
G0 F9000 X116.174 Y36.56
G1 F1500 X109.56 Y43.174 E1713.5045
G0 F9000 X109.56 Y42.608
G1 F1500 X115.608 Y36.56 E1713.78898
G0 F9000 X115.042 Y36.56
G1 F1500 X109.56 Y42.043 E1714.04686
G0 F9000 X109.56 Y41.477
G1 F1500 X114.477 Y36.56 E1714.27814
G0 F9000 X113.911 Y36.56
G1 F1500 X109.56 Y40.911 E1714.4828
G0 F9000 X109.56 Y40.346
G1 F1500 X113.345 Y36.56 E1714.66085
G0 F9000 X112.779 Y36.56
G1 F1500 X109.56 Y39.78 E1714.81229
G0 F9000 X109.56 Y39.214
G1 F1500 X112.214 Y36.56 E1714.93713
G0 F9000 X111.648 Y36.56
G1 F1500 X109.56 Y38.649 E1715.03536
G0 F9000 X109.56 Y38.083
G1 F1500 X111.082 Y36.56 E1715.10698
G0 F9000 X110.517 Y36.56
G1 F1500 X109.56 Y37.517 E1715.15199
G0 F9000 X109.56 Y36.951
G1 F1500 X109.951 Y36.56 E1715.17038
G1 F2700 E1710.17038
;MESH:NONMESH
G0 F300 X109.951 Y36.56 Z1.8
G0 F9000 X109.951 Y36.1
G0 X109.172 Y36.172
G0 X109.162 Y59.896
G0 X111.083 Y74.337
G0 X111.65 Y81.659
G0 X111.839 Y88.99
G0 X111.839 Y146.01
G0 X111.65 Y153.341
G0 X111.083 Y160.663
G0 X110.14 Y167.947
G0 X109.149 Y173.192
G0 X109 Y199
;TIME_ELAPSED:2401.492422
;LAYER:8
;TYPE:WALL-INNER
;MESH:D638-22 Tensile.STL
G1 F2700 E1715.17038
G1 F1500 X126 Y199 E1715.7358
G1 X126 Y175.858 E1716.50551
G1 X126 Y175.089 E1716.53109
G1 X124.701 Y167.971 E1716.77174
G1 X123.754 Y160.654 E1717.01714
G1 X123.188 Y153.323 E1717.26169
G1 X123 Y146.027 E1717.50444
G1 X123 Y88.973 E1719.40206
G1 X123.19 Y81.624 E1719.64657
G1 X123.754 Y74.346 E1719.88937
G1 X124.701 Y67.027 E1720.13483
G1 X125.999 Y59.907 E1720.37554
G1 X126 Y36 E1721.17069
G1 X109 Y36 E1721.73611
G1 X109.001 Y59.911 E1722.5314
G1 X110.299 Y67.028 E1722.77201
G1 X111.246 Y74.345 E1723.01741
G1 X111.81 Y81.625 E1723.26027
G1 X112 Y88.973 E1723.50474
G1 X112 Y146.027 E1725.40237
G1 X111.812 Y153.324 E1725.64515
G1 X111.245 Y160.664 E1725.89
G1 X110.299 Y167.972 E1726.1351
G1 X109 Y175.093 E1726.37585
G1 X109 Y199 E1727.171
G1 F2700 E1722.171
G0 F9000 X125.828 Y198.828
G0 X125.839 Y175.105
G0 X124.797 Y167.931
G1 F2700 E1727.171
G0 F9000 X125.094 Y167.894
G1 F1500 X126.4 Y175.053 E1727.41304
G1 X126.4 Y175.858 E1727.43981
G1 X126.4 Y199.4 E1728.22283
G1 X108.6 Y199.4 E1728.81486
G1 X108.6 Y175.057 E1729.62451
G1 X109.906 Y167.896 E1729.86661
G1 X110.844 Y160.654 E1730.10949
G1 X111.411 Y153.345 E1730.35332
G1 X111.6 Y146.017 E1730.59713
G1 X111.6 Y88.983 E1732.49409
G1 X111.411 Y81.656 E1732.73787
G1 X110.847 Y74.376 E1732.98073
G1 X109.906 Y67.105 E1733.22458
G1 X108.601 Y59.947 E1733.46658
G1 X108.6 Y35.6 E1734.27637
G1 X126.4 Y35.6 E1734.8684
G1 X126.399 Y59.943 E1735.67805
G1 X125.094 Y67.104 E1735.92015
G1 X124.156 Y74.346 E1736.16303
G1 X123.589 Y81.655 E1736.40686
G1 X123.4 Y88.983 E1736.65067
G1 X123.4 Y146.017 E1738.54763
G1 X123.589 Y153.343 E1738.79137
G1 X124.156 Y160.654 E1739.03527
G1 X125.094 Y167.894 E1739.27808
G1 F2700 E1734.27808
G0 F9000 X124.797 Y167.931
G0 X126.198 Y175.072
G0 X126.082 Y199.082
G0 X108.47 Y199.53
G1 F2700 E1739.27808
G0 F9000 X108.2 Y199.8
;TYPE:WALL-OUTER
G1 F1500 X126.8 Y199.8 E1739.89672
G1 X126.8 Y175.858 E1740.69303
G1 X126.8 Y175.017 E1740.72101
G1 X125.491 Y167.842 E1740.96359
G1 X124.552 Y160.592 E1741.20674
G1 X123.988 Y153.302 E1741.44993
G1 X123.8 Y146.007 E1741.69264
G1 X123.8 Y88.993 E1743.58893
G1 X123.988 Y81.686 E1743.83205
G1 X124.553 Y74.398 E1744.07517
G1 X125.493 Y67.146 E1744.31839
G1 X126.799 Y59.979 E1744.5607
G1 X126.8 Y35.2 E1745.38485
G1 X108.2 Y35.2 E1746.00349
G1 X108.201 Y59.983 E1746.82777
G1 X109.509 Y67.157 E1747.07031
G1 X110.448 Y74.407 E1747.31346
G1 X111.012 Y81.697 E1747.55666
G1 X111.2 Y88.993 E1747.7994
G1 X111.2 Y146.007 E1749.69569
G1 X111.012 Y153.314 E1749.93881
G1 X110.447 Y160.602 E1750.18193
G1 X109.507 Y167.854 E1750.42515
G1 X108.2 Y175.021 E1750.66746
G1 X108.2 Y199.8 E1751.49161
G0 F9000 X108.47 Y199.53
G0 X109.1 Y198.64
G0 X109.36 Y198.64
;TYPE:SKIN
G1 F1500 X125.64 Y198.64 E1752.03309
G1 X125.64 Y175.858 E1752.79082
G1 X125.64 Y175.122 E1752.8153
G1 X124.341 Y168.004 E1753.05596
G1 X123.401 Y160.741 E1753.29954
G1 X122.831 Y153.391 E1753.54474
G1 X122.64 Y146.04 E1753.78931
G1 X122.64 Y88.961 E1755.68777
G1 X122.828 Y81.657 E1755.93078
G1 X123.402 Y74.247 E1756.17798
G1 X124.343 Y66.983 E1756.4216
G1 X125.639 Y59.872 E1756.66201
G1 X125.639 Y36.361 E1757.44399
G1 X109.361 Y36.361 E1757.98539
G1 X109.361 Y59.879 E1758.76761
G1 X110.659 Y66.995 E1759.00819
G1 X111.599 Y74.258 E1759.25177
G1 X112.169 Y81.606 E1759.4969
G1 X112.36 Y88.961 E1759.74161
G1 X112.36 Y146.04 E1761.64007
G1 X112.172 Y153.343 E1761.88305
G1 X111.598 Y160.752 E1762.13021
G1 X110.657 Y168.017 E1762.37386
G1 X109.36 Y175.128 E1762.61428
G1 X109.36 Y198.64 E1763.39629
G0 F9000 X109.559 Y198.372
G1 F1500 X109.626 Y198.438 E1763.39942
G0 F9000 X110.191 Y198.438
G1 F1500 X109.559 Y197.806 E1763.42915
G0 F9000 X109.559 Y197.241
G1 F1500 X110.757 Y198.438 E1763.48547
G0 F9000 X111.323 Y198.438
G1 F1500 X109.559 Y196.675 E1763.56842
G0 F9000 X109.559 Y196.109
G1 F1500 X111.889 Y198.438 E1763.678
G0 F9000 X112.454 Y198.438
G1 F1500 X109.559 Y195.544 E1763.81414
G0 F9000 X109.559 Y194.978
G1 F1500 X113.02 Y198.438 E1763.97692
G0 F9000 X113.586 Y198.438
G1 F1500 X109.559 Y194.412 E1764.16631
G0 F9000 X109.559 Y193.846
G1 F1500 X114.151 Y198.438 E1764.3823
G0 F9000 X114.717 Y198.438
G1 F1500 X109.559 Y193.281 E1764.6249
G0 F9000 X109.559 Y192.715
G1 F1500 X115.283 Y198.438 E1764.89411
G0 F9000 X115.848 Y198.438
G1 F1500 X109.559 Y192.149 E1765.18993
G0 F9000 X109.559 Y191.584
G1 F1500 X116.414 Y198.438 E1765.51234
G0 F9000 X116.98 Y198.438
G1 F1500 X109.559 Y191.018 E1765.86138
G0 F9000 X109.559 Y190.452
G1 F1500 X117.545 Y198.438 E1766.23702
G0 F9000 X118.111 Y198.438
G1 F1500 X109.559 Y189.887 E1766.63925
G0 F9000 X109.559 Y189.321
G1 F1500 X118.677 Y198.438 E1767.06811
G0 F9000 X119.242 Y198.438
G1 F1500 X109.559 Y188.755 E1767.52357
G0 F9000 X109.559 Y188.19
G1 F1500 X119.808 Y198.438 E1768.00563
G0 F9000 X120.374 Y198.438
G1 F1500 X109.559 Y187.624 E1768.51431
G0 F9000 X109.559 Y187.058
G1 F1500 X120.94 Y198.438 E1769.04961
G0 F9000 X121.505 Y198.438
G1 F1500 X109.559 Y186.493 E1769.61149
G0 F9000 X109.559 Y185.927
G1 F1500 X122.071 Y198.438 E1770.2
G0 F9000 X122.637 Y198.438
G1 F1500 X109.559 Y185.361 E1770.81512
G0 F9000 X109.559 Y184.795
G1 F1500 X123.202 Y198.438 E1771.45685
G0 F9000 X123.768 Y198.438
G1 F1500 X109.559 Y184.23 E1772.12517
G0 F9000 X109.559 Y183.664
G1 F1500 X124.334 Y198.438 E1772.82012
G0 F9000 X124.899 Y198.438
G1 F1500 X109.559 Y183.098 E1773.54166
G0 F9000 X109.559 Y182.533
G1 F1500 X125.44 Y198.413 E1774.28863
G0 F9000 X125.44 Y197.847
G1 F1500 X109.559 Y181.967 E1775.0356
G0 F9000 X109.559 Y181.401
G1 F1500 X125.44 Y197.282 E1775.7826
G0 F9000 X125.44 Y196.716
G1 F1500 X109.559 Y180.836 E1776.52957
G0 F9000 X109.559 Y180.27
G1 F1500 X125.44 Y196.15 E1777.27654
G0 F9000 X125.44 Y195.585
G1 F1500 X109.559 Y179.704 E1778.02353
G0 F9000 X109.559 Y179.139
G1 F1500 X125.44 Y195.019 E1778.7705
G0 F9000 X125.44 Y194.453
G1 F1500 X109.559 Y178.573 E1779.51747
G0 F9000 X109.559 Y178.007
G1 F1500 X125.44 Y193.887 E1780.26444
G0 F9000 X125.44 Y193.322
G1 F1500 X109.559 Y177.442 E1781.01141
G0 F9000 X109.559 Y176.876
G1 F1500 X125.44 Y192.756 E1781.75838
G0 F9000 X125.44 Y192.19
G1 F1500 X109.559 Y176.31 E1782.50535
G0 F9000 X109.559 Y175.745
G1 F1500 X125.44 Y191.625 E1783.25232
G0 F9000 X125.44 Y191.059
G1 F1500 X109.559 Y175.179 E1783.99929
G0 F9000 X109.641 Y174.695
G1 F1500 X125.44 Y190.493 E1784.7424
G0 F9000 X125.44 Y189.928
G1 F1500 X109.728 Y174.216 E1785.48145
G0 F9000 X109.815 Y173.738
G1 F1500 X125.44 Y189.362 E1786.21638
G0 F9000 X125.44 Y188.796
G1 F1500 X109.903 Y173.26 E1786.94717
G0 F9000 X109.99 Y172.781
G1 F1500 X125.44 Y188.231 E1787.67389
G0 F9000 X125.44 Y187.665
G1 F1500 X110.078 Y172.303 E1788.39647
G0 F9000 X110.165 Y171.824
G1 F1500 X125.44 Y187.099 E1789.11496
G0 F9000 X125.44 Y186.534
G1 F1500 X110.252 Y171.346 E1789.82936
G0 F9000 X110.339 Y170.868
G1 F1500 X125.44 Y185.968 E1790.53964
G0 F9000 X125.44 Y185.402
G1 F1500 X110.426 Y170.389 E1791.24583
G0 F9000 X110.514 Y169.911
G1 F1500 X125.44 Y184.837 E1791.9479
G0 F9000 X125.44 Y184.271
G1 F1500 X110.601 Y169.432 E1792.64588
G0 F9000 X110.689 Y168.954
G1 F1500 X125.44 Y183.705 E1793.33972
G0 F9000 X125.44 Y183.139
G1 F1500 X110.776 Y168.475 E1794.02947
G0 F9000 X110.861 Y167.995
G1 F1500 X125.44 Y182.574 E1794.71522
G0 F9000 X125.44 Y182.008
G1 F1500 X110.926 Y167.495 E1795.39789
G0 F9000 X110.991 Y166.993
G1 F1500 X125.44 Y181.442 E1796.07753
G0 F9000 X125.44 Y180.877
G1 F1500 X111.056 Y166.493 E1796.75411
G0 F9000 X111.12 Y165.991
G1 F1500 X125.44 Y180.311 E1797.42768
G0 F9000 X125.44 Y179.745
G1 F1500 X111.185 Y165.491 E1798.09817
G0 F9000 X111.25 Y164.99
G1 F1500 X125.44 Y179.18 E1798.76562
G0 F9000 X125.44 Y178.614
G1 F1500 X111.314 Y164.489 E1799.43004
G0 F9000 X111.379 Y163.988
G1 F1500 X125.44 Y178.048 E1800.0914
G0 F9000 X125.44 Y177.483
G1 F1500 X111.444 Y163.487 E1800.74973
G0 F9000 X111.509 Y162.986
G1 F1500 X125.44 Y176.917 E1801.405
G0 F9000 X125.44 Y176.351
G1 F1500 X111.573 Y162.485 E1802.05724
G0 F9000 X111.638 Y161.984
G1 F1500 X125.44 Y175.786 E1802.70644
G0 F9000 X125.44 Y175.22
G1 F1500 X111.703 Y161.484 E1803.35257
G0 F9000 X111.768 Y160.982
G1 F1500 X125.331 Y174.546 E1803.99055
G0 F9000 X125.205 Y173.854
G1 F1500 X111.819 Y160.468 E1804.62019
G0 F9000 X111.86 Y159.943
G1 F1500 X125.079 Y173.162 E1805.24197
G0 F9000 X124.953 Y172.471
G1 F1500 X111.901 Y159.418 E1805.85592
G0 F9000 X111.941 Y158.893
G1 F1500 X124.826 Y171.778 E1806.46199
G0 F9000 X124.7 Y171.086
G1 F1500 X111.982 Y158.368 E1807.06021
G0 F9000 X112.022 Y157.843
G1 F1500 X124.574 Y170.395 E1807.65061
G0 F9000 X124.447 Y169.702
G1 F1500 X112.063 Y157.318 E1808.23312
G0 F9000 X112.104 Y156.793
G1 F1500 X124.322 Y169.011 E1808.80782
G0 F9000 X124.195 Y168.318
G1 F1500 X112.145 Y156.268 E1809.37461
G0 F9000 X112.185 Y155.743
G1 F1500 X124.095 Y167.652 E1809.9348
G0 F9000 X124.01 Y167.003
G1 F1500 X112.226 Y155.218 E1810.48911
G0 F9000 X112.266 Y154.693
G1 F1500 X123.926 Y166.353 E1811.03756
G0 F9000 X123.841 Y165.702
G1 F1500 X112.307 Y154.168 E1811.58008
G0 F9000 X112.347 Y153.642
G1 F1500 X123.757 Y165.052 E1812.11677
G0 F9000 X123.673 Y164.403
G1 F1500 X112.377 Y153.107 E1812.6481
G0 F9000 X112.391 Y152.555
G1 F1500 X123.589 Y163.753 E1813.17482
G0 F9000 X123.505 Y163.103
G1 F1500 X112.405 Y152.003 E1813.69693
G0 F9000 X112.42 Y151.452
G1 F1500 X123.421 Y162.453 E1814.21438
G0 F9000 X123.337 Y161.803
G1 F1500 X112.434 Y150.9 E1814.72723
G0 F9000 X112.448 Y150.349
G1 F1500 X123.252 Y161.153 E1815.23541
G0 F9000 X123.183 Y160.518
G1 F1500 X112.463 Y149.798 E1815.73965
G0 F9000 X112.477 Y149.246
G1 F1500 X123.136 Y159.905 E1816.24102
G0 F9000 X123.088 Y159.292
G1 F1500 X112.491 Y148.695 E1816.73947
G0 F9000 X112.505 Y148.143
G1 F1500 X123.04 Y158.679 E1817.23502
G0 F9000 X122.993 Y158.065
G1 F1500 X112.519 Y147.592 E1817.72767
G0 F9000 X112.533 Y147.04
G1 F1500 X122.946 Y157.452 E1818.21744
G0 F9000 X122.897 Y156.839
G1 F1500 X112.548 Y146.489 E1818.70425
G0 F9000 X112.559 Y145.934
G1 F1500 X122.85 Y156.226 E1819.18833
G0 F9000 X122.803 Y155.612
G1 F1500 X112.559 Y145.369 E1819.67015
G0 F9000 X112.559 Y144.803
G1 F1500 X122.755 Y154.999 E1820.14974
G0 F9000 X122.707 Y154.386
G1 F1500 X112.559 Y144.237 E1820.62709
G0 F9000 X112.559 Y143.672
G1 F1500 X122.66 Y153.773 E1821.10221
G0 F9000 X122.626 Y153.173
G1 F1500 X112.559 Y143.106 E1821.57573
G0 F9000 X112.559 Y142.54
G1 F1500 X122.61 Y152.592 E1822.04853
G0 F9000 X122.596 Y152.011
G1 F1500 X112.559 Y141.975 E1822.52061
G0 F9000 X112.559 Y141.409
G1 F1500 X122.58 Y151.43 E1822.99197
G0 F9000 X122.565 Y150.849
G1 F1500 X112.559 Y140.843 E1823.46262
G0 F9000 X112.559 Y140.277
G1 F1500 X122.55 Y150.268 E1823.93257
G0 F9000 X122.535 Y149.688
G1 F1500 X112.559 Y139.712 E1824.40181
G0 F9000 X112.559 Y139.146
G1 F1500 X122.52 Y149.107 E1824.87034
G0 F9000 X122.504 Y148.526
G1 F1500 X112.559 Y138.58 E1825.33815
G0 F9000 X112.559 Y138.015
G1 F1500 X122.489 Y147.945 E1825.80522
G0 F9000 X122.474 Y147.364
G1 F1500 X112.559 Y137.449 E1826.2716
G0 F9000 X112.559 Y136.883
G1 F1500 X122.459 Y146.784 E1826.73729
G0 F9000 X122.444 Y146.202
G1 F1500 X112.559 Y136.318 E1827.20222
G0 F9000 X112.559 Y135.752
G1 F1500 X122.439 Y145.632 E1827.66695
G0 F9000 X122.439 Y145.067
G1 F1500 X112.559 Y135.186 E1828.1317
G0 F9000 X112.559 Y134.621
G1 F1500 X122.439 Y144.501 E1828.59642
G0 F9000 X122.439 Y143.935
G1 F1500 X112.559 Y134.055 E1829.06115
G0 F9000 X112.559 Y133.489
G1 F1500 X122.439 Y143.37 E1829.52589
G0 F9000 X122.439 Y142.804
G1 F1500 X112.559 Y132.924 E1829.99062
G0 F9000 X112.559 Y132.358
G1 F1500 X122.439 Y142.238 E1830.45534
G0 F9000 X122.439 Y141.673
G1 F1500 X112.559 Y131.792 E1830.92009
G0 F9000 X112.559 Y131.226
G1 F1500 X122.439 Y141.107 E1831.38484
G0 F9000 X122.439 Y140.541
G1 F1500 X112.559 Y130.661 E1831.84957
G0 F9000 X112.559 Y130.095
G1 F1500 X122.439 Y139.976 E1832.31431
G0 F9000 X122.439 Y139.41
G1 F1500 X112.559 Y129.529 E1832.77906
G0 F9000 X112.559 Y128.964
G1 F1500 X122.439 Y138.844 E1833.24379
G0 F9000 X122.439 Y138.278
G1 F1500 X112.559 Y128.398 E1833.70851
G0 F9000 X112.559 Y127.832
G1 F1500 X122.439 Y137.713 E1834.17326
G0 F9000 X122.439 Y137.147
G1 F1500 X112.559 Y127.267 E1834.63799
G0 F9000 X112.559 Y126.701
G1 F1500 X122.439 Y136.581 E1835.10271
G0 F9000 X122.439 Y136.016
G1 F1500 X112.559 Y126.135 E1835.56746
G0 F9000 X112.559 Y125.57
G1 F1500 X122.439 Y135.45 E1836.03218
G0 F9000 X122.439 Y134.884
G1 F1500 X112.559 Y125.004 E1836.49691
G0 F9000 X112.559 Y124.438
G1 F1500 X122.439 Y134.319 E1836.96166
G0 F9000 X122.439 Y133.753
G1 F1500 X112.559 Y123.873 E1837.42638
G0 F9000 X112.559 Y123.307
G1 F1500 X122.439 Y133.187 E1837.89111
G0 F9000 X122.439 Y132.622
G1 F1500 X112.559 Y122.741 E1838.35585
G0 F9000 X112.559 Y122.176
G1 F1500 X122.439 Y132.056 E1838.82058
G0 F9000 X122.439 Y131.49
G1 F1500 X112.559 Y121.61 E1839.2853
G0 F9000 X112.559 Y121.044
G1 F1500 X122.439 Y130.925 E1839.75005
G0 F9000 X122.439 Y130.359
G1 F1500 X112.559 Y120.478 E1840.2148
G0 F9000 X112.559 Y119.913
G1 F1500 X122.439 Y129.793 E1840.67953
G0 F9000 X122.439 Y129.228
G1 F1500 X112.559 Y119.347 E1841.14427
G0 F9000 X112.559 Y118.781
G1 F1500 X122.439 Y128.662 E1841.60902
G0 F9000 X122.439 Y128.096
G1 F1500 X112.559 Y118.216 E1842.07375
G0 F9000 X112.559 Y117.65
G1 F1500 X122.439 Y127.53 E1842.53847
G0 F9000 X122.439 Y126.965
G1 F1500 X112.559 Y117.084 E1843.00322
G0 F9000 X112.559 Y116.519
G1 F1500 X122.439 Y126.399 E1843.46795
G0 F9000 X122.439 Y125.833
G1 F1500 X112.559 Y115.953 E1843.93267
G0 F9000 X112.559 Y115.387
G1 F1500 X122.439 Y125.268 E1844.39742
G0 F9000 X122.439 Y124.702
G1 F1500 X112.559 Y114.822 E1844.86214
G0 F9000 X112.559 Y114.256
G1 F1500 X122.439 Y124.136 E1845.32687
G0 F9000 X122.439 Y123.571
G1 F1500 X112.559 Y113.69 E1845.79162
G0 F9000 X112.559 Y113.125
G1 F1500 X122.439 Y123.005 E1846.25634
G0 F9000 X122.439 Y122.439
G1 F1500 X112.559 Y112.559 E1846.72107
G0 F9000 X112.559 Y111.993
G1 F1500 X122.439 Y121.874 E1847.18582
G0 F9000 X122.439 Y121.308
G1 F1500 X112.559 Y111.428 E1847.65054
G0 F9000 X112.559 Y110.862
G1 F1500 X122.439 Y120.742 E1848.11527
G0 F9000 X122.439 Y120.177
G1 F1500 X112.559 Y110.296 E1848.58001
G0 F9000 X112.559 Y109.73
G1 F1500 X122.439 Y119.611 E1849.04476
G0 F9000 X122.439 Y119.045
G1 F1500 X112.559 Y109.165 E1849.50949
G0 F9000 X112.559 Y108.599
G1 F1500 X122.439 Y118.479 E1849.97421
G0 F9000 X122.439 Y117.914
G1 F1500 X112.559 Y108.033 E1850.43896
G0 F9000 X112.559 Y107.468
G1 F1500 X122.439 Y117.348 E1850.90369
G0 F9000 X122.439 Y116.782
G1 F1500 X112.559 Y106.902 E1851.36841
G0 F9000 X112.559 Y106.336
G1 F1500 X122.439 Y116.217 E1851.83316
G0 F9000 X122.439 Y115.651
G1 F1500 X112.559 Y105.771 E1852.29788
G0 F9000 X112.559 Y105.205
G1 F1500 X122.439 Y115.085 E1852.76261
G0 F9000 X122.439 Y114.52
G1 F1500 X112.559 Y104.639 E1853.22736
G0 F9000 X112.559 Y104.074
G1 F1500 X122.439 Y113.954 E1853.69208
G0 F9000 X122.439 Y113.388
G1 F1500 X112.559 Y103.508 E1854.15681
G0 F9000 X112.559 Y102.942
G1 F1500 X122.439 Y112.823 E1854.62156
G0 F9000 X122.439 Y112.257
G1 F1500 X112.559 Y102.377 E1855.08628
G0 F9000 X112.559 Y101.811
G1 F1500 X122.439 Y111.691 E1855.55101
G0 F9000 X122.439 Y111.126
G1 F1500 X112.559 Y101.245 E1856.01575
G0 F9000 X112.559 Y100.679
G1 F1500 X122.439 Y110.56 E1856.4805
G0 F9000 X122.439 Y109.994
G1 F1500 X112.559 Y100.114 E1856.94523
G0 F9000 X112.559 Y99.548
G1 F1500 X122.439 Y109.429 E1857.40998
G0 F9000 X122.439 Y108.863
G1 F1500 X112.559 Y98.982 E1857.87472
G0 F9000 X112.559 Y98.417
G1 F1500 X122.439 Y108.297 E1858.33945
G0 F9000 X122.439 Y107.731
G1 F1500 X112.559 Y97.851 E1858.80417
G0 F9000 X112.559 Y97.285
G1 F1500 X122.439 Y107.166 E1859.26892
G0 F9000 X122.439 Y106.6
G1 F1500 X112.559 Y96.72 E1859.73365
G0 F9000 X112.559 Y96.154
G1 F1500 X122.439 Y106.034 E1860.19837
G0 F9000 X122.439 Y105.469
G1 F1500 X112.559 Y95.588 E1860.66312
G0 F9000 X112.559 Y95.023
G1 F1500 X122.439 Y104.903 E1861.12785
G0 F9000 X122.439 Y104.337
G1 F1500 X112.559 Y94.457 E1861.59257
G0 F9000 X112.559 Y93.891
G1 F1500 X122.439 Y103.772 E1862.05732
G0 F9000 X122.439 Y103.206
G1 F1500 X112.559 Y93.326 E1862.52204
G0 F9000 X112.559 Y92.76
G1 F1500 X122.439 Y102.64 E1862.98677
G0 F9000 X122.439 Y102.075
G1 F1500 X112.559 Y92.194 E1863.45152
G0 F9000 X112.559 Y91.629
G1 F1500 X122.439 Y101.509 E1863.91624
G0 F9000 X122.439 Y100.943
G1 F1500 X112.559 Y91.063 E1864.38097
G0 F9000 X112.559 Y90.497
G1 F1500 X122.439 Y100.378 E1864.84572
G0 F9000 X122.439 Y99.812
G1 F1500 X112.559 Y89.931 E1865.31046
G0 F9000 X112.559 Y89.366
G1 F1500 X122.439 Y99.246 E1865.77519
G0 F9000 X122.439 Y98.68
G1 F1500 X112.555 Y88.796 E1866.2401
G0 F9000 X112.539 Y88.215
G1 F1500 X122.439 Y98.115 E1866.70577
G0 F9000 X122.439 Y97.549
G1 F1500 X112.524 Y87.634 E1867.17214
G0 F9000 X112.509 Y87.053
G1 F1500 X122.439 Y96.983 E1867.63922
G0 F9000 X122.439 Y96.418
G1 F1500 X112.494 Y86.472 E1868.10702
G0 F9000 X112.479 Y85.892
G1 F1500 X122.439 Y95.852 E1868.57551
G0 F9000 X122.439 Y95.286
G1 F1500 X112.463 Y85.311 E1869.04473
G0 F9000 X112.449 Y84.73
G1 F1500 X122.439 Y94.721 E1869.51465
G0 F9000 X122.439 Y94.155
G1 F1500 X112.433 Y84.149 E1869.9853
G0 F9000 X112.418 Y83.568
G1 F1500 X122.439 Y93.589 E1870.45666
G0 F9000 X122.439 Y93.024
G1 F1500 X112.403 Y82.987 E1870.92874
G0 F9000 X112.388 Y82.406
G1 F1500 X122.439 Y92.458 E1871.40154
G0 F9000 X122.439 Y91.892
G1 F1500 X112.373 Y81.826 E1871.87501
G0 F9000 X112.339 Y81.226
G1 F1500 X122.439 Y91.327 E1872.35011
G0 F9000 X122.439 Y90.761
G1 F1500 X112.291 Y80.613 E1872.82744
G0 F9000 X112.244 Y79.999
G1 F1500 X122.439 Y90.195 E1873.307
G0 F9000 X122.439 Y89.63
G1 F1500 X112.196 Y79.386 E1873.78882
G0 F9000 X112.148 Y78.773
G1 F1500 X122.439 Y89.064 E1874.27288
G0 F9000 X122.451 Y88.509
G1 F1500 X112.101 Y78.16 E1874.75969
G0 F9000 X112.053 Y77.546
G1 F1500 X122.465 Y87.958 E1875.24944
G0 F9000 X122.479 Y87.406
G1 F1500 X112.005 Y76.933 E1875.74208
G0 F9000 X111.958 Y76.32
G1 F1500 X122.493 Y86.855 E1876.23761
G0 F9000 X122.507 Y86.303
G1 F1500 X111.91 Y75.707 E1876.73604
G0 F9000 X111.862 Y75.093
G1 F1500 X122.521 Y85.752 E1877.23741
G0 F9000 X122.535 Y85.2
G1 F1500 X111.815 Y74.48 E1877.74164
G0 F9000 X111.746 Y73.845
G1 F1500 X122.55 Y84.649 E1878.24983
G0 F9000 X122.564 Y84.098
G1 F1500 X111.662 Y73.196 E1878.76263
G0 F9000 X111.578 Y72.546
G1 F1500 X122.579 Y83.546 E1879.28006
G0 F9000 X122.593 Y82.995
G1 F1500 X111.494 Y71.896 E1879.80212
G0 F9000 X111.409 Y71.245
G1 F1500 X122.607 Y82.443 E1880.32884
G0 F9000 X122.621 Y81.892
G1 F1500 X111.325 Y70.596 E1880.86017
G0 F9000 X111.241 Y69.946
G1 F1500 X122.651 Y81.356 E1881.39686
G0 F9000 X122.691 Y80.83
G1 F1500 X111.157 Y69.296 E1881.93938
G0 F9000 X111.073 Y68.646
G1 F1500 X122.732 Y80.306 E1882.48781
G0 F9000 X122.772 Y79.78
G1 F1500 X110.988 Y67.996 E1883.04209
G0 F9000 X110.904 Y67.346
G1 F1500 X122.813 Y79.256 E1883.60228
G0 F9000 X122.854 Y78.73
G1 F1500 X110.803 Y66.68 E1884.1691
G0 F9000 X110.677 Y65.988
G1 F1500 X122.895 Y78.206 E1884.7438
G0 F9000 X122.935 Y77.68
G1 F1500 X110.551 Y65.297 E1885.32628
G0 F9000 X110.425 Y64.604
G1 F1500 X122.976 Y77.155 E1885.91664
G0 F9000 X123.016 Y76.63
G1 F1500 X110.299 Y63.913 E1886.51481
G0 F9000 X110.172 Y63.221
G1 F1500 X123.057 Y76.105 E1887.12086
G0 F9000 X123.098 Y75.58
G1 F1500 X110.047 Y62.529 E1887.73473
G0 F9000 X109.92 Y61.837
G1 F1500 X123.139 Y75.055 E1888.35649
G0 F9000 X123.179 Y74.53
G1 F1500 X109.794 Y61.145 E1888.98608
G0 F9000 X109.668 Y60.454
G1 F1500 X123.231 Y74.016 E1889.62402
G0 F9000 X123.296 Y73.515
G1 F1500 X109.559 Y59.779 E1890.27014
G0 F9000 X109.559 Y59.213
G1 F1500 X123.36 Y73.014 E1890.9193
G0 F9000 X123.425 Y72.513
G1 F1500 X109.559 Y58.648 E1891.57149
G0 F9000 X109.559 Y58.082
G1 F1500 X123.49 Y72.013 E1892.22676
G0 F9000 X123.554 Y71.511
G1 F1500 X109.559 Y57.516 E1892.88504
G0 F9000 X109.559 Y56.951
G1 F1500 X123.619 Y71.011 E1893.54638
G0 F9000 X123.684 Y70.509
G1 F1500 X109.559 Y56.385 E1894.21076
G0 F9000 X109.559 Y55.819
G1 F1500 X123.749 Y70.009 E1894.87821
G0 F9000 X123.814 Y69.508
G1 F1500 X109.559 Y55.254 E1895.5487
G0 F9000 X109.559 Y54.688
G1 F1500 X123.878 Y69.007 E1896.22222
G0 F9000 X123.943 Y68.506
G1 F1500 X109.559 Y54.122 E1896.8988
G0 F9000 X109.559 Y53.556
G1 F1500 X124.008 Y68.005 E1897.57844
G0 F9000 X124.073 Y67.504
G1 F1500 X109.559 Y52.991 E1898.26111
G0 F9000 X109.559 Y52.425
G1 F1500 X124.138 Y67.004 E1898.94686
G0 F9000 X124.223 Y66.523
G1 F1500 X109.559 Y51.859 E1899.63661
G0 F9000 X109.559 Y51.294
G1 F1500 X124.31 Y66.045 E1900.33045
G0 F9000 X124.397 Y65.566
G1 F1500 X109.559 Y50.728 E1901.02838
G0 F9000 X109.559 Y50.162
G1 F1500 X124.485 Y65.088 E1901.73046
G0 F9000 X124.572 Y64.609
G1 F1500 X109.559 Y49.597 E1902.4366
G0 F9000 X109.559 Y49.031
G1 F1500 X124.659 Y64.131 E1903.14686
G0 F9000 X124.746 Y63.652
G1 F1500 X109.559 Y48.465 E1903.86121
G0 F9000 X109.559 Y47.9
G1 F1500 X124.834 Y63.174 E1904.57967
G0 F9000 X124.921 Y62.695
G1 F1500 X109.559 Y47.334 E1905.30223
G0 F9000 X109.559 Y46.768
G1 F1500 X125.007 Y62.216 E1906.02886
G0 F9000 X125.094 Y61.738
G1 F1500 X109.559 Y46.203 E1906.75957
G0 F9000 X109.559 Y45.637
G1 F1500 X125.181 Y61.259 E1907.49439
G0 F9000 X125.269 Y60.781
G1 F1500 X109.559 Y45.071 E1908.23334
G0 F9000 X109.559 Y44.506
G1 F1500 X125.356 Y60.302 E1908.97636
G0 F9000 X125.438 Y59.819
G1 F1500 X109.559 Y43.94 E1909.72325
G0 F9000 X109.559 Y43.374
G1 F1500 X125.438 Y59.253 E1910.47015
G0 F9000 X125.438 Y58.687
G1 F1500 X109.559 Y42.808 E1911.21705
G0 F9000 X109.559 Y42.243
G1 F1500 X125.438 Y58.122 E1911.96395
G0 F9000 X125.438 Y57.556
G1 F1500 X109.559 Y41.677 E1912.71085
G0 F9000 X109.559 Y41.111
G1 F1500 X125.438 Y56.99 E1913.45775
G0 F9000 X125.438 Y56.424
G1 F1500 X109.559 Y40.546 E1914.20463
G0 F9000 X109.559 Y39.98
G1 F1500 X125.438 Y55.859 E1914.95153
G0 F9000 X125.438 Y55.293
G1 F1500 X109.559 Y39.414 E1915.69843
G0 F9000 X109.559 Y38.849
G1 F1500 X125.438 Y54.727 E1916.4453
G0 F9000 X125.438 Y54.162
G1 F1500 X109.559 Y38.283 E1917.1922
G0 F9000 X109.559 Y37.717
G1 F1500 X125.438 Y53.596 E1917.9391
G0 F9000 X125.438 Y53.03
G1 F1500 X109.559 Y37.152 E1918.68598
G0 F9000 X109.559 Y36.586
G1 F1500 X125.438 Y52.465 E1919.43288
G0 F9000 X125.438 Y51.899
G1 F1500 X110.1 Y36.56 E1920.15435
G0 F9000 X110.665 Y36.56
G1 F1500 X125.438 Y51.333 E1920.84923
G0 F9000 X125.438 Y50.768
G1 F1500 X111.231 Y36.56 E1921.51751
G0 F9000 X111.797 Y36.56
G1 F1500 X125.438 Y50.202 E1922.15916
G0 F9000 X125.438 Y49.636
G1 F1500 X112.362 Y36.56 E1922.77422
G0 F9000 X112.928 Y36.56
G1 F1500 X125.438 Y49.071 E1923.36267
G0 F9000 X125.438 Y48.505
G1 F1500 X113.494 Y36.56 E1923.9245
G0 F9000 X114.059 Y36.56
G1 F1500 X125.438 Y47.939 E1924.45974
G0 F9000 X125.438 Y47.374
G1 F1500 X114.625 Y36.56 E1924.96837
G0 F9000 X115.191 Y36.56
G1 F1500 X125.438 Y46.808 E1925.45038
G0 F9000 X125.438 Y46.242
G1 F1500 X115.756 Y36.56 E1925.90579
G0 F9000 X116.322 Y36.56
G1 F1500 X125.438 Y45.676 E1926.33458
G0 F9000 X125.438 Y45.111
G1 F1500 X116.888 Y36.56 E1926.73677
G0 F9000 X117.453 Y36.56
G1 F1500 X125.438 Y44.545 E1927.11236
G0 F9000 X125.438 Y43.979
G1 F1500 X118.019 Y36.56 E1927.46133
G0 F9000 X118.585 Y36.56
G1 F1500 X125.438 Y43.414 E1927.7837
G0 F9000 X125.438 Y42.848
G1 F1500 X119.151 Y36.56 E1928.07944
G0 F9000 X119.716 Y36.56
G1 F1500 X125.438 Y42.282 E1928.34859
G0 F9000 X125.438 Y41.717
G1 F1500 X120.282 Y36.56 E1928.59113
G0 F9000 X120.848 Y36.56
G1 F1500 X125.438 Y41.151 E1928.80706
G0 F9000 X125.438 Y40.585
G1 F1500 X121.413 Y36.56 E1928.99638
G0 F9000 X121.979 Y36.56
G1 F1500 X125.438 Y40.02 E1929.1591
G0 F9000 X125.438 Y39.454
G1 F1500 X122.545 Y36.56 E1929.29521
G0 F9000 X123.11 Y36.56
G1 F1500 X125.438 Y38.888 E1929.40471
G0 F9000 X125.438 Y38.323
G1 F1500 X123.676 Y36.56 E1929.48761
G0 F9000 X124.242 Y36.56
G1 F1500 X125.438 Y37.757 E1929.54389
G0 F9000 X125.438 Y37.191
G1 F1500 X124.807 Y36.56 E1929.57357
G0 F9000 X125.373 Y36.56
G1 F1500 X125.438 Y36.626 E1929.57665
G1 F2700 E1924.57665
;MESH:NONMESH
G0 F300 X125.438 Y36.626 Z2
G0 F9000 X125.9 Y36.626
G0 X125.838 Y59.892
G0 X123.917 Y74.337
G0 X123.35 Y81.659
G0 X123.161 Y88.99
G0 X123.161 Y146.01
G0 X123.35 Y153.341
G0 X123.809 Y159.271
G0 X124.701 Y167.971
;TIME_ELAPSED:2689.452957
;LAYER:9
;TYPE:WALL-INNER
;MESH:D638-22 Tensile.STL
G1 F2700 E1929.57665
G1 F1500 X126 Y175.089 E1929.81731
G1 X126 Y175.858 E1929.84288
G1 X126 Y199 E1930.61259
G1 X109 Y199 E1931.17801
G1 X109 Y175.093 E1931.97316
G1 X110.299 Y167.972 E1932.21392
G1 X111.245 Y160.664 E1932.45901
G1 X111.812 Y153.324 E1932.70387
G1 X112 Y146.027 E1932.94665
G1 X112 Y88.973 E1934.84427
G1 X111.81 Y81.625 E1935.08875
G1 X111.246 Y74.345 E1935.33161
G1 X110.299 Y67.028 E1935.577
G1 X109.001 Y59.911 E1935.81762
G1 X109 Y36 E1936.6129
G1 X126 Y36 E1937.17832
G1 X125.999 Y59.907 E1937.97347
G1 X124.701 Y67.027 E1938.21419
G1 X123.754 Y74.346 E1938.45965
G1 X123.19 Y81.624 E1938.70244
G1 X123 Y88.973 E1938.94695
G1 X123 Y146.027 E1940.84457
G1 X123.188 Y153.323 E1941.08732
G1 X123.754 Y160.654 E1941.33188
G1 X124.701 Y167.971 E1941.57727
G1 F2700 E1936.57727
G0 F9000 X125.839 Y175.105
G0 X125.828 Y198.828
G0 X108.87 Y199.13
G1 F2700 E1941.57727
G0 F9000 X108.6 Y199.4
G1 F1500 X126.4 Y199.4 E1942.1693
G1 X126.4 Y175.858 E1942.95231
G1 X126.4 Y175.053 E1942.97909
G1 X125.094 Y167.894 E1943.22113
G1 X124.156 Y160.654 E1943.46394
G1 X123.589 Y153.343 E1943.70784
G1 X123.4 Y146.017 E1943.95158
G1 X123.4 Y88.983 E1945.84854
G1 X123.589 Y81.655 E1946.09235
G1 X124.156 Y74.346 E1946.33618
G1 X125.094 Y67.104 E1946.57906
G1 X126.399 Y59.943 E1946.82116
G1 X126.4 Y35.6 E1947.63081
G1 X108.6 Y35.6 E1948.22284
G1 X108.601 Y59.947 E1949.03263
G1 X109.906 Y67.105 E1949.27463
G1 X110.847 Y74.376 E1949.51848
G1 X111.411 Y81.656 E1949.76134
G1 X111.6 Y88.983 E1950.00512
G1 X111.6 Y146.017 E1951.90207
G1 X111.411 Y153.345 E1952.14589
G1 X110.844 Y160.654 E1952.38971
G1 X109.906 Y167.896 E1952.6326
G1 X108.6 Y175.057 E1952.8747
G1 X108.6 Y199.4 E1953.68435
G1 F2700 E1948.68435
G0 F9000 X108.87 Y199.13
G0 X125.828 Y198.828
G0 X125.839 Y175.105
G0 X124.797 Y167.931
G1 F2700 E1953.68435
G0 F9000 X125.491 Y167.842
;TYPE:WALL-OUTER
G1 F1500 X126.8 Y175.017 E1953.92693
G1 X126.8 Y175.858 E1953.9549
G1 X126.8 Y199.8 E1954.75122
G1 X108.2 Y199.8 E1955.36986
G1 X108.2 Y175.021 E1956.19401
G1 X109.507 Y167.854 E1956.43632
G1 X110.447 Y160.602 E1956.67954
G1 X111.012 Y153.314 E1956.92266
G1 X111.2 Y146.007 E1957.16578
G1 X111.2 Y88.993 E1959.06207
G1 X111.012 Y81.697 E1959.30482
G1 X110.448 Y74.407 E1959.54801
G1 X109.509 Y67.157 E1959.79116
G1 X108.201 Y59.983 E1960.0337
G1 X108.2 Y35.2 E1960.85798
G1 X126.8 Y35.2 E1961.47662
G1 X126.799 Y59.979 E1962.30078
G1 X125.493 Y67.146 E1962.54308
G1 X124.553 Y74.398 E1962.7863
G1 X123.988 Y81.686 E1963.02942
G1 X123.8 Y88.993 E1963.27254
G1 X123.8 Y146.007 E1965.16883
G1 X123.988 Y153.302 E1965.41154
G1 X124.552 Y160.592 E1965.65473
G1 X125.491 Y167.842 E1965.89788
G0 F9000 X124.797 Y167.931
G0 X124.341 Y168.004
;TYPE:SKIN
G1 F1500 X125.64 Y175.122 E1966.13854
G1 X125.64 Y175.858 E1966.16302
G1 X125.64 Y198.64 E1966.92075
G1 X109.36 Y198.64 E1967.46223
G1 X109.36 Y175.128 E1968.24424
G1 X110.657 Y168.017 E1968.48465
G1 X111.598 Y160.752 E1968.72831
G1 X112.172 Y153.343 E1968.97547
G1 X112.36 Y146.04 E1969.21845
G1 X112.36 Y88.961 E1971.1169
G1 X112.169 Y81.606 E1971.36161
G1 X111.599 Y74.258 E1971.60674
G1 X110.659 Y66.995 E1971.85033
G1 X109.361 Y59.879 E1972.09091
G1 X109.361 Y36.361 E1972.87312
G1 X125.639 Y36.361 E1973.41453
G1 X125.639 Y59.872 E1974.19651
G1 X124.343 Y66.983 E1974.43692
G1 X123.402 Y74.247 E1974.68054
G1 X122.828 Y81.657 E1974.92774
G1 X122.64 Y88.961 E1975.17075
G1 X122.64 Y146.04 E1977.0692
G1 X122.831 Y153.391 E1977.31378
G1 X123.401 Y160.741 E1977.55898
G1 X124.341 Y168.004 E1977.80256
G1 F2700 E1972.80256
G0 F9000 X124.597 Y167.957
G0 X125.839 Y175.105
G0 X125.9 Y198.132
G1 F2700 E1977.80256
G0 F9000 X125.44 Y198.132
G1 F1500 X125.133 Y198.438 E1977.81698
G0 F9000 X124.567 Y198.438
G1 F1500 X125.44 Y197.566 E1977.85802
G0 F9000 X125.44 Y197
G1 F1500 X124.001 Y198.438 E1977.92568
G0 F9000 X123.436 Y198.438
G1 F1500 X125.44 Y196.434 E1978.01994
G0 F9000 X125.44 Y195.869
G1 F1500 X122.87 Y198.438 E1978.1408
G0 F9000 X122.304 Y198.438
G1 F1500 X125.44 Y195.303 E1978.28829
G0 F9000 X125.44 Y194.737
G1 F1500 X121.739 Y198.438 E1978.46237
G0 F9000 X121.173 Y198.438
G1 F1500 X125.44 Y194.172 E1978.66305
G0 F9000 X125.44 Y193.606
G1 F1500 X120.607 Y198.438 E1978.89036
G0 F9000 X120.041 Y198.438
G1 F1500 X125.44 Y193.04 E1979.14429
G0 F9000 X125.44 Y192.475
G1 F1500 X119.476 Y198.438 E1979.42479
G0 F9000 X118.91 Y198.438
G1 F1500 X125.44 Y191.909 E1979.73192
G0 F9000 X125.44 Y191.343
G1 F1500 X118.344 Y198.438 E1980.06567
G0 F9000 X117.779 Y198.438
G1 F1500 X125.44 Y190.778 E1980.426
G0 F9000 X125.44 Y190.212
G1 F1500 X117.213 Y198.438 E1980.81295
G0 F9000 X116.647 Y198.438
G1 F1500 X125.44 Y189.646 E1981.22652
G0 F9000 X125.44 Y189.081
G1 F1500 X116.082 Y198.438 E1981.66667
G0 F9000 X115.516 Y198.438
G1 F1500 X125.44 Y188.515 E1982.13344
G0 F9000 X125.44 Y187.949
G1 F1500 X114.95 Y198.438 E1982.62683
G0 F9000 X114.385 Y198.438
G1 F1500 X125.44 Y187.384 E1983.1468
G0 F9000 X125.44 Y186.818
G1 F1500 X113.819 Y198.438 E1983.6934
G0 F9000 X113.253 Y198.438
G1 F1500 X125.44 Y186.252 E1984.26661
G0 F9000 X125.44 Y185.686
G1 F1500 X112.688 Y198.438 E1984.86643
G0 F9000 X112.122 Y198.438
G1 F1500 X125.44 Y185.121 E1985.49284
G0 F9000 X125.44 Y184.555
G1 F1500 X111.556 Y198.438 E1986.14588
G0 F9000 X110.991 Y198.438
G1 F1500 X125.44 Y183.989 E1986.82551
G0 F9000 X125.44 Y183.424
G1 F1500 X110.425 Y198.438 E1987.53175
G0 F9000 X109.859 Y198.438
G1 F1500 X125.44 Y182.858 E1988.26461
G0 F9000 X125.44 Y182.292
G1 F1500 X109.559 Y198.173 E1989.0116
G0 F9000 X109.559 Y197.607
G1 F1500 X125.44 Y181.727 E1989.75857
G0 F9000 X125.44 Y181.161
G1 F1500 X109.559 Y197.041 E1990.50554
G0 F9000 X109.559 Y196.475
G1 F1500 X125.44 Y180.595 E1991.25251
G0 F9000 X125.44 Y180.03
G1 F1500 X109.559 Y195.91 E1991.99948
G0 F9000 X109.559 Y195.344
G1 F1500 X125.44 Y179.464 E1992.74645
G0 F9000 X125.44 Y178.898
G1 F1500 X109.559 Y194.778 E1993.49342
G0 F9000 X109.559 Y194.213
G1 F1500 X125.44 Y178.333 E1994.24039
G0 F9000 X125.44 Y177.767
G1 F1500 X109.559 Y193.647 E1994.98736
G0 F9000 X109.559 Y193.081
G1 F1500 X125.44 Y177.201 E1995.73433
G0 F9000 X125.44 Y176.635
G1 F1500 X109.559 Y192.516 E1996.48133
G0 F9000 X109.559 Y191.95
G1 F1500 X125.44 Y176.07 E1997.2283
G0 F9000 X125.44 Y175.504
G1 F1500 X109.559 Y191.384 E1997.97527
G0 F9000 X109.559 Y190.819
G1 F1500 X125.408 Y174.97 E1998.72076
G0 F9000 X125.321 Y174.492
G1 F1500 X109.559 Y190.253 E1999.46213
G0 F9000 X109.559 Y189.687
G1 F1500 X125.234 Y174.013 E2000.19941
G0 F9000 X125.146 Y173.535
G1 F1500 X109.559 Y189.122 E2000.93257
G0 F9000 X109.559 Y188.556
G1 F1500 X125.059 Y173.056 E2001.66165
G0 F9000 X124.971 Y172.578
G1 F1500 X109.559 Y187.99 E2002.38658
G0 F9000 X109.559 Y187.425
G1 F1500 X124.884 Y172.099 E2003.10744
G0 F9000 X124.797 Y171.621
G1 F1500 X109.559 Y186.859 E2003.82419
G0 F9000 X109.559 Y186.293
G1 F1500 X124.71 Y171.143 E2004.53683
G0 F9000 X124.623 Y170.664
G1 F1500 X109.559 Y185.727 E2005.24537
G0 F9000 X109.559 Y185.162
G1 F1500 X124.535 Y170.186 E2005.94979
G0 F9000 X124.448 Y169.707
G1 F1500 X109.559 Y184.596 E2006.65012
G0 F9000 X109.559 Y184.03
G1 F1500 X124.36 Y169.229 E2007.34632
G0 F9000 X124.274 Y168.751
G1 F1500 X109.559 Y183.465 E2008.03844
G0 F9000 X109.559 Y182.899
G1 F1500 X124.186 Y168.273 E2008.72643
G0 F9000 X124.111 Y167.782
G1 F1500 X109.559 Y182.333 E2009.41089
G0 F9000 X109.559 Y181.768
G1 F1500 X124.046 Y167.281 E2010.09231
G0 F9000 X123.981 Y166.781
G1 F1500 X109.559 Y181.202 E2010.77065
G0 F9000 X109.559 Y180.636
G1 F1500 X123.916 Y166.28 E2011.44594
G0 F9000 X123.851 Y165.779
G1 F1500 X109.559 Y180.071 E2012.11819
G0 F9000 X109.559 Y179.505
G1 F1500 X123.786 Y165.278 E2012.78739
G0 F9000 X123.721 Y164.777
G1 F1500 X109.559 Y178.939 E2013.45352
G0 F9000 X109.559 Y178.374
G1 F1500 X123.656 Y164.277 E2014.1166
G0 F9000 X123.591 Y163.776
G1 F1500 X109.559 Y177.808 E2014.77663
G0 F9000 X109.559 Y177.242
G1 F1500 X123.527 Y163.275 E2015.43361
G0 F9000 X123.462 Y162.774
G1 F1500 X109.559 Y176.676 E2016.08754
G0 F9000 X109.559 Y176.111
G1 F1500 X123.397 Y162.273 E2016.73844
G0 F9000 X123.332 Y161.773
G1 F1500 X109.559 Y175.545 E2017.38626
G0 F9000 X109.597 Y174.942
G1 F1500 X123.267 Y161.272 E2018.02925
G0 F9000 X123.202 Y160.771
G1 F1500 X109.723 Y174.25 E2018.66326
G0 F9000 X109.849 Y173.558
G1 F1500 X123.161 Y160.246 E2019.28942
G0 F9000 X123.121 Y159.721
G1 F1500 X109.975 Y172.867 E2019.90777
G0 F9000 X110.102 Y172.174
G1 F1500 X123.08 Y159.196 E2020.51821
G0 F9000 X123.039 Y158.671
G1 F1500 X110.228 Y171.483 E2021.12083
G0 F9000 X110.354 Y170.791
G1 F1500 X122.999 Y158.146 E2021.71561
G0 F9000 X122.958 Y157.621
G1 F1500 X110.48 Y170.099 E2022.30253
G0 F9000 X110.607 Y169.407
G1 F1500 X122.917 Y157.096 E2022.88158
G0 F9000 X122.876 Y156.571
G1 F1500 X110.732 Y168.715 E2023.4528
G0 F9000 X110.858 Y168.024
G1 F1500 X122.835 Y156.047 E2024.01616
G0 F9000 X122.795 Y155.521
G1 F1500 X110.942 Y167.374 E2024.57369
G0 F9000 X111.026 Y166.725
G1 F1500 X122.754 Y154.997 E2025.12534
G0 F9000 X122.713 Y154.472
G1 F1500 X111.11 Y166.075 E2025.67111
G0 F9000 X111.194 Y165.425
G1 F1500 X122.673 Y153.947 E2026.21102
G0 F9000 X122.632 Y153.422
G1 F1500 X111.278 Y164.775 E2026.74506
G0 F9000 X111.362 Y164.126
G1 F1500 X122.617 Y152.871 E2027.27446
G0 F9000 X122.603 Y152.319
G1 F1500 X111.446 Y163.476 E2027.79925
G0 F9000 X111.53 Y162.826
G1 F1500 X122.588 Y151.768 E2028.31938
G0 F9000 X122.574 Y151.217
G1 F1500 X111.614 Y162.177 E2028.83491
G0 F9000 X111.698 Y161.527
G1 F1500 X122.559 Y150.666 E2029.34577
G0 F9000 X122.545 Y150.114
G1 F1500 X111.782 Y160.878 E2029.85206
G0 F9000 X111.836 Y160.257
G1 F1500 X122.53 Y149.563 E2030.35507
G0 F9000 X122.516 Y149.012
G1 F1500 X111.884 Y159.644 E2030.85517
G0 F9000 X111.931 Y159.031
G1 F1500 X122.502 Y148.46 E2031.35239
G0 F9000 X122.487 Y147.909
G1 F1500 X111.978 Y158.418 E2031.8467
G0 F9000 X112.026 Y157.805
G1 F1500 X122.473 Y147.358 E2032.3381
G0 F9000 X122.459 Y146.806
G1 F1500 X112.074 Y157.191 E2032.82658
G0 F9000 X112.121 Y156.578
G1 F1500 X122.444 Y146.255 E2033.31214
G0 F9000 X122.439 Y145.695
G1 F1500 X112.169 Y155.965 E2033.79521
G0 F9000 X112.216 Y155.352
G1 F1500 X122.439 Y145.13 E2034.27604
G0 F9000 X122.439 Y144.564
G1 F1500 X112.263 Y154.739 E2034.75467
G0 F9000 X112.311 Y154.126
G1 F1500 X122.439 Y143.998 E2035.23106
G0 F9000 X122.439 Y143.433
G1 F1500 X112.358 Y153.513 E2035.70522
G0 F9000 X112.383 Y152.923
G1 F1500 X122.439 Y142.867 E2036.17822
G0 F9000 X122.439 Y142.301
G1 F1500 X112.398 Y152.342 E2036.65052
G0 F9000 X112.413 Y151.762
G1 F1500 X122.439 Y141.736 E2037.12211
G0 F9000 X122.439 Y141.17
G1 F1500 X112.427 Y151.181 E2037.59302
G0 F9000 X112.442 Y150.601
G1 F1500 X122.439 Y140.604 E2038.06325
G0 F9000 X122.439 Y140.038
G1 F1500 X112.457 Y150.02 E2038.53277
G0 F9000 X112.473 Y149.439
G1 F1500 X122.439 Y139.473 E2039.00154
G0 F9000 X122.439 Y138.907
G1 F1500 X112.487 Y148.858 E2039.46963
G0 F9000 X112.502 Y148.278
G1 F1500 X122.439 Y138.341 E2039.93703
G0 F9000 X122.439 Y137.776
G1 F1500 X112.517 Y147.697 E2040.40371
G0 F9000 X112.532 Y147.117
G1 F1500 X122.439 Y137.21 E2040.86971
G0 F9000 X122.439 Y136.644
G1 F1500 X112.548 Y146.535 E2041.33495
G0 F9000 X112.56 Y145.958
G1 F1500 X122.439 Y136.079 E2041.79963
G0 F9000 X122.439 Y135.513
G1 F1500 X112.56 Y145.392 E2042.2643
G0 F9000 X112.56 Y144.826
G1 F1500 X122.439 Y134.947 E2042.72898
G0 F9000 X122.439 Y134.382
G1 F1500 X112.56 Y144.261 E2043.19366
G0 F9000 X112.56 Y143.695
G1 F1500 X122.439 Y133.816 E2043.65834
G0 F9000 X122.439 Y133.25
G1 F1500 X112.56 Y143.129 E2044.12302
G0 F9000 X112.56 Y142.564
G1 F1500 X122.439 Y132.685 E2044.58769
G0 F9000 X122.439 Y132.119
G1 F1500 X112.56 Y141.998 E2045.05237
G0 F9000 X112.56 Y141.432
G1 F1500 X122.439 Y131.553 E2045.51705
G0 F9000 X122.439 Y130.987
G1 F1500 X112.56 Y140.866 E2045.98173
G0 F9000 X112.56 Y140.301
G1 F1500 X122.439 Y130.422 E2046.4464
G0 F9000 X122.439 Y129.856
G1 F1500 X112.56 Y139.735 E2046.91108
G0 F9000 X112.56 Y139.169
G1 F1500 X122.439 Y129.29 E2047.37576
G0 F9000 X122.439 Y128.725
G1 F1500 X112.56 Y138.604 E2047.84044
G0 F9000 X112.56 Y138.038
G1 F1500 X122.439 Y128.159 E2048.30512
G0 F9000 X122.439 Y127.593
G1 F1500 X112.56 Y137.472 E2048.76979
G0 F9000 X112.56 Y136.907
G1 F1500 X122.439 Y127.028 E2049.23447
G0 F9000 X122.439 Y126.462
G1 F1500 X112.56 Y136.341 E2049.69915
G0 F9000 X112.56 Y135.775
G1 F1500 X122.439 Y125.896 E2050.16383
G0 F9000 X122.439 Y125.331
G1 F1500 X112.56 Y135.21 E2050.62851
G0 F9000 X112.56 Y134.644
G1 F1500 X122.439 Y124.765 E2051.09318
G0 F9000 X122.439 Y124.199
G1 F1500 X112.56 Y134.078 E2051.55786
G0 F9000 X112.56 Y133.513
G1 F1500 X122.439 Y123.634 E2052.02254
G0 F9000 X122.439 Y123.068
G1 F1500 X112.56 Y132.947 E2052.48722
G0 F9000 X112.56 Y132.381
G1 F1500 X122.439 Y122.502 E2052.95189
G0 F9000 X122.439 Y121.937
G1 F1500 X112.56 Y131.816 E2053.41657
G0 F9000 X112.56 Y131.25
G1 F1500 X122.439 Y121.371 E2053.88125
G0 F9000 X122.439 Y120.805
G1 F1500 X112.56 Y130.684 E2054.34593
G0 F9000 X112.56 Y130.118
G1 F1500 X122.439 Y120.239 E2054.81061
G0 F9000 X122.439 Y119.674
G1 F1500 X112.56 Y129.553 E2055.27528
G0 F9000 X112.56 Y128.987
G1 F1500 X122.439 Y119.108 E2055.73996
G0 F9000 X122.439 Y118.542
G1 F1500 X112.56 Y128.421 E2056.20464
G0 F9000 X112.56 Y127.856
G1 F1500 X122.439 Y117.977 E2056.66932
G0 F9000 X122.439 Y117.411
G1 F1500 X112.56 Y127.29 E2057.134
G0 F9000 X112.56 Y126.724
G1 F1500 X122.439 Y116.845 E2057.59867
G0 F9000 X122.439 Y116.28
G1 F1500 X112.56 Y126.159 E2058.06335
G0 F9000 X112.56 Y125.593
G1 F1500 X122.439 Y115.714 E2058.52803
G0 F9000 X122.439 Y115.148
G1 F1500 X112.56 Y125.027 E2058.99271
G0 F9000 X112.56 Y124.462
G1 F1500 X122.439 Y114.583 E2059.45739
G0 F9000 X122.439 Y114.017
G1 F1500 X112.56 Y123.896 E2059.92206
G0 F9000 X112.56 Y123.33
G1 F1500 X122.439 Y113.451 E2060.38674
G0 F9000 X122.439 Y112.886
G1 F1500 X112.56 Y122.765 E2060.85142
G0 F9000 X112.56 Y122.199
G1 F1500 X122.439 Y112.32 E2061.3161
G0 F9000 X122.439 Y111.754
G1 F1500 X112.56 Y121.633 E2061.78077
G0 F9000 X112.56 Y121.067
G1 F1500 X122.439 Y111.189 E2062.24543
G0 F9000 X122.439 Y110.623
G1 F1500 X112.56 Y120.502 E2062.71011
G0 F9000 X112.56 Y119.936
G1 F1500 X122.439 Y110.057 E2063.17478
G0 F9000 X122.439 Y109.491
G1 F1500 X112.56 Y119.37 E2063.63946
G0 F9000 X112.56 Y118.805
G1 F1500 X122.439 Y108.926 E2064.10414
G0 F9000 X122.439 Y108.36
G1 F1500 X112.56 Y118.239 E2064.56882
G0 F9000 X112.56 Y117.673
G1 F1500 X122.439 Y107.794 E2065.0335
G0 F9000 X122.439 Y107.229
G1 F1500 X112.56 Y117.108 E2065.49817
G0 F9000 X112.56 Y116.542
G1 F1500 X122.439 Y106.663 E2065.96285
G0 F9000 X122.439 Y106.097
G1 F1500 X112.56 Y115.976 E2066.42753
G0 F9000 X112.56 Y115.411
G1 F1500 X122.439 Y105.532 E2066.89221
G0 F9000 X122.439 Y104.966
G1 F1500 X112.56 Y114.845 E2067.35689
G0 F9000 X112.56 Y114.279
G1 F1500 X122.439 Y104.4 E2067.82156
G0 F9000 X122.439 Y103.835
G1 F1500 X112.56 Y113.714 E2068.28624
G0 F9000 X112.56 Y113.148
G1 F1500 X122.439 Y103.269 E2068.75092
G0 F9000 X122.439 Y102.703
G1 F1500 X112.56 Y112.582 E2069.2156
G0 F9000 X112.56 Y112.017
G1 F1500 X122.439 Y102.138 E2069.68027
G0 F9000 X122.439 Y101.572
G1 F1500 X112.56 Y111.451 E2070.14495
G0 F9000 X112.56 Y110.885
G1 F1500 X122.439 Y101.006 E2070.60963
G0 F9000 X122.439 Y100.44
G1 F1500 X112.56 Y110.319 E2071.07431
G0 F9000 X112.56 Y109.754
G1 F1500 X122.439 Y99.875 E2071.53899
G0 F9000 X122.439 Y99.309
G1 F1500 X112.56 Y109.188 E2072.00366
G0 F9000 X112.56 Y108.622
G1 F1500 X122.439 Y98.743 E2072.46834
G0 F9000 X122.439 Y98.178
G1 F1500 X112.56 Y108.057 E2072.93302
G0 F9000 X112.56 Y107.491
G1 F1500 X122.439 Y97.612 E2073.3977
G0 F9000 X122.439 Y97.046
G1 F1500 X112.56 Y106.925 E2073.86238
G0 F9000 X112.56 Y106.36
G1 F1500 X122.439 Y96.481 E2074.32705
G0 F9000 X122.439 Y95.915
G1 F1500 X112.56 Y105.794 E2074.79173
G0 F9000 X112.56 Y105.228
G1 F1500 X122.439 Y95.349 E2075.25641
G0 F9000 X122.439 Y94.784
G1 F1500 X112.56 Y104.663 E2075.72109
G0 F9000 X112.56 Y104.097
G1 F1500 X122.439 Y94.218 E2076.18576
G0 F9000 X122.439 Y93.652
G1 F1500 X112.56 Y103.531 E2076.65044
G0 F9000 X112.56 Y102.966
G1 F1500 X122.439 Y93.087 E2077.11512
G0 F9000 X122.439 Y92.521
G1 F1500 X112.56 Y102.4 E2077.5798
G0 F9000 X112.56 Y101.834
G1 F1500 X122.439 Y91.955 E2078.04448
G0 F9000 X122.439 Y91.39
G1 F1500 X112.56 Y101.269 E2078.50915
G0 F9000 X112.56 Y100.703
G1 F1500 X122.439 Y90.824 E2078.97383
G0 F9000 X122.439 Y90.258
G1 F1500 X112.56 Y100.137 E2079.43851
G0 F9000 X112.56 Y99.571
G1 F1500 X122.439 Y89.692 E2079.90319
G0 F9000 X122.439 Y89.127
G1 F1500 X112.56 Y99.006 E2080.36787
G0 F9000 X112.56 Y98.44
G1 F1500 X122.448 Y88.551 E2080.83299
G0 F9000 X122.463 Y87.971
G1 F1500 X112.56 Y97.874 E2081.2988
G0 F9000 X112.56 Y97.309
G1 F1500 X122.479 Y87.389 E2081.76538
G0 F9000 X122.494 Y86.809
G1 F1500 X112.56 Y96.743 E2082.23265
G0 F9000 X112.56 Y96.177
G1 F1500 X122.509 Y86.228 E2082.70062
G0 F9000 X122.523 Y85.648
G1 F1500 X112.56 Y95.612 E2083.16927
G0 F9000 X112.56 Y95.046
G1 F1500 X122.538 Y85.067 E2083.63863
G0 F9000 X122.553 Y84.487
G1 F1500 X112.56 Y94.48 E2084.10867
G0 F9000 X112.56 Y93.915
G1 F1500 X122.569 Y83.905 E2084.57948
G0 F9000 X122.584 Y83.325
G1 F1500 X112.56 Y93.349 E2085.05098
G0 F9000 X112.56 Y92.783
G1 F1500 X122.598 Y82.744 E2085.52316
G0 F9000 X122.613 Y82.164
G1 F1500 X112.56 Y92.218 E2085.99605
G0 F9000 X112.56 Y91.652
G1 F1500 X122.633 Y81.578 E2086.46987
G0 F9000 X122.68 Y80.965
G1 F1500 X112.56 Y91.086 E2086.94591
G0 F9000 X112.56 Y90.52
G1 F1500 X122.728 Y80.352 E2087.42418
G0 F9000 X122.775 Y79.739
G1 F1500 X112.56 Y89.955 E2087.90469
G0 F9000 X112.56 Y89.389
G1 F1500 X122.823 Y79.126 E2088.38743
G0 F9000 X122.87 Y78.513
G1 F1500 X112.556 Y88.827 E2088.87257
G0 F9000 X112.541 Y88.276
G1 F1500 X122.917 Y77.9 E2089.36062
G0 F9000 X122.965 Y77.287
G1 F1500 X112.527 Y87.725 E2089.85159
G0 F9000 X112.513 Y87.173
G1 F1500 X123.012 Y76.674 E2090.34543
G0 F9000 X123.06 Y76.06
G1 F1500 X112.498 Y86.622 E2090.84224
G0 F9000 X112.484 Y86.071
G1 F1500 X123.107 Y75.447 E2091.34194
G0 F9000 X123.155 Y74.834
G1 F1500 X112.47 Y85.519 E2091.84452
G0 F9000 X112.455 Y84.968
G1 F1500 X123.204 Y74.22 E2092.3501
G0 F9000 X123.288 Y73.57
G1 F1500 X112.441 Y84.417 E2092.86031
G0 F9000 X112.427 Y83.865
G1 F1500 X123.371 Y72.921 E2093.37508
G0 F9000 X123.455 Y72.271
G1 F1500 X112.412 Y83.314 E2093.89451
G0 F9000 X112.398 Y82.763
G1 F1500 X123.54 Y71.621 E2094.4186
G0 F9000 X123.624 Y70.971
G1 F1500 X112.384 Y82.211 E2094.94729
G0 F9000 X112.369 Y81.66
G1 F1500 X123.708 Y70.321 E2095.48064
G0 F9000 X123.792 Y69.671
G1 F1500 X112.332 Y81.132 E2096.01971
G0 F9000 X112.292 Y80.606
G1 F1500 X123.876 Y69.022 E2096.56459
G0 F9000 X123.96 Y68.372
G1 F1500 X112.251 Y80.081 E2097.11534
G0 F9000 X112.21 Y79.557
G1 F1500 X124.044 Y67.723 E2097.67198
G0 F9000 X124.128 Y67.073
G1 F1500 X112.169 Y79.031 E2098.23447
G0 F9000 X112.128 Y78.507
G1 F1500 X124.247 Y66.388 E2098.80451
G0 F9000 X124.373 Y65.696
G1 F1500 X112.088 Y77.981 E2099.38236
G0 F9000 X112.047 Y77.457
G1 F1500 X124.499 Y65.005 E2099.96806
G0 F9000 X124.625 Y64.313
G1 F1500 X112.006 Y76.932 E2100.56162
G0 F9000 X111.966 Y76.407
G1 F1500 X124.751 Y63.621 E2101.16301
G0 F9000 X124.877 Y62.93
G1 F1500 X111.925 Y75.882 E2101.77223
G0 F9000 X111.884 Y75.357
G1 F1500 X125.003 Y62.238 E2102.38931
G0 F9000 X125.129 Y61.546
G1 F1500 X111.843 Y74.832 E2103.01424
G0 F9000 X111.802 Y74.307
G1 F1500 X125.255 Y60.855 E2103.64701
G0 F9000 X125.381 Y60.163
G1 F1500 X111.741 Y73.802 E2104.28857
G0 F9000 X111.676 Y73.302
G1 F1500 X125.437 Y59.541 E2104.93584
G0 F9000 X125.437 Y58.975
G1 F1500 X111.611 Y72.801 E2105.58618
G0 F9000 X111.547 Y72.3
G1 F1500 X125.437 Y58.409 E2106.23954
G0 F9000 X125.437 Y57.844
G1 F1500 X111.482 Y71.799 E2106.89594
G0 F9000 X111.417 Y71.298
G1 F1500 X125.437 Y57.278 E2107.5554
G0 F9000 X125.437 Y56.712
G1 F1500 X111.352 Y70.798 E2108.21794
G0 F9000 X111.287 Y70.297
G1 F1500 X125.437 Y56.147 E2108.88351
G0 F9000 X125.437 Y55.581
G1 F1500 X111.222 Y69.796 E2109.55214
G0 F9000 X111.157 Y69.295
G1 F1500 X125.437 Y55.015 E2110.22383
G0 F9000 X125.437 Y54.45
G1 F1500 X111.092 Y68.795 E2110.89858
G0 F9000 X111.027 Y68.294
G1 F1500 X125.437 Y53.884 E2111.57638
G0 F9000 X125.437 Y53.318
G1 F1500 X110.962 Y67.793 E2112.25724
G0 F9000 X110.898 Y67.292
G1 F1500 X125.437 Y52.752 E2112.94113
G0 F9000 X125.437 Y52.187
G1 F1500 X110.826 Y66.798 E2113.62839
G0 F9000 X110.739 Y66.32
G1 F1500 X125.437 Y51.621 E2114.31976
G0 F9000 X125.437 Y51.055
G1 F1500 X110.651 Y65.842 E2115.01527
G0 F9000 X110.564 Y65.363
G1 F1500 X125.437 Y50.49 E2115.71485
G0 F9000 X125.437 Y49.924
G1 F1500 X110.476 Y64.885 E2116.41857
G0 F9000 X110.389 Y64.406
G1 F1500 X125.437 Y49.358 E2117.12638
G0 F9000 X125.437 Y48.793
G1 F1500 X110.303 Y63.928 E2117.83826
G0 F9000 X110.215 Y63.45
G1 F1500 X125.437 Y48.227 E2118.55428
G0 F9000 X125.437 Y47.661
G1 F1500 X110.128 Y62.971 E2119.2744
G0 F9000 X110.04 Y62.493
G1 F1500 X125.437 Y47.096 E2119.99862
G0 F9000 X125.437 Y46.53
G1 F1500 X109.953 Y62.014 E2120.72694
G0 F9000 X109.866 Y61.535
G1 F1500 X125.437 Y45.964 E2121.45935
G0 F9000 X125.437 Y45.399
G1 F1500 X109.779 Y61.057 E2122.19586
G0 F9000 X109.692 Y60.579
G1 F1500 X125.437 Y44.833 E2122.93648
G0 F9000 X125.437 Y44.267
G1 F1500 X109.605 Y60.1 E2123.68119
G0 F9000 X109.56 Y59.579
G1 F1500 X125.437 Y43.702 E2124.428
G0 F9000 X125.437 Y43.136
G1 F1500 X109.56 Y59.013 E2125.1748
G0 F9000 X109.56 Y58.448
G1 F1500 X125.437 Y42.57 E2125.92163
G0 F9000 X125.437 Y42.004
G1 F1500 X109.56 Y57.882 E2126.66846
G0 F9000 X109.56 Y57.316
G1 F1500 X125.437 Y41.439 E2127.41527
G0 F9000 X125.437 Y40.873
G1 F1500 X109.56 Y56.75 E2128.16207
G0 F9000 X109.56 Y56.185
G1 F1500 X125.437 Y40.307 E2128.9089
G0 F9000 X125.437 Y39.742
G1 F1500 X109.56 Y55.619 E2129.65571
G0 F9000 X109.56 Y55.053
G1 F1500 X125.437 Y39.176 E2130.40251
G0 F9000 X125.437 Y38.61
G1 F1500 X109.56 Y54.488 E2131.14934
G0 F9000 X109.56 Y53.922
G1 F1500 X125.437 Y38.045 E2131.89615
G0 F9000 X125.437 Y37.479
G1 F1500 X109.56 Y53.356 E2132.64295
G0 F9000 X109.56 Y52.791
G1 F1500 X125.437 Y36.913 E2133.38978
G0 F9000 X125.225 Y36.56
G1 F1500 X109.56 Y52.225 E2134.12661
G0 F9000 X109.56 Y51.659
G1 F1500 X124.659 Y36.56 E2134.83682
G0 F9000 X124.093 Y36.56
G1 F1500 X109.56 Y51.094 E2135.52043
G0 F9000 X109.56 Y50.528
G1 F1500 X123.528 Y36.56 E2136.17745
G0 F9000 X122.962 Y36.56
G1 F1500 X109.56 Y49.962 E2136.80784
G0 F9000 X109.56 Y49.397
G1 F1500 X122.396 Y36.56 E2137.41163
G0 F9000 X121.83 Y36.56
G1 F1500 X109.56 Y48.831 E2137.98879
G0 F9000 X109.56 Y48.265
G1 F1500 X121.265 Y36.56 E2138.53936
G0 F9000 X120.699 Y36.56
G1 F1500 X109.56 Y47.7 E2139.06333
G0 F9000 X109.56 Y47.134
G1 F1500 X120.133 Y36.56 E2139.56067
G0 F9000 X119.568 Y36.56
G1 F1500 X109.56 Y46.568 E2140.03142
G0 F9000 X109.56 Y46.002
G1 F1500 X119.002 Y36.56 E2140.47554
G0 F9000 X118.436 Y36.56
G1 F1500 X109.56 Y45.437 E2140.89306
G0 F9000 X109.56 Y44.871
G1 F1500 X117.871 Y36.56 E2141.28399
G0 F9000 X117.305 Y36.56
G1 F1500 X109.56 Y44.305 E2141.64829
G0 F9000 X109.56 Y43.74
G1 F1500 X116.739 Y36.56 E2141.98599
G0 F9000 X116.174 Y36.56
G1 F1500 X109.56 Y43.174 E2142.29709
G0 F9000 X109.56 Y42.608
G1 F1500 X115.608 Y36.56 E2142.58157
G0 F9000 X115.042 Y36.56
G1 F1500 X109.56 Y42.043 E2142.83945
G0 F9000 X109.56 Y41.477
G1 F1500 X114.477 Y36.56 E2143.07073
G0 F9000 X113.911 Y36.56
G1 F1500 X109.56 Y40.911 E2143.27539
G0 F9000 X109.56 Y40.346
G1 F1500 X113.345 Y36.56 E2143.45345
G0 F9000 X112.779 Y36.56
G1 F1500 X109.56 Y39.78 E2143.60488
G0 F9000 X109.56 Y39.214
G1 F1500 X112.214 Y36.56 E2143.72972
G0 F9000 X111.648 Y36.56
G1 F1500 X109.56 Y38.649 E2143.82796
G0 F9000 X109.56 Y38.083
G1 F1500 X111.082 Y36.56 E2143.89957
G0 F9000 X110.517 Y36.56
G1 F1500 X109.56 Y37.517 E2143.94459
G0 F9000 X109.56 Y36.951
G1 F1500 X109.951 Y36.56 E2143.96298
G1 F2700 E2138.96298
;MESH:NONMESH
G0 F300 X109.951 Y36.56 Z2.2
G0 F9000 X109.951 Y36.1
G0 X109.172 Y36.172
G0 X109.162 Y59.896
G0 X111.083 Y74.337
G0 X111.65 Y81.659
G0 X111.839 Y88.99
G0 X111.839 Y146.01
G0 X111.65 Y153.341
G0 X111.083 Y160.663
G0 X110.14 Y167.947
G0 X109.149 Y173.192
G0 X109 Y199
;TIME_ELAPSED:2978.601692
;LAYER:10
;TYPE:WALL-INNER
;MESH:D638-22 Tensile.STL
G1 F2700 E2143.96298
G1 F1500 X126 Y199 E2144.5284
G1 X126 Y175.858 E2145.2981
G1 X126 Y175.089 E2145.32368
G1 X124.701 Y167.971 E2145.56434
G1 X123.754 Y160.654 E2145.80973
G1 X123.188 Y153.323 E2146.05429
G1 X123 Y146.027 E2146.29703
G1 X123 Y88.973 E2148.19466
G1 X123.19 Y81.624 E2148.43917
G1 X123.754 Y74.346 E2148.68196
G1 X124.701 Y67.027 E2148.92742
G1 X125.999 Y59.907 E2149.16814
G1 X126 Y36 E2149.96329
G1 X109 Y36 E2150.52871
G1 X109.001 Y59.911 E2151.32399
G1 X110.299 Y67.028 E2151.56461
G1 X111.246 Y74.345 E2151.81
G1 X111.81 Y81.625 E2152.05286
G1 X112 Y88.973 E2152.29734
G1 X112 Y146.027 E2154.19496
G1 X111.812 Y153.324 E2154.43774
G1 X111.245 Y160.664 E2154.6826
G1 X110.299 Y167.972 E2154.92769
G1 X109 Y175.093 E2155.16845
G1 X109 Y199 E2155.9636
G1 F2700 E2150.9636
G0 F9000 X125.828 Y198.828
G0 X125.839 Y175.105
G0 X124.797 Y167.931
G1 F2700 E2155.9636
G0 F9000 X125.094 Y167.894
G1 F1500 X126.4 Y175.053 E2156.20564
G1 X126.4 Y175.858 E2156.23241
G1 X126.4 Y199.4 E2157.01542
G1 X108.6 Y199.4 E2157.60745
G1 X108.6 Y175.057 E2158.4171
G1 X109.906 Y167.896 E2158.65921
G1 X110.844 Y160.654 E2158.90209
G1 X111.411 Y153.345 E2159.14592
G1 X111.6 Y146.017 E2159.38973
G1 X111.6 Y88.983 E2161.28669
G1 X111.411 Y81.656 E2161.53047
G1 X110.847 Y74.376 E2161.77332
G1 X109.906 Y67.105 E2162.01718
G1 X108.601 Y59.947 E2162.25918
G1 X108.6 Y35.6 E2163.06896
G1 X126.4 Y35.6 E2163.66099
G1 X126.399 Y59.943 E2164.47064
G1 X125.094 Y67.104 E2164.71274
G1 X124.156 Y74.346 E2164.95562
G1 X123.589 Y81.655 E2165.19945
G1 X123.4 Y88.983 E2165.44326
G1 X123.4 Y146.017 E2167.34022
G1 X123.589 Y153.343 E2167.58397
G1 X124.156 Y160.654 E2167.82786
G1 X125.094 Y167.894 E2168.07068
G1 F2700 E2163.07068
G0 F9000 X124.797 Y167.931
G0 X126.198 Y175.072
G0 X126.082 Y199.082
G0 X108.47 Y199.53
G1 F2700 E2168.07068
G0 F9000 X108.2 Y199.8
;TYPE:WALL-OUTER
G1 F1500 X126.8 Y199.8 E2168.68932
G1 X126.8 Y175.858 E2169.48563
G1 X126.8 Y175.017 E2169.5136
G1 X125.491 Y167.842 E2169.75618
G1 X124.552 Y160.592 E2169.99933
G1 X123.988 Y153.302 E2170.24252
G1 X123.8 Y146.007 E2170.48524
G1 X123.8 Y88.993 E2172.38153
G1 X123.988 Y81.686 E2172.62464
G1 X124.553 Y74.398 E2172.86777
G1 X125.493 Y67.146 E2173.11099
G1 X126.799 Y59.979 E2173.35329
G1 X126.8 Y35.2 E2174.17744
G1 X108.2 Y35.2 E2174.79608
G1 X108.201 Y59.983 E2175.62037
G1 X109.509 Y67.157 E2175.86291
G1 X110.448 Y74.407 E2176.10606
G1 X111.012 Y81.697 E2176.34925
G1 X111.2 Y88.993 E2176.592
G1 X111.2 Y146.007 E2178.48829
G1 X111.012 Y153.314 E2178.7314
G1 X110.447 Y160.602 E2178.97453
G1 X109.507 Y167.854 E2179.21775
G1 X108.2 Y175.021 E2179.46006
G1 X108.2 Y199.8 E2180.28421
G0 F9000 X108.47 Y199.53
G0 X109.1 Y198.64
G0 X109.36 Y198.64
;TYPE:SKIN
G1 F1500 X125.64 Y198.64 E2180.82568
G1 X125.64 Y175.122 E2181.6079
G1 X124.341 Y168.004 E2181.84855
G1 X123.401 Y160.741 E2182.09214
G1 X122.831 Y153.391 E2182.33733
G1 X122.64 Y146.04 E2182.58191
G1 X122.64 Y88.961 E2184.48036
G1 X122.828 Y81.657 E2184.72338
G1 X123.402 Y74.247 E2184.97057
G1 X124.343 Y66.983 E2185.21419
G1 X125.639 Y59.872 E2185.4546
G1 X125.639 Y36.361 E2186.23658
G1 X109.361 Y36.361 E2186.77799
G1 X109.361 Y59.879 E2187.5602
G1 X110.659 Y66.995 E2187.80079
G1 X111.599 Y74.258 E2188.04437
G1 X112.169 Y81.606 E2188.2895
G1 X112.36 Y88.961 E2188.53421
G1 X112.36 Y146.04 E2190.43266
G1 X112.172 Y153.343 E2190.67564
G1 X111.599 Y160.742 E2190.92247
G1 X110.657 Y168.017 E2191.16646
G1 X109.36 Y175.128 E2191.40687
G1 X109.36 Y198.64 E2192.18889
G0 F9000 X109.559 Y198.372
G1 F1500 X109.626 Y198.438 E2192.19201
G0 F9000 X110.191 Y198.438
G1 F1500 X109.559 Y197.806 E2192.22174
G0 F9000 X109.559 Y197.241
G1 F1500 X110.757 Y198.438 E2192.27807
G0 F9000 X111.323 Y198.438
G1 F1500 X109.559 Y196.675 E2192.36102
G0 F9000 X109.559 Y196.109
G1 F1500 X111.889 Y198.438 E2192.47059
G0 F9000 X112.454 Y198.438
G1 F1500 X109.559 Y195.544 E2192.60674
G0 F9000 X109.559 Y194.978
G1 F1500 X113.02 Y198.438 E2192.76951
G0 F9000 X113.586 Y198.438
G1 F1500 X109.559 Y194.412 E2192.9589
G0 F9000 X109.559 Y193.846
G1 F1500 X114.151 Y198.438 E2193.1749
G0 F9000 X114.717 Y198.438
G1 F1500 X109.559 Y193.281 E2193.41749
G0 F9000 X109.559 Y192.715
G1 F1500 X115.283 Y198.438 E2193.68671
G0 F9000 X115.848 Y198.438
G1 F1500 X109.559 Y192.149 E2193.98252
G0 F9000 X109.559 Y191.584
G1 F1500 X116.414 Y198.438 E2194.30494
G0 F9000 X116.98 Y198.438
G1 F1500 X109.559 Y191.018 E2194.65397
G0 F9000 X109.559 Y190.452
G1 F1500 X117.545 Y198.438 E2195.02961
G0 F9000 X118.111 Y198.438
G1 F1500 X109.559 Y189.887 E2195.43185
G0 F9000 X109.559 Y189.321
G1 F1500 X118.677 Y198.438 E2195.86071
G0 F9000 X119.242 Y198.438
G1 F1500 X109.559 Y188.755 E2196.31617
G0 F9000 X109.559 Y188.19
G1 F1500 X119.808 Y198.438 E2196.79822
G0 F9000 X120.374 Y198.438
G1 F1500 X109.559 Y187.624 E2197.30691
G0 F9000 X109.559 Y187.058
G1 F1500 X120.94 Y198.438 E2197.84221
G0 F9000 X121.505 Y198.438
G1 F1500 X109.559 Y186.493 E2198.40409
G0 F9000 X109.559 Y185.927
G1 F1500 X122.071 Y198.438 E2198.99259
G0 F9000 X122.637 Y198.438
G1 F1500 X109.559 Y185.361 E2199.60772
G0 F9000 X109.559 Y184.795
G1 F1500 X123.202 Y198.438 E2200.24944
G0 F9000 X123.768 Y198.438
G1 F1500 X109.559 Y184.23 E2200.91777
G0 F9000 X109.559 Y183.664
G1 F1500 X124.334 Y198.438 E2201.61271
G0 F9000 X124.899 Y198.438
G1 F1500 X109.559 Y183.098 E2202.33426
G0 F9000 X109.559 Y182.533
G1 F1500 X125.44 Y198.413 E2203.08123
G0 F9000 X125.44 Y197.847
G1 F1500 X109.559 Y181.967 E2203.8282
G0 F9000 X109.559 Y181.401
G1 F1500 X125.44 Y197.282 E2204.57519
G0 F9000 X125.44 Y196.716
G1 F1500 X109.559 Y180.836 E2205.32216
G0 F9000 X109.559 Y180.27
G1 F1500 X125.44 Y196.15 E2206.06913
G0 F9000 X125.44 Y195.585
G1 F1500 X109.559 Y179.704 E2206.81613
G0 F9000 X109.559 Y179.139
G1 F1500 X125.44 Y195.019 E2207.5631
G0 F9000 X125.44 Y194.453
G1 F1500 X109.559 Y178.573 E2208.31007
G0 F9000 X109.559 Y178.007
G1 F1500 X125.44 Y193.887 E2209.05704
G0 F9000 X125.44 Y193.322
G1 F1500 X109.559 Y177.442 E2209.80401
G0 F9000 X109.559 Y176.876
G1 F1500 X125.44 Y192.756 E2210.55098
G0 F9000 X125.44 Y192.19
G1 F1500 X109.559 Y176.31 E2211.29795
G0 F9000 X109.559 Y175.745
G1 F1500 X125.44 Y191.625 E2212.04492
G0 F9000 X125.44 Y191.059
G1 F1500 X109.559 Y175.179 E2212.79189
G0 F9000 X109.641 Y174.695
G1 F1500 X125.44 Y190.493 E2213.535
G0 F9000 X125.44 Y189.928
G1 F1500 X109.728 Y174.216 E2214.27404
G0 F9000 X109.815 Y173.738
G1 F1500 X125.44 Y189.362 E2215.00897
G0 F9000 X125.44 Y188.796
G1 F1500 X109.903 Y173.26 E2215.73976
G0 F9000 X109.99 Y172.781
G1 F1500 X125.44 Y188.231 E2216.46648
G0 F9000 X125.44 Y187.665
G1 F1500 X110.078 Y172.303 E2217.18906
G0 F9000 X110.165 Y171.824
G1 F1500 X125.44 Y187.099 E2217.90755
G0 F9000 X125.44 Y186.534
G1 F1500 X110.252 Y171.346 E2218.62195
G0 F9000 X110.339 Y170.868
G1 F1500 X125.44 Y185.968 E2219.33223
G0 F9000 X125.44 Y185.402
G1 F1500 X110.426 Y170.389 E2220.03842
G0 F9000 X110.514 Y169.911
G1 F1500 X125.44 Y184.837 E2220.74049
G0 F9000 X125.44 Y184.271
G1 F1500 X110.601 Y169.432 E2221.43847
G0 F9000 X110.689 Y168.954
G1 F1500 X125.44 Y183.705 E2222.13232
G0 F9000 X125.44 Y183.139
G1 F1500 X110.776 Y168.475 E2222.82207
G0 F9000 X110.861 Y167.995
G1 F1500 X125.44 Y182.574 E2223.50782
G0 F9000 X125.44 Y182.008
G1 F1500 X110.926 Y167.495 E2224.19049
G0 F9000 X110.991 Y166.993
G1 F1500 X125.44 Y181.442 E2224.87013
G0 F9000 X125.44 Y180.877
G1 F1500 X111.056 Y166.493 E2225.5467
G0 F9000 X111.12 Y165.991
G1 F1500 X125.44 Y180.311 E2226.22027
G0 F9000 X125.44 Y179.745
G1 F1500 X111.185 Y165.491 E2226.89076
G0 F9000 X111.25 Y164.99
G1 F1500 X125.44 Y179.18 E2227.55822
G0 F9000 X125.44 Y178.614
G1 F1500 X111.314 Y164.489 E2228.22264
G0 F9000 X111.379 Y163.988
G1 F1500 X125.44 Y178.048 E2228.884
G0 F9000 X125.44 Y177.483
G1 F1500 X111.444 Y163.487 E2229.54233
G0 F9000 X111.509 Y162.986
G1 F1500 X125.44 Y176.917 E2230.1976
G0 F9000 X125.44 Y176.351
G1 F1500 X111.573 Y162.485 E2230.84984
G0 F9000 X111.638 Y161.984
G1 F1500 X125.44 Y175.786 E2231.49904
G0 F9000 X125.44 Y175.22
G1 F1500 X111.703 Y161.484 E2232.14516
G0 F9000 X111.768 Y160.982
G1 F1500 X125.331 Y174.546 E2232.78315
G0 F9000 X125.205 Y173.854
G1 F1500 X111.819 Y160.468 E2233.41278
G0 F9000 X111.86 Y159.943
G1 F1500 X125.079 Y173.162 E2234.03457
G0 F9000 X124.953 Y172.471
G1 F1500 X111.901 Y159.418 E2234.64852
G0 F9000 X111.941 Y158.893
G1 F1500 X124.826 Y171.778 E2235.25459
G0 F9000 X124.7 Y171.086
G1 F1500 X111.982 Y158.368 E2235.8528
G0 F9000 X112.022 Y157.843
G1 F1500 X124.574 Y170.395 E2236.44321
G0 F9000 X124.447 Y169.702
G1 F1500 X112.063 Y157.318 E2237.02572
G0 F9000 X112.104 Y156.793
G1 F1500 X124.322 Y169.011 E2237.60041
G0 F9000 X124.195 Y168.318
G1 F1500 X112.145 Y156.268 E2238.16721
G0 F9000 X112.185 Y155.743
G1 F1500 X124.095 Y167.652 E2238.72739
G0 F9000 X124.01 Y167.003
G1 F1500 X112.226 Y155.218 E2239.2817
G0 F9000 X112.266 Y154.693
G1 F1500 X123.926 Y166.353 E2239.83015
G0 F9000 X123.841 Y165.702
G1 F1500 X112.307 Y154.168 E2240.37268
G0 F9000 X112.347 Y153.642
G1 F1500 X123.757 Y165.052 E2240.90937
G0 F9000 X123.673 Y164.403
G1 F1500 X112.377 Y153.107 E2241.4407
G0 F9000 X112.391 Y152.555
G1 F1500 X123.589 Y163.753 E2241.96742
G0 F9000 X123.505 Y163.103
G1 F1500 X112.405 Y152.003 E2242.48953
G0 F9000 X112.42 Y151.452
G1 F1500 X123.421 Y162.453 E2243.00698
G0 F9000 X123.337 Y161.803
G1 F1500 X112.434 Y150.9 E2243.51982
G0 F9000 X112.448 Y150.349
G1 F1500 X123.252 Y161.153 E2244.02801
G0 F9000 X123.183 Y160.518
G1 F1500 X112.463 Y149.798 E2244.53225
G0 F9000 X112.477 Y149.246
G1 F1500 X123.136 Y159.905 E2245.03361
G0 F9000 X123.088 Y159.292
G1 F1500 X112.491 Y148.695 E2245.53206
G0 F9000 X112.505 Y148.143
G1 F1500 X123.04 Y158.679 E2246.02762
G0 F9000 X122.993 Y158.065
G1 F1500 X112.519 Y147.592 E2246.52026
G0 F9000 X112.533 Y147.04
G1 F1500 X122.946 Y157.452 E2247.01003
G0 F9000 X122.897 Y156.839
G1 F1500 X112.548 Y146.489 E2247.49684
G0 F9000 X112.559 Y145.934
G1 F1500 X122.85 Y156.226 E2247.98092
G0 F9000 X122.803 Y155.612
G1 F1500 X112.559 Y145.369 E2248.46275
G0 F9000 X112.559 Y144.803
G1 F1500 X122.755 Y154.999 E2248.94233
G0 F9000 X122.707 Y154.386
G1 F1500 X112.559 Y144.237 E2249.41969
G0 F9000 X112.559 Y143.672
G1 F1500 X122.66 Y153.773 E2249.89481
G0 F9000 X122.626 Y153.173
G1 F1500 X112.559 Y143.106 E2250.36833
G0 F9000 X112.559 Y142.54
G1 F1500 X122.61 Y152.592 E2250.84112
G0 F9000 X122.596 Y152.011
G1 F1500 X112.559 Y141.975 E2251.31321
G0 F9000 X112.559 Y141.409
G1 F1500 X122.58 Y151.43 E2251.78456
G0 F9000 X122.565 Y150.849
G1 F1500 X112.559 Y140.843 E2252.25522
G0 F9000 X112.559 Y140.277
G1 F1500 X122.55 Y150.268 E2252.72516
G0 F9000 X122.535 Y149.688
G1 F1500 X112.559 Y139.712 E2253.1944
G0 F9000 X112.559 Y139.146
G1 F1500 X122.52 Y149.107 E2253.66294
G0 F9000 X122.504 Y148.526
G1 F1500 X112.559 Y138.58 E2254.13074
G0 F9000 X112.559 Y138.015
G1 F1500 X122.489 Y147.945 E2254.59782
G0 F9000 X122.474 Y147.364
G1 F1500 X112.559 Y137.449 E2255.06419
G0 F9000 X112.559 Y136.883
G1 F1500 X122.459 Y146.784 E2255.52988
G0 F9000 X122.444 Y146.202
G1 F1500 X112.559 Y136.318 E2255.99482
G0 F9000 X112.559 Y135.752
G1 F1500 X122.439 Y145.632 E2256.45954
G0 F9000 X122.439 Y145.067
G1 F1500 X112.559 Y135.186 E2256.92429
G0 F9000 X112.559 Y134.621
G1 F1500 X122.439 Y144.501 E2257.38902
G0 F9000 X122.439 Y143.935
G1 F1500 X112.559 Y134.055 E2257.85374
G0 F9000 X112.559 Y133.489
G1 F1500 X122.439 Y143.37 E2258.31849
G0 F9000 X122.439 Y142.804
G1 F1500 X112.559 Y132.924 E2258.78321
G0 F9000 X112.559 Y132.358
G1 F1500 X122.439 Y142.238 E2259.24794
G0 F9000 X122.439 Y141.673
G1 F1500 X112.559 Y131.792 E2259.71269
G0 F9000 X112.559 Y131.226
G1 F1500 X122.439 Y141.107 E2260.17744
G0 F9000 X122.439 Y140.541
G1 F1500 X112.559 Y130.661 E2260.64216
G0 F9000 X112.559 Y130.095
G1 F1500 X122.439 Y139.976 E2261.10691
G0 F9000 X122.439 Y139.41
G1 F1500 X112.559 Y129.529 E2261.57166
G0 F9000 X112.559 Y128.964
G1 F1500 X122.439 Y138.844 E2262.03638
G0 F9000 X122.439 Y138.278
G1 F1500 X112.559 Y128.398 E2262.50111
G0 F9000 X112.559 Y127.832
G1 F1500 X122.439 Y137.713 E2262.96586
G0 F9000 X122.439 Y137.147
G1 F1500 X112.559 Y127.267 E2263.43058
G0 F9000 X112.559 Y126.701
G1 F1500 X122.439 Y136.581 E2263.89531
G0 F9000 X122.439 Y136.016
G1 F1500 X112.559 Y126.135 E2264.36005
G0 F9000 X112.559 Y125.57
G1 F1500 X122.439 Y135.45 E2264.82478
G0 F9000 X122.439 Y134.884
G1 F1500 X112.559 Y125.004 E2265.2895
G0 F9000 X112.559 Y124.438
G1 F1500 X122.439 Y134.319 E2265.75425
G0 F9000 X122.439 Y133.753
G1 F1500 X112.559 Y123.873 E2266.21898
G0 F9000 X112.559 Y123.307
G1 F1500 X122.439 Y133.187 E2266.6837
G0 F9000 X122.439 Y132.622
G1 F1500 X112.559 Y122.741 E2267.14845
G0 F9000 X112.559 Y122.176
G1 F1500 X122.439 Y132.056 E2267.61318
G0 F9000 X122.439 Y131.49
G1 F1500 X112.559 Y121.61 E2268.0779
G0 F9000 X112.559 Y121.044
G1 F1500 X122.439 Y130.925 E2268.54265
G0 F9000 X122.439 Y130.359
G1 F1500 X112.559 Y120.478 E2269.0074
G0 F9000 X112.559 Y119.913
G1 F1500 X122.439 Y129.793 E2269.47212
G0 F9000 X122.439 Y129.228
G1 F1500 X112.559 Y119.347 E2269.93687
G0 F9000 X112.559 Y118.781
G1 F1500 X122.439 Y128.662 E2270.40162
G0 F9000 X122.439 Y128.096
G1 F1500 X112.559 Y118.216 E2270.86634
G0 F9000 X112.559 Y117.65
G1 F1500 X122.439 Y127.53 E2271.33107
G0 F9000 X122.439 Y126.965
G1 F1500 X112.559 Y117.084 E2271.79582
G0 F9000 X112.559 Y116.519
G1 F1500 X122.439 Y126.399 E2272.26054
G0 F9000 X122.439 Y125.833
G1 F1500 X112.559 Y115.953 E2272.72527
G0 F9000 X112.559 Y115.387
G1 F1500 X122.439 Y125.268 E2273.19002
G0 F9000 X122.439 Y124.702
G1 F1500 X112.559 Y114.822 E2273.65474
G0 F9000 X112.559 Y114.256
G1 F1500 X122.439 Y124.136 E2274.11946
G0 F9000 X122.439 Y123.571
G1 F1500 X112.559 Y113.69 E2274.58421
G0 F9000 X112.559 Y113.125
G1 F1500 X122.439 Y123.005 E2275.04894
G0 F9000 X122.439 Y122.439
G1 F1500 X112.559 Y112.559 E2275.51366
G0 F9000 X112.559 Y111.993
G1 F1500 X122.439 Y121.874 E2275.97841
G0 F9000 X122.439 Y121.308
G1 F1500 X112.559 Y111.428 E2276.44314
G0 F9000 X112.559 Y110.862
G1 F1500 X122.439 Y120.742 E2276.90786
G0 F9000 X122.439 Y120.177
G1 F1500 X112.559 Y110.296 E2277.37261
G0 F9000 X112.559 Y109.73
G1 F1500 X122.439 Y119.611 E2277.83736
G0 F9000 X122.439 Y119.045
G1 F1500 X112.559 Y109.165 E2278.30208
G0 F9000 X112.559 Y108.599
G1 F1500 X122.439 Y118.479 E2278.76681
G0 F9000 X122.439 Y117.914
G1 F1500 X112.559 Y108.033 E2279.23156
G0 F9000 X112.559 Y107.468
G1 F1500 X122.439 Y117.348 E2279.69628
G0 F9000 X122.439 Y116.782
G1 F1500 X112.559 Y106.902 E2280.16101
G0 F9000 X112.559 Y106.336
G1 F1500 X122.439 Y116.217 E2280.62575
G0 F9000 X122.439 Y115.651
G1 F1500 X112.559 Y105.771 E2281.09048
G0 F9000 X112.559 Y105.205
G1 F1500 X122.439 Y115.085 E2281.5552
G0 F9000 X122.439 Y114.52
G1 F1500 X112.559 Y104.639 E2282.01995
G0 F9000 X112.559 Y104.074
G1 F1500 X122.439 Y113.954 E2282.48468
G0 F9000 X122.439 Y113.388
G1 F1500 X112.559 Y103.508 E2282.9494
G0 F9000 X112.559 Y102.942
G1 F1500 X122.439 Y112.823 E2283.41415
G0 F9000 X122.439 Y112.257
G1 F1500 X112.559 Y102.377 E2283.87888
G0 F9000 X112.559 Y101.811
G1 F1500 X122.439 Y111.691 E2284.3436
G0 F9000 X122.439 Y111.126
G1 F1500 X112.559 Y101.245 E2284.80835
G0 F9000 X112.559 Y100.679
G1 F1500 X122.439 Y110.56 E2285.2731
G0 F9000 X122.439 Y109.994
G1 F1500 X112.559 Y100.114 E2285.73782
G0 F9000 X112.559 Y99.548
G1 F1500 X122.439 Y109.429 E2286.20257
G0 F9000 X122.439 Y108.863
G1 F1500 X112.559 Y98.982 E2286.66732
G0 F9000 X112.559 Y98.417
G1 F1500 X122.439 Y108.297 E2287.13204
G0 F9000 X122.439 Y107.731
G1 F1500 X112.559 Y97.851 E2287.59677
G0 F9000 X112.559 Y97.285
G1 F1500 X122.439 Y107.166 E2288.06152
G0 F9000 X122.439 Y106.6
G1 F1500 X112.559 Y96.72 E2288.52624
G0 F9000 X112.559 Y96.154
G1 F1500 X122.439 Y106.034 E2288.99097
G0 F9000 X122.439 Y105.469
G1 F1500 X112.559 Y95.588 E2289.45572
G0 F9000 X112.559 Y95.023
G1 F1500 X122.439 Y104.903 E2289.92044
G0 F9000 X122.439 Y104.337
G1 F1500 X112.559 Y94.457 E2290.38517
G0 F9000 X112.559 Y93.891
G1 F1500 X122.439 Y103.772 E2290.84991
G0 F9000 X122.439 Y103.206
G1 F1500 X112.559 Y93.326 E2291.31464
G0 F9000 X112.559 Y92.76
G1 F1500 X122.439 Y102.64 E2291.77936
G0 F9000 X122.439 Y102.075
G1 F1500 X112.559 Y92.194 E2292.24411
G0 F9000 X112.559 Y91.629
G1 F1500 X122.439 Y101.509 E2292.70884
G0 F9000 X122.439 Y100.943
G1 F1500 X112.559 Y91.063 E2293.17356
G0 F9000 X112.559 Y90.497
G1 F1500 X122.439 Y100.378 E2293.63831
G0 F9000 X122.439 Y99.812
G1 F1500 X112.559 Y89.931 E2294.10306
G0 F9000 X112.559 Y89.366
G1 F1500 X122.439 Y99.246 E2294.56778
G0 F9000 X122.439 Y98.68
G1 F1500 X112.555 Y88.796 E2295.0327
G0 F9000 X112.539 Y88.215
G1 F1500 X122.439 Y98.115 E2295.49836
G0 F9000 X122.439 Y97.549
G1 F1500 X112.524 Y87.634 E2295.96473
G0 F9000 X112.509 Y87.053
G1 F1500 X122.439 Y96.983 E2296.43181
G0 F9000 X122.439 Y96.418
G1 F1500 X112.494 Y86.472 E2296.89962
G0 F9000 X112.479 Y85.892
G1 F1500 X122.439 Y95.852 E2297.3681
G0 F9000 X122.439 Y95.286
G1 F1500 X112.463 Y85.311 E2297.83732
G0 F9000 X112.449 Y84.73
G1 F1500 X122.439 Y94.721 E2298.30724
G0 F9000 X122.439 Y94.155
G1 F1500 X112.433 Y84.149 E2298.7779
G0 F9000 X112.418 Y83.568
G1 F1500 X122.439 Y93.589 E2299.24925
G0 F9000 X122.439 Y93.024
G1 F1500 X112.403 Y82.987 E2299.72134
G0 F9000 X112.388 Y82.406
G1 F1500 X122.439 Y92.458 E2300.19413
G0 F9000 X122.439 Y91.892
G1 F1500 X112.373 Y81.826 E2300.6676
G0 F9000 X112.339 Y81.226
G1 F1500 X122.439 Y91.327 E2301.1427
G0 F9000 X122.439 Y90.761
G1 F1500 X112.291 Y80.613 E2301.62003
G0 F9000 X112.244 Y79.999
G1 F1500 X122.439 Y90.195 E2302.0996
G0 F9000 X122.439 Y89.63
G1 F1500 X112.196 Y79.386 E2302.58142
G0 F9000 X112.148 Y78.773
G1 F1500 X122.439 Y89.064 E2303.06548
G0 F9000 X122.451 Y88.509
G1 F1500 X112.101 Y78.16 E2303.55229
G0 F9000 X112.053 Y77.546
G1 F1500 X122.465 Y87.958 E2304.04203
G0 F9000 X122.479 Y87.406
G1 F1500 X112.005 Y76.933 E2304.53468
G0 F9000 X111.958 Y76.32
G1 F1500 X122.493 Y86.855 E2305.03021
G0 F9000 X122.507 Y86.303
G1 F1500 X111.91 Y75.707 E2305.52864
G0 F9000 X111.862 Y75.093
G1 F1500 X122.521 Y85.752 E2306.03
G0 F9000 X122.535 Y85.2
G1 F1500 X111.815 Y74.48 E2306.53424
G0 F9000 X111.746 Y73.845
G1 F1500 X122.55 Y84.649 E2307.04243
G0 F9000 X122.564 Y84.098
G1 F1500 X111.662 Y73.196 E2307.55522
G0 F9000 X111.578 Y72.546
G1 F1500 X122.579 Y83.546 E2308.07265
G0 F9000 X122.593 Y82.995
G1 F1500 X111.494 Y71.896 E2308.59472
G0 F9000 X111.409 Y71.245
G1 F1500 X122.607 Y82.443 E2309.12143
G0 F9000 X122.621 Y81.892
G1 F1500 X111.325 Y70.596 E2309.65276
G0 F9000 X111.241 Y69.946
G1 F1500 X122.651 Y81.356 E2310.18946
G0 F9000 X122.691 Y80.83
G1 F1500 X111.157 Y69.296 E2310.73198
G0 F9000 X111.073 Y68.646
G1 F1500 X122.732 Y80.306 E2311.28041
G0 F9000 X122.772 Y79.78
G1 F1500 X110.988 Y67.996 E2311.83469
G0 F9000 X110.904 Y67.346
G1 F1500 X122.813 Y79.256 E2312.39488
G0 F9000 X122.854 Y78.73
G1 F1500 X110.803 Y66.68 E2312.96169
G0 F9000 X110.677 Y65.988
G1 F1500 X122.895 Y78.206 E2313.53639
G0 F9000 X122.935 Y77.68
G1 F1500 X110.551 Y65.297 E2314.11887
G0 F9000 X110.425 Y64.604
G1 F1500 X122.976 Y77.155 E2314.70923
G0 F9000 X123.016 Y76.63
G1 F1500 X110.299 Y63.913 E2315.3074
G0 F9000 X110.172 Y63.221
G1 F1500 X123.057 Y76.105 E2315.91345
G0 F9000 X123.098 Y75.58
G1 F1500 X110.047 Y62.529 E2316.52733
G0 F9000 X109.92 Y61.837
G1 F1500 X123.139 Y75.055 E2317.14909
G0 F9000 X123.179 Y74.53
G1 F1500 X109.794 Y61.145 E2317.77868
G0 F9000 X109.668 Y60.454
G1 F1500 X123.231 Y74.016 E2318.41662
G0 F9000 X123.296 Y73.515
G1 F1500 X109.559 Y59.779 E2319.06274
G0 F9000 X109.559 Y59.213
G1 F1500 X123.36 Y73.014 E2319.71189
G0 F9000 X123.425 Y72.513
G1 F1500 X109.559 Y58.648 E2320.36409
G0 F9000 X109.559 Y58.082
G1 F1500 X123.49 Y72.013 E2321.01936
G0 F9000 X123.554 Y71.511
G1 F1500 X109.559 Y57.516 E2321.67764
G0 F9000 X109.559 Y56.951
G1 F1500 X123.619 Y71.011 E2322.33898
G0 F9000 X123.684 Y70.509
G1 F1500 X109.559 Y56.385 E2323.00335
G0 F9000 X109.559 Y55.819
G1 F1500 X123.749 Y70.009 E2323.67081
G0 F9000 X123.814 Y69.508
G1 F1500 X109.559 Y55.254 E2324.34129
G0 F9000 X109.559 Y54.688
G1 F1500 X123.878 Y69.007 E2325.01482
G0 F9000 X123.943 Y68.506
G1 F1500 X109.559 Y54.122 E2325.69139
G0 F9000 X109.559 Y53.556
G1 F1500 X124.008 Y68.005 E2326.37103
G0 F9000 X124.073 Y67.504
G1 F1500 X109.559 Y52.991 E2327.0537
G0 F9000 X109.559 Y52.425
G1 F1500 X124.138 Y67.004 E2327.73945
G0 F9000 X124.223 Y66.523
G1 F1500 X109.559 Y51.859 E2328.4292
G0 F9000 X109.559 Y51.294
G1 F1500 X124.31 Y66.045 E2329.12304
G0 F9000 X124.397 Y65.566
G1 F1500 X109.559 Y50.728 E2329.82098
G0 F9000 X109.559 Y50.162
G1 F1500 X124.485 Y65.088 E2330.52305
G0 F9000 X124.572 Y64.609
G1 F1500 X109.559 Y49.597 E2331.22919
G0 F9000 X109.559 Y49.031
G1 F1500 X124.659 Y64.131 E2331.93945
G0 F9000 X124.746 Y63.652
G1 F1500 X109.559 Y48.465 E2332.6538
G0 F9000 X109.559 Y47.9
G1 F1500 X124.834 Y63.174 E2333.37227
G0 F9000 X124.921 Y62.695
G1 F1500 X109.559 Y47.334 E2334.09482
G0 F9000 X109.559 Y46.768
G1 F1500 X125.007 Y62.216 E2334.82145
G0 F9000 X125.094 Y61.738
G1 F1500 X109.559 Y46.203 E2335.55217
G0 F9000 X109.559 Y45.637
G1 F1500 X125.181 Y61.259 E2336.28698
G0 F9000 X125.269 Y60.781
G1 F1500 X109.559 Y45.071 E2337.02593
G0 F9000 X109.559 Y44.506
G1 F1500 X125.356 Y60.302 E2337.76895
G0 F9000 X125.438 Y59.819
G1 F1500 X109.559 Y43.94 E2338.51585
G0 F9000 X109.559 Y43.374
G1 F1500 X125.438 Y59.253 E2339.26275
G0 F9000 X125.438 Y58.687
G1 F1500 X109.559 Y42.808 E2340.00965
G0 F9000 X109.559 Y42.243
G1 F1500 X125.438 Y58.122 E2340.75655
G0 F9000 X125.438 Y57.556
G1 F1500 X109.559 Y41.677 E2341.50345
G0 F9000 X109.559 Y41.111
G1 F1500 X125.438 Y56.99 E2342.25035
G0 F9000 X125.438 Y56.424
G1 F1500 X109.559 Y40.546 E2342.99722
G0 F9000 X109.559 Y39.98
G1 F1500 X125.438 Y55.859 E2343.74412
G0 F9000 X125.438 Y55.293
G1 F1500 X109.559 Y39.414 E2344.49102
G0 F9000 X109.559 Y38.849
G1 F1500 X125.438 Y54.727 E2345.2379
G0 F9000 X125.438 Y54.162
G1 F1500 X109.559 Y38.283 E2345.9848
G0 F9000 X109.559 Y37.717
G1 F1500 X125.438 Y53.596 E2346.7317
G0 F9000 X125.438 Y53.03
G1 F1500 X109.559 Y37.152 E2347.47857
G0 F9000 X109.559 Y36.586
G1 F1500 X125.438 Y52.465 E2348.22547
G0 F9000 X125.438 Y51.899
G1 F1500 X110.1 Y36.56 E2348.94695
G0 F9000 X110.665 Y36.56
G1 F1500 X125.438 Y51.333 E2349.64183
G0 F9000 X125.438 Y50.768
G1 F1500 X111.231 Y36.56 E2350.3101
G0 F9000 X111.797 Y36.56
G1 F1500 X125.438 Y50.202 E2350.95176
G0 F9000 X125.438 Y49.636
G1 F1500 X112.362 Y36.56 E2351.56681
G0 F9000 X112.928 Y36.56
G1 F1500 X125.438 Y49.071 E2352.15527
G0 F9000 X125.438 Y48.505
G1 F1500 X113.494 Y36.56 E2352.7171
G0 F9000 X114.059 Y36.56
G1 F1500 X125.438 Y47.939 E2353.25233
G0 F9000 X125.438 Y47.374
G1 F1500 X114.625 Y36.56 E2353.76097
G0 F9000 X115.191 Y36.56
G1 F1500 X125.438 Y46.808 E2354.24298
G0 F9000 X125.438 Y46.242
G1 F1500 X115.756 Y36.56 E2354.69839
G0 F9000 X116.322 Y36.56
G1 F1500 X125.438 Y45.676 E2355.12718
G0 F9000 X125.438 Y45.111
G1 F1500 X116.888 Y36.56 E2355.52937
G0 F9000 X117.453 Y36.56
G1 F1500 X125.438 Y44.545 E2355.90496
G0 F9000 X125.438 Y43.979
G1 F1500 X118.019 Y36.56 E2356.25392
G0 F9000 X118.585 Y36.56
G1 F1500 X125.438 Y43.414 E2356.57629
G0 F9000 X125.438 Y42.848
G1 F1500 X119.151 Y36.56 E2356.87204
G0 F9000 X119.716 Y36.56
G1 F1500 X125.438 Y42.282 E2357.14118
G0 F9000 X125.438 Y41.717
G1 F1500 X120.282 Y36.56 E2357.38373
G0 F9000 X120.848 Y36.56
G1 F1500 X125.438 Y41.151 E2357.59965
G0 F9000 X125.438 Y40.585
G1 F1500 X121.413 Y36.56 E2357.78897
G0 F9000 X121.979 Y36.56
G1 F1500 X125.438 Y40.02 E2357.9517
G0 F9000 X125.438 Y39.454
G1 F1500 X122.545 Y36.56 E2358.0878
G0 F9000 X123.11 Y36.56
G1 F1500 X125.438 Y38.888 E2358.1973
G0 F9000 X125.438 Y38.323
G1 F1500 X123.676 Y36.56 E2358.28021
G0 F9000 X124.242 Y36.56
G1 F1500 X125.438 Y37.757 E2358.33648
G0 F9000 X125.438 Y37.191
G1 F1500 X124.807 Y36.56 E2358.36617
G0 F9000 X125.373 Y36.56
G1 F1500 X125.438 Y36.626 E2358.36925
G1 F2700 E2353.36925
;MESH:NONMESH
G0 F300 X125.438 Y36.626 Z2.4
G0 F9000 X125.9 Y36.626
G0 X125.838 Y59.892
G0 X123.917 Y74.337
G0 X123.35 Y81.659
G0 X123.161 Y88.99
G0 X123.161 Y146.01
G0 X123.35 Y153.341
G0 X123.809 Y159.271
G0 X124.701 Y167.971
;TIME_ELAPSED:3266.562227
;LAYER:11
;TYPE:WALL-INNER
;MESH:D638-22 Tensile.STL
G1 F2700 E2358.36925
G1 F1500 X126 Y175.089 E2358.6099
G1 X126 Y175.858 E2358.63548
G1 X126 Y199 E2359.40518
G1 X109 Y199 E2359.97061
G1 X109 Y175.093 E2360.76576
G1 X110.299 Y167.972 E2361.00651
G1 X111.245 Y160.664 E2361.2516
G1 X111.812 Y153.324 E2361.49646
G1 X112 Y146.027 E2361.73924
G1 X112 Y88.973 E2363.63686
G1 X111.81 Y81.625 E2363.88134
G1 X111.246 Y74.345 E2364.1242
G1 X110.299 Y67.028 E2364.3696
G1 X109.001 Y59.911 E2364.61021
G1 X109 Y36 E2365.4055
G1 X126 Y36 E2365.97092
G1 X125.999 Y59.907 E2366.76607
G1 X124.701 Y67.027 E2367.00678
G1 X123.754 Y74.346 E2367.25224
G1 X123.19 Y81.624 E2367.49504
G1 X123 Y88.973 E2367.73955
G1 X123 Y146.027 E2369.63717
G1 X123.188 Y153.323 E2369.87992
G1 X123.754 Y160.654 E2370.12447
G1 X124.701 Y167.971 E2370.36987
G1 F2700 E2365.36987
G0 F9000 X125.839 Y175.105
G0 X125.828 Y198.828
G0 X108.87 Y199.13
G1 F2700 E2370.36987
G0 F9000 X108.6 Y199.4
G1 F1500 X126.4 Y199.4 E2370.9619
G1 X126.4 Y175.858 E2371.74491
G1 X126.4 Y175.053 E2371.77168
G1 X125.094 Y167.894 E2372.01372
G1 X124.156 Y160.654 E2372.25654
G1 X123.589 Y153.343 E2372.50043
G1 X123.4 Y146.017 E2372.74418
G1 X123.4 Y88.983 E2374.64113
G1 X123.589 Y81.655 E2374.88495
G1 X124.156 Y74.346 E2375.12877
G1 X125.094 Y67.104 E2375.37166
G1 X126.399 Y59.943 E2375.61376
G1 X126.4 Y35.6 E2376.42341
G1 X108.6 Y35.6 E2377.01544
G1 X108.601 Y59.947 E2377.82522
G1 X109.906 Y67.105 E2378.06722
G1 X110.847 Y74.376 E2378.31107
G1 X111.411 Y81.656 E2378.55393
G1 X111.6 Y88.983 E2378.79771
G1 X111.6 Y146.017 E2380.69467
G1 X111.411 Y153.345 E2380.93848
G1 X110.844 Y160.654 E2381.18231
G1 X109.906 Y167.896 E2381.42519
G1 X108.6 Y175.057 E2381.6673
G1 X108.6 Y199.4 E2382.47695
G1 F2700 E2377.47695
G0 F9000 X108.87 Y199.13
G0 X125.828 Y198.828
G0 X125.839 Y175.105
G0 X124.797 Y167.931
G1 F2700 E2382.47695
G0 F9000 X125.491 Y167.842
;TYPE:WALL-OUTER
G1 F1500 X126.8 Y175.017 E2382.71953
G1 X126.8 Y175.858 E2382.7475
G1 X126.8 Y199.8 E2383.54381
G1 X108.2 Y199.8 E2384.16245
G1 X108.2 Y175.021 E2384.9866
G1 X109.507 Y167.854 E2385.22891
G1 X110.447 Y160.602 E2385.47213
G1 X111.012 Y153.314 E2385.71526
G1 X111.2 Y146.007 E2385.95837
G1 X111.2 Y88.993 E2387.85466
G1 X111.012 Y81.697 E2388.09741
G1 X110.448 Y74.407 E2388.3406
G1 X109.509 Y67.157 E2388.58375
G1 X108.201 Y59.983 E2388.82629
G1 X108.2 Y35.2 E2389.65058
G1 X126.8 Y35.2 E2390.26922
G1 X126.799 Y59.979 E2391.09337
G1 X125.493 Y67.146 E2391.33567
G1 X124.553 Y74.398 E2391.57889
G1 X123.988 Y81.686 E2391.82202
G1 X123.8 Y88.993 E2392.06513
G1 X123.8 Y146.007 E2393.96142
G1 X123.988 Y153.302 E2394.20414
G1 X124.552 Y160.592 E2394.44733
G1 X125.491 Y167.842 E2394.69048
G0 F9000 X124.797 Y167.931
G0 X124.341 Y168.004
;TYPE:SKIN
G1 F1500 X125.64 Y175.122 E2394.93113
G1 X125.64 Y175.858 E2394.95561
G1 X125.64 Y198.64 E2395.71335
G1 X109.36 Y198.64 E2396.25482
G1 X109.36 Y175.128 E2397.03683
G1 X110.657 Y168.017 E2397.27725
G1 X111.598 Y160.752 E2397.5209
G1 X112.172 Y153.343 E2397.76806
G1 X112.36 Y146.04 E2398.01104
G1 X112.36 Y88.961 E2399.9095
G1 X112.169 Y81.606 E2400.15421
G1 X111.599 Y74.258 E2400.39934
G1 X110.659 Y66.995 E2400.64292
G1 X109.361 Y59.879 E2400.88351
G1 X109.361 Y36.361 E2401.66572
G1 X125.639 Y36.361 E2402.20713
G1 X125.639 Y59.872 E2402.98911
G1 X124.343 Y66.983 E2403.22952
G1 X123.402 Y74.247 E2403.47314
G1 X122.828 Y81.657 E2403.72033
G1 X122.64 Y88.961 E2403.96334
G1 X122.64 Y146.04 E2405.8618
G1 X122.831 Y153.391 E2406.10638
G1 X123.401 Y160.741 E2406.35157
G1 X124.341 Y168.004 E2406.59516
G1 F2700 E2401.59516
G0 F9000 X124.597 Y167.957
G0 X125.839 Y175.105
G0 X125.9 Y198.132
G1 F2700 E2406.59516
G0 F9000 X125.44 Y198.132
G1 F1500 X125.133 Y198.438 E2406.60957
G0 F9000 X124.567 Y198.438
G1 F1500 X125.44 Y197.566 E2406.65061
G0 F9000 X125.44 Y197
G1 F1500 X124.001 Y198.438 E2406.71828
G0 F9000 X123.436 Y198.438
G1 F1500 X125.44 Y196.434 E2406.81254
G0 F9000 X125.44 Y195.869
G1 F1500 X122.87 Y198.438 E2406.9334
G0 F9000 X122.304 Y198.438
G1 F1500 X125.44 Y195.303 E2407.08088
G0 F9000 X125.44 Y194.737
G1 F1500 X121.739 Y198.438 E2407.25497
G0 F9000 X121.173 Y198.438
G1 F1500 X125.44 Y194.172 E2407.45565
G0 F9000 X125.44 Y193.606
G1 F1500 X120.607 Y198.438 E2407.68296
G0 F9000 X120.041 Y198.438
G1 F1500 X125.44 Y193.04 E2407.93688
G0 F9000 X125.44 Y192.475
G1 F1500 X119.476 Y198.438 E2408.21739
G0 F9000 X118.91 Y198.438
G1 F1500 X125.44 Y191.909 E2408.52452
G0 F9000 X125.44 Y191.343
G1 F1500 X118.344 Y198.438 E2408.85827
G0 F9000 X117.779 Y198.438
G1 F1500 X125.44 Y190.778 E2409.21859
G0 F9000 X125.44 Y190.212
G1 F1500 X117.213 Y198.438 E2409.60554
G0 F9000 X116.647 Y198.438
G1 F1500 X125.44 Y189.646 E2410.01912
G0 F9000 X125.44 Y189.081
G1 F1500 X116.082 Y198.438 E2410.45926
G0 F9000 X115.516 Y198.438
G1 F1500 X125.44 Y188.515 E2410.92603
G0 F9000 X125.44 Y187.949
G1 F1500 X114.95 Y198.438 E2411.41943
G0 F9000 X114.385 Y198.438
G1 F1500 X125.44 Y187.384 E2411.9394
G0 F9000 X125.44 Y186.818
G1 F1500 X113.819 Y198.438 E2412.48599
G0 F9000 X113.253 Y198.438
G1 F1500 X125.44 Y186.252 E2413.05921
G0 F9000 X125.44 Y185.686
G1 F1500 X112.688 Y198.438 E2413.65902
G0 F9000 X112.122 Y198.438
G1 F1500 X125.44 Y185.121 E2414.28544
G0 F9000 X125.44 Y184.555
G1 F1500 X111.556 Y198.438 E2414.93847
G0 F9000 X110.991 Y198.438
G1 F1500 X125.44 Y183.989 E2415.61811
G0 F9000 X125.44 Y183.424
G1 F1500 X110.425 Y198.438 E2416.32435
G0 F9000 X109.859 Y198.438
G1 F1500 X125.44 Y182.858 E2417.05721
G0 F9000 X125.44 Y182.292
G1 F1500 X109.559 Y198.173 E2417.8042
G0 F9000 X109.559 Y197.607
G1 F1500 X125.44 Y181.727 E2418.55117
G0 F9000 X125.44 Y181.161
G1 F1500 X109.559 Y197.041 E2419.29814
G0 F9000 X109.559 Y196.475
G1 F1500 X125.44 Y180.595 E2420.04511
G0 F9000 X125.44 Y180.03
G1 F1500 X109.559 Y195.91 E2420.79208
G0 F9000 X109.559 Y195.344
G1 F1500 X125.44 Y179.464 E2421.53905
G0 F9000 X125.44 Y178.898
G1 F1500 X109.559 Y194.778 E2422.28602
G0 F9000 X109.559 Y194.213
G1 F1500 X125.44 Y178.333 E2423.03299
G0 F9000 X125.44 Y177.767
G1 F1500 X109.559 Y193.647 E2423.77996
G0 F9000 X109.559 Y193.081
G1 F1500 X125.44 Y177.201 E2424.52693
G0 F9000 X125.44 Y176.635
G1 F1500 X109.559 Y192.516 E2425.27392
G0 F9000 X109.559 Y191.95
G1 F1500 X125.44 Y176.07 E2426.02089
G0 F9000 X125.44 Y175.504
G1 F1500 X109.559 Y191.384 E2426.76786
G0 F9000 X109.559 Y190.819
G1 F1500 X125.408 Y174.97 E2427.51335
G0 F9000 X125.321 Y174.492
G1 F1500 X109.559 Y190.253 E2428.25472
G0 F9000 X109.559 Y189.687
G1 F1500 X125.234 Y174.013 E2428.992
G0 F9000 X125.146 Y173.535
G1 F1500 X109.559 Y189.122 E2429.72517
G0 F9000 X109.559 Y188.556
G1 F1500 X125.059 Y173.056 E2430.45424
G0 F9000 X124.971 Y172.578
G1 F1500 X109.559 Y187.99 E2431.17917
G0 F9000 X109.559 Y187.425
G1 F1500 X124.884 Y172.099 E2431.90004
G0 F9000 X124.797 Y171.621
G1 F1500 X109.559 Y186.859 E2432.61679
G0 F9000 X109.559 Y186.293
G1 F1500 X124.71 Y171.143 E2433.32942
G0 F9000 X124.623 Y170.664
G1 F1500 X109.559 Y185.727 E2434.03796
G0 F9000 X109.559 Y185.162
G1 F1500 X124.535 Y170.186 E2434.74239
G0 F9000 X124.448 Y169.707
G1 F1500 X109.559 Y184.596 E2435.44272
G0 F9000 X109.559 Y184.03
G1 F1500 X124.36 Y169.229 E2436.13891
G0 F9000 X124.274 Y168.751
G1 F1500 X109.559 Y183.465 E2436.83104
G0 F9000 X109.559 Y182.899
G1 F1500 X124.186 Y168.273 E2437.51902
G0 F9000 X124.111 Y167.782
G1 F1500 X109.559 Y182.333 E2438.20348
G0 F9000 X109.559 Y181.768
G1 F1500 X124.046 Y167.281 E2438.88491
G0 F9000 X123.981 Y166.781
G1 F1500 X109.559 Y181.202 E2439.56325
G0 F9000 X109.559 Y180.636
G1 F1500 X123.916 Y166.28 E2440.23854
G0 F9000 X123.851 Y165.779
G1 F1500 X109.559 Y180.071 E2440.91079
G0 F9000 X109.559 Y179.505
G1 F1500 X123.786 Y165.278 E2441.57998
G0 F9000 X123.721 Y164.777
G1 F1500 X109.559 Y178.939 E2442.24612
G0 F9000 X109.559 Y178.374
G1 F1500 X123.656 Y164.277 E2442.9092
G0 F9000 X123.591 Y163.776
G1 F1500 X109.559 Y177.808 E2443.56922
G0 F9000 X109.559 Y177.242
G1 F1500 X123.527 Y163.275 E2444.22621
G0 F9000 X123.462 Y162.774
G1 F1500 X109.559 Y176.676 E2444.88014
G0 F9000 X109.559 Y176.111
G1 F1500 X123.397 Y162.273 E2445.53104
G0 F9000 X123.332 Y161.773
G1 F1500 X109.559 Y175.545 E2446.17885
G0 F9000 X109.597 Y174.942
G1 F1500 X123.267 Y161.272 E2446.82185
G0 F9000 X123.202 Y160.771
G1 F1500 X109.723 Y174.25 E2447.45586
G0 F9000 X109.849 Y173.558
G1 F1500 X123.161 Y160.246 E2448.08201
G0 F9000 X123.121 Y159.721
G1 F1500 X109.975 Y172.867 E2448.70036
G0 F9000 X110.102 Y172.174
G1 F1500 X123.08 Y159.196 E2449.31081
G0 F9000 X123.039 Y158.671
G1 F1500 X110.228 Y171.483 E2449.91342
G0 F9000 X110.354 Y170.791
G1 F1500 X122.999 Y158.146 E2450.5082
G0 F9000 X122.958 Y157.621
G1 F1500 X110.48 Y170.099 E2451.09513
G0 F9000 X110.607 Y169.407
G1 F1500 X122.917 Y157.096 E2451.67418
G0 F9000 X122.876 Y156.571
G1 F1500 X110.732 Y168.715 E2452.24539
G0 F9000 X110.858 Y168.024
G1 F1500 X122.835 Y156.047 E2452.80876
G0 F9000 X122.795 Y155.521
G1 F1500 X110.942 Y167.374 E2453.36628
G0 F9000 X111.026 Y166.725
G1 F1500 X122.754 Y154.997 E2453.91793
G0 F9000 X122.713 Y154.472
G1 F1500 X111.11 Y166.075 E2454.4637
G0 F9000 X111.194 Y165.425
G1 F1500 X122.673 Y153.947 E2455.00362
G0 F9000 X122.632 Y153.422
G1 F1500 X111.278 Y164.775 E2455.53765
G0 F9000 X111.362 Y164.126
G1 F1500 X122.617 Y152.871 E2456.06705
G0 F9000 X122.603 Y152.319
G1 F1500 X111.446 Y163.476 E2456.59184
G0 F9000 X111.53 Y162.826
G1 F1500 X122.588 Y151.768 E2457.11198
G0 F9000 X122.574 Y151.217
G1 F1500 X111.614 Y162.177 E2457.6275
G0 F9000 X111.698 Y161.527
G1 F1500 X122.559 Y150.666 E2458.13837
G0 F9000 X122.545 Y150.114
G1 F1500 X111.782 Y160.878 E2458.64465
G0 F9000 X111.836 Y160.257
G1 F1500 X122.53 Y149.563 E2459.14766
G0 F9000 X122.516 Y149.012
G1 F1500 X111.884 Y159.644 E2459.64776
G0 F9000 X111.931 Y159.031
G1 F1500 X122.502 Y148.46 E2460.14499
G0 F9000 X122.487 Y147.909
G1 F1500 X111.978 Y158.418 E2460.6393
G0 F9000 X112.026 Y157.805
G1 F1500 X122.473 Y147.358 E2461.13069
G0 F9000 X122.459 Y146.806
G1 F1500 X112.074 Y157.191 E2461.61917
G0 F9000 X112.121 Y156.578
G1 F1500 X122.444 Y146.255 E2462.10474
G0 F9000 X122.439 Y145.695
G1 F1500 X112.169 Y155.965 E2462.58781
G0 F9000 X112.216 Y155.352
G1 F1500 X122.439 Y145.13 E2463.06864
G0 F9000 X122.439 Y144.564
G1 F1500 X112.263 Y154.739 E2463.54726
G0 F9000 X112.311 Y154.126
G1 F1500 X122.439 Y143.998 E2464.02365
G0 F9000 X122.439 Y143.433
G1 F1500 X112.358 Y153.513 E2464.49781
G0 F9000 X112.383 Y152.923
G1 F1500 X122.439 Y142.867 E2464.97081
G0 F9000 X122.439 Y142.301
G1 F1500 X112.398 Y152.342 E2465.44311
G0 F9000 X112.413 Y151.762
G1 F1500 X122.439 Y141.736 E2465.9147
G0 F9000 X122.439 Y141.17
G1 F1500 X112.427 Y151.181 E2466.38561
G0 F9000 X112.442 Y150.601
G1 F1500 X122.439 Y140.604 E2466.85584
G0 F9000 X122.439 Y140.038
G1 F1500 X112.457 Y150.02 E2467.32537
G0 F9000 X112.473 Y149.439
G1 F1500 X122.439 Y139.473 E2467.79414
G0 F9000 X122.439 Y138.907
G1 F1500 X112.487 Y148.858 E2468.26222
G0 F9000 X112.502 Y148.278
G1 F1500 X122.439 Y138.341 E2468.72963
G0 F9000 X122.439 Y137.776
G1 F1500 X112.517 Y147.697 E2469.19631
G0 F9000 X112.532 Y147.117
G1 F1500 X122.439 Y137.21 E2469.6623
G0 F9000 X122.439 Y136.644
G1 F1500 X112.548 Y146.535 E2470.12754
G0 F9000 X112.56 Y145.958
G1 F1500 X122.439 Y136.079 E2470.59222
G0 F9000 X122.439 Y135.513
G1 F1500 X112.56 Y145.392 E2471.0569
G0 F9000 X112.56 Y144.826
G1 F1500 X122.439 Y134.947 E2471.52158
G0 F9000 X122.439 Y134.382
G1 F1500 X112.56 Y144.261 E2471.98625
G0 F9000 X112.56 Y143.695
G1 F1500 X122.439 Y133.816 E2472.45093
G0 F9000 X122.439 Y133.25
G1 F1500 X112.56 Y143.129 E2472.91561
G0 F9000 X112.56 Y142.564
G1 F1500 X122.439 Y132.685 E2473.38029
G0 F9000 X122.439 Y132.119
G1 F1500 X112.56 Y141.998 E2473.84497
G0 F9000 X112.56 Y141.432
G1 F1500 X122.439 Y131.553 E2474.30964
G0 F9000 X122.439 Y130.987
G1 F1500 X112.56 Y140.866 E2474.77432
G0 F9000 X112.56 Y140.301
G1 F1500 X122.439 Y130.422 E2475.239
G0 F9000 X122.439 Y129.856
G1 F1500 X112.56 Y139.735 E2475.70368
G0 F9000 X112.56 Y139.169
G1 F1500 X122.439 Y129.29 E2476.16836
G0 F9000 X122.439 Y128.725
G1 F1500 X112.56 Y138.604 E2476.63303
G0 F9000 X112.56 Y138.038
G1 F1500 X122.439 Y128.159 E2477.09771
G0 F9000 X122.439 Y127.593
G1 F1500 X112.56 Y137.472 E2477.56239
G0 F9000 X112.56 Y136.907
G1 F1500 X122.439 Y127.028 E2478.02707
G0 F9000 X122.439 Y126.462
G1 F1500 X112.56 Y136.341 E2478.49175
G0 F9000 X112.56 Y135.775
G1 F1500 X122.439 Y125.896 E2478.95642
G0 F9000 X122.439 Y125.331
G1 F1500 X112.56 Y135.21 E2479.4211
G0 F9000 X112.56 Y134.644
G1 F1500 X122.439 Y124.765 E2479.88578
G0 F9000 X122.439 Y124.199
G1 F1500 X112.56 Y134.078 E2480.35046
G0 F9000 X112.56 Y133.513
G1 F1500 X122.439 Y123.634 E2480.81513
G0 F9000 X122.439 Y123.068
G1 F1500 X112.56 Y132.947 E2481.27981
G0 F9000 X112.56 Y132.381
G1 F1500 X122.439 Y122.502 E2481.74449
G0 F9000 X122.439 Y121.937
G1 F1500 X112.56 Y131.816 E2482.20917
G0 F9000 X112.56 Y131.25
G1 F1500 X122.439 Y121.371 E2482.67385
G0 F9000 X122.439 Y120.805
G1 F1500 X112.56 Y130.684 E2483.13852
G0 F9000 X112.56 Y130.118
G1 F1500 X122.439 Y120.239 E2483.6032
G0 F9000 X122.439 Y119.674
G1 F1500 X112.56 Y129.553 E2484.06788
G0 F9000 X112.56 Y128.987
G1 F1500 X122.439 Y119.108 E2484.53256
G0 F9000 X122.439 Y118.542
G1 F1500 X112.56 Y128.421 E2484.99724
G0 F9000 X112.56 Y127.856
G1 F1500 X122.439 Y117.977 E2485.46191
G0 F9000 X122.439 Y117.411
G1 F1500 X112.56 Y127.29 E2485.92659
G0 F9000 X112.56 Y126.724
G1 F1500 X122.439 Y116.845 E2486.39127
G0 F9000 X122.439 Y116.28
G1 F1500 X112.56 Y126.159 E2486.85595
G0 F9000 X112.56 Y125.593
G1 F1500 X122.439 Y115.714 E2487.32062
G0 F9000 X122.439 Y115.148
G1 F1500 X112.56 Y125.027 E2487.7853
G0 F9000 X112.56 Y124.462
G1 F1500 X122.439 Y114.583 E2488.24998
G0 F9000 X122.439 Y114.017
G1 F1500 X112.56 Y123.896 E2488.71466
G0 F9000 X112.56 Y123.33
G1 F1500 X122.439 Y113.451 E2489.17934
G0 F9000 X122.439 Y112.886
G1 F1500 X112.56 Y122.765 E2489.64401
G0 F9000 X112.56 Y122.199
G1 F1500 X122.439 Y112.32 E2490.10869
G0 F9000 X122.439 Y111.754
G1 F1500 X112.56 Y121.633 E2490.57337
G0 F9000 X112.56 Y121.067
G1 F1500 X122.439 Y111.189 E2491.03802
G0 F9000 X122.439 Y110.623
G1 F1500 X112.56 Y120.502 E2491.5027
G0 F9000 X112.56 Y119.936
G1 F1500 X122.439 Y110.057 E2491.96738
G0 F9000 X122.439 Y109.491
G1 F1500 X112.56 Y119.37 E2492.43206
G0 F9000 X112.56 Y118.805
G1 F1500 X122.439 Y108.926 E2492.89674
G0 F9000 X122.439 Y108.36
G1 F1500 X112.56 Y118.239 E2493.36141
G0 F9000 X112.56 Y117.673
G1 F1500 X122.439 Y107.794 E2493.82609
G0 F9000 X122.439 Y107.229
G1 F1500 X112.56 Y117.108 E2494.29077
G0 F9000 X112.56 Y116.542
G1 F1500 X122.439 Y106.663 E2494.75545
G0 F9000 X122.439 Y106.097
G1 F1500 X112.56 Y115.976 E2495.22012
G0 F9000 X112.56 Y115.411
G1 F1500 X122.439 Y105.532 E2495.6848
G0 F9000 X122.439 Y104.966
G1 F1500 X112.56 Y114.845 E2496.14948
G0 F9000 X112.56 Y114.279
G1 F1500 X122.439 Y104.4 E2496.61416
G0 F9000 X122.439 Y103.835
G1 F1500 X112.56 Y113.714 E2497.07884
G0 F9000 X112.56 Y113.148
G1 F1500 X122.439 Y103.269 E2497.54351
G0 F9000 X122.439 Y102.703
G1 F1500 X112.56 Y112.582 E2498.00819
G0 F9000 X112.56 Y112.017
G1 F1500 X122.439 Y102.138 E2498.47287
G0 F9000 X122.439 Y101.572
G1 F1500 X112.56 Y111.451 E2498.93755
G0 F9000 X112.56 Y110.885
G1 F1500 X122.439 Y101.006 E2499.40223
G0 F9000 X122.439 Y100.44
G1 F1500 X112.56 Y110.319 E2499.8669
G0 F9000 X112.56 Y109.754
G1 F1500 X122.439 Y99.875 E2500.33158
G0 F9000 X122.439 Y99.309
G1 F1500 X112.56 Y109.188 E2500.79626
G0 F9000 X112.56 Y108.622
G1 F1500 X122.439 Y98.743 E2501.26094
G0 F9000 X122.439 Y98.178
G1 F1500 X112.56 Y108.057 E2501.72562
G0 F9000 X112.56 Y107.491
G1 F1500 X122.439 Y97.612 E2502.19029
G0 F9000 X122.439 Y97.046
G1 F1500 X112.56 Y106.925 E2502.65497
G0 F9000 X112.56 Y106.36
G1 F1500 X122.439 Y96.481 E2503.11965
G0 F9000 X122.439 Y95.915
G1 F1500 X112.56 Y105.794 E2503.58433
G0 F9000 X112.56 Y105.228
G1 F1500 X122.439 Y95.349 E2504.049
G0 F9000 X122.439 Y94.784
G1 F1500 X112.56 Y104.663 E2504.51368
G0 F9000 X112.56 Y104.097
G1 F1500 X122.439 Y94.218 E2504.97836
G0 F9000 X122.439 Y93.652
G1 F1500 X112.56 Y103.531 E2505.44304
G0 F9000 X112.56 Y102.966
G1 F1500 X122.439 Y93.087 E2505.90772
G0 F9000 X122.439 Y92.521
G1 F1500 X112.56 Y102.4 E2506.37239
G0 F9000 X112.56 Y101.834
G1 F1500 X122.439 Y91.955 E2506.83707
G0 F9000 X122.439 Y91.39
G1 F1500 X112.56 Y101.269 E2507.30175
G0 F9000 X112.56 Y100.703
G1 F1500 X122.439 Y90.824 E2507.76643
G0 F9000 X122.439 Y90.258
G1 F1500 X112.56 Y100.137 E2508.23111
G0 F9000 X112.56 Y99.571
G1 F1500 X122.439 Y89.692 E2508.69578
G0 F9000 X122.439 Y89.127
G1 F1500 X112.56 Y99.006 E2509.16046
G0 F9000 X112.56 Y98.44
G1 F1500 X122.448 Y88.551 E2509.62559
G0 F9000 X122.463 Y87.971
G1 F1500 X112.56 Y97.874 E2510.09139
G0 F9000 X112.56 Y97.309
G1 F1500 X122.479 Y87.389 E2510.55798
G0 F9000 X122.494 Y86.809
G1 F1500 X112.56 Y96.743 E2511.02524
G0 F9000 X112.56 Y96.177
G1 F1500 X122.509 Y86.228 E2511.49321
G0 F9000 X122.523 Y85.648
G1 F1500 X112.56 Y95.612 E2511.96186
G0 F9000 X112.56 Y95.046
G1 F1500 X122.538 Y85.067 E2512.43122
G0 F9000 X122.553 Y84.487
G1 F1500 X112.56 Y94.48 E2512.90126
G0 F9000 X112.56 Y93.915
G1 F1500 X122.569 Y83.905 E2513.37208
G0 F9000 X122.584 Y83.325
G1 F1500 X112.56 Y93.349 E2513.84358
G0 F9000 X112.56 Y92.783
G1 F1500 X122.598 Y82.744 E2514.31576
G0 F9000 X122.613 Y82.164
G1 F1500 X112.56 Y92.218 E2514.78864
G0 F9000 X112.56 Y91.652
G1 F1500 X122.633 Y81.578 E2515.26247
G0 F9000 X122.68 Y80.965
G1 F1500 X112.56 Y91.086 E2515.73851
G0 F9000 X112.56 Y90.52
G1 F1500 X122.728 Y80.352 E2516.21678
G0 F9000 X122.775 Y79.739
G1 F1500 X112.56 Y89.955 E2516.69728
G0 F9000 X112.56 Y89.389
G1 F1500 X122.823 Y79.126 E2517.18002
G0 F9000 X122.87 Y78.513
G1 F1500 X112.556 Y88.827 E2517.66516
G0 F9000 X112.541 Y88.276
G1 F1500 X122.917 Y77.9 E2518.15322
G0 F9000 X122.965 Y77.287
G1 F1500 X112.527 Y87.725 E2518.64419
G0 F9000 X112.513 Y87.173
G1 F1500 X123.012 Y76.674 E2519.13803
G0 F9000 X123.06 Y76.06
G1 F1500 X112.498 Y86.622 E2519.63483
G0 F9000 X112.484 Y86.071
G1 F1500 X123.107 Y75.447 E2520.13453
G0 F9000 X123.155 Y74.834
G1 F1500 X112.47 Y85.519 E2520.63712
G0 F9000 X112.455 Y84.968
G1 F1500 X123.204 Y74.22 E2521.1427
G0 F9000 X123.288 Y73.57
G1 F1500 X112.441 Y84.417 E2521.65291
G0 F9000 X112.427 Y83.865
G1 F1500 X123.371 Y72.921 E2522.16768
G0 F9000 X123.455 Y72.271
G1 F1500 X112.412 Y83.314 E2522.68711
G0 F9000 X112.398 Y82.763
G1 F1500 X123.54 Y71.621 E2523.21119
G0 F9000 X123.624 Y70.971
G1 F1500 X112.384 Y82.211 E2523.73989
G0 F9000 X112.369 Y81.66
G1 F1500 X123.708 Y70.321 E2524.27324
G0 F9000 X123.792 Y69.671
G1 F1500 X112.332 Y81.132 E2524.81231
G0 F9000 X112.292 Y80.606
G1 F1500 X123.876 Y69.022 E2525.35718
G0 F9000 X123.96 Y68.372
G1 F1500 X112.251 Y80.081 E2525.90794
G0 F9000 X112.21 Y79.557
G1 F1500 X124.044 Y67.723 E2526.46457
G0 F9000 X124.128 Y67.073
G1 F1500 X112.169 Y79.031 E2527.02706
G0 F9000 X112.128 Y78.507
G1 F1500 X124.247 Y66.388 E2527.5971
G0 F9000 X124.373 Y65.696
G1 F1500 X112.088 Y77.981 E2528.17495
G0 F9000 X112.047 Y77.457
G1 F1500 X124.499 Y65.005 E2528.76066
G0 F9000 X124.625 Y64.313
G1 F1500 X112.006 Y76.932 E2529.35422
G0 F9000 X111.966 Y76.407
G1 F1500 X124.751 Y63.621 E2529.95561
G0 F9000 X124.877 Y62.93
G1 F1500 X111.925 Y75.882 E2530.56483
G0 F9000 X111.884 Y75.357
G1 F1500 X125.003 Y62.238 E2531.18191
G0 F9000 X125.129 Y61.546
G1 F1500 X111.843 Y74.832 E2531.80684
G0 F9000 X111.802 Y74.307
G1 F1500 X125.255 Y60.855 E2532.4396
G0 F9000 X125.381 Y60.163
G1 F1500 X111.741 Y73.802 E2533.08116
G0 F9000 X111.676 Y73.302
G1 F1500 X125.437 Y59.541 E2533.72844
G0 F9000 X125.437 Y58.975
G1 F1500 X111.611 Y72.801 E2534.37877
G0 F9000 X111.547 Y72.3
G1 F1500 X125.437 Y58.409 E2535.03214
G0 F9000 X125.437 Y57.844
G1 F1500 X111.482 Y71.799 E2535.68854
G0 F9000 X111.417 Y71.298
G1 F1500 X125.437 Y57.278 E2536.348
G0 F9000 X125.437 Y56.712
G1 F1500 X111.352 Y70.798 E2537.01054
G0 F9000 X111.287 Y70.297
G1 F1500 X125.437 Y56.147 E2537.67611
G0 F9000 X125.437 Y55.581
G1 F1500 X111.222 Y69.796 E2538.34474
G0 F9000 X111.157 Y69.295
G1 F1500 X125.437 Y55.015 E2539.01643
G0 F9000 X125.437 Y54.45
G1 F1500 X111.092 Y68.795 E2539.69117
G0 F9000 X111.027 Y68.294
G1 F1500 X125.437 Y53.884 E2540.36897
G0 F9000 X125.437 Y53.318
G1 F1500 X110.962 Y67.793 E2541.04983
G0 F9000 X110.898 Y67.292
G1 F1500 X125.437 Y52.752 E2541.73373
G0 F9000 X125.437 Y52.187
G1 F1500 X110.826 Y66.798 E2542.42098
G0 F9000 X110.739 Y66.32
G1 F1500 X125.437 Y51.621 E2543.11236
G0 F9000 X125.437 Y51.055
G1 F1500 X110.651 Y65.842 E2543.80787
G0 F9000 X110.564 Y65.363
G1 F1500 X125.437 Y50.49 E2544.50745
G0 F9000 X125.437 Y49.924
G1 F1500 X110.476 Y64.885 E2545.21117
G0 F9000 X110.389 Y64.406
G1 F1500 X125.437 Y49.358 E2545.91898
G0 F9000 X125.437 Y48.793
G1 F1500 X110.303 Y63.928 E2546.63086
G0 F9000 X110.215 Y63.45
G1 F1500 X125.437 Y48.227 E2547.34688
G0 F9000 X125.437 Y47.661
G1 F1500 X110.128 Y62.971 E2548.06699
G0 F9000 X110.04 Y62.493
G1 F1500 X125.437 Y47.096 E2548.79122
G0 F9000 X125.437 Y46.53
G1 F1500 X109.953 Y62.014 E2549.51954
G0 F9000 X109.866 Y61.535
G1 F1500 X125.437 Y45.964 E2550.25195
G0 F9000 X125.437 Y45.399
G1 F1500 X109.779 Y61.057 E2550.98845
G0 F9000 X109.692 Y60.579
G1 F1500 X125.437 Y44.833 E2551.72907
G0 F9000 X125.437 Y44.267
G1 F1500 X109.605 Y60.1 E2552.47379
G0 F9000 X109.56 Y59.579
G1 F1500 X125.437 Y43.702 E2553.22059
G0 F9000 X125.437 Y43.136
G1 F1500 X109.56 Y59.013 E2553.9674
G0 F9000 X109.56 Y58.448
G1 F1500 X125.437 Y42.57 E2554.71423
G0 F9000 X125.437 Y42.004
G1 F1500 X109.56 Y57.882 E2555.46106
G0 F9000 X109.56 Y57.316
G1 F1500 X125.437 Y41.439 E2556.20786
G0 F9000 X125.437 Y40.873
G1 F1500 X109.56 Y56.75 E2556.95467
G0 F9000 X109.56 Y56.185
G1 F1500 X125.437 Y40.307 E2557.7015
G0 F9000 X125.437 Y39.742
G1 F1500 X109.56 Y55.619 E2558.4483
G0 F9000 X109.56 Y55.053
G1 F1500 X125.437 Y39.176 E2559.19511
G0 F9000 X125.437 Y38.61
G1 F1500 X109.56 Y54.488 E2559.94193
G0 F9000 X109.56 Y53.922
G1 F1500 X125.437 Y38.045 E2560.68874
G0 F9000 X125.437 Y37.479
G1 F1500 X109.56 Y53.356 E2561.43555
G0 F9000 X109.56 Y52.791
G1 F1500 X125.437 Y36.913 E2562.18237
G0 F9000 X125.225 Y36.56
G1 F1500 X109.56 Y52.225 E2562.91921
G0 F9000 X109.56 Y51.659
G1 F1500 X124.659 Y36.56 E2563.62942
G0 F9000 X124.093 Y36.56
G1 F1500 X109.56 Y51.094 E2564.31303
G0 F9000 X109.56 Y50.528
G1 F1500 X123.528 Y36.56 E2564.97004
G0 F9000 X122.962 Y36.56
G1 F1500 X109.56 Y49.962 E2565.60043
G0 F9000 X109.56 Y49.397
G1 F1500 X122.396 Y36.56 E2566.20422
G0 F9000 X121.83 Y36.56
G1 F1500 X109.56 Y48.831 E2566.78139
G0 F9000 X109.56 Y48.265
G1 F1500 X121.265 Y36.56 E2567.33195
G0 F9000 X120.699 Y36.56
G1 F1500 X109.56 Y47.7 E2567.85592
G0 F9000 X109.56 Y47.134
G1 F1500 X120.133 Y36.56 E2568.35327
G0 F9000 X119.568 Y36.56
G1 F1500 X109.56 Y46.568 E2568.82401
G0 F9000 X109.56 Y46.002
G1 F1500 X119.002 Y36.56 E2569.26814
G0 F9000 X118.436 Y36.56
G1 F1500 X109.56 Y45.437 E2569.68566
G0 F9000 X109.56 Y44.871
G1 F1500 X117.871 Y36.56 E2570.07658
G0 F9000 X117.305 Y36.56
G1 F1500 X109.56 Y44.305 E2570.44088
G0 F9000 X109.56 Y43.74
G1 F1500 X116.739 Y36.56 E2570.77859
G0 F9000 X116.174 Y36.56
G1 F1500 X109.56 Y43.174 E2571.08969
G0 F9000 X109.56 Y42.608
G1 F1500 X115.608 Y36.56 E2571.37417
G0 F9000 X115.042 Y36.56
G1 F1500 X109.56 Y42.043 E2571.63205
G0 F9000 X109.56 Y41.477
G1 F1500 X114.477 Y36.56 E2571.86333
G0 F9000 X113.911 Y36.56
G1 F1500 X109.56 Y40.911 E2572.06799
G0 F9000 X109.56 Y40.346
G1 F1500 X113.345 Y36.56 E2572.24604
G0 F9000 X112.779 Y36.56
G1 F1500 X109.56 Y39.78 E2572.39748
G0 F9000 X109.56 Y39.214
G1 F1500 X112.214 Y36.56 E2572.52232
G0 F9000 X111.648 Y36.56
G1 F1500 X109.56 Y38.649 E2572.62055
G0 F9000 X109.56 Y38.083
G1 F1500 X111.082 Y36.56 E2572.69217
G0 F9000 X110.517 Y36.56
G1 F1500 X109.56 Y37.517 E2572.73718
G0 F9000 X109.56 Y36.951
G1 F1500 X109.951 Y36.56 E2572.75557
G1 F2700 E2567.75557
;MESH:NONMESH
G0 F300 X109.951 Y36.56 Z2.6
G0 F9000 X109.951 Y36.1
G0 X109.172 Y36.172
G0 X109.162 Y59.896
G0 X111.083 Y74.337
G0 X111.65 Y81.659
G0 X111.839 Y88.99
G0 X111.839 Y146.01
G0 X111.65 Y153.341
G0 X111.083 Y160.663
G0 X110.14 Y167.947
G0 X109.149 Y173.192
G0 X109 Y199
;TIME_ELAPSED:3555.710962
;LAYER:12
;TYPE:WALL-INNER
;MESH:D638-22 Tensile.STL
G1 F2700 E2572.75557
G1 F1500 X126 Y199 E2573.32099
G1 X126 Y175.858 E2574.0907
G1 X126 Y175.089 E2574.11628
G1 X124.701 Y167.971 E2574.35693
G1 X123.754 Y160.654 E2574.60233
G1 X123.188 Y153.323 E2574.84688
G1 X123 Y146.027 E2575.08963
G1 X123 Y88.973 E2576.98725
G1 X123.19 Y81.624 E2577.23176
G1 X123.754 Y74.346 E2577.47456
G1 X124.701 Y67.027 E2577.72002
G1 X125.999 Y59.907 E2577.96073
G1 X126 Y36 E2578.75588
G1 X109 Y36 E2579.3213
G1 X109.001 Y59.911 E2580.11659
G1 X110.299 Y67.028 E2580.3572
G1 X111.246 Y74.345 E2580.6026
G1 X111.81 Y81.625 E2580.84546
G1 X112 Y88.973 E2581.08994
G1 X112 Y146.027 E2582.98756
G1 X111.812 Y153.324 E2583.23034
G1 X111.245 Y160.664 E2583.4752
G1 X110.299 Y167.972 E2583.72029
G1 X109 Y175.093 E2583.96104
G1 X109 Y199 E2584.75619
G1 F2700 E2579.75619
G0 F9000 X125.828 Y198.828
G0 X125.839 Y175.105
G0 X124.797 Y167.931
G1 F2700 E2584.75619
G0 F9000 X125.094 Y167.894
G1 F1500 X126.4 Y175.053 E2584.99823
G1 X126.4 Y175.858 E2585.02501
G1 X126.4 Y199.4 E2585.80802
G1 X108.6 Y199.4 E2586.40005
G1 X108.6 Y175.057 E2587.2097
G1 X109.906 Y167.896 E2587.4518
G1 X110.844 Y160.654 E2587.69468
G1 X111.411 Y153.345 E2587.93851
G1 X111.6 Y146.017 E2588.18232
G1 X111.6 Y88.983 E2590.07928
G1 X111.411 Y81.656 E2590.32306
G1 X110.847 Y74.376 E2590.56592
G1 X109.906 Y67.105 E2590.80977
G1 X108.601 Y59.947 E2591.05177
G1 X108.6 Y35.6 E2591.86156
G1 X126.4 Y35.6 E2592.45359
G1 X126.399 Y59.943 E2593.26324
G1 X125.094 Y67.104 E2593.50534
G1 X124.156 Y74.346 E2593.74822
G1 X123.589 Y81.655 E2593.99205
G1 X123.4 Y88.983 E2594.23586
G1 X123.4 Y146.017 E2596.13282
G1 X123.589 Y153.343 E2596.37656
G1 X124.156 Y160.654 E2596.62046
G1 X125.094 Y167.894 E2596.86327
G1 F2700 E2591.86327
G0 F9000 X124.797 Y167.931
G0 X126.198 Y175.072
G0 X126.082 Y199.082
G0 X108.47 Y199.53
G1 F2700 E2596.86327
G0 F9000 X108.2 Y199.8
;TYPE:WALL-OUTER
G1 F1500 X126.8 Y199.8 E2597.48191
G1 X126.8 Y175.858 E2598.27823
G1 X126.8 Y175.017 E2598.3062
G1 X125.491 Y167.842 E2598.54878
G1 X124.552 Y160.592 E2598.79193
G1 X123.988 Y153.302 E2599.03512
G1 X123.8 Y146.007 E2599.27783
G1 X123.8 Y88.993 E2601.17413
G1 X123.988 Y81.686 E2601.41724
G1 X124.553 Y74.398 E2601.66036
G1 X125.493 Y67.146 E2601.90358
G1 X126.799 Y59.979 E2602.14589
G1 X126.8 Y35.2 E2602.97004
G1 X108.2 Y35.2 E2603.58868
G1 X108.201 Y59.983 E2604.41296
G1 X109.509 Y67.157 E2604.6555
G1 X110.448 Y74.407 E2604.89865
G1 X111.012 Y81.697 E2605.14185
G1 X111.2 Y88.993 E2605.38459
G1 X111.2 Y146.007 E2607.28089
G1 X111.012 Y153.314 E2607.524
G1 X110.447 Y160.602 E2607.76712
G1 X109.507 Y167.854 E2608.01035
G1 X108.2 Y175.021 E2608.25265
G1 X108.2 Y199.8 E2609.0768
G0 F9000 X108.47 Y199.53
G0 X109.1 Y198.64
G0 X109.36 Y198.64
;TYPE:SKIN
G1 F1500 X125.64 Y198.64 E2609.61828
G1 X125.64 Y175.858 E2610.37601
G1 X125.64 Y175.122 E2610.40049
G1 X124.341 Y168.004 E2610.64115
G1 X123.401 Y160.741 E2610.88473
G1 X122.831 Y153.391 E2611.12993
G1 X122.64 Y146.04 E2611.3745
G1 X122.64 Y88.961 E2613.27296
G1 X122.828 Y81.657 E2613.51597
G1 X123.402 Y74.247 E2613.76317
G1 X124.343 Y66.983 E2614.00679
G1 X125.639 Y59.872 E2614.2472
G1 X125.639 Y36.361 E2615.02918
G1 X109.361 Y36.361 E2615.57058
G1 X109.361 Y59.879 E2616.3528
G1 X110.659 Y66.995 E2616.59338
G1 X111.599 Y74.258 E2616.83696
G1 X112.169 Y81.606 E2617.08209
G1 X112.36 Y88.961 E2617.3268
G1 X112.36 Y146.04 E2619.22526
G1 X112.172 Y153.343 E2619.46824
G1 X111.598 Y160.752 E2619.7154
G1 X110.657 Y168.017 E2619.95905
G1 X109.36 Y175.128 E2620.19947
G1 X109.36 Y198.64 E2620.98148
G0 F9000 X109.559 Y198.372
G1 F1500 X109.626 Y198.438 E2620.98461
G0 F9000 X110.191 Y198.438
G1 F1500 X109.559 Y197.806 E2621.01434
G0 F9000 X109.559 Y197.241
G1 F1500 X110.757 Y198.438 E2621.07066
G0 F9000 X111.323 Y198.438
G1 F1500 X109.559 Y196.675 E2621.15361
G0 F9000 X109.559 Y196.109
G1 F1500 X111.889 Y198.438 E2621.26319
G0 F9000 X112.454 Y198.438
G1 F1500 X109.559 Y195.544 E2621.39933
G0 F9000 X109.559 Y194.978
G1 F1500 X113.02 Y198.438 E2621.56211
G0 F9000 X113.586 Y198.438
G1 F1500 X109.559 Y194.412 E2621.7515
G0 F9000 X109.559 Y193.846
G1 F1500 X114.151 Y198.438 E2621.96749
G0 F9000 X114.717 Y198.438
G1 F1500 X109.559 Y193.281 E2622.21009
G0 F9000 X109.559 Y192.715
G1 F1500 X115.283 Y198.438 E2622.4793
G0 F9000 X115.848 Y198.438
G1 F1500 X109.559 Y192.149 E2622.77512
G0 F9000 X109.559 Y191.584
G1 F1500 X116.414 Y198.438 E2623.09753
G0 F9000 X116.98 Y198.438
G1 F1500 X109.559 Y191.018 E2623.44657
G0 F9000 X109.559 Y190.452
G1 F1500 X117.545 Y198.438 E2623.82221
G0 F9000 X118.111 Y198.438
G1 F1500 X109.559 Y189.887 E2624.22444
G0 F9000 X109.559 Y189.321
G1 F1500 X118.677 Y198.438 E2624.6533
G0 F9000 X119.242 Y198.438
G1 F1500 X109.559 Y188.755 E2625.10876
G0 F9000 X109.559 Y188.19
G1 F1500 X119.808 Y198.438 E2625.59082
G0 F9000 X120.374 Y198.438
G1 F1500 X109.559 Y187.624 E2626.0995
G0 F9000 X109.559 Y187.058
G1 F1500 X120.94 Y198.438 E2626.6348
G0 F9000 X121.505 Y198.438
G1 F1500 X109.559 Y186.493 E2627.19668
G0 F9000 X109.559 Y185.927
G1 F1500 X122.071 Y198.438 E2627.78519
G0 F9000 X122.637 Y198.438
G1 F1500 X109.559 Y185.361 E2628.40031
G0 F9000 X109.559 Y184.795
G1 F1500 X123.202 Y198.438 E2629.04204
G0 F9000 X123.768 Y198.438
G1 F1500 X109.559 Y184.23 E2629.71036
G0 F9000 X109.559 Y183.664
G1 F1500 X124.334 Y198.438 E2630.40531
G0 F9000 X124.899 Y198.438
G1 F1500 X109.559 Y183.098 E2631.12685
G0 F9000 X109.559 Y182.533
G1 F1500 X125.44 Y198.413 E2631.87382
G0 F9000 X125.44 Y197.847
G1 F1500 X109.559 Y181.967 E2632.62079
G0 F9000 X109.559 Y181.401
G1 F1500 X125.44 Y197.282 E2633.36779
G0 F9000 X125.44 Y196.716
G1 F1500 X109.559 Y180.836 E2634.11476
G0 F9000 X109.559 Y180.27
G1 F1500 X125.44 Y196.15 E2634.86173
G0 F9000 X125.44 Y195.585
G1 F1500 X109.559 Y179.704 E2635.60872
G0 F9000 X109.559 Y179.139
G1 F1500 X125.44 Y195.019 E2636.35569
G0 F9000 X125.44 Y194.453
G1 F1500 X109.559 Y178.573 E2637.10266
G0 F9000 X109.559 Y178.007
G1 F1500 X125.44 Y193.887 E2637.84963
G0 F9000 X125.44 Y193.322
G1 F1500 X109.559 Y177.442 E2638.5966
G0 F9000 X109.559 Y176.876
G1 F1500 X125.44 Y192.756 E2639.34357
G0 F9000 X125.44 Y192.19
G1 F1500 X109.559 Y176.31 E2640.09054
G0 F9000 X109.559 Y175.745
G1 F1500 X125.44 Y191.625 E2640.83751
G0 F9000 X125.44 Y191.059
G1 F1500 X109.559 Y175.179 E2641.58448
G0 F9000 X109.641 Y174.695
G1 F1500 X125.44 Y190.493 E2642.3276
G0 F9000 X125.44 Y189.928
G1 F1500 X109.728 Y174.216 E2643.06664
G0 F9000 X109.815 Y173.738
G1 F1500 X125.44 Y189.362 E2643.80157
G0 F9000 X125.44 Y188.796
G1 F1500 X109.903 Y173.26 E2644.53236
G0 F9000 X109.99 Y172.781
G1 F1500 X125.44 Y188.231 E2645.25908
G0 F9000 X125.44 Y187.665
G1 F1500 X110.078 Y172.303 E2645.98166
G0 F9000 X110.165 Y171.824
G1 F1500 X125.44 Y187.099 E2646.70015
G0 F9000 X125.44 Y186.534
G1 F1500 X110.252 Y171.346 E2647.41455
G0 F9000 X110.339 Y170.868
G1 F1500 X125.44 Y185.968 E2648.12483
G0 F9000 X125.44 Y185.402
G1 F1500 X110.426 Y170.389 E2648.83102
G0 F9000 X110.514 Y169.911
G1 F1500 X125.44 Y184.837 E2649.53309
G0 F9000 X125.44 Y184.271
G1 F1500 X110.601 Y169.432 E2650.23107
G0 F9000 X110.689 Y168.954
G1 F1500 X125.44 Y183.705 E2650.92491
G0 F9000 X125.44 Y183.139
G1 F1500 X110.776 Y168.475 E2651.61466
G0 F9000 X110.861 Y167.995
G1 F1500 X125.44 Y182.574 E2652.30041
G0 F9000 X125.44 Y182.008
G1 F1500 X110.926 Y167.495 E2652.98308
G0 F9000 X110.991 Y166.993
G1 F1500 X125.44 Y181.442 E2653.66272
G0 F9000 X125.44 Y180.877
G1 F1500 X111.056 Y166.493 E2654.3393
G0 F9000 X111.12 Y165.991
G1 F1500 X125.44 Y180.311 E2655.01287
G0 F9000 X125.44 Y179.745
G1 F1500 X111.185 Y165.491 E2655.68336
G0 F9000 X111.25 Y164.99
G1 F1500 X125.44 Y179.18 E2656.35081
G0 F9000 X125.44 Y178.614
G1 F1500 X111.314 Y164.489 E2657.01523
G0 F9000 X111.379 Y163.988
G1 F1500 X125.44 Y178.048 E2657.67659
G0 F9000 X125.44 Y177.483
G1 F1500 X111.444 Y163.487 E2658.33492
G0 F9000 X111.509 Y162.986
G1 F1500 X125.44 Y176.917 E2658.99019
G0 F9000 X125.44 Y176.351
G1 F1500 X111.573 Y162.485 E2659.64243
G0 F9000 X111.638 Y161.984
G1 F1500 X125.44 Y175.786 E2660.29164
G0 F9000 X125.44 Y175.22
G1 F1500 X111.703 Y161.484 E2660.93776
G0 F9000 X111.768 Y160.982
G1 F1500 X125.331 Y174.546 E2661.57574
G0 F9000 X125.205 Y173.854
G1 F1500 X111.819 Y160.468 E2662.20538
G0 F9000 X111.86 Y159.943
G1 F1500 X125.079 Y173.162 E2662.82716
G0 F9000 X124.953 Y172.471
G1 F1500 X111.901 Y159.418 E2663.44111
G0 F9000 X111.941 Y158.893
G1 F1500 X124.826 Y171.778 E2664.04718
G0 F9000 X124.7 Y171.086
G1 F1500 X111.982 Y158.368 E2664.6454
G0 F9000 X112.022 Y157.843
G1 F1500 X124.574 Y170.395 E2665.23581
G0 F9000 X124.447 Y169.702
G1 F1500 X112.063 Y157.318 E2665.81831
G0 F9000 X112.104 Y156.793
G1 F1500 X124.322 Y169.011 E2666.39301
G0 F9000 X124.195 Y168.318
G1 F1500 X112.145 Y156.268 E2666.9598
G0 F9000 X112.185 Y155.743
G1 F1500 X124.095 Y167.652 E2667.51999
G0 F9000 X124.01 Y167.003
G1 F1500 X112.226 Y155.218 E2668.0743
G0 F9000 X112.266 Y154.693
G1 F1500 X123.926 Y166.353 E2668.62275
G0 F9000 X123.841 Y165.702
G1 F1500 X112.307 Y154.168 E2669.16527
G0 F9000 X112.347 Y153.642
G1 F1500 X123.757 Y165.052 E2669.70196
G0 F9000 X123.673 Y164.403
G1 F1500 X112.377 Y153.107 E2670.23329
G0 F9000 X112.391 Y152.555
G1 F1500 X123.589 Y163.753 E2670.76001
G0 F9000 X123.505 Y163.103
G1 F1500 X112.405 Y152.003 E2671.28212
G0 F9000 X112.42 Y151.452
G1 F1500 X123.421 Y162.453 E2671.79957
G0 F9000 X123.337 Y161.803
G1 F1500 X112.434 Y150.9 E2672.31242
G0 F9000 X112.448 Y150.349
G1 F1500 X123.252 Y161.153 E2672.8206
G0 F9000 X123.183 Y160.518
G1 F1500 X112.463 Y149.798 E2673.32484
G0 F9000 X112.477 Y149.246
G1 F1500 X123.136 Y159.905 E2673.82621
G0 F9000 X123.088 Y159.292
G1 F1500 X112.491 Y148.695 E2674.32466
G0 F9000 X112.505 Y148.143
G1 F1500 X123.04 Y158.679 E2674.82022
G0 F9000 X122.993 Y158.065
G1 F1500 X112.519 Y147.592 E2675.31286
G0 F9000 X112.533 Y147.04
G1 F1500 X122.946 Y157.452 E2675.80263
G0 F9000 X122.897 Y156.839
G1 F1500 X112.548 Y146.489 E2676.28944
G0 F9000 X112.559 Y145.934
G1 F1500 X122.85 Y156.226 E2676.77352
G0 F9000 X122.803 Y155.612
G1 F1500 X112.559 Y145.369 E2677.25534
G0 F9000 X112.559 Y144.803
G1 F1500 X122.755 Y154.999 E2677.73493
G0 F9000 X122.707 Y154.386
G1 F1500 X112.559 Y144.237 E2678.21228
G0 F9000 X112.559 Y143.672
G1 F1500 X122.66 Y153.773 E2678.6874
G0 F9000 X122.626 Y153.173
G1 F1500 X112.559 Y143.106 E2679.16092
G0 F9000 X112.559 Y142.54
G1 F1500 X122.61 Y152.592 E2679.63372
G0 F9000 X122.596 Y152.011
G1 F1500 X112.559 Y141.975 E2680.1058
G0 F9000 X112.559 Y141.409
G1 F1500 X122.58 Y151.43 E2680.57716
G0 F9000 X122.565 Y150.849
G1 F1500 X112.559 Y140.843 E2681.04781
G0 F9000 X112.559 Y140.277
G1 F1500 X122.55 Y150.268 E2681.51776
G0 F9000 X122.535 Y149.688
G1 F1500 X112.559 Y139.712 E2681.987
G0 F9000 X112.559 Y139.146
G1 F1500 X122.52 Y149.107 E2682.45553
G0 F9000 X122.504 Y148.526
G1 F1500 X112.559 Y138.58 E2682.92334
G0 F9000 X112.559 Y138.015
G1 F1500 X122.489 Y147.945 E2683.39042
G0 F9000 X122.474 Y147.364
G1 F1500 X112.559 Y137.449 E2683.85679
G0 F9000 X112.559 Y136.883
G1 F1500 X122.459 Y146.784 E2684.32248
G0 F9000 X122.444 Y146.202
G1 F1500 X112.559 Y136.318 E2684.78741
G0 F9000 X112.559 Y135.752
G1 F1500 X122.439 Y145.632 E2685.25214
G0 F9000 X122.439 Y145.067
G1 F1500 X112.559 Y135.186 E2685.71689
G0 F9000 X112.559 Y134.621
G1 F1500 X122.439 Y144.501 E2686.18161
G0 F9000 X122.439 Y143.935
G1 F1500 X112.559 Y134.055 E2686.64634
G0 F9000 X112.559 Y133.489
G1 F1500 X122.439 Y143.37 E2687.11108
G0 F9000 X122.439 Y142.804
G1 F1500 X112.559 Y132.924 E2687.57581
G0 F9000 X112.559 Y132.358
G1 F1500 X122.439 Y142.238 E2688.04053
G0 F9000 X122.439 Y141.673
G1 F1500 X112.559 Y131.792 E2688.50528
G0 F9000 X112.559 Y131.226
G1 F1500 X122.439 Y141.107 E2688.97003
G0 F9000 X122.439 Y140.541
G1 F1500 X112.559 Y130.661 E2689.43476
G0 F9000 X112.559 Y130.095
G1 F1500 X122.439 Y139.976 E2689.8995
G0 F9000 X122.439 Y139.41
G1 F1500 X112.559 Y129.529 E2690.36425
G0 F9000 X112.559 Y128.964
G1 F1500 X122.439 Y138.844 E2690.82898
G0 F9000 X122.439 Y138.278
G1 F1500 X112.559 Y128.398 E2691.2937
G0 F9000 X112.559 Y127.832
G1 F1500 X122.439 Y137.713 E2691.75845
G0 F9000 X122.439 Y137.147
G1 F1500 X112.559 Y127.267 E2692.22318
G0 F9000 X112.559 Y126.701
G1 F1500 X122.439 Y136.581 E2692.6879
G0 F9000 X122.439 Y136.016
G1 F1500 X112.559 Y126.135 E2693.15265
G0 F9000 X112.559 Y125.57
G1 F1500 X122.439 Y135.45 E2693.61737
G0 F9000 X122.439 Y134.884
G1 F1500 X112.559 Y125.004 E2694.0821
G0 F9000 X112.559 Y124.438
G1 F1500 X122.439 Y134.319 E2694.54685
G0 F9000 X122.439 Y133.753
G1 F1500 X112.559 Y123.873 E2695.01157
G0 F9000 X112.559 Y123.307
G1 F1500 X122.439 Y133.187 E2695.4763
G0 F9000 X122.439 Y132.622
G1 F1500 X112.559 Y122.741 E2695.94105
G0 F9000 X112.559 Y122.176
G1 F1500 X122.439 Y132.056 E2696.40577
G0 F9000 X122.439 Y131.49
G1 F1500 X112.559 Y121.61 E2696.8705
G0 F9000 X112.559 Y121.044
G1 F1500 X122.439 Y130.925 E2697.33524
G0 F9000 X122.439 Y130.359
G1 F1500 X112.559 Y120.478 E2697.79999
G0 F9000 X112.559 Y119.913
G1 F1500 X122.439 Y129.793 E2698.26472
G0 F9000 X122.439 Y129.228
G1 F1500 X112.559 Y119.347 E2698.72947
G0 F9000 X112.559 Y118.781
G1 F1500 X122.439 Y128.662 E2699.19421
G0 F9000 X122.439 Y128.096
G1 F1500 X112.559 Y118.216 E2699.65894
G0 F9000 X112.559 Y117.65
G1 F1500 X122.439 Y127.53 E2700.12366
G0 F9000 X122.439 Y126.965
G1 F1500 X112.559 Y117.084 E2700.58841
G0 F9000 X112.559 Y116.519
G1 F1500 X122.439 Y126.399 E2701.05314
G0 F9000 X122.439 Y125.833
G1 F1500 X112.559 Y115.953 E2701.51786
G0 F9000 X112.559 Y115.387
G1 F1500 X122.439 Y125.268 E2701.98261
G0 F9000 X122.439 Y124.702
G1 F1500 X112.559 Y114.822 E2702.44734
G0 F9000 X112.559 Y114.256
G1 F1500 X122.439 Y124.136 E2702.91206
G0 F9000 X122.439 Y123.571
G1 F1500 X112.559 Y113.69 E2703.37681
G0 F9000 X112.559 Y113.125
G1 F1500 X122.439 Y123.005 E2703.84153
G0 F9000 X122.439 Y122.439
G1 F1500 X112.559 Y112.559 E2704.30626
G0 F9000 X112.559 Y111.993
G1 F1500 X122.439 Y121.874 E2704.77101
G0 F9000 X122.439 Y121.308
G1 F1500 X112.559 Y111.428 E2705.23573
G0 F9000 X112.559 Y110.862
G1 F1500 X122.439 Y120.742 E2705.70046
G0 F9000 X122.439 Y120.177
G1 F1500 X112.559 Y110.296 E2706.16521
G0 F9000 X112.559 Y109.73
G1 F1500 X122.439 Y119.611 E2706.62995
G0 F9000 X122.439 Y119.045
G1 F1500 X112.559 Y109.165 E2707.09468
G0 F9000 X112.559 Y108.599
G1 F1500 X122.439 Y118.479 E2707.5594
G0 F9000 X122.439 Y117.914
G1 F1500 X112.559 Y108.033 E2708.02415
G0 F9000 X112.559 Y107.468
G1 F1500 X122.439 Y117.348 E2708.48888
G0 F9000 X122.439 Y116.782
G1 F1500 X112.559 Y106.902 E2708.9536
G0 F9000 X112.559 Y106.336
G1 F1500 X122.439 Y116.217 E2709.41835
G0 F9000 X122.439 Y115.651
G1 F1500 X112.559 Y105.771 E2709.88307
G0 F9000 X112.559 Y105.205
G1 F1500 X122.439 Y115.085 E2710.3478
G0 F9000 X122.439 Y114.52
G1 F1500 X112.559 Y104.639 E2710.81255
G0 F9000 X112.559 Y104.074
G1 F1500 X122.439 Y113.954 E2711.27727
G0 F9000 X122.439 Y113.388
G1 F1500 X112.559 Y103.508 E2711.742
G0 F9000 X112.559 Y102.942
G1 F1500 X122.439 Y112.823 E2712.20675
G0 F9000 X122.439 Y112.257
G1 F1500 X112.559 Y102.377 E2712.67147
G0 F9000 X112.559 Y101.811
G1 F1500 X122.439 Y111.691 E2713.1362
G0 F9000 X122.439 Y111.126
G1 F1500 X112.559 Y101.245 E2713.60094
G0 F9000 X112.559 Y100.679
G1 F1500 X122.439 Y110.56 E2714.06569
G0 F9000 X122.439 Y109.994
G1 F1500 X112.559 Y100.114 E2714.53042
G0 F9000 X112.559 Y99.548
G1 F1500 X122.439 Y109.429 E2714.99517
G0 F9000 X122.439 Y108.863
G1 F1500 X112.559 Y98.982 E2715.45991
G0 F9000 X112.559 Y98.417
G1 F1500 X122.439 Y108.297 E2715.92464
G0 F9000 X122.439 Y107.731
G1 F1500 X112.559 Y97.851 E2716.38936
G0 F9000 X112.559 Y97.285
G1 F1500 X122.439 Y107.166 E2716.85411
G0 F9000 X122.439 Y106.6
G1 F1500 X112.559 Y96.72 E2717.31884
G0 F9000 X112.559 Y96.154
G1 F1500 X122.439 Y106.034 E2717.78356
G0 F9000 X122.439 Y105.469
G1 F1500 X112.559 Y95.588 E2718.24831
G0 F9000 X112.559 Y95.023
G1 F1500 X122.439 Y104.903 E2718.71304
G0 F9000 X122.439 Y104.337
G1 F1500 X112.559 Y94.457 E2719.17776
G0 F9000 X112.559 Y93.891
G1 F1500 X122.439 Y103.772 E2719.64251
G0 F9000 X122.439 Y103.206
G1 F1500 X112.559 Y93.326 E2720.10723
G0 F9000 X112.559 Y92.76
G1 F1500 X122.439 Y102.64 E2720.57196
G0 F9000 X122.439 Y102.075
G1 F1500 X112.559 Y92.194 E2721.03671
G0 F9000 X112.559 Y91.629
G1 F1500 X122.439 Y101.509 E2721.50143
G0 F9000 X122.439 Y100.943
G1 F1500 X112.559 Y91.063 E2721.96616
G0 F9000 X112.559 Y90.497
G1 F1500 X122.439 Y100.378 E2722.43091
G0 F9000 X122.439 Y99.812
G1 F1500 X112.559 Y89.931 E2722.89565
G0 F9000 X112.559 Y89.366
G1 F1500 X122.439 Y99.246 E2723.36038
G0 F9000 X122.439 Y98.68
G1 F1500 X112.555 Y88.796 E2723.82529
G0 F9000 X112.539 Y88.215
G1 F1500 X122.439 Y98.115 E2724.29096
G0 F9000 X122.439 Y97.549
G1 F1500 X112.524 Y87.634 E2724.75733
G0 F9000 X112.509 Y87.053
G1 F1500 X122.439 Y96.983 E2725.22441
G0 F9000 X122.439 Y96.418
G1 F1500 X112.494 Y86.472 E2725.69221
G0 F9000 X112.479 Y85.892
G1 F1500 X122.439 Y95.852 E2726.1607
G0 F9000 X122.439 Y95.286
G1 F1500 X112.463 Y85.311 E2726.62992
G0 F9000 X112.449 Y84.73
G1 F1500 X122.439 Y94.721 E2727.09984
G0 F9000 X122.439 Y94.155
G1 F1500 X112.433 Y84.149 E2727.57049
G0 F9000 X112.418 Y83.568
G1 F1500 X122.439 Y93.589 E2728.04185
G0 F9000 X122.439 Y93.024
G1 F1500 X112.403 Y82.987 E2728.51393
G0 F9000 X112.388 Y82.406
G1 F1500 X122.439 Y92.458 E2728.98673
G0 F9000 X122.439 Y91.892
G1 F1500 X112.373 Y81.826 E2729.4602
G0 F9000 X112.339 Y81.226
G1 F1500 X122.439 Y91.327 E2729.9353
G0 F9000 X122.439 Y90.761
G1 F1500 X112.291 Y80.613 E2730.41263
G0 F9000 X112.244 Y79.999
G1 F1500 X122.439 Y90.195 E2730.89219
G0 F9000 X122.439 Y89.63
G1 F1500 X112.196 Y79.386 E2731.37401
G0 F9000 X112.148 Y78.773
G1 F1500 X122.439 Y89.064 E2731.85807
G0 F9000 X122.451 Y88.509
G1 F1500 X112.101 Y78.16 E2732.34488
G0 F9000 X112.053 Y77.546
G1 F1500 X122.465 Y87.958 E2732.83463
G0 F9000 X122.479 Y87.406
G1 F1500 X112.005 Y76.933 E2733.32727
G0 F9000 X111.958 Y76.32
G1 F1500 X122.493 Y86.855 E2733.8228
G0 F9000 X122.507 Y86.303
G1 F1500 X111.91 Y75.707 E2734.32123
G0 F9000 X111.862 Y75.093
G1 F1500 X122.521 Y85.752 E2734.8226
G0 F9000 X122.535 Y85.2
G1 F1500 X111.815 Y74.48 E2735.32683
G0 F9000 X111.746 Y73.845
G1 F1500 X122.55 Y84.649 E2735.83502
G0 F9000 X122.564 Y84.098
G1 F1500 X111.662 Y73.196 E2736.34782
G0 F9000 X111.578 Y72.546
G1 F1500 X122.579 Y83.546 E2736.86525
G0 F9000 X122.593 Y82.995
G1 F1500 X111.494 Y71.896 E2737.38731
G0 F9000 X111.409 Y71.245
G1 F1500 X122.607 Y82.443 E2737.91403
G0 F9000 X122.621 Y81.892
G1 F1500 X111.325 Y70.596 E2738.44536
G0 F9000 X111.241 Y69.946
G1 F1500 X122.651 Y81.356 E2738.98205
G0 F9000 X122.691 Y80.83
G1 F1500 X111.157 Y69.296 E2739.52457
G0 F9000 X111.073 Y68.646
G1 F1500 X122.732 Y80.306 E2740.073
G0 F9000 X122.772 Y79.78
G1 F1500 X110.988 Y67.996 E2740.62729
G0 F9000 X110.904 Y67.346
G1 F1500 X122.813 Y79.256 E2741.18747
G0 F9000 X122.854 Y78.73
G1 F1500 X110.803 Y66.68 E2741.75429
G0 F9000 X110.677 Y65.988
G1 F1500 X122.895 Y78.206 E2742.32899
G0 F9000 X122.935 Y77.68
G1 F1500 X110.551 Y65.297 E2742.91147
G0 F9000 X110.425 Y64.604
G1 F1500 X122.976 Y77.155 E2743.50183
G0 F9000 X123.016 Y76.63
G1 F1500 X110.299 Y63.913 E2744.1
G0 F9000 X110.172 Y63.221
G1 F1500 X123.057 Y76.105 E2744.70605
G0 F9000 X123.098 Y75.58
G1 F1500 X110.047 Y62.529 E2745.31992
G0 F9000 X109.92 Y61.837
G1 F1500 X123.139 Y75.055 E2745.94168
G0 F9000 X123.179 Y74.53
G1 F1500 X109.794 Y61.145 E2746.57127
G0 F9000 X109.668 Y60.454
G1 F1500 X123.231 Y74.016 E2747.20921
G0 F9000 X123.296 Y73.515
G1 F1500 X109.559 Y59.779 E2747.85533
G0 F9000 X109.559 Y59.213
G1 F1500 X123.36 Y73.014 E2748.50449
G0 F9000 X123.425 Y72.513
G1 F1500 X109.559 Y58.648 E2749.15668
G0 F9000 X109.559 Y58.082
G1 F1500 X123.49 Y72.013 E2749.81195
G0 F9000 X123.554 Y71.511
G1 F1500 X109.559 Y57.516 E2750.47023
G0 F9000 X109.559 Y56.951
G1 F1500 X123.619 Y71.011 E2751.13157
G0 F9000 X123.684 Y70.509
G1 F1500 X109.559 Y56.385 E2751.79595
G0 F9000 X109.559 Y55.819
G1 F1500 X123.749 Y70.009 E2752.4634
G0 F9000 X123.814 Y69.508
G1 F1500 X109.559 Y55.254 E2753.13389
G0 F9000 X109.559 Y54.688
G1 F1500 X123.878 Y69.007 E2753.80741
G0 F9000 X123.943 Y68.506
G1 F1500 X109.559 Y54.122 E2754.48399
G0 F9000 X109.559 Y53.556
G1 F1500 X124.008 Y68.005 E2755.16363
G0 F9000 X124.073 Y67.504
G1 F1500 X109.559 Y52.991 E2755.8463
G0 F9000 X109.559 Y52.425
G1 F1500 X124.138 Y67.004 E2756.53205
G0 F9000 X124.223 Y66.523
G1 F1500 X109.559 Y51.859 E2757.2218
G0 F9000 X109.559 Y51.294
G1 F1500 X124.31 Y66.045 E2757.91564
G0 F9000 X124.397 Y65.566
G1 F1500 X109.559 Y50.728 E2758.61357
G0 F9000 X109.559 Y50.162
G1 F1500 X124.485 Y65.088 E2759.31565
G0 F9000 X124.572 Y64.609
G1 F1500 X109.559 Y49.597 E2760.02179
G0 F9000 X109.559 Y49.031
G1 F1500 X124.659 Y64.131 E2760.73205
G0 F9000 X124.746 Y63.652
G1 F1500 X109.559 Y48.465 E2761.4464
G0 F9000 X109.559 Y47.9
G1 F1500 X124.834 Y63.174 E2762.16486
G0 F9000 X124.921 Y62.695
G1 F1500 X109.559 Y47.334 E2762.88742
G0 F9000 X109.559 Y46.768
G1 F1500 X125.007 Y62.216 E2763.61405
G0 F9000 X125.094 Y61.738
G1 F1500 X109.559 Y46.203 E2764.34477
G0 F9000 X109.559 Y45.637
G1 F1500 X125.181 Y61.259 E2765.07958
G0 F9000 X125.269 Y60.781
G1 F1500 X109.559 Y45.071 E2765.81853
G0 F9000 X109.559 Y44.506
G1 F1500 X125.356 Y60.302 E2766.56155
G0 F9000 X125.438 Y59.819
G1 F1500 X109.559 Y43.94 E2767.30845
G0 F9000 X109.559 Y43.374
G1 F1500 X125.438 Y59.253 E2768.05534
G0 F9000 X125.438 Y58.687
G1 F1500 X109.559 Y42.808 E2768.80224
G0 F9000 X109.559 Y42.243
G1 F1500 X125.438 Y58.122 E2769.54914
G0 F9000 X125.438 Y57.556
G1 F1500 X109.559 Y41.677 E2770.29604
G0 F9000 X109.559 Y41.111
G1 F1500 X125.438 Y56.99 E2771.04294
G0 F9000 X125.438 Y56.424
G1 F1500 X109.559 Y40.546 E2771.78982
G0 F9000 X109.559 Y39.98
G1 F1500 X125.438 Y55.859 E2772.53672
G0 F9000 X125.438 Y55.293
G1 F1500 X109.559 Y39.414 E2773.28362
G0 F9000 X109.559 Y38.849
G1 F1500 X125.438 Y54.727 E2774.03049
G0 F9000 X125.438 Y54.162
G1 F1500 X109.559 Y38.283 E2774.77739
G0 F9000 X109.559 Y37.717
G1 F1500 X125.438 Y53.596 E2775.52429
G0 F9000 X125.438 Y53.03
G1 F1500 X109.559 Y37.152 E2776.27117
G0 F9000 X109.559 Y36.586
G1 F1500 X125.438 Y52.465 E2777.01807
G0 F9000 X125.438 Y51.899
G1 F1500 X110.1 Y36.56 E2777.73954
G0 F9000 X110.665 Y36.56
G1 F1500 X125.438 Y51.333 E2778.43442
G0 F9000 X125.438 Y50.768
G1 F1500 X111.231 Y36.56 E2779.1027
G0 F9000 X111.797 Y36.56
G1 F1500 X125.438 Y50.202 E2779.74435
G0 F9000 X125.438 Y49.636
G1 F1500 X112.362 Y36.56 E2780.35941
G0 F9000 X112.928 Y36.56
G1 F1500 X125.438 Y49.071 E2780.94786
G0 F9000 X125.438 Y48.505
G1 F1500 X113.494 Y36.56 E2781.5097
G0 F9000 X114.059 Y36.56
G1 F1500 X125.438 Y47.939 E2782.04493
G0 F9000 X125.438 Y47.374
G1 F1500 X114.625 Y36.56 E2782.55356
G0 F9000 X115.191 Y36.56
G1 F1500 X125.438 Y46.808 E2783.03557
G0 F9000 X125.438 Y46.242
G1 F1500 X115.756 Y36.56 E2783.49098
G0 F9000 X116.322 Y36.56
G1 F1500 X125.438 Y45.676 E2783.91977
G0 F9000 X125.438 Y45.111
G1 F1500 X116.888 Y36.56 E2784.32196
G0 F9000 X117.453 Y36.56
G1 F1500 X125.438 Y44.545 E2784.69755
G0 F9000 X125.438 Y43.979
G1 F1500 X118.019 Y36.56 E2785.04652
G0 F9000 X118.585 Y36.56
G1 F1500 X125.438 Y43.414 E2785.36889
G0 F9000 X125.438 Y42.848
G1 F1500 X119.151 Y36.56 E2785.66463
G0 F9000 X119.716 Y36.56
G1 F1500 X125.438 Y42.282 E2785.93378
G0 F9000 X125.438 Y41.717
G1 F1500 X120.282 Y36.56 E2786.17632
G0 F9000 X120.848 Y36.56
G1 F1500 X125.438 Y41.151 E2786.39225
G0 F9000 X125.438 Y40.585
G1 F1500 X121.413 Y36.56 E2786.58157
G0 F9000 X121.979 Y36.56
G1 F1500 X125.438 Y40.02 E2786.74429
G0 F9000 X125.438 Y39.454
G1 F1500 X122.545 Y36.56 E2786.8804
G0 F9000 X123.11 Y36.56
G1 F1500 X125.438 Y38.888 E2786.9899
G0 F9000 X125.438 Y38.323
G1 F1500 X123.676 Y36.56 E2787.0728
G0 F9000 X124.242 Y36.56
G1 F1500 X125.438 Y37.757 E2787.12908
G0 F9000 X125.438 Y37.191
G1 F1500 X124.807 Y36.56 E2787.15876
G0 F9000 X125.373 Y36.56
G1 F1500 X125.438 Y36.626 E2787.16184
G1 F2700 E2782.16184
;MESH:NONMESH
G0 F300 X125.438 Y36.626 Z2.8
G0 F9000 X125.9 Y36.626
G0 X125.838 Y59.892
G0 X123.917 Y74.337
G0 X123.35 Y81.659
G0 X123.161 Y88.99
G0 X123.161 Y146.01
G0 X123.35 Y153.341
G0 X123.809 Y159.271
G0 X124.701 Y167.971
;TIME_ELAPSED:3843.671496
;LAYER:13
;TYPE:WALL-INNER
;MESH:D638-22 Tensile.STL
G1 F2700 E2787.16184
G1 F1500 X126 Y175.089 E2787.4025
G1 X126 Y175.858 E2787.42807
G1 X126 Y199 E2788.19778
G1 X109 Y199 E2788.7632
G1 X109 Y175.093 E2789.55835
G1 X110.299 Y167.972 E2789.79911
G1 X111.245 Y160.664 E2790.0442
G1 X111.812 Y153.324 E2790.28906
G1 X112 Y146.027 E2790.53184
G1 X112 Y88.973 E2792.42946
G1 X111.81 Y81.625 E2792.67394
G1 X111.246 Y74.345 E2792.9168
G1 X110.299 Y67.028 E2793.16219
G1 X109.001 Y59.911 E2793.40281
G1 X109 Y36 E2794.19809
G1 X126 Y36 E2794.76351
G1 X125.999 Y59.907 E2795.55866
G1 X124.701 Y67.027 E2795.79938
G1 X123.754 Y74.346 E2796.04484
G1 X123.19 Y81.624 E2796.28763
G1 X123 Y88.973 E2796.53214
G1 X123 Y146.027 E2798.42977
G1 X123.188 Y153.323 E2798.67251
G1 X123.754 Y160.654 E2798.91707
G1 X124.701 Y167.971 E2799.16246
G1 F2700 E2794.16246
G0 F9000 X125.839 Y175.105
G0 X125.828 Y198.828
G0 X108.87 Y199.13
G1 F2700 E2799.16246
G0 F9000 X108.6 Y199.4
G1 F1500 X126.4 Y199.4 E2799.75449
G1 X126.4 Y175.858 E2800.5375
G1 X126.4 Y175.053 E2800.56428
G1 X125.094 Y167.894 E2800.80632
G1 X124.156 Y160.654 E2801.04913
G1 X123.589 Y153.343 E2801.29303
G1 X123.4 Y146.017 E2801.53677
G1 X123.4 Y88.983 E2803.43373
G1 X123.589 Y81.655 E2803.67754
G1 X124.156 Y74.346 E2803.92137
G1 X125.094 Y67.104 E2804.16425
G1 X126.399 Y59.943 E2804.40635
G1 X126.4 Y35.6 E2805.216
G1 X108.6 Y35.6 E2805.80803
G1 X108.601 Y59.947 E2806.61782
G1 X109.906 Y67.105 E2806.85982
G1 X110.847 Y74.376 E2807.10367
G1 X111.411 Y81.656 E2807.34653
G1 X111.6 Y88.983 E2807.59031
G1 X111.6 Y146.017 E2809.48726
G1 X111.411 Y153.345 E2809.73108
G1 X110.844 Y160.654 E2809.9749
G1 X109.906 Y167.896 E2810.21779
G1 X108.6 Y175.057 E2810.45989
G1 X108.6 Y199.4 E2811.26954
G1 F2700 E2806.26954
G0 F9000 X108.87 Y199.13
G0 X125.828 Y198.828
G0 X125.839 Y175.105
G0 X124.797 Y167.931
G1 F2700 E2811.26954
G0 F9000 X125.491 Y167.842
;TYPE:WALL-OUTER
G1 F1500 X126.8 Y175.017 E2811.51212
G1 X126.8 Y175.858 E2811.54009
G1 X126.8 Y199.8 E2812.33641
G1 X108.2 Y199.8 E2812.95505
G1 X108.2 Y175.021 E2813.7792
G1 X109.507 Y167.854 E2814.02151
G1 X110.447 Y160.602 E2814.26473
G1 X111.012 Y153.314 E2814.50785
G1 X111.2 Y146.007 E2814.75097
G1 X111.2 Y88.993 E2816.64726
G1 X111.012 Y81.697 E2816.89001
G1 X110.448 Y74.407 E2817.1332
G1 X109.509 Y67.157 E2817.37635
G1 X108.201 Y59.983 E2817.61889
G1 X108.2 Y35.2 E2818.44317
G1 X126.8 Y35.2 E2819.06181
G1 X126.799 Y59.979 E2819.88597
G1 X125.493 Y67.146 E2820.12827
G1 X124.553 Y74.398 E2820.37149
G1 X123.988 Y81.686 E2820.61461
G1 X123.8 Y88.993 E2820.85773
G1 X123.8 Y146.007 E2822.75402
G1 X123.988 Y153.302 E2822.99673
G1 X124.552 Y160.592 E2823.23992
G1 X125.491 Y167.842 E2823.48307
G1 F2700 E2818.48307
G0 F9000 X124.797 Y167.931
G0 X125.839 Y175.105
G0 X125.828 Y198.828
G0 X109.172 Y198.828
G0 X109.161 Y175.108
G0 X110.399 Y167.974
G1 F2700 E2823.48307
G0 F9000 X110.657 Y168.017
;TYPE:SKIN
G1 F1500 X111.598 Y160.752 E2823.72673
G1 X112.172 Y153.343 E2823.97389
G1 X112.36 Y146.04 E2824.21687
G1 X112.36 Y88.961 E2826.11533
G1 X112.169 Y81.606 E2826.36004
G1 X111.599 Y74.258 E2826.60517
G1 X110.659 Y66.995 E2826.84875
G1 X109.361 Y59.879 E2827.08933
G1 X109.361 Y36.361 E2827.87154
G1 X125.639 Y36.361 E2828.41295
G1 X125.639 Y59.872 E2829.19493
G1 X124.343 Y66.983 E2829.43534
G1 X123.402 Y74.247 E2829.67896
G1 X122.828 Y81.657 E2829.92616
G1 X122.64 Y88.961 E2830.16917
G1 X122.64 Y146.04 E2832.06763
G1 X122.831 Y153.391 E2832.3122
G1 X123.401 Y160.741 E2832.5574
G1 X124.341 Y168.004 E2832.80098
G1 X125.64 Y175.122 E2833.04164
G1 X125.64 Y198.64 E2833.82385
G1 X109.36 Y198.64 E2834.36532
G1 X109.36 Y175.128 E2835.14734
G1 X110.657 Y168.017 E2835.38775
G1 F2700 E2830.38775
G0 F9000 X110.399 Y167.974
G0 X109.161 Y175.108
G0 X109.172 Y198.828
G0 X125.828 Y198.828
G0 X125.9 Y198.132
G1 F2700 E2835.38775
G0 F9000 X125.44 Y198.132
G1 F1500 X125.133 Y198.438 E2835.40217
G0 F9000 X124.567 Y198.438
G1 F1500 X125.44 Y197.566 E2835.44321
G0 F9000 X125.44 Y197
G1 F1500 X124.001 Y198.438 E2835.51087
G0 F9000 X123.436 Y198.438
G1 F1500 X125.44 Y196.434 E2835.60513
G0 F9000 X125.44 Y195.869
G1 F1500 X122.87 Y198.438 E2835.72599
G0 F9000 X122.304 Y198.438
G1 F1500 X125.44 Y195.303 E2835.87348
G0 F9000 X125.44 Y194.737
G1 F1500 X121.739 Y198.438 E2836.04756
G0 F9000 X121.173 Y198.438
G1 F1500 X125.44 Y194.172 E2836.24825
G0 F9000 X125.44 Y193.606
G1 F1500 X120.607 Y198.438 E2836.47555
G0 F9000 X120.041 Y198.438
G1 F1500 X125.44 Y193.04 E2836.72948
G0 F9000 X125.44 Y192.475
G1 F1500 X119.476 Y198.438 E2837.00998
G0 F9000 X118.91 Y198.438
G1 F1500 X125.44 Y191.909 E2837.31711
G0 F9000 X125.44 Y191.343
G1 F1500 X118.344 Y198.438 E2837.65086
G0 F9000 X117.779 Y198.438
G1 F1500 X125.44 Y190.778 E2838.01119
G0 F9000 X125.44 Y190.212
G1 F1500 X117.213 Y198.438 E2838.39814
G0 F9000 X116.647 Y198.438
G1 F1500 X125.44 Y189.646 E2838.81171
G0 F9000 X125.44 Y189.081
G1 F1500 X116.082 Y198.438 E2839.25186
G0 F9000 X115.516 Y198.438
G1 F1500 X125.44 Y188.515 E2839.71863
G0 F9000 X125.44 Y187.949
G1 F1500 X114.95 Y198.438 E2840.21202
G0 F9000 X114.385 Y198.438
G1 F1500 X125.44 Y187.384 E2840.73199
G0 F9000 X125.44 Y186.818
G1 F1500 X113.819 Y198.438 E2841.27859
G0 F9000 X113.253 Y198.438
G1 F1500 X125.44 Y186.252 E2841.8518
G0 F9000 X125.44 Y185.686
G1 F1500 X112.688 Y198.438 E2842.45162
G0 F9000 X112.122 Y198.438
G1 F1500 X125.44 Y185.121 E2843.07803
G0 F9000 X125.44 Y184.555
G1 F1500 X111.556 Y198.438 E2843.73107
G0 F9000 X110.991 Y198.438
G1 F1500 X125.44 Y183.989 E2844.41071
G0 F9000 X125.44 Y183.424
G1 F1500 X110.425 Y198.438 E2845.11694
G0 F9000 X109.859 Y198.438
G1 F1500 X125.44 Y182.858 E2845.8498
G0 F9000 X125.44 Y182.292
G1 F1500 X109.559 Y198.173 E2846.59679
G0 F9000 X109.559 Y197.607
G1 F1500 X125.44 Y181.727 E2847.34376
G0 F9000 X125.44 Y181.161
G1 F1500 X109.559 Y197.041 E2848.09073
G0 F9000 X109.559 Y196.475
G1 F1500 X125.44 Y180.595 E2848.8377
G0 F9000 X125.44 Y180.03
G1 F1500 X109.559 Y195.91 E2849.58467
G0 F9000 X109.559 Y195.344
G1 F1500 X125.44 Y179.464 E2850.33164
G0 F9000 X125.44 Y178.898
G1 F1500 X109.559 Y194.778 E2851.07861
G0 F9000 X109.559 Y194.213
G1 F1500 X125.44 Y178.333 E2851.82558
G0 F9000 X125.44 Y177.767
G1 F1500 X109.559 Y193.647 E2852.57255
G0 F9000 X109.559 Y193.081
G1 F1500 X125.44 Y177.201 E2853.31952
G0 F9000 X125.44 Y176.635
G1 F1500 X109.559 Y192.516 E2854.06652
G0 F9000 X109.559 Y191.95
G1 F1500 X125.44 Y176.07 E2854.81349
G0 F9000 X125.44 Y175.504
G1 F1500 X109.559 Y191.384 E2855.56046
G0 F9000 X109.559 Y190.819
G1 F1500 X125.408 Y174.97 E2856.30595
G0 F9000 X125.321 Y174.492
G1 F1500 X109.559 Y190.253 E2857.04732
G0 F9000 X109.559 Y189.687
G1 F1500 X125.234 Y174.013 E2857.7846
G0 F9000 X125.146 Y173.535
G1 F1500 X109.559 Y189.122 E2858.51776
G0 F9000 X109.559 Y188.556
G1 F1500 X125.059 Y173.056 E2859.24684
G0 F9000 X124.971 Y172.578
G1 F1500 X109.559 Y187.99 E2859.97177
G0 F9000 X109.559 Y187.425
G1 F1500 X124.884 Y172.099 E2860.69263
G0 F9000 X124.797 Y171.621
G1 F1500 X109.559 Y186.859 E2861.40938
G0 F9000 X109.559 Y186.293
G1 F1500 X124.71 Y171.143 E2862.12202
G0 F9000 X124.623 Y170.664
G1 F1500 X109.559 Y185.727 E2862.83056
G0 F9000 X109.559 Y185.162
G1 F1500 X124.535 Y170.186 E2863.53498
G0 F9000 X124.448 Y169.707
G1 F1500 X109.559 Y184.596 E2864.23532
G0 F9000 X109.559 Y184.03
G1 F1500 X124.36 Y169.229 E2864.93151
G0 F9000 X124.274 Y168.751
G1 F1500 X109.559 Y183.465 E2865.62363
G0 F9000 X109.559 Y182.899
G1 F1500 X124.186 Y168.273 E2866.31162
G0 F9000 X124.111 Y167.782
G1 F1500 X109.559 Y182.333 E2866.99608
G0 F9000 X109.559 Y181.768
G1 F1500 X124.046 Y167.281 E2867.6775
G0 F9000 X123.981 Y166.781
G1 F1500 X109.559 Y181.202 E2868.35584
G0 F9000 X109.559 Y180.636
G1 F1500 X123.916 Y166.28 E2869.03113
G0 F9000 X123.851 Y165.779
G1 F1500 X109.559 Y180.071 E2869.70338
G0 F9000 X109.559 Y179.505
G1 F1500 X123.786 Y165.278 E2870.37258
G0 F9000 X123.721 Y164.777
G1 F1500 X109.559 Y178.939 E2871.03871
G0 F9000 X109.559 Y178.374
G1 F1500 X123.656 Y164.277 E2871.70179
G0 F9000 X123.591 Y163.776
G1 F1500 X109.559 Y177.808 E2872.36182
G0 F9000 X109.559 Y177.242
G1 F1500 X123.527 Y163.275 E2873.0188
G0 F9000 X123.462 Y162.774
G1 F1500 X109.559 Y176.676 E2873.67274
G0 F9000 X109.559 Y176.111
G1 F1500 X123.397 Y162.273 E2874.32363
G0 F9000 X123.332 Y161.773
G1 F1500 X109.559 Y175.545 E2874.97145
G0 F9000 X109.597 Y174.942
G1 F1500 X123.267 Y161.272 E2875.61444
G0 F9000 X123.202 Y160.771
G1 F1500 X109.723 Y174.25 E2876.24845
G0 F9000 X109.849 Y173.558
G1 F1500 X123.161 Y160.246 E2876.87461
G0 F9000 X123.121 Y159.721
G1 F1500 X109.975 Y172.867 E2877.49296
G0 F9000 X110.102 Y172.174
G1 F1500 X123.08 Y159.196 E2878.1034
G0 F9000 X123.039 Y158.671
G1 F1500 X110.228 Y171.483 E2878.70602
G0 F9000 X110.354 Y170.791
G1 F1500 X122.999 Y158.146 E2879.3008
G0 F9000 X122.958 Y157.621
G1 F1500 X110.48 Y170.099 E2879.88773
G0 F9000 X110.607 Y169.407
G1 F1500 X122.917 Y157.096 E2880.46677
G0 F9000 X122.876 Y156.571
G1 F1500 X110.732 Y168.715 E2881.03799
G0 F9000 X110.858 Y168.024
G1 F1500 X122.835 Y156.047 E2881.60135
G0 F9000 X122.795 Y155.521
G1 F1500 X110.942 Y167.374 E2882.15888
G0 F9000 X111.026 Y166.725
G1 F1500 X122.754 Y154.997 E2882.71053
G0 F9000 X122.713 Y154.472
G1 F1500 X111.11 Y166.075 E2883.2563
G0 F9000 X111.194 Y165.425
G1 F1500 X122.673 Y153.947 E2883.79621
G0 F9000 X122.632 Y153.422
G1 F1500 X111.278 Y164.775 E2884.33025
G0 F9000 X111.362 Y164.126
G1 F1500 X122.617 Y152.871 E2884.85965
G0 F9000 X122.603 Y152.319
G1 F1500 X111.446 Y163.476 E2885.38444
G0 F9000 X111.53 Y162.826
G1 F1500 X122.588 Y151.768 E2885.90457
G0 F9000 X122.574 Y151.217
G1 F1500 X111.614 Y162.177 E2886.4201
G0 F9000 X111.698 Y161.527
G1 F1500 X122.559 Y150.666 E2886.93097
G0 F9000 X122.545 Y150.114
G1 F1500 X111.782 Y160.878 E2887.43725
G0 F9000 X111.836 Y160.257
G1 F1500 X122.53 Y149.563 E2887.94026
G0 F9000 X122.516 Y149.012
G1 F1500 X111.884 Y159.644 E2888.44036
G0 F9000 X111.931 Y159.031
G1 F1500 X122.502 Y148.46 E2888.93758
G0 F9000 X122.487 Y147.909
G1 F1500 X111.978 Y158.418 E2889.4319
G0 F9000 X112.026 Y157.805
G1 F1500 X122.473 Y147.358 E2889.92329
G0 F9000 X122.459 Y146.806
G1 F1500 X112.074 Y157.191 E2890.41177
G0 F9000 X112.121 Y156.578
G1 F1500 X122.444 Y146.255 E2890.89733
G0 F9000 X122.439 Y145.695
G1 F1500 X112.169 Y155.965 E2891.3804
G0 F9000 X112.216 Y155.352
G1 F1500 X122.439 Y145.13 E2891.86124
G0 F9000 X122.439 Y144.564
G1 F1500 X112.263 Y154.739 E2892.33986
G0 F9000 X112.311 Y154.126
G1 F1500 X122.439 Y143.998 E2892.81625
G0 F9000 X122.439 Y143.433
G1 F1500 X112.358 Y153.513 E2893.29041
G0 F9000 X112.383 Y152.923
G1 F1500 X122.439 Y142.867 E2893.76341
G0 F9000 X122.439 Y142.301
G1 F1500 X112.398 Y152.342 E2894.23571
G0 F9000 X112.413 Y151.762
G1 F1500 X122.439 Y141.736 E2894.7073
G0 F9000 X122.439 Y141.17
G1 F1500 X112.427 Y151.181 E2895.17821
G0 F9000 X112.442 Y150.601
G1 F1500 X122.439 Y140.604 E2895.64844
G0 F9000 X122.439 Y140.038
G1 F1500 X112.457 Y150.02 E2896.11796
G0 F9000 X112.473 Y149.439
G1 F1500 X122.439 Y139.473 E2896.58673
G0 F9000 X122.439 Y138.907
G1 F1500 X112.487 Y148.858 E2897.05482
G0 F9000 X112.502 Y148.278
G1 F1500 X122.439 Y138.341 E2897.52222
G0 F9000 X122.439 Y137.776
G1 F1500 X112.517 Y147.697 E2897.9889
G0 F9000 X112.532 Y147.117
G1 F1500 X122.439 Y137.21 E2898.4549
G0 F9000 X122.439 Y136.644
G1 F1500 X112.548 Y146.535 E2898.92014
G0 F9000 X112.56 Y145.958
G1 F1500 X122.439 Y136.079 E2899.38482
G0 F9000 X122.439 Y135.513
G1 F1500 X112.56 Y145.392 E2899.84949
G0 F9000 X112.56 Y144.826
G1 F1500 X122.439 Y134.947 E2900.31417
G0 F9000 X122.439 Y134.382
G1 F1500 X112.56 Y144.261 E2900.77885
G0 F9000 X112.56 Y143.695
G1 F1500 X122.439 Y133.816 E2901.24353
G0 F9000 X122.439 Y133.25
G1 F1500 X112.56 Y143.129 E2901.70821
G0 F9000 X112.56 Y142.564
G1 F1500 X122.439 Y132.685 E2902.17288
G0 F9000 X122.439 Y132.119
G1 F1500 X112.56 Y141.998 E2902.63756
G0 F9000 X112.56 Y141.432
G1 F1500 X122.439 Y131.553 E2903.10224
G0 F9000 X122.439 Y130.987
G1 F1500 X112.56 Y140.866 E2903.56692
G0 F9000 X112.56 Y140.301
G1 F1500 X122.439 Y130.422 E2904.0316
G0 F9000 X122.439 Y129.856
G1 F1500 X112.56 Y139.735 E2904.49627
G0 F9000 X112.56 Y139.169
G1 F1500 X122.439 Y129.29 E2904.96095
G0 F9000 X122.439 Y128.725
G1 F1500 X112.56 Y138.604 E2905.42563
G0 F9000 X112.56 Y138.038
G1 F1500 X122.439 Y128.159 E2905.89031
G0 F9000 X122.439 Y127.593
G1 F1500 X112.56 Y137.472 E2906.35498
G0 F9000 X112.56 Y136.907
G1 F1500 X122.439 Y127.028 E2906.81966
G0 F9000 X122.439 Y126.462
G1 F1500 X112.56 Y136.341 E2907.28434
G0 F9000 X112.56 Y135.775
G1 F1500 X122.439 Y125.896 E2907.74902
G0 F9000 X122.439 Y125.331
G1 F1500 X112.56 Y135.21 E2908.2137
G0 F9000 X112.56 Y134.644
G1 F1500 X122.439 Y124.765 E2908.67837
G0 F9000 X122.439 Y124.199
G1 F1500 X112.56 Y134.078 E2909.14305
G0 F9000 X112.56 Y133.513
G1 F1500 X122.439 Y123.634 E2909.60773
G0 F9000 X122.439 Y123.068
G1 F1500 X112.56 Y132.947 E2910.07241
G0 F9000 X112.56 Y132.381
G1 F1500 X122.439 Y122.502 E2910.53709
G0 F9000 X122.439 Y121.937
G1 F1500 X112.56 Y131.816 E2911.00176
G0 F9000 X112.56 Y131.25
G1 F1500 X122.439 Y121.371 E2911.46644
G0 F9000 X122.439 Y120.805
G1 F1500 X112.56 Y130.684 E2911.93112
G0 F9000 X112.56 Y130.118
G1 F1500 X122.439 Y120.239 E2912.3958
G0 F9000 X122.439 Y119.674
G1 F1500 X112.56 Y129.553 E2912.86047
G0 F9000 X112.56 Y128.987
G1 F1500 X122.439 Y119.108 E2913.32515
G0 F9000 X122.439 Y118.542
G1 F1500 X112.56 Y128.421 E2913.78983
G0 F9000 X112.56 Y127.856
G1 F1500 X122.439 Y117.977 E2914.25451
G0 F9000 X122.439 Y117.411
G1 F1500 X112.56 Y127.29 E2914.71919
G0 F9000 X112.56 Y126.724
G1 F1500 X122.439 Y116.845 E2915.18386
G0 F9000 X122.439 Y116.28
G1 F1500 X112.56 Y126.159 E2915.64854
G0 F9000 X112.56 Y125.593
G1 F1500 X122.439 Y115.714 E2916.11322
G0 F9000 X122.439 Y115.148
G1 F1500 X112.56 Y125.027 E2916.5779
G0 F9000 X112.56 Y124.462
G1 F1500 X122.439 Y114.583 E2917.04258
G0 F9000 X122.439 Y114.017
G1 F1500 X112.56 Y123.896 E2917.50725
G0 F9000 X112.56 Y123.33
G1 F1500 X122.439 Y113.451 E2917.97193
G0 F9000 X122.439 Y112.886
G1 F1500 X112.56 Y122.765 E2918.43661
G0 F9000 X112.56 Y122.199
G1 F1500 X122.439 Y112.32 E2918.90129
G0 F9000 X122.439 Y111.754
G1 F1500 X112.56 Y121.633 E2919.36597
G0 F9000 X112.56 Y121.067
G1 F1500 X122.439 Y111.189 E2919.83062
G0 F9000 X122.439 Y110.623
G1 F1500 X112.56 Y120.502 E2920.2953
G0 F9000 X112.56 Y119.936
G1 F1500 X122.439 Y110.057 E2920.75998
G0 F9000 X122.439 Y109.491
G1 F1500 X112.56 Y119.37 E2921.22465
G0 F9000 X112.56 Y118.805
G1 F1500 X122.439 Y108.926 E2921.68933
G0 F9000 X122.439 Y108.36
G1 F1500 X112.56 Y118.239 E2922.15401
G0 F9000 X112.56 Y117.673
G1 F1500 X122.439 Y107.794 E2922.61869
G0 F9000 X122.439 Y107.229
G1 F1500 X112.56 Y117.108 E2923.08336
G0 F9000 X112.56 Y116.542
G1 F1500 X122.439 Y106.663 E2923.54804
G0 F9000 X122.439 Y106.097
G1 F1500 X112.56 Y115.976 E2924.01272
G0 F9000 X112.56 Y115.411
G1 F1500 X122.439 Y105.532 E2924.4774
G0 F9000 X122.439 Y104.966
G1 F1500 X112.56 Y114.845 E2924.94208
G0 F9000 X112.56 Y114.279
G1 F1500 X122.439 Y104.4 E2925.40675
G0 F9000 X122.439 Y103.835
G1 F1500 X112.56 Y113.714 E2925.87143
G0 F9000 X112.56 Y113.148
G1 F1500 X122.439 Y103.269 E2926.33611
G0 F9000 X122.439 Y102.703
G1 F1500 X112.56 Y112.582 E2926.80079
G0 F9000 X112.56 Y112.017
G1 F1500 X122.439 Y102.138 E2927.26547
G0 F9000 X122.439 Y101.572
G1 F1500 X112.56 Y111.451 E2927.73014
G0 F9000 X112.56 Y110.885
G1 F1500 X122.439 Y101.006 E2928.19482
G0 F9000 X122.439 Y100.44
G1 F1500 X112.56 Y110.319 E2928.6595
G0 F9000 X112.56 Y109.754
G1 F1500 X122.439 Y99.875 E2929.12418
G0 F9000 X122.439 Y99.309
G1 F1500 X112.56 Y109.188 E2929.58885
G0 F9000 X112.56 Y108.622
G1 F1500 X122.439 Y98.743 E2930.05353
G0 F9000 X122.439 Y98.178
G1 F1500 X112.56 Y108.057 E2930.51821
G0 F9000 X112.56 Y107.491
G1 F1500 X122.439 Y97.612 E2930.98289
G0 F9000 X122.439 Y97.046
G1 F1500 X112.56 Y106.925 E2931.44757
G0 F9000 X112.56 Y106.36
G1 F1500 X122.439 Y96.481 E2931.91224
G0 F9000 X122.439 Y95.915
G1 F1500 X112.56 Y105.794 E2932.37692
G0 F9000 X112.56 Y105.228
G1 F1500 X122.439 Y95.349 E2932.8416
G0 F9000 X122.439 Y94.784
G1 F1500 X112.56 Y104.663 E2933.30628
G0 F9000 X112.56 Y104.097
G1 F1500 X122.439 Y94.218 E2933.77096
G0 F9000 X122.439 Y93.652
G1 F1500 X112.56 Y103.531 E2934.23563
G0 F9000 X112.56 Y102.966
G1 F1500 X122.439 Y93.087 E2934.70031
G0 F9000 X122.439 Y92.521
G1 F1500 X112.56 Y102.4 E2935.16499
G0 F9000 X112.56 Y101.834
G1 F1500 X122.439 Y91.955 E2935.62967
G0 F9000 X122.439 Y91.39
G1 F1500 X112.56 Y101.269 E2936.09434
G0 F9000 X112.56 Y100.703
G1 F1500 X122.439 Y90.824 E2936.55902
G0 F9000 X122.439 Y90.258
G1 F1500 X112.56 Y100.137 E2937.0237
G0 F9000 X112.56 Y99.571
G1 F1500 X122.439 Y89.692 E2937.48838
G0 F9000 X122.439 Y89.127
G1 F1500 X112.56 Y99.006 E2937.95306
G0 F9000 X112.56 Y98.44
G1 F1500 X122.448 Y88.551 E2938.41818
G0 F9000 X122.463 Y87.971
G1 F1500 X112.56 Y97.874 E2938.88399
G0 F9000 X112.56 Y97.309
G1 F1500 X122.479 Y87.389 E2939.35057
G0 F9000 X122.494 Y86.809
G1 F1500 X112.56 Y96.743 E2939.81784
G0 F9000 X112.56 Y96.177
G1 F1500 X122.509 Y86.228 E2940.28581
G0 F9000 X122.523 Y85.648
G1 F1500 X112.56 Y95.612 E2940.75446
G0 F9000 X112.56 Y95.046
G1 F1500 X122.538 Y85.067 E2941.22382
G0 F9000 X122.553 Y84.487
G1 F1500 X112.56 Y94.48 E2941.69386
G0 F9000 X112.56 Y93.915
G1 F1500 X122.569 Y83.905 E2942.16467
G0 F9000 X122.584 Y83.325
G1 F1500 X112.56 Y93.349 E2942.63617
G0 F9000 X112.56 Y92.783
G1 F1500 X122.598 Y82.744 E2943.10835
G0 F9000 X122.613 Y82.164
G1 F1500 X112.56 Y92.218 E2943.58124
G0 F9000 X112.56 Y91.652
G1 F1500 X122.633 Y81.578 E2944.05506
G0 F9000 X122.68 Y80.965
G1 F1500 X112.56 Y91.086 E2944.5311
G0 F9000 X112.56 Y90.52
G1 F1500 X122.728 Y80.352 E2945.00937
G0 F9000 X122.775 Y79.739
G1 F1500 X112.56 Y89.955 E2945.48988
G0 F9000 X112.56 Y89.389
G1 F1500 X122.823 Y79.126 E2945.97262
G0 F9000 X122.87 Y78.513
G1 F1500 X112.556 Y88.827 E2946.45776
G0 F9000 X112.541 Y88.276
G1 F1500 X122.917 Y77.9 E2946.94581
G0 F9000 X122.965 Y77.287
G1 F1500 X112.527 Y87.725 E2947.43678
G0 F9000 X112.513 Y87.173
G1 F1500 X123.012 Y76.674 E2947.93062
G0 F9000 X123.06 Y76.06
G1 F1500 X112.498 Y86.622 E2948.42743
G0 F9000 X112.484 Y86.071
G1 F1500 X123.107 Y75.447 E2948.92713
G0 F9000 X123.155 Y74.834
G1 F1500 X112.47 Y85.519 E2949.42972
G0 F9000 X112.455 Y84.968
G1 F1500 X123.204 Y74.22 E2949.93529
G0 F9000 X123.288 Y73.57
G1 F1500 X112.441 Y84.417 E2950.4455
G0 F9000 X112.427 Y83.865
G1 F1500 X123.371 Y72.921 E2950.96027
G0 F9000 X123.455 Y72.271
G1 F1500 X112.412 Y83.314 E2951.4797
G0 F9000 X112.398 Y82.763
G1 F1500 X123.54 Y71.621 E2952.00379
G0 F9000 X123.624 Y70.971
G1 F1500 X112.384 Y82.211 E2952.53248
G0 F9000 X112.369 Y81.66
G1 F1500 X123.708 Y70.321 E2953.06584
G0 F9000 X123.792 Y69.671
G1 F1500 X112.332 Y81.132 E2953.6049
G0 F9000 X112.292 Y80.606
G1 F1500 X123.876 Y69.022 E2954.14978
G0 F9000 X123.96 Y68.372
G1 F1500 X112.251 Y80.081 E2954.70053
G0 F9000 X112.21 Y79.557
G1 F1500 X124.044 Y67.723 E2955.25717
G0 F9000 X124.128 Y67.073
G1 F1500 X112.169 Y79.031 E2955.81966
G0 F9000 X112.128 Y78.507
G1 F1500 X124.247 Y66.388 E2956.3897
G0 F9000 X124.373 Y65.696
G1 F1500 X112.088 Y77.981 E2956.96755
G0 F9000 X112.047 Y77.457
G1 F1500 X124.499 Y65.005 E2957.55325
G0 F9000 X124.625 Y64.313
G1 F1500 X112.006 Y76.932 E2958.14681
G0 F9000 X111.966 Y76.407
G1 F1500 X124.751 Y63.621 E2958.7482
G0 F9000 X124.877 Y62.93
G1 F1500 X111.925 Y75.882 E2959.35742
G0 F9000 X111.884 Y75.357
G1 F1500 X125.003 Y62.238 E2959.9745
G0 F9000 X125.129 Y61.546
G1 F1500 X111.843 Y74.832 E2960.59944
G0 F9000 X111.802 Y74.307
G1 F1500 X125.255 Y60.855 E2961.2322
G0 F9000 X125.381 Y60.163
G1 F1500 X111.741 Y73.802 E2961.87376
G0 F9000 X111.676 Y73.302
G1 F1500 X125.437 Y59.541 E2962.52104
G0 F9000 X125.437 Y58.975
G1 F1500 X111.611 Y72.801 E2963.17137
G0 F9000 X111.547 Y72.3
G1 F1500 X125.437 Y58.409 E2963.82473
G0 F9000 X125.437 Y57.844
G1 F1500 X111.482 Y71.799 E2964.48113
G0 F9000 X111.417 Y71.298
G1 F1500 X125.437 Y57.278 E2965.14059
G0 F9000 X125.437 Y56.712
G1 F1500 X111.352 Y70.798 E2965.80313
G0 F9000 X111.287 Y70.297
G1 F1500 X125.437 Y56.147 E2966.4687
G0 F9000 X125.437 Y55.581
G1 F1500 X111.222 Y69.796 E2967.13733
G0 F9000 X111.157 Y69.295
G1 F1500 X125.437 Y55.015 E2967.80902
G0 F9000 X125.437 Y54.45
G1 F1500 X111.092 Y68.795 E2968.48377
G0 F9000 X111.027 Y68.294
G1 F1500 X125.437 Y53.884 E2969.16157
G0 F9000 X125.437 Y53.318
G1 F1500 X110.962 Y67.793 E2969.84243
G0 F9000 X110.898 Y67.292
G1 F1500 X125.437 Y52.752 E2970.52632
G0 F9000 X125.437 Y52.187
G1 F1500 X110.826 Y66.798 E2971.21358
G0 F9000 X110.739 Y66.32
G1 F1500 X125.437 Y51.621 E2971.90495
G0 F9000 X125.437 Y51.055
G1 F1500 X110.651 Y65.842 E2972.60046
G0 F9000 X110.564 Y65.363
G1 F1500 X125.437 Y50.49 E2973.30004
G0 F9000 X125.437 Y49.924
G1 F1500 X110.476 Y64.885 E2974.00376
G0 F9000 X110.389 Y64.406
G1 F1500 X125.437 Y49.358 E2974.71157
G0 F9000 X125.437 Y48.793
G1 F1500 X110.303 Y63.928 E2975.42345
G0 F9000 X110.215 Y63.45
G1 F1500 X125.437 Y48.227 E2976.13947
G0 F9000 X125.437 Y47.661
G1 F1500 X110.128 Y62.971 E2976.85959
G0 F9000 X110.04 Y62.493
G1 F1500 X125.437 Y47.096 E2977.58381
G0 F9000 X125.437 Y46.53
G1 F1500 X109.953 Y62.014 E2978.31213
G0 F9000 X109.866 Y61.535
G1 F1500 X125.437 Y45.964 E2979.04455
G0 F9000 X125.437 Y45.399
G1 F1500 X109.779 Y61.057 E2979.78105
G0 F9000 X109.692 Y60.579
G1 F1500 X125.437 Y44.833 E2980.52167
G0 F9000 X125.437 Y44.267
G1 F1500 X109.605 Y60.1 E2981.26638
G0 F9000 X109.56 Y59.579
G1 F1500 X125.437 Y43.702 E2982.01319
G0 F9000 X125.437 Y43.136
G1 F1500 X109.56 Y59.013 E2982.75999
G0 F9000 X109.56 Y58.448
G1 F1500 X125.437 Y42.57 E2983.50682
G0 F9000 X125.437 Y42.004
G1 F1500 X109.56 Y57.882 E2984.25365
G0 F9000 X109.56 Y57.316
G1 F1500 X125.437 Y41.439 E2985.00046
G0 F9000 X125.437 Y40.873
G1 F1500 X109.56 Y56.75 E2985.74726
G0 F9000 X109.56 Y56.185
G1 F1500 X125.437 Y40.307 E2986.49409
G0 F9000 X125.437 Y39.742
G1 F1500 X109.56 Y55.619 E2987.2409
G0 F9000 X109.56 Y55.053
G1 F1500 X125.437 Y39.176 E2987.9877
G0 F9000 X125.437 Y38.61
G1 F1500 X109.56 Y54.488 E2988.73453
G0 F9000 X109.56 Y53.922
G1 F1500 X125.437 Y38.045 E2989.48134
G0 F9000 X125.437 Y37.479
G1 F1500 X109.56 Y53.356 E2990.22814
G0 F9000 X109.56 Y52.791
G1 F1500 X125.437 Y36.913 E2990.97497
G0 F9000 X125.225 Y36.56
G1 F1500 X109.56 Y52.225 E2991.7118
G0 F9000 X109.56 Y51.659
G1 F1500 X124.659 Y36.56 E2992.42201
G0 F9000 X124.093 Y36.56
G1 F1500 X109.56 Y51.094 E2993.10563
G0 F9000 X109.56 Y50.528
G1 F1500 X123.528 Y36.56 E2993.76264
G0 F9000 X122.962 Y36.56
G1 F1500 X109.56 Y49.962 E2994.39303
G0 F9000 X109.56 Y49.397
G1 F1500 X122.396 Y36.56 E2994.99682
G0 F9000 X121.83 Y36.56
G1 F1500 X109.56 Y48.831 E2995.57398
G0 F9000 X109.56 Y48.265
G1 F1500 X121.265 Y36.56 E2996.12455
G0 F9000 X120.699 Y36.56
G1 F1500 X109.56 Y47.7 E2996.64852
G0 F9000 X109.56 Y47.134
G1 F1500 X120.133 Y36.56 E2997.14586
G0 F9000 X119.568 Y36.56
G1 F1500 X109.56 Y46.568 E2997.61661
G0 F9000 X109.56 Y46.002
G1 F1500 X119.002 Y36.56 E2998.06073
G0 F9000 X118.436 Y36.56
G1 F1500 X109.56 Y45.437 E2998.47825
G0 F9000 X109.56 Y44.871
G1 F1500 X117.871 Y36.56 E2998.86918
G0 F9000 X117.305 Y36.56
G1 F1500 X109.56 Y44.305 E2999.23348
G0 F9000 X109.56 Y43.74
G1 F1500 X116.739 Y36.56 E2999.57118
G0 F9000 X116.174 Y36.56
G1 F1500 X109.56 Y43.174 E2999.88228
G0 F9000 X109.56 Y42.608
G1 F1500 X115.608 Y36.56 E3000.16676
G0 F9000 X115.042 Y36.56
G1 F1500 X109.56 Y42.043 E3000.42464
G0 F9000 X109.56 Y41.477
G1 F1500 X114.477 Y36.56 E3000.65592
G0 F9000 X113.911 Y36.56
G1 F1500 X109.56 Y40.911 E3000.86058
G0 F9000 X109.56 Y40.346
G1 F1500 X113.345 Y36.56 E3001.03864
G0 F9000 X112.779 Y36.56
G1 F1500 X109.56 Y39.78 E3001.19008
G0 F9000 X109.56 Y39.214
G1 F1500 X112.214 Y36.56 E3001.31491
G0 F9000 X111.648 Y36.56
G1 F1500 X109.56 Y38.649 E3001.41315
G0 F9000 X109.56 Y38.083
G1 F1500 X111.082 Y36.56 E3001.48476
G0 F9000 X110.517 Y36.56
G1 F1500 X109.56 Y37.517 E3001.52978
G0 F9000 X109.56 Y36.951
G1 F1500 X109.951 Y36.56 E3001.54817
G1 F2700 E2996.54817
;MESH:NONMESH
G0 F300 X109.951 Y36.56 Z3
G0 F9000 X109.951 Y36.1
G0 X109.172 Y36.172
G0 X109.162 Y59.896
G0 X111.083 Y74.337
G0 X111.65 Y81.659
G0 X111.839 Y88.99
G0 X111.839 Y146.01
G0 X111.65 Y153.341
G0 X111.083 Y160.663
G0 X110.14 Y167.947
G0 X109.149 Y173.192
G0 X109 Y199
;TIME_ELAPSED:4134.900983
;LAYER:14
;TYPE:WALL-INNER
;MESH:D638-22 Tensile.STL
G1 F2700 E3001.54817
G1 F1500 X126 Y199 E3002.11359
G1 X126 Y175.858 E3002.8833
G1 X126 Y175.089 E3002.90887
G1 X124.701 Y167.971 E3003.14953
G1 X123.754 Y160.654 E3003.39492
G1 X123.188 Y153.323 E3003.63948
G1 X123 Y146.027 E3003.88222
G1 X123 Y88.973 E3005.77985
G1 X123.19 Y81.624 E3006.02436
G1 X123.754 Y74.346 E3006.26715
G1 X124.701 Y67.027 E3006.51261
G1 X125.999 Y59.907 E3006.75333
G1 X126 Y36 E3007.54848
G1 X109 Y36 E3008.1139
G1 X109.001 Y59.911 E3008.90918
G1 X110.299 Y67.028 E3009.1498
G1 X111.246 Y74.345 E3009.39519
G1 X111.81 Y81.625 E3009.63805
G1 X112 Y88.973 E3009.88253
G1 X112 Y146.027 E3011.78015
G1 X111.812 Y153.324 E3012.02293
G1 X111.245 Y160.664 E3012.26779
G1 X110.299 Y167.972 E3012.51288
G1 X109 Y175.093 E3012.75364
G1 X109 Y199 E3013.54879
G1 F2700 E3008.54879
G0 F9000 X125.828 Y198.828
G0 X125.839 Y175.105
G0 X124.797 Y167.931
G1 F2700 E3013.54879
G0 F9000 X125.094 Y167.894
G1 F1500 X126.4 Y175.053 E3013.79083
G1 X126.4 Y175.858 E3013.8176
G1 X126.4 Y199.4 E3014.60061
G1 X108.6 Y199.4 E3015.19264
G1 X108.6 Y175.057 E3016.00229
G1 X109.906 Y167.896 E3016.2444
G1 X110.844 Y160.654 E3016.48728
G1 X111.411 Y153.345 E3016.73111
G1 X111.6 Y146.017 E3016.97492
G1 X111.6 Y88.983 E3018.87188
G1 X111.411 Y81.656 E3019.11566
G1 X110.847 Y74.376 E3019.35852
G1 X109.906 Y67.105 E3019.60237
G1 X108.601 Y59.947 E3019.84437
G1 X108.6 Y35.6 E3020.65415
G1 X126.4 Y35.6 E3021.24618
G1 X126.399 Y59.943 E3022.05583
G1 X125.094 Y67.104 E3022.29793
G1 X124.156 Y74.346 E3022.54081
G1 X123.589 Y81.655 E3022.78464
G1 X123.4 Y88.983 E3023.02845
G1 X123.4 Y146.017 E3024.92541
G1 X123.589 Y153.343 E3025.16916
G1 X124.156 Y160.654 E3025.41305
G1 X125.094 Y167.894 E3025.65587
G1 F2700 E3020.65587
G0 F9000 X124.797 Y167.931
G0 X126.198 Y175.072
G0 X126.082 Y199.082
G0 X108.47 Y199.53
G1 F2700 E3025.65587
G0 F9000 X108.2 Y199.8
;TYPE:WALL-OUTER
G1 F1500 X126.8 Y199.8 E3026.27451
G1 X126.8 Y175.858 E3027.07082
G1 X126.8 Y175.017 E3027.09879
G1 X125.491 Y167.842 E3027.34137
G1 X124.552 Y160.592 E3027.58452
G1 X123.988 Y153.302 E3027.82771
G1 X123.8 Y146.007 E3028.07043
G1 X123.8 Y88.993 E3029.96672
G1 X123.988 Y81.686 E3030.20983
G1 X124.553 Y74.398 E3030.45296
G1 X125.493 Y67.146 E3030.69618
G1 X126.799 Y59.979 E3030.93848
G1 X126.8 Y35.2 E3031.76263
G1 X108.2 Y35.2 E3032.38127
G1 X108.201 Y59.983 E3033.20556
G1 X109.509 Y67.157 E3033.4481
G1 X110.448 Y74.407 E3033.69125
G1 X111.012 Y81.697 E3033.93444
G1 X111.2 Y88.993 E3034.17719
G1 X111.2 Y146.007 E3036.07348
G1 X111.012 Y153.314 E3036.31659
G1 X110.447 Y160.602 E3036.55972
G1 X109.507 Y167.854 E3036.80294
G1 X108.2 Y175.021 E3037.04525
G1 X108.2 Y199.8 E3037.8694
G0 F9000 X108.47 Y199.53
G0 X109.1 Y198.64
G0 X109.36 Y198.64
;TYPE:SKIN
G1 F1500 X125.64 Y198.64 E3038.41088
G1 X125.64 Y175.122 E3039.19309
G1 X124.341 Y168.004 E3039.43374
G1 X123.401 Y160.741 E3039.67733
G1 X122.831 Y153.391 E3039.92252
G1 X122.64 Y146.04 E3040.1671
G1 X122.64 Y88.961 E3042.06555
G1 X122.828 Y81.657 E3042.30857
G1 X123.402 Y74.247 E3042.55576
G1 X124.343 Y66.983 E3042.79938
G1 X125.639 Y59.872 E3043.03979
G1 X125.639 Y36.361 E3043.82177
G1 X109.361 Y36.361 E3044.36318
G1 X109.361 Y59.879 E3045.14539
G1 X110.659 Y66.995 E3045.38598
G1 X111.599 Y74.258 E3045.62956
G1 X112.169 Y81.606 E3045.87469
G1 X112.36 Y88.961 E3046.1194
G1 X112.36 Y146.04 E3048.01785
G1 X112.172 Y153.343 E3048.26083
G1 X111.598 Y160.752 E3048.508
G1 X110.657 Y168.017 E3048.75165
G1 X109.36 Y175.128 E3048.99207
G1 X109.36 Y175.863 E3049.01651
G1 X109.36 Y198.64 E3049.77408
G0 F9000 X109.559 Y198.372
G1 F1500 X109.626 Y198.438 E3049.77721
G0 F9000 X110.191 Y198.438
G1 F1500 X109.559 Y197.806 E3049.80693
G0 F9000 X109.559 Y197.241
G1 F1500 X110.757 Y198.438 E3049.86326
G0 F9000 X111.323 Y198.438
G1 F1500 X109.559 Y196.675 E3049.94621
G0 F9000 X109.559 Y196.109
G1 F1500 X111.889 Y198.438 E3050.05578
G0 F9000 X112.454 Y198.438
G1 F1500 X109.559 Y195.544 E3050.19193
G0 F9000 X109.559 Y194.978
G1 F1500 X113.02 Y198.438 E3050.3547
G0 F9000 X113.586 Y198.438
G1 F1500 X109.559 Y194.412 E3050.5441
G0 F9000 X109.559 Y193.846
G1 F1500 X114.151 Y198.438 E3050.76009
G0 F9000 X114.717 Y198.438
G1 F1500 X109.559 Y193.281 E3051.00268
G0 F9000 X109.559 Y192.715
G1 F1500 X115.283 Y198.438 E3051.2719
G0 F9000 X115.848 Y198.438
G1 F1500 X109.559 Y192.149 E3051.56771
G0 F9000 X109.559 Y191.584
G1 F1500 X116.414 Y198.438 E3051.89013
G0 F9000 X116.98 Y198.438
G1 F1500 X109.559 Y191.018 E3052.23917
G0 F9000 X109.559 Y190.452
G1 F1500 X117.545 Y198.438 E3052.6148
G0 F9000 X118.111 Y198.438
G1 F1500 X109.559 Y189.887 E3053.01704
G0 F9000 X109.559 Y189.321
G1 F1500 X118.677 Y198.438 E3053.4459
G0 F9000 X119.242 Y198.438
G1 F1500 X109.559 Y188.755 E3053.90136
G0 F9000 X109.559 Y188.19
G1 F1500 X119.808 Y198.438 E3054.38341
G0 F9000 X120.374 Y198.438
G1 F1500 X109.559 Y187.624 E3054.8921
G0 F9000 X109.559 Y187.058
G1 F1500 X120.94 Y198.438 E3055.4274
G0 F9000 X121.505 Y198.438
G1 F1500 X109.559 Y186.493 E3055.98928
G0 F9000 X109.559 Y185.927
G1 F1500 X122.071 Y198.438 E3056.57778
G0 F9000 X122.637 Y198.438
G1 F1500 X109.559 Y185.361 E3057.19291
G0 F9000 X109.559 Y184.795
G1 F1500 X123.202 Y198.438 E3057.83463
G0 F9000 X123.768 Y198.438
G1 F1500 X109.559 Y184.23 E3058.50296
G0 F9000 X109.559 Y183.664
G1 F1500 X124.334 Y198.438 E3059.1979
G0 F9000 X124.899 Y198.438
G1 F1500 X109.559 Y183.098 E3059.91945
G0 F9000 X109.559 Y182.533
G1 F1500 X125.44 Y198.413 E3060.66642
G0 F9000 X125.44 Y197.847
G1 F1500 X109.559 Y181.967 E3061.41339
G0 F9000 X109.559 Y181.401
G1 F1500 X125.44 Y197.282 E3062.16038
G0 F9000 X125.44 Y196.716
G1 F1500 X109.559 Y180.836 E3062.90735
G0 F9000 X109.559 Y180.27
G1 F1500 X125.44 Y196.15 E3063.65432
G0 F9000 X125.44 Y195.585
G1 F1500 X109.559 Y179.704 E3064.40132
G0 F9000 X109.559 Y179.139
G1 F1500 X125.44 Y195.019 E3065.14829
G0 F9000 X125.44 Y194.453
G1 F1500 X109.559 Y178.573 E3065.89526
G0 F9000 X109.559 Y178.007
G1 F1500 X125.44 Y193.887 E3066.64223
G0 F9000 X125.44 Y193.322
G1 F1500 X109.559 Y177.442 E3067.3892
G0 F9000 X109.559 Y176.876
G1 F1500 X125.44 Y192.756 E3068.13617
G0 F9000 X125.44 Y192.19
G1 F1500 X109.559 Y176.31 E3068.88314
G0 F9000 X109.559 Y175.745
G1 F1500 X125.44 Y191.625 E3069.63011
G0 F9000 X125.44 Y191.059
G1 F1500 X109.559 Y175.179 E3070.37708
G0 F9000 X109.641 Y174.695
G1 F1500 X125.44 Y190.493 E3071.12019
G0 F9000 X125.44 Y189.928
G1 F1500 X109.728 Y174.216 E3071.85924
G0 F9000 X109.815 Y173.738
G1 F1500 X125.44 Y189.362 E3072.59416
G0 F9000 X125.44 Y188.796
G1 F1500 X109.903 Y173.26 E3073.32495
G0 F9000 X109.99 Y172.781
G1 F1500 X125.44 Y188.231 E3074.05167
G0 F9000 X125.44 Y187.665
G1 F1500 X110.078 Y172.303 E3074.77425
G0 F9000 X110.165 Y171.824
G1 F1500 X125.44 Y187.099 E3075.49274
G0 F9000 X125.44 Y186.534
G1 F1500 X110.252 Y171.346 E3076.20714
G0 F9000 X110.339 Y170.868
G1 F1500 X125.44 Y185.968 E3076.91742
G0 F9000 X125.44 Y185.402
G1 F1500 X110.426 Y170.389 E3077.62361
G0 F9000 X110.514 Y169.911
G1 F1500 X125.44 Y184.837 E3078.32568
G0 F9000 X125.44 Y184.271
G1 F1500 X110.601 Y169.432 E3079.02367
G0 F9000 X110.689 Y168.954
G1 F1500 X125.44 Y183.705 E3079.71751
G0 F9000 X125.44 Y183.139
G1 F1500 X110.776 Y168.475 E3080.40726
G0 F9000 X110.861 Y167.995
G1 F1500 X125.44 Y182.574 E3081.09301
G0 F9000 X125.44 Y182.008
G1 F1500 X110.926 Y167.495 E3081.77568
G0 F9000 X110.991 Y166.993
G1 F1500 X125.44 Y181.442 E3082.45532
G0 F9000 X125.44 Y180.877
G1 F1500 X111.056 Y166.493 E3083.13189
G0 F9000 X111.12 Y165.991
G1 F1500 X125.44 Y180.311 E3083.80546
G0 F9000 X125.44 Y179.745
G1 F1500 X111.185 Y165.491 E3084.47595
G0 F9000 X111.25 Y164.99
G1 F1500 X125.44 Y179.18 E3085.14341
G0 F9000 X125.44 Y178.614
G1 F1500 X111.314 Y164.489 E3085.80783
G0 F9000 X111.379 Y163.988
G1 F1500 X125.44 Y178.048 E3086.46919
G0 F9000 X125.44 Y177.483
G1 F1500 X111.444 Y163.487 E3087.12752
G0 F9000 X111.509 Y162.986
G1 F1500 X125.44 Y176.917 E3087.78279
G0 F9000 X125.44 Y176.351
G1 F1500 X111.573 Y162.485 E3088.43503
G0 F9000 X111.638 Y161.984
G1 F1500 X125.44 Y175.786 E3089.08423
G0 F9000 X125.44 Y175.22
G1 F1500 X111.703 Y161.484 E3089.73035
G0 F9000 X111.768 Y160.982
G1 F1500 X125.331 Y174.546 E3090.36834
G0 F9000 X125.205 Y173.854
G1 F1500 X111.819 Y160.468 E3090.99798
G0 F9000 X111.86 Y159.943
G1 F1500 X125.079 Y173.162 E3091.61976
G0 F9000 X124.953 Y172.471
G1 F1500 X111.901 Y159.418 E3092.23371
G0 F9000 X111.941 Y158.893
G1 F1500 X124.826 Y171.778 E3092.83978
G0 F9000 X124.7 Y171.086
G1 F1500 X111.982 Y158.368 E3093.43799
G0 F9000 X112.022 Y157.843
G1 F1500 X124.574 Y170.395 E3094.0284
G0 F9000 X124.447 Y169.702
G1 F1500 X112.063 Y157.318 E3094.61091
G0 F9000 X112.104 Y156.793
G1 F1500 X124.322 Y169.011 E3095.1856
G0 F9000 X124.195 Y168.318
G1 F1500 X112.145 Y156.268 E3095.7524
G0 F9000 X112.185 Y155.743
G1 F1500 X124.095 Y167.652 E3096.31258
G0 F9000 X124.01 Y167.003
G1 F1500 X112.226 Y155.218 E3096.86689
G0 F9000 X112.266 Y154.693
G1 F1500 X123.926 Y166.353 E3097.41534
G0 F9000 X123.841 Y165.702
G1 F1500 X112.307 Y154.168 E3097.95787
G0 F9000 X112.347 Y153.642
G1 F1500 X123.757 Y165.052 E3098.49456
G0 F9000 X123.673 Y164.403
G1 F1500 X112.377 Y153.107 E3099.02589
G0 F9000 X112.391 Y152.555
G1 F1500 X123.589 Y163.753 E3099.55261
G0 F9000 X123.505 Y163.103
G1 F1500 X112.405 Y152.003 E3100.07472
G0 F9000 X112.42 Y151.452
G1 F1500 X123.421 Y162.453 E3100.59217
G0 F9000 X123.337 Y161.803
G1 F1500 X112.434 Y150.9 E3101.10501
G0 F9000 X112.448 Y150.349
G1 F1500 X123.252 Y161.153 E3101.6132
G0 F9000 X123.183 Y160.518
G1 F1500 X112.463 Y149.798 E3102.11744
G0 F9000 X112.477 Y149.246
G1 F1500 X123.136 Y159.905 E3102.6188
G0 F9000 X123.088 Y159.292
G1 F1500 X112.491 Y148.695 E3103.11725
G0 F9000 X112.505 Y148.143
G1 F1500 X123.04 Y158.679 E3103.61281
G0 F9000 X122.993 Y158.065
G1 F1500 X112.519 Y147.592 E3104.10545
G0 F9000 X112.533 Y147.04
G1 F1500 X122.946 Y157.452 E3104.59522
G0 F9000 X122.897 Y156.839
G1 F1500 X112.548 Y146.489 E3105.08203
G0 F9000 X112.559 Y145.934
G1 F1500 X122.85 Y156.226 E3105.56611
G0 F9000 X122.803 Y155.612
G1 F1500 X112.559 Y145.369 E3106.04794
G0 F9000 X112.559 Y144.803
G1 F1500 X122.755 Y154.999 E3106.52753
G0 F9000 X122.707 Y154.386
G1 F1500 X112.559 Y144.237 E3107.00488
G0 F9000 X112.559 Y143.672
G1 F1500 X122.66 Y153.773 E3107.48
G0 F9000 X122.626 Y153.173
G1 F1500 X112.559 Y143.106 E3107.95352
G0 F9000 X112.559 Y142.54
G1 F1500 X122.61 Y152.592 E3108.42631
G0 F9000 X122.596 Y152.011
G1 F1500 X112.559 Y141.975 E3108.8984
G0 F9000 X112.559 Y141.409
G1 F1500 X122.58 Y151.43 E3109.36976
G0 F9000 X122.565 Y150.849
G1 F1500 X112.559 Y140.843 E3109.84041
G0 F9000 X112.559 Y140.277
G1 F1500 X122.55 Y150.268 E3110.31035
G0 F9000 X122.535 Y149.688
G1 F1500 X112.559 Y139.712 E3110.77959
G0 F9000 X112.559 Y139.146
G1 F1500 X122.52 Y149.107 E3111.24813
G0 F9000 X122.504 Y148.526
G1 F1500 X112.559 Y138.58 E3111.71593
G0 F9000 X112.559 Y138.015
G1 F1500 X122.489 Y147.945 E3112.18301
G0 F9000 X122.474 Y147.364
G1 F1500 X112.559 Y137.449 E3112.64938
G0 F9000 X112.559 Y136.883
G1 F1500 X122.459 Y146.784 E3113.11507
G0 F9000 X122.444 Y146.202
G1 F1500 X112.559 Y136.318 E3113.58001
G0 F9000 X112.559 Y135.752
G1 F1500 X122.439 Y145.632 E3114.04473
G0 F9000 X122.439 Y145.067
G1 F1500 X112.559 Y135.186 E3114.50948
G0 F9000 X112.559 Y134.621
G1 F1500 X122.439 Y144.501 E3114.97421
G0 F9000 X122.439 Y143.935
G1 F1500 X112.559 Y134.055 E3115.43893
G0 F9000 X112.559 Y133.489
G1 F1500 X122.439 Y143.37 E3115.90368
G0 F9000 X122.439 Y142.804
G1 F1500 X112.559 Y132.924 E3116.3684
G0 F9000 X112.559 Y132.358
G1 F1500 X122.439 Y142.238 E3116.83313
G0 F9000 X122.439 Y141.673
G1 F1500 X112.559 Y131.792 E3117.29788
G0 F9000 X112.559 Y131.226
G1 F1500 X122.439 Y141.107 E3117.76263
G0 F9000 X122.439 Y140.541
G1 F1500 X112.559 Y130.661 E3118.22735
G0 F9000 X112.559 Y130.095
G1 F1500 X122.439 Y139.976 E3118.6921
G0 F9000 X122.439 Y139.41
G1 F1500 X112.559 Y129.529 E3119.15685
G0 F9000 X112.559 Y128.964
G1 F1500 X122.439 Y138.844 E3119.62157
G0 F9000 X122.439 Y138.278
G1 F1500 X112.559 Y128.398 E3120.0863
G0 F9000 X112.559 Y127.832
G1 F1500 X122.439 Y137.713 E3120.55105
G0 F9000 X122.439 Y137.147
G1 F1500 X112.559 Y127.267 E3121.01577
G0 F9000 X112.559 Y126.701
G1 F1500 X122.439 Y136.581 E3121.4805
G0 F9000 X122.439 Y136.016
G1 F1500 X112.559 Y126.135 E3121.94524
G0 F9000 X112.559 Y125.57
G1 F1500 X122.439 Y135.45 E3122.40997
G0 F9000 X122.439 Y134.884
G1 F1500 X112.559 Y125.004 E3122.87469
G0 F9000 X112.559 Y124.438
G1 F1500 X122.439 Y134.319 E3123.33944
G0 F9000 X122.439 Y133.753
G1 F1500 X112.559 Y123.873 E3123.80417
G0 F9000 X112.559 Y123.307
G1 F1500 X122.439 Y133.187 E3124.26889
G0 F9000 X122.439 Y132.622
G1 F1500 X112.559 Y122.741 E3124.73364
G0 F9000 X112.559 Y122.176
G1 F1500 X122.439 Y132.056 E3125.19837
G0 F9000 X122.439 Y131.49
G1 F1500 X112.559 Y121.61 E3125.66309
G0 F9000 X112.559 Y121.044
G1 F1500 X122.439 Y130.925 E3126.12784
G0 F9000 X122.439 Y130.359
G1 F1500 X112.559 Y120.478 E3126.59259
G0 F9000 X112.559 Y119.913
G1 F1500 X122.439 Y129.793 E3127.05731
G0 F9000 X122.439 Y129.228
G1 F1500 X112.559 Y119.347 E3127.52206
G0 F9000 X112.559 Y118.781
G1 F1500 X122.439 Y128.662 E3127.98681
G0 F9000 X122.439 Y128.096
G1 F1500 X112.559 Y118.216 E3128.45153
G0 F9000 X112.559 Y117.65
G1 F1500 X122.439 Y127.53 E3128.91626
G0 F9000 X122.439 Y126.965
G1 F1500 X112.559 Y117.084 E3129.38101
G0 F9000 X112.559 Y116.519
G1 F1500 X122.439 Y126.399 E3129.84573
G0 F9000 X122.439 Y125.833
G1 F1500 X112.559 Y115.953 E3130.31046
G0 F9000 X112.559 Y115.387
G1 F1500 X122.439 Y125.268 E3130.77521
G0 F9000 X122.439 Y124.702
G1 F1500 X112.559 Y114.822 E3131.23993
G0 F9000 X112.559 Y114.256
G1 F1500 X122.439 Y124.136 E3131.70466
G0 F9000 X122.439 Y123.571
G1 F1500 X112.559 Y113.69 E3132.1694
G0 F9000 X112.559 Y113.125
G1 F1500 X122.439 Y123.005 E3132.63413
G0 F9000 X122.439 Y122.439
G1 F1500 X112.559 Y112.559 E3133.09885
G0 F9000 X112.559 Y111.993
G1 F1500 X122.439 Y121.874 E3133.5636
G0 F9000 X122.439 Y121.308
G1 F1500 X112.559 Y111.428 E3134.02833
G0 F9000 X112.559 Y110.862
G1 F1500 X122.439 Y120.742 E3134.49305
G0 F9000 X122.439 Y120.177
G1 F1500 X112.559 Y110.296 E3134.9578
G0 F9000 X112.559 Y109.73
G1 F1500 X122.439 Y119.611 E3135.42255
G0 F9000 X122.439 Y119.045
G1 F1500 X112.559 Y109.165 E3135.88727
G0 F9000 X112.559 Y108.599
G1 F1500 X122.439 Y118.479 E3136.352
G0 F9000 X122.439 Y117.914
G1 F1500 X112.559 Y108.033 E3136.81675
G0 F9000 X112.559 Y107.468
G1 F1500 X122.439 Y117.348 E3137.28147
G0 F9000 X122.439 Y116.782
G1 F1500 X112.559 Y106.902 E3137.7462
G0 F9000 X112.559 Y106.336
G1 F1500 X122.439 Y116.217 E3138.21095
G0 F9000 X122.439 Y115.651
G1 F1500 X112.559 Y105.771 E3138.67567
G0 F9000 X112.559 Y105.205
G1 F1500 X122.439 Y115.085 E3139.1404
G0 F9000 X122.439 Y114.52
G1 F1500 X112.559 Y104.639 E3139.60514
G0 F9000 X112.559 Y104.074
G1 F1500 X122.439 Y113.954 E3140.06987
G0 F9000 X122.439 Y113.388
G1 F1500 X112.559 Y103.508 E3140.53459
G0 F9000 X112.559 Y102.942
G1 F1500 X122.439 Y112.823 E3140.99934
G0 F9000 X122.439 Y112.257
G1 F1500 X112.559 Y102.377 E3141.46407
G0 F9000 X112.559 Y101.811
G1 F1500 X122.439 Y111.691 E3141.92879
G0 F9000 X122.439 Y111.126
G1 F1500 X112.559 Y101.245 E3142.39354
G0 F9000 X112.559 Y100.679
G1 F1500 X122.439 Y110.56 E3142.85829
G0 F9000 X122.439 Y109.994
G1 F1500 X112.559 Y100.114 E3143.32301
G0 F9000 X112.559 Y99.548
G1 F1500 X122.439 Y109.429 E3143.78776
G0 F9000 X122.439 Y108.863
G1 F1500 X112.559 Y98.982 E3144.25251
G0 F9000 X112.559 Y98.417
G1 F1500 X122.439 Y108.297 E3144.71724
G0 F9000 X122.439 Y107.731
G1 F1500 X112.559 Y97.851 E3145.18196
G0 F9000 X112.559 Y97.285
G1 F1500 X122.439 Y107.166 E3145.64671
G0 F9000 X122.439 Y106.6
G1 F1500 X112.559 Y96.72 E3146.11143
G0 F9000 X112.559 Y96.154
G1 F1500 X122.439 Y106.034 E3146.57616
G0 F9000 X122.439 Y105.469
G1 F1500 X112.559 Y95.588 E3147.04091
G0 F9000 X112.559 Y95.023
G1 F1500 X122.439 Y104.903 E3147.50563
G0 F9000 X122.439 Y104.337
G1 F1500 X112.559 Y94.457 E3147.97036
G0 F9000 X112.559 Y93.891
G1 F1500 X122.439 Y103.772 E3148.43511
G0 F9000 X122.439 Y103.206
G1 F1500 X112.559 Y93.326 E3148.89983
G0 F9000 X112.559 Y92.76
G1 F1500 X122.439 Y102.64 E3149.36455
G0 F9000 X122.439 Y102.075
G1 F1500 X112.559 Y92.194 E3149.8293
G0 F9000 X112.559 Y91.629
G1 F1500 X122.439 Y101.509 E3150.29403
G0 F9000 X122.439 Y100.943
G1 F1500 X112.559 Y91.063 E3150.75875
G0 F9000 X112.559 Y90.497
G1 F1500 X122.439 Y100.378 E3151.2235
G0 F9000 X122.439 Y99.812
G1 F1500 X112.559 Y89.931 E3151.68825
G0 F9000 X112.559 Y89.366
G1 F1500 X122.439 Y99.246 E3152.15297
G0 F9000 X122.439 Y98.68
G1 F1500 X112.555 Y88.796 E3152.61789
G0 F9000 X112.539 Y88.215
G1 F1500 X122.439 Y98.115 E3153.08355
G0 F9000 X122.439 Y97.549
G1 F1500 X112.524 Y87.634 E3153.54992
G0 F9000 X112.509 Y87.053
G1 F1500 X122.439 Y96.983 E3154.017
G0 F9000 X122.439 Y96.418
G1 F1500 X112.494 Y86.472 E3154.48481
G0 F9000 X112.479 Y85.892
G1 F1500 X122.439 Y95.852 E3154.9533
G0 F9000 X122.439 Y95.286
G1 F1500 X112.463 Y85.311 E3155.42251
G0 F9000 X112.449 Y84.73
G1 F1500 X122.439 Y94.721 E3155.89243
G0 F9000 X122.439 Y94.155
G1 F1500 X112.433 Y84.149 E3156.36309
G0 F9000 X112.418 Y83.568
G1 F1500 X122.439 Y93.589 E3156.83444
G0 F9000 X122.439 Y93.024
G1 F1500 X112.403 Y82.987 E3157.30653
G0 F9000 X112.388 Y82.406
G1 F1500 X122.439 Y92.458 E3157.77932
G0 F9000 X122.439 Y91.892
G1 F1500 X112.373 Y81.826 E3158.2528
G0 F9000 X112.339 Y81.226
G1 F1500 X122.439 Y91.327 E3158.72789
G0 F9000 X122.439 Y90.761
G1 F1500 X112.291 Y80.613 E3159.20522
G0 F9000 X112.244 Y79.999
G1 F1500 X122.439 Y90.195 E3159.68479
G0 F9000 X122.439 Y89.63
G1 F1500 X112.196 Y79.386 E3160.16661
G0 F9000 X112.148 Y78.773
G1 F1500 X122.439 Y89.064 E3160.65067
G0 F9000 X122.451 Y88.509
G1 F1500 X112.101 Y78.16 E3161.13748
G0 F9000 X112.053 Y77.546
G1 F1500 X122.465 Y87.958 E3161.62722
G0 F9000 X122.479 Y87.406
G1 F1500 X112.005 Y76.933 E3162.11987
G0 F9000 X111.958 Y76.32
G1 F1500 X122.493 Y86.855 E3162.6154
G0 F9000 X122.507 Y86.303
G1 F1500 X111.91 Y75.707 E3163.11383
G0 F9000 X111.862 Y75.093
G1 F1500 X122.521 Y85.752 E3163.61519
G0 F9000 X122.535 Y85.2
G1 F1500 X111.815 Y74.48 E3164.11943
G0 F9000 X111.746 Y73.845
G1 F1500 X122.55 Y84.649 E3164.62762
G0 F9000 X122.564 Y84.098
G1 F1500 X111.662 Y73.196 E3165.14041
G0 F9000 X111.578 Y72.546
G1 F1500 X122.579 Y83.546 E3165.65784
G0 F9000 X122.593 Y82.995
G1 F1500 X111.494 Y71.896 E3166.17991
G0 F9000 X111.409 Y71.245
G1 F1500 X122.607 Y82.443 E3166.70663
G0 F9000 X122.621 Y81.892
G1 F1500 X111.325 Y70.596 E3167.23795
G0 F9000 X111.241 Y69.946
G1 F1500 X122.651 Y81.356 E3167.77465
G0 F9000 X122.691 Y80.83
G1 F1500 X111.157 Y69.296 E3168.31717
G0 F9000 X111.073 Y68.646
G1 F1500 X122.732 Y80.306 E3168.8656
G0 F9000 X122.772 Y79.78
G1 F1500 X110.988 Y67.996 E3169.41988
G0 F9000 X110.904 Y67.346
G1 F1500 X122.813 Y79.256 E3169.98007
G0 F9000 X122.854 Y78.73
G1 F1500 X110.803 Y66.68 E3170.54689
G0 F9000 X110.677 Y65.988
G1 F1500 X122.895 Y78.206 E3171.12158
G0 F9000 X122.935 Y77.68
G1 F1500 X110.551 Y65.297 E3171.70406
G0 F9000 X110.425 Y64.604
G1 F1500 X122.976 Y77.155 E3172.29443
G0 F9000 X123.016 Y76.63
G1 F1500 X110.299 Y63.913 E3172.89259
G0 F9000 X110.172 Y63.221
G1 F1500 X123.057 Y76.105 E3173.49864
G0 F9000 X123.098 Y75.58
G1 F1500 X110.047 Y62.529 E3174.11252
G0 F9000 X109.92 Y61.837
G1 F1500 X123.139 Y75.055 E3174.73428
G0 F9000 X123.179 Y74.53
G1 F1500 X109.794 Y61.145 E3175.36387
G0 F9000 X109.668 Y60.454
G1 F1500 X123.231 Y74.016 E3176.00181
G0 F9000 X123.296 Y73.515
G1 F1500 X109.559 Y59.779 E3176.64793
G0 F9000 X109.559 Y59.213
G1 F1500 X123.36 Y73.014 E3177.29709
G0 F9000 X123.425 Y72.513
G1 F1500 X109.559 Y58.648 E3177.94928
G0 F9000 X109.559 Y58.082
G1 F1500 X123.49 Y72.013 E3178.60455
G0 F9000 X123.554 Y71.511
G1 F1500 X109.559 Y57.516 E3179.26283
G0 F9000 X109.559 Y56.951
G1 F1500 X123.619 Y71.011 E3179.92417
G0 F9000 X123.684 Y70.509
G1 F1500 X109.559 Y56.385 E3180.58854
G0 F9000 X109.559 Y55.819
G1 F1500 X123.749 Y70.009 E3181.256
G0 F9000 X123.814 Y69.508
G1 F1500 X109.559 Y55.254 E3181.92648
G0 F9000 X109.559 Y54.688
G1 F1500 X123.878 Y69.007 E3182.60001
G0 F9000 X123.943 Y68.506
G1 F1500 X109.559 Y54.122 E3183.27659
G0 F9000 X109.559 Y53.556
G1 F1500 X124.008 Y68.005 E3183.95622
G0 F9000 X124.073 Y67.504
G1 F1500 X109.559 Y52.991 E3184.63889
G0 F9000 X109.559 Y52.425
G1 F1500 X124.138 Y67.004 E3185.32464
G0 F9000 X124.223 Y66.523
G1 F1500 X109.559 Y51.859 E3186.01439
G0 F9000 X109.559 Y51.294
G1 F1500 X124.31 Y66.045 E3186.70824
G0 F9000 X124.397 Y65.566
G1 F1500 X109.559 Y50.728 E3187.40617
G0 F9000 X109.559 Y50.162
G1 F1500 X124.485 Y65.088 E3188.10824
G0 F9000 X124.572 Y64.609
G1 F1500 X109.559 Y49.597 E3188.81438
G0 F9000 X109.559 Y49.031
G1 F1500 X124.659 Y64.131 E3189.52464
G0 F9000 X124.746 Y63.652
G1 F1500 X109.559 Y48.465 E3190.23899
G0 F9000 X109.559 Y47.9
G1 F1500 X124.834 Y63.174 E3190.95746
G0 F9000 X124.921 Y62.695
G1 F1500 X109.559 Y47.334 E3191.68002
G0 F9000 X109.559 Y46.768
G1 F1500 X125.007 Y62.216 E3192.40664
G0 F9000 X125.094 Y61.738
G1 F1500 X109.559 Y46.203 E3193.13736
G0 F9000 X109.559 Y45.637
G1 F1500 X125.181 Y61.259 E3193.87217
G0 F9000 X125.269 Y60.781
G1 F1500 X109.559 Y45.071 E3194.61112
G0 F9000 X109.559 Y44.506
G1 F1500 X125.356 Y60.302 E3195.35414
G0 F9000 X125.438 Y59.819
G1 F1500 X109.559 Y43.94 E3196.10104
G0 F9000 X109.559 Y43.374
G1 F1500 X125.438 Y59.253 E3196.84794
G0 F9000 X125.438 Y58.687
G1 F1500 X109.559 Y42.808 E3197.59484
G0 F9000 X109.559 Y42.243
G1 F1500 X125.438 Y58.122 E3198.34174
G0 F9000 X125.438 Y57.556
G1 F1500 X109.559 Y41.677 E3199.08864
G0 F9000 X109.559 Y41.111
G1 F1500 X125.438 Y56.99 E3199.83554
G0 F9000 X125.438 Y56.424
G1 F1500 X109.559 Y40.546 E3200.58241
G0 F9000 X109.559 Y39.98
G1 F1500 X125.438 Y55.859 E3201.32931
G0 F9000 X125.438 Y55.293
G1 F1500 X109.559 Y39.414 E3202.07621
G0 F9000 X109.559 Y38.849
G1 F1500 X125.438 Y54.727 E3202.82309
G0 F9000 X125.438 Y54.162
G1 F1500 X109.559 Y38.283 E3203.56999
G0 F9000 X109.559 Y37.717
G1 F1500 X125.438 Y53.596 E3204.31689
G0 F9000 X125.438 Y53.03
G1 F1500 X109.559 Y37.152 E3205.06376
G0 F9000 X109.559 Y36.586
G1 F1500 X125.438 Y52.465 E3205.81066
G0 F9000 X125.438 Y51.899
G1 F1500 X110.1 Y36.56 E3206.53214
G0 F9000 X110.665 Y36.56
G1 F1500 X125.438 Y51.333 E3207.22702
G0 F9000 X125.438 Y50.768
G1 F1500 X111.231 Y36.56 E3207.89529
G0 F9000 X111.797 Y36.56
G1 F1500 X125.438 Y50.202 E3208.53695
G0 F9000 X125.438 Y49.636
G1 F1500 X112.362 Y36.56 E3209.152
G0 F9000 X112.928 Y36.56
G1 F1500 X125.438 Y49.071 E3209.74046
G0 F9000 X125.438 Y48.505
G1 F1500 X113.494 Y36.56 E3210.30229
G0 F9000 X114.059 Y36.56
G1 F1500 X125.438 Y47.939 E3210.83752
G0 F9000 X125.438 Y47.374
G1 F1500 X114.625 Y36.56 E3211.34616
G0 F9000 X115.191 Y36.56
G1 F1500 X125.438 Y46.808 E3211.82817
G0 F9000 X125.438 Y46.242
G1 F1500 X115.756 Y36.56 E3212.28358
G0 F9000 X116.322 Y36.56
G1 F1500 X125.438 Y45.676 E3212.71237
G0 F9000 X125.438 Y45.111
G1 F1500 X116.888 Y36.56 E3213.11456
G0 F9000 X117.453 Y36.56
G1 F1500 X125.438 Y44.545 E3213.49015
G0 F9000 X125.438 Y43.979
G1 F1500 X118.019 Y36.56 E3213.83912
G0 F9000 X118.585 Y36.56
G1 F1500 X125.438 Y43.414 E3214.16148
G0 F9000 X125.438 Y42.848
G1 F1500 X119.151 Y36.56 E3214.45723
G0 F9000 X119.716 Y36.56
G1 F1500 X125.438 Y42.282 E3214.72637
G0 F9000 X125.438 Y41.717
G1 F1500 X120.282 Y36.56 E3214.96892
G0 F9000 X120.848 Y36.56
G1 F1500 X125.438 Y41.151 E3215.18484
G0 F9000 X125.438 Y40.585
G1 F1500 X121.413 Y36.56 E3215.37417
G0 F9000 X121.979 Y36.56
G1 F1500 X125.438 Y40.02 E3215.53689
G0 F9000 X125.438 Y39.454
G1 F1500 X122.545 Y36.56 E3215.67299
G0 F9000 X123.11 Y36.56
G1 F1500 X125.438 Y38.888 E3215.78249
G0 F9000 X125.438 Y38.323
G1 F1500 X123.676 Y36.56 E3215.8654
G0 F9000 X124.242 Y36.56
G1 F1500 X125.438 Y37.757 E3215.92168
G0 F9000 X125.438 Y37.191
G1 F1500 X124.807 Y36.56 E3215.95136
G0 F9000 X125.373 Y36.56
G1 F1500 X125.438 Y36.626 E3215.95444
G1 F2700 E3210.95444
;MESH:NONMESH
G0 F300 X125.438 Y36.626 Z3.2
G0 F9000 X125.9 Y36.626
G0 X125.838 Y59.892
G0 X123.917 Y74.337
G0 X123.35 Y81.659
G0 X123.161 Y88.99
G0 X123.161 Y146.01
G0 X123.35 Y153.341
G0 X123.809 Y159.271
G0 X124.701 Y167.971
;TIME_ELAPSED:4422.861518
;LAYER:15
;TYPE:WALL-INNER
;MESH:D638-22 Tensile.STL
G1 F2700 E3215.95444
G1 F1500 X126 Y175.089 E3216.19509
G1 X126 Y175.858 E3216.22067
G1 X126 Y199 E3216.99038
G1 X109 Y199 E3217.5558
G1 X109 Y175.093 E3218.35095
G1 X110.299 Y167.972 E3218.5917
G1 X111.245 Y160.664 E3218.83679
G1 X111.812 Y153.324 E3219.08165
G1 X112 Y146.027 E3219.32443
G1 X112 Y88.973 E3221.22206
G1 X111.81 Y81.625 E3221.46653
G1 X111.246 Y74.345 E3221.70939
G1 X110.299 Y67.028 E3221.95479
G1 X109.001 Y59.911 E3222.1954
G1 X109 Y36 E3222.99069
G1 X126 Y36 E3223.55611
G1 X125.999 Y59.907 E3224.35126
G1 X124.701 Y67.027 E3224.59197
G1 X123.754 Y74.346 E3224.83743
G1 X123.19 Y81.624 E3225.08023
G1 X123 Y88.973 E3225.32474
G1 X123 Y146.027 E3227.22236
G1 X123.188 Y153.323 E3227.46511
G1 X123.754 Y160.654 E3227.70966
G1 X124.701 Y167.971 E3227.95506
G1 F2700 E3222.95506
G0 F9000 X125.839 Y175.105
G0 X125.828 Y198.828
G0 X108.87 Y199.13
G1 F2700 E3227.95506
G0 F9000 X108.6 Y199.4
G1 F1500 X126.4 Y199.4 E3228.54709
G1 X126.4 Y175.858 E3229.3301
G1 X126.4 Y175.053 E3229.35687
G1 X125.094 Y167.894 E3229.59891
G1 X124.156 Y160.654 E3229.84173
G1 X123.589 Y153.343 E3230.08562
G1 X123.4 Y146.017 E3230.32937
G1 X123.4 Y88.983 E3232.22633
G1 X123.589 Y81.655 E3232.47014
G1 X124.156 Y74.346 E3232.71397
G1 X125.094 Y67.104 E3232.95685
G1 X126.399 Y59.943 E3233.19895
G1 X126.4 Y35.6 E3234.0086
G1 X108.6 Y35.6 E3234.60063
G1 X108.601 Y59.947 E3235.41041
G1 X109.906 Y67.105 E3235.65241
G1 X110.847 Y74.376 E3235.89626
G1 X111.411 Y81.656 E3236.13912
G1 X111.6 Y88.983 E3236.3829
G1 X111.6 Y146.017 E3238.27986
G1 X111.411 Y153.345 E3238.52367
G1 X110.844 Y160.654 E3238.7675
G1 X109.906 Y167.896 E3239.01038
G1 X108.6 Y175.057 E3239.25249
G1 X108.6 Y199.4 E3240.06214
G1 F2700 E3235.06214
G0 F9000 X108.87 Y199.13
G0 X125.828 Y198.828
G0 X125.839 Y175.105
G0 X124.797 Y167.931
G1 F2700 E3240.06214
G0 F9000 X125.491 Y167.842
;TYPE:WALL-OUTER
G1 F1500 X126.8 Y175.017 E3240.30472
G1 X126.8 Y175.858 E3240.33269
G1 X126.8 Y199.8 E3241.129
G1 X108.2 Y199.8 E3241.74764
G1 X108.2 Y175.021 E3242.5718
G1 X109.507 Y167.854 E3242.8141
G1 X110.447 Y160.602 E3243.05732
G1 X111.012 Y153.314 E3243.30045
G1 X111.2 Y146.007 E3243.54356
G1 X111.2 Y88.993 E3245.43986
G1 X111.012 Y81.697 E3245.6826
G1 X110.448 Y74.407 E3245.92579
G1 X109.509 Y67.157 E3246.16894
G1 X108.201 Y59.983 E3246.41148
G1 X108.2 Y35.2 E3247.23577
G1 X126.8 Y35.2 E3247.85441
G1 X126.799 Y59.979 E3248.67856
G1 X125.493 Y67.146 E3248.92086
G1 X124.553 Y74.398 E3249.16408
G1 X123.988 Y81.686 E3249.40721
G1 X123.8 Y88.993 E3249.65032
G1 X123.8 Y146.007 E3251.54662
G1 X123.988 Y153.302 E3251.78933
G1 X124.552 Y160.592 E3252.03252
G1 X125.491 Y167.842 E3252.27567
G0 F9000 X124.797 Y167.931
G0 X124.341 Y168.004
;TYPE:SKIN
G1 F1500 X125.64 Y175.122 E3252.51633
G1 X125.64 Y175.858 E3252.5408
G1 X125.64 Y198.64 E3253.29854
G1 X109.36 Y198.64 E3253.84001
G1 X109.36 Y175.128 E3254.62202
G1 X110.657 Y168.017 E3254.86244
G1 X111.598 Y160.752 E3255.10609
G1 X112.172 Y153.343 E3255.35326
G1 X112.36 Y146.04 E3255.59623
G1 X112.36 Y88.961 E3257.49469
G1 X112.169 Y81.606 E3257.7394
G1 X111.599 Y74.258 E3257.98453
G1 X110.659 Y66.995 E3258.22811
G1 X109.361 Y59.879 E3258.4687
G1 X109.361 Y36.361 E3259.25091
G1 X125.639 Y36.361 E3259.79232
G1 X125.639 Y59.872 E3260.5743
G1 X124.343 Y66.983 E3260.81471
G1 X123.402 Y74.247 E3261.05833
G1 X122.828 Y81.657 E3261.30552
G1 X122.64 Y88.961 E3261.54853
G1 X122.64 Y146.04 E3263.44699
G1 X122.831 Y153.391 E3263.69157
G1 X123.401 Y160.741 E3263.93676
G1 X124.341 Y168.004 E3264.18035
G1 F2700 E3259.18035
G0 F9000 X124.597 Y167.957
G0 X125.839 Y175.105
G0 X125.9 Y198.132
G1 F2700 E3264.18035
G0 F9000 X125.44 Y198.132
G1 F1500 X125.133 Y198.438 E3264.19476
G0 F9000 X124.567 Y198.438
G1 F1500 X125.44 Y197.566 E3264.2358
G0 F9000 X125.44 Y197
G1 F1500 X124.001 Y198.438 E3264.30347
G0 F9000 X123.436 Y198.438
G1 F1500 X125.44 Y196.434 E3264.39773
G0 F9000 X125.44 Y195.869
G1 F1500 X122.87 Y198.438 E3264.51859
G0 F9000 X122.304 Y198.438
G1 F1500 X125.44 Y195.303 E3264.66607
G0 F9000 X125.44 Y194.737
G1 F1500 X121.739 Y198.438 E3264.84016
G0 F9000 X121.173 Y198.438
G1 F1500 X125.44 Y194.172 E3265.04084
G0 F9000 X125.44 Y193.606
G1 F1500 X120.607 Y198.438 E3265.26815
G0 F9000 X120.041 Y198.438
G1 F1500 X125.44 Y193.04 E3265.52208
G0 F9000 X125.44 Y192.475
G1 F1500 X119.476 Y198.438 E3265.80258
G0 F9000 X118.91 Y198.438
G1 F1500 X125.44 Y191.909 E3266.10971
G0 F9000 X125.44 Y191.343
G1 F1500 X118.344 Y198.438 E3266.44346
G0 F9000 X117.779 Y198.438
G1 F1500 X125.44 Y190.778 E3266.80378
G0 F9000 X125.44 Y190.212
G1 F1500 X117.213 Y198.438 E3267.19073
G0 F9000 X116.647 Y198.438
G1 F1500 X125.44 Y189.646 E3267.60431
G0 F9000 X125.44 Y189.081
G1 F1500 X116.082 Y198.438 E3268.04445
G0 F9000 X115.516 Y198.438
G1 F1500 X125.44 Y188.515 E3268.51123
G0 F9000 X125.44 Y187.949
G1 F1500 X114.95 Y198.438 E3269.00462
G0 F9000 X114.385 Y198.438
G1 F1500 X125.44 Y187.384 E3269.52459
G0 F9000 X125.44 Y186.818
G1 F1500 X113.819 Y198.438 E3270.07118
G0 F9000 X113.253 Y198.438
G1 F1500 X125.44 Y186.252 E3270.6444
G0 F9000 X125.44 Y185.686
G1 F1500 X112.688 Y198.438 E3271.24421
G0 F9000 X112.122 Y198.438
G1 F1500 X125.44 Y185.121 E3271.87063
G0 F9000 X125.44 Y184.555
G1 F1500 X111.556 Y198.438 E3272.52366
G0 F9000 X110.991 Y198.438
G1 F1500 X125.44 Y183.989 E3273.2033
G0 F9000 X125.44 Y183.424
G1 F1500 X110.425 Y198.438 E3273.90954
G0 F9000 X109.859 Y198.438
G1 F1500 X125.44 Y182.858 E3274.6424
G0 F9000 X125.44 Y182.292
G1 F1500 X109.559 Y198.173 E3275.38939
G0 F9000 X109.559 Y197.607
G1 F1500 X125.44 Y181.727 E3276.13636
G0 F9000 X125.44 Y181.161
G1 F1500 X109.559 Y197.041 E3276.88333
G0 F9000 X109.559 Y196.475
G1 F1500 X125.44 Y180.595 E3277.6303
G0 F9000 X125.44 Y180.03
G1 F1500 X109.559 Y195.91 E3278.37727
G0 F9000 X109.559 Y195.344
G1 F1500 X125.44 Y179.464 E3279.12424
G0 F9000 X125.44 Y178.898
G1 F1500 X109.559 Y194.778 E3279.87121
G0 F9000 X109.559 Y194.213
G1 F1500 X125.44 Y178.333 E3280.61818
G0 F9000 X125.44 Y177.767
G1 F1500 X109.559 Y193.647 E3281.36515
G0 F9000 X109.559 Y193.081
G1 F1500 X125.44 Y177.201 E3282.11212
G0 F9000 X125.44 Y176.635
G1 F1500 X109.559 Y192.516 E3282.85911
G0 F9000 X109.559 Y191.95
G1 F1500 X125.44 Y176.07 E3283.60608
G0 F9000 X125.44 Y175.504
G1 F1500 X109.559 Y191.384 E3284.35305
G0 F9000 X109.559 Y190.819
G1 F1500 X125.408 Y174.97 E3285.09854
G0 F9000 X125.321 Y174.492
G1 F1500 X109.559 Y190.253 E3285.83991
G0 F9000 X109.559 Y189.687
G1 F1500 X125.234 Y174.013 E3286.57719
G0 F9000 X125.146 Y173.535
G1 F1500 X109.559 Y189.122 E3287.31036
G0 F9000 X109.559 Y188.556
G1 F1500 X125.059 Y173.056 E3288.03943
G0 F9000 X124.971 Y172.578
G1 F1500 X109.559 Y187.99 E3288.76437
G0 F9000 X109.559 Y187.425
G1 F1500 X124.884 Y172.099 E3289.48523
G0 F9000 X124.797 Y171.621
G1 F1500 X109.559 Y186.859 E3290.20198
G0 F9000 X109.559 Y186.293
G1 F1500 X124.71 Y171.143 E3290.91461
G0 F9000 X124.623 Y170.664
G1 F1500 X109.559 Y185.727 E3291.62315
G0 F9000 X109.559 Y185.162
G1 F1500 X124.535 Y170.186 E3292.32758
G0 F9000 X124.448 Y169.707
G1 F1500 X109.559 Y184.596 E3293.02791
G0 F9000 X109.559 Y184.03
G1 F1500 X124.36 Y169.229 E3293.7241
G0 F9000 X124.274 Y168.751
G1 F1500 X109.559 Y183.465 E3294.41623
G0 F9000 X109.559 Y182.899
G1 F1500 X124.186 Y168.273 E3295.10421
G0 F9000 X124.111 Y167.782
G1 F1500 X109.559 Y182.333 E3295.78867
G0 F9000 X109.559 Y181.768
G1 F1500 X124.046 Y167.281 E3296.4701
G0 F9000 X123.981 Y166.781
G1 F1500 X109.559 Y181.202 E3297.14844
G0 F9000 X109.559 Y180.636
G1 F1500 X123.916 Y166.28 E3297.82373
G0 F9000 X123.851 Y165.779
G1 F1500 X109.559 Y180.071 E3298.49598
G0 F9000 X109.559 Y179.505
G1 F1500 X123.786 Y165.278 E3299.16517
G0 F9000 X123.721 Y164.777
G1 F1500 X109.559 Y178.939 E3299.83131
G0 F9000 X109.559 Y178.374
G1 F1500 X123.656 Y164.277 E3300.49439
G0 F9000 X123.591 Y163.776
G1 F1500 X109.559 Y177.808 E3301.15441
G0 F9000 X109.559 Y177.242
G1 F1500 X123.527 Y163.275 E3301.8114
G0 F9000 X123.462 Y162.774
G1 F1500 X109.559 Y176.676 E3302.46533
G0 F9000 X109.559 Y176.111
G1 F1500 X123.397 Y162.273 E3303.11623
G0 F9000 X123.332 Y161.773
G1 F1500 X109.559 Y175.545 E3303.76404
G0 F9000 X109.597 Y174.942
G1 F1500 X123.267 Y161.272 E3304.40704
G0 F9000 X123.202 Y160.771
G1 F1500 X109.723 Y174.25 E3305.04105
G0 F9000 X109.849 Y173.558
G1 F1500 X123.161 Y160.246 E3305.66721
G0 F9000 X123.121 Y159.721
G1 F1500 X109.975 Y172.867 E3306.28555
G0 F9000 X110.102 Y172.174
G1 F1500 X123.08 Y159.196 E3306.896
G0 F9000 X123.039 Y158.671
G1 F1500 X110.228 Y171.483 E3307.49861
G0 F9000 X110.354 Y170.791
G1 F1500 X122.999 Y158.146 E3308.09339
G0 F9000 X122.958 Y157.621
G1 F1500 X110.48 Y170.099 E3308.68032
G0 F9000 X110.607 Y169.407
G1 F1500 X122.917 Y157.096 E3309.25937
G0 F9000 X122.876 Y156.571
G1 F1500 X110.732 Y168.715 E3309.83059
G0 F9000 X110.858 Y168.024
G1 F1500 X122.835 Y156.047 E3310.39395
G0 F9000 X122.795 Y155.521
G1 F1500 X110.942 Y167.374 E3310.95148
G0 F9000 X111.026 Y166.725
G1 F1500 X122.754 Y154.997 E3311.50312
G0 F9000 X122.713 Y154.472
G1 F1500 X111.11 Y166.075 E3312.04889
G0 F9000 X111.194 Y165.425
G1 F1500 X122.673 Y153.947 E3312.58881
G0 F9000 X122.632 Y153.422
G1 F1500 X111.278 Y164.775 E3313.12284
G0 F9000 X111.362 Y164.126
G1 F1500 X122.617 Y152.871 E3313.65224
G0 F9000 X122.603 Y152.319
G1 F1500 X111.446 Y163.476 E3314.17703
G0 F9000 X111.53 Y162.826
G1 F1500 X122.588 Y151.768 E3314.69717
G0 F9000 X122.574 Y151.217
G1 F1500 X111.614 Y162.177 E3315.21269
G0 F9000 X111.698 Y161.527
G1 F1500 X122.559 Y150.666 E3315.72356
G0 F9000 X122.545 Y150.114
G1 F1500 X111.782 Y160.878 E3316.22984
G0 F9000 X111.836 Y160.257
G1 F1500 X122.53 Y149.563 E3316.73286
G0 F9000 X122.516 Y149.012
G1 F1500 X111.884 Y159.644 E3317.23295
G0 F9000 X111.931 Y159.031
G1 F1500 X122.502 Y148.46 E3317.73018
G0 F9000 X122.487 Y147.909
G1 F1500 X111.978 Y158.418 E3318.22449
G0 F9000 X112.026 Y157.805
G1 F1500 X122.473 Y147.358 E3318.71589
G0 F9000 X122.459 Y146.806
G1 F1500 X112.074 Y157.191 E3319.20436
G0 F9000 X112.121 Y156.578
G1 F1500 X122.444 Y146.255 E3319.68993
G0 F9000 X122.439 Y145.695
G1 F1500 X112.169 Y155.965 E3320.173
G0 F9000 X112.216 Y155.352
G1 F1500 X122.439 Y145.13 E3320.65383
G0 F9000 X122.439 Y144.564
G1 F1500 X112.263 Y154.739 E3321.13246
G0 F9000 X112.311 Y154.126
G1 F1500 X122.439 Y143.998 E3321.60885
G0 F9000 X122.439 Y143.433
G1 F1500 X112.358 Y153.513 E3322.083
G0 F9000 X112.383 Y152.923
G1 F1500 X122.439 Y142.867 E3322.556
G0 F9000 X122.439 Y142.301
G1 F1500 X112.398 Y152.342 E3323.0283
G0 F9000 X112.413 Y151.762
G1 F1500 X122.439 Y141.736 E3323.49989
G0 F9000 X122.439 Y141.17
G1 F1500 X112.427 Y151.181 E3323.9708
G0 F9000 X112.442 Y150.601
G1 F1500 X122.439 Y140.604 E3324.44103
G0 F9000 X122.439 Y140.038
G1 F1500 X112.457 Y150.02 E3324.91056
G0 F9000 X112.473 Y149.439
G1 F1500 X122.439 Y139.473 E3325.37933
G0 F9000 X122.439 Y138.907
G1 F1500 X112.487 Y148.858 E3325.84741
G0 F9000 X112.502 Y148.278
G1 F1500 X122.439 Y138.341 E3326.31482
G0 F9000 X122.439 Y137.776
G1 F1500 X112.517 Y147.697 E3326.7815
G0 F9000 X112.532 Y147.117
G1 F1500 X122.439 Y137.21 E3327.24749
G0 F9000 X122.439 Y136.644
G1 F1500 X112.548 Y146.535 E3327.71273
G0 F9000 X112.56 Y145.958
G1 F1500 X122.439 Y136.079 E3328.17741
G0 F9000 X122.439 Y135.513
G1 F1500 X112.56 Y145.392 E3328.64209
G0 F9000 X112.56 Y144.826
G1 F1500 X122.439 Y134.947 E3329.10677
G0 F9000 X122.439 Y134.382
G1 F1500 X112.56 Y144.261 E3329.57145
G0 F9000 X112.56 Y143.695
G1 F1500 X122.439 Y133.816 E3330.03612
G0 F9000 X122.439 Y133.25
G1 F1500 X112.56 Y143.129 E3330.5008
G0 F9000 X112.56 Y142.564
G1 F1500 X122.439 Y132.685 E3330.96548
G0 F9000 X122.439 Y132.119
G1 F1500 X112.56 Y141.998 E3331.43016
G0 F9000 X112.56 Y141.432
G1 F1500 X122.439 Y131.553 E3331.89483
G0 F9000 X122.439 Y130.987
G1 F1500 X112.56 Y140.866 E3332.35951
G0 F9000 X112.56 Y140.301
G1 F1500 X122.439 Y130.422 E3332.82419
G0 F9000 X122.439 Y129.856
G1 F1500 X112.56 Y139.735 E3333.28887
G0 F9000 X112.56 Y139.169
G1 F1500 X122.439 Y129.29 E3333.75355
G0 F9000 X122.439 Y128.725
G1 F1500 X112.56 Y138.604 E3334.21822
G0 F9000 X112.56 Y138.038
G1 F1500 X122.439 Y128.159 E3334.6829
G0 F9000 X122.439 Y127.593
G1 F1500 X112.56 Y137.472 E3335.14758
G0 F9000 X112.56 Y136.907
G1 F1500 X122.439 Y127.028 E3335.61226
G0 F9000 X122.439 Y126.462
G1 F1500 X112.56 Y136.341 E3336.07694
G0 F9000 X112.56 Y135.775
G1 F1500 X122.439 Y125.896 E3336.54161
G0 F9000 X122.439 Y125.331
G1 F1500 X112.56 Y135.21 E3337.00629
G0 F9000 X112.56 Y134.644
G1 F1500 X122.439 Y124.765 E3337.47097
G0 F9000 X122.439 Y124.199
G1 F1500 X112.56 Y134.078 E3337.93565
G0 F9000 X112.56 Y133.513
G1 F1500 X122.439 Y123.634 E3338.40033
G0 F9000 X122.439 Y123.068
G1 F1500 X112.56 Y132.947 E3338.865
G0 F9000 X112.56 Y132.381
G1 F1500 X122.439 Y122.502 E3339.32968
G0 F9000 X122.439 Y121.937
G1 F1500 X112.56 Y131.816 E3339.79436
G0 F9000 X112.56 Y131.25
G1 F1500 X122.439 Y121.371 E3340.25904
G0 F9000 X122.439 Y120.805
G1 F1500 X112.56 Y130.684 E3340.72371
G0 F9000 X112.56 Y130.118
G1 F1500 X122.439 Y120.239 E3341.18839
G0 F9000 X122.439 Y119.674
G1 F1500 X112.56 Y129.553 E3341.65307
G0 F9000 X112.56 Y128.987
G1 F1500 X122.439 Y119.108 E3342.11775
G0 F9000 X122.439 Y118.542
G1 F1500 X112.56 Y128.421 E3342.58243
G0 F9000 X112.56 Y127.856
G1 F1500 X122.439 Y117.977 E3343.0471
G0 F9000 X122.439 Y117.411
G1 F1500 X112.56 Y127.29 E3343.51178
G0 F9000 X112.56 Y126.724
G1 F1500 X122.439 Y116.845 E3343.97646
G0 F9000 X122.439 Y116.28
G1 F1500 X112.56 Y126.159 E3344.44114
G0 F9000 X112.56 Y125.593
G1 F1500 X122.439 Y115.714 E3344.90582
G0 F9000 X122.439 Y115.148
G1 F1500 X112.56 Y125.027 E3345.37049
G0 F9000 X112.56 Y124.462
G1 F1500 X122.439 Y114.583 E3345.83517
G0 F9000 X122.439 Y114.017
G1 F1500 X112.56 Y123.896 E3346.29985
G0 F9000 X112.56 Y123.33
G1 F1500 X122.439 Y113.451 E3346.76453
G0 F9000 X122.439 Y112.886
G1 F1500 X112.56 Y122.765 E3347.2292
G0 F9000 X112.56 Y122.199
G1 F1500 X122.439 Y112.32 E3347.69388
G0 F9000 X122.439 Y111.754
G1 F1500 X112.56 Y121.633 E3348.15856
G0 F9000 X112.56 Y121.067
G1 F1500 X122.439 Y111.189 E3348.62321
G0 F9000 X122.439 Y110.623
G1 F1500 X112.56 Y120.502 E3349.08789
G0 F9000 X112.56 Y119.936
G1 F1500 X122.439 Y110.057 E3349.55257
G0 F9000 X122.439 Y109.491
G1 F1500 X112.56 Y119.37 E3350.01725
G0 F9000 X112.56 Y118.805
G1 F1500 X122.439 Y108.926 E3350.48193
G0 F9000 X122.439 Y108.36
G1 F1500 X112.56 Y118.239 E3350.9466
G0 F9000 X112.56 Y117.673
G1 F1500 X122.439 Y107.794 E3351.41128
G0 F9000 X122.439 Y107.229
G1 F1500 X112.56 Y117.108 E3351.87596
G0 F9000 X112.56 Y116.542
G1 F1500 X122.439 Y106.663 E3352.34064
G0 F9000 X122.439 Y106.097
G1 F1500 X112.56 Y115.976 E3352.80532
G0 F9000 X112.56 Y115.411
G1 F1500 X122.439 Y105.532 E3353.26999
G0 F9000 X122.439 Y104.966
G1 F1500 X112.56 Y114.845 E3353.73467
G0 F9000 X112.56 Y114.279
G1 F1500 X122.439 Y104.4 E3354.19935
G0 F9000 X122.439 Y103.835
G1 F1500 X112.56 Y113.714 E3354.66403
G0 F9000 X112.56 Y113.148
G1 F1500 X122.439 Y103.269 E3355.1287
G0 F9000 X122.439 Y102.703
G1 F1500 X112.56 Y112.582 E3355.59338
G0 F9000 X112.56 Y112.017
G1 F1500 X122.439 Y102.138 E3356.05806
G0 F9000 X122.439 Y101.572
G1 F1500 X112.56 Y111.451 E3356.52274
G0 F9000 X112.56 Y110.885
G1 F1500 X122.439 Y101.006 E3356.98742
G0 F9000 X122.439 Y100.44
G1 F1500 X112.56 Y110.319 E3357.45209
G0 F9000 X112.56 Y109.754
G1 F1500 X122.439 Y99.875 E3357.91677
G0 F9000 X122.439 Y99.309
G1 F1500 X112.56 Y109.188 E3358.38145
G0 F9000 X112.56 Y108.622
G1 F1500 X122.439 Y98.743 E3358.84613
G0 F9000 X122.439 Y98.178
G1 F1500 X112.56 Y108.057 E3359.31081
G0 F9000 X112.56 Y107.491
G1 F1500 X122.439 Y97.612 E3359.77548
G0 F9000 X122.439 Y97.046
G1 F1500 X112.56 Y106.925 E3360.24016
G0 F9000 X112.56 Y106.36
G1 F1500 X122.439 Y96.481 E3360.70484
G0 F9000 X122.439 Y95.915
G1 F1500 X112.56 Y105.794 E3361.16952
G0 F9000 X112.56 Y105.228
G1 F1500 X122.439 Y95.349 E3361.6342
G0 F9000 X122.439 Y94.784
G1 F1500 X112.56 Y104.663 E3362.09887
G0 F9000 X112.56 Y104.097
G1 F1500 X122.439 Y94.218 E3362.56355
G0 F9000 X122.439 Y93.652
G1 F1500 X112.56 Y103.531 E3363.02823
G0 F9000 X112.56 Y102.966
G1 F1500 X122.439 Y93.087 E3363.49291
G0 F9000 X122.439 Y92.521
G1 F1500 X112.56 Y102.4 E3363.95758
G0 F9000 X112.56 Y101.834
G1 F1500 X122.439 Y91.955 E3364.42226
G0 F9000 X122.439 Y91.39
G1 F1500 X112.56 Y101.269 E3364.88694
G0 F9000 X112.56 Y100.703
G1 F1500 X122.439 Y90.824 E3365.35162
G0 F9000 X122.439 Y90.258
G1 F1500 X112.56 Y100.137 E3365.8163
G0 F9000 X112.56 Y99.571
G1 F1500 X122.439 Y89.692 E3366.28097
G0 F9000 X122.439 Y89.127
G1 F1500 X112.56 Y99.006 E3366.74565
G0 F9000 X112.56 Y98.44
G1 F1500 X122.448 Y88.551 E3367.21078
G0 F9000 X122.463 Y87.971
G1 F1500 X112.56 Y97.874 E3367.67658
G0 F9000 X112.56 Y97.309
G1 F1500 X122.479 Y87.389 E3368.14317
G0 F9000 X122.494 Y86.809
G1 F1500 X112.56 Y96.743 E3368.61043
G0 F9000 X112.56 Y96.177
G1 F1500 X122.509 Y86.228 E3369.0784
G0 F9000 X122.523 Y85.648
G1 F1500 X112.56 Y95.612 E3369.54705
G0 F9000 X112.56 Y95.046
G1 F1500 X122.538 Y85.067 E3370.01641
G0 F9000 X122.553 Y84.487
G1 F1500 X112.56 Y94.48 E3370.48645
G0 F9000 X112.56 Y93.915
G1 F1500 X122.569 Y83.905 E3370.95727
G0 F9000 X122.584 Y83.325
G1 F1500 X112.56 Y93.349 E3371.42877
G0 F9000 X112.56 Y92.783
G1 F1500 X122.598 Y82.744 E3371.90095
G0 F9000 X122.613 Y82.164
G1 F1500 X112.56 Y92.218 E3372.37383
G0 F9000 X112.56 Y91.652
G1 F1500 X122.633 Y81.578 E3372.84766
G0 F9000 X122.68 Y80.965
G1 F1500 X112.56 Y91.086 E3373.3237
G0 F9000 X112.56 Y90.52
G1 F1500 X122.728 Y80.352 E3373.80197
G0 F9000 X122.775 Y79.739
G1 F1500 X112.56 Y89.955 E3374.28247
G0 F9000 X112.56 Y89.389
G1 F1500 X122.823 Y79.126 E3374.76521
G0 F9000 X122.87 Y78.513
G1 F1500 X112.556 Y88.827 E3375.25035
G0 F9000 X112.541 Y88.276
G1 F1500 X122.917 Y77.9 E3375.73841
G0 F9000 X122.965 Y77.287
G1 F1500 X112.527 Y87.725 E3376.22938
G0 F9000 X112.513 Y87.173
G1 F1500 X123.012 Y76.674 E3376.72322
G0 F9000 X123.06 Y76.06
G1 F1500 X112.498 Y86.622 E3377.22002
G0 F9000 X112.484 Y86.071
G1 F1500 X123.107 Y75.447 E3377.71972
G0 F9000 X123.155 Y74.834
G1 F1500 X112.47 Y85.519 E3378.22231
G0 F9000 X112.455 Y84.968
G1 F1500 X123.204 Y74.22 E3378.72789
G0 F9000 X123.288 Y73.57
G1 F1500 X112.441 Y84.417 E3379.2381
G0 F9000 X112.427 Y83.865
G1 F1500 X123.371 Y72.921 E3379.75287
G0 F9000 X123.455 Y72.271
G1 F1500 X112.412 Y83.314 E3380.2723
G0 F9000 X112.398 Y82.763
G1 F1500 X123.54 Y71.621 E3380.79638
G0 F9000 X123.624 Y70.971
G1 F1500 X112.384 Y82.211 E3381.32508
G0 F9000 X112.369 Y81.66
G1 F1500 X123.708 Y70.321 E3381.85843
G0 F9000 X123.792 Y69.671
G1 F1500 X112.332 Y81.132 E3382.3975
G0 F9000 X112.292 Y80.606
G1 F1500 X123.876 Y69.022 E3382.94237
G0 F9000 X123.96 Y68.372
G1 F1500 X112.251 Y80.081 E3383.49313
G0 F9000 X112.21 Y79.557
G1 F1500 X124.044 Y67.723 E3384.04976
G0 F9000 X124.128 Y67.073
G1 F1500 X112.169 Y79.031 E3384.61225
G0 F9000 X112.128 Y78.507
G1 F1500 X124.247 Y66.388 E3385.1823
G0 F9000 X124.373 Y65.696
G1 F1500 X112.088 Y77.981 E3385.76014
G0 F9000 X112.047 Y77.457
G1 F1500 X124.499 Y65.005 E3386.34585
G0 F9000 X124.625 Y64.313
G1 F1500 X112.006 Y76.932 E3386.93941
G0 F9000 X111.966 Y76.407
G1 F1500 X124.751 Y63.621 E3387.5408
G0 F9000 X124.877 Y62.93
G1 F1500 X111.925 Y75.882 E3388.15002
G0 F9000 X111.884 Y75.357
G1 F1500 X125.003 Y62.238 E3388.7671
G0 F9000 X125.129 Y61.546
G1 F1500 X111.843 Y74.832 E3389.39203
G0 F9000 X111.802 Y74.307
G1 F1500 X125.255 Y60.855 E3390.02479
G0 F9000 X125.381 Y60.163
G1 F1500 X111.741 Y73.802 E3390.66636
G0 F9000 X111.676 Y73.302
G1 F1500 X125.437 Y59.541 E3391.31363
G0 F9000 X125.437 Y58.975
G1 F1500 X111.611 Y72.801 E3391.96396
G0 F9000 X111.547 Y72.3
G1 F1500 X125.437 Y58.409 E3392.61733
G0 F9000 X125.437 Y57.844
G1 F1500 X111.482 Y71.799 E3393.27373
G0 F9000 X111.417 Y71.298
G1 F1500 X125.437 Y57.278 E3393.93319
G0 F9000 X125.437 Y56.712
G1 F1500 X111.352 Y70.798 E3394.59573
G0 F9000 X111.287 Y70.297
G1 F1500 X125.437 Y56.147 E3395.2613
G0 F9000 X125.437 Y55.581
G1 F1500 X111.222 Y69.796 E3395.92993
G0 F9000 X111.157 Y69.295
G1 F1500 X125.437 Y55.015 E3396.60162
G0 F9000 X125.437 Y54.45
G1 F1500 X111.092 Y68.795 E3397.27636
G0 F9000 X111.027 Y68.294
G1 F1500 X125.437 Y53.884 E3397.95416
G0 F9000 X125.437 Y53.318
G1 F1500 X110.962 Y67.793 E3398.63502
G0 F9000 X110.898 Y67.292
G1 F1500 X125.437 Y52.752 E3399.31892
G0 F9000 X125.437 Y52.187
G1 F1500 X110.826 Y66.798 E3400.00617
G0 F9000 X110.739 Y66.32
G1 F1500 X125.437 Y51.621 E3400.69755
G0 F9000 X125.437 Y51.055
G1 F1500 X110.651 Y65.842 E3401.39306
G0 F9000 X110.564 Y65.363
G1 F1500 X125.437 Y50.49 E3402.09264
G0 F9000 X125.437 Y49.924
G1 F1500 X110.476 Y64.885 E3402.79636
G0 F9000 X110.389 Y64.406
G1 F1500 X125.437 Y49.358 E3403.50417
G0 F9000 X125.437 Y48.793
G1 F1500 X110.303 Y63.928 E3404.21605
G0 F9000 X110.215 Y63.45
G1 F1500 X125.437 Y48.227 E3404.93207
G0 F9000 X125.437 Y47.661
G1 F1500 X110.128 Y62.971 E3405.65218
G0 F9000 X110.04 Y62.493
G1 F1500 X125.437 Y47.096 E3406.37641
G0 F9000 X125.437 Y46.53
G1 F1500 X109.953 Y62.014 E3407.10473
G0 F9000 X109.866 Y61.535
G1 F1500 X125.437 Y45.964 E3407.83714
G0 F9000 X125.437 Y45.399
G1 F1500 X109.779 Y61.057 E3408.57365
G0 F9000 X109.692 Y60.579
G1 F1500 X125.437 Y44.833 E3409.31427
G0 F9000 X125.437 Y44.267
G1 F1500 X109.605 Y60.1 E3410.05898
G0 F9000 X109.56 Y59.579
G1 F1500 X125.437 Y43.702 E3410.80578
G0 F9000 X125.437 Y43.136
G1 F1500 X109.56 Y59.013 E3411.55259
G0 F9000 X109.56 Y58.448
G1 F1500 X125.437 Y42.57 E3412.29942
G0 F9000 X125.437 Y42.004
G1 F1500 X109.56 Y57.882 E3413.04625
G0 F9000 X109.56 Y57.316
G1 F1500 X125.437 Y41.439 E3413.79305
G0 F9000 X125.437 Y40.873
G1 F1500 X109.56 Y56.75 E3414.53986
G0 F9000 X109.56 Y56.185
G1 F1500 X125.437 Y40.307 E3415.28669
G0 F9000 X125.437 Y39.742
G1 F1500 X109.56 Y55.619 E3416.03349
G0 F9000 X109.56 Y55.053
G1 F1500 X125.437 Y39.176 E3416.7803
G0 F9000 X125.437 Y38.61
G1 F1500 X109.56 Y54.488 E3417.52713
G0 F9000 X109.56 Y53.922
G1 F1500 X125.437 Y38.045 E3418.27393
G0 F9000 X125.437 Y37.479
G1 F1500 X109.56 Y53.356 E3419.02074
G0 F9000 X109.56 Y52.791
G1 F1500 X125.437 Y36.913 E3419.76757
G0 F9000 X125.225 Y36.56
G1 F1500 X109.56 Y52.225 E3420.5044
G0 F9000 X109.56 Y51.659
G1 F1500 X124.659 Y36.56 E3421.21461
G0 F9000 X124.093 Y36.56
G1 F1500 X109.56 Y51.094 E3421.89822
G0 F9000 X109.56 Y50.528
G1 F1500 X123.528 Y36.56 E3422.55523
G0 F9000 X122.962 Y36.56
G1 F1500 X109.56 Y49.962 E3423.18562
G0 F9000 X109.56 Y49.397
G1 F1500 X122.396 Y36.56 E3423.78941
G0 F9000 X121.83 Y36.56
G1 F1500 X109.56 Y48.831 E3424.36658
G0 F9000 X109.56 Y48.265
G1 F1500 X121.265 Y36.56 E3424.91715
G0 F9000 X120.699 Y36.56
G1 F1500 X109.56 Y47.7 E3425.44111
G0 F9000 X109.56 Y47.134
G1 F1500 X120.133 Y36.56 E3425.93846
G0 F9000 X119.568 Y36.56
G1 F1500 X109.56 Y46.568 E3426.4092
G0 F9000 X109.56 Y46.002
G1 F1500 X119.002 Y36.56 E3426.85333
G0 F9000 X118.436 Y36.56
G1 F1500 X109.56 Y45.437 E3427.27085
G0 F9000 X109.56 Y44.871
G1 F1500 X117.871 Y36.56 E3427.66177
G0 F9000 X117.305 Y36.56
G1 F1500 X109.56 Y44.305 E3428.02607
G0 F9000 X109.56 Y43.74
G1 F1500 X116.739 Y36.56 E3428.36378
G0 F9000 X116.174 Y36.56
G1 F1500 X109.56 Y43.174 E3428.67488
G0 F9000 X109.56 Y42.608
G1 F1500 X115.608 Y36.56 E3428.95936
G0 F9000 X115.042 Y36.56
G1 F1500 X109.56 Y42.043 E3429.21724
G0 F9000 X109.56 Y41.477
G1 F1500 X114.477 Y36.56 E3429.44852
G0 F9000 X113.911 Y36.56
G1 F1500 X109.56 Y40.911 E3429.65318
G0 F9000 X109.56 Y40.346
G1 F1500 X113.345 Y36.56 E3429.83123
G0 F9000 X112.779 Y36.56
G1 F1500 X109.56 Y39.78 E3429.98267
G0 F9000 X109.56 Y39.214
G1 F1500 X112.214 Y36.56 E3430.10751
G0 F9000 X111.648 Y36.56
G1 F1500 X109.56 Y38.649 E3430.20574
G0 F9000 X109.56 Y38.083
G1 F1500 X111.082 Y36.56 E3430.27736
G0 F9000 X110.517 Y36.56
G1 F1500 X109.56 Y37.517 E3430.32237
G0 F9000 X109.56 Y36.951
G1 F1500 X109.951 Y36.56 E3430.34076
G1 F2700 E3425.34076
;MESH:NONMESH
G0 F300 X109.951 Y36.56 Z3.4
G0 F9000 X109.951 Y36.1
G0 X109.172 Y36.172
G0 X109.162 Y59.896
G0 X111.083 Y74.337
G0 X111.65 Y81.659
G0 X111.839 Y88.99
G0 X111.839 Y146.01
G0 X111.65 Y153.341
G0 X111.083 Y160.663
G0 X110.14 Y167.947
G0 X109.149 Y173.192
G0 X109 Y199
;TIME_ELAPSED:4712.010253
;LAYER:16
;TYPE:WALL-INNER
;MESH:D638-22 Tensile.STL
G1 F2700 E3430.34076
G1 F1500 X126 Y199 E3430.90618
G1 X126 Y175.858 E3431.67589
G1 X126 Y175.089 E3431.70147
G1 X124.701 Y167.971 E3431.94212
G1 X123.754 Y160.654 E3432.18752
G1 X123.188 Y153.323 E3432.43207
G1 X123 Y146.027 E3432.67482
G1 X123 Y88.973 E3434.57244
G1 X123.19 Y81.624 E3434.81695
G1 X123.754 Y74.346 E3435.05975
G1 X124.701 Y67.027 E3435.30521
G1 X125.999 Y59.907 E3435.54592
G1 X126 Y36 E3436.34107
G1 X109 Y36 E3436.90649
G1 X109.001 Y59.911 E3437.70178
G1 X110.299 Y67.028 E3437.94239
G1 X111.246 Y74.345 E3438.18779
G1 X111.81 Y81.625 E3438.43065
G1 X112 Y88.973 E3438.67513
G1 X112 Y146.027 E3440.57275
G1 X111.812 Y153.324 E3440.81553
G1 X111.245 Y160.664 E3441.06039
G1 X110.299 Y167.972 E3441.30548
G1 X109 Y175.093 E3441.54623
G1 X109 Y199 E3442.34138
G1 F2700 E3437.34138
G0 F9000 X125.828 Y198.828
G0 X125.839 Y175.105
G0 X124.797 Y167.931
G1 F2700 E3442.34138
G0 F9000 X125.094 Y167.894
G1 F1500 X126.4 Y175.053 E3442.58342
G1 X126.4 Y175.858 E3442.6102
G1 X126.4 Y199.4 E3443.39321
G1 X108.6 Y199.4 E3443.98524
G1 X108.6 Y175.057 E3444.79489
G1 X109.906 Y167.896 E3445.03699
G1 X110.844 Y160.654 E3445.27987
G1 X111.411 Y153.345 E3445.5237
G1 X111.6 Y146.017 E3445.76751
G1 X111.6 Y88.983 E3447.66447
G1 X111.411 Y81.656 E3447.90825
G1 X110.847 Y74.376 E3448.15111
G1 X109.906 Y67.105 E3448.39496
G1 X108.601 Y59.947 E3448.63696
G1 X108.6 Y35.6 E3449.44675
G1 X126.4 Y35.6 E3450.03878
G1 X126.399 Y59.943 E3450.84843
G1 X125.094 Y67.104 E3451.09053
G1 X124.156 Y74.346 E3451.33341
G1 X123.589 Y81.655 E3451.57724
G1 X123.4 Y88.983 E3451.82105
G1 X123.4 Y146.017 E3453.71801
G1 X123.589 Y153.343 E3453.96175
G1 X124.156 Y160.654 E3454.20565
G1 X125.094 Y167.894 E3454.44846
G1 F2700 E3449.44846
G0 F9000 X124.797 Y167.931
G0 X126.198 Y175.072
G0 X126.082 Y199.082
G0 X108.47 Y199.53
G1 F2700 E3454.44846
G0 F9000 X108.2 Y199.8
;TYPE:WALL-OUTER
G1 F1500 X126.8 Y199.8 E3455.0671
G1 X126.8 Y175.858 E3455.86342
G1 X126.8 Y175.017 E3455.89139
G1 X125.491 Y167.842 E3456.13397
G1 X124.552 Y160.592 E3456.37712
G1 X123.988 Y153.302 E3456.62031
G1 X123.8 Y146.007 E3456.86302
G1 X123.8 Y88.993 E3458.75932
G1 X123.988 Y81.686 E3459.00243
G1 X124.553 Y74.398 E3459.24556
G1 X125.493 Y67.146 E3459.48878
G1 X126.799 Y59.979 E3459.73108
G1 X126.8 Y35.2 E3460.55523
G1 X108.2 Y35.2 E3461.17387
G1 X108.201 Y59.983 E3461.99815
G1 X109.509 Y67.157 E3462.2407
G1 X110.448 Y74.407 E3462.48385
G1 X111.012 Y81.697 E3462.72704
G1 X111.2 Y88.993 E3462.96978
G1 X111.2 Y146.007 E3464.86608
G1 X111.012 Y153.314 E3465.10919
G1 X110.447 Y160.602 E3465.35232
G1 X109.507 Y167.854 E3465.59554
G1 X108.2 Y175.021 E3465.83784
G1 X108.2 Y199.8 E3466.662
G0 F9000 X108.47 Y199.53
G0 X109.1 Y198.64
G0 X109.36 Y198.64
;TYPE:SKIN
G1 F1500 X125.64 Y198.64 E3467.20347
G1 X125.64 Y175.858 E3467.9612
G1 X125.64 Y175.122 E3467.98568
G1 X124.341 Y168.004 E3468.22634
G1 X123.401 Y160.741 E3468.46992
G1 X122.831 Y153.391 E3468.71512
G1 X122.64 Y146.04 E3468.95969
G1 X122.64 Y88.961 E3470.85815
G1 X122.828 Y81.657 E3471.10116
G1 X123.402 Y74.247 E3471.34836
G1 X124.343 Y66.983 E3471.59198
G1 X125.639 Y59.872 E3471.83239
G1 X125.639 Y36.361 E3472.61437
G1 X109.361 Y36.361 E3473.15578
G1 X109.361 Y59.879 E3473.93799
G1 X110.659 Y66.995 E3474.17857
G1 X111.599 Y74.258 E3474.42215
G1 X112.169 Y81.606 E3474.66728
G1 X112.36 Y88.961 E3474.912
G1 X112.36 Y146.04 E3476.81045
G1 X112.172 Y153.343 E3477.05343
G1 X111.598 Y160.752 E3477.30059
G1 X110.657 Y168.017 E3477.54425
G1 X109.36 Y175.128 E3477.78466
G1 X109.36 Y198.64 E3478.56667
G0 F9000 X109.559 Y198.372
G1 F1500 X109.626 Y198.438 E3478.5698
G0 F9000 X110.191 Y198.438
G1 F1500 X109.559 Y197.806 E3478.59953
G0 F9000 X109.559 Y197.241
G1 F1500 X110.757 Y198.438 E3478.65585
G0 F9000 X111.323 Y198.438
G1 F1500 X109.559 Y196.675 E3478.7388
G0 F9000 X109.559 Y196.109
G1 F1500 X111.889 Y198.438 E3478.84838
G0 F9000 X112.454 Y198.438
G1 F1500 X109.559 Y195.544 E3478.98453
G0 F9000 X109.559 Y194.978
G1 F1500 X113.02 Y198.438 E3479.1473
G0 F9000 X113.586 Y198.438
G1 F1500 X109.559 Y194.412 E3479.33669
G0 F9000 X109.559 Y193.846
G1 F1500 X114.151 Y198.438 E3479.55268
G0 F9000 X114.717 Y198.438
G1 F1500 X109.559 Y193.281 E3479.79528
G0 F9000 X109.559 Y192.715
G1 F1500 X115.283 Y198.438 E3480.06449
G0 F9000 X115.848 Y198.438
G1 F1500 X109.559 Y192.149 E3480.36031
G0 F9000 X109.559 Y191.584
G1 F1500 X116.414 Y198.438 E3480.68272
G0 F9000 X116.98 Y198.438
G1 F1500 X109.559 Y191.018 E3481.03176
G0 F9000 X109.559 Y190.452
G1 F1500 X117.545 Y198.438 E3481.4074
G0 F9000 X118.111 Y198.438
G1 F1500 X109.559 Y189.887 E3481.80963
G0 F9000 X109.559 Y189.321
G1 F1500 X118.677 Y198.438 E3482.23849
G0 F9000 X119.242 Y198.438
G1 F1500 X109.559 Y188.755 E3482.69395
G0 F9000 X109.559 Y188.19
G1 F1500 X119.808 Y198.438 E3483.17601
G0 F9000 X120.374 Y198.438
G1 F1500 X109.559 Y187.624 E3483.68469
G0 F9000 X109.559 Y187.058
G1 F1500 X120.94 Y198.438 E3484.21999
G0 F9000 X121.505 Y198.438
G1 F1500 X109.559 Y186.493 E3484.78187
G0 F9000 X109.559 Y185.927
G1 F1500 X122.071 Y198.438 E3485.37038
G0 F9000 X122.637 Y198.438
G1 F1500 X109.559 Y185.361 E3485.9855
G0 F9000 X109.559 Y184.795
G1 F1500 X123.202 Y198.438 E3486.62723
G0 F9000 X123.768 Y198.438
G1 F1500 X109.559 Y184.23 E3487.29555
G0 F9000 X109.559 Y183.664
G1 F1500 X124.334 Y198.438 E3487.9905
G0 F9000 X124.899 Y198.438
G1 F1500 X109.559 Y183.098 E3488.71205
G0 F9000 X109.559 Y182.533
G1 F1500 X125.44 Y198.413 E3489.45902
G0 F9000 X125.44 Y197.847
G1 F1500 X109.559 Y181.967 E3490.20599
G0 F9000 X109.559 Y181.401
G1 F1500 X125.44 Y197.282 E3490.95298
G0 F9000 X125.44 Y196.716
G1 F1500 X109.559 Y180.836 E3491.69995
G0 F9000 X109.559 Y180.27
G1 F1500 X125.44 Y196.15 E3492.44692
G0 F9000 X125.44 Y195.585
G1 F1500 X109.559 Y179.704 E3493.19391
G0 F9000 X109.559 Y179.139
G1 F1500 X125.44 Y195.019 E3493.94088
G0 F9000 X125.44 Y194.453
G1 F1500 X109.559 Y178.573 E3494.68785
G0 F9000 X109.559 Y178.007
G1 F1500 X125.44 Y193.887 E3495.43482
G0 F9000 X125.44 Y193.322
G1 F1500 X109.559 Y177.442 E3496.18179
G0 F9000 X109.559 Y176.876
G1 F1500 X125.44 Y192.756 E3496.92876
G0 F9000 X125.44 Y192.19
G1 F1500 X109.559 Y176.31 E3497.67573
G0 F9000 X109.559 Y175.745
G1 F1500 X125.44 Y191.625 E3498.4227
G0 F9000 X125.44 Y191.059
G1 F1500 X109.559 Y175.179 E3499.16967
G0 F9000 X109.641 Y174.695
G1 F1500 X125.44 Y190.493 E3499.91279
G0 F9000 X125.44 Y189.928
G1 F1500 X109.728 Y174.216 E3500.65183
G0 F9000 X109.815 Y173.738
G1 F1500 X125.44 Y189.362 E3501.38676
G0 F9000 X125.44 Y188.796
G1 F1500 X109.903 Y173.26 E3502.11755
G0 F9000 X109.99 Y172.781
G1 F1500 X125.44 Y188.231 E3502.84427
G0 F9000 X125.44 Y187.665
G1 F1500 X110.078 Y172.303 E3503.56685
G0 F9000 X110.165 Y171.824
G1 F1500 X125.44 Y187.099 E3504.28534
G0 F9000 X125.44 Y186.534
G1 F1500 X110.252 Y171.346 E3504.99974
G0 F9000 X110.339 Y170.868
G1 F1500 X125.44 Y185.968 E3505.71002
G0 F9000 X125.44 Y185.402
G1 F1500 X110.426 Y170.389 E3506.41621
G0 F9000 X110.514 Y169.911
G1 F1500 X125.44 Y184.837 E3507.11828
G0 F9000 X125.44 Y184.271
G1 F1500 X110.601 Y169.432 E3507.81626
G0 F9000 X110.689 Y168.954
G1 F1500 X125.44 Y183.705 E3508.5101
G0 F9000 X125.44 Y183.139
G1 F1500 X110.776 Y168.475 E3509.19985
G0 F9000 X110.861 Y167.995
G1 F1500 X125.44 Y182.574 E3509.8856
G0 F9000 X125.44 Y182.008
G1 F1500 X110.926 Y167.495 E3510.56827
G0 F9000 X110.991 Y166.993
G1 F1500 X125.44 Y181.442 E3511.24791
G0 F9000 X125.44 Y180.877
G1 F1500 X111.056 Y166.493 E3511.92449
G0 F9000 X111.12 Y165.991
G1 F1500 X125.44 Y180.311 E3512.59806
G0 F9000 X125.44 Y179.745
G1 F1500 X111.185 Y165.491 E3513.26855
G0 F9000 X111.25 Y164.99
G1 F1500 X125.44 Y179.18 E3513.936
G0 F9000 X125.44 Y178.614
G1 F1500 X111.314 Y164.489 E3514.60042
G0 F9000 X111.379 Y163.988
G1 F1500 X125.44 Y178.048 E3515.26178
G0 F9000 X125.44 Y177.483
G1 F1500 X111.444 Y163.487 E3515.92011
G0 F9000 X111.509 Y162.986
G1 F1500 X125.44 Y176.917 E3516.57538
G0 F9000 X125.44 Y176.351
G1 F1500 X111.573 Y162.485 E3517.22762
G0 F9000 X111.638 Y161.984
G1 F1500 X125.44 Y175.786 E3517.87683
G0 F9000 X125.44 Y175.22
G1 F1500 X111.703 Y161.484 E3518.52295
G0 F9000 X111.768 Y160.982
G1 F1500 X125.331 Y174.546 E3519.16093
G0 F9000 X125.205 Y173.854
G1 F1500 X111.819 Y160.468 E3519.79057
G0 F9000 X111.86 Y159.943
G1 F1500 X125.079 Y173.162 E3520.41235
G0 F9000 X124.953 Y172.471
G1 F1500 X111.901 Y159.418 E3521.0263
G0 F9000 X111.941 Y158.893
G1 F1500 X124.826 Y171.778 E3521.63237
G0 F9000 X124.7 Y171.086
G1 F1500 X111.982 Y158.368 E3522.23059
G0 F9000 X112.022 Y157.843
G1 F1500 X124.574 Y170.395 E3522.821
G0 F9000 X124.447 Y169.702
G1 F1500 X112.063 Y157.318 E3523.4035
G0 F9000 X112.104 Y156.793
G1 F1500 X124.322 Y169.011 E3523.9782
G0 F9000 X124.195 Y168.318
G1 F1500 X112.145 Y156.268 E3524.54499
G0 F9000 X112.185 Y155.743
G1 F1500 X124.095 Y167.652 E3525.10518
G0 F9000 X124.01 Y167.003
G1 F1500 X112.226 Y155.218 E3525.65949
G0 F9000 X112.266 Y154.693
G1 F1500 X123.926 Y166.353 E3526.20794
G0 F9000 X123.841 Y165.702
G1 F1500 X112.307 Y154.168 E3526.75046
G0 F9000 X112.347 Y153.642
G1 F1500 X123.757 Y165.052 E3527.28715
G0 F9000 X123.673 Y164.403
G1 F1500 X112.377 Y153.107 E3527.81848
G0 F9000 X112.391 Y152.555
G1 F1500 X123.589 Y163.753 E3528.3452
G0 F9000 X123.505 Y163.103
G1 F1500 X112.405 Y152.003 E3528.86731
G0 F9000 X112.42 Y151.452
G1 F1500 X123.421 Y162.453 E3529.38476
G0 F9000 X123.337 Y161.803
G1 F1500 X112.434 Y150.9 E3529.89761
G0 F9000 X112.448 Y150.349
G1 F1500 X123.252 Y161.153 E3530.4058
G0 F9000 X123.183 Y160.518
G1 F1500 X112.463 Y149.798 E3530.91003
G0 F9000 X112.477 Y149.246
G1 F1500 X123.136 Y159.905 E3531.4114
G0 F9000 X123.088 Y159.292
G1 F1500 X112.491 Y148.695 E3531.90985
G0 F9000 X112.505 Y148.143
G1 F1500 X123.04 Y158.679 E3532.40541
G0 F9000 X122.993 Y158.065
G1 F1500 X112.519 Y147.592 E3532.89805
G0 F9000 X112.533 Y147.04
G1 F1500 X122.946 Y157.452 E3533.38782
G0 F9000 X122.897 Y156.839
G1 F1500 X112.548 Y146.489 E3533.87463
G0 F9000 X112.559 Y145.934
G1 F1500 X122.85 Y156.226 E3534.35871
G0 F9000 X122.803 Y155.612
G1 F1500 X112.559 Y145.369 E3534.84053
G0 F9000 X112.559 Y144.803
G1 F1500 X122.755 Y154.999 E3535.32012
G0 F9000 X122.707 Y154.386
G1 F1500 X112.559 Y144.237 E3535.79747
G0 F9000 X112.559 Y143.672
G1 F1500 X122.66 Y153.773 E3536.27259
G0 F9000 X122.626 Y153.173
G1 F1500 X112.559 Y143.106 E3536.74612
G0 F9000 X112.559 Y142.54
G1 F1500 X122.61 Y152.592 E3537.21891
G0 F9000 X122.596 Y152.011
G1 F1500 X112.559 Y141.975 E3537.69099
G0 F9000 X112.559 Y141.409
G1 F1500 X122.58 Y151.43 E3538.16235
G0 F9000 X122.565 Y150.849
G1 F1500 X112.559 Y140.843 E3538.633
G0 F9000 X112.559 Y140.277
G1 F1500 X122.55 Y150.268 E3539.10295
G0 F9000 X122.535 Y149.688
G1 F1500 X112.559 Y139.712 E3539.57219
G0 F9000 X112.559 Y139.146
G1 F1500 X122.52 Y149.107 E3540.04072
G0 F9000 X122.504 Y148.526
G1 F1500 X112.559 Y138.58 E3540.50853
G0 F9000 X112.559 Y138.015
G1 F1500 X122.489 Y147.945 E3540.97561
G0 F9000 X122.474 Y147.364
G1 F1500 X112.559 Y137.449 E3541.44198
G0 F9000 X112.559 Y136.883
G1 F1500 X122.459 Y146.784 E3541.90767
G0 F9000 X122.444 Y146.202
G1 F1500 X112.559 Y136.318 E3542.3726
G0 F9000 X112.559 Y135.752
G1 F1500 X122.439 Y145.632 E3542.83733
G0 F9000 X122.439 Y145.067
G1 F1500 X112.559 Y135.186 E3543.30208
G0 F9000 X112.559 Y134.621
G1 F1500 X122.439 Y144.501 E3543.7668
G0 F9000 X122.439 Y143.935
G1 F1500 X112.559 Y134.055 E3544.23153
G0 F9000 X112.559 Y133.489
G1 F1500 X122.439 Y143.37 E3544.69627
G0 F9000 X122.439 Y142.804
G1 F1500 X112.559 Y132.924 E3545.161
G0 F9000 X112.559 Y132.358
G1 F1500 X122.439 Y142.238 E3545.62572
G0 F9000 X122.439 Y141.673
G1 F1500 X112.559 Y131.792 E3546.09047
G0 F9000 X112.559 Y131.226
G1 F1500 X122.439 Y141.107 E3546.55522
G0 F9000 X122.439 Y140.541
G1 F1500 X112.559 Y130.661 E3547.01995
G0 F9000 X112.559 Y130.095
G1 F1500 X122.439 Y139.976 E3547.48469
G0 F9000 X122.439 Y139.41
G1 F1500 X112.559 Y129.529 E3547.94944
G0 F9000 X112.559 Y128.964
G1 F1500 X122.439 Y138.844 E3548.41417
G0 F9000 X122.439 Y138.278
G1 F1500 X112.559 Y128.398 E3548.87889
G0 F9000 X112.559 Y127.832
G1 F1500 X122.439 Y137.713 E3549.34364
G0 F9000 X122.439 Y137.147
G1 F1500 X112.559 Y127.267 E3549.80837
G0 F9000 X112.559 Y126.701
G1 F1500 X122.439 Y136.581 E3550.27309
G0 F9000 X122.439 Y136.016
G1 F1500 X112.559 Y126.135 E3550.73784
G0 F9000 X112.559 Y125.57
G1 F1500 X122.439 Y135.45 E3551.20256
G0 F9000 X122.439 Y134.884
G1 F1500 X112.559 Y125.004 E3551.66729
G0 F9000 X112.559 Y124.438
G1 F1500 X122.439 Y134.319 E3552.13204
G0 F9000 X122.439 Y133.753
G1 F1500 X112.559 Y123.873 E3552.59676
G0 F9000 X112.559 Y123.307
G1 F1500 X122.439 Y133.187 E3553.06149
G0 F9000 X122.439 Y132.622
G1 F1500 X112.559 Y122.741 E3553.52624
G0 F9000 X112.559 Y122.176
G1 F1500 X122.439 Y132.056 E3553.99096
G0 F9000 X122.439 Y131.49
G1 F1500 X112.559 Y121.61 E3554.45569
G0 F9000 X112.559 Y121.044
G1 F1500 X122.439 Y130.925 E3554.92043
G0 F9000 X122.439 Y130.359
G1 F1500 X112.559 Y120.478 E3555.38518
G0 F9000 X112.559 Y119.913
G1 F1500 X122.439 Y129.793 E3555.84991
G0 F9000 X122.439 Y129.228
G1 F1500 X112.559 Y119.347 E3556.31466
G0 F9000 X112.559 Y118.781
G1 F1500 X122.439 Y128.662 E3556.7794
G0 F9000 X122.439 Y128.096
G1 F1500 X112.559 Y118.216 E3557.24413
G0 F9000 X112.559 Y117.65
G1 F1500 X122.439 Y127.53 E3557.70885
G0 F9000 X122.439 Y126.965
G1 F1500 X112.559 Y117.084 E3558.1736
G0 F9000 X112.559 Y116.519
G1 F1500 X122.439 Y126.399 E3558.63833
G0 F9000 X122.439 Y125.833
G1 F1500 X112.559 Y115.953 E3559.10305
G0 F9000 X112.559 Y115.387
G1 F1500 X122.439 Y125.268 E3559.5678
G0 F9000 X122.439 Y124.702
G1 F1500 X112.559 Y114.822 E3560.03253
G0 F9000 X112.559 Y114.256
G1 F1500 X122.439 Y124.136 E3560.49725
G0 F9000 X122.439 Y123.571
G1 F1500 X112.559 Y113.69 E3560.962
G0 F9000 X112.559 Y113.125
G1 F1500 X122.439 Y123.005 E3561.42672
G0 F9000 X122.439 Y122.439
G1 F1500 X112.559 Y112.559 E3561.89145
G0 F9000 X112.559 Y111.993
G1 F1500 X122.439 Y121.874 E3562.3562
G0 F9000 X122.439 Y121.308
G1 F1500 X112.559 Y111.428 E3562.82092
G0 F9000 X112.559 Y110.862
G1 F1500 X122.439 Y120.742 E3563.28565
G0 F9000 X122.439 Y120.177
G1 F1500 X112.559 Y110.296 E3563.7504
G0 F9000 X112.559 Y109.73
G1 F1500 X122.439 Y119.611 E3564.21514
G0 F9000 X122.439 Y119.045
G1 F1500 X112.559 Y109.165 E3564.67987
G0 F9000 X112.559 Y108.599
G1 F1500 X122.439 Y118.479 E3565.14459
G0 F9000 X122.439 Y117.914
G1 F1500 X112.559 Y108.033 E3565.60934
G0 F9000 X112.559 Y107.468
G1 F1500 X122.439 Y117.348 E3566.07407
G0 F9000 X122.439 Y116.782
G1 F1500 X112.559 Y106.902 E3566.53879
G0 F9000 X112.559 Y106.336
G1 F1500 X122.439 Y116.217 E3567.00354
G0 F9000 X122.439 Y115.651
G1 F1500 X112.559 Y105.771 E3567.46827
G0 F9000 X112.559 Y105.205
G1 F1500 X122.439 Y115.085 E3567.93299
G0 F9000 X122.439 Y114.52
G1 F1500 X112.559 Y104.639 E3568.39774
G0 F9000 X112.559 Y104.074
G1 F1500 X122.439 Y113.954 E3568.86246
G0 F9000 X122.439 Y113.388
G1 F1500 X112.559 Y103.508 E3569.32719
G0 F9000 X112.559 Y102.942
G1 F1500 X122.439 Y112.823 E3569.79194
G0 F9000 X122.439 Y112.257
G1 F1500 X112.559 Y102.377 E3570.25666
G0 F9000 X112.559 Y101.811
G1 F1500 X122.439 Y111.691 E3570.72139
G0 F9000 X122.439 Y111.126
G1 F1500 X112.559 Y101.245 E3571.18614
G0 F9000 X112.559 Y100.679
G1 F1500 X122.439 Y110.56 E3571.65088
G0 F9000 X122.439 Y109.994
G1 F1500 X112.559 Y100.114 E3572.11561
G0 F9000 X112.559 Y99.548
G1 F1500 X122.439 Y109.429 E3572.58036
G0 F9000 X122.439 Y108.863
G1 F1500 X112.559 Y98.982 E3573.04511
G0 F9000 X112.559 Y98.417
G1 F1500 X122.439 Y108.297 E3573.50983
G0 F9000 X122.439 Y107.731
G1 F1500 X112.559 Y97.851 E3573.97456
G0 F9000 X112.559 Y97.285
G1 F1500 X122.439 Y107.166 E3574.4393
G0 F9000 X122.439 Y106.6
G1 F1500 X112.559 Y96.72 E3574.90403
G0 F9000 X112.559 Y96.154
G1 F1500 X122.439 Y106.034 E3575.36875
G0 F9000 X122.439 Y105.469
G1 F1500 X112.559 Y95.588 E3575.8335
G0 F9000 X112.559 Y95.023
G1 F1500 X122.439 Y104.903 E3576.29823
G0 F9000 X122.439 Y104.337
G1 F1500 X112.559 Y94.457 E3576.76295
G0 F9000 X112.559 Y93.891
G1 F1500 X122.439 Y103.772 E3577.2277
G0 F9000 X122.439 Y103.206
G1 F1500 X112.559 Y93.326 E3577.69243
G0 F9000 X112.559 Y92.76
G1 F1500 X122.439 Y102.64 E3578.15715
G0 F9000 X122.439 Y102.075
G1 F1500 X112.559 Y92.194 E3578.6219
G0 F9000 X112.559 Y91.629
G1 F1500 X122.439 Y101.509 E3579.08662
G0 F9000 X122.439 Y100.943
G1 F1500 X112.559 Y91.063 E3579.55135
G0 F9000 X112.559 Y90.497
G1 F1500 X122.439 Y100.378 E3580.0161
G0 F9000 X122.439 Y99.812
G1 F1500 X112.559 Y89.931 E3580.48085
G0 F9000 X112.559 Y89.366
G1 F1500 X122.439 Y99.246 E3580.94557
G0 F9000 X122.439 Y98.68
G1 F1500 X112.555 Y88.796 E3581.41048
G0 F9000 X112.539 Y88.215
G1 F1500 X122.439 Y98.115 E3581.87615
G0 F9000 X122.439 Y97.549
G1 F1500 X112.524 Y87.634 E3582.34252
G0 F9000 X112.509 Y87.053
G1 F1500 X122.439 Y96.983 E3582.8096
G0 F9000 X122.439 Y96.418
G1 F1500 X112.494 Y86.472 E3583.2774
G0 F9000 X112.479 Y85.892
G1 F1500 X122.439 Y95.852 E3583.74589
G0 F9000 X122.439 Y95.286
G1 F1500 X112.463 Y85.311 E3584.21511
G0 F9000 X112.449 Y84.73
G1 F1500 X122.439 Y94.721 E3584.68503
G0 F9000 X122.439 Y94.155
G1 F1500 X112.433 Y84.149 E3585.15568
G0 F9000 X112.418 Y83.568
G1 F1500 X122.439 Y93.589 E3585.62704
G0 F9000 X122.439 Y93.024
G1 F1500 X112.403 Y82.987 E3586.09912
G0 F9000 X112.388 Y82.406
G1 F1500 X122.439 Y92.458 E3586.57192
G0 F9000 X122.439 Y91.892
G1 F1500 X112.373 Y81.826 E3587.04539
G0 F9000 X112.339 Y81.226
G1 F1500 X122.439 Y91.327 E3587.52049
G0 F9000 X122.439 Y90.761
G1 F1500 X112.291 Y80.613 E3587.99782
G0 F9000 X112.244 Y79.999
G1 F1500 X122.439 Y90.195 E3588.47738
G0 F9000 X122.439 Y89.63
G1 F1500 X112.196 Y79.386 E3588.95921
G0 F9000 X112.148 Y78.773
G1 F1500 X122.439 Y89.064 E3589.44326
G0 F9000 X122.451 Y88.509
G1 F1500 X112.101 Y78.16 E3589.93007
G0 F9000 X112.053 Y77.546
G1 F1500 X122.465 Y87.958 E3590.41982
G0 F9000 X122.479 Y87.406
G1 F1500 X112.005 Y76.933 E3590.91246
G0 F9000 X111.958 Y76.32
G1 F1500 X122.493 Y86.855 E3591.408
G0 F9000 X122.507 Y86.303
G1 F1500 X111.91 Y75.707 E3591.90642
G0 F9000 X111.862 Y75.093
G1 F1500 X122.521 Y85.752 E3592.40779
G0 F9000 X122.535 Y85.2
G1 F1500 X111.815 Y74.48 E3592.91202
G0 F9000 X111.746 Y73.845
G1 F1500 X122.55 Y84.649 E3593.42021
G0 F9000 X122.564 Y84.098
G1 F1500 X111.662 Y73.196 E3593.93301
G0 F9000 X111.578 Y72.546
G1 F1500 X122.579 Y83.546 E3594.45044
G0 F9000 X122.593 Y82.995
G1 F1500 X111.494 Y71.896 E3594.9725
G0 F9000 X111.409 Y71.245
G1 F1500 X122.607 Y82.443 E3595.49922
G0 F9000 X122.621 Y81.892
G1 F1500 X111.325 Y70.596 E3596.03055
G0 F9000 X111.241 Y69.946
G1 F1500 X122.651 Y81.356 E3596.56724
G0 F9000 X122.691 Y80.83
G1 F1500 X111.157 Y69.296 E3597.10977
G0 F9000 X111.073 Y68.646
G1 F1500 X122.732 Y80.306 E3597.65819
G0 F9000 X122.772 Y79.78
G1 F1500 X110.988 Y67.996 E3598.21248
G0 F9000 X110.904 Y67.346
G1 F1500 X122.813 Y79.256 E3598.77266
G0 F9000 X122.854 Y78.73
G1 F1500 X110.803 Y66.68 E3599.33948
G0 F9000 X110.677 Y65.988
G1 F1500 X122.895 Y78.206 E3599.91418
G0 F9000 X122.935 Y77.68
G1 F1500 X110.551 Y65.297 E3600.49666
G0 F9000 X110.425 Y64.604
G1 F1500 X122.976 Y77.155 E3601.08702
G0 F9000 X123.016 Y76.63
G1 F1500 X110.299 Y63.913 E3601.68519
G0 F9000 X110.172 Y63.221
G1 F1500 X123.057 Y76.105 E3602.29124
G0 F9000 X123.098 Y75.58
G1 F1500 X110.047 Y62.529 E3602.90512
G0 F9000 X109.92 Y61.837
G1 F1500 X123.139 Y75.055 E3603.52687
G0 F9000 X123.179 Y74.53
G1 F1500 X109.794 Y61.145 E3604.15646
G0 F9000 X109.668 Y60.454
G1 F1500 X123.231 Y74.016 E3604.7944
G0 F9000 X123.296 Y73.515
G1 F1500 X109.559 Y59.779 E3605.44052
G0 F9000 X109.559 Y59.213
G1 F1500 X123.36 Y73.014 E3606.08968
G0 F9000 X123.425 Y72.513
G1 F1500 X109.559 Y58.648 E3606.74187
G0 F9000 X109.559 Y58.082
G1 F1500 X123.49 Y72.013 E3607.39714
G0 F9000 X123.554 Y71.511
G1 F1500 X109.559 Y57.516 E3608.05542
G0 F9000 X109.559 Y56.951
G1 F1500 X123.619 Y71.011 E3608.71676
G0 F9000 X123.684 Y70.509
G1 F1500 X109.559 Y56.385 E3609.38114
G0 F9000 X109.559 Y55.819
G1 F1500 X123.749 Y70.009 E3610.04859
G0 F9000 X123.814 Y69.508
G1 F1500 X109.559 Y55.254 E3610.71908
G0 F9000 X109.559 Y54.688
G1 F1500 X123.878 Y69.007 E3611.3926
G0 F9000 X123.943 Y68.506
G1 F1500 X109.559 Y54.122 E3612.06918
G0 F9000 X109.559 Y53.556
G1 F1500 X124.008 Y68.005 E3612.74882
G0 F9000 X124.073 Y67.504
G1 F1500 X109.559 Y52.991 E3613.43149
G0 F9000 X109.559 Y52.425
G1 F1500 X124.138 Y67.004 E3614.11724
G0 F9000 X124.223 Y66.523
G1 F1500 X109.559 Y51.859 E3614.80699
G0 F9000 X109.559 Y51.294
G1 F1500 X124.31 Y66.045 E3615.50083
G0 F9000 X124.397 Y65.566
G1 F1500 X109.559 Y50.728 E3616.19876
G0 F9000 X109.559 Y50.162
G1 F1500 X124.485 Y65.088 E3616.90084
G0 F9000 X124.572 Y64.609
G1 F1500 X109.559 Y49.597 E3617.60698
G0 F9000 X109.559 Y49.031
G1 F1500 X124.659 Y64.131 E3618.31724
G0 F9000 X124.746 Y63.652
G1 F1500 X109.559 Y48.465 E3619.03159
G0 F9000 X109.559 Y47.9
G1 F1500 X124.834 Y63.174 E3619.75005
G0 F9000 X124.921 Y62.695
G1 F1500 X109.559 Y47.334 E3620.47261
G0 F9000 X109.559 Y46.768
G1 F1500 X125.007 Y62.216 E3621.19924
G0 F9000 X125.094 Y61.738
G1 F1500 X109.559 Y46.203 E3621.92996
G0 F9000 X109.559 Y45.637
G1 F1500 X125.181 Y61.259 E3622.66477
G0 F9000 X125.269 Y60.781
G1 F1500 X109.559 Y45.071 E3623.40372
G0 F9000 X109.559 Y44.506
G1 F1500 X125.356 Y60.302 E3624.14674
G0 F9000 X125.438 Y59.819
G1 F1500 X109.559 Y43.94 E3624.89364
G0 F9000 X109.559 Y43.374
G1 F1500 X125.438 Y59.253 E3625.64054
G0 F9000 X125.438 Y58.687
G1 F1500 X109.559 Y42.808 E3626.38743
G0 F9000 X109.559 Y42.243
G1 F1500 X125.438 Y58.122 E3627.13433
G0 F9000 X125.438 Y57.556
G1 F1500 X109.559 Y41.677 E3627.88123
G0 F9000 X109.559 Y41.111
G1 F1500 X125.438 Y56.99 E3628.62813
G0 F9000 X125.438 Y56.424
G1 F1500 X109.559 Y40.546 E3629.37501
G0 F9000 X109.559 Y39.98
G1 F1500 X125.438 Y55.859 E3630.12191
G0 F9000 X125.438 Y55.293
G1 F1500 X109.559 Y39.414 E3630.86881
G0 F9000 X109.559 Y38.849
G1 F1500 X125.438 Y54.727 E3631.61568
G0 F9000 X125.438 Y54.162
G1 F1500 X109.559 Y38.283 E3632.36258
G0 F9000 X109.559 Y37.717
G1 F1500 X125.438 Y53.596 E3633.10948
G0 F9000 X125.438 Y53.03
G1 F1500 X109.559 Y37.152 E3633.85636
G0 F9000 X109.559 Y36.586
G1 F1500 X125.438 Y52.465 E3634.60326
G0 F9000 X125.438 Y51.899
G1 F1500 X110.1 Y36.56 E3635.32473
G0 F9000 X110.665 Y36.56
G1 F1500 X125.438 Y51.333 E3636.01961
G0 F9000 X125.438 Y50.768
G1 F1500 X111.231 Y36.56 E3636.68789
G0 F9000 X111.797 Y36.56
G1 F1500 X125.438 Y50.202 E3637.32954
G0 F9000 X125.438 Y49.636
G1 F1500 X112.362 Y36.56 E3637.9446
G0 F9000 X112.928 Y36.56
G1 F1500 X125.438 Y49.071 E3638.53305
G0 F9000 X125.438 Y48.505
G1 F1500 X113.494 Y36.56 E3639.09489
G0 F9000 X114.059 Y36.56
G1 F1500 X125.438 Y47.939 E3639.63012
G0 F9000 X125.438 Y47.374
G1 F1500 X114.625 Y36.56 E3640.13875
G0 F9000 X115.191 Y36.56
G1 F1500 X125.438 Y46.808 E3640.62076
G0 F9000 X125.438 Y46.242
G1 F1500 X115.756 Y36.56 E3641.07618
G0 F9000 X116.322 Y36.56
G1 F1500 X125.438 Y45.676 E3641.50496
G0 F9000 X125.438 Y45.111
G1 F1500 X116.888 Y36.56 E3641.90715
G0 F9000 X117.453 Y36.56
G1 F1500 X125.438 Y44.545 E3642.28274
G0 F9000 X125.438 Y43.979
G1 F1500 X118.019 Y36.56 E3642.63171
G0 F9000 X118.585 Y36.56
G1 F1500 X125.438 Y43.414 E3642.95408
G0 F9000 X125.438 Y42.848
G1 F1500 X119.151 Y36.56 E3643.24982
G0 F9000 X119.716 Y36.56
G1 F1500 X125.438 Y42.282 E3643.51897
G0 F9000 X125.438 Y41.717
G1 F1500 X120.282 Y36.56 E3643.76151
G0 F9000 X120.848 Y36.56
G1 F1500 X125.438 Y41.151 E3643.97744
G0 F9000 X125.438 Y40.585
G1 F1500 X121.413 Y36.56 E3644.16676
G0 F9000 X121.979 Y36.56
G1 F1500 X125.438 Y40.02 E3644.32949
G0 F9000 X125.438 Y39.454
G1 F1500 X122.545 Y36.56 E3644.46559
G0 F9000 X123.11 Y36.56
G1 F1500 X125.438 Y38.888 E3644.57509
G0 F9000 X125.438 Y38.323
G1 F1500 X123.676 Y36.56 E3644.65799
G0 F9000 X124.242 Y36.56
G1 F1500 X125.438 Y37.757 E3644.71427
G0 F9000 X125.438 Y37.191
G1 F1500 X124.807 Y36.56 E3644.74395
G0 F9000 X125.373 Y36.56
G1 F1500 X125.438 Y36.626 E3644.74703
G1 F2700 E3639.74703
;MESH:NONMESH
G0 F300 X125.438 Y36.626 Z3.6
G0 F9000 X125.9 Y36.626
G0 X125.838 Y59.892
G0 X123.917 Y74.337
G0 X123.35 Y81.659
G0 X123.161 Y88.99
G0 X123.161 Y146.01
G0 X123.35 Y153.341
G0 X123.809 Y159.271
G0 X124.701 Y167.971
;TIME_ELAPSED:4999.970787
;LAYER:17
;TYPE:WALL-INNER
;MESH:D638-22 Tensile.STL
G1 F2700 E3644.74703
G1 F1500 X126 Y175.089 E3644.98769
G1 X126 Y175.858 E3645.01326
G1 X126 Y199 E3645.78297
G1 X109 Y199 E3646.34839
G1 X109 Y175.093 E3647.14354
G1 X110.299 Y167.972 E3647.3843
G1 X111.245 Y160.664 E3647.62939
G1 X111.812 Y153.324 E3647.87425
G1 X112 Y146.027 E3648.11703
G1 X112 Y88.973 E3650.01465
G1 X111.81 Y81.625 E3650.25913
G1 X111.246 Y74.345 E3650.50199
G1 X110.299 Y67.028 E3650.74738
G1 X109.001 Y59.911 E3650.988
G1 X109 Y36 E3651.78328
G1 X126 Y36 E3652.3487
G1 X125.999 Y59.907 E3653.14385
G1 X124.701 Y67.027 E3653.38457
G1 X123.754 Y74.346 E3653.63003
G1 X123.19 Y81.624 E3653.87282
G1 X123 Y88.973 E3654.11733
G1 X123 Y146.027 E3656.01496
G1 X123.188 Y153.323 E3656.2577
G1 X123.754 Y160.654 E3656.50226
G1 X124.701 Y167.971 E3656.74765
G1 F2700 E3651.74765
G0 F9000 X125.839 Y175.105
G0 X125.828 Y198.828
G0 X108.87 Y199.13
G1 F2700 E3656.74765
G0 F9000 X108.6 Y199.4
G1 F1500 X126.4 Y199.4 E3657.33968
G1 X126.4 Y175.858 E3658.12269
G1 X126.4 Y175.053 E3658.14947
G1 X125.094 Y167.894 E3658.39151
G1 X124.156 Y160.654 E3658.63432
G1 X123.589 Y153.343 E3658.87822
G1 X123.4 Y146.017 E3659.12196
G1 X123.4 Y88.983 E3661.01892
G1 X123.589 Y81.655 E3661.26273
G1 X124.156 Y74.346 E3661.50656
G1 X125.094 Y67.104 E3661.74944
G1 X126.399 Y59.943 E3661.99154
G1 X126.4 Y35.6 E3662.80119
G1 X108.6 Y35.6 E3663.39322
G1 X108.601 Y59.947 E3664.20301
G1 X109.906 Y67.105 E3664.44501
G1 X110.847 Y74.376 E3664.68886
G1 X111.411 Y81.656 E3664.93172
G1 X111.6 Y88.983 E3665.1755
G1 X111.6 Y146.017 E3667.07246
G1 X111.411 Y153.345 E3667.31627
G1 X110.844 Y160.654 E3667.5601
G1 X109.906 Y167.896 E3667.80298
G1 X108.6 Y175.057 E3668.04508
G1 X108.6 Y199.4 E3668.85473
G1 F2700 E3663.85473
G0 F9000 X108.87 Y199.13
G0 X125.828 Y198.828
G0 X125.839 Y175.105
G0 X124.797 Y167.931
G1 F2700 E3668.85473
G0 F9000 X125.491 Y167.842
;TYPE:WALL-OUTER
G1 F1500 X126.8 Y175.017 E3669.09731
G1 X126.8 Y175.858 E3669.12529
G1 X126.8 Y199.8 E3669.9216
G1 X108.2 Y199.8 E3670.54024
G1 X108.2 Y175.021 E3671.36439
G1 X109.507 Y167.854 E3671.6067
G1 X110.447 Y160.602 E3671.84992
G1 X111.012 Y153.314 E3672.09304
G1 X111.2 Y146.007 E3672.33616
G1 X111.2 Y88.993 E3674.23245
G1 X111.012 Y81.697 E3674.4752
G1 X110.448 Y74.407 E3674.71839
G1 X109.509 Y67.157 E3674.96154
G1 X108.201 Y59.983 E3675.20408
G1 X108.2 Y35.2 E3676.02837
G1 X126.8 Y35.2 E3676.647
G1 X126.799 Y59.979 E3677.47116
G1 X125.493 Y67.146 E3677.71346
G1 X124.553 Y74.398 E3677.95668
G1 X123.988 Y81.686 E3678.19981
G1 X123.8 Y88.993 E3678.44292
G1 X123.8 Y146.007 E3680.33921
G1 X123.988 Y153.302 E3680.58192
G1 X124.552 Y160.592 E3680.82512
G1 X125.491 Y167.842 E3681.06827
G0 F9000 X124.797 Y167.931
G0 X124.341 Y168.004
;TYPE:SKIN
G1 F1500 X125.64 Y175.122 E3681.30892
G1 X125.64 Y175.858 E3681.3334
G1 X125.64 Y198.64 E3682.09113
G1 X109.36 Y198.64 E3682.63261
G1 X109.36 Y175.128 E3683.41462
G1 X110.657 Y168.017 E3683.65503
G1 X111.598 Y160.752 E3683.89869
G1 X112.172 Y153.343 E3684.14585
G1 X112.36 Y146.04 E3684.38883
G1 X112.36 Y88.961 E3686.28729
G1 X112.169 Y81.606 E3686.532
G1 X111.599 Y74.258 E3686.77713
G1 X110.659 Y66.995 E3687.02071
G1 X109.361 Y59.879 E3687.26129
G1 X109.361 Y36.361 E3688.04351
G1 X125.639 Y36.361 E3688.58491
G1 X125.639 Y59.872 E3689.36689
G1 X124.343 Y66.983 E3689.6073
G1 X123.402 Y74.247 E3689.85092
G1 X122.828 Y81.657 E3690.09812
G1 X122.64 Y88.961 E3690.34113
G1 X122.64 Y146.04 E3692.23959
G1 X122.831 Y153.391 E3692.48416
G1 X123.401 Y160.741 E3692.72936
G1 X124.341 Y168.004 E3692.97294
G1 F2700 E3687.97294
G0 F9000 X124.597 Y167.957
G0 X125.839 Y175.105
G0 X125.9 Y198.132
G1 F2700 E3692.97294
G0 F9000 X125.44 Y198.132
G1 F1500 X125.133 Y198.438 E3692.98736
G0 F9000 X124.567 Y198.438
G1 F1500 X125.44 Y197.566 E3693.0284
G0 F9000 X125.44 Y197
G1 F1500 X124.001 Y198.438 E3693.09606
G0 F9000 X123.436 Y198.438
G1 F1500 X125.44 Y196.434 E3693.19032
G0 F9000 X125.44 Y195.869
G1 F1500 X122.87 Y198.438 E3693.31118
G0 F9000 X122.304 Y198.438
G1 F1500 X125.44 Y195.303 E3693.45867
G0 F9000 X125.44 Y194.737
G1 F1500 X121.739 Y198.438 E3693.63275
G0 F9000 X121.173 Y198.438
G1 F1500 X125.44 Y194.172 E3693.83344
G0 F9000 X125.44 Y193.606
G1 F1500 X120.607 Y198.438 E3694.06074
G0 F9000 X120.041 Y198.438
G1 F1500 X125.44 Y193.04 E3694.31467
G0 F9000 X125.44 Y192.475
G1 F1500 X119.476 Y198.438 E3694.59518
G0 F9000 X118.91 Y198.438
G1 F1500 X125.44 Y191.909 E3694.9023
G0 F9000 X125.44 Y191.343
G1 F1500 X118.344 Y198.438 E3695.23605
G0 F9000 X117.779 Y198.438
G1 F1500 X125.44 Y190.778 E3695.59638
G0 F9000 X125.44 Y190.212
G1 F1500 X117.213 Y198.438 E3695.98333
G0 F9000 X116.647 Y198.438
G1 F1500 X125.44 Y189.646 E3696.3969
G0 F9000 X125.44 Y189.081
G1 F1500 X116.082 Y198.438 E3696.83705
G0 F9000 X115.516 Y198.438
G1 F1500 X125.44 Y188.515 E3697.30382
G0 F9000 X125.44 Y187.949
G1 F1500 X114.95 Y198.438 E3697.79721
G0 F9000 X114.385 Y198.438
G1 F1500 X125.44 Y187.384 E3698.31718
G0 F9000 X125.44 Y186.818
G1 F1500 X113.819 Y198.438 E3698.86378
G0 F9000 X113.253 Y198.438
G1 F1500 X125.44 Y186.252 E3699.43699
G0 F9000 X125.44 Y185.686
G1 F1500 X112.688 Y198.438 E3700.03681
G0 F9000 X112.122 Y198.438
G1 F1500 X125.44 Y185.121 E3700.66322
G0 F9000 X125.44 Y184.555
G1 F1500 X111.556 Y198.438 E3701.31626
G0 F9000 X110.991 Y198.438
G1 F1500 X125.44 Y183.989 E3701.9959
G0 F9000 X125.44 Y183.424
G1 F1500 X110.425 Y198.438 E3702.70213
G0 F9000 X109.859 Y198.438
G1 F1500 X125.44 Y182.858 E3703.43499
G0 F9000 X125.44 Y182.292
G1 F1500 X109.559 Y198.173 E3704.18198
G0 F9000 X109.559 Y197.607
G1 F1500 X125.44 Y181.727 E3704.92895
G0 F9000 X125.44 Y181.161
G1 F1500 X109.559 Y197.041 E3705.67592
G0 F9000 X109.559 Y196.475
G1 F1500 X125.44 Y180.595 E3706.42289
G0 F9000 X125.44 Y180.03
G1 F1500 X109.559 Y195.91 E3707.16986
G0 F9000 X109.559 Y195.344
G1 F1500 X125.44 Y179.464 E3707.91683
G0 F9000 X125.44 Y178.898
G1 F1500 X109.559 Y194.778 E3708.6638
G0 F9000 X109.559 Y194.213
G1 F1500 X125.44 Y178.333 E3709.41078
G0 F9000 X125.44 Y177.767
G1 F1500 X109.559 Y193.647 E3710.15775
G0 F9000 X109.559 Y193.081
G1 F1500 X125.44 Y177.201 E3710.90472
G0 F9000 X125.44 Y176.635
G1 F1500 X109.559 Y192.516 E3711.65171
G0 F9000 X109.559 Y191.95
G1 F1500 X125.44 Y176.07 E3712.39868
G0 F9000 X125.44 Y175.504
G1 F1500 X109.559 Y191.384 E3713.14565
G0 F9000 X109.559 Y190.819
G1 F1500 X125.408 Y174.97 E3713.89114
G0 F9000 X125.321 Y174.492
G1 F1500 X109.559 Y190.253 E3714.63251
G0 F9000 X109.559 Y189.687
G1 F1500 X125.234 Y174.013 E3715.36979
G0 F9000 X125.146 Y173.535
G1 F1500 X109.559 Y189.122 E3716.10295
G0 F9000 X109.559 Y188.556
G1 F1500 X125.059 Y173.056 E3716.83203
G0 F9000 X124.971 Y172.578
G1 F1500 X109.559 Y187.99 E3717.55696
G0 F9000 X109.559 Y187.425
G1 F1500 X124.884 Y172.099 E3718.27783
G0 F9000 X124.797 Y171.621
G1 F1500 X109.559 Y186.859 E3718.99457
G0 F9000 X109.559 Y186.293
G1 F1500 X124.71 Y171.143 E3719.70721
G0 F9000 X124.623 Y170.664
G1 F1500 X109.559 Y185.727 E3720.41575
G0 F9000 X109.559 Y185.162
G1 F1500 X124.535 Y170.186 E3721.12017
G0 F9000 X124.448 Y169.707
G1 F1500 X109.559 Y184.596 E3721.82051
G0 F9000 X109.559 Y184.03
G1 F1500 X124.36 Y169.229 E3722.5167
G0 F9000 X124.274 Y168.751
G1 F1500 X109.559 Y183.465 E3723.20882
G0 F9000 X109.559 Y182.899
G1 F1500 X124.186 Y168.273 E3723.89681
G0 F9000 X124.111 Y167.782
G1 F1500 X109.559 Y182.333 E3724.58127
G0 F9000 X109.559 Y181.768
G1 F1500 X124.046 Y167.281 E3725.26269
G0 F9000 X123.981 Y166.781
G1 F1500 X109.559 Y181.202 E3725.94104
G0 F9000 X109.559 Y180.636
G1 F1500 X123.916 Y166.28 E3726.61632
G0 F9000 X123.851 Y165.779
G1 F1500 X109.559 Y180.071 E3727.28857
G0 F9000 X109.559 Y179.505
G1 F1500 X123.786 Y165.278 E3727.95777
G0 F9000 X123.721 Y164.777
G1 F1500 X109.559 Y178.939 E3728.6239
G0 F9000 X109.559 Y178.374
G1 F1500 X123.656 Y164.277 E3729.28698
G0 F9000 X123.591 Y163.776
G1 F1500 X109.559 Y177.808 E3729.94701
G0 F9000 X109.559 Y177.242
G1 F1500 X123.527 Y163.275 E3730.60399
G0 F9000 X123.462 Y162.774
G1 F1500 X109.559 Y176.676 E3731.25793
G0 F9000 X109.559 Y176.111
G1 F1500 X123.397 Y162.273 E3731.90882
G0 F9000 X123.332 Y161.773
G1 F1500 X109.559 Y175.545 E3732.55664
G0 F9000 X109.597 Y174.942
G1 F1500 X123.267 Y161.272 E3733.19963
G0 F9000 X123.202 Y160.771
G1 F1500 X109.723 Y174.25 E3733.83364
G0 F9000 X109.849 Y173.558
G1 F1500 X123.161 Y160.246 E3734.4598
G0 F9000 X123.121 Y159.721
G1 F1500 X109.975 Y172.867 E3735.07815
G0 F9000 X110.102 Y172.174
G1 F1500 X123.08 Y159.196 E3735.68859
G0 F9000 X123.039 Y158.671
G1 F1500 X110.228 Y171.483 E3736.29121
G0 F9000 X110.354 Y170.791
G1 F1500 X122.999 Y158.146 E3736.88599
G0 F9000 X122.958 Y157.621
G1 F1500 X110.48 Y170.099 E3737.47292
G0 F9000 X110.607 Y169.407
G1 F1500 X122.917 Y157.096 E3738.05196
G0 F9000 X122.876 Y156.571
G1 F1500 X110.732 Y168.715 E3738.62318
G0 F9000 X110.858 Y168.024
G1 F1500 X122.835 Y156.047 E3739.18654
G0 F9000 X122.795 Y155.521
G1 F1500 X110.942 Y167.374 E3739.74407
G0 F9000 X111.026 Y166.725
G1 F1500 X122.754 Y154.997 E3740.29572
G0 F9000 X122.713 Y154.472
G1 F1500 X111.11 Y166.075 E3740.84149
G0 F9000 X111.194 Y165.425
G1 F1500 X122.673 Y153.947 E3741.3814
G0 F9000 X122.632 Y153.422
G1 F1500 X111.278 Y164.775 E3741.91544
G0 F9000 X111.362 Y164.126
G1 F1500 X122.617 Y152.871 E3742.44484
G0 F9000 X122.603 Y152.319
G1 F1500 X111.446 Y163.476 E3742.96963
G0 F9000 X111.53 Y162.826
G1 F1500 X122.588 Y151.768 E3743.48976
G0 F9000 X122.574 Y151.217
G1 F1500 X111.614 Y162.177 E3744.00529
G0 F9000 X111.698 Y161.527
G1 F1500 X122.559 Y150.666 E3744.51616
G0 F9000 X122.545 Y150.114
G1 F1500 X111.782 Y160.878 E3745.02244
G0 F9000 X111.836 Y160.257
G1 F1500 X122.53 Y149.563 E3745.52545
G0 F9000 X122.516 Y149.012
G1 F1500 X111.884 Y159.644 E3746.02555
G0 F9000 X111.931 Y159.031
G1 F1500 X122.502 Y148.46 E3746.52277
G0 F9000 X122.487 Y147.909
G1 F1500 X111.978 Y158.418 E3747.01709
G0 F9000 X112.026 Y157.805
G1 F1500 X122.473 Y147.358 E3747.50848
G0 F9000 X122.459 Y146.806
G1 F1500 X112.074 Y157.191 E3747.99696
G0 F9000 X112.121 Y156.578
G1 F1500 X122.444 Y146.255 E3748.48252
G0 F9000 X122.439 Y145.695
G1 F1500 X112.169 Y155.965 E3748.96559
G0 F9000 X112.216 Y155.352
G1 F1500 X122.439 Y145.13 E3749.44643
G0 F9000 X122.439 Y144.564
G1 F1500 X112.263 Y154.739 E3749.92505
G0 F9000 X112.311 Y154.126
G1 F1500 X122.439 Y143.998 E3750.40144
G0 F9000 X122.439 Y143.433
G1 F1500 X112.358 Y153.513 E3750.8756
G0 F9000 X112.383 Y152.923
G1 F1500 X122.439 Y142.867 E3751.3486
G0 F9000 X122.439 Y142.301
G1 F1500 X112.398 Y152.342 E3751.8209
G0 F9000 X112.413 Y151.762
G1 F1500 X122.439 Y141.736 E3752.29249
G0 F9000 X122.439 Y141.17
G1 F1500 X112.427 Y151.181 E3752.7634
G0 F9000 X112.442 Y150.601
G1 F1500 X122.439 Y140.604 E3753.23363
G0 F9000 X122.439 Y140.038
G1 F1500 X112.457 Y150.02 E3753.70315
G0 F9000 X112.473 Y149.439
G1 F1500 X122.439 Y139.473 E3754.17192
G0 F9000 X122.439 Y138.907
G1 F1500 X112.487 Y148.858 E3754.64001
G0 F9000 X112.502 Y148.278
G1 F1500 X122.439 Y138.341 E3755.10742
G0 F9000 X122.439 Y137.776
G1 F1500 X112.517 Y147.697 E3755.57409
G0 F9000 X112.532 Y147.117
G1 F1500 X122.439 Y137.21 E3756.04009
G0 F9000 X122.439 Y136.644
G1 F1500 X112.548 Y146.535 E3756.50533
G0 F9000 X112.56 Y145.958
G1 F1500 X122.439 Y136.079 E3756.97001
G0 F9000 X122.439 Y135.513
G1 F1500 X112.56 Y145.392 E3757.43469
G0 F9000 X112.56 Y144.826
G1 F1500 X122.439 Y134.947 E3757.89936
G0 F9000 X122.439 Y134.382
G1 F1500 X112.56 Y144.261 E3758.36404
G0 F9000 X112.56 Y143.695
G1 F1500 X122.439 Y133.816 E3758.82872
G0 F9000 X122.439 Y133.25
G1 F1500 X112.56 Y143.129 E3759.2934
G0 F9000 X112.56 Y142.564
G1 F1500 X122.439 Y132.685 E3759.75807
G0 F9000 X122.439 Y132.119
G1 F1500 X112.56 Y141.998 E3760.22275
G0 F9000 X112.56 Y141.432
G1 F1500 X122.439 Y131.553 E3760.68743
G0 F9000 X122.439 Y130.987
G1 F1500 X112.56 Y140.866 E3761.15211
G0 F9000 X112.56 Y140.301
G1 F1500 X122.439 Y130.422 E3761.61679
G0 F9000 X122.439 Y129.856
G1 F1500 X112.56 Y139.735 E3762.08146
G0 F9000 X112.56 Y139.169
G1 F1500 X122.439 Y129.29 E3762.54614
G0 F9000 X122.439 Y128.725
G1 F1500 X112.56 Y138.604 E3763.01082
G0 F9000 X112.56 Y138.038
G1 F1500 X122.439 Y128.159 E3763.4755
G0 F9000 X122.439 Y127.593
G1 F1500 X112.56 Y137.472 E3763.94018
G0 F9000 X112.56 Y136.907
G1 F1500 X122.439 Y127.028 E3764.40485
G0 F9000 X122.439 Y126.462
G1 F1500 X112.56 Y136.341 E3764.86953
G0 F9000 X112.56 Y135.775
G1 F1500 X122.439 Y125.896 E3765.33421
G0 F9000 X122.439 Y125.331
G1 F1500 X112.56 Y135.21 E3765.79889
G0 F9000 X112.56 Y134.644
G1 F1500 X122.439 Y124.765 E3766.26356
G0 F9000 X122.439 Y124.199
G1 F1500 X112.56 Y134.078 E3766.72824
G0 F9000 X112.56 Y133.513
G1 F1500 X122.439 Y123.634 E3767.19292
G0 F9000 X122.439 Y123.068
G1 F1500 X112.56 Y132.947 E3767.6576
G0 F9000 X112.56 Y132.381
G1 F1500 X122.439 Y122.502 E3768.12228
G0 F9000 X122.439 Y121.937
G1 F1500 X112.56 Y131.816 E3768.58695
G0 F9000 X112.56 Y131.25
G1 F1500 X122.439 Y121.371 E3769.05163
G0 F9000 X122.439 Y120.805
G1 F1500 X112.56 Y130.684 E3769.51631
G0 F9000 X112.56 Y130.118
G1 F1500 X122.439 Y120.239 E3769.98099
G0 F9000 X122.439 Y119.674
G1 F1500 X112.56 Y129.553 E3770.44567
G0 F9000 X112.56 Y128.987
G1 F1500 X122.439 Y119.108 E3770.91034
G0 F9000 X122.439 Y118.542
G1 F1500 X112.56 Y128.421 E3771.37502
G0 F9000 X112.56 Y127.856
G1 F1500 X122.439 Y117.977 E3771.8397
G0 F9000 X122.439 Y117.411
G1 F1500 X112.56 Y127.29 E3772.30438
G0 F9000 X112.56 Y126.724
G1 F1500 X122.439 Y116.845 E3772.76905
G0 F9000 X122.439 Y116.28
G1 F1500 X112.56 Y126.159 E3773.23373
G0 F9000 X112.56 Y125.593
G1 F1500 X122.439 Y115.714 E3773.69841
G0 F9000 X122.439 Y115.148
G1 F1500 X112.56 Y125.027 E3774.16309
G0 F9000 X112.56 Y124.462
G1 F1500 X122.439 Y114.583 E3774.62777
G0 F9000 X122.439 Y114.017
G1 F1500 X112.56 Y123.896 E3775.09244
G0 F9000 X112.56 Y123.33
G1 F1500 X122.439 Y113.451 E3775.55712
G0 F9000 X122.439 Y112.886
G1 F1500 X112.56 Y122.765 E3776.0218
G0 F9000 X112.56 Y122.199
G1 F1500 X122.439 Y112.32 E3776.48648
G0 F9000 X122.439 Y111.754
G1 F1500 X112.56 Y121.633 E3776.95116
G0 F9000 X112.56 Y121.067
G1 F1500 X122.439 Y111.189 E3777.41581
G0 F9000 X122.439 Y110.623
G1 F1500 X112.56 Y120.502 E3777.88049
G0 F9000 X112.56 Y119.936
G1 F1500 X122.439 Y110.057 E3778.34517
G0 F9000 X122.439 Y109.491
G1 F1500 X112.56 Y119.37 E3778.80984
G0 F9000 X112.56 Y118.805
G1 F1500 X122.439 Y108.926 E3779.27452
G0 F9000 X122.439 Y108.36
G1 F1500 X112.56 Y118.239 E3779.7392
G0 F9000 X112.56 Y117.673
G1 F1500 X122.439 Y107.794 E3780.20388
G0 F9000 X122.439 Y107.229
G1 F1500 X112.56 Y117.108 E3780.66856
G0 F9000 X112.56 Y116.542
G1 F1500 X122.439 Y106.663 E3781.13323
G0 F9000 X122.439 Y106.097
G1 F1500 X112.56 Y115.976 E3781.59791
G0 F9000 X112.56 Y115.411
G1 F1500 X122.439 Y105.532 E3782.06259
G0 F9000 X122.439 Y104.966
G1 F1500 X112.56 Y114.845 E3782.52727
G0 F9000 X112.56 Y114.279
G1 F1500 X122.439 Y104.4 E3782.99194
G0 F9000 X122.439 Y103.835
G1 F1500 X112.56 Y113.714 E3783.45662
G0 F9000 X112.56 Y113.148
G1 F1500 X122.439 Y103.269 E3783.9213
G0 F9000 X122.439 Y102.703
G1 F1500 X112.56 Y112.582 E3784.38598
G0 F9000 X112.56 Y112.017
G1 F1500 X122.439 Y102.138 E3784.85066
G0 F9000 X122.439 Y101.572
G1 F1500 X112.56 Y111.451 E3785.31533
G0 F9000 X112.56 Y110.885
G1 F1500 X122.439 Y101.006 E3785.78001
G0 F9000 X122.439 Y100.44
G1 F1500 X112.56 Y110.319 E3786.24469
G0 F9000 X112.56 Y109.754
G1 F1500 X122.439 Y99.875 E3786.70937
G0 F9000 X122.439 Y99.309
G1 F1500 X112.56 Y109.188 E3787.17405
G0 F9000 X112.56 Y108.622
G1 F1500 X122.439 Y98.743 E3787.63872
G0 F9000 X122.439 Y98.178
G1 F1500 X112.56 Y108.057 E3788.1034
G0 F9000 X112.56 Y107.491
G1 F1500 X122.439 Y97.612 E3788.56808
G0 F9000 X122.439 Y97.046
G1 F1500 X112.56 Y106.925 E3789.03276
G0 F9000 X112.56 Y106.36
G1 F1500 X122.439 Y96.481 E3789.49743
G0 F9000 X122.439 Y95.915
G1 F1500 X112.56 Y105.794 E3789.96211
G0 F9000 X112.56 Y105.228
G1 F1500 X122.439 Y95.349 E3790.42679
G0 F9000 X122.439 Y94.784
G1 F1500 X112.56 Y104.663 E3790.89147
G0 F9000 X112.56 Y104.097
G1 F1500 X122.439 Y94.218 E3791.35615
G0 F9000 X122.439 Y93.652
G1 F1500 X112.56 Y103.531 E3791.82082
G0 F9000 X112.56 Y102.966
G1 F1500 X122.439 Y93.087 E3792.2855
G0 F9000 X122.439 Y92.521
G1 F1500 X112.56 Y102.4 E3792.75018
G0 F9000 X112.56 Y101.834
G1 F1500 X122.439 Y91.955 E3793.21486
G0 F9000 X122.439 Y91.39
G1 F1500 X112.56 Y101.269 E3793.67954
G0 F9000 X112.56 Y100.703
G1 F1500 X122.439 Y90.824 E3794.14421
G0 F9000 X122.439 Y90.258
G1 F1500 X112.56 Y100.137 E3794.60889
G0 F9000 X112.56 Y99.571
G1 F1500 X122.439 Y89.692 E3795.07357
G0 F9000 X122.439 Y89.127
G1 F1500 X112.56 Y99.006 E3795.53825
G0 F9000 X112.56 Y98.44
G1 F1500 X122.448 Y88.551 E3796.00337
G0 F9000 X122.463 Y87.971
G1 F1500 X112.56 Y97.874 E3796.46918
G0 F9000 X112.56 Y97.309
G1 F1500 X122.479 Y87.389 E3796.93576
G0 F9000 X122.494 Y86.809
G1 F1500 X112.56 Y96.743 E3797.40303
G0 F9000 X112.56 Y96.177
G1 F1500 X122.509 Y86.228 E3797.871
G0 F9000 X122.523 Y85.648
G1 F1500 X112.56 Y95.612 E3798.33965
G0 F9000 X112.56 Y95.046
G1 F1500 X122.538 Y85.067 E3798.80901
G0 F9000 X122.553 Y84.487
G1 F1500 X112.56 Y94.48 E3799.27905
G0 F9000 X112.56 Y93.915
G1 F1500 X122.569 Y83.905 E3799.74986
G0 F9000 X122.584 Y83.325
G1 F1500 X112.56 Y93.349 E3800.22136
G0 F9000 X112.56 Y92.783
G1 F1500 X122.598 Y82.744 E3800.69354
G0 F9000 X122.613 Y82.164
G1 F1500 X112.56 Y92.218 E3801.16643
G0 F9000 X112.56 Y91.652
G1 F1500 X122.633 Y81.578 E3801.64025
G0 F9000 X122.68 Y80.965
G1 F1500 X112.56 Y91.086 E3802.11629
G0 F9000 X112.56 Y90.52
G1 F1500 X122.728 Y80.352 E3802.59456
G0 F9000 X122.775 Y79.739
G1 F1500 X112.56 Y89.955 E3803.07507
G0 F9000 X112.56 Y89.389
G1 F1500 X122.823 Y79.126 E3803.55781
G0 F9000 X122.87 Y78.513
G1 F1500 X112.556 Y88.827 E3804.04295
G0 F9000 X112.541 Y88.276
G1 F1500 X122.917 Y77.9 E3804.531
G0 F9000 X122.965 Y77.287
G1 F1500 X112.527 Y87.725 E3805.02197
G0 F9000 X112.513 Y87.173
G1 F1500 X123.012 Y76.674 E3805.51582
G0 F9000 X123.06 Y76.06
G1 F1500 X112.498 Y86.622 E3806.01262
G0 F9000 X112.484 Y86.071
G1 F1500 X123.107 Y75.447 E3806.51232
G0 F9000 X123.155 Y74.834
G1 F1500 X112.47 Y85.519 E3807.01491
G0 F9000 X112.455 Y84.968
G1 F1500 X123.204 Y74.22 E3807.52048
G0 F9000 X123.288 Y73.57
G1 F1500 X112.441 Y84.417 E3808.03069
G0 F9000 X112.427 Y83.865
G1 F1500 X123.371 Y72.921 E3808.54546
G0 F9000 X123.455 Y72.271
G1 F1500 X112.412 Y83.314 E3809.06489
G0 F9000 X112.398 Y82.763
G1 F1500 X123.54 Y71.621 E3809.58898
G0 F9000 X123.624 Y70.971
G1 F1500 X112.384 Y82.211 E3810.11767
G0 F9000 X112.369 Y81.66
G1 F1500 X123.708 Y70.321 E3810.65103
G0 F9000 X123.792 Y69.671
G1 F1500 X112.332 Y81.132 E3811.19009
G0 F9000 X112.292 Y80.606
G1 F1500 X123.876 Y69.022 E3811.73497
G0 F9000 X123.96 Y68.372
G1 F1500 X112.251 Y80.081 E3812.28572
G0 F9000 X112.21 Y79.557
G1 F1500 X124.044 Y67.723 E3812.84236
G0 F9000 X124.128 Y67.073
G1 F1500 X112.169 Y79.031 E3813.40485
G0 F9000 X112.128 Y78.507
G1 F1500 X124.247 Y66.388 E3813.97489
G0 F9000 X124.373 Y65.696
G1 F1500 X112.088 Y77.981 E3814.55274
G0 F9000 X112.047 Y77.457
G1 F1500 X124.499 Y65.005 E3815.13844
G0 F9000 X124.625 Y64.313
G1 F1500 X112.006 Y76.932 E3815.732
G0 F9000 X111.966 Y76.407
G1 F1500 X124.751 Y63.621 E3816.33339
G0 F9000 X124.877 Y62.93
G1 F1500 X111.925 Y75.882 E3816.94262
G0 F9000 X111.884 Y75.357
G1 F1500 X125.003 Y62.238 E3817.55969
G0 F9000 X125.129 Y61.546
G1 F1500 X111.843 Y74.832 E3818.18463
G0 F9000 X111.802 Y74.307
G1 F1500 X125.255 Y60.855 E3818.81739
G0 F9000 X125.381 Y60.163
G1 F1500 X111.741 Y73.802 E3819.45895
G0 F9000 X111.676 Y73.302
G1 F1500 X125.437 Y59.541 E3820.10623
G0 F9000 X125.437 Y58.975
G1 F1500 X111.611 Y72.801 E3820.75656
G0 F9000 X111.547 Y72.3
G1 F1500 X125.437 Y58.409 E3821.40992
G0 F9000 X125.437 Y57.844
G1 F1500 X111.482 Y71.799 E3822.06633
G0 F9000 X111.417 Y71.298
G1 F1500 X125.437 Y57.278 E3822.72578
G0 F9000 X125.437 Y56.712
G1 F1500 X111.352 Y70.798 E3823.38832
G0 F9000 X111.287 Y70.297
G1 F1500 X125.437 Y56.147 E3824.05389
G0 F9000 X125.437 Y55.581
G1 F1500 X111.222 Y69.796 E3824.72252
G0 F9000 X111.157 Y69.295
G1 F1500 X125.437 Y55.015 E3825.39421
G0 F9000 X125.437 Y54.45
G1 F1500 X111.092 Y68.795 E3826.06896
G0 F9000 X111.027 Y68.294
G1 F1500 X125.437 Y53.884 E3826.74676
G0 F9000 X125.437 Y53.318
G1 F1500 X110.962 Y67.793 E3827.42762
G0 F9000 X110.898 Y67.292
G1 F1500 X125.437 Y52.752 E3828.11151
G0 F9000 X125.437 Y52.187
G1 F1500 X110.826 Y66.798 E3828.79877
G0 F9000 X110.739 Y66.32
G1 F1500 X125.437 Y51.621 E3829.49014
G0 F9000 X125.437 Y51.055
G1 F1500 X110.651 Y65.842 E3830.18565
G0 F9000 X110.564 Y65.363
G1 F1500 X125.437 Y50.49 E3830.88523
G0 F9000 X125.437 Y49.924
G1 F1500 X110.476 Y64.885 E3831.58895
G0 F9000 X110.389 Y64.406
G1 F1500 X125.437 Y49.358 E3832.29676
G0 F9000 X125.437 Y48.793
G1 F1500 X110.303 Y63.928 E3833.00864
G0 F9000 X110.215 Y63.45
G1 F1500 X125.437 Y48.227 E3833.72466
G0 F9000 X125.437 Y47.661
G1 F1500 X110.128 Y62.971 E3834.44478
G0 F9000 X110.04 Y62.493
G1 F1500 X125.437 Y47.096 E3835.169
G0 F9000 X125.437 Y46.53
G1 F1500 X109.953 Y62.014 E3835.89732
G0 F9000 X109.866 Y61.535
G1 F1500 X125.437 Y45.964 E3836.62974
G0 F9000 X125.437 Y45.399
G1 F1500 X109.779 Y61.057 E3837.36624
G0 F9000 X109.692 Y60.579
G1 F1500 X125.437 Y44.833 E3838.10686
G0 F9000 X125.437 Y44.267
G1 F1500 X109.605 Y60.1 E3838.85157
G0 F9000 X109.56 Y59.579
G1 F1500 X125.437 Y43.702 E3839.59838
G0 F9000 X125.437 Y43.136
G1 F1500 X109.56 Y59.013 E3840.34518
G0 F9000 X109.56 Y58.448
G1 F1500 X125.437 Y42.57 E3841.09201
G0 F9000 X125.437 Y42.004
G1 F1500 X109.56 Y57.882 E3841.83884
G0 F9000 X109.56 Y57.316
G1 F1500 X125.437 Y41.439 E3842.58565
G0 F9000 X125.437 Y40.873
G1 F1500 X109.56 Y56.75 E3843.33245
G0 F9000 X109.56 Y56.185
G1 F1500 X125.437 Y40.307 E3844.07928
G0 F9000 X125.437 Y39.742
G1 F1500 X109.56 Y55.619 E3844.82609
G0 F9000 X109.56 Y55.053
G1 F1500 X125.437 Y39.176 E3845.57289
G0 F9000 X125.437 Y38.61
G1 F1500 X109.56 Y54.488 E3846.31972
G0 F9000 X109.56 Y53.922
G1 F1500 X125.437 Y38.045 E3847.06653
G0 F9000 X125.437 Y37.479
G1 F1500 X109.56 Y53.356 E3847.81333
G0 F9000 X109.56 Y52.791
G1 F1500 X125.437 Y36.913 E3848.56016
G0 F9000 X125.225 Y36.56
G1 F1500 X109.56 Y52.225 E3849.29699
G0 F9000 X109.56 Y51.659
G1 F1500 X124.659 Y36.56 E3850.0072
G0 F9000 X124.093 Y36.56
G1 F1500 X109.56 Y51.094 E3850.69082
G0 F9000 X109.56 Y50.528
G1 F1500 X123.528 Y36.56 E3851.34783
G0 F9000 X122.962 Y36.56
G1 F1500 X109.56 Y49.962 E3851.97822
G0 F9000 X109.56 Y49.397
G1 F1500 X122.396 Y36.56 E3852.58201
G0 F9000 X121.83 Y36.56
G1 F1500 X109.56 Y48.831 E3853.15917
G0 F9000 X109.56 Y48.265
G1 F1500 X121.265 Y36.56 E3853.70974
G0 F9000 X120.699 Y36.56
G1 F1500 X109.56 Y47.7 E3854.23371
G0 F9000 X109.56 Y47.134
G1 F1500 X120.133 Y36.56 E3854.73105
G0 F9000 X119.568 Y36.56
G1 F1500 X109.56 Y46.568 E3855.2018
G0 F9000 X109.56 Y46.002
G1 F1500 X119.002 Y36.56 E3855.64592
G0 F9000 X118.436 Y36.56
G1 F1500 X109.56 Y45.437 E3856.06345
G0 F9000 X109.56 Y44.871
G1 F1500 X117.871 Y36.56 E3856.45437
G0 F9000 X117.305 Y36.56
G1 F1500 X109.56 Y44.305 E3856.81867
G0 F9000 X109.56 Y43.74
G1 F1500 X116.739 Y36.56 E3857.15637
G0 F9000 X116.174 Y36.56
G1 F1500 X109.56 Y43.174 E3857.46747
G0 F9000 X109.56 Y42.608
G1 F1500 X115.608 Y36.56 E3857.75195
G0 F9000 X115.042 Y36.56
G1 F1500 X109.56 Y42.043 E3858.00983
G0 F9000 X109.56 Y41.477
G1 F1500 X114.477 Y36.56 E3858.24111
G0 F9000 X113.911 Y36.56
G1 F1500 X109.56 Y40.911 E3858.44577
G0 F9000 X109.56 Y40.346
G1 F1500 X113.345 Y36.56 E3858.62383
G0 F9000 X112.779 Y36.56
G1 F1500 X109.56 Y39.78 E3858.77527
G0 F9000 X109.56 Y39.214
G1 F1500 X112.214 Y36.56 E3858.9001
G0 F9000 X111.648 Y36.56
G1 F1500 X109.56 Y38.649 E3858.99834
G0 F9000 X109.56 Y38.083
G1 F1500 X111.082 Y36.56 E3859.06995
G0 F9000 X110.517 Y36.56
G1 F1500 X109.56 Y37.517 E3859.11497
G0 F9000 X109.56 Y36.951
G1 F1500 X109.951 Y36.56 E3859.13336
G1 F2700 E3854.13336
;MESH:NONMESH
G0 F300 X109.951 Y36.56 Z3.8
G0 F9000 X109.951 Y36.1
G0 X109.172 Y36.172
G0 X109.162 Y59.896
G0 X111.083 Y74.337
G0 X111.65 Y81.659
G0 X111.839 Y88.99
G0 X111.839 Y146.01
G0 X111.65 Y153.341
G0 X111.083 Y160.663
G0 X110.14 Y167.947
G0 X109.149 Y173.192
G0 X109 Y199
;TIME_ELAPSED:5289.119522
;LAYER:18
;TYPE:WALL-INNER
;MESH:D638-22 Tensile.STL
G1 F2700 E3859.13336
G1 F1500 X126 Y199 E3859.69878
G1 X126 Y175.858 E3860.46849
G1 X126 Y175.089 E3860.49406
G1 X124.701 Y167.971 E3860.73472
G1 X123.754 Y160.654 E3860.98011
G1 X123.188 Y153.323 E3861.22467
G1 X123 Y146.027 E3861.46742
G1 X123 Y88.973 E3863.36504
G1 X123.19 Y81.624 E3863.60955
G1 X123.754 Y74.346 E3863.85234
G1 X124.701 Y67.027 E3864.0978
G1 X125.999 Y59.907 E3864.33852
G1 X126 Y36 E3865.13367
G1 X109 Y36 E3865.69909
G1 X109.001 Y59.911 E3866.49437
G1 X110.299 Y67.028 E3866.73499
G1 X111.246 Y74.345 E3866.98038
G1 X111.81 Y81.625 E3867.22324
G1 X112 Y88.973 E3867.46772
G1 X112 Y146.027 E3869.36534
G1 X111.812 Y153.324 E3869.60812
G1 X111.245 Y160.664 E3869.85298
G1 X110.299 Y167.972 E3870.09807
G1 X109 Y175.093 E3870.33883
G1 X109 Y199 E3871.13398
G1 F2700 E3866.13398
G0 F9000 X125.828 Y198.828
G0 X125.839 Y175.105
G0 X124.797 Y167.931
G1 F2700 E3871.13398
G0 F9000 X125.094 Y167.894
G1 F1500 X126.4 Y175.053 E3871.37602
G1 X126.4 Y175.858 E3871.40279
G1 X126.4 Y199.4 E3872.1858
G1 X108.6 Y199.4 E3872.77783
G1 X108.6 Y175.057 E3873.58748
G1 X109.906 Y167.896 E3873.82959
G1 X110.844 Y160.654 E3874.07247
G1 X111.411 Y153.345 E3874.3163
G1 X111.6 Y146.017 E3874.56011
G1 X111.6 Y88.983 E3876.45707
G1 X111.411 Y81.656 E3876.70085
G1 X110.847 Y74.376 E3876.94371
G1 X109.906 Y67.105 E3877.18756
G1 X108.601 Y59.947 E3877.42956
G1 X108.6 Y35.6 E3878.23934
G1 X126.4 Y35.6 E3878.83137
G1 X126.399 Y59.943 E3879.64102
G1 X125.094 Y67.104 E3879.88312
G1 X124.156 Y74.346 E3880.126
G1 X123.589 Y81.655 E3880.36983
G1 X123.4 Y88.983 E3880.61364
G1 X123.4 Y146.017 E3882.5106
G1 X123.589 Y153.343 E3882.75435
G1 X124.156 Y160.654 E3882.99824
G1 X125.094 Y167.894 E3883.24106
G1 F2700 E3878.24106
G0 F9000 X124.797 Y167.931
G0 X126.198 Y175.072
G0 X126.082 Y199.082
G0 X108.47 Y199.53
G1 F2700 E3883.24106
G0 F9000 X108.2 Y199.8
;TYPE:WALL-OUTER
G1 F1500 X126.8 Y199.8 E3883.8597
G1 X126.8 Y175.858 E3884.65601
G1 X126.8 Y175.017 E3884.68398
G1 X125.491 Y167.842 E3884.92656
G1 X124.552 Y160.592 E3885.16971
G1 X123.988 Y153.302 E3885.4129
G1 X123.8 Y146.007 E3885.65562
G1 X123.8 Y88.993 E3887.55191
G1 X123.988 Y81.686 E3887.79502
G1 X124.553 Y74.398 E3888.03815
G1 X125.493 Y67.146 E3888.28137
G1 X126.799 Y59.979 E3888.52367
G1 X126.8 Y35.2 E3889.34782
G1 X108.2 Y35.2 E3889.96646
G1 X108.201 Y59.983 E3890.79075
G1 X109.509 Y67.157 E3891.03329
G1 X110.448 Y74.407 E3891.27644
G1 X111.012 Y81.697 E3891.51963
G1 X111.2 Y88.993 E3891.76238
G1 X111.2 Y146.007 E3893.65867
G1 X111.012 Y153.314 E3893.90178
G1 X110.447 Y160.602 E3894.14491
G1 X109.507 Y167.854 E3894.38813
G1 X108.2 Y175.021 E3894.63044
G1 X108.2 Y199.8 E3895.45459
G0 F9000 X108.47 Y199.53
G0 X109.1 Y198.64
G0 X109.36 Y198.64
;TYPE:SKIN
G1 F1500 X125.64 Y198.64 E3895.99607
G1 X125.64 Y175.858 E3896.7538
G1 X125.64 Y175.122 E3896.77828
G1 X124.341 Y168.004 E3897.01893
G1 X123.401 Y160.741 E3897.26252
G1 X122.831 Y153.391 E3897.50771
G1 X122.64 Y146.04 E3897.75229
G1 X122.64 Y88.961 E3899.65075
G1 X122.828 Y81.657 E3899.89376
G1 X123.402 Y74.247 E3900.14095
G1 X124.343 Y66.983 E3900.38457
G1 X125.639 Y59.872 E3900.62498
G1 X125.639 Y36.361 E3901.40696
G1 X109.361 Y36.361 E3901.94837
G1 X109.361 Y59.879 E3902.73058
G1 X110.659 Y66.995 E3902.97117
G1 X111.599 Y74.258 E3903.21475
G1 X112.169 Y81.606 E3903.45988
G1 X112.36 Y88.961 E3903.70459
G1 X112.36 Y146.04 E3905.60305
G1 X112.172 Y153.343 E3905.84602
G1 X111.598 Y160.752 E3906.09319
G1 X110.657 Y168.017 E3906.33684
G1 X109.36 Y175.128 E3906.57726
G1 X109.36 Y198.64 E3907.35927
G0 F9000 X109.559 Y198.372
G1 F1500 X109.626 Y198.438 E3907.3624
G0 F9000 X110.191 Y198.438
G1 F1500 X109.559 Y197.806 E3907.39212
G0 F9000 X109.559 Y197.241
G1 F1500 X110.757 Y198.438 E3907.44845
G0 F9000 X111.323 Y198.438
G1 F1500 X109.559 Y196.675 E3907.5314
G0 F9000 X109.559 Y196.109
G1 F1500 X111.889 Y198.438 E3907.64097
G0 F9000 X112.454 Y198.438
G1 F1500 X109.559 Y195.544 E3907.77712
G0 F9000 X109.559 Y194.978
G1 F1500 X113.02 Y198.438 E3907.93989
G0 F9000 X113.586 Y198.438
G1 F1500 X109.559 Y194.412 E3908.12929
G0 F9000 X109.559 Y193.846
G1 F1500 X114.151 Y198.438 E3908.34528
G0 F9000 X114.717 Y198.438
G1 F1500 X109.559 Y193.281 E3908.58787
G0 F9000 X109.559 Y192.715
G1 F1500 X115.283 Y198.438 E3908.85709
G0 F9000 X115.848 Y198.438
G1 F1500 X109.559 Y192.149 E3909.1529
G0 F9000 X109.559 Y191.584
G1 F1500 X116.414 Y198.438 E3909.47532
G0 F9000 X116.98 Y198.438
G1 F1500 X109.559 Y191.018 E3909.82436
G0 F9000 X109.559 Y190.452
G1 F1500 X117.545 Y198.438 E3910.19999
G0 F9000 X118.111 Y198.438
G1 F1500 X109.559 Y189.887 E3910.60223
G0 F9000 X109.559 Y189.321
G1 F1500 X118.677 Y198.438 E3911.03109
G0 F9000 X119.242 Y198.438
G1 F1500 X109.559 Y188.755 E3911.48655
G0 F9000 X109.559 Y188.19
G1 F1500 X119.808 Y198.438 E3911.96861
G0 F9000 X120.374 Y198.438
G1 F1500 X109.559 Y187.624 E3912.47729
G0 F9000 X109.559 Y187.058
G1 F1500 X120.94 Y198.438 E3913.01259
G0 F9000 X121.505 Y198.438
G1 F1500 X109.559 Y186.493 E3913.57447
G0 F9000 X109.559 Y185.927
G1 F1500 X122.071 Y198.438 E3914.16297
G0 F9000 X122.637 Y198.438
G1 F1500 X109.559 Y185.361 E3914.7781
G0 F9000 X109.559 Y184.795
G1 F1500 X123.202 Y198.438 E3915.41982
G0 F9000 X123.768 Y198.438
G1 F1500 X109.559 Y184.23 E3916.08815
G0 F9000 X109.559 Y183.664
G1 F1500 X124.334 Y198.438 E3916.78309
G0 F9000 X124.899 Y198.438
G1 F1500 X109.559 Y183.098 E3917.50464
G0 F9000 X109.559 Y182.533
G1 F1500 X125.44 Y198.413 E3918.25161
G0 F9000 X125.44 Y197.847
G1 F1500 X109.559 Y181.967 E3918.99858
G0 F9000 X109.559 Y181.401
G1 F1500 X125.44 Y197.282 E3919.74557
G0 F9000 X125.44 Y196.716
G1 F1500 X109.559 Y180.836 E3920.49254
G0 F9000 X109.559 Y180.27
G1 F1500 X125.44 Y196.15 E3921.23951
G0 F9000 X125.44 Y195.585
G1 F1500 X109.559 Y179.704 E3921.98651
G0 F9000 X109.559 Y179.139
G1 F1500 X125.44 Y195.019 E3922.73348
G0 F9000 X125.44 Y194.453
G1 F1500 X109.559 Y178.573 E3923.48045
G0 F9000 X109.559 Y178.007
G1 F1500 X125.44 Y193.887 E3924.22742
G0 F9000 X125.44 Y193.322
G1 F1500 X109.559 Y177.442 E3924.97439
G0 F9000 X109.559 Y176.876
G1 F1500 X125.44 Y192.756 E3925.72136
G0 F9000 X125.44 Y192.19
G1 F1500 X109.559 Y176.31 E3926.46833
G0 F9000 X109.559 Y175.745
G1 F1500 X125.44 Y191.625 E3927.2153
G0 F9000 X125.44 Y191.059
G1 F1500 X109.559 Y175.179 E3927.96227
G0 F9000 X109.641 Y174.695
G1 F1500 X125.44 Y190.493 E3928.70538
G0 F9000 X125.44 Y189.928
G1 F1500 X109.728 Y174.216 E3929.44443
G0 F9000 X109.815 Y173.738
G1 F1500 X125.44 Y189.362 E3930.17935
G0 F9000 X125.44 Y188.796
G1 F1500 X109.903 Y173.26 E3930.91014
G0 F9000 X109.99 Y172.781
G1 F1500 X125.44 Y188.231 E3931.63686
G0 F9000 X125.44 Y187.665
G1 F1500 X110.078 Y172.303 E3932.35945
G0 F9000 X110.165 Y171.824
G1 F1500 X125.44 Y187.099 E3933.07793
G0 F9000 X125.44 Y186.534
G1 F1500 X110.252 Y171.346 E3933.79233
G0 F9000 X110.339 Y170.868
G1 F1500 X125.44 Y185.968 E3934.50261
G0 F9000 X125.44 Y185.402
G1 F1500 X110.426 Y170.389 E3935.2088
G0 F9000 X110.514 Y169.911
G1 F1500 X125.44 Y184.837 E3935.91088
G0 F9000 X125.44 Y184.271
G1 F1500 X110.601 Y169.432 E3936.60886
G0 F9000 X110.689 Y168.954
G1 F1500 X125.44 Y183.705 E3937.3027
G0 F9000 X125.44 Y183.139
G1 F1500 X110.776 Y168.475 E3937.99245
G0 F9000 X110.861 Y167.995
G1 F1500 X125.44 Y182.574 E3938.6782
G0 F9000 X125.44 Y182.008
G1 F1500 X110.926 Y167.495 E3939.36087
G0 F9000 X110.991 Y166.993
G1 F1500 X125.44 Y181.442 E3940.04051
G0 F9000 X125.44 Y180.877
G1 F1500 X111.056 Y166.493 E3940.71709
G0 F9000 X111.12 Y165.991
G1 F1500 X125.44 Y180.311 E3941.39065
G0 F9000 X125.44 Y179.745
G1 F1500 X111.185 Y165.491 E3942.06114
G0 F9000 X111.25 Y164.99
G1 F1500 X125.44 Y179.18 E3942.7286
G0 F9000 X125.44 Y178.614
G1 F1500 X111.314 Y164.489 E3943.39302
G0 F9000 X111.379 Y163.988
G1 F1500 X125.44 Y178.048 E3944.05438
G0 F9000 X125.44 Y177.483
G1 F1500 X111.444 Y163.487 E3944.71271
G0 F9000 X111.509 Y162.986
G1 F1500 X125.44 Y176.917 E3945.36798
G0 F9000 X125.44 Y176.351
G1 F1500 X111.573 Y162.485 E3946.02022
G0 F9000 X111.638 Y161.984
G1 F1500 X125.44 Y175.786 E3946.66942
G0 F9000 X125.44 Y175.22
G1 F1500 X111.703 Y161.484 E3947.31554
G0 F9000 X111.768 Y160.982
G1 F1500 X125.331 Y174.546 E3947.95353
G0 F9000 X125.205 Y173.854
G1 F1500 X111.819 Y160.468 E3948.58317
G0 F9000 X111.86 Y159.943
G1 F1500 X125.079 Y173.162 E3949.20495
G0 F9000 X124.953 Y172.471
G1 F1500 X111.901 Y159.418 E3949.8189
G0 F9000 X111.941 Y158.893
G1 F1500 X124.826 Y171.778 E3950.42497
G0 F9000 X124.7 Y171.086
G1 F1500 X111.982 Y158.368 E3951.02318
G0 F9000 X112.022 Y157.843
G1 F1500 X124.574 Y170.395 E3951.61359
G0 F9000 X124.447 Y169.702
G1 F1500 X112.063 Y157.318 E3952.1961
G0 F9000 X112.104 Y156.793
G1 F1500 X124.322 Y169.011 E3952.77079
G0 F9000 X124.195 Y168.318
G1 F1500 X112.145 Y156.268 E3953.33759
G0 F9000 X112.185 Y155.743
G1 F1500 X124.095 Y167.652 E3953.89778
G0 F9000 X124.01 Y167.003
G1 F1500 X112.226 Y155.218 E3954.45208
G0 F9000 X112.266 Y154.693
G1 F1500 X123.926 Y166.353 E3955.00053
G0 F9000 X123.841 Y165.702
G1 F1500 X112.307 Y154.168 E3955.54306
G0 F9000 X112.347 Y153.642
G1 F1500 X123.757 Y165.052 E3956.07975
G0 F9000 X123.673 Y164.403
G1 F1500 X112.377 Y153.107 E3956.61108
G0 F9000 X112.391 Y152.555
G1 F1500 X123.589 Y163.753 E3957.1378
G0 F9000 X123.505 Y163.103
G1 F1500 X112.405 Y152.003 E3957.65991
G0 F9000 X112.42 Y151.452
G1 F1500 X123.421 Y162.453 E3958.17736
G0 F9000 X123.337 Y161.803
G1 F1500 X112.434 Y150.9 E3958.6902
G0 F9000 X112.448 Y150.349
G1 F1500 X123.252 Y161.153 E3959.19839
G0 F9000 X123.183 Y160.518
G1 F1500 X112.463 Y149.798 E3959.70263
G0 F9000 X112.477 Y149.246
G1 F1500 X123.136 Y159.905 E3960.20399
G0 F9000 X123.088 Y159.292
G1 F1500 X112.491 Y148.695 E3960.70244
G0 F9000 X112.505 Y148.143
G1 F1500 X123.04 Y158.679 E3961.198
G0 F9000 X122.993 Y158.065
G1 F1500 X112.519 Y147.592 E3961.69064
G0 F9000 X112.533 Y147.04
G1 F1500 X122.946 Y157.452 E3962.18041
G0 F9000 X122.897 Y156.839
G1 F1500 X112.548 Y146.489 E3962.66722
G0 F9000 X112.559 Y145.934
G1 F1500 X122.85 Y156.226 E3963.1513
G0 F9000 X122.803 Y155.612
G1 F1500 X112.559 Y145.369 E3963.63313
G0 F9000 X112.559 Y144.803
G1 F1500 X122.755 Y154.999 E3964.11272
G0 F9000 X122.707 Y154.386
G1 F1500 X112.559 Y144.237 E3964.59007
G0 F9000 X112.559 Y143.672
G1 F1500 X122.66 Y153.773 E3965.06519
G0 F9000 X122.626 Y153.173
G1 F1500 X112.559 Y143.106 E3965.53871
G0 F9000 X112.559 Y142.54
G1 F1500 X122.61 Y152.592 E3966.0115
G0 F9000 X122.596 Y152.011
G1 F1500 X112.559 Y141.975 E3966.48359
G0 F9000 X112.559 Y141.409
G1 F1500 X122.58 Y151.43 E3966.95495
G0 F9000 X122.565 Y150.849
G1 F1500 X112.559 Y140.843 E3967.4256
G0 F9000 X112.559 Y140.277
G1 F1500 X122.55 Y150.268 E3967.89554
G0 F9000 X122.535 Y149.688
G1 F1500 X112.559 Y139.712 E3968.36478
G0 F9000 X112.559 Y139.146
G1 F1500 X122.52 Y149.107 E3968.83332
G0 F9000 X122.504 Y148.526
G1 F1500 X112.559 Y138.58 E3969.30112
G0 F9000 X112.559 Y138.015
G1 F1500 X122.489 Y147.945 E3969.7682
G0 F9000 X122.474 Y147.364
G1 F1500 X112.559 Y137.449 E3970.23457
G0 F9000 X112.559 Y136.883
G1 F1500 X122.459 Y146.784 E3970.70026
G0 F9000 X122.444 Y146.202
G1 F1500 X112.559 Y136.318 E3971.1652
G0 F9000 X112.559 Y135.752
G1 F1500 X122.439 Y145.632 E3971.62992
G0 F9000 X122.439 Y145.067
G1 F1500 X112.559 Y135.186 E3972.09467
G0 F9000 X112.559 Y134.621
G1 F1500 X122.439 Y144.501 E3972.5594
G0 F9000 X122.439 Y143.935
G1 F1500 X112.559 Y134.055 E3973.02412
G0 F9000 X112.559 Y133.489
G1 F1500 X122.439 Y143.37 E3973.48887
G0 F9000 X122.439 Y142.804
G1 F1500 X112.559 Y132.924 E3973.95359
G0 F9000 X112.559 Y132.358
G1 F1500 X122.439 Y142.238 E3974.41832
G0 F9000 X122.439 Y141.673
G1 F1500 X112.559 Y131.792 E3974.88307
G0 F9000 X112.559 Y131.226
G1 F1500 X122.439 Y141.107 E3975.34782
G0 F9000 X122.439 Y140.541
G1 F1500 X112.559 Y130.661 E3975.81254
G0 F9000 X112.559 Y130.095
G1 F1500 X122.439 Y139.976 E3976.27729
G0 F9000 X122.439 Y139.41
G1 F1500 X112.559 Y129.529 E3976.74204
G0 F9000 X112.559 Y128.964
G1 F1500 X122.439 Y138.844 E3977.20676
G0 F9000 X122.439 Y138.278
G1 F1500 X112.559 Y128.398 E3977.67149
G0 F9000 X112.559 Y127.832
G1 F1500 X122.439 Y137.713 E3978.13624
G0 F9000 X122.439 Y137.147
G1 F1500 X112.559 Y127.267 E3978.60096
G0 F9000 X112.559 Y126.701
G1 F1500 X122.439 Y136.581 E3979.06569
G0 F9000 X122.439 Y136.016
G1 F1500 X112.559 Y126.135 E3979.53043
G0 F9000 X112.559 Y125.57
G1 F1500 X122.439 Y135.45 E3979.99516
G0 F9000 X122.439 Y134.884
G1 F1500 X112.559 Y125.004 E3980.45988
G0 F9000 X112.559 Y124.438
G1 F1500 X122.439 Y134.319 E3980.92463
G0 F9000 X122.439 Y133.753
G1 F1500 X112.559 Y123.873 E3981.38936
G0 F9000 X112.559 Y123.307
G1 F1500 X122.439 Y133.187 E3981.85408
G0 F9000 X122.439 Y132.622
G1 F1500 X112.559 Y122.741 E3982.31883
G0 F9000 X112.559 Y122.176
G1 F1500 X122.439 Y132.056 E3982.78356
G0 F9000 X122.439 Y131.49
G1 F1500 X112.559 Y121.61 E3983.24828
G0 F9000 X112.559 Y121.044
G1 F1500 X122.439 Y130.925 E3983.71303
G0 F9000 X122.439 Y130.359
G1 F1500 X112.559 Y120.478 E3984.17778
G0 F9000 X112.559 Y119.913
G1 F1500 X122.439 Y129.793 E3984.6425
G0 F9000 X122.439 Y129.228
G1 F1500 X112.559 Y119.347 E3985.10725
G0 F9000 X112.559 Y118.781
G1 F1500 X122.439 Y128.662 E3985.572
G0 F9000 X122.439 Y128.096
G1 F1500 X112.559 Y118.216 E3986.03672
G0 F9000 X112.559 Y117.65
G1 F1500 X122.439 Y127.53 E3986.50145
G0 F9000 X122.439 Y126.965
G1 F1500 X112.559 Y117.084 E3986.9662
G0 F9000 X112.559 Y116.519
G1 F1500 X122.439 Y126.399 E3987.43092
G0 F9000 X122.439 Y125.833
G1 F1500 X112.559 Y115.953 E3987.89565
G0 F9000 X112.559 Y115.387
G1 F1500 X122.439 Y125.268 E3988.3604
G0 F9000 X122.439 Y124.702
G1 F1500 X112.559 Y114.822 E3988.82512
G0 F9000 X112.559 Y114.256
G1 F1500 X122.439 Y124.136 E3989.28985
G0 F9000 X122.439 Y123.571
G1 F1500 X112.559 Y113.69 E3989.75459
G0 F9000 X112.559 Y113.125
G1 F1500 X122.439 Y123.005 E3990.21932
G0 F9000 X122.439 Y122.439
G1 F1500 X112.559 Y112.559 E3990.68404
G0 F9000 X112.559 Y111.993
G1 F1500 X122.439 Y121.874 E3991.14879
G0 F9000 X122.439 Y121.308
G1 F1500 X112.559 Y111.428 E3991.61352
G0 F9000 X112.559 Y110.862
G1 F1500 X122.439 Y120.742 E3992.07824
G0 F9000 X122.439 Y120.177
G1 F1500 X112.559 Y110.296 E3992.54299
G0 F9000 X112.559 Y109.73
G1 F1500 X122.439 Y119.611 E3993.00774
G0 F9000 X122.439 Y119.045
G1 F1500 X112.559 Y109.165 E3993.47246
G0 F9000 X112.559 Y108.599
G1 F1500 X122.439 Y118.479 E3993.93719
G0 F9000 X122.439 Y117.914
G1 F1500 X112.559 Y108.033 E3994.40194
G0 F9000 X112.559 Y107.468
G1 F1500 X122.439 Y117.348 E3994.86666
G0 F9000 X122.439 Y116.782
G1 F1500 X112.559 Y106.902 E3995.33139
G0 F9000 X112.559 Y106.336
G1 F1500 X122.439 Y116.217 E3995.79614
G0 F9000 X122.439 Y115.651
G1 F1500 X112.559 Y105.771 E3996.26086
G0 F9000 X112.559 Y105.205
G1 F1500 X122.439 Y115.085 E3996.72559
G0 F9000 X122.439 Y114.52
G1 F1500 X112.559 Y104.639 E3997.19033
G0 F9000 X112.559 Y104.074
G1 F1500 X122.439 Y113.954 E3997.65506
G0 F9000 X122.439 Y113.388
G1 F1500 X112.559 Y103.508 E3998.11978
G0 F9000 X112.559 Y102.942
G1 F1500 X122.439 Y112.823 E3998.58453
G0 F9000 X122.439 Y112.257
G1 F1500 X112.559 Y102.377 E3999.04926
G0 F9000 X112.559 Y101.811
G1 F1500 X122.439 Y111.691 E3999.51398
G0 F9000 X122.439 Y111.126
G1 F1500 X112.559 Y101.245 E3999.97873
G0 F9000 X112.559 Y100.679
G1 F1500 X122.439 Y110.56 E4000.44348
G0 F9000 X122.439 Y109.994
G1 F1500 X112.559 Y100.114 E4000.9082
G0 F9000 X112.559 Y99.548
G1 F1500 X122.439 Y109.429 E4001.37295
G0 F9000 X122.439 Y108.863
G1 F1500 X112.559 Y98.982 E4001.8377
G0 F9000 X112.559 Y98.417
G1 F1500 X122.439 Y108.297 E4002.30243
G0 F9000 X122.439 Y107.731
G1 F1500 X112.559 Y97.851 E4002.76715
G0 F9000 X112.559 Y97.285
G1 F1500 X122.439 Y107.166 E4003.2319
G0 F9000 X122.439 Y106.6
G1 F1500 X112.559 Y96.72 E4003.69662
G0 F9000 X112.559 Y96.154
G1 F1500 X122.439 Y106.034 E4004.16135
G0 F9000 X122.439 Y105.469
G1 F1500 X112.559 Y95.588 E4004.6261
G0 F9000 X112.559 Y95.023
G1 F1500 X122.439 Y104.903 E4005.09082
G0 F9000 X122.439 Y104.337
G1 F1500 X112.559 Y94.457 E4005.55555
G0 F9000 X112.559 Y93.891
G1 F1500 X122.439 Y103.772 E4006.0203
G0 F9000 X122.439 Y103.206
G1 F1500 X112.559 Y93.326 E4006.48502
G0 F9000 X112.559 Y92.76
G1 F1500 X122.439 Y102.64 E4006.94975
G0 F9000 X122.439 Y102.075
G1 F1500 X112.559 Y92.194 E4007.41449
G0 F9000 X112.559 Y91.629
G1 F1500 X122.439 Y101.509 E4007.87922
G0 F9000 X122.439 Y100.943
G1 F1500 X112.559 Y91.063 E4008.34394
G0 F9000 X112.559 Y90.497
G1 F1500 X122.439 Y100.378 E4008.80869
G0 F9000 X122.439 Y99.812
G1 F1500 X112.559 Y89.931 E4009.27344
G0 F9000 X112.559 Y89.366
G1 F1500 X122.439 Y99.246 E4009.73817
G0 F9000 X122.439 Y98.68
G1 F1500 X112.555 Y88.796 E4010.20308
G0 F9000 X112.539 Y88.215
G1 F1500 X122.439 Y98.115 E4010.66874
G0 F9000 X122.439 Y97.549
G1 F1500 X112.524 Y87.634 E4011.13512
G0 F9000 X112.509 Y87.053
G1 F1500 X122.439 Y96.983 E4011.60219
G0 F9000 X122.439 Y96.418
G1 F1500 X112.494 Y86.472 E4012.07
G0 F9000 X112.479 Y85.892
G1 F1500 X122.439 Y95.852 E4012.53849
G0 F9000 X122.439 Y95.286
G1 F1500 X112.463 Y85.311 E4013.0077
G0 F9000 X112.449 Y84.73
G1 F1500 X122.439 Y94.721 E4013.47763
G0 F9000 X122.439 Y94.155
G1 F1500 X112.433 Y84.149 E4013.94828
G0 F9000 X112.418 Y83.568
G1 F1500 X122.439 Y93.589 E4014.41963
G0 F9000 X122.439 Y93.024
G1 F1500 X112.403 Y82.987 E4014.89172
G0 F9000 X112.388 Y82.406
G1 F1500 X122.439 Y92.458 E4015.36451
G0 F9000 X122.439 Y91.892
G1 F1500 X112.373 Y81.826 E4015.83799
G0 F9000 X112.339 Y81.226
G1 F1500 X122.439 Y91.327 E4016.31308
G0 F9000 X122.439 Y90.761
G1 F1500 X112.291 Y80.613 E4016.79041
G0 F9000 X112.244 Y79.999
G1 F1500 X122.439 Y90.195 E4017.26998
G0 F9000 X122.439 Y89.63
G1 F1500 X112.196 Y79.386 E4017.7518
G0 F9000 X112.148 Y78.773
G1 F1500 X122.439 Y89.064 E4018.23586
G0 F9000 X122.451 Y88.509
G1 F1500 X112.101 Y78.16 E4018.72267
G0 F9000 X112.053 Y77.546
G1 F1500 X122.465 Y87.958 E4019.21242
G0 F9000 X122.479 Y87.406
G1 F1500 X112.005 Y76.933 E4019.70506
G0 F9000 X111.958 Y76.32
G1 F1500 X122.493 Y86.855 E4020.20059
G0 F9000 X122.507 Y86.303
G1 F1500 X111.91 Y75.707 E4020.69902
G0 F9000 X111.862 Y75.093
G1 F1500 X122.521 Y85.752 E4021.20038
G0 F9000 X122.535 Y85.2
G1 F1500 X111.815 Y74.48 E4021.70462
G0 F9000 X111.746 Y73.845
G1 F1500 X122.55 Y84.649 E4022.21281
G0 F9000 X122.564 Y84.098
G1 F1500 X111.662 Y73.196 E4022.7256
G0 F9000 X111.578 Y72.546
G1 F1500 X122.579 Y83.546 E4023.24303
G0 F9000 X122.593 Y82.995
G1 F1500 X111.494 Y71.896 E4023.7651
G0 F9000 X111.409 Y71.245
G1 F1500 X122.607 Y82.443 E4024.29182
G0 F9000 X122.621 Y81.892
G1 F1500 X111.325 Y70.596 E4024.82315
G0 F9000 X111.241 Y69.946
G1 F1500 X122.651 Y81.356 E4025.35984
G0 F9000 X122.691 Y80.83
G1 F1500 X111.157 Y69.296 E4025.90236
G0 F9000 X111.073 Y68.646
G1 F1500 X122.732 Y80.306 E4026.45079
G0 F9000 X122.772 Y79.78
G1 F1500 X110.988 Y67.996 E4027.00507
G0 F9000 X110.904 Y67.346
G1 F1500 X122.813 Y79.256 E4027.56526
G0 F9000 X122.854 Y78.73
G1 F1500 X110.803 Y66.68 E4028.13208
G0 F9000 X110.677 Y65.988
G1 F1500 X122.895 Y78.206 E4028.70677
G0 F9000 X122.935 Y77.68
G1 F1500 X110.551 Y65.297 E4029.28926
G0 F9000 X110.425 Y64.604
G1 F1500 X122.976 Y77.155 E4029.87962
G0 F9000 X123.016 Y76.63
G1 F1500 X110.299 Y63.913 E4030.47778
G0 F9000 X110.172 Y63.221
G1 F1500 X123.057 Y76.105 E4031.08383
G0 F9000 X123.098 Y75.58
G1 F1500 X110.047 Y62.529 E4031.69771
G0 F9000 X109.92 Y61.837
G1 F1500 X123.139 Y75.055 E4032.31947
G0 F9000 X123.179 Y74.53
G1 F1500 X109.794 Y61.145 E4032.94906
G0 F9000 X109.668 Y60.454
G1 F1500 X123.231 Y74.016 E4033.587
G0 F9000 X123.296 Y73.515
G1 F1500 X109.559 Y59.779 E4034.23312
G0 F9000 X109.559 Y59.213
G1 F1500 X123.36 Y73.014 E4034.88228
G0 F9000 X123.425 Y72.513
G1 F1500 X109.559 Y58.648 E4035.53447
G0 F9000 X109.559 Y58.082
G1 F1500 X123.49 Y72.013 E4036.18974
G0 F9000 X123.554 Y71.511
G1 F1500 X109.559 Y57.516 E4036.84802
G0 F9000 X109.559 Y56.951
G1 F1500 X123.619 Y71.011 E4037.50936
G0 F9000 X123.684 Y70.509
G1 F1500 X109.559 Y56.385 E4038.17373
G0 F9000 X109.559 Y55.819
G1 F1500 X123.749 Y70.009 E4038.84119
G0 F9000 X123.814 Y69.508
G1 F1500 X109.559 Y55.254 E4039.51167
G0 F9000 X109.559 Y54.688
G1 F1500 X123.878 Y69.007 E4040.1852
G0 F9000 X123.943 Y68.506
G1 F1500 X109.559 Y54.122 E4040.86178
G0 F9000 X109.559 Y53.556
G1 F1500 X124.008 Y68.005 E4041.54141
G0 F9000 X124.073 Y67.504
G1 F1500 X109.559 Y52.991 E4042.22408
G0 F9000 X109.559 Y52.425
G1 F1500 X124.138 Y67.004 E4042.90983
G0 F9000 X124.223 Y66.523
G1 F1500 X109.559 Y51.859 E4043.59958
G0 F9000 X109.559 Y51.294
G1 F1500 X124.31 Y66.045 E4044.29343
G0 F9000 X124.397 Y65.566
G1 F1500 X109.559 Y50.728 E4044.99136
G0 F9000 X109.559 Y50.162
G1 F1500 X124.485 Y65.088 E4045.69343
G0 F9000 X124.572 Y64.609
G1 F1500 X109.559 Y49.597 E4046.39958
G0 F9000 X109.559 Y49.031
G1 F1500 X124.659 Y64.131 E4047.10983
G0 F9000 X124.746 Y63.652
G1 F1500 X109.559 Y48.465 E4047.82418
G0 F9000 X109.559 Y47.9
G1 F1500 X124.834 Y63.174 E4048.54265
G0 F9000 X124.921 Y62.695
G1 F1500 X109.559 Y47.334 E4049.26521
G0 F9000 X109.559 Y46.768
G1 F1500 X125.007 Y62.216 E4049.99183
G0 F9000 X125.094 Y61.738
G1 F1500 X109.559 Y46.203 E4050.72255
G0 F9000 X109.559 Y45.637
G1 F1500 X125.181 Y61.259 E4051.45736
G0 F9000 X125.269 Y60.781
G1 F1500 X109.559 Y45.071 E4052.19631
G0 F9000 X109.559 Y44.506
G1 F1500 X125.356 Y60.302 E4052.93933
G0 F9000 X125.438 Y59.819
G1 F1500 X109.559 Y43.94 E4053.68623
G0 F9000 X109.559 Y43.374
G1 F1500 X125.438 Y59.253 E4054.43313
G0 F9000 X125.438 Y58.687
G1 F1500 X109.559 Y42.808 E4055.18003
G0 F9000 X109.559 Y42.243
G1 F1500 X125.438 Y58.122 E4055.92693
G0 F9000 X125.438 Y57.556
G1 F1500 X109.559 Y41.677 E4056.67383
G0 F9000 X109.559 Y41.111
G1 F1500 X125.438 Y56.99 E4057.42073
G0 F9000 X125.438 Y56.424
G1 F1500 X109.559 Y40.546 E4058.1676
G0 F9000 X109.559 Y39.98
G1 F1500 X125.438 Y55.859 E4058.9145
G0 F9000 X125.438 Y55.293
G1 F1500 X109.559 Y39.414 E4059.6614
G0 F9000 X109.559 Y38.849
G1 F1500 X125.438 Y54.727 E4060.40828
G0 F9000 X125.438 Y54.162
G1 F1500 X109.559 Y38.283 E4061.15518
G0 F9000 X109.559 Y37.717
G1 F1500 X125.438 Y53.596 E4061.90208
G0 F9000 X125.438 Y53.03
G1 F1500 X109.559 Y37.152 E4062.64895
G0 F9000 X109.559 Y36.586
G1 F1500 X125.438 Y52.465 E4063.39585
G0 F9000 X125.438 Y51.899
G1 F1500 X110.1 Y36.56 E4064.11733
G0 F9000 X110.665 Y36.56
G1 F1500 X125.438 Y51.333 E4064.81221
G0 F9000 X125.438 Y50.768
G1 F1500 X111.231 Y36.56 E4065.48048
G0 F9000 X111.797 Y36.56
G1 F1500 X125.438 Y50.202 E4066.12214
G0 F9000 X125.438 Y49.636
G1 F1500 X112.362 Y36.56 E4066.73719
G0 F9000 X112.928 Y36.56
G1 F1500 X125.438 Y49.071 E4067.32565
G0 F9000 X125.438 Y48.505
G1 F1500 X113.494 Y36.56 E4067.88748
G0 F9000 X114.059 Y36.56
G1 F1500 X125.438 Y47.939 E4068.42271
G0 F9000 X125.438 Y47.374
G1 F1500 X114.625 Y36.56 E4068.93135
G0 F9000 X115.191 Y36.56
G1 F1500 X125.438 Y46.808 E4069.41336
G0 F9000 X125.438 Y46.242
G1 F1500 X115.756 Y36.56 E4069.86877
G0 F9000 X116.322 Y36.56
G1 F1500 X125.438 Y45.676 E4070.29756
G0 F9000 X125.438 Y45.111
G1 F1500 X116.888 Y36.56 E4070.69975
G0 F9000 X117.453 Y36.56
G1 F1500 X125.438 Y44.545 E4071.07534
G0 F9000 X125.438 Y43.979
G1 F1500 X118.019 Y36.56 E4071.42431
G0 F9000 X118.585 Y36.56
G1 F1500 X125.438 Y43.414 E4071.74667
G0 F9000 X125.438 Y42.848
G1 F1500 X119.151 Y36.56 E4072.04242
G0 F9000 X119.716 Y36.56
G1 F1500 X125.438 Y42.282 E4072.31156
G0 F9000 X125.438 Y41.717
G1 F1500 X120.282 Y36.56 E4072.55411
G0 F9000 X120.848 Y36.56
G1 F1500 X125.438 Y41.151 E4072.77003
G0 F9000 X125.438 Y40.585
G1 F1500 X121.413 Y36.56 E4072.95936
G0 F9000 X121.979 Y36.56
G1 F1500 X125.438 Y40.02 E4073.12208
G0 F9000 X125.438 Y39.454
G1 F1500 X122.545 Y36.56 E4073.25818
G0 F9000 X123.11 Y36.56
G1 F1500 X125.438 Y38.888 E4073.36768
G0 F9000 X125.438 Y38.323
G1 F1500 X123.676 Y36.56 E4073.45059
G0 F9000 X124.242 Y36.56
G1 F1500 X125.438 Y37.757 E4073.50687
G0 F9000 X125.438 Y37.191
G1 F1500 X124.807 Y36.56 E4073.53655
G0 F9000 X125.373 Y36.56
G1 F1500 X125.438 Y36.626 E4073.53963
G1 F2700 E4068.53963
;MESH:NONMESH
G0 F300 X125.438 Y36.626 Z4
G0 F9000 X125.9 Y36.626
G0 X125.838 Y59.892
G0 X123.917 Y74.337
G0 X123.35 Y81.659
G0 X123.161 Y88.99
G0 X123.161 Y146.01
G0 X123.35 Y153.341
G0 X123.809 Y159.271
G0 X124.701 Y167.971
;TIME_ELAPSED:5577.080057
;LAYER:19
;TYPE:WALL-INNER
;MESH:D638-22 Tensile.STL
G1 F2700 E4073.53963
G1 F1500 X126 Y175.089 E4073.78028
G1 X126 Y175.858 E4073.80586
G1 X126 Y199 E4074.57557
G1 X109 Y199 E4075.14099
G1 X109 Y175.093 E4075.93614
G1 X110.299 Y167.972 E4076.17689
G1 X111.245 Y160.664 E4076.42199
G1 X111.812 Y153.324 E4076.66684
G1 X112 Y146.027 E4076.90962
G1 X112 Y88.973 E4078.80725
G1 X111.81 Y81.625 E4079.05172
G1 X111.246 Y74.345 E4079.29458
G1 X110.299 Y67.028 E4079.53998
G1 X109.001 Y59.911 E4079.78059
G1 X109 Y36 E4080.57588
G1 X126 Y36 E4081.1413
G1 X125.999 Y59.907 E4081.93645
G1 X124.701 Y67.027 E4082.17716
G1 X123.754 Y74.346 E4082.42262
G1 X123.19 Y81.624 E4082.66542
G1 X123 Y88.973 E4082.90993
G1 X123 Y146.027 E4084.80755
G1 X123.188 Y153.323 E4085.0503
G1 X123.754 Y160.654 E4085.29485
G1 X124.701 Y167.971 E4085.54025
G1 F2700 E4080.54025
G0 F9000 X125.839 Y175.105
G0 X125.828 Y198.828
G0 X108.87 Y199.13
G1 F2700 E4085.54025
G0 F9000 X108.6 Y199.4
G1 F1500 X126.4 Y199.4 E4086.13228
G1 X126.4 Y175.858 E4086.91529
G1 X126.4 Y175.053 E4086.94206
G1 X125.094 Y167.894 E4087.1841
G1 X124.156 Y160.654 E4087.42692
G1 X123.589 Y153.343 E4087.67081
G1 X123.4 Y146.017 E4087.91456
G1 X123.4 Y88.983 E4089.81152
G1 X123.589 Y81.655 E4090.05533
G1 X124.156 Y74.346 E4090.29916
G1 X125.094 Y67.104 E4090.54204
G1 X126.399 Y59.943 E4090.78414
G1 X126.4 Y35.6 E4091.59379
G1 X108.6 Y35.6 E4092.18582
G1 X108.601 Y59.947 E4092.9956
G1 X109.906 Y67.105 E4093.2376
G1 X110.847 Y74.376 E4093.48145
G1 X111.411 Y81.656 E4093.72431
G1 X111.6 Y88.983 E4093.96809
G1 X111.6 Y146.017 E4095.86505
G1 X111.411 Y153.345 E4096.10886
G1 X110.844 Y160.654 E4096.35269
G1 X109.906 Y167.896 E4096.59557
G1 X108.6 Y175.057 E4096.83768
G1 X108.6 Y199.4 E4097.64733
G1 F2700 E4092.64733
G0 F9000 X108.87 Y199.13
G0 X125.828 Y198.828
G0 X125.839 Y175.105
G0 X124.797 Y167.931
G1 F2700 E4097.64733
G0 F9000 X125.491 Y167.842
;TYPE:WALL-OUTER
G1 F1500 X126.8 Y175.017 E4097.88991
G1 X126.8 Y175.858 E4097.91788
G1 X126.8 Y199.8 E4098.71419
G1 X108.2 Y199.8 E4099.33283
G1 X108.2 Y175.021 E4100.15699
G1 X109.507 Y167.854 E4100.39929
G1 X110.447 Y160.602 E4100.64251
G1 X111.012 Y153.314 E4100.88564
G1 X111.2 Y146.007 E4101.12875
G1 X111.2 Y88.993 E4103.02505
G1 X111.012 Y81.697 E4103.26779
G1 X110.448 Y74.407 E4103.51098
G1 X109.509 Y67.157 E4103.75413
G1 X108.201 Y59.983 E4103.99667
G1 X108.2 Y35.2 E4104.82096
G1 X126.8 Y35.2 E4105.4396
G1 X126.799 Y59.979 E4106.26375
G1 X125.493 Y67.146 E4106.50605
G1 X124.553 Y74.398 E4106.74927
G1 X123.988 Y81.686 E4106.9924
G1 X123.8 Y88.993 E4107.23551
G1 X123.8 Y146.007 E4109.13181
G1 X123.988 Y153.302 E4109.37452
G1 X124.552 Y160.592 E4109.61771
G1 X125.491 Y167.842 E4109.86086
G0 F9000 X124.797 Y167.931
G0 X124.341 Y168.004
;TYPE:SKIN
G1 F1500 X125.64 Y175.122 E4110.10152
G1 X125.64 Y175.858 E4110.126
G1 X125.64 Y198.64 E4110.88373
G1 X109.36 Y198.64 E4111.4252
G1 X109.36 Y175.128 E4112.20722
G1 X110.657 Y168.017 E4112.44763
G1 X111.598 Y160.752 E4112.69128
G1 X112.172 Y153.343 E4112.93845
G1 X112.36 Y146.04 E4113.18143
G1 X112.36 Y88.961 E4115.07988
G1 X112.169 Y81.606 E4115.32459
G1 X111.599 Y74.258 E4115.56972
G1 X110.659 Y66.995 E4115.8133
G1 X109.361 Y59.879 E4116.05389
G1 X109.361 Y36.361 E4116.8361
G1 X125.639 Y36.361 E4117.37751
G1 X125.639 Y59.872 E4118.15949
G1 X124.343 Y66.983 E4118.3999
G1 X123.402 Y74.247 E4118.64352
G1 X122.828 Y81.657 E4118.89071
G1 X122.64 Y88.961 E4119.13373
G1 X122.64 Y146.04 E4121.03218
G1 X122.831 Y153.391 E4121.27676
G1 X123.401 Y160.741 E4121.52195
G1 X124.341 Y168.004 E4121.76554
G1 F2700 E4116.76554
G0 F9000 X124.597 Y167.957
G0 X125.839 Y175.105
G0 X125.9 Y198.132
G1 F2700 E4121.76554
G0 F9000 X125.44 Y198.132
G1 F1500 X125.133 Y198.438 E4121.77995
G0 F9000 X124.567 Y198.438
G1 F1500 X125.44 Y197.566 E4121.82099
G0 F9000 X125.44 Y197
G1 F1500 X124.001 Y198.438 E4121.88866
G0 F9000 X123.436 Y198.438
G1 F1500 X125.44 Y196.434 E4121.98292
G0 F9000 X125.44 Y195.869
G1 F1500 X122.87 Y198.438 E4122.10378
G0 F9000 X122.304 Y198.438
G1 F1500 X125.44 Y195.303 E4122.25126
G0 F9000 X125.44 Y194.737
G1 F1500 X121.739 Y198.438 E4122.42535
G0 F9000 X121.173 Y198.438
G1 F1500 X125.44 Y194.172 E4122.62603
G0 F9000 X125.44 Y193.606
G1 F1500 X120.607 Y198.438 E4122.85334
G0 F9000 X120.041 Y198.438
G1 F1500 X125.44 Y193.04 E4123.10727
G0 F9000 X125.44 Y192.475
G1 F1500 X119.476 Y198.438 E4123.38777
G0 F9000 X118.91 Y198.438
G1 F1500 X125.44 Y191.909 E4123.6949
G0 F9000 X125.44 Y191.343
G1 F1500 X118.344 Y198.438 E4124.02865
G0 F9000 X117.779 Y198.438
G1 F1500 X125.44 Y190.778 E4124.38898
G0 F9000 X125.44 Y190.212
G1 F1500 X117.213 Y198.438 E4124.77592
G0 F9000 X116.647 Y198.438
G1 F1500 X125.44 Y189.646 E4125.1895
G0 F9000 X125.44 Y189.081
G1 F1500 X116.082 Y198.438 E4125.62965
G0 F9000 X115.516 Y198.438
G1 F1500 X125.44 Y188.515 E4126.09642
G0 F9000 X125.44 Y187.949
G1 F1500 X114.95 Y198.438 E4126.58981
G0 F9000 X114.385 Y198.438
G1 F1500 X125.44 Y187.384 E4127.10978
G0 F9000 X125.44 Y186.818
G1 F1500 X113.819 Y198.438 E4127.65637
G0 F9000 X113.253 Y198.438
G1 F1500 X125.44 Y186.252 E4128.22959
G0 F9000 X125.44 Y185.686
G1 F1500 X112.688 Y198.438 E4128.8294
G0 F9000 X112.122 Y198.438
G1 F1500 X125.44 Y185.121 E4129.45582
G0 F9000 X125.44 Y184.555
G1 F1500 X111.556 Y198.438 E4130.10885
G0 F9000 X110.991 Y198.438
G1 F1500 X125.44 Y183.989 E4130.78849
G0 F9000 X125.44 Y183.424
G1 F1500 X110.425 Y198.438 E4131.49473
G0 F9000 X109.859 Y198.438
G1 F1500 X125.44 Y182.858 E4132.22759
G0 F9000 X125.44 Y182.292
G1 F1500 X109.559 Y198.173 E4132.97458
G0 F9000 X109.559 Y197.607
G1 F1500 X125.44 Y181.727 E4133.72155
G0 F9000 X125.44 Y181.161
G1 F1500 X109.559 Y197.041 E4134.46852
G0 F9000 X109.559 Y196.475
G1 F1500 X125.44 Y180.595 E4135.21549
G0 F9000 X125.44 Y180.03
G1 F1500 X109.559 Y195.91 E4135.96246
G0 F9000 X109.559 Y195.344
G1 F1500 X125.44 Y179.464 E4136.70943
G0 F9000 X125.44 Y178.898
G1 F1500 X109.559 Y194.778 E4137.4564
G0 F9000 X109.559 Y194.213
G1 F1500 X125.44 Y178.333 E4138.20337
G0 F9000 X125.44 Y177.767
G1 F1500 X109.559 Y193.647 E4138.95034
G0 F9000 X109.559 Y193.081
G1 F1500 X125.44 Y177.201 E4139.69731
G0 F9000 X125.44 Y176.635
G1 F1500 X109.559 Y192.516 E4140.4443
G0 F9000 X109.559 Y191.95
G1 F1500 X125.44 Y176.07 E4141.19127
G0 F9000 X125.44 Y175.504
G1 F1500 X109.559 Y191.384 E4141.93824
G0 F9000 X109.559 Y190.819
G1 F1500 X125.408 Y174.97 E4142.68373
G0 F9000 X125.321 Y174.492
G1 F1500 X109.559 Y190.253 E4143.42511
G0 F9000 X109.559 Y189.687
G1 F1500 X125.234 Y174.013 E4144.16239
G0 F9000 X125.146 Y173.535
G1 F1500 X109.559 Y189.122 E4144.89555
G0 F9000 X109.559 Y188.556
G1 F1500 X125.059 Y173.056 E4145.62462
G0 F9000 X124.971 Y172.578
G1 F1500 X109.559 Y187.99 E4146.34956
G0 F9000 X109.559 Y187.425
G1 F1500 X124.884 Y172.099 E4147.07042
G0 F9000 X124.797 Y171.621
G1 F1500 X109.559 Y186.859 E4147.78717
G0 F9000 X109.559 Y186.293
G1 F1500 X124.71 Y171.143 E4148.4998
G0 F9000 X124.623 Y170.664
G1 F1500 X109.559 Y185.727 E4149.20834
G0 F9000 X109.559 Y185.162
G1 F1500 X124.535 Y170.186 E4149.91277
G0 F9000 X124.448 Y169.707
G1 F1500 X109.559 Y184.596 E4150.6131
G0 F9000 X109.559 Y184.03
G1 F1500 X124.36 Y169.229 E4151.30929
G0 F9000 X124.274 Y168.751
G1 F1500 X109.559 Y183.465 E4152.00142
G0 F9000 X109.559 Y182.899
G1 F1500 X124.186 Y168.273 E4152.68941
G0 F9000 X124.111 Y167.782
G1 F1500 X109.559 Y182.333 E4153.37386
G0 F9000 X109.559 Y181.768
G1 F1500 X124.046 Y167.281 E4154.05529
G0 F9000 X123.981 Y166.781
G1 F1500 X109.559 Y181.202 E4154.73363
G0 F9000 X109.559 Y180.636
G1 F1500 X123.916 Y166.28 E4155.40892
G0 F9000 X123.851 Y165.779
G1 F1500 X109.559 Y180.071 E4156.08117
G0 F9000 X109.559 Y179.505
G1 F1500 X123.786 Y165.278 E4156.75036
G0 F9000 X123.721 Y164.777
G1 F1500 X109.559 Y178.939 E4157.4165
G0 F9000 X109.559 Y178.374
G1 F1500 X123.656 Y164.277 E4158.07958
G0 F9000 X123.591 Y163.776
G92 E0
G1 F1500 X109.559 Y177.808 E0.66002
G0 F9000 X109.559 Y177.242
G1 F1500 X123.527 Y163.275 E1.31701
G0 F9000 X123.462 Y162.774
G1 F1500 X109.559 Y176.676 E1.97094
G0 F9000 X109.559 Y176.111
G1 F1500 X123.397 Y162.273 E2.62184
G0 F9000 X123.332 Y161.773
G1 F1500 X109.559 Y175.545 E3.26965
G0 F9000 X109.597 Y174.942
G1 F1500 X123.267 Y161.272 E3.91265
G0 F9000 X123.202 Y160.771
G1 F1500 X109.723 Y174.25 E4.54666
G0 F9000 X109.849 Y173.558
G1 F1500 X123.161 Y160.246 E5.17282
G0 F9000 X123.121 Y159.721
G1 F1500 X109.975 Y172.867 E5.79116
G0 F9000 X110.102 Y172.174
G1 F1500 X123.08 Y159.196 E6.40161
G0 F9000 X123.039 Y158.671
G1 F1500 X110.228 Y171.483 E7.00422
G0 F9000 X110.354 Y170.791
G1 F1500 X122.999 Y158.146 E7.599
G0 F9000 X122.958 Y157.621
G1 F1500 X110.48 Y170.099 E8.18593
G0 F9000 X110.607 Y169.407
G1 F1500 X122.917 Y157.096 E8.76498
G0 F9000 X122.876 Y156.571
G1 F1500 X110.732 Y168.715 E9.3362
G0 F9000 X110.858 Y168.024
G1 F1500 X122.835 Y156.047 E9.89956
G0 F9000 X122.795 Y155.521
G1 F1500 X110.942 Y167.374 E10.45709
G0 F9000 X111.026 Y166.725
G1 F1500 X122.754 Y154.997 E11.00874
G0 F9000 X122.713 Y154.472
G1 F1500 X111.11 Y166.075 E11.55451
G0 F9000 X111.194 Y165.425
G1 F1500 X122.673 Y153.947 E12.09442
G0 F9000 X122.632 Y153.422
G1 F1500 X111.278 Y164.775 E12.62845
G0 F9000 X111.362 Y164.126
G1 F1500 X122.617 Y152.871 E13.15785
G0 F9000 X122.603 Y152.319
G1 F1500 X111.446 Y163.476 E13.68264
G0 F9000 X111.53 Y162.826
G1 F1500 X122.588 Y151.768 E14.20278
G0 F9000 X122.574 Y151.217
G1 F1500 X111.614 Y162.177 E14.7183
G0 F9000 X111.698 Y161.527
G1 F1500 X122.559 Y150.666 E15.22917
G0 F9000 X122.545 Y150.114
G1 F1500 X111.782 Y160.878 E15.73545
G0 F9000 X111.836 Y160.257
G1 F1500 X122.53 Y149.563 E16.23847
G0 F9000 X122.516 Y149.012
G1 F1500 X111.884 Y159.644 E16.73856
G0 F9000 X111.931 Y159.031
G1 F1500 X122.502 Y148.46 E17.23579
G0 F9000 X122.487 Y147.909
G1 F1500 X111.978 Y158.418 E17.7301
G0 F9000 X112.026 Y157.805
G1 F1500 X122.473 Y147.358 E18.2215
G0 F9000 X122.459 Y146.806
G1 F1500 X112.074 Y157.191 E18.70998
G0 F9000 X112.121 Y156.578
G1 F1500 X122.444 Y146.255 E19.19554
G0 F9000 X122.439 Y145.695
G1 F1500 X112.169 Y155.965 E19.67861
G0 F9000 X112.216 Y155.352
G1 F1500 X122.439 Y145.13 E20.15944
G0 F9000 X122.439 Y144.564
G1 F1500 X112.263 Y154.739 E20.63807
G0 F9000 X112.311 Y154.126
G1 F1500 X122.439 Y143.998 E21.11446
G0 F9000 X122.439 Y143.433
G1 F1500 X112.358 Y153.513 E21.58861
G0 F9000 X112.383 Y152.923
G1 F1500 X122.439 Y142.867 E22.06162
G0 F9000 X122.439 Y142.301
G1 F1500 X112.398 Y152.342 E22.53391
G0 F9000 X112.413 Y151.762
G1 F1500 X122.439 Y141.736 E23.00551
G0 F9000 X122.439 Y141.17
G1 F1500 X112.427 Y151.181 E23.47642
G0 F9000 X112.442 Y150.601
G1 F1500 X122.439 Y140.604 E23.94664
G0 F9000 X122.439 Y140.038
G1 F1500 X112.457 Y150.02 E24.41617
G0 F9000 X112.473 Y149.439
G1 F1500 X122.439 Y139.473 E24.88494
G0 F9000 X122.439 Y138.907
G1 F1500 X112.487 Y148.858 E25.35303
G0 F9000 X112.502 Y148.278
G1 F1500 X122.439 Y138.341 E25.82043
G0 F9000 X122.439 Y137.776
G1 F1500 X112.517 Y147.697 E26.28711
G0 F9000 X112.532 Y147.117
G1 F1500 X122.439 Y137.21 E26.7531
G0 F9000 X122.439 Y136.644
G1 F1500 X112.548 Y146.535 E27.21835
G0 F9000 X112.56 Y145.958
G1 F1500 X122.439 Y136.079 E27.68302
G0 F9000 X122.439 Y135.513
G1 F1500 X112.56 Y145.392 E28.1477
G0 F9000 X112.56 Y144.826
G1 F1500 X122.439 Y134.947 E28.61238
G0 F9000 X122.439 Y134.382
G1 F1500 X112.56 Y144.261 E29.07706
G0 F9000 X112.56 Y143.695
G1 F1500 X122.439 Y133.816 E29.54173
G0 F9000 X122.439 Y133.25
G1 F1500 X112.56 Y143.129 E30.00641
G0 F9000 X112.56 Y142.564
G1 F1500 X122.439 Y132.685 E30.47109
G0 F9000 X122.439 Y132.119
G1 F1500 X112.56 Y141.998 E30.93577
G0 F9000 X112.56 Y141.432
G1 F1500 X122.439 Y131.553 E31.40045
G0 F9000 X122.439 Y130.987
G1 F1500 X112.56 Y140.866 E31.86512
G0 F9000 X112.56 Y140.301
G1 F1500 X122.439 Y130.422 E32.3298
G0 F9000 X122.439 Y129.856
G1 F1500 X112.56 Y139.735 E32.79448
G0 F9000 X112.56 Y139.169
G1 F1500 X122.439 Y129.29 E33.25916
G0 F9000 X122.439 Y128.725
G1 F1500 X112.56 Y138.604 E33.72384
G0 F9000 X112.56 Y138.038
G1 F1500 X122.439 Y128.159 E34.18851
G0 F9000 X122.439 Y127.593
G1 F1500 X112.56 Y137.472 E34.65319
G0 F9000 X112.56 Y136.907
G1 F1500 X122.439 Y127.028 E35.11787
G0 F9000 X122.439 Y126.462
G1 F1500 X112.56 Y136.341 E35.58255
G0 F9000 X112.56 Y135.775
G1 F1500 X122.439 Y125.896 E36.04722
G0 F9000 X122.439 Y125.331
G1 F1500 X112.56 Y135.21 E36.5119
G0 F9000 X112.56 Y134.644
G1 F1500 X122.439 Y124.765 E36.97658
G0 F9000 X122.439 Y124.199
G1 F1500 X112.56 Y134.078 E37.44126
G0 F9000 X112.56 Y133.513
G1 F1500 X122.439 Y123.634 E37.90594
G0 F9000 X122.439 Y123.068
G1 F1500 X112.56 Y132.947 E38.37061
G0 F9000 X112.56 Y132.381
G1 F1500 X122.439 Y122.502 E38.83529
G0 F9000 X122.439 Y121.937
G1 F1500 X112.56 Y131.816 E39.29997
G0 F9000 X112.56 Y131.25
G1 F1500 X122.439 Y121.371 E39.76465
G0 F9000 X122.439 Y120.805
G1 F1500 X112.56 Y130.684 E40.22933
G0 F9000 X112.56 Y130.118
G1 F1500 X122.439 Y120.239 E40.694
G0 F9000 X122.439 Y119.674
G1 F1500 X112.56 Y129.553 E41.15868
G0 F9000 X112.56 Y128.987
G1 F1500 X122.439 Y119.108 E41.62336
G0 F9000 X122.439 Y118.542
G1 F1500 X112.56 Y128.421 E42.08804
G0 F9000 X112.56 Y127.856
G1 F1500 X122.439 Y117.977 E42.55272
G0 F9000 X122.439 Y117.411
G1 F1500 X112.56 Y127.29 E43.01739
G0 F9000 X112.56 Y126.724
G1 F1500 X122.439 Y116.845 E43.48207
G0 F9000 X122.439 Y116.28
G1 F1500 X112.56 Y126.159 E43.94675
G0 F9000 X112.56 Y125.593
G1 F1500 X122.439 Y115.714 E44.41143
G0 F9000 X122.439 Y115.148
G1 F1500 X112.56 Y125.027 E44.8761
G0 F9000 X112.56 Y124.462
G1 F1500 X122.439 Y114.583 E45.34078
G0 F9000 X122.439 Y114.017
G1 F1500 X112.56 Y123.896 E45.80546
G0 F9000 X112.56 Y123.33
G1 F1500 X122.439 Y113.451 E46.27014
G0 F9000 X122.439 Y112.886
G1 F1500 X112.56 Y122.765 E46.73482
G0 F9000 X112.56 Y122.199
G1 F1500 X122.439 Y112.32 E47.19949
G0 F9000 X122.439 Y111.754
G1 F1500 X112.56 Y121.633 E47.66417
G0 F9000 X112.56 Y121.067
G1 F1500 X122.439 Y111.189 E48.12883
G0 F9000 X122.439 Y110.623
G1 F1500 X112.56 Y120.502 E48.5935
G0 F9000 X112.56 Y119.936
G1 F1500 X122.439 Y110.057 E49.05818
G0 F9000 X122.439 Y109.491
G1 F1500 X112.56 Y119.37 E49.52286
G0 F9000 X112.56 Y118.805
G1 F1500 X122.439 Y108.926 E49.98754
G0 F9000 X122.439 Y108.36
G1 F1500 X112.56 Y118.239 E50.45222
G0 F9000 X112.56 Y117.673
G1 F1500 X122.439 Y107.794 E50.91689
G0 F9000 X122.439 Y107.229
G1 F1500 X112.56 Y117.108 E51.38157
G0 F9000 X112.56 Y116.542
G1 F1500 X122.439 Y106.663 E51.84625
G0 F9000 X122.439 Y106.097
G1 F1500 X112.56 Y115.976 E52.31093
G0 F9000 X112.56 Y115.411
G1 F1500 X122.439 Y105.532 E52.7756
G0 F9000 X122.439 Y104.966
G1 F1500 X112.56 Y114.845 E53.24028
G0 F9000 X112.56 Y114.279
G1 F1500 X122.439 Y104.4 E53.70496
G0 F9000 X122.439 Y103.835
G1 F1500 X112.56 Y113.714 E54.16964
G0 F9000 X112.56 Y113.148
G1 F1500 X122.439 Y103.269 E54.63432
G0 F9000 X122.439 Y102.703
G1 F1500 X112.56 Y112.582 E55.09899
G0 F9000 X112.56 Y112.017
G1 F1500 X122.439 Y102.138 E55.56367
G0 F9000 X122.439 Y101.572
G1 F1500 X112.56 Y111.451 E56.02835
G0 F9000 X112.56 Y110.885
G1 F1500 X122.439 Y101.006 E56.49303
G0 F9000 X122.439 Y100.44
G1 F1500 X112.56 Y110.319 E56.95771
G0 F9000 X112.56 Y109.754
G1 F1500 X122.439 Y99.875 E57.42238
G0 F9000 X122.439 Y99.309
G1 F1500 X112.56 Y109.188 E57.88706
G0 F9000 X112.56 Y108.622
G1 F1500 X122.439 Y98.743 E58.35174
G0 F9000 X122.439 Y98.178
G1 F1500 X112.56 Y108.057 E58.81642
G0 F9000 X112.56 Y107.491
G1 F1500 X122.439 Y97.612 E59.28109
G0 F9000 X122.439 Y97.046
G1 F1500 X112.56 Y106.925 E59.74577
G0 F9000 X112.56 Y106.36
G1 F1500 X122.439 Y96.481 E60.21045
G0 F9000 X122.439 Y95.915
G1 F1500 X112.56 Y105.794 E60.67513
G0 F9000 X112.56 Y105.228
G1 F1500 X122.439 Y95.349 E61.13981
G0 F9000 X122.439 Y94.784
G1 F1500 X112.56 Y104.663 E61.60448
G0 F9000 X112.56 Y104.097
G1 F1500 X122.439 Y94.218 E62.06916
G0 F9000 X122.439 Y93.652
G1 F1500 X112.56 Y103.531 E62.53384
G0 F9000 X112.56 Y102.966
G1 F1500 X122.439 Y93.087 E62.99852
G0 F9000 X122.439 Y92.521
G1 F1500 X112.56 Y102.4 E63.4632
G0 F9000 X112.56 Y101.834
G1 F1500 X122.439 Y91.955 E63.92787
G0 F9000 X122.439 Y91.39
G1 F1500 X112.56 Y101.269 E64.39255
G0 F9000 X112.56 Y100.703
G1 F1500 X122.439 Y90.824 E64.85723
G0 F9000 X122.439 Y90.258
G1 F1500 X112.56 Y100.137 E65.32191
G0 F9000 X112.56 Y99.571
G1 F1500 X122.439 Y89.692 E65.78659
G0 F9000 X122.439 Y89.127
G1 F1500 X112.56 Y99.006 E66.25126
G0 F9000 X112.56 Y98.44
G1 F1500 X122.448 Y88.551 E66.71639
G0 F9000 X122.463 Y87.971
G1 F1500 X112.56 Y97.874 E67.18219
G0 F9000 X112.56 Y97.309
G1 F1500 X122.479 Y87.389 E67.64878
G0 F9000 X122.494 Y86.809
G1 F1500 X112.56 Y96.743 E68.11604
G0 F9000 X112.56 Y96.177
G1 F1500 X122.509 Y86.228 E68.58401
G0 F9000 X122.523 Y85.648
G1 F1500 X112.56 Y95.612 E69.05267
G0 F9000 X112.56 Y95.046
G1 F1500 X122.538 Y85.067 E69.52202
G0 F9000 X122.553 Y84.487
G1 F1500 X112.56 Y94.48 E69.99206
G0 F9000 X112.56 Y93.915
G1 F1500 X122.569 Y83.905 E70.46288
G0 F9000 X122.584 Y83.325
G1 F1500 X112.56 Y93.349 E70.93438
G0 F9000 X112.56 Y92.783
G1 F1500 X122.598 Y82.744 E71.40656
G0 F9000 X122.613 Y82.164
G1 F1500 X112.56 Y92.218 E71.87944
G0 F9000 X112.56 Y91.652
G1 F1500 X122.633 Y81.578 E72.35327
G0 F9000 X122.68 Y80.965
G1 F1500 X112.56 Y91.086 E72.82931
G0 F9000 X112.56 Y90.52
G1 F1500 X122.728 Y80.352 E73.30758
G0 F9000 X122.775 Y79.739
G1 F1500 X112.56 Y89.955 E73.78808
G0 F9000 X112.56 Y89.389
G1 F1500 X122.823 Y79.126 E74.27083
G0 F9000 X122.87 Y78.513
G1 F1500 X112.556 Y88.827 E74.75596
G0 F9000 X112.541 Y88.276
G1 F1500 X122.917 Y77.9 E75.24402
G0 F9000 X122.965 Y77.287
G1 F1500 X112.527 Y87.725 E75.73499
G0 F9000 X112.513 Y87.173
G1 F1500 X123.012 Y76.674 E76.22883
G0 F9000 X123.06 Y76.06
G1 F1500 X112.498 Y86.622 E76.72564
G0 F9000 X112.484 Y86.071
G1 F1500 X123.107 Y75.447 E77.22533
G0 F9000 X123.155 Y74.834
G1 F1500 X112.47 Y85.519 E77.72792
G0 F9000 X112.455 Y84.968
G1 F1500 X123.204 Y74.22 E78.2335
G0 F9000 X123.288 Y73.57
G1 F1500 X112.441 Y84.417 E78.74371
G0 F9000 X112.427 Y83.865
G1 F1500 X123.371 Y72.921 E79.25848
G0 F9000 X123.455 Y72.271
G1 F1500 X112.412 Y83.314 E79.77791
G0 F9000 X112.398 Y82.763
G1 F1500 X123.54 Y71.621 E80.30199
G0 F9000 X123.624 Y70.971
G1 F1500 X112.384 Y82.211 E80.83069
G0 F9000 X112.369 Y81.66
G1 F1500 X123.708 Y70.321 E81.36404
G0 F9000 X123.792 Y69.671
G1 F1500 X112.332 Y81.132 E81.90311
G0 F9000 X112.292 Y80.606
G1 F1500 X123.876 Y69.022 E82.44798
G0 F9000 X123.96 Y68.372
G1 F1500 X112.251 Y80.081 E82.99874
G0 F9000 X112.21 Y79.557
G1 F1500 X124.044 Y67.723 E83.55537
G0 F9000 X124.128 Y67.073
G1 F1500 X112.169 Y79.031 E84.11787
G0 F9000 X112.128 Y78.507
G1 F1500 X124.247 Y66.388 E84.68791
G0 F9000 X124.373 Y65.696
G1 F1500 X112.088 Y77.981 E85.26576
G0 F9000 X112.047 Y77.457
G1 F1500 X124.499 Y65.005 E85.85146
G0 F9000 X124.625 Y64.313
G1 F1500 X112.006 Y76.932 E86.44502
G0 F9000 X111.966 Y76.407
G1 F1500 X124.751 Y63.621 E87.04641
G0 F9000 X124.877 Y62.93
G1 F1500 X111.925 Y75.882 E87.65563
G0 F9000 X111.884 Y75.357
G1 F1500 X125.003 Y62.238 E88.27271
G0 F9000 X125.129 Y61.546
G1 F1500 X111.843 Y74.832 E88.89764
G0 F9000 X111.802 Y74.307
G1 F1500 X125.255 Y60.855 E89.53041
G0 F9000 X125.381 Y60.163
G1 F1500 X111.741 Y73.802 E90.17197
G0 F9000 X111.676 Y73.302
G1 F1500 X125.437 Y59.541 E90.81924
G0 F9000 X125.437 Y58.975
G1 F1500 X111.611 Y72.801 E91.46957
G0 F9000 X111.547 Y72.3
G1 F1500 X125.437 Y58.409 E92.12294
G0 F9000 X125.437 Y57.844
G1 F1500 X111.482 Y71.799 E92.77934
G0 F9000 X111.417 Y71.298
G1 F1500 X125.437 Y57.278 E93.4388
G0 F9000 X125.437 Y56.712
G1 F1500 X111.352 Y70.798 E94.10134
G0 F9000 X111.287 Y70.297
G1 F1500 X125.437 Y56.147 E94.76691
G0 F9000 X125.437 Y55.581
G1 F1500 X111.222 Y69.796 E95.43554
G0 F9000 X111.157 Y69.295
G1 F1500 X125.437 Y55.015 E96.10723
G0 F9000 X125.437 Y54.45
G1 F1500 X111.092 Y68.795 E96.78197
G0 F9000 X111.027 Y68.294
G1 F1500 X125.437 Y53.884 E97.45977
G0 F9000 X125.437 Y53.318
G1 F1500 X110.962 Y67.793 E98.14063
G0 F9000 X110.898 Y67.292
G1 F1500 X125.437 Y52.752 E98.82453
G0 F9000 X125.437 Y52.187
G1 F1500 X110.826 Y66.798 E99.51178
G0 F9000 X110.739 Y66.32
G1 F1500 X125.437 Y51.621 E100.20316
G0 F9000 X125.437 Y51.055
G1 F1500 X110.651 Y65.842 E100.89867
G0 F9000 X110.564 Y65.363
G1 F1500 X125.437 Y50.49 E101.59825
G0 F9000 X125.437 Y49.924
G1 F1500 X110.476 Y64.885 E102.30197
G0 F9000 X110.389 Y64.406
G1 F1500 X125.437 Y49.358 E103.00978
G0 F9000 X125.437 Y48.793
G1 F1500 X110.303 Y63.928 E103.72166
G0 F9000 X110.215 Y63.45
G1 F1500 X125.437 Y48.227 E104.43768
G0 F9000 X125.437 Y47.661
G1 F1500 X110.128 Y62.971 E105.15779
G0 F9000 X110.04 Y62.493
G1 F1500 X125.437 Y47.096 E105.88202
G0 F9000 X125.437 Y46.53
G1 F1500 X109.953 Y62.014 E106.61034
G0 F9000 X109.866 Y61.535
G1 F1500 X125.437 Y45.964 E107.34275
G0 F9000 X125.437 Y45.399
G1 F1500 X109.779 Y61.057 E108.07926
G0 F9000 X109.692 Y60.579
G1 F1500 X125.437 Y44.833 E108.81988
G0 F9000 X125.437 Y44.267
G1 F1500 X109.605 Y60.1 E109.56459
G0 F9000 X109.56 Y59.579
G1 F1500 X125.437 Y43.702 E110.31139
G0 F9000 X125.437 Y43.136
G1 F1500 X109.56 Y59.013 E111.0582
G0 F9000 X109.56 Y58.448
G1 F1500 X125.437 Y42.57 E111.80503
G0 F9000 X125.437 Y42.004
G1 F1500 X109.56 Y57.882 E112.55186
G0 F9000 X109.56 Y57.316
G1 F1500 X125.437 Y41.439 E113.29866
G0 F9000 X125.437 Y40.873
G1 F1500 X109.56 Y56.75 E114.04547
G0 F9000 X109.56 Y56.185
G1 F1500 X125.437 Y40.307 E114.7923
G0 F9000 X125.437 Y39.742
G1 F1500 X109.56 Y55.619 E115.5391
G0 F9000 X109.56 Y55.053
G1 F1500 X125.437 Y39.176 E116.28591
G0 F9000 X125.437 Y38.61
G1 F1500 X109.56 Y54.488 E117.03274
G0 F9000 X109.56 Y53.922
G1 F1500 X125.437 Y38.045 E117.77954
G0 F9000 X125.437 Y37.479
G1 F1500 X109.56 Y53.356 E118.52635
G0 F9000 X109.56 Y52.791
G1 F1500 X125.437 Y36.913 E119.27318
G0 F9000 X125.225 Y36.56
G1 F1500 X109.56 Y52.225 E120.01001
G0 F9000 X109.56 Y51.659
G1 F1500 X124.659 Y36.56 E120.72022
G0 F9000 X124.093 Y36.56
G1 F1500 X109.56 Y51.094 E121.40383
G0 F9000 X109.56 Y50.528
G1 F1500 X123.528 Y36.56 E122.06084
G0 F9000 X122.962 Y36.56
G1 F1500 X109.56 Y49.962 E122.69123
G0 F9000 X109.56 Y49.397
G1 F1500 X122.396 Y36.56 E123.29502
G0 F9000 X121.83 Y36.56
G1 F1500 X109.56 Y48.831 E123.87219
G0 F9000 X109.56 Y48.265
G1 F1500 X121.265 Y36.56 E124.42276
G0 F9000 X120.699 Y36.56
G1 F1500 X109.56 Y47.7 E124.94672
G0 F9000 X109.56 Y47.134
G1 F1500 X120.133 Y36.56 E125.44407
G0 F9000 X119.568 Y36.56
G1 F1500 X109.56 Y46.568 E125.91482
G0 F9000 X109.56 Y46.002
G1 F1500 X119.002 Y36.56 E126.35894
G0 F9000 X118.436 Y36.56
G1 F1500 X109.56 Y45.437 E126.77646
G0 F9000 X109.56 Y44.871
G1 F1500 X117.871 Y36.56 E127.16739
G0 F9000 X117.305 Y36.56
G1 F1500 X109.56 Y44.305 E127.53169
G0 F9000 X109.56 Y43.74
G1 F1500 X116.739 Y36.56 E127.86939
G0 F9000 X116.174 Y36.56
G1 F1500 X109.56 Y43.174 E128.18049
G0 F9000 X109.56 Y42.608
G1 F1500 X115.608 Y36.56 E128.46497
G0 F9000 X115.042 Y36.56
G1 F1500 X109.56 Y42.043 E128.72285
G0 F9000 X109.56 Y41.477
G1 F1500 X114.477 Y36.56 E128.95413
G0 F9000 X113.911 Y36.56
G1 F1500 X109.56 Y40.911 E129.15879
G0 F9000 X109.56 Y40.346
G1 F1500 X113.345 Y36.56 E129.33685
G0 F9000 X112.779 Y36.56
G1 F1500 X109.56 Y39.78 E129.48828
G0 F9000 X109.56 Y39.214
G1 F1500 X112.214 Y36.56 E129.61312
G0 F9000 X111.648 Y36.56
G1 F1500 X109.56 Y38.649 E129.71135
G0 F9000 X109.56 Y38.083
G1 F1500 X111.082 Y36.56 E129.78297
G0 F9000 X110.517 Y36.56
G1 F1500 X109.56 Y37.517 E129.82798
G0 F9000 X109.56 Y36.951
G1 F1500 X109.951 Y36.56 E129.84637
G1 F2700 E124.84637
;MESH:NONMESH
G0 F300 X109.951 Y36.56 Z4.2
G0 F9000 X109.951 Y36.1
G0 X109.172 Y36.172
G0 X109.162 Y59.896
G0 X111.083 Y74.337
G0 X111.65 Y81.659
G0 X111.839 Y88.99
G0 X111.839 Y146.01
G0 X111.65 Y153.341
G0 X111.083 Y160.663
G0 X110.14 Y167.947
G0 X109.149 Y173.192
G0 X109 Y199
;TIME_ELAPSED:5948.566601
;LAYER:20
;TYPE:WALL-INNER
;MESH:D638-22 Tensile.STL
G1 F2700 E129.84637
G1 F1500 X126 Y199 E130.4118
G1 X126 Y175.858 E131.1815
G1 X126 Y175.089 E131.20708
G1 X124.701 Y167.971 E131.44773
G1 X123.754 Y160.654 E131.69313
G1 X123.188 Y153.323 E131.93768
G1 X123 Y146.027 E132.18043
G1 X123 Y88.973 E134.07805
G1 X123.19 Y81.624 E134.32257
G1 X123.754 Y74.346 E134.56536
G1 X124.701 Y67.027 E134.81082
G1 X125.999 Y59.907 E135.05153
G1 X126 Y36 E135.84668
G1 X109 Y36 E136.41211
G1 X109.001 Y59.911 E137.20739
G1 X110.299 Y67.028 E137.44801
G1 X111.246 Y74.345 E137.6934
G1 X111.81 Y81.625 E137.93626
G1 X112 Y88.973 E138.18074
G1 X112 Y146.027 E140.07836
G1 X111.812 Y153.324 E140.32114
G1 X111.245 Y160.664 E140.566
G1 X110.299 Y167.972 E140.81109
G1 X109 Y175.093 E141.05184
G1 X109 Y199 E141.84699
G1 F2700 E136.84699
G0 F9000 X125.828 Y198.828
G0 X125.839 Y175.105
G0 X124.797 Y167.931
G1 F2700 E141.84699
G0 F9000 X125.094 Y167.894
G1 F1500 X126.4 Y175.053 E142.08903
G1 X126.4 Y175.858 E142.11581
G1 X126.4 Y199.4 E142.89882
G1 X108.6 Y199.4 E143.49085
G1 X108.6 Y175.057 E144.3005
G1 X109.906 Y167.896 E144.5426
G1 X110.844 Y160.654 E144.78549
G1 X111.411 Y153.345 E145.02931
G1 X111.6 Y146.017 E145.27313
G1 X111.6 Y88.983 E147.17008
G1 X111.411 Y81.656 E147.41386
G1 X110.847 Y74.376 E147.65672
G1 X109.906 Y67.105 E147.90057
G1 X108.601 Y59.947 E148.14257
G1 X108.6 Y35.6 E148.95236
G1 X126.4 Y35.6 E149.54439
G1 X126.399 Y59.943 E150.35404
G1 X125.094 Y67.104 E150.59614
G1 X124.156 Y74.346 E150.83902
G1 X123.589 Y81.655 E151.08285
G1 X123.4 Y88.983 E151.32666
G1 X123.4 Y146.017 E153.22362
G1 X123.589 Y153.343 E153.46736
G1 X124.156 Y160.654 E153.71126
G1 X125.094 Y167.894 E153.95407
G1 F2700 E148.95407
G0 F9000 X124.797 Y167.931
G0 X126.198 Y175.072
G0 X126.082 Y199.082
G0 X108.47 Y199.53
G1 F2700 E153.95407
G0 F9000 X108.2 Y199.8
;TYPE:WALL-OUTER
G1 F1500 X126.8 Y199.8 E154.57271
G1 X126.8 Y175.858 E155.36903
G1 X126.8 Y175.017 E155.397
G1 X125.491 Y167.842 E155.63958
G1 X124.552 Y160.592 E155.88273
G1 X123.988 Y153.302 E156.12592
G1 X123.8 Y146.007 E156.36863
G1 X123.8 Y88.993 E158.26493
G1 X123.988 Y81.686 E158.50804
G1 X124.553 Y74.398 E158.75117
G1 X125.493 Y67.146 E158.99439
G1 X126.799 Y59.979 E159.23669
G1 X126.8 Y35.2 E160.06084
G1 X108.2 Y35.2 E160.67948
G1 X108.201 Y59.983 E161.50376
G1 X109.509 Y67.157 E161.74631
G1 X110.448 Y74.407 E161.98946
G1 X111.012 Y81.697 E162.23265
G1 X111.2 Y88.993 E162.47539
G1 X111.2 Y146.007 E164.37169
G1 X111.012 Y153.314 E164.6148
G1 X110.447 Y160.602 E164.85793
G1 X109.507 Y167.854 E165.10115
G1 X108.2 Y175.021 E165.34345
G1 X108.2 Y199.8 E166.16761
G0 F9000 X108.47 Y199.53
G0 X109.1 Y198.64
G0 X109.36 Y198.64
;TYPE:SKIN
G1 F1500 X125.64 Y198.64 E166.70908
G1 X125.64 Y175.858 E167.46681
G1 X125.64 Y175.122 E167.49129
G1 X124.341 Y168.004 E167.73195
G1 X123.401 Y160.741 E167.97553
G1 X122.831 Y153.391 E168.22073
G1 X122.64 Y146.04 E168.46531
G1 X122.64 Y88.961 E170.36376
G1 X122.828 Y81.657 E170.60677
G1 X123.402 Y74.247 E170.85397
G1 X124.343 Y66.983 E171.09759
G1 X125.639 Y59.872 E171.338
G1 X125.639 Y36.361 E172.11998
G1 X109.361 Y36.361 E172.66139
G1 X109.361 Y59.879 E173.4436
G1 X110.659 Y66.995 E173.68418
G1 X111.599 Y74.258 E173.92777
G1 X112.169 Y81.606 E174.1729
G1 X112.36 Y88.961 E174.41761
G1 X112.36 Y146.04 E176.31606
G1 X112.172 Y153.343 E176.55904
G1 X111.598 Y160.752 E176.8062
G1 X110.657 Y168.017 E177.04986
G1 X109.36 Y175.128 E177.29027
G1 X109.36 Y198.64 E178.07228
G0 F9000 X109.559 Y198.372
G1 F1500 X109.626 Y198.438 E178.07541
G0 F9000 X110.191 Y198.438
G1 F1500 X109.559 Y197.806 E178.10514
G0 F9000 X109.559 Y197.241
G1 F1500 X110.757 Y198.438 E178.16147
G0 F9000 X111.323 Y198.438
G1 F1500 X109.559 Y196.675 E178.24442
G0 F9000 X109.559 Y196.109
G1 F1500 X111.889 Y198.438 E178.35399
G0 F9000 X112.454 Y198.438
G1 F1500 X109.559 Y195.544 E178.49014
G0 F9000 X109.559 Y194.978
G1 F1500 X113.02 Y198.438 E178.65291
G0 F9000 X113.586 Y198.438
G1 F1500 X109.559 Y194.412 E178.8423
G0 F9000 X109.559 Y193.846
G1 F1500 X114.151 Y198.438 E179.0583
G0 F9000 X114.717 Y198.438
G1 F1500 X109.559 Y193.281 E179.30089
G0 F9000 X109.559 Y192.715
G1 F1500 X115.283 Y198.438 E179.5701
G0 F9000 X115.848 Y198.438
G1 F1500 X109.559 Y192.149 E179.86592
G0 F9000 X109.559 Y191.584
G1 F1500 X116.414 Y198.438 E180.18833
G0 F9000 X116.98 Y198.438
G1 F1500 X109.559 Y191.018 E180.53737
G0 F9000 X109.559 Y190.452
G1 F1500 X117.545 Y198.438 E180.91301
G0 F9000 X118.111 Y198.438
G1 F1500 X109.559 Y189.887 E181.31525
G0 F9000 X109.559 Y189.321
G1 F1500 X118.677 Y198.438 E181.7441
G0 F9000 X119.242 Y198.438
G1 F1500 X109.559 Y188.755 E182.19956
G0 F9000 X109.559 Y188.19
G1 F1500 X119.808 Y198.438 E182.68162
G0 F9000 X120.374 Y198.438
G1 F1500 X109.559 Y187.624 E183.1903
G0 F9000 X109.559 Y187.058
G1 F1500 X120.94 Y198.438 E183.72561
G0 F9000 X121.505 Y198.438
G1 F1500 X109.559 Y186.493 E184.28749
G0 F9000 X109.559 Y185.927
G1 F1500 X122.071 Y198.438 E184.87599
G0 F9000 X122.637 Y198.438
G1 F1500 X109.559 Y185.361 E185.49111
G0 F9000 X109.559 Y184.795
G1 F1500 X123.202 Y198.438 E186.13284
G0 F9000 X123.768 Y198.438
G1 F1500 X109.559 Y184.23 E186.80116
G0 F9000 X109.559 Y183.664
G1 F1500 X124.334 Y198.438 E187.49611
G0 F9000 X124.899 Y198.438
G1 F1500 X109.559 Y183.098 E188.21766
G0 F9000 X109.559 Y182.533
G1 F1500 X125.44 Y198.413 E188.96463
G0 F9000 X125.44 Y197.847
G1 F1500 X109.559 Y181.967 E189.7116
G0 F9000 X109.559 Y181.401
G1 F1500 X125.44 Y197.282 E190.45859
G0 F9000 X125.44 Y196.716
G1 F1500 X109.559 Y180.836 E191.20556
G0 F9000 X109.559 Y180.27
G1 F1500 X125.44 Y196.15 E191.95253
G0 F9000 X125.44 Y195.585
G1 F1500 X109.559 Y179.704 E192.69952
G0 F9000 X109.559 Y179.139
G1 F1500 X125.44 Y195.019 E193.44649
G0 F9000 X125.44 Y194.453
G1 F1500 X109.559 Y178.573 E194.19346
G0 F9000 X109.559 Y178.007
G1 F1500 X125.44 Y193.887 E194.94043
G0 F9000 X125.44 Y193.322
G1 F1500 X109.559 Y177.442 E195.6874
G0 F9000 X109.559 Y176.876
G1 F1500 X125.44 Y192.756 E196.43437
G0 F9000 X125.44 Y192.19
G1 F1500 X109.559 Y176.31 E197.18134
G0 F9000 X109.559 Y175.745
G1 F1500 X125.44 Y191.625 E197.92831
G0 F9000 X125.44 Y191.059
G1 F1500 X109.559 Y175.179 E198.67528
G0 F9000 X109.641 Y174.695
G1 F1500 X125.44 Y190.493 E199.4184
G0 F9000 X125.44 Y189.928
G1 F1500 X109.728 Y174.216 E200.15744
G0 F9000 X109.815 Y173.738
G1 F1500 X125.44 Y189.362 E200.89237
G0 F9000 X125.44 Y188.796
G1 F1500 X109.903 Y173.26 E201.62316
G0 F9000 X109.99 Y172.781
G1 F1500 X125.44 Y188.231 E202.34988
G0 F9000 X125.44 Y187.665
G1 F1500 X110.078 Y172.303 E203.07246
G0 F9000 X110.165 Y171.824
G1 F1500 X125.44 Y187.099 E203.79095
G0 F9000 X125.44 Y186.534
G1 F1500 X110.252 Y171.346 E204.50535
G0 F9000 X110.339 Y170.868
G1 F1500 X125.44 Y185.968 E205.21563
G0 F9000 X125.44 Y185.402
G1 F1500 X110.426 Y170.389 E205.92182
G0 F9000 X110.514 Y169.911
G1 F1500 X125.44 Y184.837 E206.62389
G0 F9000 X125.44 Y184.271
G1 F1500 X110.601 Y169.432 E207.32187
G0 F9000 X110.689 Y168.954
G1 F1500 X125.44 Y183.705 E208.01571
G0 F9000 X125.44 Y183.139
G1 F1500 X110.776 Y168.475 E208.70546
G0 F9000 X110.861 Y167.995
G1 F1500 X125.44 Y182.574 E209.39122
G0 F9000 X125.44 Y182.008
G1 F1500 X110.926 Y167.495 E210.07389
G0 F9000 X110.991 Y166.993
G1 F1500 X125.44 Y181.442 E210.75352
G0 F9000 X125.44 Y180.877
G1 F1500 X111.056 Y166.493 E211.4301
G0 F9000 X111.12 Y165.991
G1 F1500 X125.44 Y180.311 E212.10367
G0 F9000 X125.44 Y179.745
G1 F1500 X111.185 Y165.491 E212.77416
G0 F9000 X111.25 Y164.99
G1 F1500 X125.44 Y179.18 E213.44161
G0 F9000 X125.44 Y178.614
G1 F1500 X111.314 Y164.489 E214.10603
G0 F9000 X111.379 Y163.988
G1 F1500 X125.44 Y178.048 E214.7674
G0 F9000 X125.44 Y177.483
G1 F1500 X111.444 Y163.487 E215.42572
G0 F9000 X111.509 Y162.986
G1 F1500 X125.44 Y176.917 E216.081
G0 F9000 X125.44 Y176.351
G1 F1500 X111.573 Y162.485 E216.73323
G0 F9000 X111.638 Y161.984
G1 F1500 X125.44 Y175.786 E217.38244
G0 F9000 X125.44 Y175.22
G1 F1500 X111.703 Y161.484 E218.02856
G0 F9000 X111.768 Y160.982
G1 F1500 X125.331 Y174.546 E218.66655
G0 F9000 X125.205 Y173.854
G1 F1500 X111.819 Y160.468 E219.29618
G0 F9000 X111.86 Y159.943
G1 F1500 X125.079 Y173.162 E219.91796
G0 F9000 X124.953 Y172.471
G1 F1500 X111.901 Y159.418 E220.53191
G0 F9000 X111.941 Y158.893
G1 F1500 X124.826 Y171.778 E221.13798
G0 F9000 X124.7 Y171.086
G1 F1500 X111.982 Y158.368 E221.7362
G0 F9000 X112.022 Y157.843
G1 F1500 X124.574 Y170.395 E222.32661
G0 F9000 X124.447 Y169.702
G1 F1500 X112.063 Y157.318 E222.90911
G0 F9000 X112.104 Y156.793
G1 F1500 X124.322 Y169.011 E223.48381
G0 F9000 X124.195 Y168.318
G1 F1500 X112.145 Y156.268 E224.0506
G0 F9000 X112.185 Y155.743
G1 F1500 X124.095 Y167.652 E224.61079
G0 F9000 X124.01 Y167.003
G1 F1500 X112.226 Y155.218 E225.1651
G0 F9000 X112.266 Y154.693
G1 F1500 X123.926 Y166.353 E225.71355
G0 F9000 X123.841 Y165.702
G1 F1500 X112.307 Y154.168 E226.25607
G0 F9000 X112.347 Y153.642
G1 F1500 X123.757 Y165.052 E226.79276
G0 F9000 X123.673 Y164.403
G1 F1500 X112.377 Y153.107 E227.32409
G0 F9000 X112.391 Y152.555
G1 F1500 X123.589 Y163.753 E227.85081
G0 F9000 X123.505 Y163.103
G1 F1500 X112.405 Y152.003 E228.37292
G0 F9000 X112.42 Y151.452
G1 F1500 X123.421 Y162.453 E228.89038
G0 F9000 X123.337 Y161.803
G1 F1500 X112.434 Y150.9 E229.40322
G0 F9000 X112.448 Y150.349
G1 F1500 X123.252 Y161.153 E229.91141
G0 F9000 X123.183 Y160.518
G1 F1500 X112.463 Y149.798 E230.41564
G0 F9000 X112.477 Y149.246
G1 F1500 X123.136 Y159.905 E230.91701
G0 F9000 X123.088 Y159.292
G1 F1500 X112.491 Y148.695 E231.41546
G0 F9000 X112.505 Y148.143
G1 F1500 X123.04 Y158.679 E231.91102
G0 F9000 X122.993 Y158.065
G1 F1500 X112.519 Y147.592 E232.40366
G0 F9000 X112.533 Y147.04
G1 F1500 X122.946 Y157.452 E232.89343
G0 F9000 X122.897 Y156.839
G1 F1500 X112.548 Y146.489 E233.38024
G0 F9000 X112.559 Y145.934
G1 F1500 X122.85 Y156.226 E233.86432
G0 F9000 X122.803 Y155.612
G1 F1500 X112.559 Y145.369 E234.34614
G0 F9000 X112.559 Y144.803
G1 F1500 X122.755 Y154.999 E234.82573
G0 F9000 X122.707 Y154.386
G1 F1500 X112.559 Y144.237 E235.30309
G0 F9000 X112.559 Y143.672
G1 F1500 X122.66 Y153.773 E235.77821
G0 F9000 X122.626 Y153.173
G1 F1500 X112.559 Y143.106 E236.25173
G0 F9000 X112.559 Y142.54
G1 F1500 X122.61 Y152.592 E236.72452
G0 F9000 X122.596 Y152.011
G1 F1500 X112.559 Y141.975 E237.1966
G0 F9000 X112.559 Y141.409
G1 F1500 X122.58 Y151.43 E237.66796
G0 F9000 X122.565 Y150.849
G1 F1500 X112.559 Y140.843 E238.13861
G0 F9000 X112.559 Y140.277
G1 F1500 X122.55 Y150.268 E238.60856
G0 F9000 X122.535 Y149.688
G1 F1500 X112.559 Y139.712 E239.0778
G0 F9000 X112.559 Y139.146
G1 F1500 X122.52 Y149.107 E239.54633
G0 F9000 X122.504 Y148.526
G1 F1500 X112.559 Y138.58 E240.01414
G0 F9000 X112.559 Y138.015
G1 F1500 X122.489 Y147.945 E240.48122
G0 F9000 X122.474 Y147.364
G1 F1500 X112.559 Y137.449 E240.94759
G0 F9000 X112.559 Y136.883
G1 F1500 X122.459 Y146.784 E241.41328
G0 F9000 X122.444 Y146.202
G1 F1500 X112.559 Y136.318 E241.87821
G0 F9000 X112.559 Y135.752
G1 F1500 X122.439 Y145.632 E242.34294
G0 F9000 X122.439 Y145.067
G1 F1500 X112.559 Y135.186 E242.80769
G0 F9000 X112.559 Y134.621
G1 F1500 X122.439 Y144.501 E243.27241
G0 F9000 X122.439 Y143.935
G1 F1500 X112.559 Y134.055 E243.73714
G0 F9000 X112.559 Y133.489
G1 F1500 X122.439 Y143.37 E244.20189
G0 F9000 X122.439 Y142.804
G1 F1500 X112.559 Y132.924 E244.66661
G0 F9000 X112.559 Y132.358
G1 F1500 X122.439 Y142.238 E245.13134
G0 F9000 X122.439 Y141.673
G1 F1500 X112.559 Y131.792 E245.59608
G0 F9000 X112.559 Y131.226
G1 F1500 X122.439 Y141.107 E246.06083
G0 F9000 X122.439 Y140.541
G1 F1500 X112.559 Y130.661 E246.52556
G0 F9000 X112.559 Y130.095
G1 F1500 X122.439 Y139.976 E246.99031
G0 F9000 X122.439 Y139.41
G1 F1500 X112.559 Y129.529 E247.45505
G0 F9000 X112.559 Y128.964
G1 F1500 X122.439 Y138.844 E247.91978
G0 F9000 X122.439 Y138.278
G1 F1500 X112.559 Y128.398 E248.3845
G0 F9000 X112.559 Y127.832
G1 F1500 X122.439 Y137.713 E248.84925
G0 F9000 X122.439 Y137.147
G1 F1500 X112.559 Y127.267 E249.31398
G0 F9000 X112.559 Y126.701
G1 F1500 X122.439 Y136.581 E249.7787
G0 F9000 X122.439 Y136.016
G1 F1500 X112.559 Y126.135 E250.24345
G0 F9000 X112.559 Y125.57
G1 F1500 X122.439 Y135.45 E250.70818
G0 F9000 X122.439 Y134.884
G1 F1500 X112.559 Y125.004 E251.1729
G0 F9000 X112.559 Y124.438
G1 F1500 X122.439 Y134.319 E251.63765
G0 F9000 X122.439 Y133.753
G1 F1500 X112.559 Y123.873 E252.10237
G0 F9000 X112.559 Y123.307
G1 F1500 X122.439 Y133.187 E252.5671
G0 F9000 X122.439 Y132.622
G1 F1500 X112.559 Y122.741 E253.03185
G0 F9000 X112.559 Y122.176
G1 F1500 X122.439 Y132.056 E253.49657
G0 F9000 X122.439 Y131.49
G1 F1500 X112.559 Y121.61 E253.9613
G0 F9000 X112.559 Y121.044
G1 F1500 X122.439 Y130.925 E254.42605
G0 F9000 X122.439 Y130.359
G1 F1500 X112.559 Y120.478 E254.89079
G0 F9000 X112.559 Y119.913
G1 F1500 X122.439 Y129.793 E255.35552
G0 F9000 X122.439 Y129.228
G1 F1500 X112.559 Y119.347 E255.82027
G0 F9000 X112.559 Y118.781
G1 F1500 X122.439 Y128.662 E256.28502
G0 F9000 X122.439 Y128.096
G1 F1500 X112.559 Y118.216 E256.74974
G0 F9000 X112.559 Y117.65
G1 F1500 X122.439 Y127.53 E257.21447
G0 F9000 X122.439 Y126.965
G1 F1500 X112.559 Y117.084 E257.67921
G0 F9000 X112.559 Y116.519
G1 F1500 X122.439 Y126.399 E258.14394
G0 F9000 X122.439 Y125.833
G1 F1500 X112.559 Y115.953 E258.60866
G0 F9000 X112.559 Y115.387
G1 F1500 X122.439 Y125.268 E259.07341
G0 F9000 X122.439 Y124.702
G1 F1500 X112.559 Y114.822 E259.53814
G0 F9000 X112.559 Y114.256
G1 F1500 X122.439 Y124.136 E260.00286
G0 F9000 X122.439 Y123.571
G1 F1500 X112.559 Y113.69 E260.46761
G0 F9000 X112.559 Y113.125
G1 F1500 X122.439 Y123.005 E260.93234
G0 F9000 X122.439 Y122.439
G1 F1500 X112.559 Y112.559 E261.39706
G0 F9000 X112.559 Y111.993
G1 F1500 X122.439 Y121.874 E261.86181
G0 F9000 X122.439 Y121.308
G1 F1500 X112.559 Y111.428 E262.32653
G0 F9000 X112.559 Y110.862
G1 F1500 X122.439 Y120.742 E262.79126
G0 F9000 X122.439 Y120.177
G1 F1500 X112.559 Y110.296 E263.25601
G0 F9000 X112.559 Y109.73
G1 F1500 X122.439 Y119.611 E263.72076
G0 F9000 X122.439 Y119.045
G1 F1500 X112.559 Y109.165 E264.18548
G0 F9000 X112.559 Y108.599
G1 F1500 X122.439 Y118.479 E264.65021
G0 F9000 X122.439 Y117.914
G1 F1500 X112.559 Y108.033 E265.11495
G0 F9000 X112.559 Y107.468
G1 F1500 X122.439 Y117.348 E265.57968
G0 F9000 X122.439 Y116.782
G1 F1500 X112.559 Y106.902 E266.0444
G0 F9000 X112.559 Y106.336
G1 F1500 X122.439 Y116.217 E266.50915
G0 F9000 X122.439 Y115.651
G1 F1500 X112.559 Y105.771 E266.97388
G0 F9000 X112.559 Y105.205
G1 F1500 X122.439 Y115.085 E267.4386
G0 F9000 X122.439 Y114.52
G1 F1500 X112.559 Y104.639 E267.90335
G0 F9000 X112.559 Y104.074
G1 F1500 X122.439 Y113.954 E268.36808
G0 F9000 X122.439 Y113.388
G1 F1500 X112.559 Y103.508 E268.8328
G0 F9000 X112.559 Y102.942
G1 F1500 X122.439 Y112.823 E269.29755
G0 F9000 X122.439 Y112.257
G1 F1500 X112.559 Y102.377 E269.76227
G0 F9000 X112.559 Y101.811
G1 F1500 X122.439 Y111.691 E270.227
G0 F9000 X122.439 Y111.126
G1 F1500 X112.559 Y101.245 E270.69175
G0 F9000 X112.559 Y100.679
G1 F1500 X122.439 Y110.56 E271.1565
G0 F9000 X122.439 Y109.994
G1 F1500 X112.559 Y100.114 E271.62122
G0 F9000 X112.559 Y99.548
G1 F1500 X122.439 Y109.429 E272.08597
G0 F9000 X122.439 Y108.863
G1 F1500 X112.559 Y98.982 E272.55072
G0 F9000 X112.559 Y98.417
G1 F1500 X122.439 Y108.297 E273.01544
G0 F9000 X122.439 Y107.731
G1 F1500 X112.559 Y97.851 E273.48017
G0 F9000 X112.559 Y97.285
G1 F1500 X122.439 Y107.166 E273.94492
G0 F9000 X122.439 Y106.6
G1 F1500 X112.559 Y96.72 E274.40964
G0 F9000 X112.559 Y96.154
G1 F1500 X122.439 Y106.034 E274.87436
G0 F9000 X122.439 Y105.469
G1 F1500 X112.559 Y95.588 E275.33911
G0 F9000 X112.559 Y95.023
G1 F1500 X122.439 Y104.903 E275.80384
G0 F9000 X122.439 Y104.337
G1 F1500 X112.559 Y94.457 E276.26856
G0 F9000 X112.559 Y93.891
G1 F1500 X122.439 Y103.772 E276.73331
G0 F9000 X122.439 Y103.206
G1 F1500 X112.559 Y93.326 E277.19804
G0 F9000 X112.559 Y92.76
G1 F1500 X122.439 Y102.64 E277.66276
G0 F9000 X122.439 Y102.075
G1 F1500 X112.559 Y92.194 E278.12751
G0 F9000 X112.559 Y91.629
G1 F1500 X122.439 Y101.509 E278.59223
G0 F9000 X122.439 Y100.943
G1 F1500 X112.559 Y91.063 E279.05696
G0 F9000 X112.559 Y90.497
G1 F1500 X122.439 Y100.378 E279.52171
G0 F9000 X122.439 Y99.812
G1 F1500 X112.559 Y89.931 E279.98646
G0 F9000 X112.559 Y89.366
G1 F1500 X122.439 Y99.246 E280.45118
G0 F9000 X122.439 Y98.68
G1 F1500 X112.555 Y88.796 E280.91609
G0 F9000 X112.539 Y88.215
G1 F1500 X122.439 Y98.115 E281.38176
G0 F9000 X122.439 Y97.549
G1 F1500 X112.524 Y87.634 E281.84813
G0 F9000 X112.509 Y87.053
G1 F1500 X122.439 Y96.983 E282.31521
G0 F9000 X122.439 Y96.418
G1 F1500 X112.494 Y86.472 E282.78301
G0 F9000 X112.479 Y85.892
G1 F1500 X122.439 Y95.852 E283.2515
G0 F9000 X122.439 Y95.286
G1 F1500 X112.463 Y85.311 E283.72072
G0 F9000 X112.449 Y84.73
G1 F1500 X122.439 Y94.721 E284.19064
G0 F9000 X122.439 Y94.155
G1 F1500 X112.433 Y84.149 E284.66129
G0 F9000 X112.418 Y83.568
G1 F1500 X122.439 Y93.589 E285.13265
G0 F9000 X122.439 Y93.024
G1 F1500 X112.403 Y82.987 E285.60474
G0 F9000 X112.388 Y82.406
G1 F1500 X122.439 Y92.458 E286.07753
G0 F9000 X122.439 Y91.892
G1 F1500 X112.373 Y81.826 E286.551
G0 F9000 X112.339 Y81.226
G1 F1500 X122.439 Y91.327 E287.0261
G0 F9000 X122.439 Y90.761
G1 F1500 X112.291 Y80.613 E287.50343
G0 F9000 X112.244 Y79.999
G1 F1500 X122.439 Y90.195 E287.98299
G0 F9000 X122.439 Y89.63
G1 F1500 X112.196 Y79.386 E288.46482
G0 F9000 X112.148 Y78.773
G1 F1500 X122.439 Y89.064 E288.94887
G0 F9000 X122.451 Y88.509
G1 F1500 X112.101 Y78.16 E289.43568
G0 F9000 X112.053 Y77.546
G1 F1500 X122.465 Y87.958 E289.92543
G0 F9000 X122.479 Y87.406
G1 F1500 X112.005 Y76.933 E290.41807
G0 F9000 X111.958 Y76.32
G1 F1500 X122.493 Y86.855 E290.91361
G0 F9000 X122.507 Y86.303
G1 F1500 X111.91 Y75.707 E291.41203
G0 F9000 X111.862 Y75.093
G1 F1500 X122.521 Y85.752 E291.9134
G0 F9000 X122.535 Y85.2
G1 F1500 X111.815 Y74.48 E292.41764
G0 F9000 X111.746 Y73.845
G1 F1500 X122.55 Y84.649 E292.92582
G0 F9000 X122.564 Y84.098
G1 F1500 X111.662 Y73.196 E293.43862
G0 F9000 X111.578 Y72.546
G1 F1500 X122.579 Y83.546 E293.95605
G0 F9000 X122.593 Y82.995
G1 F1500 X111.494 Y71.896 E294.47811
G0 F9000 X111.409 Y71.245
G1 F1500 X122.607 Y82.443 E295.00483
G0 F9000 X122.621 Y81.892
G1 F1500 X111.325 Y70.596 E295.53616
G0 F9000 X111.241 Y69.946
G1 F1500 X122.651 Y81.356 E296.07285
G0 F9000 X122.691 Y80.83
G1 F1500 X111.157 Y69.296 E296.61538
G0 F9000 X111.073 Y68.646
G1 F1500 X122.732 Y80.306 E297.1638
G0 F9000 X122.772 Y79.78
G1 F1500 X110.988 Y67.996 E297.71809
G0 F9000 X110.904 Y67.346
G1 F1500 X122.813 Y79.256 E298.27827
G0 F9000 X122.854 Y78.73
G1 F1500 X110.803 Y66.68 E298.84509
G0 F9000 X110.677 Y65.988
G1 F1500 X122.895 Y78.206 E299.41979
G0 F9000 X122.935 Y77.68
G1 F1500 X110.551 Y65.297 E300.00227
G0 F9000 X110.425 Y64.604
G1 F1500 X122.976 Y77.155 E300.59263
G0 F9000 X123.016 Y76.63
G1 F1500 X110.299 Y63.913 E301.1908
G0 F9000 X110.172 Y63.221
G1 F1500 X123.057 Y76.105 E301.79685
G0 F9000 X123.098 Y75.58
G1 F1500 X110.047 Y62.529 E302.41073
G0 F9000 X109.92 Y61.837
G1 F1500 X123.139 Y75.055 E303.03248
G0 F9000 X123.179 Y74.53
G1 F1500 X109.794 Y61.145 E303.66207
G0 F9000 X109.668 Y60.454
G1 F1500 X123.231 Y74.016 E304.30001
G0 F9000 X123.296 Y73.515
G1 F1500 X109.559 Y59.779 E304.94614
G0 F9000 X109.559 Y59.213
G1 F1500 X123.36 Y73.014 E305.59529
G0 F9000 X123.425 Y72.513
G1 F1500 X109.559 Y58.648 E306.24748
G0 F9000 X109.559 Y58.082
G1 F1500 X123.49 Y72.013 E306.90275
G0 F9000 X123.554 Y71.511
G1 F1500 X109.559 Y57.516 E307.56104
G0 F9000 X109.559 Y56.951
G1 F1500 X123.619 Y71.011 E308.22238
G0 F9000 X123.684 Y70.509
G1 F1500 X109.559 Y56.385 E308.88675
G0 F9000 X109.559 Y55.819
G1 F1500 X123.749 Y70.009 E309.5542
G0 F9000 X123.814 Y69.508
G1 F1500 X109.559 Y55.254 E310.22469
G0 F9000 X109.559 Y54.688
G1 F1500 X123.878 Y69.007 E310.89821
G0 F9000 X123.943 Y68.506
G1 F1500 X109.559 Y54.122 E311.57479
G0 F9000 X109.559 Y53.556
G1 F1500 X124.008 Y68.005 E312.25443
G0 F9000 X124.073 Y67.504
G1 F1500 X109.559 Y52.991 E312.9371
G0 F9000 X109.559 Y52.425
G1 F1500 X124.138 Y67.004 E313.62285
G0 F9000 X124.223 Y66.523
G1 F1500 X109.559 Y51.859 E314.3126
G0 F9000 X109.559 Y51.294
G1 F1500 X124.31 Y66.045 E315.00644
G0 F9000 X124.397 Y65.566
G1 F1500 X109.559 Y50.728 E315.70438
G0 F9000 X109.559 Y50.162
G1 F1500 X124.485 Y65.088 E316.40645
G0 F9000 X124.572 Y64.609
G1 F1500 X109.559 Y49.597 E317.11259
G0 F9000 X109.559 Y49.031
G1 F1500 X124.659 Y64.131 E317.82285
G0 F9000 X124.746 Y63.652
G1 F1500 X109.559 Y48.465 E318.5372
G0 F9000 X109.559 Y47.9
G1 F1500 X124.834 Y63.174 E319.25566
G0 F9000 X124.921 Y62.695
G1 F1500 X109.559 Y47.334 E319.97822
G0 F9000 X109.559 Y46.768
G1 F1500 X125.007 Y62.216 E320.70485
G0 F9000 X125.094 Y61.738
G1 F1500 X109.559 Y46.203 E321.43557
G0 F9000 X109.559 Y45.637
G1 F1500 X125.181 Y61.259 E322.17038
G0 F9000 X125.269 Y60.781
G1 F1500 X109.559 Y45.071 E322.90933
G0 F9000 X109.559 Y44.506
G1 F1500 X125.356 Y60.302 E323.65235
G0 F9000 X125.438 Y59.819
G1 F1500 X109.559 Y43.94 E324.39925
G0 F9000 X109.559 Y43.374
G1 F1500 X125.438 Y59.253 E325.14615
G0 F9000 X125.438 Y58.687
G1 F1500 X109.559 Y42.808 E325.89305
G0 F9000 X109.559 Y42.243
G1 F1500 X125.438 Y58.122 E326.63995
G0 F9000 X125.438 Y57.556
G1 F1500 X109.559 Y41.677 E327.38684
G0 F9000 X109.559 Y41.111
G1 F1500 X125.438 Y56.99 E328.13374
G0 F9000 X125.438 Y56.424
G1 F1500 X109.559 Y40.546 E328.88062
G0 F9000 X109.559 Y39.98
G1 F1500 X125.438 Y55.859 E329.62752
G0 F9000 X125.438 Y55.293
G1 F1500 X109.559 Y39.414 E330.37442
G0 F9000 X109.559 Y38.849
G1 F1500 X125.438 Y54.727 E331.1213
G0 F9000 X125.438 Y54.162
G1 F1500 X109.559 Y38.283 E331.86819
G0 F9000 X109.559 Y37.717
G1 F1500 X125.438 Y53.596 E332.61509
G0 F9000 X125.438 Y53.03
G1 F1500 X109.559 Y37.152 E333.36197
G0 F9000 X109.559 Y36.586
G1 F1500 X125.438 Y52.465 E334.10887
G0 F9000 X125.438 Y51.899
G1 F1500 X110.1 Y36.56 E334.83035
G0 F9000 X110.665 Y36.56
G1 F1500 X125.438 Y51.333 E335.52522
G0 F9000 X125.438 Y50.768
G1 F1500 X111.231 Y36.56 E336.1935
G0 F9000 X111.797 Y36.56
G1 F1500 X125.438 Y50.202 E336.83515
G0 F9000 X125.438 Y49.636
G1 F1500 X112.362 Y36.56 E337.45021
G0 F9000 X112.928 Y36.56
G1 F1500 X125.438 Y49.071 E338.03866
G0 F9000 X125.438 Y48.505
G1 F1500 X113.494 Y36.56 E338.6005
G0 F9000 X114.059 Y36.56
G1 F1500 X125.438 Y47.939 E339.13573
G0 F9000 X125.438 Y47.374
G1 F1500 X114.625 Y36.56 E339.64436
G0 F9000 X115.191 Y36.56
G1 F1500 X125.438 Y46.808 E340.12638
G0 F9000 X125.438 Y46.242
G1 F1500 X115.756 Y36.56 E340.58179
G0 F9000 X116.322 Y36.56
G1 F1500 X125.438 Y45.676 E341.01058
G0 F9000 X125.438 Y45.111
G1 F1500 X116.888 Y36.56 E341.41276
G0 F9000 X117.453 Y36.56
G1 F1500 X125.438 Y44.545 E341.78835
G0 F9000 X125.438 Y43.979
G1 F1500 X118.019 Y36.56 E342.13732
G0 F9000 X118.585 Y36.56
G1 F1500 X125.438 Y43.414 E342.45969
G0 F9000 X125.438 Y42.848
G1 F1500 X119.151 Y36.56 E342.75543
G0 F9000 X119.716 Y36.56
G1 F1500 X125.438 Y42.282 E343.02458
G0 F9000 X125.438 Y41.717
G1 F1500 X120.282 Y36.56 E343.26713
G0 F9000 X120.848 Y36.56
G1 F1500 X125.438 Y41.151 E343.48305
G0 F9000 X125.438 Y40.585
G1 F1500 X121.413 Y36.56 E343.67237
G0 F9000 X121.979 Y36.56
G1 F1500 X125.438 Y40.02 E343.8351
G0 F9000 X125.438 Y39.454
G1 F1500 X122.545 Y36.56 E343.9712
G0 F9000 X123.11 Y36.56
G1 F1500 X125.438 Y38.888 E344.0807
G0 F9000 X125.438 Y38.323
G1 F1500 X123.676 Y36.56 E344.1636
G0 F9000 X124.242 Y36.56
G1 F1500 X125.438 Y37.757 E344.21988
G0 F9000 X125.438 Y37.191
G1 F1500 X124.807 Y36.56 E344.24956
G0 F9000 X125.373 Y36.56
G1 F1500 X125.438 Y36.626 E344.25264
G1 F2700 E339.25264
;MESH:NONMESH
G0 F300 X125.438 Y36.626 Z4.4
G0 F9000 X125.9 Y36.626
G0 X125.838 Y59.892
G0 X123.917 Y74.337
G0 X123.35 Y81.659
G0 X123.161 Y88.99
G0 X123.161 Y146.01
G0 X123.35 Y153.341
G0 X123.809 Y159.271
G0 X124.701 Y167.971
;TIME_ELAPSED:6236.527136
;LAYER:21
;TYPE:WALL-INNER
;MESH:D638-22 Tensile.STL
G1 F2700 E344.25264
G1 F1500 X126 Y175.089 E344.4933
G1 X126 Y175.858 E344.51888
G1 X126 Y199 E345.28858
G1 X109 Y199 E345.854
G1 X109 Y175.093 E346.64915
G1 X110.299 Y167.972 E346.88991
G1 X111.245 Y160.664 E347.135
G1 X111.812 Y153.324 E347.37986
G1 X112 Y146.027 E347.62264
G1 X112 Y88.973 E349.52026
G1 X111.81 Y81.625 E349.76474
G1 X111.246 Y74.345 E350.0076
G1 X110.299 Y67.028 E350.25299
G1 X109.001 Y59.911 E350.49361
G1 X109 Y36 E351.28889
G1 X126 Y36 E351.85431
G1 X125.999 Y59.907 E352.64946
G1 X124.701 Y67.027 E352.89018
G1 X123.754 Y74.346 E353.13564
G1 X123.19 Y81.624 E353.37843
G1 X123 Y88.973 E353.62294
G1 X123 Y146.027 E355.52057
G1 X123.188 Y153.323 E355.76331
G1 X123.754 Y160.654 E356.00787
G1 X124.701 Y167.971 E356.25326
G1 F2700 E351.25326
G0 F9000 X125.839 Y175.105
G0 X125.828 Y198.828
G0 X108.87 Y199.13
G1 F2700 E356.25326
G0 F9000 X108.6 Y199.4
G1 F1500 X126.4 Y199.4 E356.84529
G1 X126.4 Y175.858 E357.6283
G1 X126.4 Y175.053 E357.65508
G1 X125.094 Y167.894 E357.89712
G1 X124.156 Y160.654 E358.13993
G1 X123.589 Y153.343 E358.38383
G1 X123.4 Y146.017 E358.62757
G1 X123.4 Y88.983 E360.52453
G1 X123.589 Y81.655 E360.76834
G1 X124.156 Y74.346 E361.01217
G1 X125.094 Y67.104 E361.25505
G1 X126.399 Y59.943 E361.49715
G1 X126.4 Y35.6 E362.3068
G1 X108.6 Y35.6 E362.89883
G1 X108.601 Y59.947 E363.70862
G1 X109.906 Y67.105 E363.95062
G1 X110.847 Y74.376 E364.19447
G1 X111.411 Y81.656 E364.43733
G1 X111.6 Y88.983 E364.68111
G1 X111.6 Y146.017 E366.57807
G1 X111.411 Y153.345 E366.82188
G1 X110.844 Y160.654 E367.06571
G1 X109.906 Y167.896 E367.30859
G1 X108.6 Y175.057 E367.55069
G1 X108.6 Y199.4 E368.36034
G1 F2700 E363.36034
G0 F9000 X108.87 Y199.13
G0 X125.828 Y198.828
G0 X125.839 Y175.105
G0 X124.797 Y167.931
G1 F2700 E368.36034
G0 F9000 X125.491 Y167.842
;TYPE:WALL-OUTER
G1 F1500 X126.8 Y175.017 E368.60292
G1 X126.8 Y175.858 E368.6309
G1 X126.8 Y199.8 E369.42721
G1 X108.2 Y199.8 E370.04585
G1 X108.2 Y175.021 E370.87
G1 X109.507 Y167.854 E371.11231
G1 X110.447 Y160.602 E371.35553
G1 X111.012 Y153.314 E371.59866
G1 X111.2 Y146.007 E371.84177
G1 X111.2 Y88.993 E373.73806
G1 X111.012 Y81.697 E373.98081
G1 X110.448 Y74.407 E374.224
G1 X109.509 Y67.157 E374.46715
G1 X108.201 Y59.983 E374.70969
G1 X108.2 Y35.2 E375.53398
G1 X126.8 Y35.2 E376.15262
G1 X126.799 Y59.979 E376.97677
G1 X125.493 Y67.146 E377.21907
G1 X124.553 Y74.398 E377.46229
G1 X123.988 Y81.686 E377.70542
G1 X123.8 Y88.993 E377.94853
G1 X123.8 Y146.007 E379.84482
G1 X123.988 Y153.302 E380.08754
G1 X124.552 Y160.592 E380.33073
G1 X125.491 Y167.842 E380.57388
G0 F9000 X124.797 Y167.931
G0 X124.341 Y168.004
;TYPE:SKIN
G1 F1500 X125.64 Y175.122 E380.81453
G1 X125.64 Y175.858 E380.83901
G1 X125.64 Y198.64 E381.59674
G1 X109.36 Y198.64 E382.13822
G1 X109.36 Y175.128 E382.92023
G1 X110.657 Y168.017 E383.16065
G1 X111.598 Y160.752 E383.4043
G1 X112.172 Y153.343 E383.65146
G1 X112.36 Y146.04 E383.89444
G1 X112.36 Y88.961 E385.7929
G1 X112.169 Y81.606 E386.03761
G1 X111.599 Y74.258 E386.28274
G1 X110.659 Y66.995 E386.52632
G1 X109.361 Y59.879 E386.7669
G1 X109.361 Y36.361 E387.54912
G1 X125.639 Y36.361 E388.09052
G1 X125.639 Y59.872 E388.8725
G1 X124.343 Y66.983 E389.11291
G1 X123.402 Y74.247 E389.35653
G1 X122.828 Y81.657 E389.60373
G1 X122.64 Y88.961 E389.84674
G1 X122.64 Y146.04 E391.7452
G1 X122.831 Y153.391 E391.98977
G1 X123.401 Y160.741 E392.23497
G1 X124.341 Y168.004 E392.47855
G1 F2700 E387.47855
G0 F9000 X124.597 Y167.957
G0 X125.839 Y175.105
G0 X125.9 Y198.132
G1 F2700 E392.47855
G0 F9000 X125.44 Y198.132
G1 F1500 X125.133 Y198.438 E392.49297
G0 F9000 X124.567 Y198.438
G1 F1500 X125.44 Y197.566 E392.53401
G0 F9000 X125.44 Y197
G1 F1500 X124.001 Y198.438 E392.60167
G0 F9000 X123.436 Y198.438
G1 F1500 X125.44 Y196.434 E392.69593
G0 F9000 X125.44 Y195.869
G1 F1500 X122.87 Y198.438 E392.8168
G0 F9000 X122.304 Y198.438
G1 F1500 X125.44 Y195.303 E392.96428
G0 F9000 X125.44 Y194.737
G1 F1500 X121.739 Y198.438 E393.13836
G0 F9000 X121.173 Y198.438
G1 F1500 X125.44 Y194.172 E393.33905
G0 F9000 X125.44 Y193.606
G1 F1500 X120.607 Y198.438 E393.56635
G0 F9000 X120.041 Y198.438
G1 F1500 X125.44 Y193.04 E393.82028
G0 F9000 X125.44 Y192.475
G1 F1500 X119.476 Y198.438 E394.10079
G0 F9000 X118.91 Y198.438
G1 F1500 X125.44 Y191.909 E394.40791
G0 F9000 X125.44 Y191.343
G1 F1500 X118.344 Y198.438 E394.74167
G0 F9000 X117.779 Y198.438
G1 F1500 X125.44 Y190.778 E395.10199
G0 F9000 X125.44 Y190.212
G1 F1500 X117.213 Y198.438 E395.48894
G0 F9000 X116.647 Y198.438
G1 F1500 X125.44 Y189.646 E395.90251
G0 F9000 X125.44 Y189.081
G1 F1500 X116.082 Y198.438 E396.34266
G0 F9000 X115.516 Y198.438
G1 F1500 X125.44 Y188.515 E396.80943
G0 F9000 X125.44 Y187.949
G1 F1500 X114.95 Y198.438 E397.30283
G0 F9000 X114.385 Y198.438
G1 F1500 X125.44 Y187.384 E397.8228
G0 F9000 X125.44 Y186.818
G1 F1500 X113.819 Y198.438 E398.36939
G0 F9000 X113.253 Y198.438
G1 F1500 X125.44 Y186.252 E398.9426
G0 F9000 X125.44 Y185.686
G1 F1500 X112.688 Y198.438 E399.54242
G0 F9000 X112.122 Y198.438
G1 F1500 X125.44 Y185.121 E400.16883
G0 F9000 X125.44 Y184.555
G1 F1500 X111.556 Y198.438 E400.82187
G0 F9000 X110.991 Y198.438
G1 F1500 X125.44 Y183.989 E401.50151
G0 F9000 X125.44 Y183.424
G1 F1500 X110.425 Y198.438 E402.20774
G0 F9000 X109.859 Y198.438
G1 F1500 X125.44 Y182.858 E402.9406
G0 F9000 X125.44 Y182.292
G1 F1500 X109.559 Y198.173 E403.6876
G0 F9000 X109.559 Y197.607
G1 F1500 X125.44 Y181.727 E404.43457
G0 F9000 X125.44 Y181.161
G1 F1500 X109.559 Y197.041 E405.18154
G0 F9000 X109.559 Y196.475
G1 F1500 X125.44 Y180.595 E405.92851
G0 F9000 X125.44 Y180.03
G1 F1500 X109.559 Y195.91 E406.67548
G0 F9000 X109.559 Y195.344
G1 F1500 X125.44 Y179.464 E407.42245
G0 F9000 X125.44 Y178.898
G1 F1500 X109.559 Y194.778 E408.16942
G0 F9000 X109.559 Y194.213
G1 F1500 X125.44 Y178.333 E408.91639
G0 F9000 X125.44 Y177.767
G1 F1500 X109.559 Y193.647 E409.66336
G0 F9000 X109.559 Y193.081
G1 F1500 X125.44 Y177.201 E410.41033
G0 F9000 X125.44 Y176.635
G1 F1500 X109.559 Y192.516 E411.15732
G0 F9000 X109.559 Y191.95
G1 F1500 X125.44 Y176.07 E411.90429
G0 F9000 X125.44 Y175.504
G1 F1500 X109.559 Y191.384 E412.65126
G0 F9000 X109.559 Y190.819
G1 F1500 X125.408 Y174.97 E413.39675
G0 F9000 X125.321 Y174.492
G1 F1500 X109.559 Y190.253 E414.13812
G0 F9000 X109.559 Y189.687
G1 F1500 X125.234 Y174.013 E414.8754
G0 F9000 X125.146 Y173.535
G1 F1500 X109.559 Y189.122 E415.60857
G0 F9000 X109.559 Y188.556
G1 F1500 X125.059 Y173.056 E416.33764
G0 F9000 X124.971 Y172.578
G1 F1500 X109.559 Y187.99 E417.06257
G0 F9000 X109.559 Y187.425
G1 F1500 X124.884 Y172.099 E417.78344
G0 F9000 X124.797 Y171.621
G1 F1500 X109.559 Y186.859 E418.50019
G0 F9000 X109.559 Y186.293
G1 F1500 X124.71 Y171.143 E419.21282
G0 F9000 X124.623 Y170.664
G1 F1500 X109.559 Y185.727 E419.92136
G0 F9000 X109.559 Y185.162
G1 F1500 X124.535 Y170.186 E420.62578
G0 F9000 X124.448 Y169.707
G1 F1500 X109.559 Y184.596 E421.32612
G0 F9000 X109.559 Y184.03
G1 F1500 X124.36 Y169.229 E422.02231
G0 F9000 X124.274 Y168.751
G1 F1500 X109.559 Y183.465 E422.71444
G0 F9000 X109.559 Y182.899
G1 F1500 X124.186 Y168.273 E423.40242
G0 F9000 X124.111 Y167.782
G1 F1500 X109.559 Y182.333 E424.08688
G0 F9000 X109.559 Y181.768
G1 F1500 X124.046 Y167.281 E424.7683
G0 F9000 X123.981 Y166.781
G1 F1500 X109.559 Y181.202 E425.44665
G0 F9000 X109.559 Y180.636
G1 F1500 X123.916 Y166.28 E426.12193
G0 F9000 X123.851 Y165.779
G1 F1500 X109.559 Y180.071 E426.79418
G0 F9000 X109.559 Y179.505
G1 F1500 X123.786 Y165.278 E427.46338
G0 F9000 X123.721 Y164.777
G1 F1500 X109.559 Y178.939 E428.12952
G0 F9000 X109.559 Y178.374
G1 F1500 X123.656 Y164.277 E428.7926
G0 F9000 X123.591 Y163.776
G1 F1500 X109.559 Y177.808 E429.45262
G0 F9000 X109.559 Y177.242
G1 F1500 X123.527 Y163.275 E430.10961
G0 F9000 X123.462 Y162.774
G1 F1500 X109.559 Y176.676 E430.76354
G0 F9000 X109.559 Y176.111
G1 F1500 X123.397 Y162.273 E431.41443
G0 F9000 X123.332 Y161.773
G1 F1500 X109.559 Y175.545 E432.06225
G0 F9000 X109.597 Y174.942
G1 F1500 X123.267 Y161.272 E432.70525
G0 F9000 X123.202 Y160.771
G1 F1500 X109.723 Y174.25 E433.33926
G0 F9000 X109.849 Y173.558
G1 F1500 X123.161 Y160.246 E433.96541
G0 F9000 X123.121 Y159.721
G1 F1500 X109.975 Y172.867 E434.58376
G0 F9000 X110.102 Y172.174
G1 F1500 X123.08 Y159.196 E435.1942
G0 F9000 X123.039 Y158.671
G1 F1500 X110.228 Y171.483 E435.79682
G0 F9000 X110.354 Y170.791
G1 F1500 X122.999 Y158.146 E436.3916
G0 F9000 X122.958 Y157.621
G1 F1500 X110.48 Y170.099 E436.97853
G0 F9000 X110.607 Y169.407
G1 F1500 X122.917 Y157.096 E437.55758
G0 F9000 X122.876 Y156.571
G1 F1500 X110.732 Y168.715 E438.12879
G0 F9000 X110.858 Y168.024
G1 F1500 X122.835 Y156.047 E438.69215
G0 F9000 X122.795 Y155.521
G1 F1500 X110.942 Y167.374 E439.24968
G0 F9000 X111.026 Y166.725
G1 F1500 X122.754 Y154.997 E439.80133
G0 F9000 X122.713 Y154.472
G1 F1500 X111.11 Y166.075 E440.3471
G0 F9000 X111.194 Y165.425
G1 F1500 X122.673 Y153.947 E440.88701
G0 F9000 X122.632 Y153.422
G1 F1500 X111.278 Y164.775 E441.42105
G0 F9000 X111.362 Y164.126
G1 F1500 X122.617 Y152.871 E441.95045
G0 F9000 X122.603 Y152.319
G1 F1500 X111.446 Y163.476 E442.47524
G0 F9000 X111.53 Y162.826
G1 F1500 X122.588 Y151.768 E442.99537
G0 F9000 X122.574 Y151.217
G1 F1500 X111.614 Y162.177 E443.5109
G0 F9000 X111.698 Y161.527
G1 F1500 X122.559 Y150.666 E444.02177
G0 F9000 X122.545 Y150.114
G1 F1500 X111.782 Y160.878 E444.52805
G0 F9000 X111.836 Y160.257
G1 F1500 X122.53 Y149.563 E445.03106
G0 F9000 X122.516 Y149.012
G1 F1500 X111.884 Y159.644 E445.53116
G0 F9000 X111.931 Y159.031
G1 F1500 X122.502 Y148.46 E446.02839
G0 F9000 X122.487 Y147.909
G1 F1500 X111.978 Y158.418 E446.5227
G0 F9000 X112.026 Y157.805
G1 F1500 X122.473 Y147.358 E447.01409
G0 F9000 X122.459 Y146.806
G1 F1500 X112.074 Y157.191 E447.50257
G0 F9000 X112.121 Y156.578
G1 F1500 X122.444 Y146.255 E447.98813
G0 F9000 X122.439 Y145.695
G1 F1500 X112.169 Y155.965 E448.4712
G0 F9000 X112.216 Y155.352
G1 F1500 X122.439 Y145.13 E448.95204
G0 F9000 X122.439 Y144.564
G1 F1500 X112.263 Y154.739 E449.43066
G0 F9000 X112.311 Y154.126
G1 F1500 X122.439 Y143.998 E449.90705
G0 F9000 X122.439 Y143.433
G1 F1500 X112.358 Y153.513 E450.38121
G0 F9000 X112.383 Y152.923
G1 F1500 X122.439 Y142.867 E450.85421
G0 F9000 X122.439 Y142.301
G1 F1500 X112.398 Y152.342 E451.32651
G0 F9000 X112.413 Y151.762
G1 F1500 X122.439 Y141.736 E451.7981
G0 F9000 X122.439 Y141.17
G1 F1500 X112.427 Y151.181 E452.26901
G0 F9000 X112.442 Y150.601
G1 F1500 X122.439 Y140.604 E452.73924
G0 F9000 X122.439 Y140.038
G1 F1500 X112.457 Y150.02 E453.20876
G0 F9000 X112.473 Y149.439
G1 F1500 X122.439 Y139.473 E453.67753
G0 F9000 X122.439 Y138.907
G1 F1500 X112.487 Y148.858 E454.14562
G0 F9000 X112.502 Y148.278
G1 F1500 X122.439 Y138.341 E454.61303
G0 F9000 X122.439 Y137.776
G1 F1500 X112.517 Y147.697 E455.0797
G0 F9000 X112.532 Y147.117
G1 F1500 X122.439 Y137.21 E455.5457
G0 F9000 X122.439 Y136.644
G1 F1500 X112.548 Y146.535 E456.01094
G0 F9000 X112.56 Y145.958
G1 F1500 X122.439 Y136.079 E456.47562
G0 F9000 X122.439 Y135.513
G1 F1500 X112.56 Y145.392 E456.9403
G0 F9000 X112.56 Y144.826
G1 F1500 X122.439 Y134.947 E457.40497
G0 F9000 X122.439 Y134.382
G1 F1500 X112.56 Y144.261 E457.86965
G0 F9000 X112.56 Y143.695
G1 F1500 X122.439 Y133.816 E458.33433
G0 F9000 X122.439 Y133.25
G1 F1500 X112.56 Y143.129 E458.79901
G0 F9000 X112.56 Y142.564
G1 F1500 X122.439 Y132.685 E459.26369
G0 F9000 X122.439 Y132.119
G1 F1500 X112.56 Y141.998 E459.72836
G0 F9000 X112.56 Y141.432
G1 F1500 X122.439 Y131.553 E460.19304
G0 F9000 X122.439 Y130.987
G1 F1500 X112.56 Y140.866 E460.65772
G0 F9000 X112.56 Y140.301
G1 F1500 X122.439 Y130.422 E461.1224
G0 F9000 X122.439 Y129.856
G1 F1500 X112.56 Y139.735 E461.58708
G0 F9000 X112.56 Y139.169
G1 F1500 X122.439 Y129.29 E462.05175
G0 F9000 X122.439 Y128.725
G1 F1500 X112.56 Y138.604 E462.51643
G0 F9000 X112.56 Y138.038
G1 F1500 X122.439 Y128.159 E462.98111
G0 F9000 X122.439 Y127.593
G1 F1500 X112.56 Y137.472 E463.44579
G0 F9000 X112.56 Y136.907
G1 F1500 X122.439 Y127.028 E463.91046
G0 F9000 X122.439 Y126.462
G1 F1500 X112.56 Y136.341 E464.37514
G0 F9000 X112.56 Y135.775
G1 F1500 X122.439 Y125.896 E464.83982
G0 F9000 X122.439 Y125.331
G1 F1500 X112.56 Y135.21 E465.3045
G0 F9000 X112.56 Y134.644
G1 F1500 X122.439 Y124.765 E465.76918
G0 F9000 X122.439 Y124.199
G1 F1500 X112.56 Y134.078 E466.23385
G0 F9000 X112.56 Y133.513
G1 F1500 X122.439 Y123.634 E466.69853
G0 F9000 X122.439 Y123.068
G1 F1500 X112.56 Y132.947 E467.16321
G0 F9000 X112.56 Y132.381
G1 F1500 X122.439 Y122.502 E467.62789
G0 F9000 X122.439 Y121.937
G1 F1500 X112.56 Y131.816 E468.09257
G0 F9000 X112.56 Y131.25
G1 F1500 X122.439 Y121.371 E468.55724
G0 F9000 X122.439 Y120.805
G1 F1500 X112.56 Y130.684 E469.02192
G0 F9000 X112.56 Y130.118
G1 F1500 X122.439 Y120.239 E469.4866
G0 F9000 X122.439 Y119.674
G1 F1500 X112.56 Y129.553 E469.95128
G0 F9000 X112.56 Y128.987
G1 F1500 X122.439 Y119.108 E470.41595
G0 F9000 X122.439 Y118.542
G1 F1500 X112.56 Y128.421 E470.88063
G0 F9000 X112.56 Y127.856
G1 F1500 X122.439 Y117.977 E471.34531
G0 F9000 X122.439 Y117.411
G1 F1500 X112.56 Y127.29 E471.80999
G0 F9000 X112.56 Y126.724
G1 F1500 X122.439 Y116.845 E472.27467
G0 F9000 X122.439 Y116.28
G1 F1500 X112.56 Y126.159 E472.73934
G0 F9000 X112.56 Y125.593
G1 F1500 X122.439 Y115.714 E473.20402
G0 F9000 X122.439 Y115.148
G1 F1500 X112.56 Y125.027 E473.6687
G0 F9000 X112.56 Y124.462
G1 F1500 X122.439 Y114.583 E474.13338
G0 F9000 X122.439 Y114.017
G1 F1500 X112.56 Y123.896 E474.59806
G0 F9000 X112.56 Y123.33
G1 F1500 X122.439 Y113.451 E475.06273
G0 F9000 X122.439 Y112.886
G1 F1500 X112.56 Y122.765 E475.52741
G0 F9000 X112.56 Y122.199
G1 F1500 X122.439 Y112.32 E475.99209
G0 F9000 X122.439 Y111.754
G1 F1500 X112.56 Y121.633 E476.45677
G0 F9000 X112.56 Y121.067
G1 F1500 X122.439 Y111.189 E476.92142
G0 F9000 X122.439 Y110.623
G1 F1500 X112.56 Y120.502 E477.3861
G0 F9000 X112.56 Y119.936
G1 F1500 X122.439 Y110.057 E477.85078
G0 F9000 X122.439 Y109.491
G1 F1500 X112.56 Y119.37 E478.31545
G0 F9000 X112.56 Y118.805
G1 F1500 X122.439 Y108.926 E478.78013
G0 F9000 X122.439 Y108.36
G1 F1500 X112.56 Y118.239 E479.24481
G0 F9000 X112.56 Y117.673
G1 F1500 X122.439 Y107.794 E479.70949
G0 F9000 X122.439 Y107.229
G1 F1500 X112.56 Y117.108 E480.17417
G0 F9000 X112.56 Y116.542
G1 F1500 X122.439 Y106.663 E480.63884
G0 F9000 X122.439 Y106.097
G1 F1500 X112.56 Y115.976 E481.10352
G0 F9000 X112.56 Y115.411
G1 F1500 X122.439 Y105.532 E481.5682
G0 F9000 X122.439 Y104.966
G1 F1500 X112.56 Y114.845 E482.03288
G0 F9000 X112.56 Y114.279
G1 F1500 X122.439 Y104.4 E482.49756
G0 F9000 X122.439 Y103.835
G1 F1500 X112.56 Y113.714 E482.96223
G0 F9000 X112.56 Y113.148
G1 F1500 X122.439 Y103.269 E483.42691
G0 F9000 X122.439 Y102.703
G1 F1500 X112.56 Y112.582 E483.89159
G0 F9000 X112.56 Y112.017
G1 F1500 X122.439 Y102.138 E484.35627
G0 F9000 X122.439 Y101.572
G1 F1500 X112.56 Y111.451 E484.82095
G0 F9000 X112.56 Y110.885
G1 F1500 X122.439 Y101.006 E485.28562
G0 F9000 X122.439 Y100.44
G1 F1500 X112.56 Y110.319 E485.7503
G0 F9000 X112.56 Y109.754
G1 F1500 X122.439 Y99.875 E486.21498
G0 F9000 X122.439 Y99.309
G1 F1500 X112.56 Y109.188 E486.67966
G0 F9000 X112.56 Y108.622
G1 F1500 X122.439 Y98.743 E487.14433
G0 F9000 X122.439 Y98.178
G1 F1500 X112.56 Y108.057 E487.60901
G0 F9000 X112.56 Y107.491
G1 F1500 X122.439 Y97.612 E488.07369
G0 F9000 X122.439 Y97.046
G1 F1500 X112.56 Y106.925 E488.53837
G0 F9000 X112.56 Y106.36
G1 F1500 X122.439 Y96.481 E489.00305
G0 F9000 X122.439 Y95.915
G1 F1500 X112.56 Y105.794 E489.46772
G0 F9000 X112.56 Y105.228
G1 F1500 X122.439 Y95.349 E489.9324
G0 F9000 X122.439 Y94.784
G1 F1500 X112.56 Y104.663 E490.39708
G0 F9000 X112.56 Y104.097
G1 F1500 X122.439 Y94.218 E490.86176
G0 F9000 X122.439 Y93.652
G1 F1500 X112.56 Y103.531 E491.32644
G0 F9000 X112.56 Y102.966
G1 F1500 X122.439 Y93.087 E491.79111
G0 F9000 X122.439 Y92.521
G1 F1500 X112.56 Y102.4 E492.25579
G0 F9000 X112.56 Y101.834
G1 F1500 X122.439 Y91.955 E492.72047
G0 F9000 X122.439 Y91.39
G1 F1500 X112.56 Y101.269 E493.18515
G0 F9000 X112.56 Y100.703
G1 F1500 X122.439 Y90.824 E493.64982
G0 F9000 X122.439 Y90.258
G1 F1500 X112.56 Y100.137 E494.1145
G0 F9000 X112.56 Y99.571
G1 F1500 X122.439 Y89.692 E494.57918
G0 F9000 X122.439 Y89.127
G1 F1500 X112.56 Y99.006 E495.04386
G0 F9000 X112.56 Y98.44
G1 F1500 X122.448 Y88.551 E495.50898
G0 F9000 X122.463 Y87.971
G1 F1500 X112.56 Y97.874 E495.97479
G0 F9000 X112.56 Y97.309
G1 F1500 X122.479 Y87.389 E496.44137
G0 F9000 X122.494 Y86.809
G1 F1500 X112.56 Y96.743 E496.90864
G0 F9000 X112.56 Y96.177
G1 F1500 X122.509 Y86.228 E497.37661
G0 F9000 X122.523 Y85.648
G1 F1500 X112.56 Y95.612 E497.84526
G0 F9000 X112.56 Y95.046
G1 F1500 X122.538 Y85.067 E498.31462
G0 F9000 X122.553 Y84.487
G1 F1500 X112.56 Y94.48 E498.78466
G0 F9000 X112.56 Y93.915
G1 F1500 X122.569 Y83.905 E499.25547
G0 F9000 X122.584 Y83.325
G1 F1500 X112.56 Y93.349 E499.72697
G0 F9000 X112.56 Y92.783
G1 F1500 X122.598 Y82.744 E500.19915
G0 F9000 X122.613 Y82.164
G1 F1500 X112.56 Y92.218 E500.67204
G0 F9000 X112.56 Y91.652
G1 F1500 X122.633 Y81.578 E501.14587
G0 F9000 X122.68 Y80.965
G1 F1500 X112.56 Y91.086 E501.6219
G0 F9000 X112.56 Y90.52
G1 F1500 X122.728 Y80.352 E502.10017
G0 F9000 X122.775 Y79.739
G1 F1500 X112.56 Y89.955 E502.58068
G0 F9000 X112.56 Y89.389
G1 F1500 X122.823 Y79.126 E503.06342
G0 F9000 X122.87 Y78.513
G1 F1500 X112.556 Y88.827 E503.54856
G0 F9000 X112.541 Y88.276
G1 F1500 X122.917 Y77.9 E504.03661
G0 F9000 X122.965 Y77.287
G1 F1500 X112.527 Y87.725 E504.52759
G0 F9000 X112.513 Y87.173
G1 F1500 X123.012 Y76.674 E505.02143
G0 F9000 X123.06 Y76.06
G1 F1500 X112.498 Y86.622 E505.51823
G0 F9000 X112.484 Y86.071
G1 F1500 X123.107 Y75.447 E506.01793
G0 F9000 X123.155 Y74.834
G1 F1500 X112.47 Y85.519 E506.52052
G0 F9000 X112.455 Y84.968
G1 F1500 X123.204 Y74.22 E507.02609
G0 F9000 X123.288 Y73.57
G1 F1500 X112.441 Y84.417 E507.5363
G0 F9000 X112.427 Y83.865
G1 F1500 X123.371 Y72.921 E508.05108
G0 F9000 X123.455 Y72.271
G1 F1500 X112.412 Y83.314 E508.5705
G0 F9000 X112.398 Y82.763
G1 F1500 X123.54 Y71.621 E509.09459
G0 F9000 X123.624 Y70.971
G1 F1500 X112.384 Y82.211 E509.62329
G0 F9000 X112.369 Y81.66
G1 F1500 X123.708 Y70.321 E510.15664
G0 F9000 X123.792 Y69.671
G1 F1500 X112.332 Y81.132 E510.6957
G0 F9000 X112.292 Y80.606
G1 F1500 X123.876 Y69.022 E511.24058
G0 F9000 X123.96 Y68.372
G1 F1500 X112.251 Y80.081 E511.79134
G0 F9000 X112.21 Y79.557
G1 F1500 X124.044 Y67.723 E512.34797
G0 F9000 X124.128 Y67.073
G1 F1500 X112.169 Y79.031 E512.91046
G0 F9000 X112.128 Y78.507
G1 F1500 X124.247 Y66.388 E513.4805
G0 F9000 X124.373 Y65.696
G1 F1500 X112.088 Y77.981 E514.05835
G0 F9000 X112.047 Y77.457
G1 F1500 X124.499 Y65.005 E514.64405
G0 F9000 X124.625 Y64.313
G1 F1500 X112.006 Y76.932 E515.23761
G0 F9000 X111.966 Y76.407
G1 F1500 X124.751 Y63.621 E515.839
G0 F9000 X124.877 Y62.93
G1 F1500 X111.925 Y75.882 E516.44823
G0 F9000 X111.884 Y75.357
G1 F1500 X125.003 Y62.238 E517.0653
G0 F9000 X125.129 Y61.546
G1 F1500 X111.843 Y74.832 E517.69024
G0 F9000 X111.802 Y74.307
G1 F1500 X125.255 Y60.855 E518.323
G0 F9000 X125.381 Y60.163
G1 F1500 X111.741 Y73.802 E518.96456
G0 F9000 X111.676 Y73.302
G1 F1500 X125.437 Y59.541 E519.61184
G0 F9000 X125.437 Y58.975
G1 F1500 X111.611 Y72.801 E520.26217
G0 F9000 X111.547 Y72.3
G1 F1500 X125.437 Y58.409 E520.91554
G0 F9000 X125.437 Y57.844
G1 F1500 X111.482 Y71.799 E521.57194
G0 F9000 X111.417 Y71.298
G1 F1500 X125.437 Y57.278 E522.23139
G0 F9000 X125.437 Y56.712
G1 F1500 X111.352 Y70.798 E522.89393
G0 F9000 X111.287 Y70.297
G1 F1500 X125.437 Y56.147 E523.55951
G0 F9000 X125.437 Y55.581
G1 F1500 X111.222 Y69.796 E524.22814
G0 F9000 X111.157 Y69.295
G1 F1500 X125.437 Y55.015 E524.89982
G0 F9000 X125.437 Y54.45
G1 F1500 X111.092 Y68.795 E525.57457
G0 F9000 X111.027 Y68.294
G1 F1500 X125.437 Y53.884 E526.25237
G0 F9000 X125.437 Y53.318
G1 F1500 X110.962 Y67.793 E526.93323
G0 F9000 X110.898 Y67.292
G1 F1500 X125.437 Y52.752 E527.61712
G0 F9000 X125.437 Y52.187
G1 F1500 X110.826 Y66.798 E528.30438
G0 F9000 X110.739 Y66.32
G1 F1500 X125.437 Y51.621 E528.99575
G0 F9000 X125.437 Y51.055
G1 F1500 X110.651 Y65.842 E529.69126
G0 F9000 X110.564 Y65.363
G1 F1500 X125.437 Y50.49 E530.39084
G0 F9000 X125.437 Y49.924
G1 F1500 X110.476 Y64.885 E531.09456
G0 F9000 X110.389 Y64.406
G1 F1500 X125.437 Y49.358 E531.80238
G0 F9000 X125.437 Y48.793
G1 F1500 X110.303 Y63.928 E532.51426
G0 F9000 X110.215 Y63.45
G1 F1500 X125.437 Y48.227 E533.23028
G0 F9000 X125.437 Y47.661
G1 F1500 X110.128 Y62.971 E533.95039
G0 F9000 X110.04 Y62.493
G1 F1500 X125.437 Y47.096 E534.67462
G0 F9000 X125.437 Y46.53
G1 F1500 X109.953 Y62.014 E535.40294
G0 F9000 X109.866 Y61.535
G1 F1500 X125.437 Y45.964 E536.13535
G0 F9000 X125.437 Y45.399
G1 F1500 X109.779 Y61.057 E536.87185
G0 F9000 X109.692 Y60.579
G1 F1500 X125.437 Y44.833 E537.61247
G0 F9000 X125.437 Y44.267
G1 F1500 X109.605 Y60.1 E538.35718
G0 F9000 X109.56 Y59.579
G1 F1500 X125.437 Y43.702 E539.10399
G0 F9000 X125.437 Y43.136
G1 F1500 X109.56 Y59.013 E539.85079
G0 F9000 X109.56 Y58.448
G1 F1500 X125.437 Y42.57 E540.59762
G0 F9000 X125.437 Y42.004
G1 F1500 X109.56 Y57.882 E541.34445
G0 F9000 X109.56 Y57.316
G1 F1500 X125.437 Y41.439 E542.09126
G0 F9000 X125.437 Y40.873
G1 F1500 X109.56 Y56.75 E542.83806
G0 F9000 X109.56 Y56.185
G1 F1500 X125.437 Y40.307 E543.58489
G0 F9000 X125.437 Y39.742
G1 F1500 X109.56 Y55.619 E544.3317
G0 F9000 X109.56 Y55.053
G1 F1500 X125.437 Y39.176 E545.0785
G0 F9000 X125.437 Y38.61
G1 F1500 X109.56 Y54.488 E545.82533
G0 F9000 X109.56 Y53.922
G1 F1500 X125.437 Y38.045 E546.57214
G0 F9000 X125.437 Y37.479
G1 F1500 X109.56 Y53.356 E547.31894
G0 F9000 X109.56 Y52.791
G1 F1500 X125.437 Y36.913 E548.06577
G0 F9000 X125.225 Y36.56
G1 F1500 X109.56 Y52.225 E548.80261
G0 F9000 X109.56 Y51.659
G1 F1500 X124.659 Y36.56 E549.51282
G0 F9000 X124.093 Y36.56
G1 F1500 X109.56 Y51.094 E550.19643
G0 F9000 X109.56 Y50.528
G1 F1500 X123.528 Y36.56 E550.85344
G0 F9000 X122.962 Y36.56
G1 F1500 X109.56 Y49.962 E551.48383
G0 F9000 X109.56 Y49.397
G1 F1500 X122.396 Y36.56 E552.08762
G0 F9000 X121.83 Y36.56
G1 F1500 X109.56 Y48.831 E552.66478
G0 F9000 X109.56 Y48.265
G1 F1500 X121.265 Y36.56 E553.21535
G0 F9000 X120.699 Y36.56
G1 F1500 X109.56 Y47.7 E553.73932
G0 F9000 X109.56 Y47.134
G1 F1500 X120.133 Y36.56 E554.23666
G0 F9000 X119.568 Y36.56
G1 F1500 X109.56 Y46.568 E554.70741
G0 F9000 X109.56 Y46.002
G1 F1500 X119.002 Y36.56 E555.15153
G0 F9000 X118.436 Y36.56
G1 F1500 X109.56 Y45.437 E555.56906
G0 F9000 X109.56 Y44.871
G1 F1500 X117.871 Y36.56 E555.95998
G0 F9000 X117.305 Y36.56
G1 F1500 X109.56 Y44.305 E556.32428
G0 F9000 X109.56 Y43.74
G1 F1500 X116.739 Y36.56 E556.66198
G0 F9000 X116.174 Y36.56
G1 F1500 X109.56 Y43.174 E556.97309
G0 F9000 X109.56 Y42.608
G1 F1500 X115.608 Y36.56 E557.25756
G0 F9000 X115.042 Y36.56
G1 F1500 X109.56 Y42.043 E557.51544
G0 F9000 X109.56 Y41.477
G1 F1500 X114.477 Y36.56 E557.74673
G0 F9000 X113.911 Y36.56
G1 F1500 X109.56 Y40.911 E557.95138
G0 F9000 X109.56 Y40.346
G1 F1500 X113.345 Y36.56 E558.12944
G0 F9000 X112.779 Y36.56
G1 F1500 X109.56 Y39.78 E558.28088
G0 F9000 X109.56 Y39.214
G1 F1500 X112.214 Y36.56 E558.40571
G0 F9000 X111.648 Y36.56
G1 F1500 X109.56 Y38.649 E558.50395
G0 F9000 X109.56 Y38.083
G1 F1500 X111.082 Y36.56 E558.57556
G0 F9000 X110.517 Y36.56
G1 F1500 X109.56 Y37.517 E558.62058
G0 F9000 X109.56 Y36.951
G1 F1500 X109.951 Y36.56 E558.63897
G1 F2700 E553.63897
;MESH:NONMESH
G0 F300 X109.951 Y36.56 Z4.6
G0 F9000 X109.951 Y36.1
G0 X109.172 Y36.172
G0 X109.162 Y59.896
G0 X111.083 Y74.337
G0 X111.65 Y81.659
G0 X111.839 Y88.99
G0 X111.839 Y146.01
G0 X111.65 Y153.341
G0 X111.083 Y160.663
G0 X110.14 Y167.947
G0 X109.149 Y173.192
G0 X109 Y199
;TIME_ELAPSED:6525.675871
;LAYER:22
;TYPE:WALL-INNER
;MESH:D638-22 Tensile.STL
G1 F2700 E558.63897
G1 F1500 X126 Y199 E559.20439
G1 X126 Y175.858 E559.9741
G1 X126 Y175.089 E559.99967
G1 X124.701 Y167.971 E560.24033
G1 X123.754 Y160.654 E560.48572
G1 X123.188 Y153.323 E560.73028
G1 X123 Y146.027 E560.97303
G1 X123 Y88.973 E562.87065
G1 X123.19 Y81.624 E563.11516
G1 X123.754 Y74.346 E563.35795
G1 X124.701 Y67.027 E563.60341
G1 X125.999 Y59.907 E563.84413
G1 X126 Y36 E564.63928
G1 X109 Y36 E565.2047
G1 X109.001 Y59.911 E565.99998
G1 X110.299 Y67.028 E566.2406
G1 X111.246 Y74.345 E566.486
G1 X111.81 Y81.625 E566.72886
G1 X112 Y88.973 E566.97333
G1 X112 Y146.027 E568.87096
G1 X111.812 Y153.324 E569.11374
G1 X111.245 Y160.664 E569.35859
G1 X110.299 Y167.972 E569.60369
G1 X109 Y175.093 E569.84444
G1 X109 Y199 E570.63959
G1 F2700 E565.63959
G0 F9000 X125.828 Y198.828
G0 X125.839 Y175.105
G0 X124.797 Y167.931
G1 F2700 E570.63959
G0 F9000 X125.094 Y167.894
G1 F1500 X126.4 Y175.053 E570.88163
G1 X126.4 Y175.858 E570.9084
G1 X126.4 Y199.4 E571.69141
G1 X108.6 Y199.4 E572.28344
G1 X108.6 Y175.057 E573.09309
G1 X109.906 Y167.896 E573.3352
G1 X110.844 Y160.654 E573.57808
G1 X111.411 Y153.345 E573.82191
G1 X111.6 Y146.017 E574.06572
G1 X111.6 Y88.983 E575.96268
G1 X111.411 Y81.656 E576.20646
G1 X110.847 Y74.376 E576.44932
G1 X109.906 Y67.105 E576.69317
G1 X108.601 Y59.947 E576.93517
G1 X108.6 Y35.6 E577.74495
G1 X126.4 Y35.6 E578.33698
G1 X126.399 Y59.943 E579.14664
G1 X125.094 Y67.104 E579.38873
G1 X124.156 Y74.346 E579.63162
G1 X123.589 Y81.655 E579.87544
G1 X123.4 Y88.983 E580.11926
G1 X123.4 Y146.017 E582.01621
G1 X123.589 Y153.343 E582.25996
G1 X124.156 Y160.654 E582.50385
G1 X125.094 Y167.894 E582.74667
G1 F2700 E577.74667
G0 F9000 X124.797 Y167.931
G0 X126.198 Y175.072
G0 X126.082 Y199.082
G0 X108.47 Y199.53
G1 F2700 E582.74667
G0 F9000 X108.2 Y199.8
;TYPE:WALL-OUTER
G1 F1500 X126.8 Y199.8 E583.36531
G1 X126.8 Y175.858 E584.16162
G1 X126.8 Y175.017 E584.18959
G1 X125.491 Y167.842 E584.43217
G1 X124.552 Y160.592 E584.67532
G1 X123.988 Y153.302 E584.91852
G1 X123.8 Y146.007 E585.16123
G1 X123.8 Y88.993 E587.05752
G1 X123.988 Y81.686 E587.30063
G1 X124.553 Y74.398 E587.54376
G1 X125.493 Y67.146 E587.78698
G1 X126.799 Y59.979 E588.02928
G1 X126.8 Y35.2 E588.85344
G1 X108.2 Y35.2 E589.47207
G1 X108.201 Y59.983 E590.29636
G1 X109.509 Y67.157 E590.5389
G1 X110.448 Y74.407 E590.78205
G1 X111.012 Y81.697 E591.02524
G1 X111.2 Y88.993 E591.26799
G1 X111.2 Y146.007 E593.16428
G1 X111.012 Y153.314 E593.40739
G1 X110.447 Y160.602 E593.65052
G1 X109.507 Y167.854 E593.89374
G1 X108.2 Y175.021 E594.13605
G1 X108.2 Y199.8 E594.9602
G0 F9000 X108.47 Y199.53
G0 X109.1 Y198.64
G0 X109.36 Y198.64
;TYPE:SKIN
G1 F1500 X125.64 Y198.64 E595.50168
G1 X125.64 Y175.858 E596.25941
G1 X125.64 Y175.122 E596.28389
G1 X124.341 Y168.004 E596.52454
G1 X123.401 Y160.741 E596.76813
G1 X122.831 Y153.391 E597.01332
G1 X122.64 Y146.04 E597.2579
G1 X122.64 Y88.961 E599.15636
G1 X122.828 Y81.657 E599.39937
G1 X123.402 Y74.247 E599.64657
G1 X124.343 Y66.983 E599.89019
G1 X125.639 Y59.872 E600.13059
G1 X125.639 Y36.361 E600.91257
G1 X109.361 Y36.361 E601.45398
G1 X109.361 Y59.879 E602.23619
G1 X110.659 Y66.995 E602.47678
G1 X111.599 Y74.258 E602.72036
G1 X112.169 Y81.606 E602.96549
G1 X112.36 Y88.961 E603.2102
G1 X112.36 Y146.04 E605.10866
G1 X112.172 Y153.343 E605.35164
G1 X111.598 Y160.752 E605.5988
G1 X110.657 Y168.017 E605.84245
G1 X109.36 Y175.128 E606.08287
G1 X109.36 Y198.64 E606.86488
G0 F9000 X109.559 Y198.372
G1 F1500 X109.626 Y198.438 E606.86801
G0 F9000 X110.191 Y198.438
G1 F1500 X109.559 Y197.806 E606.89773
G0 F9000 X109.559 Y197.241
G1 F1500 X110.757 Y198.438 E606.95406
G0 F9000 X111.323 Y198.438
G1 F1500 X109.559 Y196.675 E607.03701
G0 F9000 X109.559 Y196.109
G1 F1500 X111.889 Y198.438 E607.14658
G0 F9000 X112.454 Y198.438
G1 F1500 X109.559 Y195.544 E607.28273
G0 F9000 X109.559 Y194.978
G1 F1500 X113.02 Y198.438 E607.4455
G0 F9000 X113.586 Y198.438
G1 F1500 X109.559 Y194.412 E607.6349
G0 F9000 X109.559 Y193.846
G1 F1500 X114.151 Y198.438 E607.85089
G0 F9000 X114.717 Y198.438
G1 F1500 X109.559 Y193.281 E608.09348
G0 F9000 X109.559 Y192.715
G1 F1500 X115.283 Y198.438 E608.3627
G0 F9000 X115.848 Y198.438
G1 F1500 X109.559 Y192.149 E608.65852
G0 F9000 X109.559 Y191.584
G1 F1500 X116.414 Y198.438 E608.98093
G0 F9000 X116.98 Y198.438
G1 F1500 X109.559 Y191.018 E609.32997
G0 F9000 X109.559 Y190.452
G1 F1500 X117.545 Y198.438 E609.7056
G0 F9000 X118.111 Y198.438
G1 F1500 X109.559 Y189.887 E610.10784
G0 F9000 X109.559 Y189.321
G1 F1500 X118.677 Y198.438 E610.5367
G0 F9000 X119.242 Y198.438
G1 F1500 X109.559 Y188.755 E610.99216
G0 F9000 X109.559 Y188.19
G1 F1500 X119.808 Y198.438 E611.47422
G0 F9000 X120.374 Y198.438
G1 F1500 X109.559 Y187.624 E611.9829
G0 F9000 X109.559 Y187.058
G1 F1500 X120.94 Y198.438 E612.5182
G0 F9000 X121.505 Y198.438
G1 F1500 X109.559 Y186.493 E613.08008
G0 F9000 X109.559 Y185.927
G1 F1500 X122.071 Y198.438 E613.66858
G0 F9000 X122.637 Y198.438
G1 F1500 X109.559 Y185.361 E614.28371
G0 F9000 X109.559 Y184.795
G1 F1500 X123.202 Y198.438 E614.92543
G0 F9000 X123.768 Y198.438
G1 F1500 X109.559 Y184.23 E615.59376
G0 F9000 X109.559 Y183.664
G1 F1500 X124.334 Y198.438 E616.28871
G0 F9000 X124.899 Y198.438
G1 F1500 X109.559 Y183.098 E617.01025
G0 F9000 X109.559 Y182.533
G1 F1500 X125.44 Y198.413 E617.75722
G0 F9000 X125.44 Y197.847
G1 F1500 X109.559 Y181.967 E618.50419
G0 F9000 X109.559 Y181.401
G1 F1500 X125.44 Y197.282 E619.25119
G0 F9000 X125.44 Y196.716
G1 F1500 X109.559 Y180.836 E619.99816
G0 F9000 X109.559 Y180.27
G1 F1500 X125.44 Y196.15 E620.74513
G0 F9000 X125.44 Y195.585
G1 F1500 X109.559 Y179.704 E621.49212
G0 F9000 X109.559 Y179.139
G1 F1500 X125.44 Y195.019 E622.23909
G0 F9000 X125.44 Y194.453
G1 F1500 X109.559 Y178.573 E622.98606
G0 F9000 X109.559 Y178.007
G1 F1500 X125.44 Y193.887 E623.73303
G0 F9000 X125.44 Y193.322
G1 F1500 X109.559 Y177.442 E624.48
G0 F9000 X109.559 Y176.876
G1 F1500 X125.44 Y192.756 E625.22697
G0 F9000 X125.44 Y192.19
G1 F1500 X109.559 Y176.31 E625.97394
G0 F9000 X109.559 Y175.745
G1 F1500 X125.44 Y191.625 E626.72091
G0 F9000 X125.44 Y191.059
G1 F1500 X109.559 Y175.179 E627.46788
G0 F9000 X109.641 Y174.695
G1 F1500 X125.44 Y190.493 E628.21099
G0 F9000 X125.44 Y189.928
G1 F1500 X109.728 Y174.216 E628.95004
G0 F9000 X109.815 Y173.738
G1 F1500 X125.44 Y189.362 E629.68497
G0 F9000 X125.44 Y188.796
G1 F1500 X109.903 Y173.26 E630.41575
G0 F9000 X109.99 Y172.781
G1 F1500 X125.44 Y188.231 E631.14248
G0 F9000 X125.44 Y187.665
G1 F1500 X110.078 Y172.303 E631.86506
G0 F9000 X110.165 Y171.824
G1 F1500 X125.44 Y187.099 E632.58355
G0 F9000 X125.44 Y186.534
G1 F1500 X110.252 Y171.346 E633.29794
G0 F9000 X110.339 Y170.868
G1 F1500 X125.44 Y185.968 E634.00822
G0 F9000 X125.44 Y185.402
G1 F1500 X110.426 Y170.389 E634.71441
G0 F9000 X110.514 Y169.911
G1 F1500 X125.44 Y184.837 E635.41649
G0 F9000 X125.44 Y184.271
G1 F1500 X110.601 Y169.432 E636.11447
G0 F9000 X110.689 Y168.954
G1 F1500 X125.44 Y183.705 E636.80831
G0 F9000 X125.44 Y183.139
G1 F1500 X110.776 Y168.475 E637.49806
G0 F9000 X110.861 Y167.995
G1 F1500 X125.44 Y182.574 E638.18381
G0 F9000 X125.44 Y182.008
G1 F1500 X110.926 Y167.495 E638.86648
G0 F9000 X110.991 Y166.993
G1 F1500 X125.44 Y181.442 E639.54612
G0 F9000 X125.44 Y180.877
G1 F1500 X111.056 Y166.493 E640.2227
G0 F9000 X111.12 Y165.991
G1 F1500 X125.44 Y180.311 E640.89627
G0 F9000 X125.44 Y179.745
G1 F1500 X111.185 Y165.491 E641.56675
G0 F9000 X111.25 Y164.99
G1 F1500 X125.44 Y179.18 E642.23421
G0 F9000 X125.44 Y178.614
G1 F1500 X111.314 Y164.489 E642.89863
G0 F9000 X111.379 Y163.988
G1 F1500 X125.44 Y178.048 E643.55999
G0 F9000 X125.44 Y177.483
G1 F1500 X111.444 Y163.487 E644.21832
G0 F9000 X111.509 Y162.986
G1 F1500 X125.44 Y176.917 E644.87359
G0 F9000 X125.44 Y176.351
G1 F1500 X111.573 Y162.485 E645.52583
G0 F9000 X111.638 Y161.984
G1 F1500 X125.44 Y175.786 E646.17503
G0 F9000 X125.44 Y175.22
G1 F1500 X111.703 Y161.484 E646.82116
G0 F9000 X111.768 Y160.982
G1 F1500 X125.331 Y174.546 E647.45914
G0 F9000 X125.205 Y173.854
G1 F1500 X111.819 Y160.468 E648.08878
G0 F9000 X111.86 Y159.943
G1 F1500 X125.079 Y173.162 E648.71056
G0 F9000 X124.953 Y172.471
G1 F1500 X111.901 Y159.418 E649.32451
G0 F9000 X111.941 Y158.893
G1 F1500 X124.826 Y171.778 E649.93058
G0 F9000 X124.7 Y171.086
G1 F1500 X111.982 Y158.368 E650.52879
G0 F9000 X112.022 Y157.843
G1 F1500 X124.574 Y170.395 E651.1192
G0 F9000 X124.447 Y169.702
G1 F1500 X112.063 Y157.318 E651.70171
G0 F9000 X112.104 Y156.793
G1 F1500 X124.322 Y169.011 E652.27641
G0 F9000 X124.195 Y168.318
G1 F1500 X112.145 Y156.268 E652.8432
G0 F9000 X112.185 Y155.743
G1 F1500 X124.095 Y167.652 E653.40339
G0 F9000 X124.01 Y167.003
G1 F1500 X112.226 Y155.218 E653.95769
G0 F9000 X112.266 Y154.693
G1 F1500 X123.926 Y166.353 E654.50614
G0 F9000 X123.841 Y165.702
G1 F1500 X112.307 Y154.168 E655.04867
G0 F9000 X112.347 Y153.642
G1 F1500 X123.757 Y165.052 E655.58536
G0 F9000 X123.673 Y164.403
G1 F1500 X112.377 Y153.107 E656.11669
G0 F9000 X112.391 Y152.555
G1 F1500 X123.589 Y163.753 E656.64341
G0 F9000 X123.505 Y163.103
G1 F1500 X112.405 Y152.003 E657.16552
G0 F9000 X112.42 Y151.452
G1 F1500 X123.421 Y162.453 E657.68297
G0 F9000 X123.337 Y161.803
G1 F1500 X112.434 Y150.9 E658.19582
G0 F9000 X112.448 Y150.349
G1 F1500 X123.252 Y161.153 E658.704
G0 F9000 X123.183 Y160.518
G1 F1500 X112.463 Y149.798 E659.20824
G0 F9000 X112.477 Y149.246
G1 F1500 X123.136 Y159.905 E659.7096
G0 F9000 X123.088 Y159.292
G1 F1500 X112.491 Y148.695 E660.20806
G0 F9000 X112.505 Y148.143
G1 F1500 X123.04 Y158.679 E660.70361
G0 F9000 X122.993 Y158.065
G1 F1500 X112.519 Y147.592 E661.19625
G0 F9000 X112.533 Y147.04
G1 F1500 X122.946 Y157.452 E661.68603
G0 F9000 X122.897 Y156.839
G1 F1500 X112.548 Y146.489 E662.17283
G0 F9000 X112.559 Y145.934
G1 F1500 X122.85 Y156.226 E662.65692
G0 F9000 X122.803 Y155.612
G1 F1500 X112.559 Y145.369 E663.13874
G0 F9000 X112.559 Y144.803
G1 F1500 X122.755 Y154.999 E663.61833
G0 F9000 X122.707 Y154.386
G1 F1500 X112.559 Y144.237 E664.09568
G0 F9000 X112.559 Y143.672
G1 F1500 X122.66 Y153.773 E664.5708
G0 F9000 X122.626 Y153.173
G1 F1500 X112.559 Y143.106 E665.04432
G0 F9000 X112.559 Y142.54
G1 F1500 X122.61 Y152.592 E665.51711
G0 F9000 X122.596 Y152.011
G1 F1500 X112.559 Y141.975 E665.9892
G0 F9000 X112.559 Y141.409
G1 F1500 X122.58 Y151.43 E666.46056
G0 F9000 X122.565 Y150.849
G1 F1500 X112.559 Y140.843 E666.93121
G0 F9000 X112.559 Y140.277
G1 F1500 X122.55 Y150.268 E667.40115
G0 F9000 X122.535 Y149.688
G1 F1500 X112.559 Y139.712 E667.8704
G0 F9000 X112.559 Y139.146
G1 F1500 X122.52 Y149.107 E668.33893
G0 F9000 X122.504 Y148.526
G1 F1500 X112.559 Y138.58 E668.80674
G0 F9000 X112.559 Y138.015
G1 F1500 X122.489 Y147.945 E669.27381
G0 F9000 X122.474 Y147.364
G1 F1500 X112.559 Y137.449 E669.74018
G0 F9000 X112.559 Y136.883
G1 F1500 X122.459 Y146.784 E670.20587
G0 F9000 X122.444 Y146.202
G1 F1500 X112.559 Y136.318 E670.67081
G0 F9000 X112.559 Y135.752
G1 F1500 X122.439 Y145.632 E671.13553
G0 F9000 X122.439 Y145.067
G1 F1500 X112.559 Y135.186 E671.60028
G0 F9000 X112.559 Y134.621
G1 F1500 X122.439 Y144.501 E672.06501
G0 F9000 X122.439 Y143.935
G1 F1500 X112.559 Y134.055 E672.52973
G0 F9000 X112.559 Y133.489
G1 F1500 X122.439 Y143.37 E672.99448
G0 F9000 X122.439 Y142.804
G1 F1500 X112.559 Y132.924 E673.45921
G0 F9000 X112.559 Y132.358
G1 F1500 X122.439 Y142.238 E673.92393
G0 F9000 X122.439 Y141.673
G1 F1500 X112.559 Y131.792 E674.38868
G0 F9000 X112.559 Y131.226
G1 F1500 X122.439 Y141.107 E674.85343
G0 F9000 X122.439 Y140.541
G1 F1500 X112.559 Y130.661 E675.31815
G0 F9000 X112.559 Y130.095
G1 F1500 X122.439 Y139.976 E675.7829
G0 F9000 X122.439 Y139.41
G1 F1500 X112.559 Y129.529 E676.24765
G0 F9000 X112.559 Y128.964
G1 F1500 X122.439 Y138.844 E676.71237
G0 F9000 X122.439 Y138.278
G1 F1500 X112.559 Y128.398 E677.1771
G0 F9000 X112.559 Y127.832
G1 F1500 X122.439 Y137.713 E677.64185
G0 F9000 X122.439 Y137.147
G1 F1500 X112.559 Y127.267 E678.10657
G0 F9000 X112.559 Y126.701
G1 F1500 X122.439 Y136.581 E678.5713
G0 F9000 X122.439 Y136.016
G1 F1500 X112.559 Y126.135 E679.03605
G0 F9000 X112.559 Y125.57
G1 F1500 X122.439 Y135.45 E679.50077
G0 F9000 X122.439 Y134.884
G1 F1500 X112.559 Y125.004 E679.9655
G0 F9000 X112.559 Y124.438
G1 F1500 X122.439 Y134.319 E680.43024
G0 F9000 X122.439 Y133.753
G1 F1500 X112.559 Y123.873 E680.89497
G0 F9000 X112.559 Y123.307
G1 F1500 X122.439 Y133.187 E681.35969
G0 F9000 X122.439 Y132.622
G1 F1500 X112.559 Y122.741 E681.82444
G0 F9000 X112.559 Y122.176
G1 F1500 X122.439 Y132.056 E682.28917
G0 F9000 X122.439 Y131.49
G1 F1500 X112.559 Y121.61 E682.75389
G0 F9000 X112.559 Y121.044
G1 F1500 X122.439 Y130.925 E683.21864
G0 F9000 X122.439 Y130.359
G1 F1500 X112.559 Y120.478 E683.68339
G0 F9000 X112.559 Y119.913
G1 F1500 X122.439 Y129.793 E684.14811
G0 F9000 X122.439 Y129.228
G1 F1500 X112.559 Y119.347 E684.61286
G0 F9000 X112.559 Y118.781
G1 F1500 X122.439 Y128.662 E685.07761
G0 F9000 X122.439 Y128.096
G1 F1500 X112.559 Y118.216 E685.54234
G0 F9000 X112.559 Y117.65
G1 F1500 X122.439 Y127.53 E686.00706
G0 F9000 X122.439 Y126.965
G1 F1500 X112.559 Y117.084 E686.47181
G0 F9000 X112.559 Y116.519
G1 F1500 X122.439 Y126.399 E686.93653
G0 F9000 X122.439 Y125.833
G1 F1500 X112.559 Y115.953 E687.40126
G0 F9000 X112.559 Y115.387
G1 F1500 X122.439 Y125.268 E687.86601
G0 F9000 X122.439 Y124.702
G1 F1500 X112.559 Y114.822 E688.33073
G0 F9000 X112.559 Y114.256
G1 F1500 X122.439 Y124.136 E688.79546
G0 F9000 X122.439 Y123.571
G1 F1500 X112.559 Y113.69 E689.26021
G0 F9000 X112.559 Y113.125
G1 F1500 X122.439 Y123.005 E689.72493
G0 F9000 X122.439 Y122.439
G1 F1500 X112.559 Y112.559 E690.18966
G0 F9000 X112.559 Y111.993
G1 F1500 X122.439 Y121.874 E690.6544
G0 F9000 X122.439 Y121.308
G1 F1500 X112.559 Y111.428 E691.11913
G0 F9000 X112.559 Y110.862
G1 F1500 X122.439 Y120.742 E691.58385
G0 F9000 X122.439 Y120.177
G1 F1500 X112.559 Y110.296 E692.0486
G0 F9000 X112.559 Y109.73
G1 F1500 X122.439 Y119.611 E692.51335
G0 F9000 X122.439 Y119.045
G1 F1500 X112.559 Y109.165 E692.97808
G0 F9000 X112.559 Y108.599
G1 F1500 X122.439 Y118.479 E693.4428
G0 F9000 X122.439 Y117.914
G1 F1500 X112.559 Y108.033 E693.90755
G0 F9000 X112.559 Y107.468
G1 F1500 X122.439 Y117.348 E694.37227
G0 F9000 X122.439 Y116.782
G1 F1500 X112.559 Y106.902 E694.837
G0 F9000 X112.559 Y106.336
G1 F1500 X122.439 Y116.217 E695.30175
G0 F9000 X122.439 Y115.651
G1 F1500 X112.559 Y105.771 E695.76647
G0 F9000 X112.559 Y105.205
G1 F1500 X122.439 Y115.085 E696.2312
G0 F9000 X122.439 Y114.52
G1 F1500 X112.559 Y104.639 E696.69595
G0 F9000 X112.559 Y104.074
G1 F1500 X122.439 Y113.954 E697.16067
G0 F9000 X122.439 Y113.388
G1 F1500 X112.559 Y103.508 E697.6254
G0 F9000 X112.559 Y102.942
G1 F1500 X122.439 Y112.823 E698.09014
G0 F9000 X122.439 Y112.257
G1 F1500 X112.559 Y102.377 E698.55487
G0 F9000 X112.559 Y101.811
G1 F1500 X122.439 Y111.691 E699.01959
G0 F9000 X122.439 Y111.126
G1 F1500 X112.559 Y101.245 E699.48434
G0 F9000 X112.559 Y100.679
G1 F1500 X122.439 Y110.56 E699.94909
G0 F9000 X122.439 Y109.994
G1 F1500 X112.559 Y100.114 E700.41382
G0 F9000 X112.559 Y99.548
G1 F1500 X122.439 Y109.429 E700.87856
G0 F9000 X122.439 Y108.863
G1 F1500 X112.559 Y98.982 E701.34331
G0 F9000 X112.559 Y98.417
G1 F1500 X122.439 Y108.297 E701.80804
G0 F9000 X122.439 Y107.731
G1 F1500 X112.559 Y97.851 E702.27276
G0 F9000 X112.559 Y97.285
G1 F1500 X122.439 Y107.166 E702.73751
G0 F9000 X122.439 Y106.6
G1 F1500 X112.559 Y96.72 E703.20224
G0 F9000 X112.559 Y96.154
G1 F1500 X122.439 Y106.034 E703.66696
G0 F9000 X122.439 Y105.469
G1 F1500 X112.559 Y95.588 E704.13171
G0 F9000 X112.559 Y95.023
G1 F1500 X122.439 Y104.903 E704.59643
G0 F9000 X122.439 Y104.337
G1 F1500 X112.559 Y94.457 E705.06116
G0 F9000 X112.559 Y93.891
G1 F1500 X122.439 Y103.772 E705.52591
G0 F9000 X122.439 Y103.206
G1 F1500 X112.559 Y93.326 E705.99063
G0 F9000 X112.559 Y92.76
G1 F1500 X122.439 Y102.64 E706.45536
G0 F9000 X122.439 Y102.075
G1 F1500 X112.559 Y92.194 E706.92011
G0 F9000 X112.559 Y91.629
G1 F1500 X122.439 Y101.509 E707.38483
G0 F9000 X122.439 Y100.943
G1 F1500 X112.559 Y91.063 E707.84955
G0 F9000 X112.559 Y90.497
G1 F1500 X122.439 Y100.378 E708.3143
G0 F9000 X122.439 Y99.812
G1 F1500 X112.559 Y89.931 E708.77905
G0 F9000 X112.559 Y89.366
G1 F1500 X122.439 Y99.246 E709.24378
G0 F9000 X122.439 Y98.68
G1 F1500 X112.555 Y88.796 E709.70869
G0 F9000 X112.539 Y88.215
G1 F1500 X122.439 Y98.115 E710.17436
G0 F9000 X122.439 Y97.549
G1 F1500 X112.524 Y87.634 E710.64073
G0 F9000 X112.509 Y87.053
G1 F1500 X122.439 Y96.983 E711.1078
G0 F9000 X122.439 Y96.418
G1 F1500 X112.494 Y86.472 E711.57561
G0 F9000 X112.479 Y85.892
G1 F1500 X122.439 Y95.852 E712.0441
G0 F9000 X122.439 Y95.286
G1 F1500 X112.463 Y85.311 E712.51331
G0 F9000 X112.449 Y84.73
G1 F1500 X122.439 Y94.721 E712.98324
G0 F9000 X122.439 Y94.155
G1 F1500 X112.433 Y84.149 E713.45389
G0 F9000 X112.418 Y83.568
G1 F1500 X122.439 Y93.589 E713.92525
G0 F9000 X122.439 Y93.024
G1 F1500 X112.403 Y82.987 E714.39733
G0 F9000 X112.388 Y82.406
G1 F1500 X122.439 Y92.458 E714.87012
G0 F9000 X122.439 Y91.892
G1 F1500 X112.373 Y81.826 E715.3436
G0 F9000 X112.339 Y81.226
G1 F1500 X122.439 Y91.327 E715.81869
G0 F9000 X122.439 Y90.761
G1 F1500 X112.291 Y80.613 E716.29602
G0 F9000 X112.244 Y79.999
G1 F1500 X122.439 Y90.195 E716.77559
G0 F9000 X122.439 Y89.63
G1 F1500 X112.196 Y79.386 E717.25741
G0 F9000 X112.148 Y78.773
G1 F1500 X122.439 Y89.064 E717.74147
G0 F9000 X122.451 Y88.509
G1 F1500 X112.101 Y78.16 E718.22828
G0 F9000 X112.053 Y77.546
G1 F1500 X122.465 Y87.958 E718.71803
G0 F9000 X122.479 Y87.406
G1 F1500 X112.005 Y76.933 E719.21067
G0 F9000 X111.958 Y76.32
G1 F1500 X122.493 Y86.855 E719.7062
G0 F9000 X122.507 Y86.303
G1 F1500 X111.91 Y75.707 E720.20463
G0 F9000 X111.862 Y75.093
G1 F1500 X122.521 Y85.752 E720.706
G0 F9000 X122.535 Y85.2
G1 F1500 X111.815 Y74.48 E721.21023
G0 F9000 X111.746 Y73.845
G1 F1500 X122.55 Y84.649 E721.71842
G0 F9000 X122.564 Y84.098
G1 F1500 X111.662 Y73.196 E722.23122
G0 F9000 X111.578 Y72.546
G1 F1500 X122.579 Y83.546 E722.74864
G0 F9000 X122.593 Y82.995
G1 F1500 X111.494 Y71.896 E723.27071
G0 F9000 X111.409 Y71.245
G1 F1500 X122.607 Y82.443 E723.79743
G0 F9000 X122.621 Y81.892
G1 F1500 X111.325 Y70.596 E724.32876
G0 F9000 X111.241 Y69.946
G1 F1500 X122.651 Y81.356 E724.86545
G0 F9000 X122.691 Y80.83
G1 F1500 X111.157 Y69.296 E725.40797
G0 F9000 X111.073 Y68.646
G1 F1500 X122.732 Y80.306 E725.9564
G0 F9000 X122.772 Y79.78
G1 F1500 X110.988 Y67.996 E726.51068
G0 F9000 X110.904 Y67.346
G1 F1500 X122.813 Y79.256 E727.07087
G0 F9000 X122.854 Y78.73
G1 F1500 X110.803 Y66.68 E727.63769
G0 F9000 X110.677 Y65.988
G1 F1500 X122.895 Y78.206 E728.21238
G0 F9000 X122.935 Y77.68
G1 F1500 X110.551 Y65.297 E728.79487
G0 F9000 X110.425 Y64.604
G1 F1500 X122.976 Y77.155 E729.38523
G0 F9000 X123.016 Y76.63
G1 F1500 X110.299 Y63.913 E729.9834
G0 F9000 X110.172 Y63.221
G1 F1500 X123.057 Y76.105 E730.58944
G0 F9000 X123.098 Y75.58
G1 F1500 X110.047 Y62.529 E731.20332
G0 F9000 X109.92 Y61.837
G1 F1500 X123.139 Y75.055 E731.82508
G0 F9000 X123.179 Y74.53
G1 F1500 X109.794 Y61.145 E732.45467
G0 F9000 X109.668 Y60.454
G1 F1500 X123.231 Y74.016 E733.09261
G0 F9000 X123.296 Y73.515
G1 F1500 X109.559 Y59.779 E733.73873
G0 F9000 X109.559 Y59.213
G1 F1500 X123.36 Y73.014 E734.38789
G0 F9000 X123.425 Y72.513
G1 F1500 X109.559 Y58.648 E735.04008
G0 F9000 X109.559 Y58.082
G1 F1500 X123.49 Y72.013 E735.69535
G0 F9000 X123.554 Y71.511
G1 F1500 X109.559 Y57.516 E736.35363
G0 F9000 X109.559 Y56.951
G1 F1500 X123.619 Y71.011 E737.01497
G0 F9000 X123.684 Y70.509
G1 F1500 X109.559 Y56.385 E737.67934
G0 F9000 X109.559 Y55.819
G1 F1500 X123.749 Y70.009 E738.3468
G0 F9000 X123.814 Y69.508
G1 F1500 X109.559 Y55.254 E739.01729
G0 F9000 X109.559 Y54.688
G1 F1500 X123.878 Y69.007 E739.69081
G0 F9000 X123.943 Y68.506
G1 F1500 X109.559 Y54.122 E740.36739
G0 F9000 X109.559 Y53.556
G1 F1500 X124.008 Y68.005 E741.04702
G0 F9000 X124.073 Y67.504
G1 F1500 X109.559 Y52.991 E741.72969
G0 F9000 X109.559 Y52.425
G1 F1500 X124.138 Y67.004 E742.41545
G0 F9000 X124.223 Y66.523
G1 F1500 X109.559 Y51.859 E743.1052
G0 F9000 X109.559 Y51.294
G1 F1500 X124.31 Y66.045 E743.79904
G0 F9000 X124.397 Y65.566
G1 F1500 X109.559 Y50.728 E744.49697
G0 F9000 X109.559 Y50.162
G1 F1500 X124.485 Y65.088 E745.19904
G0 F9000 X124.572 Y64.609
G1 F1500 X109.559 Y49.597 E745.90519
G0 F9000 X109.559 Y49.031
G1 F1500 X124.659 Y64.131 E746.61544
G0 F9000 X124.746 Y63.652
G1 F1500 X109.559 Y48.465 E747.32979
G0 F9000 X109.559 Y47.9
G1 F1500 X124.834 Y63.174 E748.04826
G0 F9000 X124.921 Y62.695
G1 F1500 X109.559 Y47.334 E748.77082
G0 F9000 X109.559 Y46.768
G1 F1500 X125.007 Y62.216 E749.49744
G0 F9000 X125.094 Y61.738
G1 F1500 X109.559 Y46.203 E750.22816
G0 F9000 X109.559 Y45.637
G1 F1500 X125.181 Y61.259 E750.96297
G0 F9000 X125.269 Y60.781
G1 F1500 X109.559 Y45.071 E751.70192
G0 F9000 X109.559 Y44.506
G1 F1500 X125.356 Y60.302 E752.44494
G0 F9000 X125.438 Y59.819
G1 F1500 X109.559 Y43.94 E753.19184
G0 F9000 X109.559 Y43.374
G1 F1500 X125.438 Y59.253 E753.93874
G0 F9000 X125.438 Y58.687
G1 F1500 X109.559 Y42.808 E754.68564
G0 F9000 X109.559 Y42.243
G1 F1500 X125.438 Y58.122 E755.43254
G0 F9000 X125.438 Y57.556
G1 F1500 X109.559 Y41.677 E756.17944
G0 F9000 X109.559 Y41.111
G1 F1500 X125.438 Y56.99 E756.92634
G0 F9000 X125.438 Y56.424
G1 F1500 X109.559 Y40.546 E757.67322
G0 F9000 X109.559 Y39.98
G1 F1500 X125.438 Y55.859 E758.42012
G0 F9000 X125.438 Y55.293
G1 F1500 X109.559 Y39.414 E759.16701
G0 F9000 X109.559 Y38.849
G1 F1500 X125.438 Y54.727 E759.91389
G0 F9000 X125.438 Y54.162
G1 F1500 X109.559 Y38.283 E760.66079
G0 F9000 X109.559 Y37.717
G1 F1500 X125.438 Y53.596 E761.40769
G0 F9000 X125.438 Y53.03
G1 F1500 X109.559 Y37.152 E762.15457
G0 F9000 X109.559 Y36.586
G1 F1500 X125.438 Y52.465 E762.90147
G0 F9000 X125.438 Y51.899
G1 F1500 X110.1 Y36.56 E763.62294
G0 F9000 X110.665 Y36.56
G1 F1500 X125.438 Y51.333 E764.31782
G0 F9000 X125.438 Y50.768
G1 F1500 X111.231 Y36.56 E764.98609
G0 F9000 X111.797 Y36.56
G1 F1500 X125.438 Y50.202 E765.62775
G0 F9000 X125.438 Y49.636
G1 F1500 X112.362 Y36.56 E766.2428
G0 F9000 X112.928 Y36.56
G1 F1500 X125.438 Y49.071 E766.83126
G0 F9000 X125.438 Y48.505
G1 F1500 X113.494 Y36.56 E767.39309
G0 F9000 X114.059 Y36.56
G1 F1500 X125.438 Y47.939 E767.92833
G0 F9000 X125.438 Y47.374
G1 F1500 X114.625 Y36.56 E768.43696
G0 F9000 X115.191 Y36.56
G1 F1500 X125.438 Y46.808 E768.91897
G0 F9000 X125.438 Y46.242
G1 F1500 X115.756 Y36.56 E769.37438
G0 F9000 X116.322 Y36.56
G1 F1500 X125.438 Y45.676 E769.80317
G0 F9000 X125.438 Y45.111
G1 F1500 X116.888 Y36.56 E770.20536
G0 F9000 X117.453 Y36.56
G1 F1500 X125.438 Y44.545 E770.58095
G0 F9000 X125.438 Y43.979
G1 F1500 X118.019 Y36.56 E770.92992
G0 F9000 X118.585 Y36.56
G1 F1500 X125.438 Y43.414 E771.25228
G0 F9000 X125.438 Y42.848
G1 F1500 X119.151 Y36.56 E771.54803
G0 F9000 X119.716 Y36.56
G1 F1500 X125.438 Y42.282 E771.81717
G0 F9000 X125.438 Y41.717
G1 F1500 X120.282 Y36.56 E772.05972
G0 F9000 X120.848 Y36.56
G1 F1500 X125.438 Y41.151 E772.27564
G0 F9000 X125.438 Y40.585
G1 F1500 X121.413 Y36.56 E772.46497
G0 F9000 X121.979 Y36.56
G1 F1500 X125.438 Y40.02 E772.62769
G0 F9000 X125.438 Y39.454
G1 F1500 X122.545 Y36.56 E772.76379
G0 F9000 X123.11 Y36.56
G1 F1500 X125.438 Y38.888 E772.8733
G0 F9000 X125.438 Y38.323
G1 F1500 X123.676 Y36.56 E772.9562
G0 F9000 X124.242 Y36.56
G1 F1500 X125.438 Y37.757 E773.01248
G0 F9000 X125.438 Y37.191
G1 F1500 X124.807 Y36.56 E773.04216
G0 F9000 X125.373 Y36.56
G1 F1500 X125.438 Y36.626 E773.04524
G1 F2700 E768.04524
;MESH:NONMESH
G0 F300 X125.438 Y36.626 Z4.8
G0 F9000 X125.9 Y36.626
G0 X125.838 Y59.892
G0 X123.917 Y74.337
G0 X123.35 Y81.659
G0 X123.161 Y88.99
G0 X123.161 Y146.01
G0 X123.35 Y153.341
G0 X123.809 Y159.271
G0 X124.701 Y167.971
;TIME_ELAPSED:6813.636405
;LAYER:23
;TYPE:WALL-INNER
;MESH:D638-22 Tensile.STL
G1 F2700 E773.04524
G1 F1500 X126 Y175.089 E773.28589
G1 X126 Y175.858 E773.31147
G1 X126 Y199 E774.08118
G1 X109 Y199 E774.6466
G1 X109 Y175.093 E775.44175
G1 X110.299 Y167.972 E775.6825
G1 X111.245 Y160.664 E775.9276
G1 X111.812 Y153.324 E776.17245
G1 X112 Y146.027 E776.41523
G1 X112 Y88.973 E778.31286
G1 X111.81 Y81.625 E778.55733
G1 X111.246 Y74.345 E778.80019
G1 X110.299 Y67.028 E779.04559
G1 X109.001 Y59.911 E779.2862
G1 X109 Y36 E780.08149
G1 X126 Y36 E780.64691
G1 X125.999 Y59.907 E781.44206
G1 X124.701 Y67.027 E781.68278
G1 X123.754 Y74.346 E781.92824
G1 X123.19 Y81.624 E782.17103
G1 X123 Y88.973 E782.41554
G1 X123 Y146.027 E784.31316
G1 X123.188 Y153.323 E784.55591
G1 X123.754 Y160.654 E784.80046
G1 X124.701 Y167.971 E785.04586
G1 F2700 E780.04586
G0 F9000 X125.839 Y175.105
G0 X125.828 Y198.828
G0 X108.87 Y199.13
G1 F2700 E785.04586
G0 F9000 X108.6 Y199.4
G1 F1500 X126.4 Y199.4 E785.63789
G1 X126.4 Y175.858 E786.4209
G1 X126.4 Y175.053 E786.44767
G1 X125.094 Y167.894 E786.68971
G1 X124.156 Y160.654 E786.93253
G1 X123.589 Y153.343 E787.17642
G1 X123.4 Y146.017 E787.42017
G1 X123.4 Y88.983 E789.31713
G1 X123.589 Y81.655 E789.56094
G1 X124.156 Y74.346 E789.80477
G1 X125.094 Y67.104 E790.04765
G1 X126.399 Y59.943 E790.28975
G1 X126.4 Y35.6 E791.0994
G1 X108.6 Y35.6 E791.69143
G1 X108.601 Y59.947 E792.50121
G1 X109.906 Y67.105 E792.74321
G1 X110.847 Y74.376 E792.98707
G1 X111.411 Y81.656 E793.22992
G1 X111.6 Y88.983 E793.4737
G1 X111.6 Y146.017 E795.37066
G1 X111.411 Y153.345 E795.61447
G1 X110.844 Y160.654 E795.8583
G1 X109.906 Y167.896 E796.10118
G1 X108.6 Y175.057 E796.34329
G1 X108.6 Y199.4 E797.15294
G1 F2700 E792.15294
G0 F9000 X108.87 Y199.13
G0 X125.828 Y198.828
G0 X125.839 Y175.105
G0 X124.797 Y167.931
G1 F2700 E797.15294
G0 F9000 X125.491 Y167.842
;TYPE:WALL-OUTER
G1 F1500 X126.8 Y175.017 E797.39552
G1 X126.8 Y175.858 E797.42349
G1 X126.8 Y199.8 E798.21981
G1 X108.2 Y199.8 E798.83844
G1 X108.2 Y175.021 E799.6626
G1 X109.507 Y167.854 E799.9049
G1 X110.447 Y160.602 E800.14812
G1 X111.012 Y153.314 E800.39125
G1 X111.2 Y146.007 E800.63436
G1 X111.2 Y88.993 E802.53066
G1 X111.012 Y81.697 E802.7734
G1 X110.448 Y74.407 E803.01659
G1 X109.509 Y67.157 E803.25974
G1 X108.201 Y59.983 E803.50229
G1 X108.2 Y35.2 E804.32657
G1 X126.8 Y35.2 E804.94521
G1 X126.799 Y59.979 E805.76936
G1 X125.493 Y67.146 E806.01166
G1 X124.553 Y74.398 E806.25488
G1 X123.988 Y81.686 E806.49801
G1 X123.8 Y88.993 E806.74112
G1 X123.8 Y146.007 E808.63742
G1 X123.988 Y153.302 E808.88013
G1 X124.552 Y160.592 E809.12332
G1 X125.491 Y167.842 E809.36647
G0 F9000 X124.797 Y167.931
G0 X124.341 Y168.004
;TYPE:SKIN
G1 F1500 X125.64 Y175.122 E809.60713
G1 X125.64 Y175.858 E809.63161
G1 X125.64 Y198.64 E810.38934
G1 X109.36 Y198.64 E810.93081
G1 X109.36 Y175.128 E811.71283
G1 X110.657 Y168.017 E811.95324
G1 X111.598 Y160.752 E812.19689
G1 X112.172 Y153.343 E812.44406
G1 X112.36 Y146.04 E812.68704
G1 X112.36 Y88.961 E814.58549
G1 X112.169 Y81.606 E814.8302
G1 X111.599 Y74.258 E815.07533
G1 X110.659 Y66.995 E815.31892
G1 X109.361 Y59.879 E815.5595
G1 X109.361 Y36.361 E816.34171
G1 X125.639 Y36.361 E816.88312
G1 X125.639 Y59.872 E817.6651
G1 X124.343 Y66.983 E817.90551
G1 X123.402 Y74.247 E818.14913
G1 X122.828 Y81.657 E818.39632
G1 X122.64 Y88.961 E818.63934
G1 X122.64 Y146.04 E820.53779
G1 X122.831 Y153.391 E820.78237
G1 X123.401 Y160.741 E821.02757
G1 X124.341 Y168.004 E821.27115
G1 F2700 E816.27115
G0 F9000 X124.597 Y167.957
G0 X125.839 Y175.105
G0 X125.9 Y198.132
G1 F2700 E821.27115
G0 F9000 X125.44 Y198.132
G1 F1500 X125.133 Y198.438 E821.28557
G0 F9000 X124.567 Y198.438
G1 F1500 X125.44 Y197.566 E821.32661
G0 F9000 X125.44 Y197
G1 F1500 X124.001 Y198.438 E821.39427
G0 F9000 X123.436 Y198.438
G1 F1500 X125.44 Y196.434 E821.48853
G0 F9000 X125.44 Y195.869
G1 F1500 X122.87 Y198.438 E821.60939
G0 F9000 X122.304 Y198.438
G1 F1500 X125.44 Y195.303 E821.75688
G0 F9000 X125.44 Y194.737
G1 F1500 X121.739 Y198.438 E821.93096
G0 F9000 X121.173 Y198.438
G1 F1500 X125.44 Y194.172 E822.13164
G0 F9000 X125.44 Y193.606
G1 F1500 X120.607 Y198.438 E822.35895
G0 F9000 X120.041 Y198.438
G1 F1500 X125.44 Y193.04 E822.61288
G0 F9000 X125.44 Y192.475
G1 F1500 X119.476 Y198.438 E822.89338
G0 F9000 X118.91 Y198.438
G1 F1500 X125.44 Y191.909 E823.20051
G0 F9000 X125.44 Y191.343
G1 F1500 X118.344 Y198.438 E823.53426
G0 F9000 X117.779 Y198.438
G1 F1500 X125.44 Y190.778 E823.89459
G0 F9000 X125.44 Y190.212
G1 F1500 X117.213 Y198.438 E824.28154
G0 F9000 X116.647 Y198.438
G1 F1500 X125.44 Y189.646 E824.69511
G0 F9000 X125.44 Y189.081
G1 F1500 X116.082 Y198.438 E825.13526
G0 F9000 X115.516 Y198.438
G1 F1500 X125.44 Y188.515 E825.60203
G0 F9000 X125.44 Y187.949
G1 F1500 X114.95 Y198.438 E826.09542
G0 F9000 X114.385 Y198.438
G1 F1500 X125.44 Y187.384 E826.61539
G0 F9000 X125.44 Y186.818
G1 F1500 X113.819 Y198.438 E827.16198
G0 F9000 X113.253 Y198.438
G1 F1500 X125.44 Y186.252 E827.7352
G0 F9000 X125.44 Y185.686
G1 F1500 X112.688 Y198.438 E828.33501
G0 F9000 X112.122 Y198.438
G1 F1500 X125.44 Y185.121 E828.96143
G0 F9000 X125.44 Y184.555
G1 F1500 X111.556 Y198.438 E829.61447
G0 F9000 X110.991 Y198.438
G1 F1500 X125.44 Y183.989 E830.2941
G0 F9000 X125.44 Y183.424
G1 F1500 X110.425 Y198.438 E831.00034
G0 F9000 X109.859 Y198.438
G1 F1500 X125.44 Y182.858 E831.7332
G0 F9000 X125.44 Y182.292
G1 F1500 X109.559 Y198.173 E832.48019
G0 F9000 X109.559 Y197.607
G1 F1500 X125.44 Y181.727 E833.22716
G0 F9000 X125.44 Y181.161
G1 F1500 X109.559 Y197.041 E833.97413
G0 F9000 X109.559 Y196.475
G1 F1500 X125.44 Y180.595 E834.7211
G0 F9000 X125.44 Y180.03
G1 F1500 X109.559 Y195.91 E835.46807
G0 F9000 X109.559 Y195.344
G1 F1500 X125.44 Y179.464 E836.21504
G0 F9000 X125.44 Y178.898
G1 F1500 X109.559 Y194.778 E836.96201
G0 F9000 X109.559 Y194.213
G1 F1500 X125.44 Y178.333 E837.70898
G0 F9000 X125.44 Y177.767
G1 F1500 X109.559 Y193.647 E838.45595
G0 F9000 X109.559 Y193.081
G1 F1500 X125.44 Y177.201 E839.20292
G0 F9000 X125.44 Y176.635
G1 F1500 X109.559 Y192.516 E839.94992
G0 F9000 X109.559 Y191.95
G1 F1500 X125.44 Y176.07 E840.69689
G0 F9000 X125.44 Y175.504
G1 F1500 X109.559 Y191.384 E841.44386
G0 F9000 X109.559 Y190.819
G1 F1500 X125.408 Y174.97 E842.18934
G0 F9000 X125.321 Y174.492
G1 F1500 X109.559 Y190.253 E842.93072
G0 F9000 X109.559 Y189.687
G1 F1500 X125.234 Y174.013 E843.668
G0 F9000 X125.146 Y173.535
G1 F1500 X109.559 Y189.122 E844.40116
G0 F9000 X109.559 Y188.556
G1 F1500 X125.059 Y173.056 E845.13023
G0 F9000 X124.971 Y172.578
G1 F1500 X109.559 Y187.99 E845.85517
G0 F9000 X109.559 Y187.425
G1 F1500 X124.884 Y172.099 E846.57603
G0 F9000 X124.797 Y171.621
G1 F1500 X109.559 Y186.859 E847.29278
G0 F9000 X109.559 Y186.293
G1 F1500 X124.71 Y171.143 E848.00541
G0 F9000 X124.623 Y170.664
G1 F1500 X109.559 Y185.727 E848.71395
G0 F9000 X109.559 Y185.162
G1 F1500 X124.535 Y170.186 E849.41838
G0 F9000 X124.448 Y169.707
G1 F1500 X109.559 Y184.596 E850.11871
G0 F9000 X109.559 Y184.03
G1 F1500 X124.36 Y169.229 E850.81491
G0 F9000 X124.274 Y168.751
G1 F1500 X109.559 Y183.465 E851.50703
G0 F9000 X109.559 Y182.899
G1 F1500 X124.186 Y168.273 E852.19502
G0 F9000 X124.111 Y167.782
G1 F1500 X109.559 Y182.333 E852.87947
G0 F9000 X109.559 Y181.768
G1 F1500 X124.046 Y167.281 E853.5609
G0 F9000 X123.981 Y166.781
G1 F1500 X109.559 Y181.202 E854.23924
G0 F9000 X109.559 Y180.636
G1 F1500 X123.916 Y166.28 E854.91453
G0 F9000 X123.851 Y165.779
G1 F1500 X109.559 Y180.071 E855.58678
G0 F9000 X109.559 Y179.505
G1 F1500 X123.786 Y165.278 E856.25597
G0 F9000 X123.721 Y164.777
G1 F1500 X109.559 Y178.939 E856.92211
G0 F9000 X109.559 Y178.374
G1 F1500 X123.656 Y164.277 E857.58519
G0 F9000 X123.591 Y163.776
G1 F1500 X109.559 Y177.808 E858.24521
G0 F9000 X109.559 Y177.242
G1 F1500 X123.527 Y163.275 E858.9022
G0 F9000 X123.462 Y162.774
G1 F1500 X109.559 Y176.676 E859.55613
G0 F9000 X109.559 Y176.111
G1 F1500 X123.397 Y162.273 E860.20703
G0 F9000 X123.332 Y161.773
G1 F1500 X109.559 Y175.545 E860.85485
G0 F9000 X109.597 Y174.942
G1 F1500 X123.267 Y161.272 E861.49784
G0 F9000 X123.202 Y160.771
G1 F1500 X109.723 Y174.25 E862.13185
G0 F9000 X109.849 Y173.558
G1 F1500 X123.161 Y160.246 E862.75801
G0 F9000 X123.121 Y159.721
G1 F1500 X109.975 Y172.867 E863.37635
G0 F9000 X110.102 Y172.174
G1 F1500 X123.08 Y159.196 E863.9868
G0 F9000 X123.039 Y158.671
G1 F1500 X110.228 Y171.483 E864.58941
G0 F9000 X110.354 Y170.791
G1 F1500 X122.999 Y158.146 E865.1842
G0 F9000 X122.958 Y157.621
G1 F1500 X110.48 Y170.099 E865.77112
G0 F9000 X110.607 Y169.407
G1 F1500 X122.917 Y157.096 E866.35017
G0 F9000 X122.876 Y156.571
G1 F1500 X110.732 Y168.715 E866.92139
G0 F9000 X110.858 Y168.024
G1 F1500 X122.835 Y156.047 E867.48475
G0 F9000 X122.795 Y155.521
G1 F1500 X110.942 Y167.374 E868.04228
G0 F9000 X111.026 Y166.725
G1 F1500 X122.754 Y154.997 E868.59393
G0 F9000 X122.713 Y154.472
G1 F1500 X111.11 Y166.075 E869.1397
G0 F9000 X111.194 Y165.425
G1 F1500 X122.673 Y153.947 E869.67961
G0 F9000 X122.632 Y153.422
G1 F1500 X111.278 Y164.775 E870.21364
G0 F9000 X111.362 Y164.126
G1 F1500 X122.617 Y152.871 E870.74304
G0 F9000 X122.603 Y152.319
G1 F1500 X111.446 Y163.476 E871.26783
G0 F9000 X111.53 Y162.826
G1 F1500 X122.588 Y151.768 E871.78797
G0 F9000 X122.574 Y151.217
G1 F1500 X111.614 Y162.177 E872.30349
G0 F9000 X111.698 Y161.527
G1 F1500 X122.559 Y150.666 E872.81436
G0 F9000 X122.545 Y150.114
G1 F1500 X111.782 Y160.878 E873.32064
G0 F9000 X111.836 Y160.257
G1 F1500 X122.53 Y149.563 E873.82366
G0 F9000 X122.516 Y149.012
G1 F1500 X111.884 Y159.644 E874.32375
G0 F9000 X111.931 Y159.031
G1 F1500 X122.502 Y148.46 E874.82098
G0 F9000 X122.487 Y147.909
G1 F1500 X111.978 Y158.418 E875.31529
G0 F9000 X112.026 Y157.805
G1 F1500 X122.473 Y147.358 E875.80669
G0 F9000 X122.459 Y146.806
G1 F1500 X112.074 Y157.191 E876.29517
G0 F9000 X112.121 Y156.578
G1 F1500 X122.444 Y146.255 E876.78073
G0 F9000 X122.439 Y145.695
G1 F1500 X112.169 Y155.965 E877.2638
G0 F9000 X112.216 Y155.352
G1 F1500 X122.439 Y145.13 E877.74463
G0 F9000 X122.439 Y144.564
G1 F1500 X112.263 Y154.739 E878.22326
G0 F9000 X112.311 Y154.126
G1 F1500 X122.439 Y143.998 E878.69965
G0 F9000 X122.439 Y143.433
G1 F1500 X112.358 Y153.513 E879.1738
G0 F9000 X112.383 Y152.923
G1 F1500 X122.439 Y142.867 E879.64681
G0 F9000 X122.439 Y142.301
G1 F1500 X112.398 Y152.342 E880.1191
G0 F9000 X112.413 Y151.762
G1 F1500 X122.439 Y141.736 E880.5907
G0 F9000 X122.439 Y141.17
G1 F1500 X112.427 Y151.181 E881.06161
G0 F9000 X112.442 Y150.601
G1 F1500 X122.439 Y140.604 E881.53183
G0 F9000 X122.439 Y140.038
G1 F1500 X112.457 Y150.02 E882.00136
G0 F9000 X112.473 Y149.439
G1 F1500 X122.439 Y139.473 E882.47013
G0 F9000 X122.439 Y138.907
G1 F1500 X112.487 Y148.858 E882.93822
G0 F9000 X112.502 Y148.278
G1 F1500 X122.439 Y138.341 E883.40562
G0 F9000 X122.439 Y137.776
G1 F1500 X112.517 Y147.697 E883.8723
G0 F9000 X112.532 Y147.117
G1 F1500 X122.439 Y137.21 E884.33829
G0 F9000 X122.439 Y136.644
G1 F1500 X112.548 Y146.535 E884.80354
G0 F9000 X112.56 Y145.958
G1 F1500 X122.439 Y136.079 E885.26821
G0 F9000 X122.439 Y135.513
G1 F1500 X112.56 Y145.392 E885.73289
G0 F9000 X112.56 Y144.826
G1 F1500 X122.439 Y134.947 E886.19757
G0 F9000 X122.439 Y134.382
G1 F1500 X112.56 Y144.261 E886.66225
G0 F9000 X112.56 Y143.695
G1 F1500 X122.439 Y133.816 E887.12693
G0 F9000 X122.439 Y133.25
G1 F1500 X112.56 Y143.129 E887.5916
G0 F9000 X112.56 Y142.564
G1 F1500 X122.439 Y132.685 E888.05628
G0 F9000 X122.439 Y132.119
G1 F1500 X112.56 Y141.998 E888.52096
G0 F9000 X112.56 Y141.432
G1 F1500 X122.439 Y131.553 E888.98564
G0 F9000 X122.439 Y130.987
G1 F1500 X112.56 Y140.866 E889.45031
G0 F9000 X112.56 Y140.301
G1 F1500 X122.439 Y130.422 E889.91499
G0 F9000 X122.439 Y129.856
G1 F1500 X112.56 Y139.735 E890.37967
G0 F9000 X112.56 Y139.169
G1 F1500 X122.439 Y129.29 E890.84435
G0 F9000 X122.439 Y128.725
G1 F1500 X112.56 Y138.604 E891.30903
G0 F9000 X112.56 Y138.038
G1 F1500 X122.439 Y128.159 E891.7737
G0 F9000 X122.439 Y127.593
G1 F1500 X112.56 Y137.472 E892.23838
G0 F9000 X112.56 Y136.907
G1 F1500 X122.439 Y127.028 E892.70306
G0 F9000 X122.439 Y126.462
G1 F1500 X112.56 Y136.341 E893.16774
G0 F9000 X112.56 Y135.775
G1 F1500 X122.439 Y125.896 E893.63242
G0 F9000 X122.439 Y125.331
G1 F1500 X112.56 Y135.21 E894.09709
G0 F9000 X112.56 Y134.644
G1 F1500 X122.439 Y124.765 E894.56177
G0 F9000 X122.439 Y124.199
G1 F1500 X112.56 Y134.078 E895.02645
G0 F9000 X112.56 Y133.513
G1 F1500 X122.439 Y123.634 E895.49113
G0 F9000 X122.439 Y123.068
G1 F1500 X112.56 Y132.947 E895.9558
G0 F9000 X112.56 Y132.381
G1 F1500 X122.439 Y122.502 E896.42048
G0 F9000 X122.439 Y121.937
G1 F1500 X112.56 Y131.816 E896.88516
G0 F9000 X112.56 Y131.25
G1 F1500 X122.439 Y121.371 E897.34984
G0 F9000 X122.439 Y120.805
G1 F1500 X112.56 Y130.684 E897.81452
G0 F9000 X112.56 Y130.118
G1 F1500 X122.439 Y120.239 E898.27919
G0 F9000 X122.439 Y119.674
G1 F1500 X112.56 Y129.553 E898.74387
G0 F9000 X112.56 Y128.987
G1 F1500 X122.439 Y119.108 E899.20855
G0 F9000 X122.439 Y118.542
G1 F1500 X112.56 Y128.421 E899.67323
G0 F9000 X112.56 Y127.856
G1 F1500 X122.439 Y117.977 E900.13791
G0 F9000 X122.439 Y117.411
G1 F1500 X112.56 Y127.29 E900.60258
G0 F9000 X112.56 Y126.724
G1 F1500 X122.439 Y116.845 E901.06726
G0 F9000 X122.439 Y116.28
G1 F1500 X112.56 Y126.159 E901.53194
G0 F9000 X112.56 Y125.593
G1 F1500 X122.439 Y115.714 E901.99662
G0 F9000 X122.439 Y115.148
G1 F1500 X112.56 Y125.027 E902.4613
G0 F9000 X112.56 Y124.462
G1 F1500 X122.439 Y114.583 E902.92597
G0 F9000 X122.439 Y114.017
G1 F1500 X112.56 Y123.896 E903.39065
G0 F9000 X112.56 Y123.33
G1 F1500 X122.439 Y113.451 E903.85533
G0 F9000 X122.439 Y112.886
G1 F1500 X112.56 Y122.765 E904.32001
G0 F9000 X112.56 Y122.199
G1 F1500 X122.439 Y112.32 E904.78468
G0 F9000 X122.439 Y111.754
G1 F1500 X112.56 Y121.633 E905.24936
G0 F9000 X112.56 Y121.067
G1 F1500 X122.439 Y111.189 E905.71402
G0 F9000 X122.439 Y110.623
G1 F1500 X112.56 Y120.502 E906.17869
G0 F9000 X112.56 Y119.936
G1 F1500 X122.439 Y110.057 E906.64337
G0 F9000 X122.439 Y109.491
G1 F1500 X112.56 Y119.37 E907.10805
G0 F9000 X112.56 Y118.805
G1 F1500 X122.439 Y108.926 E907.57273
G0 F9000 X122.439 Y108.36
G1 F1500 X112.56 Y118.239 E908.03741
G0 F9000 X112.56 Y117.673
G1 F1500 X122.439 Y107.794 E908.50208
G0 F9000 X122.439 Y107.229
G1 F1500 X112.56 Y117.108 E908.96676
G0 F9000 X112.56 Y116.542
G1 F1500 X122.439 Y106.663 E909.43144
G0 F9000 X122.439 Y106.097
G1 F1500 X112.56 Y115.976 E909.89612
G0 F9000 X112.56 Y115.411
G1 F1500 X122.439 Y105.532 E910.3608
G0 F9000 X122.439 Y104.966
G1 F1500 X112.56 Y114.845 E910.82547
G0 F9000 X112.56 Y114.279
G1 F1500 X122.439 Y104.4 E911.29015
G0 F9000 X122.439 Y103.835
G1 F1500 X112.56 Y113.714 E911.75483
G0 F9000 X112.56 Y113.148
G1 F1500 X122.439 Y103.269 E912.21951
G0 F9000 X122.439 Y102.703
G1 F1500 X112.56 Y112.582 E912.68418
G0 F9000 X112.56 Y112.017
G1 F1500 X122.439 Y102.138 E913.14886
G0 F9000 X122.439 Y101.572
G1 F1500 X112.56 Y111.451 E913.61354
G0 F9000 X112.56 Y110.885
G1 F1500 X122.439 Y101.006 E914.07822
G0 F9000 X122.439 Y100.44
G1 F1500 X112.56 Y110.319 E914.5429
G0 F9000 X112.56 Y109.754
G1 F1500 X122.439 Y99.875 E915.00757
G0 F9000 X122.439 Y99.309
G1 F1500 X112.56 Y109.188 E915.47225
G0 F9000 X112.56 Y108.622
G1 F1500 X122.439 Y98.743 E915.93693
G0 F9000 X122.439 Y98.178
G1 F1500 X112.56 Y108.057 E916.40161
G0 F9000 X112.56 Y107.491
G1 F1500 X122.439 Y97.612 E916.86629
G0 F9000 X122.439 Y97.046
G1 F1500 X112.56 Y106.925 E917.33096
G0 F9000 X112.56 Y106.36
G1 F1500 X122.439 Y96.481 E917.79564
G0 F9000 X122.439 Y95.915
G1 F1500 X112.56 Y105.794 E918.26032
G0 F9000 X112.56 Y105.228
G1 F1500 X122.439 Y95.349 E918.725
G0 F9000 X122.439 Y94.784
G1 F1500 X112.56 Y104.663 E919.18967
G0 F9000 X112.56 Y104.097
G1 F1500 X122.439 Y94.218 E919.65435
G0 F9000 X122.439 Y93.652
G1 F1500 X112.56 Y103.531 E920.11903
G0 F9000 X112.56 Y102.966
G1 F1500 X122.439 Y93.087 E920.58371
G0 F9000 X122.439 Y92.521
G1 F1500 X112.56 Y102.4 E921.04839
G0 F9000 X112.56 Y101.834
G1 F1500 X122.439 Y91.955 E921.51306
G0 F9000 X122.439 Y91.39
G1 F1500 X112.56 Y101.269 E921.97774
G0 F9000 X112.56 Y100.703
G1 F1500 X122.439 Y90.824 E922.44242
G0 F9000 X122.439 Y90.258
G1 F1500 X112.56 Y100.137 E922.9071
G0 F9000 X112.56 Y99.571
G1 F1500 X122.439 Y89.692 E923.37178
G0 F9000 X122.439 Y89.127
G1 F1500 X112.56 Y99.006 E923.83645
G0 F9000 X112.56 Y98.44
G1 F1500 X122.448 Y88.551 E924.30158
G0 F9000 X122.463 Y87.971
G1 F1500 X112.56 Y97.874 E924.76739
G0 F9000 X112.56 Y97.309
G1 F1500 X122.479 Y87.389 E925.23397
G0 F9000 X122.494 Y86.809
G1 F1500 X112.56 Y96.743 E925.70123
G0 F9000 X112.56 Y96.177
G1 F1500 X122.509 Y86.228 E926.1692
G0 F9000 X122.523 Y85.648
G1 F1500 X112.56 Y95.612 E926.63786
G0 F9000 X112.56 Y95.046
G1 F1500 X122.538 Y85.067 E927.10721
G0 F9000 X122.553 Y84.487
G1 F1500 X112.56 Y94.48 E927.57725
G0 F9000 X112.56 Y93.915
G1 F1500 X122.569 Y83.905 E928.04807
G0 F9000 X122.584 Y83.325
G1 F1500 X112.56 Y93.349 E928.51957
G0 F9000 X112.56 Y92.783
G1 F1500 X122.598 Y82.744 E928.99175
G0 F9000 X122.613 Y82.164
G1 F1500 X112.56 Y92.218 E929.46463
G0 F9000 X112.56 Y91.652
G1 F1500 X122.633 Y81.578 E929.93846
G0 F9000 X122.68 Y80.965
G1 F1500 X112.56 Y91.086 E930.4145
G0 F9000 X112.56 Y90.52
G1 F1500 X122.728 Y80.352 E930.89277
G0 F9000 X122.775 Y79.739
G1 F1500 X112.56 Y89.955 E931.37328
G0 F9000 X112.56 Y89.389
G1 F1500 X122.823 Y79.126 E931.85602
G0 F9000 X122.87 Y78.513
G1 F1500 X112.556 Y88.827 E932.34115
G0 F9000 X112.541 Y88.276
G1 F1500 X122.917 Y77.9 E932.82921
G0 F9000 X122.965 Y77.287
G1 F1500 X112.527 Y87.725 E933.32018
G0 F9000 X112.513 Y87.173
G1 F1500 X123.012 Y76.674 E933.81402
G0 F9000 X123.06 Y76.06
G1 F1500 X112.498 Y86.622 E934.31083
G0 F9000 X112.484 Y86.071
G1 F1500 X123.107 Y75.447 E934.81052
G0 F9000 X123.155 Y74.834
G1 F1500 X112.47 Y85.519 E935.31311
G0 F9000 X112.455 Y84.968
G1 F1500 X123.204 Y74.22 E935.81869
G0 F9000 X123.288 Y73.57
G1 F1500 X112.441 Y84.417 E936.3289
G0 F9000 X112.427 Y83.865
G1 F1500 X123.371 Y72.921 E936.84367
G0 F9000 X123.455 Y72.271
G1 F1500 X112.412 Y83.314 E937.3631
G0 F9000 X112.398 Y82.763
G1 F1500 X123.54 Y71.621 E937.88719
G0 F9000 X123.624 Y70.971
G1 F1500 X112.384 Y82.211 E938.41588
G0 F9000 X112.369 Y81.66
G1 F1500 X123.708 Y70.321 E938.94923
G0 F9000 X123.792 Y69.671
G1 F1500 X112.332 Y81.132 E939.4883
G0 F9000 X112.292 Y80.606
G1 F1500 X123.876 Y69.022 E940.03317
G0 F9000 X123.96 Y68.372
G1 F1500 X112.251 Y80.081 E940.58393
G0 F9000 X112.21 Y79.557
G1 F1500 X124.044 Y67.723 E941.14057
G0 F9000 X124.128 Y67.073
G1 F1500 X112.169 Y79.031 E941.70306
G0 F9000 X112.128 Y78.507
G1 F1500 X124.247 Y66.388 E942.2731
G0 F9000 X124.373 Y65.696
G1 F1500 X112.088 Y77.981 E942.85095
G0 F9000 X112.047 Y77.457
G1 F1500 X124.499 Y65.005 E943.43665
G0 F9000 X124.625 Y64.313
G1 F1500 X112.006 Y76.932 E944.03021
G0 F9000 X111.966 Y76.407
G1 F1500 X124.751 Y63.621 E944.6316
G0 F9000 X124.877 Y62.93
G1 F1500 X111.925 Y75.882 E945.24082
G0 F9000 X111.884 Y75.357
G1 F1500 X125.003 Y62.238 E945.8579
G0 F9000 X125.129 Y61.546
G1 F1500 X111.843 Y74.832 E946.48283
G0 F9000 X111.802 Y74.307
G1 F1500 X125.255 Y60.855 E947.1156
G0 F9000 X125.381 Y60.163
G1 F1500 X111.741 Y73.802 E947.75716
G0 F9000 X111.676 Y73.302
G1 F1500 X125.437 Y59.541 E948.40443
G0 F9000 X125.437 Y58.975
G1 F1500 X111.611 Y72.801 E949.05476
G0 F9000 X111.547 Y72.3
G1 F1500 X125.437 Y58.409 E949.70813
G0 F9000 X125.437 Y57.844
G1 F1500 X111.482 Y71.799 E950.36453
G0 F9000 X111.417 Y71.298
G1 F1500 X125.437 Y57.278 E951.02399
G0 F9000 X125.437 Y56.712
G1 F1500 X111.352 Y70.798 E951.68653
G0 F9000 X111.287 Y70.297
G1 F1500 X125.437 Y56.147 E952.3521
G0 F9000 X125.437 Y55.581
G1 F1500 X111.222 Y69.796 E953.02073
G0 F9000 X111.157 Y69.295
G1 F1500 X125.437 Y55.015 E953.69242
G0 F9000 X125.437 Y54.45
G1 F1500 X111.092 Y68.795 E954.36716
G0 F9000 X111.027 Y68.294
G1 F1500 X125.437 Y53.884 E955.04497
G0 F9000 X125.437 Y53.318
G1 F1500 X110.962 Y67.793 E955.72583
G0 F9000 X110.898 Y67.292
G1 F1500 X125.437 Y52.752 E956.40972
G0 F9000 X125.437 Y52.187
G1 F1500 X110.826 Y66.798 E957.09698
G0 F9000 X110.739 Y66.32
G1 F1500 X125.437 Y51.621 E957.78835
G0 F9000 X125.437 Y51.055
G1 F1500 X110.651 Y65.842 E958.48386
G0 F9000 X110.564 Y65.363
G1 F1500 X125.437 Y50.49 E959.18344
G0 F9000 X125.437 Y49.924
G1 F1500 X110.476 Y64.885 E959.88716
G0 F9000 X110.389 Y64.406
G1 F1500 X125.437 Y49.358 E960.59497
G0 F9000 X125.437 Y48.793
G1 F1500 X110.303 Y63.928 E961.30685
G0 F9000 X110.215 Y63.45
G1 F1500 X125.437 Y48.227 E962.02287
G0 F9000 X125.437 Y47.661
G1 F1500 X110.128 Y62.971 E962.74298
G0 F9000 X110.04 Y62.493
G1 F1500 X125.437 Y47.096 E963.46721
G0 F9000 X125.437 Y46.53
G1 F1500 X109.953 Y62.014 E964.19553
G0 F9000 X109.866 Y61.535
G1 F1500 X125.437 Y45.964 E964.92794
G0 F9000 X125.437 Y45.399
G1 F1500 X109.779 Y61.057 E965.66445
G0 F9000 X109.692 Y60.579
G1 F1500 X125.437 Y44.833 E966.40507
G0 F9000 X125.437 Y44.267
G1 F1500 X109.605 Y60.1 E967.14978
G0 F9000 X109.56 Y59.579
G1 F1500 X125.437 Y43.702 E967.89658
G0 F9000 X125.437 Y43.136
G1 F1500 X109.56 Y59.013 E968.64339
G0 F9000 X109.56 Y58.448
G1 F1500 X125.437 Y42.57 E969.39022
G0 F9000 X125.437 Y42.004
G1 F1500 X109.56 Y57.882 E970.13705
G0 F9000 X109.56 Y57.316
G1 F1500 X125.437 Y41.439 E970.88385
G0 F9000 X125.437 Y40.873
G1 F1500 X109.56 Y56.75 E971.63066
G0 F9000 X109.56 Y56.185
G1 F1500 X125.437 Y40.307 E972.37749
G0 F9000 X125.437 Y39.742
G1 F1500 X109.56 Y55.619 E973.12429
G0 F9000 X109.56 Y55.053
G1 F1500 X125.437 Y39.176 E973.8711
G0 F9000 X125.437 Y38.61
G1 F1500 X109.56 Y54.488 E974.61793
G0 F9000 X109.56 Y53.922
G1 F1500 X125.437 Y38.045 E975.36473
G0 F9000 X125.437 Y37.479
G1 F1500 X109.56 Y53.356 E976.11154
G0 F9000 X109.56 Y52.791
G1 F1500 X125.437 Y36.913 E976.85837
G0 F9000 X125.225 Y36.56
G1 F1500 X109.56 Y52.225 E977.5952
G0 F9000 X109.56 Y51.659
G1 F1500 X124.659 Y36.56 E978.30541
G0 F9000 X124.093 Y36.56
G1 F1500 X109.56 Y51.094 E978.98902
G0 F9000 X109.56 Y50.528
G1 F1500 X123.528 Y36.56 E979.64603
G0 F9000 X122.962 Y36.56
G1 F1500 X109.56 Y49.962 E980.27642
G0 F9000 X109.56 Y49.397
G1 F1500 X122.396 Y36.56 E980.88021
G0 F9000 X121.83 Y36.56
G1 F1500 X109.56 Y48.831 E981.45738
G0 F9000 X109.56 Y48.265
G1 F1500 X121.265 Y36.56 E982.00795
G0 F9000 X120.699 Y36.56
G1 F1500 X109.56 Y47.7 E982.53192
G0 F9000 X109.56 Y47.134
G1 F1500 X120.133 Y36.56 E983.02926
G0 F9000 X119.568 Y36.56
G1 F1500 X109.56 Y46.568 E983.50001
G0 F9000 X109.56 Y46.002
G1 F1500 X119.002 Y36.56 E983.94413
G0 F9000 X118.436 Y36.56
G1 F1500 X109.56 Y45.437 E984.36165
G0 F9000 X109.56 Y44.871
G1 F1500 X117.871 Y36.56 E984.75258
G0 F9000 X117.305 Y36.56
G1 F1500 X109.56 Y44.305 E985.11688
G0 F9000 X109.56 Y43.74
G1 F1500 X116.739 Y36.56 E985.45458
G0 F9000 X116.174 Y36.56
G1 F1500 X109.56 Y43.174 E985.76568
G0 F9000 X109.56 Y42.608
G1 F1500 X115.608 Y36.56 E986.05016
G0 F9000 X115.042 Y36.56
G1 F1500 X109.56 Y42.043 E986.30804
G0 F9000 X109.56 Y41.477
G1 F1500 X114.477 Y36.56 E986.53932
G0 F9000 X113.911 Y36.56
G1 F1500 X109.56 Y40.911 E986.74398
G0 F9000 X109.56 Y40.346
G1 F1500 X113.345 Y36.56 E986.92204
G0 F9000 X112.779 Y36.56
G1 F1500 X109.56 Y39.78 E987.07347
G0 F9000 X109.56 Y39.214
G1 F1500 X112.214 Y36.56 E987.19831
G0 F9000 X111.648 Y36.56
G1 F1500 X109.56 Y38.649 E987.29654
G0 F9000 X109.56 Y38.083
G1 F1500 X111.082 Y36.56 E987.36816
G0 F9000 X110.517 Y36.56
G1 F1500 X109.56 Y37.517 E987.41317
G0 F9000 X109.56 Y36.951
G1 F1500 X109.951 Y36.56 E987.43156
G1 F2700 E982.43156
;MESH:NONMESH
G0 F300 X109.951 Y36.56 Z5
G0 F9000 X109.951 Y36.1
G0 X109.172 Y36.172
G0 X109.162 Y59.896
G0 X111.083 Y74.337
G0 X111.65 Y81.659
G0 X111.839 Y88.99
G0 X111.839 Y146.01
G0 X111.65 Y153.341
G0 X111.083 Y160.663
G0 X110.14 Y167.947
G0 X109.149 Y173.192
G0 X109 Y199
;TIME_ELAPSED:7102.785140
;LAYER:24
;TYPE:WALL-INNER
;MESH:D638-22 Tensile.STL
G1 F2700 E987.43156
G1 F1500 X126 Y199 E987.99699
G1 X126 Y175.858 E988.76669
G1 X126 Y175.089 E988.79227
G1 X124.701 Y167.971 E989.03293
G1 X123.754 Y160.654 E989.27832
G1 X123.188 Y153.323 E989.52288
G1 X123 Y146.027 E989.76562
G1 X123 Y88.973 E991.66325
G1 X123.19 Y81.624 E991.90776
G1 X123.754 Y74.346 E992.15055
G1 X124.701 Y67.027 E992.39601
G1 X125.999 Y59.907 E992.63672
G1 X126 Y36 E993.43187
G1 X109 Y36 E993.9973
G1 X109.001 Y59.911 E994.79258
G1 X110.299 Y67.028 E995.0332
G1 X111.246 Y74.345 E995.27859
G1 X111.81 Y81.625 E995.52145
G1 X112 Y88.973 E995.76593
G1 X112 Y146.027 E997.66355
G1 X111.812 Y153.324 E997.90633
G1 X111.245 Y160.664 E998.15119
G1 X110.299 Y167.972 E998.39628
G1 X109 Y175.093 E998.63703
G1 X109 Y199 E999.43218
G1 F2700 E994.43218
G0 F9000 X125.828 Y198.828
G0 X125.839 Y175.105
G0 X124.797 Y167.931
G1 F2700 E999.43218
G0 F9000 X125.094 Y167.894
G1 F1500 X126.4 Y175.053 E999.67422
G1 X126.4 Y175.858 E999.701
G1 X126.4 Y199.4 E1000.48401
G1 X108.6 Y199.4 E1001.07604
G1 X108.6 Y175.057 E1001.88569
G1 X109.906 Y167.896 E1002.12779
G1 X110.844 Y160.654 E1002.37068
G1 X111.411 Y153.345 E1002.61451
G1 X111.6 Y146.017 E1002.85832
G1 X111.6 Y88.983 E1004.75528
G1 X111.411 Y81.656 E1004.99905
G1 X110.847 Y74.376 E1005.24191
G1 X109.906 Y67.105 E1005.48576
G1 X108.601 Y59.947 E1005.72776
G1 X108.6 Y35.6 E1006.53755
G1 X126.4 Y35.6 E1007.12958
G1 X126.399 Y59.943 E1007.93923
G1 X125.094 Y67.104 E1008.18133
G1 X124.156 Y74.346 E1008.42421
G1 X123.589 Y81.655 E1008.66804
G1 X123.4 Y88.983 E1008.91185
G1 X123.4 Y146.017 E1010.80881
G1 X123.589 Y153.343 E1011.05255
G1 X124.156 Y160.654 E1011.29645
G1 X125.094 Y167.894 E1011.53927
G1 F2700 E1006.53927
G0 F9000 X124.797 Y167.931
G0 X126.198 Y175.072
G0 X126.082 Y199.082
G0 X108.47 Y199.53
G1 F2700 E1011.53927
G0 F9000 X108.2 Y199.8
;TYPE:WALL-OUTER
G1 F1500 X126.8 Y199.8 E1012.1579
G1 X126.8 Y175.858 E1012.95422
G1 X126.8 Y175.017 E1012.98219
G1 X125.491 Y167.842 E1013.22477
G1 X124.552 Y160.592 E1013.46792
G1 X123.988 Y153.302 E1013.71111
G1 X123.8 Y146.007 E1013.95382
G1 X123.8 Y88.993 E1015.85012
G1 X123.988 Y81.686 E1016.09323
G1 X124.553 Y74.398 E1016.33636
G1 X125.493 Y67.146 E1016.57958
G1 X126.799 Y59.979 E1016.82188
G1 X126.8 Y35.2 E1017.64603
G1 X108.2 Y35.2 E1018.26467
G1 X108.201 Y59.983 E1019.08896
G1 X109.509 Y67.157 E1019.3315
G1 X110.448 Y74.407 E1019.57465
G1 X111.012 Y81.697 E1019.81784
G1 X111.2 Y88.993 E1020.06058
G1 X111.2 Y146.007 E1021.95688
G1 X111.012 Y153.314 E1022.19999
G1 X110.447 Y160.602 E1022.44312
G1 X109.507 Y167.854 E1022.68634
G1 X108.2 Y175.021 E1022.92864
G1 X108.2 Y199.8 E1023.7528
G0 F9000 X108.47 Y199.53
G0 X109.1 Y198.64
G0 X109.36 Y198.64
;TYPE:SKIN
G1 F1500 X125.64 Y198.64 E1024.29427
G1 X125.64 Y175.858 E1025.052
G1 X125.64 Y175.122 E1025.07648
G1 X124.341 Y168.004 E1025.31714
G1 X123.401 Y160.741 E1025.56072
G1 X122.831 Y153.391 E1025.80592
G1 X122.64 Y146.04 E1026.0505
G1 X122.64 Y88.961 E1027.94895
G1 X122.828 Y81.657 E1028.19196
G1 X123.402 Y74.247 E1028.43916
G1 X124.343 Y66.983 E1028.68278
G1 X125.639 Y59.872 E1028.92319
G1 X125.639 Y36.361 E1029.70517
G1 X109.361 Y36.361 E1030.24658
G1 X109.361 Y59.879 E1031.02879
G1 X110.659 Y66.995 E1031.26937
G1 X111.599 Y74.258 E1031.51296
G1 X112.169 Y81.606 E1031.75809
G1 X112.36 Y88.961 E1032.0028
G1 X112.36 Y146.04 E1033.90125
G1 X112.172 Y153.343 E1034.14423
G1 X111.598 Y160.752 E1034.39139
G1 X110.657 Y168.017 E1034.63505
G1 X109.36 Y175.128 E1034.87546
G1 X109.36 Y198.64 E1035.65747
G0 F9000 X109.559 Y198.372
G1 F1500 X109.626 Y198.438 E1035.6606
G0 F9000 X110.191 Y198.438
G1 F1500 X109.559 Y197.806 E1035.69033
G0 F9000 X109.559 Y197.241
G1 F1500 X110.757 Y198.438 E1035.74666
G0 F9000 X111.323 Y198.438
G1 F1500 X109.559 Y196.675 E1035.82961
G0 F9000 X109.559 Y196.109
G1 F1500 X111.889 Y198.438 E1035.93918
G0 F9000 X112.454 Y198.438
G1 F1500 X109.559 Y195.544 E1036.07533
G0 F9000 X109.559 Y194.978
G1 F1500 X113.02 Y198.438 E1036.2381
G0 F9000 X113.586 Y198.438
G1 F1500 X109.559 Y194.412 E1036.42749
G0 F9000 X109.559 Y193.846
G1 F1500 X114.151 Y198.438 E1036.64349
G0 F9000 X114.717 Y198.438
G1 F1500 X109.559 Y193.281 E1036.88608
G0 F9000 X109.559 Y192.715
G1 F1500 X115.283 Y198.438 E1037.1553
G0 F9000 X115.848 Y198.438
G1 F1500 X109.559 Y192.149 E1037.45111
G0 F9000 X109.559 Y191.584
G1 F1500 X116.414 Y198.438 E1037.77353
G0 F9000 X116.98 Y198.438
G1 F1500 X109.559 Y191.018 E1038.12256
G0 F9000 X109.559 Y190.452
G1 F1500 X117.545 Y198.438 E1038.4982
G0 F9000 X118.111 Y198.438
G1 F1500 X109.559 Y189.887 E1038.90044
G0 F9000 X109.559 Y189.321
G1 F1500 X118.677 Y198.438 E1039.3293
G0 F9000 X119.242 Y198.438
G1 F1500 X109.559 Y188.755 E1039.78475
G0 F9000 X109.559 Y188.19
G1 F1500 X119.808 Y198.438 E1040.26681
G0 F9000 X120.374 Y198.438
G1 F1500 X109.559 Y187.624 E1040.77549
G0 F9000 X109.559 Y187.058
G1 F1500 X120.94 Y198.438 E1041.3108
G0 F9000 X121.505 Y198.438
G1 F1500 X109.559 Y186.493 E1041.87268
G0 F9000 X109.559 Y185.927
G1 F1500 X122.071 Y198.438 E1042.46118
G0 F9000 X122.637 Y198.438
G1 F1500 X109.559 Y185.361 E1043.0763
G0 F9000 X109.559 Y184.795
G1 F1500 X123.202 Y198.438 E1043.71803
G0 F9000 X123.768 Y198.438
G1 F1500 X109.559 Y184.23 E1044.38635
G0 F9000 X109.559 Y183.664
G1 F1500 X124.334 Y198.438 E1045.0813
G0 F9000 X124.899 Y198.438
G1 F1500 X109.559 Y183.098 E1045.80285
G0 F9000 X109.559 Y182.533
G1 F1500 X125.44 Y198.413 E1046.54982
G0 F9000 X125.44 Y197.847
G1 F1500 X109.559 Y181.967 E1047.29679
G0 F9000 X109.559 Y181.401
G1 F1500 X125.44 Y197.282 E1048.04378
G0 F9000 X125.44 Y196.716
G1 F1500 X109.559 Y180.836 E1048.79075
G0 F9000 X109.559 Y180.27
G1 F1500 X125.44 Y196.15 E1049.53772
G0 F9000 X125.44 Y195.585
G1 F1500 X109.559 Y179.704 E1050.28471
G0 F9000 X109.559 Y179.139
G1 F1500 X125.44 Y195.019 E1051.03168
G0 F9000 X125.44 Y194.453
G1 F1500 X109.559 Y178.573 E1051.77865
G0 F9000 X109.559 Y178.007
G1 F1500 X125.44 Y193.887 E1052.52562
G0 F9000 X125.44 Y193.322
G1 F1500 X109.559 Y177.442 E1053.27259
G0 F9000 X109.559 Y176.876
G1 F1500 X125.44 Y192.756 E1054.01956
G0 F9000 X125.44 Y192.19
G1 F1500 X109.559 Y176.31 E1054.76653
G0 F9000 X109.559 Y175.745
G1 F1500 X125.44 Y191.625 E1055.5135
G0 F9000 X125.44 Y191.059
G1 F1500 X109.559 Y175.179 E1056.26047
G0 F9000 X109.641 Y174.695
G1 F1500 X125.44 Y190.493 E1057.00359
G0 F9000 X125.44 Y189.928
G1 F1500 X109.728 Y174.216 E1057.74263
G0 F9000 X109.815 Y173.738
G1 F1500 X125.44 Y189.362 E1058.47756
G0 F9000 X125.44 Y188.796
G1 F1500 X109.903 Y173.26 E1059.20835
G0 F9000 X109.99 Y172.781
G1 F1500 X125.44 Y188.231 E1059.93507
G0 F9000 X125.44 Y187.665
G1 F1500 X110.078 Y172.303 E1060.65765
G0 F9000 X110.165 Y171.824
G1 F1500 X125.44 Y187.099 E1061.37614
G0 F9000 X125.44 Y186.534
G1 F1500 X110.252 Y171.346 E1062.09054
G0 F9000 X110.339 Y170.868
G1 F1500 X125.44 Y185.968 E1062.80082
G0 F9000 X125.44 Y185.402
G1 F1500 X110.426 Y170.389 E1063.50701
G0 F9000 X110.514 Y169.911
G1 F1500 X125.44 Y184.837 E1064.20908
G0 F9000 X125.44 Y184.271
G1 F1500 X110.601 Y169.432 E1064.90706
G0 F9000 X110.689 Y168.954
G1 F1500 X125.44 Y183.705 E1065.6009
G0 F9000 X125.44 Y183.139
G1 F1500 X110.776 Y168.475 E1066.29065
G0 F9000 X110.861 Y167.995
G1 F1500 X125.44 Y182.574 E1066.97641
G0 F9000 X125.44 Y182.008
G1 F1500 X110.926 Y167.495 E1067.65908
G0 F9000 X110.991 Y166.993
G1 F1500 X125.44 Y181.442 E1068.33871
G0 F9000 X125.44 Y180.877
G1 F1500 X111.056 Y166.493 E1069.01529
G0 F9000 X111.12 Y165.991
G1 F1500 X125.44 Y180.311 E1069.68886
G0 F9000 X125.44 Y179.745
G1 F1500 X111.185 Y165.491 E1070.35935
G0 F9000 X111.25 Y164.99
G1 F1500 X125.44 Y179.18 E1071.0268
G0 F9000 X125.44 Y178.614
G1 F1500 X111.314 Y164.489 E1071.69122
G0 F9000 X111.379 Y163.988
G1 F1500 X125.44 Y178.048 E1072.35259
G0 F9000 X125.44 Y177.483
G1 F1500 X111.444 Y163.487 E1073.01092
G0 F9000 X111.509 Y162.986
G1 F1500 X125.44 Y176.917 E1073.66619
G0 F9000 X125.44 Y176.351
G1 F1500 X111.573 Y162.485 E1074.31842
G0 F9000 X111.638 Y161.984
G1 F1500 X125.44 Y175.786 E1074.96763
G0 F9000 X125.44 Y175.22
G1 F1500 X111.703 Y161.484 E1075.61375
G0 F9000 X111.768 Y160.982
G1 F1500 X125.331 Y174.546 E1076.25174
G0 F9000 X125.205 Y173.854
G1 F1500 X111.819 Y160.468 E1076.88137
G0 F9000 X111.86 Y159.943
G1 F1500 X125.079 Y173.162 E1077.50315
G0 F9000 X124.953 Y172.471
G1 F1500 X111.901 Y159.418 E1078.1171
G0 F9000 X111.941 Y158.893
G1 F1500 X124.826 Y171.778 E1078.72317
G0 F9000 X124.7 Y171.086
G1 F1500 X111.982 Y158.368 E1079.32139
G0 F9000 X112.022 Y157.843
G1 F1500 X124.574 Y170.395 E1079.9118
G0 F9000 X124.447 Y169.702
G1 F1500 X112.063 Y157.318 E1080.4943
G0 F9000 X112.104 Y156.793
G1 F1500 X124.322 Y169.011 E1081.069
G0 F9000 X124.195 Y168.318
G1 F1500 X112.145 Y156.268 E1081.6358
G0 F9000 X112.185 Y155.743
G1 F1500 X124.095 Y167.652 E1082.19598
G0 F9000 X124.01 Y167.003
G1 F1500 X112.226 Y155.218 E1082.75029
G0 F9000 X112.266 Y154.693
G1 F1500 X123.926 Y166.353 E1083.29874
G0 F9000 X123.841 Y165.702
G1 F1500 X112.307 Y154.168 E1083.84126
G0 F9000 X112.347 Y153.642
G1 F1500 X123.757 Y165.052 E1084.37795
G0 F9000 X123.673 Y164.403
G1 F1500 X112.377 Y153.107 E1084.90928
G0 F9000 X112.391 Y152.555
G1 F1500 X123.589 Y163.753 E1085.436
G0 F9000 X123.505 Y163.103
G1 F1500 X112.405 Y152.003 E1085.95811
G0 F9000 X112.42 Y151.452
G1 F1500 X123.421 Y162.453 E1086.47557
G0 F9000 X123.337 Y161.803
G1 F1500 X112.434 Y150.9 E1086.98841
G0 F9000 X112.448 Y150.349
G1 F1500 X123.252 Y161.153 E1087.4966
G0 F9000 X123.183 Y160.518
G1 F1500 X112.463 Y149.798 E1088.00083
G0 F9000 X112.477 Y149.246
G1 F1500 X123.136 Y159.905 E1088.5022
G0 F9000 X123.088 Y159.292
G1 F1500 X112.491 Y148.695 E1089.00065
G0 F9000 X112.505 Y148.143
G1 F1500 X123.04 Y158.679 E1089.49621
G0 F9000 X122.993 Y158.065
G1 F1500 X112.519 Y147.592 E1089.98885
G0 F9000 X112.533 Y147.04
G1 F1500 X122.946 Y157.452 E1090.47862
G0 F9000 X122.897 Y156.839
G1 F1500 X112.548 Y146.489 E1090.96543
G0 F9000 X112.559 Y145.934
G1 F1500 X122.85 Y156.226 E1091.44951
G0 F9000 X122.803 Y155.612
G1 F1500 X112.559 Y145.369 E1091.93133
G0 F9000 X112.559 Y144.803
G1 F1500 X122.755 Y154.999 E1092.41092
G0 F9000 X122.707 Y154.386
G1 F1500 X112.559 Y144.237 E1092.88828
G0 F9000 X112.559 Y143.672
G1 F1500 X122.66 Y153.773 E1093.3634
G0 F9000 X122.626 Y153.173
G1 F1500 X112.559 Y143.106 E1093.83692
G0 F9000 X112.559 Y142.54
G1 F1500 X122.61 Y152.592 E1094.30971
G0 F9000 X122.596 Y152.011
G1 F1500 X112.559 Y141.975 E1094.7818
G0 F9000 X112.559 Y141.409
G1 F1500 X122.58 Y151.43 E1095.25315
G0 F9000 X122.565 Y150.849
G1 F1500 X112.559 Y140.843 E1095.7238
G0 F9000 X112.559 Y140.277
G1 F1500 X122.55 Y150.268 E1096.19375
G0 F9000 X122.535 Y149.688
G1 F1500 X112.559 Y139.712 E1096.66299
G0 F9000 X112.559 Y139.146
G1 F1500 X122.52 Y149.107 E1097.13153
G0 F9000 X122.504 Y148.526
G1 F1500 X112.559 Y138.58 E1097.59933
G0 F9000 X112.559 Y138.015
G1 F1500 X122.489 Y147.945 E1098.06641
G0 F9000 X122.474 Y147.364
G1 F1500 X112.559 Y137.449 E1098.53278
G0 F9000 X112.559 Y136.883
G1 F1500 X122.459 Y146.784 E1098.99847
G0 F9000 X122.444 Y146.202
G1 F1500 X112.559 Y136.318 E1099.4634
G0 F9000 X112.559 Y135.752
G1 F1500 X122.439 Y145.632 E1099.92813
G0 F9000 X122.439 Y145.067
G1 F1500 X112.559 Y135.186 E1100.39288
G0 F9000 X112.559 Y134.621
G1 F1500 X122.439 Y144.501 E1100.8576
G0 F9000 X122.439 Y143.935
G1 F1500 X112.559 Y134.055 E1101.32233
G0 F9000 X112.559 Y133.489
G1 F1500 X122.439 Y143.37 E1101.78708
G0 F9000 X122.439 Y142.804
G1 F1500 X112.559 Y132.924 E1102.2518
G0 F9000 X112.559 Y132.358
G1 F1500 X122.439 Y142.238 E1102.71653
G0 F9000 X122.439 Y141.673
G1 F1500 X112.559 Y131.792 E1103.18127
G0 F9000 X112.559 Y131.226
G1 F1500 X122.439 Y141.107 E1103.64602
G0 F9000 X122.439 Y140.541
G1 F1500 X112.559 Y130.661 E1104.11075
G0 F9000 X112.559 Y130.095
G1 F1500 X122.439 Y139.976 E1104.5755
G0 F9000 X122.439 Y139.41
G1 F1500 X112.559 Y129.529 E1105.04024
G0 F9000 X112.559 Y128.964
G1 F1500 X122.439 Y138.844 E1105.50497
G0 F9000 X122.439 Y138.278
G1 F1500 X112.559 Y128.398 E1105.96969
G0 F9000 X112.559 Y127.832
G1 F1500 X122.439 Y137.713 E1106.43444
G0 F9000 X122.439 Y137.147
G1 F1500 X112.559 Y127.267 E1106.89917
G0 F9000 X112.559 Y126.701
G1 F1500 X122.439 Y136.581 E1107.36389
G0 F9000 X122.439 Y136.016
G1 F1500 X112.559 Y126.135 E1107.82864
G0 F9000 X112.559 Y125.57
G1 F1500 X122.439 Y135.45 E1108.29337
G0 F9000 X122.439 Y134.884
G1 F1500 X112.559 Y125.004 E1108.75809
G0 F9000 X112.559 Y124.438
G1 F1500 X122.439 Y134.319 E1109.22284
G0 F9000 X122.439 Y133.753
G1 F1500 X112.559 Y123.873 E1109.68756
G0 F9000 X112.559 Y123.307
G1 F1500 X122.439 Y133.187 E1110.15229
G0 F9000 X122.439 Y132.622
G1 F1500 X112.559 Y122.741 E1110.61704
G0 F9000 X112.559 Y122.176
G1 F1500 X122.439 Y132.056 E1111.08176
G0 F9000 X122.439 Y131.49
G1 F1500 X112.559 Y121.61 E1111.54649
G0 F9000 X112.559 Y121.044
G1 F1500 X122.439 Y130.925 E1112.01124
G0 F9000 X122.439 Y130.359
G1 F1500 X112.559 Y120.478 E1112.47598
G0 F9000 X112.559 Y119.913
G1 F1500 X122.439 Y129.793 E1112.94071
G0 F9000 X122.439 Y129.228
G1 F1500 X112.559 Y119.347 E1113.40546
G0 F9000 X112.559 Y118.781
G1 F1500 X122.439 Y128.662 E1113.87021
G0 F9000 X122.439 Y128.096
G1 F1500 X112.559 Y118.216 E1114.33493
G0 F9000 X112.559 Y117.65
G1 F1500 X122.439 Y127.53 E1114.79966
G0 F9000 X122.439 Y126.965
G1 F1500 X112.559 Y117.084 E1115.2644
G0 F9000 X112.559 Y116.519
G1 F1500 X122.439 Y126.399 E1115.72913
G0 F9000 X122.439 Y125.833
G1 F1500 X112.559 Y115.953 E1116.19385
G0 F9000 X112.559 Y115.387
G1 F1500 X122.439 Y125.268 E1116.6586
G0 F9000 X122.439 Y124.702
G1 F1500 X112.559 Y114.822 E1117.12333
G0 F9000 X112.559 Y114.256
G1 F1500 X122.439 Y124.136 E1117.58805
G0 F9000 X122.439 Y123.571
G1 F1500 X112.559 Y113.69 E1118.0528
G0 F9000 X112.559 Y113.125
G1 F1500 X122.439 Y123.005 E1118.51753
G0 F9000 X122.439 Y122.439
G1 F1500 X112.559 Y112.559 E1118.98225
G0 F9000 X112.559 Y111.993
G1 F1500 X122.439 Y121.874 E1119.447
G0 F9000 X122.439 Y121.308
G1 F1500 X112.559 Y111.428 E1119.91172
G0 F9000 X112.559 Y110.862
G1 F1500 X122.439 Y120.742 E1120.37645
G0 F9000 X122.439 Y120.177
G1 F1500 X112.559 Y110.296 E1120.8412
G0 F9000 X112.559 Y109.73
G1 F1500 X122.439 Y119.611 E1121.30595
G0 F9000 X122.439 Y119.045
G1 F1500 X112.559 Y109.165 E1121.77067
G0 F9000 X112.559 Y108.599
G1 F1500 X122.439 Y118.479 E1122.2354
G0 F9000 X122.439 Y117.914
G1 F1500 X112.559 Y108.033 E1122.70014
G0 F9000 X112.559 Y107.468
G1 F1500 X122.439 Y117.348 E1123.16487
G0 F9000 X122.439 Y116.782
G1 F1500 X112.559 Y106.902 E1123.62959
G0 F9000 X112.559 Y106.336
G1 F1500 X122.439 Y116.217 E1124.09434
G0 F9000 X122.439 Y115.651
G1 F1500 X112.559 Y105.771 E1124.55907
G0 F9000 X112.559 Y105.205
G1 F1500 X122.439 Y115.085 E1125.02379
G0 F9000 X122.439 Y114.52
G1 F1500 X112.559 Y104.639 E1125.48854
G0 F9000 X112.559 Y104.074
G1 F1500 X122.439 Y113.954 E1125.95327
G0 F9000 X122.439 Y113.388
G1 F1500 X112.559 Y103.508 E1126.41799
G0 F9000 X112.559 Y102.942
G1 F1500 X122.439 Y112.823 E1126.88274
G0 F9000 X122.439 Y112.257
G1 F1500 X112.559 Y102.377 E1127.34746
G0 F9000 X112.559 Y101.811
G1 F1500 X122.439 Y111.691 E1127.81219
G0 F9000 X122.439 Y111.126
G1 F1500 X112.559 Y101.245 E1128.27694
G0 F9000 X112.559 Y100.679
G1 F1500 X122.439 Y110.56 E1128.74169
G0 F9000 X122.439 Y109.994
G1 F1500 X112.559 Y100.114 E1129.20641
G0 F9000 X112.559 Y99.548
G1 F1500 X122.439 Y109.429 E1129.67116
G0 F9000 X122.439 Y108.863
G1 F1500 X112.559 Y98.982 E1130.13591
G0 F9000 X112.559 Y98.417
G1 F1500 X122.439 Y108.297 E1130.60063
G0 F9000 X122.439 Y107.731
G1 F1500 X112.559 Y97.851 E1131.06536
G0 F9000 X112.559 Y97.285
G1 F1500 X122.439 Y107.166 E1131.53011
G0 F9000 X122.439 Y106.6
G1 F1500 X112.559 Y96.72 E1131.99483
G0 F9000 X112.559 Y96.154
G1 F1500 X122.439 Y106.034 E1132.45956
G0 F9000 X122.439 Y105.469
G1 F1500 X112.559 Y95.588 E1132.9243
G0 F9000 X112.559 Y95.023
G1 F1500 X122.439 Y104.903 E1133.38903
G0 F9000 X122.439 Y104.337
G1 F1500 X112.559 Y94.457 E1133.85375
G0 F9000 X112.559 Y93.891
G1 F1500 X122.439 Y103.772 E1134.3185
G0 F9000 X122.439 Y103.206
G1 F1500 X112.559 Y93.326 E1134.78323
G0 F9000 X112.559 Y92.76
G1 F1500 X122.439 Y102.64 E1135.24795
G0 F9000 X122.439 Y102.075
G1 F1500 X112.559 Y92.194 E1135.7127
G0 F9000 X112.559 Y91.629
G1 F1500 X122.439 Y101.509 E1136.17743
G0 F9000 X122.439 Y100.943
G1 F1500 X112.559 Y91.063 E1136.64215
G0 F9000 X112.559 Y90.497
G1 F1500 X122.439 Y100.378 E1137.1069
G0 F9000 X122.439 Y99.812
G1 F1500 X112.559 Y89.931 E1137.57165
G0 F9000 X112.559 Y89.366
G1 F1500 X122.439 Y99.246 E1138.03637
G0 F9000 X122.439 Y98.68
G1 F1500 X112.555 Y88.796 E1138.50129
G0 F9000 X112.539 Y88.215
G1 F1500 X122.439 Y98.115 E1138.96695
G0 F9000 X122.439 Y97.549
G1 F1500 X112.524 Y87.634 E1139.43332
G0 F9000 X112.509 Y87.053
G1 F1500 X122.439 Y96.983 E1139.9004
G0 F9000 X122.439 Y96.418
G1 F1500 X112.494 Y86.472 E1140.3682
G0 F9000 X112.479 Y85.892
G1 F1500 X122.439 Y95.852 E1140.83669
G0 F9000 X122.439 Y95.286
G1 F1500 X112.463 Y85.311 E1141.30591
G0 F9000 X112.449 Y84.73
G1 F1500 X122.439 Y94.721 E1141.77583
G0 F9000 X122.439 Y94.155
G1 F1500 X112.433 Y84.149 E1142.24648
G0 F9000 X112.418 Y83.568
G1 F1500 X122.439 Y93.589 E1142.71784
G0 F9000 X122.439 Y93.024
G1 F1500 X112.403 Y82.987 E1143.18993
G0 F9000 X112.388 Y82.406
G1 F1500 X122.439 Y92.458 E1143.66272
G0 F9000 X122.439 Y91.892
G1 F1500 X112.373 Y81.826 E1144.13619
G0 F9000 X112.339 Y81.226
G1 F1500 X122.439 Y91.327 E1144.61129
G0 F9000 X122.439 Y90.761
G1 F1500 X112.291 Y80.613 E1145.08862
G0 F9000 X112.244 Y79.999
G1 F1500 X122.439 Y90.195 E1145.56818
G0 F9000 X122.439 Y89.63
G1 F1500 X112.196 Y79.386 E1146.05001
G0 F9000 X112.148 Y78.773
G1 F1500 X122.439 Y89.064 E1146.53406
G0 F9000 X122.451 Y88.509
G1 F1500 X112.101 Y78.16 E1147.02087
G0 F9000 X112.053 Y77.546
G1 F1500 X122.465 Y87.958 E1147.51062
G0 F9000 X122.479 Y87.406
G1 F1500 X112.005 Y76.933 E1148.00326
G0 F9000 X111.958 Y76.32
G1 F1500 X122.493 Y86.855 E1148.4988
G0 F9000 X122.507 Y86.303
G1 F1500 X111.91 Y75.707 E1148.99722
G0 F9000 X111.862 Y75.093
G1 F1500 X122.521 Y85.752 E1149.49859
G0 F9000 X122.535 Y85.2
G1 F1500 X111.815 Y74.48 E1150.00283
G0 F9000 X111.746 Y73.845
G1 F1500 X122.55 Y84.649 E1150.51101
G0 F9000 X122.564 Y84.098
G1 F1500 X111.662 Y73.196 E1151.02381
G0 F9000 X111.578 Y72.546
G1 F1500 X122.579 Y83.546 E1151.54124
G0 F9000 X122.593 Y82.995
G1 F1500 X111.494 Y71.896 E1152.0633
G0 F9000 X111.409 Y71.245
G1 F1500 X122.607 Y82.443 E1152.59002
G0 F9000 X122.621 Y81.892
G1 F1500 X111.325 Y70.596 E1153.12135
G0 F9000 X111.241 Y69.946
G1 F1500 X122.651 Y81.356 E1153.65804
G0 F9000 X122.691 Y80.83
G1 F1500 X111.157 Y69.296 E1154.20057
G0 F9000 X111.073 Y68.646
G1 F1500 X122.732 Y80.306 E1154.74899
G0 F9000 X122.772 Y79.78
G1 F1500 X110.988 Y67.996 E1155.30328
G0 F9000 X110.904 Y67.346
G1 F1500 X122.813 Y79.256 E1155.86346
G0 F9000 X122.854 Y78.73
G1 F1500 X110.803 Y66.68 E1156.43028
G0 F9000 X110.677 Y65.988
G1 F1500 X122.895 Y78.206 E1157.00498
G0 F9000 X122.935 Y77.68
G1 F1500 X110.551 Y65.297 E1157.58746
G0 F9000 X110.425 Y64.604
G1 F1500 X122.976 Y77.155 E1158.17782
G0 F9000 X123.016 Y76.63
G1 F1500 X110.299 Y63.913 E1158.77599
G0 F9000 X110.172 Y63.221
G1 F1500 X123.057 Y76.105 E1159.38204
G0 F9000 X123.098 Y75.58
G1 F1500 X110.047 Y62.529 E1159.99592
G0 F9000 X109.92 Y61.837
G1 F1500 X123.139 Y75.055 E1160.61768
G0 F9000 X123.179 Y74.53
G1 F1500 X109.794 Y61.145 E1161.24726
G0 F9000 X109.668 Y60.454
G1 F1500 X123.231 Y74.016 E1161.8852
G0 F9000 X123.296 Y73.515
G1 F1500 X109.559 Y59.779 E1162.53133
G0 F9000 X109.559 Y59.213
G1 F1500 X123.36 Y73.014 E1163.18048
G0 F9000 X123.425 Y72.513
G1 F1500 X109.559 Y58.648 E1163.83267
G0 F9000 X109.559 Y58.082
G1 F1500 X123.49 Y72.013 E1164.48794
G0 F9000 X123.554 Y71.511
G1 F1500 X109.559 Y57.516 E1165.14623
G0 F9000 X109.559 Y56.951
G1 F1500 X123.619 Y71.011 E1165.80757
G0 F9000 X123.684 Y70.509
G1 F1500 X109.559 Y56.385 E1166.47194
G0 F9000 X109.559 Y55.819
G1 F1500 X123.749 Y70.009 E1167.13939
G0 F9000 X123.814 Y69.508
G1 F1500 X109.559 Y55.254 E1167.80988
G0 F9000 X109.559 Y54.688
G1 F1500 X123.878 Y69.007 E1168.4834
G0 F9000 X123.943 Y68.506
G1 F1500 X109.559 Y54.122 E1169.15998
G0 F9000 X109.559 Y53.556
G1 F1500 X124.008 Y68.005 E1169.83962
G0 F9000 X124.073 Y67.504
G1 F1500 X109.559 Y52.991 E1170.52229
G0 F9000 X109.559 Y52.425
G1 F1500 X124.138 Y67.004 E1171.20804
G0 F9000 X124.223 Y66.523
G1 F1500 X109.559 Y51.859 E1171.89779
G0 F9000 X109.559 Y51.294
G1 F1500 X124.31 Y66.045 E1172.59163
G0 F9000 X124.397 Y65.566
G1 F1500 X109.559 Y50.728 E1173.28957
G0 F9000 X109.559 Y50.162
G1 F1500 X124.485 Y65.088 E1173.99164
G0 F9000 X124.572 Y64.609
G1 F1500 X109.559 Y49.597 E1174.69778
G0 F9000 X109.559 Y49.031
G1 F1500 X124.659 Y64.131 E1175.40804
G0 F9000 X124.746 Y63.652
G1 F1500 X109.559 Y48.465 E1176.12239
G0 F9000 X109.559 Y47.9
G1 F1500 X124.834 Y63.174 E1176.84085
G0 F9000 X124.921 Y62.695
G1 F1500 X109.559 Y47.334 E1177.56341
G0 F9000 X109.559 Y46.768
G1 F1500 X125.007 Y62.216 E1178.29004
G0 F9000 X125.094 Y61.738
G1 F1500 X109.559 Y46.203 E1179.02076
G0 F9000 X109.559 Y45.637
G1 F1500 X125.181 Y61.259 E1179.75557
G0 F9000 X125.269 Y60.781
G1 F1500 X109.559 Y45.071 E1180.49452
G0 F9000 X109.559 Y44.506
G1 F1500 X125.356 Y60.302 E1181.23754
G0 F9000 X125.438 Y59.819
G1 F1500 X109.559 Y43.94 E1181.98444
G0 F9000 X109.559 Y43.374
G1 F1500 X125.438 Y59.253 E1182.73134
G0 F9000 X125.438 Y58.687
G1 F1500 X109.559 Y42.808 E1183.47824
G0 F9000 X109.559 Y42.243
G1 F1500 X125.438 Y58.122 E1184.22514
G0 F9000 X125.438 Y57.556
G1 F1500 X109.559 Y41.677 E1184.97204
G0 F9000 X109.559 Y41.111
G1 F1500 X125.438 Y56.99 E1185.71894
G0 F9000 X125.438 Y56.424
G1 F1500 X109.559 Y40.546 E1186.46581
G0 F9000 X109.559 Y39.98
G1 F1500 X125.438 Y55.859 E1187.21271
G0 F9000 X125.438 Y55.293
G1 F1500 X109.559 Y39.414 E1187.95961
G0 F9000 X109.559 Y38.849
G1 F1500 X125.438 Y54.727 E1188.70649
G0 F9000 X125.438 Y54.162
G1 F1500 X109.559 Y38.283 E1189.45339
G0 F9000 X109.559 Y37.717
G1 F1500 X125.438 Y53.596 E1190.20028
G0 F9000 X125.438 Y53.03
G1 F1500 X109.559 Y37.152 E1190.94716
G0 F9000 X109.559 Y36.586
G1 F1500 X125.438 Y52.465 E1191.69406
G0 F9000 X125.438 Y51.899
G1 F1500 X110.1 Y36.56 E1192.41554
G0 F9000 X110.665 Y36.56
G1 F1500 X125.438 Y51.333 E1193.11041
G0 F9000 X125.438 Y50.768
G1 F1500 X111.231 Y36.56 E1193.77869
G0 F9000 X111.797 Y36.56
G1 F1500 X125.438 Y50.202 E1194.42034
G0 F9000 X125.438 Y49.636
G1 F1500 X112.362 Y36.56 E1195.0354
G0 F9000 X112.928 Y36.56
G1 F1500 X125.438 Y49.071 E1195.62386
G0 F9000 X125.438 Y48.505
G1 F1500 X113.494 Y36.56 E1196.18569
G0 F9000 X114.059 Y36.56
G1 F1500 X125.438 Y47.939 E1196.72092
G0 F9000 X125.438 Y47.374
G1 F1500 X114.625 Y36.56 E1197.22955
G0 F9000 X115.191 Y36.56
G1 F1500 X125.438 Y46.808 E1197.71157
G0 F9000 X125.438 Y46.242
G1 F1500 X115.756 Y36.56 E1198.16698
G0 F9000 X116.322 Y36.56
G1 F1500 X125.438 Y45.676 E1198.59577
G0 F9000 X125.438 Y45.111
G1 F1500 X116.888 Y36.56 E1198.99796
G0 F9000 X117.453 Y36.56
G1 F1500 X125.438 Y44.545 E1199.37355
G0 F9000 X125.438 Y43.979
G1 F1500 X118.019 Y36.56 E1199.72251
G0 F9000 X118.585 Y36.56
G1 F1500 X125.438 Y43.414 E1200.04488
G0 F9000 X125.438 Y42.848
G1 F1500 X119.151 Y36.56 E1200.34062
G0 F9000 X119.716 Y36.56
G1 F1500 X125.438 Y42.282 E1200.60977
G0 F9000 X125.438 Y41.717
G1 F1500 X120.282 Y36.56 E1200.85232
G0 F9000 X120.848 Y36.56
G1 F1500 X125.438 Y41.151 E1201.06824
G0 F9000 X125.438 Y40.585
G1 F1500 X121.413 Y36.56 E1201.25756
G0 F9000 X121.979 Y36.56
G1 F1500 X125.438 Y40.02 E1201.42029
G0 F9000 X125.438 Y39.454
G1 F1500 X122.545 Y36.56 E1201.55639
G0 F9000 X123.11 Y36.56
G1 F1500 X125.438 Y38.888 E1201.66589
G0 F9000 X125.438 Y38.323
G1 F1500 X123.676 Y36.56 E1201.74879
G0 F9000 X124.242 Y36.56
G1 F1500 X125.438 Y37.757 E1201.80507
G0 F9000 X125.438 Y37.191
G1 F1500 X124.807 Y36.56 E1201.83475
G0 F9000 X125.373 Y36.56
G1 F1500 X125.438 Y36.626 E1201.83783
G1 F2700 E1196.83783
;MESH:NONMESH
G0 F300 X125.438 Y36.626 Z5.2
G0 F9000 X125.9 Y36.626
G0 X125.838 Y59.892
G0 X123.917 Y74.337
G0 X123.35 Y81.659
G0 X123.161 Y88.99
G0 X123.161 Y146.01
G0 X123.35 Y153.341
G0 X123.809 Y159.271
G0 X124.701 Y167.971
;TIME_ELAPSED:7390.745675
;LAYER:25
;TYPE:WALL-INNER
;MESH:D638-22 Tensile.STL
G1 F2700 E1201.83783
G1 F1500 X126 Y175.089 E1202.07849
G1 X126 Y175.858 E1202.10407
G1 X126 Y199 E1202.87377
G1 X109 Y199 E1203.4392
G1 X109 Y175.093 E1204.23435
G1 X110.299 Y167.972 E1204.4751
G1 X111.245 Y160.664 E1204.72019
G1 X111.812 Y153.324 E1204.96505
G1 X112 Y146.027 E1205.20783
G1 X112 Y88.973 E1207.10545
G1 X111.81 Y81.625 E1207.34993
G1 X111.246 Y74.345 E1207.59279
G1 X110.299 Y67.028 E1207.83818
G1 X109.001 Y59.911 E1208.0788
G1 X109 Y36 E1208.87408
G1 X126 Y36 E1209.43951
G1 X125.999 Y59.907 E1210.23466
G1 X124.701 Y67.027 E1210.47537
G1 X123.754 Y74.346 E1210.72083
G1 X123.19 Y81.624 E1210.96362
G1 X123 Y88.973 E1211.20813
G1 X123 Y146.027 E1213.10576
G1 X123.188 Y153.323 E1213.3485
G1 X123.754 Y160.654 E1213.59306
G1 X124.701 Y167.971 E1213.83845
G1 F2700 E1208.83845
G0 F9000 X125.839 Y175.105
G0 X125.828 Y198.828
G0 X108.87 Y199.13
G1 F2700 E1213.83845
G0 F9000 X108.6 Y199.4
G1 F1500 X126.4 Y199.4 E1214.43048
G1 X126.4 Y175.858 E1215.21349
G1 X126.4 Y175.053 E1215.24027
G1 X125.094 Y167.894 E1215.48231
G1 X124.156 Y160.654 E1215.72512
G1 X123.589 Y153.343 E1215.96902
G1 X123.4 Y146.017 E1216.21276
G1 X123.4 Y88.983 E1218.10972
G1 X123.589 Y81.655 E1218.35353
G1 X124.156 Y74.346 E1218.59736
G1 X125.094 Y67.104 E1218.84024
G1 X126.399 Y59.943 E1219.08234
G1 X126.4 Y35.6 E1219.89199
G1 X108.6 Y35.6 E1220.48402
G1 X108.601 Y59.947 E1221.29381
G1 X109.906 Y67.105 E1221.53581
G1 X110.847 Y74.376 E1221.77966
G1 X111.411 Y81.656 E1222.02252
G1 X111.6 Y88.983 E1222.2663
G1 X111.6 Y146.017 E1224.16326
G1 X111.411 Y153.345 E1224.40707
G1 X110.844 Y160.654 E1224.6509
G1 X109.906 Y167.896 E1224.89378
G1 X108.6 Y175.057 E1225.13588
G1 X108.6 Y199.4 E1225.94553
G1 F2700 E1220.94553
G0 F9000 X108.87 Y199.13
G0 X125.828 Y198.828
G0 X125.839 Y175.105
G0 X124.797 Y167.931
G1 F2700 E1225.94553
G0 F9000 X125.491 Y167.842
;TYPE:WALL-OUTER
G1 F1500 X126.8 Y175.017 E1226.18812
G1 X126.8 Y175.858 E1226.21609
G1 X126.8 Y199.8 E1227.0124
G1 X108.2 Y199.8 E1227.63104
G1 X108.2 Y175.021 E1228.45519
G1 X109.507 Y167.854 E1228.6975
G1 X110.447 Y160.602 E1228.94072
G1 X111.012 Y153.314 E1229.18385
G1 X111.2 Y146.007 E1229.42696
G1 X111.2 Y88.993 E1231.32325
G1 X111.012 Y81.697 E1231.566
G1 X110.448 Y74.407 E1231.80919
G1 X109.509 Y67.157 E1232.05234
G1 X108.201 Y59.983 E1232.29488
G1 X108.2 Y35.2 E1233.11917
G1 X126.8 Y35.2 E1233.73781
G1 X126.799 Y59.979 E1234.56196
G1 X125.493 Y67.146 E1234.80426
G1 X124.553 Y74.398 E1235.04748
G1 X123.988 Y81.686 E1235.29061
G1 X123.8 Y88.993 E1235.53372
G1 X123.8 Y146.007 E1237.43001
G1 X123.988 Y153.302 E1237.67273
G1 X124.552 Y160.592 E1237.91592
G1 X125.491 Y167.842 E1238.15907
G0 F9000 X124.797 Y167.931
G0 X124.341 Y168.004
;TYPE:SKIN
G1 F1500 X125.64 Y175.122 E1238.39972
G1 X125.64 Y175.858 E1238.4242
G1 X125.64 Y198.64 E1239.18193
G1 X109.36 Y198.64 E1239.72341
G1 X109.36 Y175.128 E1240.50542
G1 X110.657 Y168.017 E1240.74584
G1 X111.598 Y160.752 E1240.98949
G1 X112.172 Y153.343 E1241.23665
G1 X112.36 Y146.04 E1241.47963
G1 X112.36 Y88.961 E1243.37809
G1 X112.169 Y81.606 E1243.6228
G1 X111.599 Y74.258 E1243.86793
G1 X110.659 Y66.995 E1244.11151
G1 X109.361 Y59.879 E1244.3521
G1 X109.361 Y36.361 E1245.13431
G1 X125.639 Y36.361 E1245.67572
G1 X125.639 Y59.872 E1246.45769
G1 X124.343 Y66.983 E1246.6981
G1 X123.402 Y74.247 E1246.94172
G1 X122.828 Y81.657 E1247.18892
G1 X122.64 Y88.961 E1247.43193
G1 X122.64 Y146.04 E1249.33039
G1 X122.831 Y153.391 E1249.57496
G1 X123.401 Y160.741 E1249.82016
G1 X124.341 Y168.004 E1250.06374
G1 F2700 E1245.06374
G0 F9000 X124.597 Y167.957
G0 X125.839 Y175.105
G0 X125.9 Y198.132
G1 F2700 E1250.06374
G0 F9000 X125.44 Y198.132
G1 F1500 X125.133 Y198.438 E1250.07816
G0 F9000 X124.567 Y198.438
G1 F1500 X125.44 Y197.566 E1250.1192
G0 F9000 X125.44 Y197
G1 F1500 X124.001 Y198.438 E1250.18686
G0 F9000 X123.436 Y198.438
G1 F1500 X125.44 Y196.434 E1250.28113
G0 F9000 X125.44 Y195.869
G1 F1500 X122.87 Y198.438 E1250.40199
G0 F9000 X122.304 Y198.438
G1 F1500 X125.44 Y195.303 E1250.54947
G0 F9000 X125.44 Y194.737
G1 F1500 X121.739 Y198.438 E1250.72355
G0 F9000 X121.173 Y198.438
G1 F1500 X125.44 Y194.172 E1250.92424
G0 F9000 X125.44 Y193.606
G1 F1500 X120.607 Y198.438 E1251.15154
G0 F9000 X120.041 Y198.438
G1 F1500 X125.44 Y193.04 E1251.40547
G0 F9000 X125.44 Y192.475
G1 F1500 X119.476 Y198.438 E1251.68598
G0 F9000 X118.91 Y198.438
G1 F1500 X125.44 Y191.909 E1251.99311
G0 F9000 X125.44 Y191.343
G1 F1500 X118.344 Y198.438 E1252.32686
G0 F9000 X117.779 Y198.438
G1 F1500 X125.44 Y190.778 E1252.68718
G0 F9000 X125.44 Y190.212
G1 F1500 X117.213 Y198.438 E1253.07413
G0 F9000 X116.647 Y198.438
G1 F1500 X125.44 Y189.646 E1253.4877
G0 F9000 X125.44 Y189.081
G1 F1500 X116.082 Y198.438 E1253.92785
G0 F9000 X115.516 Y198.438
G1 F1500 X125.44 Y188.515 E1254.39462
G0 F9000 X125.44 Y187.949
G1 F1500 X114.95 Y198.438 E1254.88802
G0 F9000 X114.385 Y198.438
G1 F1500 X125.44 Y187.384 E1255.40799
G0 F9000 X125.44 Y186.818
G1 F1500 X113.819 Y198.438 E1255.95458
G0 F9000 X113.253 Y198.438
G1 F1500 X125.44 Y186.252 E1256.52779
G0 F9000 X125.44 Y185.686
G1 F1500 X112.688 Y198.438 E1257.12761
G0 F9000 X112.122 Y198.438
G1 F1500 X125.44 Y185.121 E1257.75402
G0 F9000 X125.44 Y184.555
G1 F1500 X111.556 Y198.438 E1258.40706
G0 F9000 X110.991 Y198.438
G1 F1500 X125.44 Y183.989 E1259.0867
G0 F9000 X125.44 Y183.424
G1 F1500 X110.425 Y198.438 E1259.79293
G0 F9000 X109.859 Y198.438
G1 F1500 X125.44 Y182.858 E1260.52579
G0 F9000 X125.44 Y182.292
G1 F1500 X109.559 Y198.173 E1261.27279
G0 F9000 X109.559 Y197.607
G1 F1500 X125.44 Y181.727 E1262.01976
G0 F9000 X125.44 Y181.161
G1 F1500 X109.559 Y197.041 E1262.76673
G0 F9000 X109.559 Y196.475
G1 F1500 X125.44 Y180.595 E1263.5137
G0 F9000 X125.44 Y180.03
G1 F1500 X109.559 Y195.91 E1264.26067
G0 F9000 X109.559 Y195.344
G1 F1500 X125.44 Y179.464 E1265.00764
G0 F9000 X125.44 Y178.898
G1 F1500 X109.559 Y194.778 E1265.75461
G0 F9000 X109.559 Y194.213
G1 F1500 X125.44 Y178.333 E1266.50158
G0 F9000 X125.44 Y177.767
G1 F1500 X109.559 Y193.647 E1267.24855
G0 F9000 X109.559 Y193.081
G1 F1500 X125.44 Y177.201 E1267.99552
G0 F9000 X125.44 Y176.635
G1 F1500 X109.559 Y192.516 E1268.74251
G0 F9000 X109.559 Y191.95
G1 F1500 X125.44 Y176.07 E1269.48948
G0 F9000 X125.44 Y175.504
G1 F1500 X109.559 Y191.384 E1270.23645
G0 F9000 X109.559 Y190.819
G1 F1500 X125.408 Y174.97 E1270.98194
G0 F9000 X125.321 Y174.492
G1 F1500 X109.559 Y190.253 E1271.72331
G0 F9000 X109.559 Y189.687
G1 F1500 X125.234 Y174.013 E1272.46059
G0 F9000 X125.146 Y173.535
G1 F1500 X109.559 Y189.122 E1273.19376
G0 F9000 X109.559 Y188.556
G1 F1500 X125.059 Y173.056 E1273.92283
G0 F9000 X124.971 Y172.578
G1 F1500 X109.559 Y187.99 E1274.64776
G0 F9000 X109.559 Y187.425
G1 F1500 X124.884 Y172.099 E1275.36863
G0 F9000 X124.797 Y171.621
G1 F1500 X109.559 Y186.859 E1276.08538
G0 F9000 X109.559 Y186.293
G1 F1500 X124.71 Y171.143 E1276.79801
G0 F9000 X124.623 Y170.664
G1 F1500 X109.559 Y185.727 E1277.50655
G0 F9000 X109.559 Y185.162
G1 F1500 X124.535 Y170.186 E1278.21097
G0 F9000 X124.448 Y169.707
G1 F1500 X109.559 Y184.596 E1278.91131
G0 F9000 X109.559 Y184.03
G1 F1500 X124.36 Y169.229 E1279.6075
G0 F9000 X124.274 Y168.751
G1 F1500 X109.559 Y183.465 E1280.29963
G0 F9000 X109.559 Y182.899
G1 F1500 X124.186 Y168.273 E1280.98761
G0 F9000 X124.111 Y167.782
G1 F1500 X109.559 Y182.333 E1281.67207
G0 F9000 X109.559 Y181.768
G1 F1500 X124.046 Y167.281 E1282.35349
G0 F9000 X123.981 Y166.781
G1 F1500 X109.559 Y181.202 E1283.03184
G0 F9000 X109.559 Y180.636
G1 F1500 X123.916 Y166.28 E1283.70712
G0 F9000 X123.851 Y165.779
G1 F1500 X109.559 Y180.071 E1284.37937
G0 F9000 X109.559 Y179.505
G1 F1500 X123.786 Y165.278 E1285.04857
G0 F9000 X123.721 Y164.777
G1 F1500 X109.559 Y178.939 E1285.71471
G0 F9000 X109.559 Y178.374
G1 F1500 X123.656 Y164.277 E1286.37779
G0 F9000 X123.591 Y163.776
G1 F1500 X109.559 Y177.808 E1287.03781
G0 F9000 X109.559 Y177.242
G1 F1500 X123.527 Y163.275 E1287.6948
G0 F9000 X123.462 Y162.774
G1 F1500 X109.559 Y176.676 E1288.34873
G0 F9000 X109.559 Y176.111
G1 F1500 X123.397 Y162.273 E1288.99962
G0 F9000 X123.332 Y161.773
G1 F1500 X109.559 Y175.545 E1289.64744
G0 F9000 X109.597 Y174.942
G1 F1500 X123.267 Y161.272 E1290.29044
G0 F9000 X123.202 Y160.771
G1 F1500 X109.723 Y174.25 E1290.92445
G0 F9000 X109.849 Y173.558
G1 F1500 X123.161 Y160.246 E1291.5506
G0 F9000 X123.121 Y159.721
G1 F1500 X109.975 Y172.867 E1292.16895
G0 F9000 X110.102 Y172.174
G1 F1500 X123.08 Y159.196 E1292.7794
G0 F9000 X123.039 Y158.671
G1 F1500 X110.228 Y171.483 E1293.38201
G0 F9000 X110.354 Y170.791
G1 F1500 X122.999 Y158.146 E1293.97679
G0 F9000 X122.958 Y157.621
G1 F1500 X110.48 Y170.099 E1294.56372
G0 F9000 X110.607 Y169.407
G1 F1500 X122.917 Y157.096 E1295.14277
G0 F9000 X122.876 Y156.571
G1 F1500 X110.732 Y168.715 E1295.71398
G0 F9000 X110.858 Y168.024
G1 F1500 X122.835 Y156.047 E1296.27734
G0 F9000 X122.795 Y155.521
G1 F1500 X110.942 Y167.374 E1296.83487
G0 F9000 X111.026 Y166.725
G1 F1500 X122.754 Y154.997 E1297.38652
G0 F9000 X122.713 Y154.472
G1 F1500 X111.11 Y166.075 E1297.93229
G0 F9000 X111.194 Y165.425
G1 F1500 X122.673 Y153.947 E1298.4722
G0 F9000 X122.632 Y153.422
G1 F1500 X111.278 Y164.775 E1299.00624
G0 F9000 X111.362 Y164.126
G1 F1500 X122.617 Y152.871 E1299.53564
G0 F9000 X122.603 Y152.319
G1 F1500 X111.446 Y163.476 E1300.06043
G0 F9000 X111.53 Y162.826
G1 F1500 X122.588 Y151.768 E1300.58056
G0 F9000 X122.574 Y151.217
G1 F1500 X111.614 Y162.177 E1301.09609
G0 F9000 X111.698 Y161.527
G1 F1500 X122.559 Y150.666 E1301.60696
G0 F9000 X122.545 Y150.114
G1 F1500 X111.782 Y160.878 E1302.11324
G0 F9000 X111.836 Y160.257
G1 F1500 X122.53 Y149.563 E1302.61625
G0 F9000 X122.516 Y149.012
G1 F1500 X111.884 Y159.644 E1303.11635
G0 F9000 X111.931 Y159.031
G1 F1500 X122.502 Y148.46 E1303.61358
G0 F9000 X122.487 Y147.909
G1 F1500 X111.978 Y158.418 E1304.10789
G0 F9000 X112.026 Y157.805
G1 F1500 X122.473 Y147.358 E1304.59928
G0 F9000 X122.459 Y146.806
G1 F1500 X112.074 Y157.191 E1305.08776
G0 F9000 X112.121 Y156.578
G1 F1500 X122.444 Y146.255 E1305.57332
G0 F9000 X122.439 Y145.695
G1 F1500 X112.169 Y155.965 E1306.05639
G0 F9000 X112.216 Y155.352
G1 F1500 X122.439 Y145.13 E1306.53723
G0 F9000 X122.439 Y144.564
G1 F1500 X112.263 Y154.739 E1307.01585
G0 F9000 X112.311 Y154.126
G1 F1500 X122.439 Y143.998 E1307.49224
G0 F9000 X122.439 Y143.433
G1 F1500 X112.358 Y153.513 E1307.9664
G0 F9000 X112.383 Y152.923
G1 F1500 X122.439 Y142.867 E1308.4394
G0 F9000 X122.439 Y142.301
G1 F1500 X112.398 Y152.342 E1308.9117
G0 F9000 X112.413 Y151.762
G1 F1500 X122.439 Y141.736 E1309.38329
G0 F9000 X122.439 Y141.17
G1 F1500 X112.427 Y151.181 E1309.8542
G0 F9000 X112.442 Y150.601
G1 F1500 X122.439 Y140.604 E1310.32443
G0 F9000 X122.439 Y140.038
G1 F1500 X112.457 Y150.02 E1310.79395
G0 F9000 X112.473 Y149.439
G1 F1500 X122.439 Y139.473 E1311.26272
G0 F9000 X122.439 Y138.907
G1 F1500 X112.487 Y148.858 E1311.73081
G0 F9000 X112.502 Y148.278
G1 F1500 X122.439 Y138.341 E1312.19822
G0 F9000 X122.439 Y137.776
G1 F1500 X112.517 Y147.697 E1312.66489
G0 F9000 X112.532 Y147.117
G1 F1500 X122.439 Y137.21 E1313.13089
G0 F9000 X122.439 Y136.644
G1 F1500 X112.548 Y146.535 E1313.59613
G0 F9000 X112.56 Y145.958
G1 F1500 X122.439 Y136.079 E1314.06081
G0 F9000 X122.439 Y135.513
G1 F1500 X112.56 Y145.392 E1314.52549
G0 F9000 X112.56 Y144.826
G1 F1500 X122.439 Y134.947 E1314.99016
G0 F9000 X122.439 Y134.382
G1 F1500 X112.56 Y144.261 E1315.45484
G0 F9000 X112.56 Y143.695
G1 F1500 X122.439 Y133.816 E1315.91952
G0 F9000 X122.439 Y133.25
G1 F1500 X112.56 Y143.129 E1316.3842
G0 F9000 X112.56 Y142.564
G1 F1500 X122.439 Y132.685 E1316.84888
G0 F9000 X122.439 Y132.119
G1 F1500 X112.56 Y141.998 E1317.31355
G0 F9000 X112.56 Y141.432
G1 F1500 X122.439 Y131.553 E1317.77823
G0 F9000 X122.439 Y130.987
G1 F1500 X112.56 Y140.866 E1318.24291
G0 F9000 X112.56 Y140.301
G1 F1500 X122.439 Y130.422 E1318.70759
G0 F9000 X122.439 Y129.856
G1 F1500 X112.56 Y139.735 E1319.17227
G0 F9000 X112.56 Y139.169
G1 F1500 X122.439 Y129.29 E1319.63694
G0 F9000 X122.439 Y128.725
G1 F1500 X112.56 Y138.604 E1320.10162
G0 F9000 X112.56 Y138.038
G1 F1500 X122.439 Y128.159 E1320.5663
G0 F9000 X122.439 Y127.593
G1 F1500 X112.56 Y137.472 E1321.03098
G0 F9000 X112.56 Y136.907
G1 F1500 X122.439 Y127.028 E1321.49566
G0 F9000 X122.439 Y126.462
G1 F1500 X112.56 Y136.341 E1321.96033
G0 F9000 X112.56 Y135.775
G1 F1500 X122.439 Y125.896 E1322.42501
G0 F9000 X122.439 Y125.331
G1 F1500 X112.56 Y135.21 E1322.88969
G0 F9000 X112.56 Y134.644
G1 F1500 X122.439 Y124.765 E1323.35437
G0 F9000 X122.439 Y124.199
G1 F1500 X112.56 Y134.078 E1323.81904
G0 F9000 X112.56 Y133.513
G1 F1500 X122.439 Y123.634 E1324.28372
G0 F9000 X122.439 Y123.068
G1 F1500 X112.56 Y132.947 E1324.7484
G0 F9000 X112.56 Y132.381
G1 F1500 X122.439 Y122.502 E1325.21308
G0 F9000 X122.439 Y121.937
G1 F1500 X112.56 Y131.816 E1325.67776
G0 F9000 X112.56 Y131.25
G1 F1500 X122.439 Y121.371 E1326.14243
G0 F9000 X122.439 Y120.805
G1 F1500 X112.56 Y130.684 E1326.60711
G0 F9000 X112.56 Y130.118
G1 F1500 X122.439 Y120.239 E1327.07179
G0 F9000 X122.439 Y119.674
G1 F1500 X112.56 Y129.553 E1327.53647
G0 F9000 X112.56 Y128.987
G1 F1500 X122.439 Y119.108 E1328.00115
G0 F9000 X122.439 Y118.542
G1 F1500 X112.56 Y128.421 E1328.46582
G0 F9000 X112.56 Y127.856
G1 F1500 X122.439 Y117.977 E1328.9305
G0 F9000 X122.439 Y117.411
G1 F1500 X112.56 Y127.29 E1329.39518
G0 F9000 X112.56 Y126.724
G1 F1500 X122.439 Y116.845 E1329.85986
G0 F9000 X122.439 Y116.28
G1 F1500 X112.56 Y126.159 E1330.32453
G0 F9000 X112.56 Y125.593
G1 F1500 X122.439 Y115.714 E1330.78921
G0 F9000 X122.439 Y115.148
G1 F1500 X112.56 Y125.027 E1331.25389
G0 F9000 X112.56 Y124.462
G1 F1500 X122.439 Y114.583 E1331.71857
G0 F9000 X122.439 Y114.017
G1 F1500 X112.56 Y123.896 E1332.18325
G0 F9000 X112.56 Y123.33
G1 F1500 X122.439 Y113.451 E1332.64792
G0 F9000 X122.439 Y112.886
G1 F1500 X112.56 Y122.765 E1333.1126
G0 F9000 X112.56 Y122.199
G1 F1500 X122.439 Y112.32 E1333.57728
G0 F9000 X122.439 Y111.754
G1 F1500 X112.56 Y121.633 E1334.04196
G0 F9000 X112.56 Y121.067
G1 F1500 X122.439 Y111.189 E1334.50661
G0 F9000 X122.439 Y110.623
G1 F1500 X112.56 Y120.502 E1334.97129
G0 F9000 X112.56 Y119.936
G1 F1500 X122.439 Y110.057 E1335.43597
G0 F9000 X122.439 Y109.491
G1 F1500 X112.56 Y119.37 E1335.90065
G0 F9000 X112.56 Y118.805
G1 F1500 X122.439 Y108.926 E1336.36532
G0 F9000 X122.439 Y108.36
G1 F1500 X112.56 Y118.239 E1336.83
G0 F9000 X112.56 Y117.673
G1 F1500 X122.439 Y107.794 E1337.29468
G0 F9000 X122.439 Y107.229
G1 F1500 X112.56 Y117.108 E1337.75936
G0 F9000 X112.56 Y116.542
G1 F1500 X122.439 Y106.663 E1338.22403
G0 F9000 X122.439 Y106.097
G1 F1500 X112.56 Y115.976 E1338.68871
G0 F9000 X112.56 Y115.411
G1 F1500 X122.439 Y105.532 E1339.15339
G0 F9000 X122.439 Y104.966
G1 F1500 X112.56 Y114.845 E1339.61807
G0 F9000 X112.56 Y114.279
G1 F1500 X122.439 Y104.4 E1340.08275
G0 F9000 X122.439 Y103.835
G1 F1500 X112.56 Y113.714 E1340.54742
G0 F9000 X112.56 Y113.148
G1 F1500 X122.439 Y103.269 E1341.0121
G0 F9000 X122.439 Y102.703
G1 F1500 X112.56 Y112.582 E1341.47678
G0 F9000 X112.56 Y112.017
G1 F1500 X122.439 Y102.138 E1341.94146
G0 F9000 X122.439 Y101.572
G1 F1500 X112.56 Y111.451 E1342.40614
G0 F9000 X112.56 Y110.885
G1 F1500 X122.439 Y101.006 E1342.87081
G0 F9000 X122.439 Y100.44
G1 F1500 X112.56 Y110.319 E1343.33549
G0 F9000 X112.56 Y109.754
G1 F1500 X122.439 Y99.875 E1343.80017
G0 F9000 X122.439 Y99.309
G1 F1500 X112.56 Y109.188 E1344.26485
G0 F9000 X112.56 Y108.622
G1 F1500 X122.439 Y98.743 E1344.72953
G0 F9000 X122.439 Y98.178
G1 F1500 X112.56 Y108.057 E1345.1942
G0 F9000 X112.56 Y107.491
G1 F1500 X122.439 Y97.612 E1345.65888
G0 F9000 X122.439 Y97.046
G1 F1500 X112.56 Y106.925 E1346.12356
G0 F9000 X112.56 Y106.36
G1 F1500 X122.439 Y96.481 E1346.58824
G0 F9000 X122.439 Y95.915
G1 F1500 X112.56 Y105.794 E1347.05291
G0 F9000 X112.56 Y105.228
G1 F1500 X122.439 Y95.349 E1347.51759
G0 F9000 X122.439 Y94.784
G1 F1500 X112.56 Y104.663 E1347.98227
G0 F9000 X112.56 Y104.097
G1 F1500 X122.439 Y94.218 E1348.44695
G0 F9000 X122.439 Y93.652
G1 F1500 X112.56 Y103.531 E1348.91163
G0 F9000 X112.56 Y102.966
G1 F1500 X122.439 Y93.087 E1349.3763
G0 F9000 X122.439 Y92.521
G1 F1500 X112.56 Y102.4 E1349.84098
G0 F9000 X112.56 Y101.834
G1 F1500 X122.439 Y91.955 E1350.30566
G0 F9000 X122.439 Y91.39
G1 F1500 X112.56 Y101.269 E1350.77034
G0 F9000 X112.56 Y100.703
G1 F1500 X122.439 Y90.824 E1351.23502
G0 F9000 X122.439 Y90.258
G1 F1500 X112.56 Y100.137 E1351.69969
G0 F9000 X112.56 Y99.571
G1 F1500 X122.439 Y89.692 E1352.16437
G0 F9000 X122.439 Y89.127
G1 F1500 X112.56 Y99.006 E1352.62905
G0 F9000 X112.56 Y98.44
G1 F1500 X122.448 Y88.551 E1353.09417
G0 F9000 X122.463 Y87.971
G1 F1500 X112.56 Y97.874 E1353.55998
G0 F9000 X112.56 Y97.309
G1 F1500 X122.479 Y87.389 E1354.02656
G0 F9000 X122.494 Y86.809
G1 F1500 X112.56 Y96.743 E1354.49383
G0 F9000 X112.56 Y96.177
G1 F1500 X122.509 Y86.228 E1354.9618
G0 F9000 X122.523 Y85.648
G1 F1500 X112.56 Y95.612 E1355.43045
G0 F9000 X112.56 Y95.046
G1 F1500 X122.538 Y85.067 E1355.89981
G0 F9000 X122.553 Y84.487
G1 F1500 X112.56 Y94.48 E1356.36985
G0 F9000 X112.56 Y93.915
G1 F1500 X122.569 Y83.905 E1356.84067
G0 F9000 X122.584 Y83.325
G1 F1500 X112.56 Y93.349 E1357.31216
G0 F9000 X112.56 Y92.783
G1 F1500 X122.598 Y82.744 E1357.78434
G0 F9000 X122.613 Y82.164
G1 F1500 X112.56 Y92.218 E1358.25723
G0 F9000 X112.56 Y91.652
G1 F1500 X122.633 Y81.578 E1358.73106
G0 F9000 X122.68 Y80.965
G1 F1500 X112.56 Y91.086 E1359.20709
G0 F9000 X112.56 Y90.52
G1 F1500 X122.728 Y80.352 E1359.68537
G0 F9000 X122.775 Y79.739
G1 F1500 X112.56 Y89.955 E1360.16587
G0 F9000 X112.56 Y89.389
G1 F1500 X122.823 Y79.126 E1360.64861
G0 F9000 X122.87 Y78.513
G1 F1500 X112.556 Y88.827 E1361.13375
G0 F9000 X112.541 Y88.276
G1 F1500 X122.917 Y77.9 E1361.62181
G0 F9000 X122.965 Y77.287
G1 F1500 X112.527 Y87.725 E1362.11278
G0 F9000 X112.513 Y87.173
G1 F1500 X123.012 Y76.674 E1362.60662
G0 F9000 X123.06 Y76.06
G1 F1500 X112.498 Y86.622 E1363.10342
G0 F9000 X112.484 Y86.071
G1 F1500 X123.107 Y75.447 E1363.60312
G0 F9000 X123.155 Y74.834
G1 F1500 X112.47 Y85.519 E1364.10571
G0 F9000 X112.455 Y84.968
G1 F1500 X123.204 Y74.22 E1364.61128
G0 F9000 X123.288 Y73.57
G1 F1500 X112.441 Y84.417 E1365.12149
G0 F9000 X112.427 Y83.865
G1 F1500 X123.371 Y72.921 E1365.63627
G0 F9000 X123.455 Y72.271
G1 F1500 X112.412 Y83.314 E1366.1557
G0 F9000 X112.398 Y82.763
G1 F1500 X123.54 Y71.621 E1366.67978
G0 F9000 X123.624 Y70.971
G1 F1500 X112.384 Y82.211 E1367.20848
G0 F9000 X112.369 Y81.66
G1 F1500 X123.708 Y70.321 E1367.74183
G0 F9000 X123.792 Y69.671
G1 F1500 X112.332 Y81.132 E1368.28089
G0 F9000 X112.292 Y80.606
G1 F1500 X123.876 Y69.022 E1368.82577
G0 F9000 X123.96 Y68.372
G1 F1500 X112.251 Y80.081 E1369.37653
G0 F9000 X112.21 Y79.557
G1 F1500 X124.044 Y67.723 E1369.93316
G0 F9000 X124.128 Y67.073
G1 F1500 X112.169 Y79.031 E1370.49565
G0 F9000 X112.128 Y78.507
G1 F1500 X124.247 Y66.388 E1371.06569
G0 F9000 X124.373 Y65.696
G1 F1500 X112.088 Y77.981 E1371.64354
G0 F9000 X112.047 Y77.457
G1 F1500 X124.499 Y65.005 E1372.22925
G0 F9000 X124.625 Y64.313
G1 F1500 X112.006 Y76.932 E1372.8228
G0 F9000 X111.966 Y76.407
G1 F1500 X124.751 Y63.621 E1373.4242
G0 F9000 X124.877 Y62.93
G1 F1500 X111.925 Y75.882 E1374.03342
G0 F9000 X111.884 Y75.357
G1 F1500 X125.003 Y62.238 E1374.65049
G0 F9000 X125.129 Y61.546
G1 F1500 X111.843 Y74.832 E1375.27543
G0 F9000 X111.802 Y74.307
G1 F1500 X125.255 Y60.855 E1375.90819
G0 F9000 X125.381 Y60.163
G1 F1500 X111.741 Y73.802 E1376.54975
G0 F9000 X111.676 Y73.302
G1 F1500 X125.437 Y59.541 E1377.19703
G0 F9000 X125.437 Y58.975
G1 F1500 X111.611 Y72.801 E1377.84736
G0 F9000 X111.547 Y72.3
G1 F1500 X125.437 Y58.409 E1378.50073
G0 F9000 X125.437 Y57.844
G1 F1500 X111.482 Y71.799 E1379.15713
G0 F9000 X111.417 Y71.298
G1 F1500 X125.437 Y57.278 E1379.81658
G0 F9000 X125.437 Y56.712
G1 F1500 X111.352 Y70.798 E1380.47912
G0 F9000 X111.287 Y70.297
G1 F1500 X125.437 Y56.147 E1381.1447
G0 F9000 X125.437 Y55.581
G1 F1500 X111.222 Y69.796 E1381.81333
G0 F9000 X111.157 Y69.295
G1 F1500 X125.437 Y55.015 E1382.48501
G0 F9000 X125.437 Y54.45
G1 F1500 X111.092 Y68.795 E1383.15976
G0 F9000 X111.027 Y68.294
G1 F1500 X125.437 Y53.884 E1383.83756
G0 F9000 X125.437 Y53.318
G1 F1500 X110.962 Y67.793 E1384.51842
G0 F9000 X110.898 Y67.292
G1 F1500 X125.437 Y52.752 E1385.20231
G0 F9000 X125.437 Y52.187
G1 F1500 X110.826 Y66.798 E1385.88957
G0 F9000 X110.739 Y66.32
G1 F1500 X125.437 Y51.621 E1386.58094
G0 F9000 X125.437 Y51.055
G1 F1500 X110.651 Y65.842 E1387.27645
G0 F9000 X110.564 Y65.363
G1 F1500 X125.437 Y50.49 E1387.97603
G0 F9000 X125.437 Y49.924
G1 F1500 X110.476 Y64.885 E1388.67975
G0 F9000 X110.389 Y64.406
G1 F1500 X125.437 Y49.358 E1389.38757
G0 F9000 X125.437 Y48.793
G1 F1500 X110.303 Y63.928 E1390.09945
G0 F9000 X110.215 Y63.45
G1 F1500 X125.437 Y48.227 E1390.81547
G0 F9000 X125.437 Y47.661
G1 F1500 X110.128 Y62.971 E1391.53558
G0 F9000 X110.04 Y62.493
G1 F1500 X125.437 Y47.096 E1392.25981
G0 F9000 X125.437 Y46.53
G1 F1500 X109.953 Y62.014 E1392.98813
G0 F9000 X109.866 Y61.535
G1 F1500 X125.437 Y45.964 E1393.72054
G0 F9000 X125.437 Y45.399
G1 F1500 X109.779 Y61.057 E1394.45704
G0 F9000 X109.692 Y60.579
G1 F1500 X125.437 Y44.833 E1395.19766
G0 F9000 X125.437 Y44.267
G1 F1500 X109.605 Y60.1 E1395.94237
G0 F9000 X109.56 Y59.579
G1 F1500 X125.437 Y43.702 E1396.68918
G0 F9000 X125.437 Y43.136
G1 F1500 X109.56 Y59.013 E1397.43599
G0 F9000 X109.56 Y58.448
G1 F1500 X125.437 Y42.57 E1398.18281
G0 F9000 X125.437 Y42.004
G1 F1500 X109.56 Y57.882 E1398.92964
G0 F9000 X109.56 Y57.316
G1 F1500 X125.437 Y41.439 E1399.67645
G0 F9000 X125.437 Y40.873
G1 F1500 X109.56 Y56.75 E1400.42325
G0 F9000 X109.56 Y56.185
G1 F1500 X125.437 Y40.307 E1401.17008
G0 F9000 X125.437 Y39.742
G1 F1500 X109.56 Y55.619 E1401.91689
G0 F9000 X109.56 Y55.053
G1 F1500 X125.437 Y39.176 E1402.66369
G0 F9000 X125.437 Y38.61
G1 F1500 X109.56 Y54.488 E1403.41052
G0 F9000 X109.56 Y53.922
G1 F1500 X125.437 Y38.045 E1404.15733
G0 F9000 X125.437 Y37.479
G1 F1500 X109.56 Y53.356 E1404.90413
G0 F9000 X109.56 Y52.791
G1 F1500 X125.437 Y36.913 E1405.65096
G0 F9000 X125.225 Y36.56
G1 F1500 X109.56 Y52.225 E1406.3878
G0 F9000 X109.56 Y51.659
G1 F1500 X124.659 Y36.56 E1407.09801
G0 F9000 X124.093 Y36.56
G1 F1500 X109.56 Y51.094 E1407.78162
G0 F9000 X109.56 Y50.528
G1 F1500 X123.528 Y36.56 E1408.43863
G0 F9000 X122.962 Y36.56
G1 F1500 X109.56 Y49.962 E1409.06902
G0 F9000 X109.56 Y49.397
G1 F1500 X122.396 Y36.56 E1409.67281
G0 F9000 X121.83 Y36.56
G1 F1500 X109.56 Y48.831 E1410.24998
G0 F9000 X109.56 Y48.265
G1 F1500 X121.265 Y36.56 E1410.80054
G0 F9000 X120.699 Y36.56
G1 F1500 X109.56 Y47.7 E1411.32451
G0 F9000 X109.56 Y47.134
G1 F1500 X120.133 Y36.56 E1411.82186
G0 F9000 X119.568 Y36.56
G1 F1500 X109.56 Y46.568 E1412.2926
G0 F9000 X109.56 Y46.002
G1 F1500 X119.002 Y36.56 E1412.73672
G0 F9000 X118.436 Y36.56
G1 F1500 X109.56 Y45.437 E1413.15425
G0 F9000 X109.56 Y44.871
G1 F1500 X117.871 Y36.56 E1413.54517
G0 F9000 X117.305 Y36.56
G1 F1500 X109.56 Y44.305 E1413.90947
G0 F9000 X109.56 Y43.74
G1 F1500 X116.739 Y36.56 E1414.24717
G0 F9000 X116.174 Y36.56
G1 F1500 X109.56 Y43.174 E1414.55828
G0 F9000 X109.56 Y42.608
G1 F1500 X115.608 Y36.56 E1414.84276
G0 F9000 X115.042 Y36.56
G1 F1500 X109.56 Y42.043 E1415.10064
G0 F9000 X109.56 Y41.477
G1 F1500 X114.477 Y36.56 E1415.33192
G0 F9000 X113.911 Y36.56
G1 F1500 X109.56 Y40.911 E1415.53657
G0 F9000 X109.56 Y40.346
G1 F1500 X113.345 Y36.56 E1415.71463
G0 F9000 X112.779 Y36.56
G1 F1500 X109.56 Y39.78 E1415.86607
G0 F9000 X109.56 Y39.214
G1 F1500 X112.214 Y36.56 E1415.9909
G0 F9000 X111.648 Y36.56
G1 F1500 X109.56 Y38.649 E1416.08914
G0 F9000 X109.56 Y38.083
G1 F1500 X111.082 Y36.56 E1416.16075
G0 F9000 X110.517 Y36.56
G1 F1500 X109.56 Y37.517 E1416.20577
G0 F9000 X109.56 Y36.951
G1 F1500 X109.951 Y36.56 E1416.22416
G1 F2700 E1411.22416
;MESH:NONMESH
G0 F300 X109.951 Y36.56 Z5.4
G0 F9000 X109.951 Y36.1
G0 X109.172 Y36.172
G0 X109.162 Y59.896
G0 X111.083 Y74.337
G0 X111.65 Y81.659
G0 X111.839 Y88.99
G0 X111.839 Y146.01
G0 X111.65 Y153.341
G0 X111.083 Y160.663
G0 X110.14 Y167.947
G0 X109.149 Y173.192
G0 X109 Y199
;TIME_ELAPSED:7679.894410
;LAYER:26
;TYPE:WALL-INNER
;MESH:D638-22 Tensile.STL
G1 F2700 E1416.22416
G1 F1500 X126 Y199 E1416.78958
G1 X126 Y175.858 E1417.55929
G1 X126 Y175.089 E1417.58487
G1 X124.701 Y167.971 E1417.82552
G1 X123.754 Y160.654 E1418.07092
G1 X123.188 Y153.323 E1418.31547
G1 X123 Y146.027 E1418.55822
G1 X123 Y88.973 E1420.45584
G1 X123.19 Y81.624 E1420.70035
G1 X123.754 Y74.346 E1420.94314
G1 X124.701 Y67.027 E1421.1886
G1 X125.999 Y59.907 E1421.42932
G1 X126 Y36 E1422.22447
G1 X109 Y36 E1422.78989
G1 X109.001 Y59.911 E1423.58518
G1 X110.299 Y67.028 E1423.82579
G1 X111.246 Y74.345 E1424.07119
G1 X111.81 Y81.625 E1424.31405
G1 X112 Y88.973 E1424.55852
G1 X112 Y146.027 E1426.45615
G1 X111.812 Y153.324 E1426.69893
G1 X111.245 Y160.664 E1426.94378
G1 X110.299 Y167.972 E1427.18888
G1 X109 Y175.093 E1427.42963
G1 X109 Y199 E1428.22478
G1 F2700 E1423.22478
G0 F9000 X125.828 Y198.828
G0 X125.839 Y175.105
G0 X124.797 Y167.931
G1 F2700 E1428.22478
G0 F9000 X125.094 Y167.894
G1 F1500 X126.4 Y175.053 E1428.46682
G1 X126.4 Y175.858 E1428.49359
G1 X126.4 Y199.4 E1429.2766
G1 X108.6 Y199.4 E1429.86863
G1 X108.6 Y175.057 E1430.67829
G1 X109.906 Y167.896 E1430.92039
G1 X110.844 Y160.654 E1431.16327
G1 X111.411 Y153.345 E1431.4071
G1 X111.6 Y146.017 E1431.65091
G1 X111.6 Y88.983 E1433.54787
G1 X111.411 Y81.656 E1433.79165
G1 X110.847 Y74.376 E1434.03451
G1 X109.906 Y67.105 E1434.27836
G1 X108.601 Y59.947 E1434.52036
G1 X108.6 Y35.6 E1435.33014
G1 X126.4 Y35.6 E1435.92217
G1 X126.399 Y59.943 E1436.73183
G1 X125.094 Y67.104 E1436.97392
G1 X124.156 Y74.346 E1437.21681
G1 X123.589 Y81.655 E1437.46063
G1 X123.4 Y88.983 E1437.70445
G1 X123.4 Y146.017 E1439.6014
G1 X123.589 Y153.343 E1439.84515
G1 X124.156 Y160.654 E1440.08904
G1 X125.094 Y167.894 E1440.33186
G1 F2700 E1435.33186
G0 F9000 X124.797 Y167.931
G0 X126.198 Y175.072
G0 X126.082 Y199.082
G0 X108.47 Y199.53
G1 F2700 E1440.33186
G0 F9000 X108.2 Y199.8
;TYPE:WALL-OUTER
G1 F1500 X126.8 Y199.8 E1440.9505
G1 X126.8 Y175.858 E1441.74681
G1 X126.8 Y175.017 E1441.77478
G1 X125.491 Y167.842 E1442.01737
G1 X124.552 Y160.592 E1442.26052
G1 X123.988 Y153.302 E1442.50371
G1 X123.8 Y146.007 E1442.74642
G1 X123.8 Y88.993 E1444.64271
G1 X123.988 Y81.686 E1444.88583
G1 X124.553 Y74.398 E1445.12895
G1 X125.493 Y67.146 E1445.37217
G1 X126.799 Y59.979 E1445.61447
G1 X126.8 Y35.2 E1446.43863
G1 X108.2 Y35.2 E1447.05726
G1 X108.201 Y59.983 E1447.88155
G1 X109.509 Y67.157 E1448.12409
G1 X110.448 Y74.407 E1448.36724
G1 X111.012 Y81.697 E1448.61043
G1 X111.2 Y88.993 E1448.85318
G1 X111.2 Y146.007 E1450.74947
G1 X111.012 Y153.314 E1450.99259
G1 X110.447 Y160.602 E1451.23571
G1 X109.507 Y167.854 E1451.47893
G1 X108.2 Y175.021 E1451.72124
G1 X108.2 Y199.8 E1452.54539
G0 F9000 X108.47 Y199.53
G0 X109.1 Y198.64
G0 X109.36 Y198.64
;TYPE:SKIN
G1 F1500 X125.64 Y198.64 E1453.08687
G1 X125.64 Y175.858 E1453.8446
G1 X125.64 Y175.122 E1453.86908
G1 X124.341 Y168.004 E1454.10974
G1 X123.401 Y160.741 E1454.35332
G1 X122.831 Y153.391 E1454.59851
G1 X122.64 Y146.04 E1454.84309
G1 X122.64 Y88.961 E1456.74155
G1 X122.828 Y81.657 E1456.98456
G1 X123.402 Y74.247 E1457.23176
G1 X124.343 Y66.983 E1457.47538
G1 X125.639 Y59.872 E1457.71578
G1 X125.639 Y36.361 E1458.49776
G1 X109.361 Y36.361 E1459.03917
G1 X109.361 Y59.879 E1459.82138
G1 X110.659 Y66.995 E1460.06197
G1 X111.599 Y74.258 E1460.30555
G1 X112.169 Y81.606 E1460.55068
G1 X112.36 Y88.961 E1460.79539
G1 X112.36 Y146.04 E1462.69385
G1 X112.172 Y153.343 E1462.93683
G1 X111.598 Y160.752 E1463.18399
G1 X110.657 Y168.017 E1463.42764
G1 X109.36 Y175.128 E1463.66806
G1 X109.36 Y198.64 E1464.45007
G0 F9000 X109.559 Y198.372
G1 F1500 X109.626 Y198.438 E1464.4532
G0 F9000 X110.191 Y198.438
G1 F1500 X109.559 Y197.806 E1464.48293
G0 F9000 X109.559 Y197.241
G1 F1500 X110.757 Y198.438 E1464.53925
G0 F9000 X111.323 Y198.438
G1 F1500 X109.559 Y196.675 E1464.6222
G0 F9000 X109.559 Y196.109
G1 F1500 X111.889 Y198.438 E1464.73177
G0 F9000 X112.454 Y198.438
G1 F1500 X109.559 Y195.544 E1464.86792
G0 F9000 X109.559 Y194.978
G1 F1500 X113.02 Y198.438 E1465.03069
G0 F9000 X113.586 Y198.438
G1 F1500 X109.559 Y194.412 E1465.22009
G0 F9000 X109.559 Y193.846
G1 F1500 X114.151 Y198.438 E1465.43608
G0 F9000 X114.717 Y198.438
G1 F1500 X109.559 Y193.281 E1465.67867
G0 F9000 X109.559 Y192.715
G1 F1500 X115.283 Y198.438 E1465.94789
G0 F9000 X115.848 Y198.438
G1 F1500 X109.559 Y192.149 E1466.24371
G0 F9000 X109.559 Y191.584
G1 F1500 X116.414 Y198.438 E1466.56612
G0 F9000 X116.98 Y198.438
G1 F1500 X109.559 Y191.018 E1466.91516
G0 F9000 X109.559 Y190.452
G1 F1500 X117.545 Y198.438 E1467.2908
G0 F9000 X118.111 Y198.438
G1 F1500 X109.559 Y189.887 E1467.69303
G0 F9000 X109.559 Y189.321
G1 F1500 X118.677 Y198.438 E1468.12189
G0 F9000 X119.242 Y198.438
G1 F1500 X109.559 Y188.755 E1468.57735
G0 F9000 X109.559 Y188.19
G1 F1500 X119.808 Y198.438 E1469.05941
G0 F9000 X120.374 Y198.438
G1 F1500 X109.559 Y187.624 E1469.56809
G0 F9000 X109.559 Y187.058
G1 F1500 X120.94 Y198.438 E1470.10339
G0 F9000 X121.505 Y198.438
G1 F1500 X109.559 Y186.493 E1470.66527
G0 F9000 X109.559 Y185.927
G1 F1500 X122.071 Y198.438 E1471.25377
G0 F9000 X122.637 Y198.438
G1 F1500 X109.559 Y185.361 E1471.8689
G0 F9000 X109.559 Y184.795
G1 F1500 X123.202 Y198.438 E1472.51062
G0 F9000 X123.768 Y198.438
G1 F1500 X109.559 Y184.23 E1473.17895
G0 F9000 X109.559 Y183.664
G1 F1500 X124.334 Y198.438 E1473.8739
G0 F9000 X124.899 Y198.438
G1 F1500 X109.559 Y183.098 E1474.59544
G0 F9000 X109.559 Y182.533
G1 F1500 X125.44 Y198.413 E1475.34241
G0 F9000 X125.44 Y197.847
G1 F1500 X109.559 Y181.967 E1476.08938
G0 F9000 X109.559 Y181.401
G1 F1500 X125.44 Y197.282 E1476.83638
G0 F9000 X125.44 Y196.716
G1 F1500 X109.559 Y180.836 E1477.58335
G0 F9000 X109.559 Y180.27
G1 F1500 X125.44 Y196.15 E1478.33032
G0 F9000 X125.44 Y195.585
G1 F1500 X109.559 Y179.704 E1479.07731
G0 F9000 X109.559 Y179.139
G1 F1500 X125.44 Y195.019 E1479.82428
G0 F9000 X125.44 Y194.453
G1 F1500 X109.559 Y178.573 E1480.57125
G0 F9000 X109.559 Y178.007
G1 F1500 X125.44 Y193.887 E1481.31822
G0 F9000 X125.44 Y193.322
G1 F1500 X109.559 Y177.442 E1482.06519
G0 F9000 X109.559 Y176.876
G1 F1500 X125.44 Y192.756 E1482.81216
G0 F9000 X125.44 Y192.19
G1 F1500 X109.559 Y176.31 E1483.55913
G0 F9000 X109.559 Y175.745
G1 F1500 X125.44 Y191.625 E1484.3061
G0 F9000 X125.44 Y191.059
G1 F1500 X109.559 Y175.179 E1485.05307
G0 F9000 X109.641 Y174.695
G1 F1500 X125.44 Y190.493 E1485.79618
G0 F9000 X125.44 Y189.928
G1 F1500 X109.728 Y174.216 E1486.53523
G0 F9000 X109.815 Y173.738
G1 F1500 X125.44 Y189.362 E1487.27016
G0 F9000 X125.44 Y188.796
G1 F1500 X109.903 Y173.26 E1488.00095
G0 F9000 X109.99 Y172.781
G1 F1500 X125.44 Y188.231 E1488.72767
G0 F9000 X125.44 Y187.665
G1 F1500 X110.078 Y172.303 E1489.45025
G0 F9000 X110.165 Y171.824
G1 F1500 X125.44 Y187.099 E1490.16874
G0 F9000 X125.44 Y186.534
G1 F1500 X110.252 Y171.346 E1490.88313
G0 F9000 X110.339 Y170.868
G1 F1500 X125.44 Y185.968 E1491.59341
G0 F9000 X125.44 Y185.402
G1 F1500 X110.426 Y170.389 E1492.2996
G0 F9000 X110.514 Y169.911
G1 F1500 X125.44 Y184.837 E1493.00168
G0 F9000 X125.44 Y184.271
G1 F1500 X110.601 Y169.432 E1493.69966
G0 F9000 X110.689 Y168.954
G1 F1500 X125.44 Y183.705 E1494.3935
G0 F9000 X125.44 Y183.139
G1 F1500 X110.776 Y168.475 E1495.08325
G0 F9000 X110.861 Y167.995
G1 F1500 X125.44 Y182.574 E1495.769
G0 F9000 X125.44 Y182.008
G1 F1500 X110.926 Y167.495 E1496.45167
G0 F9000 X110.991 Y166.993
G1 F1500 X125.44 Y181.442 E1497.13131
G0 F9000 X125.44 Y180.877
G1 F1500 X111.056 Y166.493 E1497.80789
G0 F9000 X111.12 Y165.991
G1 F1500 X125.44 Y180.311 E1498.48146
G0 F9000 X125.44 Y179.745
G1 F1500 X111.185 Y165.491 E1499.15194
G0 F9000 X111.25 Y164.99
G1 F1500 X125.44 Y179.18 E1499.8194
G0 F9000 X125.44 Y178.614
G1 F1500 X111.314 Y164.489 E1500.48382
G0 F9000 X111.379 Y163.988
G1 F1500 X125.44 Y178.048 E1501.14518
G0 F9000 X125.44 Y177.483
G1 F1500 X111.444 Y163.487 E1501.80351
G0 F9000 X111.509 Y162.986
G1 F1500 X125.44 Y176.917 E1502.45878
G0 F9000 X125.44 Y176.351
G1 F1500 X111.573 Y162.485 E1503.11102
G0 F9000 X111.638 Y161.984
G1 F1500 X125.44 Y175.786 E1503.76022
G0 F9000 X125.44 Y175.22
G1 F1500 X111.703 Y161.484 E1504.40635
G0 F9000 X111.768 Y160.982
G1 F1500 X125.331 Y174.546 E1505.04433
G0 F9000 X125.205 Y173.854
G1 F1500 X111.819 Y160.468 E1505.67397
G0 F9000 X111.86 Y159.943
G1 F1500 X125.079 Y173.162 E1506.29575
G0 F9000 X124.953 Y172.471
G1 F1500 X111.901 Y159.418 E1506.9097
G0 F9000 X111.941 Y158.893
G1 F1500 X124.826 Y171.778 E1507.51577
G0 F9000 X124.7 Y171.086
G1 F1500 X111.982 Y158.368 E1508.11399
G0 F9000 X112.022 Y157.843
G1 F1500 X124.574 Y170.395 E1508.70439
G0 F9000 X124.447 Y169.702
G1 F1500 X112.063 Y157.318 E1509.2869
G0 F9000 X112.104 Y156.793
G1 F1500 X124.322 Y169.011 E1509.8616
G0 F9000 X124.195 Y168.318
G1 F1500 X112.145 Y156.268 E1510.42839
G0 F9000 X112.185 Y155.743
G1 F1500 X124.095 Y167.652 E1510.98858
G0 F9000 X124.01 Y167.003
G1 F1500 X112.226 Y155.218 E1511.54288
G0 F9000 X112.266 Y154.693
G1 F1500 X123.926 Y166.353 E1512.09133
G0 F9000 X123.841 Y165.702
G1 F1500 X112.307 Y154.168 E1512.63386
G0 F9000 X112.347 Y153.642
G1 F1500 X123.757 Y165.052 E1513.17055
G0 F9000 X123.673 Y164.403
G1 F1500 X112.377 Y153.107 E1513.70188
G0 F9000 X112.391 Y152.555
G1 F1500 X123.589 Y163.753 E1514.2286
G0 F9000 X123.505 Y163.103
G1 F1500 X112.405 Y152.003 E1514.75071
G0 F9000 X112.42 Y151.452
G1 F1500 X123.421 Y162.453 E1515.26816
G0 F9000 X123.337 Y161.803
G1 F1500 X112.434 Y150.9 E1515.78101
G0 F9000 X112.448 Y150.349
G1 F1500 X123.252 Y161.153 E1516.28919
G0 F9000 X123.183 Y160.518
G1 F1500 X112.463 Y149.798 E1516.79343
G0 F9000 X112.477 Y149.246
G1 F1500 X123.136 Y159.905 E1517.2948
G0 F9000 X123.088 Y159.292
G1 F1500 X112.491 Y148.695 E1517.79325
G0 F9000 X112.505 Y148.143
G1 F1500 X123.04 Y158.679 E1518.2888
G0 F9000 X122.993 Y158.065
G1 F1500 X112.519 Y147.592 E1518.78144
G0 F9000 X112.533 Y147.04
G1 F1500 X122.946 Y157.452 E1519.27122
G0 F9000 X122.897 Y156.839
G1 F1500 X112.548 Y146.489 E1519.75803
G0 F9000 X112.559 Y145.934
G1 F1500 X122.85 Y156.226 E1520.24211
G0 F9000 X122.803 Y155.612
G1 F1500 X112.559 Y145.369 E1520.72393
G0 F9000 X112.559 Y144.803
G1 F1500 X122.755 Y154.999 E1521.20352
G0 F9000 X122.707 Y154.386
G1 F1500 X112.559 Y144.237 E1521.68087
G0 F9000 X112.559 Y143.672
G1 F1500 X122.66 Y153.773 E1522.15599
G0 F9000 X122.626 Y153.173
G1 F1500 X112.559 Y143.106 E1522.62951
G0 F9000 X112.559 Y142.54
G1 F1500 X122.61 Y152.592 E1523.1023
G0 F9000 X122.596 Y152.011
G1 F1500 X112.559 Y141.975 E1523.57439
G0 F9000 X112.559 Y141.409
G1 F1500 X122.58 Y151.43 E1524.04575
G0 F9000 X122.565 Y150.849
G1 F1500 X112.559 Y140.843 E1524.5164
G0 F9000 X112.559 Y140.277
G1 F1500 X122.55 Y150.268 E1524.98635
G0 F9000 X122.535 Y149.688
G1 F1500 X112.559 Y139.712 E1525.45559
G0 F9000 X112.559 Y139.146
G1 F1500 X122.52 Y149.107 E1525.92412
G0 F9000 X122.504 Y148.526
G1 F1500 X112.559 Y138.58 E1526.39193
G0 F9000 X112.559 Y138.015
G1 F1500 X122.489 Y147.945 E1526.859
G0 F9000 X122.474 Y147.364
G1 F1500 X112.559 Y137.449 E1527.32537
G0 F9000 X112.559 Y136.883
G1 F1500 X122.459 Y146.784 E1527.79106
G0 F9000 X122.444 Y146.202
G1 F1500 X112.559 Y136.318 E1528.256
G0 F9000 X112.559 Y135.752
G1 F1500 X122.439 Y145.632 E1528.72073
G0 F9000 X122.439 Y145.067
G1 F1500 X112.559 Y135.186 E1529.18547
G0 F9000 X112.559 Y134.621
G1 F1500 X122.439 Y144.501 E1529.6502
G0 F9000 X122.439 Y143.935
G1 F1500 X112.559 Y134.055 E1530.11492
G0 F9000 X112.559 Y133.489
G1 F1500 X122.439 Y143.37 E1530.57967
G0 F9000 X122.439 Y142.804
G1 F1500 X112.559 Y132.924 E1531.0444
G0 F9000 X112.559 Y132.358
G1 F1500 X122.439 Y142.238 E1531.50912
G0 F9000 X122.439 Y141.673
G1 F1500 X112.559 Y131.792 E1531.97387
G0 F9000 X112.559 Y131.226
G1 F1500 X122.439 Y141.107 E1532.43862
G0 F9000 X122.439 Y140.541
G1 F1500 X112.559 Y130.661 E1532.90334
G0 F9000 X112.559 Y130.095
G1 F1500 X122.439 Y139.976 E1533.36809
G0 F9000 X122.439 Y139.41
G1 F1500 X112.559 Y129.529 E1533.83284
G0 F9000 X112.559 Y128.964
G1 F1500 X122.439 Y138.844 E1534.29757
G0 F9000 X122.439 Y138.278
G1 F1500 X112.559 Y128.398 E1534.76229
G0 F9000 X112.559 Y127.832
G1 F1500 X122.439 Y137.713 E1535.22704
G0 F9000 X122.439 Y137.147
G1 F1500 X112.559 Y127.267 E1535.69176
G0 F9000 X112.559 Y126.701
G1 F1500 X122.439 Y136.581 E1536.15649
G0 F9000 X122.439 Y136.016
G1 F1500 X112.559 Y126.135 E1536.62124
G0 F9000 X112.559 Y125.57
G1 F1500 X122.439 Y135.45 E1537.08596
G0 F9000 X122.439 Y134.884
G1 F1500 X112.559 Y125.004 E1537.55069
G0 F9000 X112.559 Y124.438
G1 F1500 X122.439 Y134.319 E1538.01544
G0 F9000 X122.439 Y133.753
G1 F1500 X112.559 Y123.873 E1538.48016
G0 F9000 X112.559 Y123.307
G1 F1500 X122.439 Y133.187 E1538.94488
G0 F9000 X122.439 Y132.622
G1 F1500 X112.559 Y122.741 E1539.40963
G0 F9000 X112.559 Y122.176
G1 F1500 X122.439 Y132.056 E1539.87436
G0 F9000 X122.439 Y131.49
G1 F1500 X112.559 Y121.61 E1540.33908
G0 F9000 X112.559 Y121.044
G1 F1500 X122.439 Y130.925 E1540.80383
G0 F9000 X122.439 Y130.359
G1 F1500 X112.559 Y120.478 E1541.26858
G0 F9000 X112.559 Y119.913
G1 F1500 X122.439 Y129.793 E1541.7333
G0 F9000 X122.439 Y129.228
G1 F1500 X112.559 Y119.347 E1542.19805
G0 F9000 X112.559 Y118.781
G1 F1500 X122.439 Y128.662 E1542.6628
G0 F9000 X122.439 Y128.096
G1 F1500 X112.559 Y118.216 E1543.12753
G0 F9000 X112.559 Y117.65
G1 F1500 X122.439 Y127.53 E1543.59225
G0 F9000 X122.439 Y126.965
G1 F1500 X112.559 Y117.084 E1544.057
G0 F9000 X112.559 Y116.519
G1 F1500 X122.439 Y126.399 E1544.52172
G0 F9000 X122.439 Y125.833
G1 F1500 X112.559 Y115.953 E1544.98645
G0 F9000 X112.559 Y115.387
G1 F1500 X122.439 Y125.268 E1545.4512
G0 F9000 X122.439 Y124.702
G1 F1500 X112.559 Y114.822 E1545.91592
G0 F9000 X112.559 Y114.256
G1 F1500 X122.439 Y124.136 E1546.38065
G0 F9000 X122.439 Y123.571
G1 F1500 X112.559 Y113.69 E1546.8454
G0 F9000 X112.559 Y113.125
G1 F1500 X122.439 Y123.005 E1547.31012
G0 F9000 X122.439 Y122.439
G1 F1500 X112.559 Y112.559 E1547.77485
G0 F9000 X112.559 Y111.993
G1 F1500 X122.439 Y121.874 E1548.23959
G0 F9000 X122.439 Y121.308
G1 F1500 X112.559 Y111.428 E1548.70432
G0 F9000 X112.559 Y110.862
G1 F1500 X122.439 Y120.742 E1549.16904
G0 F9000 X122.439 Y120.177
G1 F1500 X112.559 Y110.296 E1549.63379
G0 F9000 X112.559 Y109.73
G1 F1500 X122.439 Y119.611 E1550.09854
G0 F9000 X122.439 Y119.045
G1 F1500 X112.559 Y109.165 E1550.56327
G0 F9000 X112.559 Y108.599
G1 F1500 X122.439 Y118.479 E1551.02799
G0 F9000 X122.439 Y117.914
G1 F1500 X112.559 Y108.033 E1551.49274
G0 F9000 X112.559 Y107.468
G1 F1500 X122.439 Y117.348 E1551.95746
G0 F9000 X122.439 Y116.782
G1 F1500 X112.559 Y106.902 E1552.42219
G0 F9000 X112.559 Y106.336
G1 F1500 X122.439 Y116.217 E1552.88694
G0 F9000 X122.439 Y115.651
G1 F1500 X112.559 Y105.771 E1553.35166
G0 F9000 X112.559 Y105.205
G1 F1500 X122.439 Y115.085 E1553.81639
G0 F9000 X122.439 Y114.52
G1 F1500 X112.559 Y104.639 E1554.28114
G0 F9000 X112.559 Y104.074
G1 F1500 X122.439 Y113.954 E1554.74586
G0 F9000 X122.439 Y113.388
G1 F1500 X112.559 Y103.508 E1555.21059
G0 F9000 X112.559 Y102.942
G1 F1500 X122.439 Y112.823 E1555.67533
G0 F9000 X122.439 Y112.257
G1 F1500 X112.559 Y102.377 E1556.14006
G0 F9000 X112.559 Y101.811
G1 F1500 X122.439 Y111.691 E1556.60478
G0 F9000 X122.439 Y111.126
G1 F1500 X112.559 Y101.245 E1557.06953
G0 F9000 X112.559 Y100.679
G1 F1500 X122.439 Y110.56 E1557.53428
G0 F9000 X122.439 Y109.994
G1 F1500 X112.559 Y100.114 E1557.99901
G0 F9000 X112.559 Y99.548
G1 F1500 X122.439 Y109.429 E1558.46375
G0 F9000 X122.439 Y108.863
G1 F1500 X112.559 Y98.982 E1558.9285
G0 F9000 X112.559 Y98.417
G1 F1500 X122.439 Y108.297 E1559.39323
G0 F9000 X122.439 Y107.731
G1 F1500 X112.559 Y97.851 E1559.85795
G0 F9000 X112.559 Y97.285
G1 F1500 X122.439 Y107.166 E1560.3227
G0 F9000 X122.439 Y106.6
G1 F1500 X112.559 Y96.72 E1560.78743
G0 F9000 X112.559 Y96.154
G1 F1500 X122.439 Y106.034 E1561.25215
G0 F9000 X122.439 Y105.469
G1 F1500 X112.559 Y95.588 E1561.7169
G0 F9000 X112.559 Y95.023
G1 F1500 X122.439 Y104.903 E1562.18162
G0 F9000 X122.439 Y104.337
G1 F1500 X112.559 Y94.457 E1562.64635
G0 F9000 X112.559 Y93.891
G1 F1500 X122.439 Y103.772 E1563.1111
G0 F9000 X122.439 Y103.206
G1 F1500 X112.559 Y93.326 E1563.57582
G0 F9000 X112.559 Y92.76
G1 F1500 X122.439 Y102.64 E1564.04055
G0 F9000 X122.439 Y102.075
G1 F1500 X112.559 Y92.194 E1564.5053
G0 F9000 X112.559 Y91.629
G1 F1500 X122.439 Y101.509 E1564.97002
G0 F9000 X122.439 Y100.943
G1 F1500 X112.559 Y91.063 E1565.43475
G0 F9000 X112.559 Y90.497
G1 F1500 X122.439 Y100.378 E1565.89949
G0 F9000 X122.439 Y99.812
G1 F1500 X112.559 Y89.931 E1566.36424
G0 F9000 X112.559 Y89.366
G1 F1500 X122.439 Y99.246 E1566.82897
G0 F9000 X122.439 Y98.68
G1 F1500 X112.555 Y88.796 E1567.29388
G0 F9000 X112.539 Y88.215
G1 F1500 X122.439 Y98.115 E1567.75955
G0 F9000 X122.439 Y97.549
G1 F1500 X112.524 Y87.634 E1568.22592
G0 F9000 X112.509 Y87.053
G1 F1500 X122.439 Y96.983 E1568.69299
G0 F9000 X122.439 Y96.418
G1 F1500 X112.494 Y86.472 E1569.1608
G0 F9000 X112.479 Y85.892
G1 F1500 X122.439 Y95.852 E1569.62929
G0 F9000 X122.439 Y95.286
G1 F1500 X112.463 Y85.311 E1570.0985
G0 F9000 X112.449 Y84.73
G1 F1500 X122.439 Y94.721 E1570.56843
G0 F9000 X122.439 Y94.155
G1 F1500 X112.433 Y84.149 E1571.03908
G0 F9000 X112.418 Y83.568
G1 F1500 X122.439 Y93.589 E1571.51044
G0 F9000 X122.439 Y93.024
G1 F1500 X112.403 Y82.987 E1571.98252
G0 F9000 X112.388 Y82.406
G1 F1500 X122.439 Y92.458 E1572.45531
G0 F9000 X122.439 Y91.892
G1 F1500 X112.373 Y81.826 E1572.92879
G0 F9000 X112.339 Y81.226
G1 F1500 X122.439 Y91.327 E1573.40388
G0 F9000 X122.439 Y90.761
G1 F1500 X112.291 Y80.613 E1573.88121
G0 F9000 X112.244 Y79.999
G1 F1500 X122.439 Y90.195 E1574.36078
G0 F9000 X122.439 Y89.63
G1 F1500 X112.196 Y79.386 E1574.8426
G0 F9000 X112.148 Y78.773
G1 F1500 X122.439 Y89.064 E1575.32666
G0 F9000 X122.451 Y88.509
G1 F1500 X112.101 Y78.16 E1575.81347
G0 F9000 X112.053 Y77.546
G1 F1500 X122.465 Y87.958 E1576.30322
G0 F9000 X122.479 Y87.406
G1 F1500 X112.005 Y76.933 E1576.79586
G0 F9000 X111.958 Y76.32
G1 F1500 X122.493 Y86.855 E1577.29139
G0 F9000 X122.507 Y86.303
G1 F1500 X111.91 Y75.707 E1577.78982
G0 F9000 X111.862 Y75.093
G1 F1500 X122.521 Y85.752 E1578.29119
G0 F9000 X122.535 Y85.2
G1 F1500 X111.815 Y74.48 E1578.79542
G0 F9000 X111.746 Y73.845
G1 F1500 X122.55 Y84.649 E1579.30361
G0 F9000 X122.564 Y84.098
G1 F1500 X111.662 Y73.196 E1579.81641
G0 F9000 X111.578 Y72.546
G1 F1500 X122.579 Y83.546 E1580.33384
G0 F9000 X122.593 Y82.995
G1 F1500 X111.494 Y71.896 E1580.8559
G0 F9000 X111.409 Y71.245
G1 F1500 X122.607 Y82.443 E1581.38262
G0 F9000 X122.621 Y81.892
G1 F1500 X111.325 Y70.596 E1581.91395
G0 F9000 X111.241 Y69.946
G1 F1500 X122.651 Y81.356 E1582.45064
G0 F9000 X122.691 Y80.83
G1 F1500 X111.157 Y69.296 E1582.99316
G0 F9000 X111.073 Y68.646
G1 F1500 X122.732 Y80.306 E1583.54159
G0 F9000 X122.772 Y79.78
G1 F1500 X110.988 Y67.996 E1584.09587
G0 F9000 X110.904 Y67.346
G1 F1500 X122.813 Y79.256 E1584.65606
G0 F9000 X122.854 Y78.73
G1 F1500 X110.803 Y66.68 E1585.22288
G0 F9000 X110.677 Y65.988
G1 F1500 X122.895 Y78.206 E1585.79758
G0 F9000 X122.935 Y77.68
G1 F1500 X110.551 Y65.297 E1586.38006
G0 F9000 X110.425 Y64.604
G1 F1500 X122.976 Y77.155 E1586.97042
G0 F9000 X123.016 Y76.63
G1 F1500 X110.299 Y63.913 E1587.56859
G0 F9000 X110.172 Y63.221
G1 F1500 X123.057 Y76.105 E1588.17463
G0 F9000 X123.098 Y75.58
G1 F1500 X110.047 Y62.529 E1588.78851
G0 F9000 X109.92 Y61.837
G1 F1500 X123.139 Y75.055 E1589.41027
G0 F9000 X123.179 Y74.53
G1 F1500 X109.794 Y61.145 E1590.03986
G0 F9000 X109.668 Y60.454
G1 F1500 X123.231 Y74.016 E1590.6778
G0 F9000 X123.296 Y73.515
G1 F1500 X109.559 Y59.779 E1591.32392
G0 F9000 X109.559 Y59.213
G1 F1500 X123.36 Y73.014 E1591.97308
G0 F9000 X123.425 Y72.513
G1 F1500 X109.559 Y58.648 E1592.62527
G0 F9000 X109.559 Y58.082
G1 F1500 X123.49 Y72.013 E1593.28054
G0 F9000 X123.554 Y71.511
G1 F1500 X109.559 Y57.516 E1593.93882
G0 F9000 X109.559 Y56.951
G1 F1500 X123.619 Y71.011 E1594.60016
G0 F9000 X123.684 Y70.509
G1 F1500 X109.559 Y56.385 E1595.26453
G0 F9000 X109.559 Y55.819
G1 F1500 X123.749 Y70.009 E1595.93199
G0 F9000 X123.814 Y69.508
G1 F1500 X109.559 Y55.254 E1596.60248
G0 F9000 X109.559 Y54.688
G1 F1500 X123.878 Y69.007 E1597.276
G0 F9000 X123.943 Y68.506
G1 F1500 X109.559 Y54.122 E1597.95258
G0 F9000 X109.559 Y53.556
G1 F1500 X124.008 Y68.005 E1598.63221
G0 F9000 X124.073 Y67.504
G1 F1500 X109.559 Y52.991 E1599.31488
G0 F9000 X109.559 Y52.425
G1 F1500 X124.138 Y67.004 E1600.00064
G0 F9000 X124.223 Y66.523
G1 F1500 X109.559 Y51.859 E1600.69039
G0 F9000 X109.559 Y51.294
G1 F1500 X124.31 Y66.045 E1601.38423
G0 F9000 X124.397 Y65.566
G1 F1500 X109.559 Y50.728 E1602.08216
G0 F9000 X109.559 Y50.162
G1 F1500 X124.485 Y65.088 E1602.78423
G0 F9000 X124.572 Y64.609
G1 F1500 X109.559 Y49.597 E1603.49038
G0 F9000 X109.559 Y49.031
G1 F1500 X124.659 Y64.131 E1604.20063
G0 F9000 X124.746 Y63.652
G1 F1500 X109.559 Y48.465 E1604.91498
G0 F9000 X109.559 Y47.9
G1 F1500 X124.834 Y63.174 E1605.63345
G0 F9000 X124.921 Y62.695
G1 F1500 X109.559 Y47.334 E1606.35601
G0 F9000 X109.559 Y46.768
G1 F1500 X125.007 Y62.216 E1607.08263
G0 F9000 X125.094 Y61.738
G1 F1500 X109.559 Y46.203 E1607.81335
G0 F9000 X109.559 Y45.637
G1 F1500 X125.181 Y61.259 E1608.54816
G0 F9000 X125.269 Y60.781
G1 F1500 X109.559 Y45.071 E1609.28711
G0 F9000 X109.559 Y44.506
G1 F1500 X125.356 Y60.302 E1610.03013
G0 F9000 X125.438 Y59.819
G1 F1500 X109.559 Y43.94 E1610.77703
G0 F9000 X109.559 Y43.374
G1 F1500 X125.438 Y59.253 E1611.52393
G0 F9000 X125.438 Y58.687
G1 F1500 X109.559 Y42.808 E1612.27083
G0 F9000 X109.559 Y42.243
G1 F1500 X125.438 Y58.122 E1613.01773
G0 F9000 X125.438 Y57.556
G1 F1500 X109.559 Y41.677 E1613.76463
G0 F9000 X109.559 Y41.111
G1 F1500 X125.438 Y56.99 E1614.51153
G0 F9000 X125.438 Y56.424
G1 F1500 X109.559 Y40.546 E1615.25841
G0 F9000 X109.559 Y39.98
G1 F1500 X125.438 Y55.859 E1616.00531
G0 F9000 X125.438 Y55.293
G1 F1500 X109.559 Y39.414 E1616.75221
G0 F9000 X109.559 Y38.849
G1 F1500 X125.438 Y54.727 E1617.49908
G0 F9000 X125.438 Y54.162
G1 F1500 X109.559 Y38.283 E1618.24598
G0 F9000 X109.559 Y37.717
G1 F1500 X125.438 Y53.596 E1618.99288
G0 F9000 X125.438 Y53.03
G1 F1500 X109.559 Y37.152 E1619.73976
G0 F9000 X109.559 Y36.586
G1 F1500 X125.438 Y52.465 E1620.48666
G0 F9000 X125.438 Y51.899
G1 F1500 X110.1 Y36.56 E1621.20813
G0 F9000 X110.665 Y36.56
G1 F1500 X125.438 Y51.333 E1621.90301
G0 F9000 X125.438 Y50.768
G1 F1500 X111.231 Y36.56 E1622.57129
G0 F9000 X111.797 Y36.56
G1 F1500 X125.438 Y50.202 E1623.21294
G0 F9000 X125.438 Y49.636
G1 F1500 X112.362 Y36.56 E1623.82799
G0 F9000 X112.928 Y36.56
G1 F1500 X125.438 Y49.071 E1624.41645
G0 F9000 X125.438 Y48.505
G1 F1500 X113.494 Y36.56 E1624.97828
G0 F9000 X114.059 Y36.56
G1 F1500 X125.438 Y47.939 E1625.51352
G0 F9000 X125.438 Y47.374
G1 F1500 X114.625 Y36.56 E1626.02215
G0 F9000 X115.191 Y36.56
G1 F1500 X125.438 Y46.808 E1626.50416
G0 F9000 X125.438 Y46.242
G1 F1500 X115.756 Y36.56 E1626.95957
G0 F9000 X116.322 Y36.56
G1 F1500 X125.438 Y45.676 E1627.38836
G0 F9000 X125.438 Y45.111
G1 F1500 X116.888 Y36.56 E1627.79055
G0 F9000 X117.453 Y36.56
G1 F1500 X125.438 Y44.545 E1628.16614
G0 F9000 X125.438 Y43.979
G1 F1500 X118.019 Y36.56 E1628.51511
G0 F9000 X118.585 Y36.56
G1 F1500 X125.438 Y43.414 E1628.83748
G0 F9000 X125.438 Y42.848
G1 F1500 X119.151 Y36.56 E1629.13322
G0 F9000 X119.716 Y36.56
G1 F1500 X125.438 Y42.282 E1629.40237
G0 F9000 X125.438 Y41.717
G1 F1500 X120.282 Y36.56 E1629.64491
G0 F9000 X120.848 Y36.56
G1 F1500 X125.438 Y41.151 E1629.86083
G0 F9000 X125.438 Y40.585
G1 F1500 X121.413 Y36.56 E1630.05016
G0 F9000 X121.979 Y36.56
G1 F1500 X125.438 Y40.02 E1630.21288
G0 F9000 X125.438 Y39.454
G1 F1500 X122.545 Y36.56 E1630.34898
G0 F9000 X123.11 Y36.56
G1 F1500 X125.438 Y38.888 E1630.45849
G0 F9000 X125.438 Y38.323
G1 F1500 X123.676 Y36.56 E1630.54139
G0 F9000 X124.242 Y36.56
G1 F1500 X125.438 Y37.757 E1630.59767
G0 F9000 X125.438 Y37.191
G1 F1500 X124.807 Y36.56 E1630.62735
G0 F9000 X125.373 Y36.56
G1 F1500 X125.438 Y36.626 E1630.63043
G1 F2700 E1625.63043
;MESH:NONMESH
G0 F300 X125.438 Y36.626 Z5.6
G0 F9000 X125.9 Y36.626
G0 X125.838 Y59.892
G0 X123.917 Y74.337
G0 X123.35 Y81.659
G0 X123.161 Y88.99
G0 X123.161 Y146.01
G0 X123.35 Y153.341
G0 X123.809 Y159.271
G0 X124.701 Y167.971
;TIME_ELAPSED:7967.854944
;LAYER:27
;TYPE:WALL-INNER
;MESH:D638-22 Tensile.STL
G1 F2700 E1630.63043
G1 F1500 X126 Y175.089 E1630.87108
G1 X126 Y175.858 E1630.89666
G1 X126 Y199 E1631.66637
G1 X109 Y199 E1632.23179
G1 X109 Y175.093 E1633.02694
G1 X110.299 Y167.972 E1633.26769
G1 X111.245 Y160.664 E1633.51279
G1 X111.812 Y153.324 E1633.75764
G1 X112 Y146.027 E1634.00042
G1 X112 Y88.973 E1635.89805
G1 X111.81 Y81.625 E1636.14252
G1 X111.246 Y74.345 E1636.38538
G1 X110.299 Y67.028 E1636.63078
G1 X109.001 Y59.911 E1636.8714
G1 X109 Y36 E1637.66668
G1 X126 Y36 E1638.2321
G1 X125.999 Y59.907 E1639.02725
G1 X124.701 Y67.027 E1639.26797
G1 X123.754 Y74.346 E1639.51343
G1 X123.19 Y81.624 E1639.75622
G1 X123 Y88.973 E1640.00073
G1 X123 Y146.027 E1641.89835
G1 X123.188 Y153.323 E1642.1411
G1 X123.754 Y160.654 E1642.38566
G1 X124.701 Y167.971 E1642.63105
G1 F2700 E1637.63105
G0 F9000 X125.839 Y175.105
G0 X125.828 Y198.828
G0 X108.87 Y199.13
G1 F2700 E1642.63105
G0 F9000 X108.6 Y199.4
G1 F1500 X126.4 Y199.4 E1643.22308
G1 X126.4 Y175.858 E1644.00609
G1 X126.4 Y175.053 E1644.03286
G1 X125.094 Y167.894 E1644.2749
G1 X124.156 Y160.654 E1644.51772
G1 X123.589 Y153.343 E1644.76161
G1 X123.4 Y146.017 E1645.00536
G1 X123.4 Y88.983 E1646.90232
G1 X123.589 Y81.655 E1647.14613
G1 X124.156 Y74.346 E1647.38996
G1 X125.094 Y67.104 E1647.63284
G1 X126.399 Y59.943 E1647.87494
G1 X126.4 Y35.6 E1648.68459
G1 X108.6 Y35.6 E1649.27662
G1 X108.601 Y59.947 E1650.0864
G1 X109.906 Y67.105 E1650.3284
G1 X110.847 Y74.376 E1650.57226
G1 X111.411 Y81.656 E1650.81512
G1 X111.6 Y88.983 E1651.05889
G1 X111.6 Y146.017 E1652.95585
G1 X111.411 Y153.345 E1653.19966
G1 X110.844 Y160.654 E1653.44349
G1 X109.906 Y167.896 E1653.68637
G1 X108.6 Y175.057 E1653.92848
G1 X108.6 Y199.4 E1654.73813
G1 F2700 E1649.73813
G0 F9000 X108.87 Y199.13
G0 X125.828 Y198.828
G0 X125.839 Y175.105
G0 X124.797 Y167.931
G1 F2700 E1654.73813
G0 F9000 X125.491 Y167.842
;TYPE:WALL-OUTER
G1 F1500 X126.8 Y175.017 E1654.98071
G1 X126.8 Y175.858 E1655.00868
G1 X126.8 Y199.8 E1655.805
G1 X108.2 Y199.8 E1656.42363
G1 X108.2 Y175.021 E1657.24779
G1 X109.507 Y167.854 E1657.49009
G1 X110.447 Y160.602 E1657.73331
G1 X111.012 Y153.314 E1657.97644
G1 X111.2 Y146.007 E1658.21955
G1 X111.2 Y88.993 E1660.11585
G1 X111.012 Y81.697 E1660.35859
G1 X110.448 Y74.407 E1660.60179
G1 X109.509 Y67.157 E1660.84494
G1 X108.201 Y59.983 E1661.08748
G1 X108.2 Y35.2 E1661.91176
G1 X126.8 Y35.2 E1662.5304
G1 X126.799 Y59.979 E1663.35455
G1 X125.493 Y67.146 E1663.59685
G1 X124.553 Y74.398 E1663.84008
G1 X123.988 Y81.686 E1664.0832
G1 X123.8 Y88.993 E1664.32631
G1 X123.8 Y146.007 E1666.22261
G1 X123.988 Y153.302 E1666.46532
G1 X124.552 Y160.592 E1666.70851
G1 X125.491 Y167.842 E1666.95166
G0 F9000 X124.797 Y167.931
G0 X124.341 Y168.004
;TYPE:SKIN
G1 F1500 X125.64 Y175.122 E1667.19232
G1 X125.64 Y175.858 E1667.2168
G1 X125.64 Y198.64 E1667.97453
G1 X109.36 Y198.64 E1668.516
G1 X109.36 Y175.128 E1669.29802
G1 X110.657 Y168.017 E1669.53843
G1 X111.598 Y160.752 E1669.78209
G1 X112.172 Y153.343 E1670.02925
G1 X112.36 Y146.04 E1670.27223
G1 X112.36 Y88.961 E1672.17068
G1 X112.169 Y81.606 E1672.41539
G1 X111.599 Y74.258 E1672.66052
G1 X110.659 Y66.995 E1672.90411
G1 X109.361 Y59.879 E1673.14469
G1 X109.361 Y36.361 E1673.9269
G1 X125.639 Y36.361 E1674.46831
G1 X125.639 Y59.872 E1675.25029
G1 X124.343 Y66.983 E1675.4907
G1 X123.402 Y74.247 E1675.73432
G1 X122.828 Y81.657 E1675.98151
G1 X122.64 Y88.961 E1676.22453
G1 X122.64 Y146.04 E1678.12298
G1 X122.831 Y153.391 E1678.36756
G1 X123.401 Y160.741 E1678.61276
G1 X124.341 Y168.004 E1678.85634
G1 F2700 E1673.85634
G0 F9000 X124.597 Y167.957
G0 X125.839 Y175.105
G0 X125.9 Y198.132
G1 F2700 E1678.85634
G0 F9000 X125.44 Y198.132
G1 F1500 X125.133 Y198.438 E1678.87076
G0 F9000 X124.567 Y198.438
G1 F1500 X125.44 Y197.566 E1678.9118
G0 F9000 X125.44 Y197
G1 F1500 X124.001 Y198.438 E1678.97946
G0 F9000 X123.436 Y198.438
G1 F1500 X125.44 Y196.434 E1679.07372
G0 F9000 X125.44 Y195.869
G1 F1500 X122.87 Y198.438 E1679.19458
G0 F9000 X122.304 Y198.438
G1 F1500 X125.44 Y195.303 E1679.34207
G0 F9000 X125.44 Y194.737
G1 F1500 X121.739 Y198.438 E1679.51615
G0 F9000 X121.173 Y198.438
G1 F1500 X125.44 Y194.172 E1679.71683
G0 F9000 X125.44 Y193.606
G1 F1500 X120.607 Y198.438 E1679.94414
G0 F9000 X120.041 Y198.438
G1 F1500 X125.44 Y193.04 E1680.19807
G0 F9000 X125.44 Y192.475
G1 F1500 X119.476 Y198.438 E1680.47857
G0 F9000 X118.91 Y198.438
G1 F1500 X125.44 Y191.909 E1680.7857
G0 F9000 X125.44 Y191.343
G1 F1500 X118.344 Y198.438 E1681.11945
G0 F9000 X117.779 Y198.438
G1 F1500 X125.44 Y190.778 E1681.47978
G0 F9000 X125.44 Y190.212
G1 F1500 X117.213 Y198.438 E1681.86673
G0 F9000 X116.647 Y198.438
G1 F1500 X125.44 Y189.646 E1682.2803
G0 F9000 X125.44 Y189.081
G1 F1500 X116.082 Y198.438 E1682.72045
G0 F9000 X115.516 Y198.438
G1 F1500 X125.44 Y188.515 E1683.18722
G0 F9000 X125.44 Y187.949
G1 F1500 X114.95 Y198.438 E1683.68061
G0 F9000 X114.385 Y198.438
G1 F1500 X125.44 Y187.384 E1684.20058
G0 F9000 X125.44 Y186.818
G1 F1500 X113.819 Y198.438 E1684.74717
G0 F9000 X113.253 Y198.438
G1 F1500 X125.44 Y186.252 E1685.32039
G0 F9000 X125.44 Y185.686
G1 F1500 X112.688 Y198.438 E1685.92021
G0 F9000 X112.122 Y198.438
G1 F1500 X125.44 Y185.121 E1686.54662
G0 F9000 X125.44 Y184.555
G1 F1500 X111.556 Y198.438 E1687.19966
G0 F9000 X110.991 Y198.438
G1 F1500 X125.44 Y183.989 E1687.87929
G0 F9000 X125.44 Y183.424
G1 F1500 X110.425 Y198.438 E1688.58553
G0 F9000 X109.859 Y198.438
G1 F1500 X125.44 Y182.858 E1689.31839
G0 F9000 X125.44 Y182.292
G1 F1500 X109.559 Y198.173 E1690.06538
G0 F9000 X109.559 Y197.607
G1 F1500 X125.44 Y181.727 E1690.81235
G0 F9000 X125.44 Y181.161
G1 F1500 X109.559 Y197.041 E1691.55932
G0 F9000 X109.559 Y196.475
G1 F1500 X125.44 Y180.595 E1692.30629
G0 F9000 X125.44 Y180.03
G1 F1500 X109.559 Y195.91 E1693.05326
G0 F9000 X109.559 Y195.344
G1 F1500 X125.44 Y179.464 E1693.80023
G0 F9000 X125.44 Y178.898
G1 F1500 X109.559 Y194.778 E1694.5472
G0 F9000 X109.559 Y194.213
G1 F1500 X125.44 Y178.333 E1695.29417
G0 F9000 X125.44 Y177.767
G1 F1500 X109.559 Y193.647 E1696.04114
G0 F9000 X109.559 Y193.081
G1 F1500 X125.44 Y177.201 E1696.78811
G0 F9000 X125.44 Y176.635
G1 F1500 X109.559 Y192.516 E1697.53511
G0 F9000 X109.559 Y191.95
G1 F1500 X125.44 Y176.07 E1698.28208
G0 F9000 X125.44 Y175.504
G1 F1500 X109.559 Y191.384 E1699.02905
G0 F9000 X109.559 Y190.819
G1 F1500 X125.408 Y174.97 E1699.77453
G0 F9000 X125.321 Y174.492
G1 F1500 X109.559 Y190.253 E1700.51591
G0 F9000 X109.559 Y189.687
G1 F1500 X125.234 Y174.013 E1701.25319
G0 F9000 X125.146 Y173.535
G1 F1500 X109.559 Y189.122 E1701.98635
G0 F9000 X109.559 Y188.556
G1 F1500 X125.059 Y173.056 E1702.71542
G0 F9000 X124.971 Y172.578
G1 F1500 X109.559 Y187.99 E1703.44036
G0 F9000 X109.559 Y187.425
G1 F1500 X124.884 Y172.099 E1704.16122
G0 F9000 X124.797 Y171.621
G1 F1500 X109.559 Y186.859 E1704.87797
G0 F9000 X109.559 Y186.293
G1 F1500 X124.71 Y171.143 E1705.5906
G0 F9000 X124.623 Y170.664
G1 F1500 X109.559 Y185.727 E1706.29914
G0 F9000 X109.559 Y185.162
G1 F1500 X124.535 Y170.186 E1707.00357
G0 F9000 X124.448 Y169.707
G1 F1500 X109.559 Y184.596 E1707.7039
G0 F9000 X109.559 Y184.03
G1 F1500 X124.36 Y169.229 E1708.4001
G0 F9000 X124.274 Y168.751
G1 F1500 X109.559 Y183.465 E1709.09222
G0 F9000 X109.559 Y182.899
G1 F1500 X124.186 Y168.273 E1709.78021
G0 F9000 X124.111 Y167.782
G1 F1500 X109.559 Y182.333 E1710.46467
G0 F9000 X109.559 Y181.768
G1 F1500 X124.046 Y167.281 E1711.14609
G0 F9000 X123.981 Y166.781
G1 F1500 X109.559 Y181.202 E1711.82443
G0 F9000 X109.559 Y180.636
G1 F1500 X123.916 Y166.28 E1712.49972
G0 F9000 X123.851 Y165.779
G1 F1500 X109.559 Y180.071 E1713.17197
G0 F9000 X109.559 Y179.505
G1 F1500 X123.786 Y165.278 E1713.84116
G0 F9000 X123.721 Y164.777
G1 F1500 X109.559 Y178.939 E1714.5073
G0 F9000 X109.559 Y178.374
G1 F1500 X123.656 Y164.277 E1715.17038
G0 F9000 X123.591 Y163.776
G1 F1500 X109.559 Y177.808 E1715.8304
G0 F9000 X109.559 Y177.242
G1 F1500 X123.527 Y163.275 E1716.48739
G0 F9000 X123.462 Y162.774
G1 F1500 X109.559 Y176.676 E1717.14132
G0 F9000 X109.559 Y176.111
G1 F1500 X123.397 Y162.273 E1717.79222
G0 F9000 X123.332 Y161.773
G1 F1500 X109.559 Y175.545 E1718.44004
G0 F9000 X109.597 Y174.942
G1 F1500 X123.267 Y161.272 E1719.08303
G0 F9000 X123.202 Y160.771
G1 F1500 X109.723 Y174.25 E1719.71704
G0 F9000 X109.849 Y173.558
G1 F1500 X123.161 Y160.246 E1720.3432
G0 F9000 X123.121 Y159.721
G1 F1500 X109.975 Y172.867 E1720.96155
G0 F9000 X110.102 Y172.174
G1 F1500 X123.08 Y159.196 E1721.57199
G0 F9000 X123.039 Y158.671
G1 F1500 X110.228 Y171.483 E1722.1746
G0 F9000 X110.354 Y170.791
G1 F1500 X122.999 Y158.146 E1722.76939
G0 F9000 X122.958 Y157.621
G1 F1500 X110.48 Y170.099 E1723.35631
G0 F9000 X110.607 Y169.407
G1 F1500 X122.917 Y157.096 E1723.93536
G0 F9000 X122.876 Y156.571
G1 F1500 X110.732 Y168.715 E1724.50658
G0 F9000 X110.858 Y168.024
G1 F1500 X122.835 Y156.047 E1725.06994
G0 F9000 X122.795 Y155.521
G1 F1500 X110.942 Y167.374 E1725.62747
G0 F9000 X111.026 Y166.725
G1 F1500 X122.754 Y154.997 E1726.17912
G0 F9000 X122.713 Y154.472
G1 F1500 X111.11 Y166.075 E1726.72489
G0 F9000 X111.194 Y165.425
G1 F1500 X122.673 Y153.947 E1727.2648
G0 F9000 X122.632 Y153.422
G1 F1500 X111.278 Y164.775 E1727.79883
G0 F9000 X111.362 Y164.126
G1 F1500 X122.617 Y152.871 E1728.32823
G0 F9000 X122.603 Y152.319
G1 F1500 X111.446 Y163.476 E1728.85303
G0 F9000 X111.53 Y162.826
G1 F1500 X122.588 Y151.768 E1729.37316
G0 F9000 X122.574 Y151.217
G1 F1500 X111.614 Y162.177 E1729.88868
G0 F9000 X111.698 Y161.527
G1 F1500 X122.559 Y150.666 E1730.39955
G0 F9000 X122.545 Y150.114
G1 F1500 X111.782 Y160.878 E1730.90583
G0 F9000 X111.836 Y160.257
G1 F1500 X122.53 Y149.563 E1731.40885
G0 F9000 X122.516 Y149.012
G1 F1500 X111.884 Y159.644 E1731.90894
G0 F9000 X111.931 Y159.031
G1 F1500 X122.502 Y148.46 E1732.40617
G0 F9000 X122.487 Y147.909
G1 F1500 X111.978 Y158.418 E1732.90048
G0 F9000 X112.026 Y157.805
G1 F1500 X122.473 Y147.358 E1733.39188
G0 F9000 X122.459 Y146.806
G1 F1500 X112.074 Y157.191 E1733.88036
G0 F9000 X112.121 Y156.578
G1 F1500 X122.444 Y146.255 E1734.36592
G0 F9000 X122.439 Y145.695
G1 F1500 X112.169 Y155.965 E1734.84899
G0 F9000 X112.216 Y155.352
G1 F1500 X122.439 Y145.13 E1735.32982
G0 F9000 X122.439 Y144.564
G1 F1500 X112.263 Y154.739 E1735.80845
G0 F9000 X112.311 Y154.126
G1 F1500 X122.439 Y143.998 E1736.28484
G0 F9000 X122.439 Y143.433
G1 F1500 X112.358 Y153.513 E1736.75899
G0 F9000 X112.383 Y152.923
G1 F1500 X122.439 Y142.867 E1737.232
G0 F9000 X122.439 Y142.301
G1 F1500 X112.398 Y152.342 E1737.70429
G0 F9000 X112.413 Y151.762
G1 F1500 X122.439 Y141.736 E1738.17589
G0 F9000 X122.439 Y141.17
G1 F1500 X112.427 Y151.181 E1738.6468
G0 F9000 X112.442 Y150.601
G1 F1500 X122.439 Y140.604 E1739.11703
G0 F9000 X122.439 Y140.038
G1 F1500 X112.457 Y150.02 E1739.58655
G0 F9000 X112.473 Y149.439
G1 F1500 X122.439 Y139.473 E1740.05532
G0 F9000 X122.439 Y138.907
G1 F1500 X112.487 Y148.858 E1740.52341
G0 F9000 X112.502 Y148.278
G1 F1500 X122.439 Y138.341 E1740.99081
G0 F9000 X122.439 Y137.776
G1 F1500 X112.517 Y147.697 E1741.45749
G0 F9000 X112.532 Y147.117
G1 F1500 X122.439 Y137.21 E1741.92348
G0 F9000 X122.439 Y136.644
G1 F1500 X112.548 Y146.535 E1742.38873
G0 F9000 X112.56 Y145.958
G1 F1500 X122.439 Y136.079 E1742.8534
G0 F9000 X122.439 Y135.513
G1 F1500 X112.56 Y145.392 E1743.31808
G0 F9000 X112.56 Y144.826
G1 F1500 X122.439 Y134.947 E1743.78276
G0 F9000 X122.439 Y134.382
G1 F1500 X112.56 Y144.261 E1744.24744
G0 F9000 X112.56 Y143.695
G1 F1500 X122.439 Y133.816 E1744.71212
G0 F9000 X122.439 Y133.25
G1 F1500 X112.56 Y143.129 E1745.17679
G0 F9000 X112.56 Y142.564
G1 F1500 X122.439 Y132.685 E1745.64147
G0 F9000 X122.439 Y132.119
G1 F1500 X112.56 Y141.998 E1746.10615
G0 F9000 X112.56 Y141.432
G1 F1500 X122.439 Y131.553 E1746.57083
G0 F9000 X122.439 Y130.987
G1 F1500 X112.56 Y140.866 E1747.03551
G0 F9000 X112.56 Y140.301
G1 F1500 X122.439 Y130.422 E1747.50018
G0 F9000 X122.439 Y129.856
G1 F1500 X112.56 Y139.735 E1747.96486
G0 F9000 X112.56 Y139.169
G1 F1500 X122.439 Y129.29 E1748.42954
G0 F9000 X122.439 Y128.725
G1 F1500 X112.56 Y138.604 E1748.89422
G0 F9000 X112.56 Y138.038
G1 F1500 X122.439 Y128.159 E1749.35889
G0 F9000 X122.439 Y127.593
G1 F1500 X112.56 Y137.472 E1749.82357
G0 F9000 X112.56 Y136.907
G1 F1500 X122.439 Y127.028 E1750.28825
G0 F9000 X122.439 Y126.462
G1 F1500 X112.56 Y136.341 E1750.75293
G0 F9000 X112.56 Y135.775
G1 F1500 X122.439 Y125.896 E1751.21761
G0 F9000 X122.439 Y125.331
G1 F1500 X112.56 Y135.21 E1751.68228
G0 F9000 X112.56 Y134.644
G1 F1500 X122.439 Y124.765 E1752.14696
G0 F9000 X122.439 Y124.199
G1 F1500 X112.56 Y134.078 E1752.61164
G0 F9000 X112.56 Y133.513
G1 F1500 X122.439 Y123.634 E1753.07632
G0 F9000 X122.439 Y123.068
G1 F1500 X112.56 Y132.947 E1753.541
G0 F9000 X112.56 Y132.381
G1 F1500 X122.439 Y122.502 E1754.00567
G0 F9000 X122.439 Y121.937
G1 F1500 X112.56 Y131.816 E1754.47035
G0 F9000 X112.56 Y131.25
G1 F1500 X122.439 Y121.371 E1754.93503
G0 F9000 X122.439 Y120.805
G1 F1500 X112.56 Y130.684 E1755.39971
G0 F9000 X112.56 Y130.118
G1 F1500 X122.439 Y120.239 E1755.86438
G0 F9000 X122.439 Y119.674
G1 F1500 X112.56 Y129.553 E1756.32906
G0 F9000 X112.56 Y128.987
G1 F1500 X122.439 Y119.108 E1756.79374
G0 F9000 X122.439 Y118.542
G1 F1500 X112.56 Y128.421 E1757.25842
G0 F9000 X112.56 Y127.856
G1 F1500 X122.439 Y117.977 E1757.7231
G0 F9000 X122.439 Y117.411
G1 F1500 X112.56 Y127.29 E1758.18777
G0 F9000 X112.56 Y126.724
G1 F1500 X122.439 Y116.845 E1758.65245
G0 F9000 X122.439 Y116.28
G1 F1500 X112.56 Y126.159 E1759.11713
G0 F9000 X112.56 Y125.593
G1 F1500 X122.439 Y115.714 E1759.58181
G0 F9000 X122.439 Y115.148
G1 F1500 X112.56 Y125.027 E1760.04649
G0 F9000 X112.56 Y124.462
G1 F1500 X122.439 Y114.583 E1760.51116
G0 F9000 X122.439 Y114.017
G1 F1500 X112.56 Y123.896 E1760.97584
G0 F9000 X112.56 Y123.33
G1 F1500 X122.439 Y113.451 E1761.44052
G0 F9000 X122.439 Y112.886
G1 F1500 X112.56 Y122.765 E1761.9052
G0 F9000 X112.56 Y122.199
G1 F1500 X122.439 Y112.32 E1762.36988
G0 F9000 X122.439 Y111.754
G1 F1500 X112.56 Y121.633 E1762.83455
G0 F9000 X112.56 Y121.067
G1 F1500 X122.439 Y111.189 E1763.29921
G0 F9000 X122.439 Y110.623
G1 F1500 X112.56 Y120.502 E1763.76389
G0 F9000 X112.56 Y119.936
G1 F1500 X122.439 Y110.057 E1764.22856
G0 F9000 X122.439 Y109.491
G1 F1500 X112.56 Y119.37 E1764.69324
G0 F9000 X112.56 Y118.805
G1 F1500 X122.439 Y108.926 E1765.15792
G0 F9000 X122.439 Y108.36
G1 F1500 X112.56 Y118.239 E1765.6226
G0 F9000 X112.56 Y117.673
G1 F1500 X122.439 Y107.794 E1766.08727
G0 F9000 X122.439 Y107.229
G1 F1500 X112.56 Y117.108 E1766.55195
G0 F9000 X112.56 Y116.542
G1 F1500 X122.439 Y106.663 E1767.01663
G0 F9000 X122.439 Y106.097
G1 F1500 X112.56 Y115.976 E1767.48131
G0 F9000 X112.56 Y115.411
G1 F1500 X122.439 Y105.532 E1767.94599
G0 F9000 X122.439 Y104.966
G1 F1500 X112.56 Y114.845 E1768.41066
G0 F9000 X112.56 Y114.279
G1 F1500 X122.439 Y104.4 E1768.87534
G0 F9000 X122.439 Y103.835
G1 F1500 X112.56 Y113.714 E1769.34002
G0 F9000 X112.56 Y113.148
G1 F1500 X122.439 Y103.269 E1769.8047
G0 F9000 X122.439 Y102.703
G1 F1500 X112.56 Y112.582 E1770.26938
G0 F9000 X112.56 Y112.017
G1 F1500 X122.439 Y102.138 E1770.73405
G0 F9000 X122.439 Y101.572
G1 F1500 X112.56 Y111.451 E1771.19873
G0 F9000 X112.56 Y110.885
G1 F1500 X122.439 Y101.006 E1771.66341
G0 F9000 X122.439 Y100.44
G1 F1500 X112.56 Y110.319 E1772.12809
G0 F9000 X112.56 Y109.754
G1 F1500 X122.439 Y99.875 E1772.59276
G0 F9000 X122.439 Y99.309
G1 F1500 X112.56 Y109.188 E1773.05744
G0 F9000 X112.56 Y108.622
G1 F1500 X122.439 Y98.743 E1773.52212
G0 F9000 X122.439 Y98.178
G1 F1500 X112.56 Y108.057 E1773.9868
G0 F9000 X112.56 Y107.491
G1 F1500 X122.439 Y97.612 E1774.45148
G0 F9000 X122.439 Y97.046
G1 F1500 X112.56 Y106.925 E1774.91615
G0 F9000 X112.56 Y106.36
G1 F1500 X122.439 Y96.481 E1775.38083
G0 F9000 X122.439 Y95.915
G1 F1500 X112.56 Y105.794 E1775.84551
G0 F9000 X112.56 Y105.228
G1 F1500 X122.439 Y95.349 E1776.31019
G0 F9000 X122.439 Y94.784
G1 F1500 X112.56 Y104.663 E1776.77487
G0 F9000 X112.56 Y104.097
G1 F1500 X122.439 Y94.218 E1777.23954
G0 F9000 X122.439 Y93.652
G1 F1500 X112.56 Y103.531 E1777.70422
G0 F9000 X112.56 Y102.966
G1 F1500 X122.439 Y93.087 E1778.1689
G0 F9000 X122.439 Y92.521
G1 F1500 X112.56 Y102.4 E1778.63358
G0 F9000 X112.56 Y101.834
G1 F1500 X122.439 Y91.955 E1779.09825
G0 F9000 X122.439 Y91.39
G1 F1500 X112.56 Y101.269 E1779.56293
G0 F9000 X112.56 Y100.703
G1 F1500 X122.439 Y90.824 E1780.02761
G0 F9000 X122.439 Y90.258
G1 F1500 X112.56 Y100.137 E1780.49229
G0 F9000 X112.56 Y99.571
G1 F1500 X122.439 Y89.692 E1780.95697
G0 F9000 X122.439 Y89.127
G1 F1500 X112.56 Y99.006 E1781.42164
G0 F9000 X112.56 Y98.44
G1 F1500 X122.448 Y88.551 E1781.88677
G0 F9000 X122.463 Y87.971
G1 F1500 X112.56 Y97.874 E1782.35258
G0 F9000 X112.56 Y97.309
G1 F1500 X122.479 Y87.389 E1782.81916
G0 F9000 X122.494 Y86.809
G1 F1500 X112.56 Y96.743 E1783.28642
G0 F9000 X112.56 Y96.177
G1 F1500 X122.509 Y86.228 E1783.75439
G0 F9000 X122.523 Y85.648
G1 F1500 X112.56 Y95.612 E1784.22305
G0 F9000 X112.56 Y95.046
G1 F1500 X122.538 Y85.067 E1784.6924
G0 F9000 X122.553 Y84.487
G1 F1500 X112.56 Y94.48 E1785.16244
G0 F9000 X112.56 Y93.915
G1 F1500 X122.569 Y83.905 E1785.63326
G0 F9000 X122.584 Y83.325
G1 F1500 X112.56 Y93.349 E1786.10476
G0 F9000 X112.56 Y92.783
G1 F1500 X122.598 Y82.744 E1786.57694
G0 F9000 X122.613 Y82.164
G1 F1500 X112.56 Y92.218 E1787.04983
G0 F9000 X112.56 Y91.652
G1 F1500 X122.633 Y81.578 E1787.52365
G0 F9000 X122.68 Y80.965
G1 F1500 X112.56 Y91.086 E1787.99969
G0 F9000 X112.56 Y90.52
G1 F1500 X122.728 Y80.352 E1788.47796
G0 F9000 X122.775 Y79.739
G1 F1500 X112.56 Y89.955 E1788.95847
G0 F9000 X112.56 Y89.389
G1 F1500 X122.823 Y79.126 E1789.44121
G0 F9000 X122.87 Y78.513
G1 F1500 X112.556 Y88.827 E1789.92635
G0 F9000 X112.541 Y88.276
G1 F1500 X122.917 Y77.9 E1790.4144
G0 F9000 X122.965 Y77.287
G1 F1500 X112.527 Y87.725 E1790.90537
G0 F9000 X112.513 Y87.173
G1 F1500 X123.012 Y76.674 E1791.39921
G0 F9000 X123.06 Y76.06
G1 F1500 X112.498 Y86.622 E1791.89602
G0 F9000 X112.484 Y86.071
G1 F1500 X123.107 Y75.447 E1792.39571
G0 F9000 X123.155 Y74.834
G1 F1500 X112.47 Y85.519 E1792.8983
G0 F9000 X112.455 Y84.968
G1 F1500 X123.204 Y74.22 E1793.40388
G0 F9000 X123.288 Y73.57
G1 F1500 X112.441 Y84.417 E1793.91409
G0 F9000 X112.427 Y83.865
G1 F1500 X123.371 Y72.921 E1794.42886
G0 F9000 X123.455 Y72.271
G1 F1500 X112.412 Y83.314 E1794.94829
G0 F9000 X112.398 Y82.763
G1 F1500 X123.54 Y71.621 E1795.47238
G0 F9000 X123.624 Y70.971
G1 F1500 X112.384 Y82.211 E1796.00107
G0 F9000 X112.369 Y81.66
G1 F1500 X123.708 Y70.321 E1796.53442
G0 F9000 X123.792 Y69.671
G1 F1500 X112.332 Y81.132 E1797.07349
G0 F9000 X112.292 Y80.606
G1 F1500 X123.876 Y69.022 E1797.61837
G0 F9000 X123.96 Y68.372
G1 F1500 X112.251 Y80.081 E1798.16912
G0 F9000 X112.21 Y79.557
G1 F1500 X124.044 Y67.723 E1798.72576
G0 F9000 X124.128 Y67.073
G1 F1500 X112.169 Y79.031 E1799.28825
G0 F9000 X112.128 Y78.507
G1 F1500 X124.247 Y66.388 E1799.85829
G0 F9000 X124.373 Y65.696
G1 F1500 X112.088 Y77.981 E1800.43614
G0 F9000 X112.047 Y77.457
G1 F1500 X124.499 Y65.005 E1801.02184
G0 F9000 X124.625 Y64.313
G1 F1500 X112.006 Y76.932 E1801.6154
G0 F9000 X111.966 Y76.407
G1 F1500 X124.751 Y63.621 E1802.21679
G0 F9000 X124.877 Y62.93
G1 F1500 X111.925 Y75.882 E1802.82601
G0 F9000 X111.884 Y75.357
G1 F1500 X125.003 Y62.238 E1803.44309
G0 F9000 X125.129 Y61.546
G1 F1500 X111.843 Y74.832 E1804.06802
G0 F9000 X111.802 Y74.307
G1 F1500 X125.255 Y60.855 E1804.70079
G0 F9000 X125.381 Y60.163
G1 F1500 X111.741 Y73.802 E1805.34235
G0 F9000 X111.676 Y73.302
G1 F1500 X125.437 Y59.541 E1805.98962
G0 F9000 X125.437 Y58.975
G1 F1500 X111.611 Y72.801 E1806.63996
G0 F9000 X111.547 Y72.3
G1 F1500 X125.437 Y58.409 E1807.29332
G0 F9000 X125.437 Y57.844
G1 F1500 X111.482 Y71.799 E1807.94972
G0 F9000 X111.417 Y71.298
G1 F1500 X125.437 Y57.278 E1808.60918
G0 F9000 X125.437 Y56.712
G1 F1500 X111.352 Y70.798 E1809.27172
G0 F9000 X111.287 Y70.297
G1 F1500 X125.437 Y56.147 E1809.93729
G0 F9000 X125.437 Y55.581
G1 F1500 X111.222 Y69.796 E1810.60592
G0 F9000 X111.157 Y69.295
G1 F1500 X125.437 Y55.015 E1811.27761
G0 F9000 X125.437 Y54.45
G1 F1500 X111.092 Y68.795 E1811.95235
G0 F9000 X111.027 Y68.294
G1 F1500 X125.437 Y53.884 E1812.63016
G0 F9000 X125.437 Y53.318
G1 F1500 X110.962 Y67.793 E1813.31102
G0 F9000 X110.898 Y67.292
G1 F1500 X125.437 Y52.752 E1813.99491
G0 F9000 X125.437 Y52.187
G1 F1500 X110.826 Y66.798 E1814.68217
G0 F9000 X110.739 Y66.32
G1 F1500 X125.437 Y51.621 E1815.37354
G0 F9000 X125.437 Y51.055
G1 F1500 X110.651 Y65.842 E1816.06905
G0 F9000 X110.564 Y65.363
G1 F1500 X125.437 Y50.49 E1816.76863
G0 F9000 X125.437 Y49.924
G1 F1500 X110.476 Y64.885 E1817.47235
G0 F9000 X110.389 Y64.406
G1 F1500 X125.437 Y49.358 E1818.18016
G0 F9000 X125.437 Y48.793
G1 F1500 X110.303 Y63.928 E1818.89204
G0 F9000 X110.215 Y63.45
G1 F1500 X125.437 Y48.227 E1819.60806
G0 F9000 X125.437 Y47.661
G1 F1500 X110.128 Y62.971 E1820.32817
G0 F9000 X110.04 Y62.493
G1 F1500 X125.437 Y47.096 E1821.0524
G0 F9000 X125.437 Y46.53
G1 F1500 X109.953 Y62.014 E1821.78072
G0 F9000 X109.866 Y61.535
G1 F1500 X125.437 Y45.964 E1822.51313
G0 F9000 X125.437 Y45.399
G1 F1500 X109.779 Y61.057 E1823.24964
G0 F9000 X109.692 Y60.579
G1 F1500 X125.437 Y44.833 E1823.99026
G0 F9000 X125.437 Y44.267
G1 F1500 X109.605 Y60.1 E1824.73497
G0 F9000 X109.56 Y59.579
G1 F1500 X125.437 Y43.702 E1825.48178
G0 F9000 X125.437 Y43.136
G1 F1500 X109.56 Y59.013 E1826.22858
G0 F9000 X109.56 Y58.448
G1 F1500 X125.437 Y42.57 E1826.97541
G0 F9000 X125.437 Y42.004
G1 F1500 X109.56 Y57.882 E1827.72224
G0 F9000 X109.56 Y57.316
G1 F1500 X125.437 Y41.439 E1828.46904
G0 F9000 X125.437 Y40.873
G1 F1500 X109.56 Y56.75 E1829.21585
G0 F9000 X109.56 Y56.185
G1 F1500 X125.437 Y40.307 E1829.96268
G0 F9000 X125.437 Y39.742
G1 F1500 X109.56 Y55.619 E1830.70948
G0 F9000 X109.56 Y55.053
G1 F1500 X125.437 Y39.176 E1831.45629
G0 F9000 X125.437 Y38.61
G1 F1500 X109.56 Y54.488 E1832.20312
G0 F9000 X109.56 Y53.922
G1 F1500 X125.437 Y38.045 E1832.94992
G0 F9000 X125.437 Y37.479
G1 F1500 X109.56 Y53.356 E1833.69673
G0 F9000 X109.56 Y52.791
G1 F1500 X125.437 Y36.913 E1834.44356
G0 F9000 X125.225 Y36.56
G1 F1500 X109.56 Y52.225 E1835.18039
G0 F9000 X109.56 Y51.659
G1 F1500 X124.659 Y36.56 E1835.8906
G0 F9000 X124.093 Y36.56
G1 F1500 X109.56 Y51.094 E1836.57421
G0 F9000 X109.56 Y50.528
G1 F1500 X123.528 Y36.56 E1837.23123
G0 F9000 X122.962 Y36.56
G1 F1500 X109.56 Y49.962 E1837.86161
G0 F9000 X109.56 Y49.397
G1 F1500 X122.396 Y36.56 E1838.4654
G0 F9000 X121.83 Y36.56
G1 F1500 X109.56 Y48.831 E1839.04257
G0 F9000 X109.56 Y48.265
G1 F1500 X121.265 Y36.56 E1839.59314
G0 F9000 X120.699 Y36.56
G1 F1500 X109.56 Y47.7 E1840.11711
G0 F9000 X109.56 Y47.134
G1 F1500 X120.133 Y36.56 E1840.61445
G0 F9000 X119.568 Y36.56
G1 F1500 X109.56 Y46.568 E1841.0852
G0 F9000 X109.56 Y46.002
G1 F1500 X119.002 Y36.56 E1841.52932
G0 F9000 X118.436 Y36.56
G1 F1500 X109.56 Y45.437 E1841.94684
G0 F9000 X109.56 Y44.871
G1 F1500 X117.871 Y36.56 E1842.33777
G0 F9000 X117.305 Y36.56
G1 F1500 X109.56 Y44.305 E1842.70207
G0 F9000 X109.56 Y43.74
G1 F1500 X116.739 Y36.56 E1843.03977
G0 F9000 X116.174 Y36.56
G1 F1500 X109.56 Y43.174 E1843.35087
G0 F9000 X109.56 Y42.608
G1 F1500 X115.608 Y36.56 E1843.63535
G0 F9000 X115.042 Y36.56
G1 F1500 X109.56 Y42.043 E1843.89323
G0 F9000 X109.56 Y41.477
G1 F1500 X114.477 Y36.56 E1844.12451
G0 F9000 X113.911 Y36.56
G1 F1500 X109.56 Y40.911 E1844.32917
G0 F9000 X109.56 Y40.346
G1 F1500 X113.345 Y36.56 E1844.50723
G0 F9000 X112.779 Y36.56
G1 F1500 X109.56 Y39.78 E1844.65866
G0 F9000 X109.56 Y39.214
G1 F1500 X112.214 Y36.56 E1844.7835
G0 F9000 X111.648 Y36.56
G1 F1500 X109.56 Y38.649 E1844.88174
G0 F9000 X109.56 Y38.083
G1 F1500 X111.082 Y36.56 E1844.95335
G0 F9000 X110.517 Y36.56
G1 F1500 X109.56 Y37.517 E1844.99836
G0 F9000 X109.56 Y36.951
G1 F1500 X109.951 Y36.56 E1845.01676
G1 F2700 E1840.01676
;MESH:NONMESH
G0 F300 X109.951 Y36.56 Z5.8
G0 F9000 X109.951 Y36.1
G0 X109.172 Y36.172
G0 X109.162 Y59.896
G0 X111.083 Y74.337
G0 X111.65 Y81.659
G0 X111.839 Y88.99
G0 X111.839 Y146.01
G0 X111.65 Y153.341
G0 X111.083 Y160.663
G0 X110.14 Y167.947
G0 X109.149 Y173.192
G0 X109 Y199
;TIME_ELAPSED:8257.003679
;LAYER:28
;TYPE:WALL-INNER
;MESH:D638-22 Tensile.STL
G1 F2700 E1845.01676
G1 F1500 X126 Y199 E1845.58218
G1 X126 Y175.858 E1846.35188
G1 X126 Y175.089 E1846.37746
G1 X124.701 Y167.971 E1846.61812
G1 X123.754 Y160.654 E1846.86351
G1 X123.188 Y153.323 E1847.10807
G1 X123 Y146.027 E1847.35081
G1 X123 Y88.973 E1849.24844
G1 X123.19 Y81.624 E1849.49295
G1 X123.754 Y74.346 E1849.73574
G1 X124.701 Y67.027 E1849.9812
G1 X125.999 Y59.907 E1850.22192
G1 X126 Y36 E1851.01707
G1 X109 Y36 E1851.58249
G1 X109.001 Y59.911 E1852.37777
G1 X110.299 Y67.028 E1852.61839
G1 X111.246 Y74.345 E1852.86378
G1 X111.81 Y81.625 E1853.10664
G1 X112 Y88.973 E1853.35112
G1 X112 Y146.027 E1855.24874
G1 X111.812 Y153.324 E1855.49152
G1 X111.245 Y160.664 E1855.73638
G1 X110.299 Y167.972 E1855.98147
G1 X109 Y175.093 E1856.22223
G1 X109 Y199 E1857.01738
G1 F2700 E1852.01738
G0 F9000 X125.828 Y198.828
G0 X125.839 Y175.105
G0 X124.797 Y167.931
G1 F2700 E1857.01738
G0 F9000 X125.094 Y167.894
G1 F1500 X126.4 Y175.053 E1857.25941
G1 X126.4 Y175.858 E1857.28619
G1 X126.4 Y199.4 E1858.0692
G1 X108.6 Y199.4 E1858.66123
G1 X108.6 Y175.057 E1859.47088
G1 X109.906 Y167.896 E1859.71299
G1 X110.844 Y160.654 E1859.95587
G1 X111.411 Y153.345 E1860.1997
G1 X111.6 Y146.017 E1860.44351
G1 X111.6 Y88.983 E1862.34047
G1 X111.411 Y81.656 E1862.58424
G1 X110.847 Y74.376 E1862.8271
G1 X109.906 Y67.105 E1863.07095
G1 X108.601 Y59.947 E1863.31295
G1 X108.6 Y35.6 E1864.12274
G1 X126.4 Y35.6 E1864.71477
G1 X126.399 Y59.943 E1865.52442
G1 X125.094 Y67.104 E1865.76652
G1 X124.156 Y74.346 E1866.0094
G1 X123.589 Y81.655 E1866.25323
G1 X123.4 Y88.983 E1866.49704
G1 X123.4 Y146.017 E1868.394
G1 X123.589 Y153.343 E1868.63774
G1 X124.156 Y160.654 E1868.88164
G1 X125.094 Y167.894 E1869.12446
G1 F2700 E1864.12446
G0 F9000 X124.797 Y167.931
G0 X126.198 Y175.072
G0 X126.082 Y199.082
G0 X108.47 Y199.53
G1 F2700 E1869.12446
G0 F9000 X108.2 Y199.8
;TYPE:WALL-OUTER
G1 F1500 X126.8 Y199.8 E1869.74309
G1 X126.8 Y175.858 E1870.53941
G1 X126.8 Y175.017 E1870.56738
G1 X125.491 Y167.842 E1870.80996
G1 X124.552 Y160.592 E1871.05311
G1 X123.988 Y153.302 E1871.2963
G1 X123.8 Y146.007 E1871.53901
G1 X123.8 Y88.993 E1873.43531
G1 X123.988 Y81.686 E1873.67842
G1 X124.553 Y74.398 E1873.92155
G1 X125.493 Y67.146 E1874.16477
G1 X126.799 Y59.979 E1874.40707
G1 X126.8 Y35.2 E1875.23122
G1 X108.2 Y35.2 E1875.84986
G1 X108.201 Y59.983 E1876.67415
G1 X109.509 Y67.157 E1876.91669
G1 X110.448 Y74.407 E1877.15984
G1 X111.012 Y81.697 E1877.40303
G1 X111.2 Y88.993 E1877.64578
G1 X111.2 Y146.007 E1879.54207
G1 X111.012 Y153.314 E1879.78518
G1 X110.447 Y160.602 E1880.02831
G1 X109.507 Y167.854 E1880.27153
G1 X108.2 Y175.021 E1880.51384
G1 X108.2 Y199.8 E1881.33799
G0 F9000 X108.47 Y199.53
G0 X109.1 Y198.64
G0 X109.36 Y198.64
;TYPE:SKIN
G1 F1500 X125.64 Y198.64 E1881.87946
G1 X125.64 Y175.858 E1882.6372
G1 X125.64 Y175.122 E1882.66167
G1 X124.341 Y168.004 E1882.90233
G1 X123.401 Y160.741 E1883.14591
G1 X122.831 Y153.391 E1883.39111
G1 X122.64 Y146.04 E1883.63569
G1 X122.64 Y88.961 E1885.53414
G1 X122.828 Y81.657 E1885.77716
G1 X123.402 Y74.247 E1886.02435
G1 X124.343 Y66.983 E1886.26797
G1 X125.639 Y59.872 E1886.50838
G1 X125.639 Y36.361 E1887.29036
G1 X109.361 Y36.361 E1887.83177
G1 X109.361 Y59.879 E1888.61398
G1 X110.659 Y66.995 E1888.85456
G1 X111.599 Y74.258 E1889.09815
G1 X112.169 Y81.606 E1889.34328
G1 X112.36 Y88.961 E1889.58799
G1 X112.36 Y146.04 E1891.48644
G1 X112.172 Y153.343 E1891.72942
G1 X111.598 Y160.752 E1891.97658
G1 X110.657 Y168.017 E1892.22024
G1 X109.36 Y175.128 E1892.46065
G1 X109.36 Y198.64 E1893.24267
G0 F9000 X109.559 Y198.372
G1 F1500 X109.626 Y198.438 E1893.24579
G0 F9000 X110.191 Y198.438
G1 F1500 X109.559 Y197.806 E1893.27552
G0 F9000 X109.559 Y197.241
G1 F1500 X110.757 Y198.438 E1893.33185
G0 F9000 X111.323 Y198.438
G1 F1500 X109.559 Y196.675 E1893.4148
G0 F9000 X109.559 Y196.109
G1 F1500 X111.889 Y198.438 E1893.52437
G0 F9000 X112.454 Y198.438
G1 F1500 X109.559 Y195.544 E1893.66052
G0 F9000 X109.559 Y194.978
G1 F1500 X113.02 Y198.438 E1893.82329
G0 F9000 X113.586 Y198.438
G1 F1500 X109.559 Y194.412 E1894.01268
G0 F9000 X109.559 Y193.846
G1 F1500 X114.151 Y198.438 E1894.22868
G0 F9000 X114.717 Y198.438
G1 F1500 X109.559 Y193.281 E1894.47127
G0 F9000 X109.559 Y192.715
G1 F1500 X115.283 Y198.438 E1894.74049
G0 F9000 X115.848 Y198.438
G1 F1500 X109.559 Y192.149 E1895.0363
G0 F9000 X109.559 Y191.584
G1 F1500 X116.414 Y198.438 E1895.35872
G0 F9000 X116.98 Y198.438
G1 F1500 X109.559 Y191.018 E1895.70775
G0 F9000 X109.559 Y190.452
G1 F1500 X117.545 Y198.438 E1896.08339
G0 F9000 X118.111 Y198.438
G1 F1500 X109.559 Y189.887 E1896.48563
G0 F9000 X109.559 Y189.321
G1 F1500 X118.677 Y198.438 E1896.91449
G0 F9000 X119.242 Y198.438
G1 F1500 X109.559 Y188.755 E1897.36994
G0 F9000 X109.559 Y188.19
G1 F1500 X119.808 Y198.438 E1897.852
G0 F9000 X120.374 Y198.438
G1 F1500 X109.559 Y187.624 E1898.36068
G0 F9000 X109.559 Y187.058
G1 F1500 X120.94 Y198.438 E1898.89599
G0 F9000 X121.505 Y198.438
G1 F1500 X109.559 Y186.493 E1899.45787
G0 F9000 X109.559 Y185.927
G1 F1500 X122.071 Y198.438 E1900.04637
G0 F9000 X122.637 Y198.438
G1 F1500 X109.559 Y185.361 E1900.6615
G0 F9000 X109.559 Y184.795
G1 F1500 X123.202 Y198.438 E1901.30322
G0 F9000 X123.768 Y198.438
G1 F1500 X109.559 Y184.23 E1901.97154
G0 F9000 X109.559 Y183.664
G1 F1500 X124.334 Y198.438 E1902.66649
G0 F9000 X124.899 Y198.438
G1 F1500 X109.559 Y183.098 E1903.38804
G0 F9000 X109.559 Y182.533
G1 F1500 X125.44 Y198.413 E1904.13501
G0 F9000 X125.44 Y197.847
G1 F1500 X109.559 Y181.967 E1904.88198
G0 F9000 X109.559 Y181.401
G1 F1500 X125.44 Y197.282 E1905.62897
G0 F9000 X125.44 Y196.716
G1 F1500 X109.559 Y180.836 E1906.37594
G0 F9000 X109.559 Y180.27
G1 F1500 X125.44 Y196.15 E1907.12291
G0 F9000 X125.44 Y195.585
G1 F1500 X109.559 Y179.704 E1907.86991
G0 F9000 X109.559 Y179.139
G1 F1500 X125.44 Y195.019 E1908.61688
G0 F9000 X125.44 Y194.453
G1 F1500 X109.559 Y178.573 E1909.36385
G0 F9000 X109.559 Y178.007
G1 F1500 X125.44 Y193.887 E1910.11082
G0 F9000 X125.44 Y193.322
G1 F1500 X109.559 Y177.442 E1910.85779
G0 F9000 X109.559 Y176.876
G1 F1500 X125.44 Y192.756 E1911.60476
G0 F9000 X125.44 Y192.19
G1 F1500 X109.559 Y176.31 E1912.35173
G0 F9000 X109.559 Y175.745
G1 F1500 X125.44 Y191.625 E1913.0987
G0 F9000 X125.44 Y191.059
G1 F1500 X109.559 Y175.179 E1913.84567
G0 F9000 X109.641 Y174.695
G1 F1500 X125.44 Y190.493 E1914.58878
G0 F9000 X125.44 Y189.928
G1 F1500 X109.728 Y174.216 E1915.32782
G0 F9000 X109.815 Y173.738
G1 F1500 X125.44 Y189.362 E1916.06275
G0 F9000 X125.44 Y188.796
G1 F1500 X109.903 Y173.26 E1916.79354
G0 F9000 X109.99 Y172.781
G1 F1500 X125.44 Y188.231 E1917.52026
G0 F9000 X125.44 Y187.665
G1 F1500 X110.078 Y172.303 E1918.24284
G0 F9000 X110.165 Y171.824
G1 F1500 X125.44 Y187.099 E1918.96133
G0 F9000 X125.44 Y186.534
G1 F1500 X110.252 Y171.346 E1919.67573
G0 F9000 X110.339 Y170.868
G1 F1500 X125.44 Y185.968 E1920.38601
G0 F9000 X125.44 Y185.402
G1 F1500 X110.426 Y170.389 E1921.0922
G0 F9000 X110.514 Y169.911
G1 F1500 X125.44 Y184.837 E1921.79427
G0 F9000 X125.44 Y184.271
G1 F1500 X110.601 Y169.432 E1922.49225
G0 F9000 X110.689 Y168.954
G1 F1500 X125.44 Y183.705 E1923.1861
G0 F9000 X125.44 Y183.139
G1 F1500 X110.776 Y168.475 E1923.87584
G0 F9000 X110.861 Y167.995
G1 F1500 X125.44 Y182.574 E1924.5616
G0 F9000 X125.44 Y182.008
G1 F1500 X110.926 Y167.495 E1925.24427
G0 F9000 X110.991 Y166.993
G1 F1500 X125.44 Y181.442 E1925.9239
G0 F9000 X125.44 Y180.877
G1 F1500 X111.056 Y166.493 E1926.60048
G0 F9000 X111.12 Y165.991
G1 F1500 X125.44 Y180.311 E1927.27405
G0 F9000 X125.44 Y179.745
G1 F1500 X111.185 Y165.491 E1927.94454
G0 F9000 X111.25 Y164.99
G1 F1500 X125.44 Y179.18 E1928.61199
G0 F9000 X125.44 Y178.614
G1 F1500 X111.314 Y164.489 E1929.27641
G0 F9000 X111.379 Y163.988
G1 F1500 X125.44 Y178.048 E1929.93778
G0 F9000 X125.44 Y177.483
G1 F1500 X111.444 Y163.487 E1930.59611
G0 F9000 X111.509 Y162.986
G1 F1500 X125.44 Y176.917 E1931.25138
G0 F9000 X125.44 Y176.351
G1 F1500 X111.573 Y162.485 E1931.90361
G0 F9000 X111.638 Y161.984
G1 F1500 X125.44 Y175.786 E1932.55282
G0 F9000 X125.44 Y175.22
G1 F1500 X111.703 Y161.484 E1933.19894
G0 F9000 X111.768 Y160.982
G1 F1500 X125.331 Y174.546 E1933.83693
G0 F9000 X125.205 Y173.854
G1 F1500 X111.819 Y160.468 E1934.46656
G0 F9000 X111.86 Y159.943
G1 F1500 X125.079 Y173.162 E1935.08834
G0 F9000 X124.953 Y172.471
G1 F1500 X111.901 Y159.418 E1935.70229
G0 F9000 X111.941 Y158.893
G1 F1500 X124.826 Y171.778 E1936.30837
G0 F9000 X124.7 Y171.086
G1 F1500 X111.982 Y158.368 E1936.90658
G0 F9000 X112.022 Y157.843
G1 F1500 X124.574 Y170.395 E1937.49699
G0 F9000 X124.447 Y169.702
G1 F1500 X112.063 Y157.318 E1938.07949
G0 F9000 X112.104 Y156.793
G1 F1500 X124.322 Y169.011 E1938.65419
G0 F9000 X124.195 Y168.318
G1 F1500 X112.145 Y156.268 E1939.22099
G0 F9000 X112.185 Y155.743
G1 F1500 X124.095 Y167.652 E1939.78117
G0 F9000 X124.01 Y167.003
G1 F1500 X112.226 Y155.218 E1940.33548
G0 F9000 X112.266 Y154.693
G1 F1500 X123.926 Y166.353 E1940.88393
G0 F9000 X123.841 Y165.702
G1 F1500 X112.307 Y154.168 E1941.42645
G0 F9000 X112.347 Y153.642
G1 F1500 X123.757 Y165.052 E1941.96315
G0 F9000 X123.673 Y164.403
G1 F1500 X112.377 Y153.107 E1942.49447
G0 F9000 X112.391 Y152.555
G1 F1500 X123.589 Y163.753 E1943.02119
G0 F9000 X123.505 Y163.103
G1 F1500 X112.405 Y152.003 E1943.5433
G0 F9000 X112.42 Y151.452
G1 F1500 X123.421 Y162.453 E1944.06076
G0 F9000 X123.337 Y161.803
G1 F1500 X112.434 Y150.9 E1944.5736
G0 F9000 X112.448 Y150.349
G1 F1500 X123.252 Y161.153 E1945.08179
G0 F9000 X123.183 Y160.518
G1 F1500 X112.463 Y149.798 E1945.58602
G0 F9000 X112.477 Y149.246
G1 F1500 X123.136 Y159.905 E1946.08739
G0 F9000 X123.088 Y159.292
G1 F1500 X112.491 Y148.695 E1946.58584
G0 F9000 X112.505 Y148.143
G1 F1500 X123.04 Y158.679 E1947.0814
G0 F9000 X122.993 Y158.065
G1 F1500 X112.519 Y147.592 E1947.57404
G0 F9000 X112.533 Y147.04
G1 F1500 X122.946 Y157.452 E1948.06381
G0 F9000 X122.897 Y156.839
G1 F1500 X112.548 Y146.489 E1948.55062
G0 F9000 X112.559 Y145.934
G1 F1500 X122.85 Y156.226 E1949.0347
G0 F9000 X122.803 Y155.612
G1 F1500 X112.559 Y145.369 E1949.51652
G0 F9000 X112.559 Y144.803
G1 F1500 X122.755 Y154.999 E1949.99611
G0 F9000 X122.707 Y154.386
G1 F1500 X112.559 Y144.237 E1950.47347
G0 F9000 X112.559 Y143.672
G1 F1500 X122.66 Y153.773 E1950.94859
G0 F9000 X122.626 Y153.173
G1 F1500 X112.559 Y143.106 E1951.42211
G0 F9000 X112.559 Y142.54
G1 F1500 X122.61 Y152.592 E1951.8949
G0 F9000 X122.596 Y152.011
G1 F1500 X112.559 Y141.975 E1952.36699
G0 F9000 X112.559 Y141.409
G1 F1500 X122.58 Y151.43 E1952.83834
G0 F9000 X122.565 Y150.849
G1 F1500 X112.559 Y140.843 E1953.30899
G0 F9000 X112.559 Y140.277
G1 F1500 X122.55 Y150.268 E1953.77894
G0 F9000 X122.535 Y149.688
G1 F1500 X112.559 Y139.712 E1954.24818
G0 F9000 X112.559 Y139.146
G1 F1500 X122.52 Y149.107 E1954.71672
G0 F9000 X122.504 Y148.526
G1 F1500 X112.559 Y138.58 E1955.18452
G0 F9000 X112.559 Y138.015
G1 F1500 X122.489 Y147.945 E1955.6516
G0 F9000 X122.474 Y147.364
G1 F1500 X112.559 Y137.449 E1956.11797
G0 F9000 X112.559 Y136.883
G1 F1500 X122.459 Y146.784 E1956.58366
G0 F9000 X122.444 Y146.202
G1 F1500 X112.559 Y136.318 E1957.0486
G0 F9000 X112.559 Y135.752
G1 F1500 X122.439 Y145.632 E1957.51332
G0 F9000 X122.439 Y145.067
G1 F1500 X112.559 Y135.186 E1957.97807
G0 F9000 X112.559 Y134.621
G1 F1500 X122.439 Y144.501 E1958.44279
G0 F9000 X122.439 Y143.935
G1 F1500 X112.559 Y134.055 E1958.90752
G0 F9000 X112.559 Y133.489
G1 F1500 X122.439 Y143.37 E1959.37227
G0 F9000 X122.439 Y142.804
G1 F1500 X112.559 Y132.924 E1959.83699
G0 F9000 X112.559 Y132.358
G1 F1500 X122.439 Y142.238 E1960.30172
G0 F9000 X122.439 Y141.673
G1 F1500 X112.559 Y131.792 E1960.76647
G0 F9000 X112.559 Y131.226
G1 F1500 X122.439 Y141.107 E1961.23121
G0 F9000 X122.439 Y140.541
G1 F1500 X112.559 Y130.661 E1961.69594
G0 F9000 X112.559 Y130.095
G1 F1500 X122.439 Y139.976 E1962.16069
G0 F9000 X122.439 Y139.41
G1 F1500 X112.559 Y129.529 E1962.62544
G0 F9000 X112.559 Y128.964
G1 F1500 X122.439 Y138.844 E1963.09016
G0 F9000 X122.439 Y138.278
G1 F1500 X112.559 Y128.398 E1963.55489
G0 F9000 X112.559 Y127.832
G1 F1500 X122.439 Y137.713 E1964.01963
G0 F9000 X122.439 Y137.147
G1 F1500 X112.559 Y127.267 E1964.48436
G0 F9000 X112.559 Y126.701
G1 F1500 X122.439 Y136.581 E1964.94908
G0 F9000 X122.439 Y136.016
G1 F1500 X112.559 Y126.135 E1965.41383
G0 F9000 X112.559 Y125.57
G1 F1500 X122.439 Y135.45 E1965.87856
G0 F9000 X122.439 Y134.884
G1 F1500 X112.559 Y125.004 E1966.34328
G0 F9000 X112.559 Y124.438
G1 F1500 X122.439 Y134.319 E1966.80803
G0 F9000 X122.439 Y133.753
G1 F1500 X112.559 Y123.873 E1967.27276
G0 F9000 X112.559 Y123.307
G1 F1500 X122.439 Y133.187 E1967.73748
G0 F9000 X122.439 Y132.622
G1 F1500 X112.559 Y122.741 E1968.20223
G0 F9000 X112.559 Y122.176
G1 F1500 X122.439 Y132.056 E1968.66695
G0 F9000 X122.439 Y131.49
G1 F1500 X112.559 Y121.61 E1969.13168
G0 F9000 X112.559 Y121.044
G1 F1500 X122.439 Y130.925 E1969.59643
G0 F9000 X122.439 Y130.359
G1 F1500 X112.559 Y120.478 E1970.06118
G0 F9000 X112.559 Y119.913
G1 F1500 X122.439 Y129.793 E1970.5259
G0 F9000 X122.439 Y129.228
G1 F1500 X112.559 Y119.347 E1970.99065
G0 F9000 X112.559 Y118.781
G1 F1500 X122.439 Y128.662 E1971.4554
G0 F9000 X122.439 Y128.096
G1 F1500 X112.559 Y118.216 E1971.92012
G0 F9000 X112.559 Y117.65
G1 F1500 X122.439 Y127.53 E1972.38485
G0 F9000 X122.439 Y126.965
G1 F1500 X112.559 Y117.084 E1972.8496
G0 F9000 X112.559 Y116.519
G1 F1500 X122.439 Y126.399 E1973.31432
G0 F9000 X122.439 Y125.833
G1 F1500 X112.559 Y115.953 E1973.77905
G0 F9000 X112.559 Y115.387
G1 F1500 X122.439 Y125.268 E1974.24379
G0 F9000 X122.439 Y124.702
G1 F1500 X112.559 Y114.822 E1974.70852
G0 F9000 X112.559 Y114.256
G1 F1500 X122.439 Y124.136 E1975.17324
G0 F9000 X122.439 Y123.571
G1 F1500 X112.559 Y113.69 E1975.63799
G0 F9000 X112.559 Y113.125
G1 F1500 X122.439 Y123.005 E1976.10272
G0 F9000 X122.439 Y122.439
G1 F1500 X112.559 Y112.559 E1976.56744
G0 F9000 X112.559 Y111.993
G1 F1500 X122.439 Y121.874 E1977.03219
G0 F9000 X122.439 Y121.308
G1 F1500 X112.559 Y111.428 E1977.49691
G0 F9000 X112.559 Y110.862
G1 F1500 X122.439 Y120.742 E1977.96164
G0 F9000 X122.439 Y120.177
G1 F1500 X112.559 Y110.296 E1978.42639
G0 F9000 X112.559 Y109.73
G1 F1500 X122.439 Y119.611 E1978.89114
G0 F9000 X122.439 Y119.045
G1 F1500 X112.559 Y109.165 E1979.35586
G0 F9000 X112.559 Y108.599
G1 F1500 X122.439 Y118.479 E1979.82059
G0 F9000 X122.439 Y117.914
G1 F1500 X112.559 Y108.033 E1980.28533
G0 F9000 X112.559 Y107.468
G1 F1500 X122.439 Y117.348 E1980.75006
G0 F9000 X122.439 Y116.782
G1 F1500 X112.559 Y106.902 E1981.21478
G0 F9000 X112.559 Y106.336
G1 F1500 X122.439 Y116.217 E1981.67953
G0 F9000 X122.439 Y115.651
G1 F1500 X112.559 Y105.771 E1982.14426
G0 F9000 X112.559 Y105.205
G1 F1500 X122.439 Y115.085 E1982.60898
G0 F9000 X122.439 Y114.52
G1 F1500 X112.559 Y104.639 E1983.07373
G0 F9000 X112.559 Y104.074
G1 F1500 X122.439 Y113.954 E1983.53846
G0 F9000 X122.439 Y113.388
G1 F1500 X112.559 Y103.508 E1984.00318
G0 F9000 X112.559 Y102.942
G1 F1500 X122.439 Y112.823 E1984.46793
G0 F9000 X122.439 Y112.257
G1 F1500 X112.559 Y102.377 E1984.93265
G0 F9000 X112.559 Y101.811
G1 F1500 X122.439 Y111.691 E1985.39738
G0 F9000 X122.439 Y111.126
G1 F1500 X112.559 Y101.245 E1985.86213
G0 F9000 X112.559 Y100.679
G1 F1500 X122.439 Y110.56 E1986.32688
G0 F9000 X122.439 Y109.994
G1 F1500 X112.559 Y100.114 E1986.7916
G0 F9000 X112.559 Y99.548
G1 F1500 X122.439 Y109.429 E1987.25635
G0 F9000 X122.439 Y108.863
G1 F1500 X112.559 Y98.982 E1987.7211
G0 F9000 X112.559 Y98.417
G1 F1500 X122.439 Y108.297 E1988.18582
G0 F9000 X122.439 Y107.731
G1 F1500 X112.559 Y97.851 E1988.65055
G0 F9000 X112.559 Y97.285
G1 F1500 X122.439 Y107.166 E1989.1153
G0 F9000 X122.439 Y106.6
G1 F1500 X112.559 Y96.72 E1989.58002
G0 F9000 X112.559 Y96.154
G1 F1500 X122.439 Y106.034 E1990.04475
G0 F9000 X122.439 Y105.469
G1 F1500 X112.559 Y95.588 E1990.50949
G0 F9000 X112.559 Y95.023
G1 F1500 X122.439 Y104.903 E1990.97422
G0 F9000 X122.439 Y104.337
G1 F1500 X112.559 Y94.457 E1991.43894
G0 F9000 X112.559 Y93.891
G1 F1500 X122.439 Y103.772 E1991.90369
G0 F9000 X122.439 Y103.206
G1 F1500 X112.559 Y93.326 E1992.36842
G0 F9000 X112.559 Y92.76
G1 F1500 X122.439 Y102.64 E1992.83314
G0 F9000 X122.439 Y102.075
G1 F1500 X112.559 Y92.194 E1993.29789
G0 F9000 X112.559 Y91.629
G1 F1500 X122.439 Y101.509 E1993.76262
G0 F9000 X122.439 Y100.943
G1 F1500 X112.559 Y91.063 E1994.22734
G0 F9000 X112.559 Y90.497
G1 F1500 X122.439 Y100.378 E1994.69209
G0 F9000 X122.439 Y99.812
G1 F1500 X112.559 Y89.931 E1995.15684
G0 F9000 X112.559 Y89.366
G1 F1500 X122.439 Y99.246 E1995.62156
G0 F9000 X122.439 Y98.68
G1 F1500 X112.555 Y88.796 E1996.08648
G0 F9000 X112.539 Y88.215
G1 F1500 X122.439 Y98.115 E1996.55214
G0 F9000 X122.439 Y97.549
G1 F1500 X112.524 Y87.634 E1997.01851
G0 F9000 X112.509 Y87.053
G1 F1500 X122.439 Y96.983 E1997.48559
G0 F9000 X122.439 Y96.418
G1 F1500 X112.494 Y86.472 E1997.9534
G0 F9000 X112.479 Y85.892
G1 F1500 X122.439 Y95.852 E1998.42188
G0 F9000 X122.439 Y95.286
G1 F1500 X112.463 Y85.311 E1998.8911
G0 F9000 X112.449 Y84.73
G1 F1500 X122.439 Y94.721 E1999.36102
G0 F9000 X122.439 Y94.155
G1 F1500 X112.433 Y84.149 E1999.83167
G0 F9000 X112.418 Y83.568
G1 F1500 X122.439 Y93.589 E2000.30303
G0 F9000 X122.439 Y93.024
G1 F1500 X112.403 Y82.987 E2000.77512
G0 F9000 X112.388 Y82.406
G1 F1500 X122.439 Y92.458 E2001.24791
G0 F9000 X122.439 Y91.892
G1 F1500 X112.373 Y81.826 E2001.72138
G0 F9000 X112.339 Y81.226
G1 F1500 X122.439 Y91.327 E2002.19648
G0 F9000 X122.439 Y90.761
G1 F1500 X112.291 Y80.613 E2002.67381
G0 F9000 X112.244 Y79.999
G1 F1500 X122.439 Y90.195 E2003.15338
G0 F9000 X122.439 Y89.63
G1 F1500 X112.196 Y79.386 E2003.6352
G0 F9000 X112.148 Y78.773
G1 F1500 X122.439 Y89.064 E2004.11926
G0 F9000 X122.451 Y88.509
G1 F1500 X112.101 Y78.16 E2004.60606
G0 F9000 X112.053 Y77.546
G1 F1500 X122.465 Y87.958 E2005.09581
G0 F9000 X122.479 Y87.406
G1 F1500 X112.005 Y76.933 E2005.58845
G0 F9000 X111.958 Y76.32
G1 F1500 X122.493 Y86.855 E2006.08399
G0 F9000 X122.507 Y86.303
G1 F1500 X111.91 Y75.707 E2006.58241
G0 F9000 X111.862 Y75.093
G1 F1500 X122.521 Y85.752 E2007.08378
G0 F9000 X122.535 Y85.2
G1 F1500 X111.815 Y74.48 E2007.58802
G0 F9000 X111.746 Y73.845
G1 F1500 X122.55 Y84.649 E2008.0962
G0 F9000 X122.564 Y84.098
G1 F1500 X111.662 Y73.196 E2008.609
G0 F9000 X111.578 Y72.546
G1 F1500 X122.579 Y83.546 E2009.12643
G0 F9000 X122.593 Y82.995
G1 F1500 X111.494 Y71.896 E2009.64849
G0 F9000 X111.409 Y71.245
G1 F1500 X122.607 Y82.443 E2010.17521
G0 F9000 X122.621 Y81.892
G1 F1500 X111.325 Y70.596 E2010.70654
G0 F9000 X111.241 Y69.946
G1 F1500 X122.651 Y81.356 E2011.24323
G0 F9000 X122.691 Y80.83
G1 F1500 X111.157 Y69.296 E2011.78576
G0 F9000 X111.073 Y68.646
G1 F1500 X122.732 Y80.306 E2012.33419
G0 F9000 X122.772 Y79.78
G1 F1500 X110.988 Y67.996 E2012.88847
G0 F9000 X110.904 Y67.346
G1 F1500 X122.813 Y79.256 E2013.44865
G0 F9000 X122.854 Y78.73
G1 F1500 X110.803 Y66.68 E2014.01547
G0 F9000 X110.677 Y65.988
G1 F1500 X122.895 Y78.206 E2014.59017
G0 F9000 X122.935 Y77.68
G1 F1500 X110.551 Y65.297 E2015.17265
G0 F9000 X110.425 Y64.604
G1 F1500 X122.976 Y77.155 E2015.76301
G0 F9000 X123.016 Y76.63
G1 F1500 X110.299 Y63.913 E2016.36118
G0 F9000 X110.172 Y63.221
G1 F1500 X123.057 Y76.105 E2016.96723
G0 F9000 X123.098 Y75.58
G1 F1500 X110.047 Y62.529 E2017.58111
G0 F9000 X109.92 Y61.837
G1 F1500 X123.139 Y75.055 E2018.20287
G0 F9000 X123.179 Y74.53
G1 F1500 X109.794 Y61.145 E2018.83246
G0 F9000 X109.668 Y60.454
G1 F1500 X123.231 Y74.016 E2019.47039
G0 F9000 X123.296 Y73.515
G1 F1500 X109.559 Y59.779 E2020.11652
G0 F9000 X109.559 Y59.213
G1 F1500 X123.36 Y73.014 E2020.76567
G0 F9000 X123.425 Y72.513
G1 F1500 X109.559 Y58.648 E2021.41786
G0 F9000 X109.559 Y58.082
G1 F1500 X123.49 Y72.013 E2022.07314
G0 F9000 X123.554 Y71.511
G1 F1500 X109.559 Y57.516 E2022.73142
G0 F9000 X109.559 Y56.951
G1 F1500 X123.619 Y71.011 E2023.39276
G0 F9000 X123.684 Y70.509
G1 F1500 X109.559 Y56.385 E2024.05713
G0 F9000 X109.559 Y55.819
G1 F1500 X123.749 Y70.009 E2024.72458
G0 F9000 X123.814 Y69.508
G1 F1500 X109.559 Y55.254 E2025.39507
G0 F9000 X109.559 Y54.688
G1 F1500 X123.878 Y69.007 E2026.06859
G0 F9000 X123.943 Y68.506
G1 F1500 X109.559 Y54.122 E2026.74517
G0 F9000 X109.559 Y53.556
G1 F1500 X124.008 Y68.005 E2027.42481
G0 F9000 X124.073 Y67.504
G1 F1500 X109.559 Y52.991 E2028.10748
G0 F9000 X109.559 Y52.425
G1 F1500 X124.138 Y67.004 E2028.79323
G0 F9000 X124.223 Y66.523
G1 F1500 X109.559 Y51.859 E2029.48298
G0 F9000 X109.559 Y51.294
G1 F1500 X124.31 Y66.045 E2030.17682
G0 F9000 X124.397 Y65.566
G1 F1500 X109.559 Y50.728 E2030.87476
G0 F9000 X109.559 Y50.162
G1 F1500 X124.485 Y65.088 E2031.57683
G0 F9000 X124.572 Y64.609
G1 F1500 X109.559 Y49.597 E2032.28297
G0 F9000 X109.559 Y49.031
G1 F1500 X124.659 Y64.131 E2032.99323
G0 F9000 X124.746 Y63.652
G1 F1500 X109.559 Y48.465 E2033.70758
G0 F9000 X109.559 Y47.9
G1 F1500 X124.834 Y63.174 E2034.42605
G0 F9000 X124.921 Y62.695
G1 F1500 X109.559 Y47.334 E2035.1486
G0 F9000 X109.559 Y46.768
G1 F1500 X125.007 Y62.216 E2035.87523
G0 F9000 X125.094 Y61.738
G1 F1500 X109.559 Y46.203 E2036.60595
G0 F9000 X109.559 Y45.637
G1 F1500 X125.181 Y61.259 E2037.34076
G0 F9000 X125.269 Y60.781
G1 F1500 X109.559 Y45.071 E2038.07971
G0 F9000 X109.559 Y44.506
G1 F1500 X125.356 Y60.302 E2038.82273
G0 F9000 X125.438 Y59.819
G1 F1500 X109.559 Y43.94 E2039.56963
G0 F9000 X109.559 Y43.374
G1 F1500 X125.438 Y59.253 E2040.31653
G0 F9000 X125.438 Y58.687
G1 F1500 X109.559 Y42.808 E2041.06343
G0 F9000 X109.559 Y42.243
G1 F1500 X125.438 Y58.122 E2041.81033
G0 F9000 X125.438 Y57.556
G1 F1500 X109.559 Y41.677 E2042.55723
G0 F9000 X109.559 Y41.111
G1 F1500 X125.438 Y56.99 E2043.30413
G0 F9000 X125.438 Y56.424
G1 F1500 X109.559 Y40.546 E2044.051
G0 F9000 X109.559 Y39.98
G1 F1500 X125.438 Y55.859 E2044.7979
G0 F9000 X125.438 Y55.293
G1 F1500 X109.559 Y39.414 E2045.5448
G0 F9000 X109.559 Y38.849
G1 F1500 X125.438 Y54.727 E2046.29168
G0 F9000 X125.438 Y54.162
G1 F1500 X109.559 Y38.283 E2047.03858
G0 F9000 X109.559 Y37.717
G1 F1500 X125.438 Y53.596 E2047.78548
G0 F9000 X125.438 Y53.03
G1 F1500 X109.559 Y37.152 E2048.53235
G0 F9000 X109.559 Y36.586
G1 F1500 X125.438 Y52.465 E2049.27925
G0 F9000 X125.438 Y51.899
G1 F1500 X110.1 Y36.56 E2050.00073
G0 F9000 X110.665 Y36.56
G1 F1500 X125.438 Y51.333 E2050.6956
G0 F9000 X125.438 Y50.768
G1 F1500 X111.231 Y36.56 E2051.36388
G0 F9000 X111.797 Y36.56
G1 F1500 X125.438 Y50.202 E2052.00554
G0 F9000 X125.438 Y49.636
G1 F1500 X112.362 Y36.56 E2052.62059
G0 F9000 X112.928 Y36.56
G1 F1500 X125.438 Y49.071 E2053.20905
G0 F9000 X125.438 Y48.505
G1 F1500 X113.494 Y36.56 E2053.77088
G0 F9000 X114.059 Y36.56
G1 F1500 X125.438 Y47.939 E2054.30611
G0 F9000 X125.438 Y47.374
G1 F1500 X114.625 Y36.56 E2054.81475
G0 F9000 X115.191 Y36.56
G1 F1500 X125.438 Y46.808 E2055.29676
G0 F9000 X125.438 Y46.242
G1 F1500 X115.756 Y36.56 E2055.75217
G0 F9000 X116.322 Y36.56
G1 F1500 X125.438 Y45.676 E2056.18096
G0 F9000 X125.438 Y45.111
G1 F1500 X116.888 Y36.56 E2056.58315
G0 F9000 X117.453 Y36.56
G1 F1500 X125.438 Y44.545 E2056.95874
G0 F9000 X125.438 Y43.979
G1 F1500 X118.019 Y36.56 E2057.3077
G0 F9000 X118.585 Y36.56
G1 F1500 X125.438 Y43.414 E2057.63007
G0 F9000 X125.438 Y42.848
G1 F1500 X119.151 Y36.56 E2057.92582
G0 F9000 X119.716 Y36.56
G1 F1500 X125.438 Y42.282 E2058.19496
G0 F9000 X125.438 Y41.717
G1 F1500 X120.282 Y36.56 E2058.43751
G0 F9000 X120.848 Y36.56
G1 F1500 X125.438 Y41.151 E2058.65343
G0 F9000 X125.438 Y40.585
G1 F1500 X121.413 Y36.56 E2058.84275
G0 F9000 X121.979 Y36.56
G1 F1500 X125.438 Y40.02 E2059.00548
G0 F9000 X125.438 Y39.454
G1 F1500 X122.545 Y36.56 E2059.14158
G0 F9000 X123.11 Y36.56
G1 F1500 X125.438 Y38.888 E2059.25108
G0 F9000 X125.438 Y38.323
G1 F1500 X123.676 Y36.56 E2059.33398
G0 F9000 X124.242 Y36.56
G1 F1500 X125.438 Y37.757 E2059.39026
G0 F9000 X125.438 Y37.191
G1 F1500 X124.807 Y36.56 E2059.41994
G0 F9000 X125.373 Y36.56
G1 F1500 X125.438 Y36.626 E2059.42302
G1 F2700 E2054.42302
;MESH:NONMESH
G0 F300 X125.438 Y36.626 Z6
G0 F9000 X125.9 Y36.626
G0 X125.838 Y59.892
G0 X123.917 Y74.337
G0 X123.35 Y81.659
G0 X123.161 Y88.99
G0 X123.161 Y146.01
G0 X123.35 Y153.341
G0 X123.809 Y159.271
G0 X124.701 Y167.971
;TIME_ELAPSED:8544.964214
;LAYER:29
;TYPE:WALL-INNER
;MESH:D638-22 Tensile.STL
G1 F2700 E2059.42302
G1 F1500 X126 Y175.089 E2059.66368
G1 X126 Y175.858 E2059.68926
G1 X126 Y199 E2060.45896
G1 X109 Y199 E2061.02439
G1 X109 Y175.093 E2061.81954
G1 X110.299 Y167.972 E2062.06029
G1 X111.245 Y160.664 E2062.30538
G1 X111.812 Y153.324 E2062.55024
G1 X112 Y146.027 E2062.79302
G1 X112 Y88.973 E2064.69064
G1 X111.81 Y81.625 E2064.93512
G1 X111.246 Y74.345 E2065.17798
G1 X110.299 Y67.028 E2065.42337
G1 X109.001 Y59.911 E2065.66399
G1 X109 Y36 E2066.45927
G1 X126 Y36 E2067.0247
G1 X125.999 Y59.907 E2067.81985
G1 X124.701 Y67.027 E2068.06056
G1 X123.754 Y74.346 E2068.30602
G1 X123.19 Y81.624 E2068.54881
G1 X123 Y88.973 E2068.79332
G1 X123 Y146.027 E2070.69095
G1 X123.188 Y153.323 E2070.9337
G1 X123.754 Y160.654 E2071.17825
G1 X124.701 Y167.971 E2071.42364
G1 F2700 E2066.42364
G0 F9000 X125.839 Y175.105
G0 X125.828 Y198.828
G0 X108.87 Y199.13
G1 F2700 E2071.42364
G0 F9000 X108.6 Y199.4
G1 F1500 X126.4 Y199.4 E2072.01568
G1 X126.4 Y175.858 E2072.79869
G1 X126.4 Y175.053 E2072.82546
G1 X125.094 Y167.894 E2073.0675
G1 X124.156 Y160.654 E2073.31031
G1 X123.589 Y153.343 E2073.55421
G1 X123.4 Y146.017 E2073.79795
G1 X123.4 Y88.983 E2075.69491
G1 X123.589 Y81.655 E2075.93872
G1 X124.156 Y74.346 E2076.18255
G1 X125.094 Y67.104 E2076.42544
G1 X126.399 Y59.943 E2076.66753
G1 X126.4 Y35.6 E2077.47719
G1 X108.6 Y35.6 E2078.06922
G1 X108.601 Y59.947 E2078.879
G1 X109.906 Y67.105 E2079.121
G1 X110.847 Y74.376 E2079.36485
G1 X111.411 Y81.656 E2079.60771
G1 X111.6 Y88.983 E2079.85149
G1 X111.6 Y146.017 E2081.74845
G1 X111.411 Y153.345 E2081.99226
G1 X110.844 Y160.654 E2082.23609
G1 X109.906 Y167.896 E2082.47897
G1 X108.6 Y175.057 E2082.72107
G1 X108.6 Y199.4 E2083.53073
G1 F2700 E2078.53073
G0 F9000 X108.87 Y199.13
G0 X125.828 Y198.828
G0 X125.839 Y175.105
G0 X124.797 Y167.931
G1 F2700 E2083.53073
G0 F9000 X125.491 Y167.842
;TYPE:WALL-OUTER
G1 F1500 X126.8 Y175.017 E2083.77331
G1 X126.8 Y175.858 E2083.80128
G1 X126.8 Y199.8 E2084.59759
G1 X108.2 Y199.8 E2085.21623
G1 X108.2 Y175.021 E2086.04038
G1 X109.507 Y167.854 E2086.28269
G1 X110.447 Y160.602 E2086.52591
G1 X111.012 Y153.314 E2086.76904
G1 X111.2 Y146.007 E2087.01215
G1 X111.2 Y88.993 E2088.90844
G1 X111.012 Y81.697 E2089.15119
G1 X110.448 Y74.407 E2089.39438
G1 X109.509 Y67.157 E2089.63753
G1 X108.201 Y59.983 E2089.88007
G1 X108.2 Y35.2 E2090.70436
G1 X126.8 Y35.2 E2091.323
G1 X126.799 Y59.979 E2092.14715
G1 X125.493 Y67.146 E2092.38945
G1 X124.553 Y74.398 E2092.63267
G1 X123.988 Y81.686 E2092.8758
G1 X123.8 Y88.993 E2093.11891
G1 X123.8 Y146.007 E2095.0152
G1 X123.988 Y153.302 E2095.25792
G1 X124.552 Y160.592 E2095.50111
G1 X125.491 Y167.842 E2095.74426
G0 F9000 X124.797 Y167.931
G0 X124.341 Y168.004
;TYPE:SKIN
G1 F1500 X125.64 Y175.122 E2095.98491
G1 X125.64 Y175.858 E2096.00939
G1 X125.64 Y198.64 E2096.76713
G1 X109.36 Y198.64 E2097.3086
G1 X109.36 Y175.128 E2098.09061
G1 X110.657 Y168.017 E2098.33103
G1 X111.598 Y160.752 E2098.57468
G1 X112.172 Y153.343 E2098.82184
G1 X112.36 Y146.04 E2099.06482
G1 X112.36 Y88.961 E2100.96328
G1 X112.169 Y81.606 E2101.20799
G1 X111.599 Y74.258 E2101.45312
G1 X110.659 Y66.995 E2101.6967
G1 X109.361 Y59.879 E2101.93729
G1 X109.361 Y36.361 E2102.7195
G1 X125.639 Y36.361 E2103.26091
G1 X125.639 Y59.872 E2104.04289
G1 X124.343 Y66.983 E2104.28329
G1 X123.402 Y74.247 E2104.52691
G1 X122.828 Y81.657 E2104.77411
G1 X122.64 Y88.961 E2105.01712
G1 X122.64 Y146.04 E2106.91558
G1 X122.831 Y153.391 E2107.16016
G1 X123.401 Y160.741 E2107.40535
G1 X124.341 Y168.004 E2107.64893
G1 F2700 E2102.64893
G0 F9000 X124.597 Y167.957
G0 X125.839 Y175.105
G0 X125.9 Y198.132
G1 F2700 E2107.64893
G0 F9000 X125.44 Y198.132
G1 F1500 X125.133 Y198.438 E2107.66335
G0 F9000 X124.567 Y198.438
G1 F1500 X125.44 Y197.566 E2107.70439
G0 F9000 X125.44 Y197
G1 F1500 X124.001 Y198.438 E2107.77205
G0 F9000 X123.436 Y198.438
G1 F1500 X125.44 Y196.434 E2107.86632
G0 F9000 X125.44 Y195.869
G1 F1500 X122.87 Y198.438 E2107.98718
G0 F9000 X122.304 Y198.438
G1 F1500 X125.44 Y195.303 E2108.13466
G0 F9000 X125.44 Y194.737
G1 F1500 X121.739 Y198.438 E2108.30875
G0 F9000 X121.173 Y198.438
G1 F1500 X125.44 Y194.172 E2108.50943
G0 F9000 X125.44 Y193.606
G1 F1500 X120.607 Y198.438 E2108.73673
G0 F9000 X120.041 Y198.438
G1 F1500 X125.44 Y193.04 E2108.99066
G0 F9000 X125.44 Y192.475
G1 F1500 X119.476 Y198.438 E2109.27117
G0 F9000 X118.91 Y198.438
G1 F1500 X125.44 Y191.909 E2109.5783
G0 F9000 X125.44 Y191.343
G1 F1500 X118.344 Y198.438 E2109.91205
G0 F9000 X117.779 Y198.438
G1 F1500 X125.44 Y190.778 E2110.27237
G0 F9000 X125.44 Y190.212
G1 F1500 X117.213 Y198.438 E2110.65932
G0 F9000 X116.647 Y198.438
G1 F1500 X125.44 Y189.646 E2111.07289
G0 F9000 X125.44 Y189.081
G1 F1500 X116.082 Y198.438 E2111.51304
G0 F9000 X115.516 Y198.438
G1 F1500 X125.44 Y188.515 E2111.97981
G0 F9000 X125.44 Y187.949
G1 F1500 X114.95 Y198.438 E2112.47321
G0 F9000 X114.385 Y198.438
G1 F1500 X125.44 Y187.384 E2112.99318
G0 F9000 X125.44 Y186.818
G1 F1500 X113.819 Y198.438 E2113.53977
G0 F9000 X113.253 Y198.438
G1 F1500 X125.44 Y186.252 E2114.11299
G0 F9000 X125.44 Y185.686
G1 F1500 X112.688 Y198.438 E2114.7128
G0 F9000 X112.122 Y198.438
G1 F1500 X125.44 Y185.121 E2115.33921
G0 F9000 X125.44 Y184.555
G1 F1500 X111.556 Y198.438 E2115.99225
G0 F9000 X110.991 Y198.438
G1 F1500 X125.44 Y183.989 E2116.67189
G0 F9000 X125.44 Y183.424
G1 F1500 X110.425 Y198.438 E2117.37812
G0 F9000 X109.859 Y198.438
G1 F1500 X125.44 Y182.858 E2118.11098
G0 F9000 X125.44 Y182.292
G1 F1500 X109.559 Y198.173 E2118.85798
G0 F9000 X109.559 Y197.607
G1 F1500 X125.44 Y181.727 E2119.60495
G0 F9000 X125.44 Y181.161
G1 F1500 X109.559 Y197.041 E2120.35192
G0 F9000 X109.559 Y196.475
G1 F1500 X125.44 Y180.595 E2121.09889
G0 F9000 X125.44 Y180.03
G1 F1500 X109.559 Y195.91 E2121.84586
G0 F9000 X109.559 Y195.344
G1 F1500 X125.44 Y179.464 E2122.59283
G0 F9000 X125.44 Y178.898
G1 F1500 X109.559 Y194.778 E2123.3398
G0 F9000 X109.559 Y194.213
G1 F1500 X125.44 Y178.333 E2124.08677
G0 F9000 X125.44 Y177.767
G1 F1500 X109.559 Y193.647 E2124.83374
G0 F9000 X109.559 Y193.081
G1 F1500 X125.44 Y177.201 E2125.58071
G0 F9000 X125.44 Y176.635
G1 F1500 X109.559 Y192.516 E2126.3277
G0 F9000 X109.559 Y191.95
G1 F1500 X125.44 Y176.07 E2127.07467
G0 F9000 X125.44 Y175.504
G1 F1500 X109.559 Y191.384 E2127.82164
G0 F9000 X109.559 Y190.819
G1 F1500 X125.408 Y174.97 E2128.56713
G0 F9000 X125.321 Y174.492
G1 F1500 X109.559 Y190.253 E2129.3085
G0 F9000 X109.559 Y189.687
G1 F1500 X125.234 Y174.013 E2130.04578
G0 F9000 X125.146 Y173.535
G1 F1500 X109.559 Y189.122 E2130.77895
G0 F9000 X109.559 Y188.556
G1 F1500 X125.059 Y173.056 E2131.50802
G0 F9000 X124.971 Y172.578
G1 F1500 X109.559 Y187.99 E2132.23295
G0 F9000 X109.559 Y187.425
G1 F1500 X124.884 Y172.099 E2132.95382
G0 F9000 X124.797 Y171.621
G1 F1500 X109.559 Y186.859 E2133.67057
G0 F9000 X109.559 Y186.293
G1 F1500 X124.71 Y171.143 E2134.3832
G0 F9000 X124.623 Y170.664
G1 F1500 X109.559 Y185.727 E2135.09174
G0 F9000 X109.559 Y185.162
G1 F1500 X124.535 Y170.186 E2135.79617
G0 F9000 X124.448 Y169.707
G1 F1500 X109.559 Y184.596 E2136.4965
G0 F9000 X109.559 Y184.03
G1 F1500 X124.36 Y169.229 E2137.19269
G0 F9000 X124.274 Y168.751
G1 F1500 X109.559 Y183.465 E2137.88482
G0 F9000 X109.559 Y182.899
G1 F1500 X124.186 Y168.273 E2138.5728
G0 F9000 X124.111 Y167.782
G1 F1500 X109.559 Y182.333 E2139.25726
G0 F9000 X109.559 Y181.768
G1 F1500 X124.046 Y167.281 E2139.93868
G0 F9000 X123.981 Y166.781
G1 F1500 X109.559 Y181.202 E2140.61703
G0 F9000 X109.559 Y180.636
G1 F1500 X123.916 Y166.28 E2141.29231
G0 F9000 X123.851 Y165.779
G1 F1500 X109.559 Y180.071 E2141.96457
G0 F9000 X109.559 Y179.505
G1 F1500 X123.786 Y165.278 E2142.63376
G0 F9000 X123.721 Y164.777
G1 F1500 X109.559 Y178.939 E2143.2999
G0 F9000 X109.559 Y178.374
G1 F1500 X123.656 Y164.277 E2143.96298
G0 F9000 X123.591 Y163.776
G1 F1500 X109.559 Y177.808 E2144.623
G0 F9000 X109.559 Y177.242
G1 F1500 X123.527 Y163.275 E2145.27999
G0 F9000 X123.462 Y162.774
G1 F1500 X109.559 Y176.676 E2145.93392
G0 F9000 X109.559 Y176.111
G1 F1500 X123.397 Y162.273 E2146.58482
G0 F9000 X123.332 Y161.773
G1 F1500 X109.559 Y175.545 E2147.23263
G0 F9000 X109.597 Y174.942
G1 F1500 X123.267 Y161.272 E2147.87563
G0 F9000 X123.202 Y160.771
G1 F1500 X109.723 Y174.25 E2148.50964
G0 F9000 X109.849 Y173.558
G1 F1500 X123.161 Y160.246 E2149.13579
G0 F9000 X123.121 Y159.721
G1 F1500 X109.975 Y172.867 E2149.75414
G0 F9000 X110.102 Y172.174
G1 F1500 X123.08 Y159.196 E2150.36459
G0 F9000 X123.039 Y158.671
G1 F1500 X110.228 Y171.483 E2150.9672
G0 F9000 X110.354 Y170.791
G1 F1500 X122.999 Y158.146 E2151.56198
G0 F9000 X122.958 Y157.621
G1 F1500 X110.48 Y170.099 E2152.14891
G0 F9000 X110.607 Y169.407
G1 F1500 X122.917 Y157.096 E2152.72796
G0 F9000 X122.876 Y156.571
G1 F1500 X110.732 Y168.715 E2153.29917
G0 F9000 X110.858 Y168.024
G1 F1500 X122.835 Y156.047 E2153.86253
G0 F9000 X122.795 Y155.521
G1 F1500 X110.942 Y167.374 E2154.42006
G0 F9000 X111.026 Y166.725
G1 F1500 X122.754 Y154.997 E2154.97171
G0 F9000 X122.713 Y154.472
G1 F1500 X111.11 Y166.075 E2155.51748
G0 F9000 X111.194 Y165.425
G1 F1500 X122.673 Y153.947 E2156.0574
G0 F9000 X122.632 Y153.422
G1 F1500 X111.278 Y164.775 E2156.59143
G0 F9000 X111.362 Y164.126
G1 F1500 X122.617 Y152.871 E2157.12083
G0 F9000 X122.603 Y152.319
G1 F1500 X111.446 Y163.476 E2157.64562
G0 F9000 X111.53 Y162.826
G1 F1500 X122.588 Y151.768 E2158.16576
G0 F9000 X122.574 Y151.217
G1 F1500 X111.614 Y162.177 E2158.68128
G0 F9000 X111.698 Y161.527
G1 F1500 X122.559 Y150.666 E2159.19215
G0 F9000 X122.545 Y150.114
G1 F1500 X111.782 Y160.878 E2159.69843
G0 F9000 X111.836 Y160.257
G1 F1500 X122.53 Y149.563 E2160.20144
G0 F9000 X122.516 Y149.012
G1 F1500 X111.884 Y159.644 E2160.70154
G0 F9000 X111.931 Y159.031
G1 F1500 X122.502 Y148.46 E2161.19877
G0 F9000 X122.487 Y147.909
G1 F1500 X111.978 Y158.418 E2161.69308
G0 F9000 X112.026 Y157.805
G1 F1500 X122.473 Y147.358 E2162.18447
G0 F9000 X122.459 Y146.806
G1 F1500 X112.074 Y157.191 E2162.67295
G0 F9000 X112.121 Y156.578
G1 F1500 X122.444 Y146.255 E2163.15851
G0 F9000 X122.439 Y145.695
G1 F1500 X112.169 Y155.965 E2163.64158
G0 F9000 X112.216 Y155.352
G1 F1500 X122.439 Y145.13 E2164.12242
G0 F9000 X122.439 Y144.564
G1 F1500 X112.263 Y154.739 E2164.60104
G0 F9000 X112.311 Y154.126
G1 F1500 X122.439 Y143.998 E2165.07743
G0 F9000 X122.439 Y143.433
G1 F1500 X112.358 Y153.513 E2165.55159
G0 F9000 X112.383 Y152.923
G1 F1500 X122.439 Y142.867 E2166.02459
G0 F9000 X122.439 Y142.301
G1 F1500 X112.398 Y152.342 E2166.49689
G0 F9000 X112.413 Y151.762
G1 F1500 X122.439 Y141.736 E2166.96848
G0 F9000 X122.439 Y141.17
G1 F1500 X112.427 Y151.181 E2167.43939
G0 F9000 X112.442 Y150.601
G1 F1500 X122.439 Y140.604 E2167.90962
G0 F9000 X122.439 Y140.038
G1 F1500 X112.457 Y150.02 E2168.37914
G0 F9000 X112.473 Y149.439
G1 F1500 X122.439 Y139.473 E2168.84791
G0 F9000 X122.439 Y138.907
G1 F1500 X112.487 Y148.858 E2169.316
G0 F9000 X112.502 Y148.278
G1 F1500 X122.439 Y138.341 E2169.78341
G0 F9000 X122.439 Y137.776
G1 F1500 X112.517 Y147.697 E2170.25008
G0 F9000 X112.532 Y147.117
G1 F1500 X122.439 Y137.21 E2170.71608
G0 F9000 X122.439 Y136.644
G1 F1500 X112.548 Y146.535 E2171.18132
G0 F9000 X112.56 Y145.958
G1 F1500 X122.439 Y136.079 E2171.646
G0 F9000 X122.439 Y135.513
G1 F1500 X112.56 Y145.392 E2172.11068
G0 F9000 X112.56 Y144.826
G1 F1500 X122.439 Y134.947 E2172.57536
G0 F9000 X122.439 Y134.382
G1 F1500 X112.56 Y144.261 E2173.04003
G0 F9000 X112.56 Y143.695
G1 F1500 X122.439 Y133.816 E2173.50471
G0 F9000 X122.439 Y133.25
G1 F1500 X112.56 Y143.129 E2173.96939
G0 F9000 X112.56 Y142.564
G1 F1500 X122.439 Y132.685 E2174.43407
G0 F9000 X122.439 Y132.119
G1 F1500 X112.56 Y141.998 E2174.89874
G0 F9000 X112.56 Y141.432
G1 F1500 X122.439 Y131.553 E2175.36342
G0 F9000 X122.439 Y130.987
G1 F1500 X112.56 Y140.866 E2175.8281
G0 F9000 X112.56 Y140.301
G1 F1500 X122.439 Y130.422 E2176.29278
G0 F9000 X122.439 Y129.856
G1 F1500 X112.56 Y139.735 E2176.75746
G0 F9000 X112.56 Y139.169
G1 F1500 X122.439 Y129.29 E2177.22213
G0 F9000 X122.439 Y128.725
G1 F1500 X112.56 Y138.604 E2177.68681
G0 F9000 X112.56 Y138.038
G1 F1500 X122.439 Y128.159 E2178.15149
G0 F9000 X122.439 Y127.593
G1 F1500 X112.56 Y137.472 E2178.61617
G0 F9000 X112.56 Y136.907
G1 F1500 X122.439 Y127.028 E2179.08085
G0 F9000 X122.439 Y126.462
G1 F1500 X112.56 Y136.341 E2179.54552
G0 F9000 X112.56 Y135.775
G1 F1500 X122.439 Y125.896 E2180.0102
G0 F9000 X122.439 Y125.331
G1 F1500 X112.56 Y135.21 E2180.47488
G0 F9000 X112.56 Y134.644
G1 F1500 X122.439 Y124.765 E2180.93956
G0 F9000 X122.439 Y124.199
G1 F1500 X112.56 Y134.078 E2181.40424
G0 F9000 X112.56 Y133.513
G1 F1500 X122.439 Y123.634 E2181.86891
G0 F9000 X122.439 Y123.068
G1 F1500 X112.56 Y132.947 E2182.33359
G0 F9000 X112.56 Y132.381
G1 F1500 X122.439 Y122.502 E2182.79827
G0 F9000 X122.439 Y121.937
G1 F1500 X112.56 Y131.816 E2183.26295
G0 F9000 X112.56 Y131.25
G1 F1500 X122.439 Y121.371 E2183.72762
G0 F9000 X122.439 Y120.805
G1 F1500 X112.56 Y130.684 E2184.1923
G0 F9000 X112.56 Y130.118
G1 F1500 X122.439 Y120.239 E2184.65698
G0 F9000 X122.439 Y119.674
G1 F1500 X112.56 Y129.553 E2185.12166
G0 F9000 X112.56 Y128.987
G1 F1500 X122.439 Y119.108 E2185.58634
G0 F9000 X122.439 Y118.542
G1 F1500 X112.56 Y128.421 E2186.05101
G0 F9000 X112.56 Y127.856
G1 F1500 X122.439 Y117.977 E2186.51569
G0 F9000 X122.439 Y117.411
G1 F1500 X112.56 Y127.29 E2186.98037
G0 F9000 X112.56 Y126.724
G1 F1500 X122.439 Y116.845 E2187.44505
G0 F9000 X122.439 Y116.28
G1 F1500 X112.56 Y126.159 E2187.90973
G0 F9000 X112.56 Y125.593
G1 F1500 X122.439 Y115.714 E2188.3744
G0 F9000 X122.439 Y115.148
G1 F1500 X112.56 Y125.027 E2188.83908
G0 F9000 X112.56 Y124.462
G1 F1500 X122.439 Y114.583 E2189.30376
G0 F9000 X122.439 Y114.017
G1 F1500 X112.56 Y123.896 E2189.76844
G0 F9000 X112.56 Y123.33
G1 F1500 X122.439 Y113.451 E2190.23311
G0 F9000 X122.439 Y112.886
G1 F1500 X112.56 Y122.765 E2190.69779
G0 F9000 X112.56 Y122.199
G1 F1500 X122.439 Y112.32 E2191.16247
G0 F9000 X122.439 Y111.754
G1 F1500 X112.56 Y121.633 E2191.62715
G0 F9000 X112.56 Y121.067
G1 F1500 X122.439 Y111.189 E2192.0918
G0 F9000 X122.439 Y110.623
G1 F1500 X112.56 Y120.502 E2192.55648
G0 F9000 X112.56 Y119.936
G1 F1500 X122.439 Y110.057 E2193.02116
G0 F9000 X122.439 Y109.491
G1 F1500 X112.56 Y119.37 E2193.48584
G0 F9000 X112.56 Y118.805
G1 F1500 X122.439 Y108.926 E2193.95051
G0 F9000 X122.439 Y108.36
G1 F1500 X112.56 Y118.239 E2194.41519
G0 F9000 X112.56 Y117.673
G1 F1500 X122.439 Y107.794 E2194.87987
G0 F9000 X122.439 Y107.229
G1 F1500 X112.56 Y117.108 E2195.34455
G0 F9000 X112.56 Y116.542
G1 F1500 X122.439 Y106.663 E2195.80923
G0 F9000 X122.439 Y106.097
G1 F1500 X112.56 Y115.976 E2196.2739
G0 F9000 X112.56 Y115.411
G1 F1500 X122.439 Y105.532 E2196.73858
G0 F9000 X122.439 Y104.966
G1 F1500 X112.56 Y114.845 E2197.20326
G0 F9000 X112.56 Y114.279
G1 F1500 X122.439 Y104.4 E2197.66794
G0 F9000 X122.439 Y103.835
G1 F1500 X112.56 Y113.714 E2198.13261
G0 F9000 X112.56 Y113.148
G1 F1500 X122.439 Y103.269 E2198.59729
G0 F9000 X122.439 Y102.703
G1 F1500 X112.56 Y112.582 E2199.06197
G0 F9000 X112.56 Y112.017
G1 F1500 X122.439 Y102.138 E2199.52665
G0 F9000 X122.439 Y101.572
G1 F1500 X112.56 Y111.451 E2199.99133
G0 F9000 X112.56 Y110.885
G1 F1500 X122.439 Y101.006 E2200.456
G0 F9000 X122.439 Y100.44
G1 F1500 X112.56 Y110.319 E2200.92068
G0 F9000 X112.56 Y109.754
G1 F1500 X122.439 Y99.875 E2201.38536
G0 F9000 X122.439 Y99.309
G1 F1500 X112.56 Y109.188 E2201.85004
G0 F9000 X112.56 Y108.622
G1 F1500 X122.439 Y98.743 E2202.31472
G0 F9000 X122.439 Y98.178
G1 F1500 X112.56 Y108.057 E2202.77939
G0 F9000 X112.56 Y107.491
G1 F1500 X122.439 Y97.612 E2203.24407
G0 F9000 X122.439 Y97.046
G1 F1500 X112.56 Y106.925 E2203.70875
G0 F9000 X112.56 Y106.36
G1 F1500 X122.439 Y96.481 E2204.17343
G0 F9000 X122.439 Y95.915
G1 F1500 X112.56 Y105.794 E2204.63811
G0 F9000 X112.56 Y105.228
G1 F1500 X122.439 Y95.349 E2205.10278
G0 F9000 X122.439 Y94.784
G1 F1500 X112.56 Y104.663 E2205.56746
G0 F9000 X112.56 Y104.097
G1 F1500 X122.439 Y94.218 E2206.03214
G0 F9000 X122.439 Y93.652
G1 F1500 X112.56 Y103.531 E2206.49682
G0 F9000 X112.56 Y102.966
G1 F1500 X122.439 Y93.087 E2206.96149
G0 F9000 X122.439 Y92.521
G1 F1500 X112.56 Y102.4 E2207.42617
G0 F9000 X112.56 Y101.834
G1 F1500 X122.439 Y91.955 E2207.89085
G0 F9000 X122.439 Y91.39
G1 F1500 X112.56 Y101.269 E2208.35553
G0 F9000 X112.56 Y100.703
G1 F1500 X122.439 Y90.824 E2208.82021
G0 F9000 X122.439 Y90.258
G1 F1500 X112.56 Y100.137 E2209.28488
G0 F9000 X112.56 Y99.571
G1 F1500 X122.439 Y89.692 E2209.74956
G0 F9000 X122.439 Y89.127
G1 F1500 X112.56 Y99.006 E2210.21424
G0 F9000 X112.56 Y98.44
G1 F1500 X122.448 Y88.551 E2210.67936
G0 F9000 X122.463 Y87.971
G1 F1500 X112.56 Y97.874 E2211.14517
G0 F9000 X112.56 Y97.309
G1 F1500 X122.479 Y87.389 E2211.61175
G0 F9000 X122.494 Y86.809
G1 F1500 X112.56 Y96.743 E2212.07902
G0 F9000 X112.56 Y96.177
G1 F1500 X122.509 Y86.228 E2212.54699
G0 F9000 X122.523 Y85.648
G1 F1500 X112.56 Y95.612 E2213.01564
G0 F9000 X112.56 Y95.046
G1 F1500 X122.538 Y85.067 E2213.485
G0 F9000 X122.553 Y84.487
G1 F1500 X112.56 Y94.48 E2213.95504
G0 F9000 X112.56 Y93.915
G1 F1500 X122.569 Y83.905 E2214.42586
G0 F9000 X122.584 Y83.325
G1 F1500 X112.56 Y93.349 E2214.89735
G0 F9000 X112.56 Y92.783
G1 F1500 X122.598 Y82.744 E2215.36953
G0 F9000 X122.613 Y82.164
G1 F1500 X112.56 Y92.218 E2215.84242
G0 F9000 X112.56 Y91.652
G1 F1500 X122.633 Y81.578 E2216.31625
G0 F9000 X122.68 Y80.965
G1 F1500 X112.56 Y91.086 E2216.79228
G0 F9000 X112.56 Y90.52
G1 F1500 X122.728 Y80.352 E2217.27056
G0 F9000 X122.775 Y79.739
G1 F1500 X112.56 Y89.955 E2217.75106
G0 F9000 X112.56 Y89.389
G1 F1500 X122.823 Y79.126 E2218.2338
G0 F9000 X122.87 Y78.513
G1 F1500 X112.556 Y88.827 E2218.71894
G0 F9000 X112.541 Y88.276
G1 F1500 X122.917 Y77.9 E2219.207
G0 F9000 X122.965 Y77.287
G1 F1500 X112.527 Y87.725 E2219.69797
G0 F9000 X112.513 Y87.173
G1 F1500 X123.012 Y76.674 E2220.19181
G0 F9000 X123.06 Y76.06
G1 F1500 X112.498 Y86.622 E2220.68861
G0 F9000 X112.484 Y86.071
G1 F1500 X123.107 Y75.447 E2221.18831
G0 F9000 X123.155 Y74.834
G1 F1500 X112.47 Y85.519 E2221.6909
G0 F9000 X112.455 Y84.968
G1 F1500 X123.204 Y74.22 E2222.19648
G0 F9000 X123.288 Y73.57
G1 F1500 X112.441 Y84.417 E2222.70668
G0 F9000 X112.427 Y83.865
G1 F1500 X123.371 Y72.921 E2223.22146
G0 F9000 X123.455 Y72.271
G1 F1500 X112.412 Y83.314 E2223.74089
G0 F9000 X112.398 Y82.763
G1 F1500 X123.54 Y71.621 E2224.26497
G0 F9000 X123.624 Y70.971
G1 F1500 X112.384 Y82.211 E2224.79367
G0 F9000 X112.369 Y81.66
G1 F1500 X123.708 Y70.321 E2225.32702
G0 F9000 X123.792 Y69.671
G1 F1500 X112.332 Y81.132 E2225.86609
G0 F9000 X112.292 Y80.606
G1 F1500 X123.876 Y69.022 E2226.41096
G0 F9000 X123.96 Y68.372
G1 F1500 X112.251 Y80.081 E2226.96172
G0 F9000 X112.21 Y79.557
G1 F1500 X124.044 Y67.723 E2227.51835
G0 F9000 X124.128 Y67.073
G1 F1500 X112.169 Y79.031 E2228.08084
G0 F9000 X112.128 Y78.507
G1 F1500 X124.247 Y66.388 E2228.65088
G0 F9000 X124.373 Y65.696
G1 F1500 X112.088 Y77.981 E2229.22873
G0 F9000 X112.047 Y77.457
G1 F1500 X124.499 Y65.005 E2229.81444
G0 F9000 X124.625 Y64.313
G1 F1500 X112.006 Y76.932 E2230.40799
G0 F9000 X111.966 Y76.407
G1 F1500 X124.751 Y63.621 E2231.00939
G0 F9000 X124.877 Y62.93
G1 F1500 X111.925 Y75.882 E2231.61861
G0 F9000 X111.884 Y75.357
G1 F1500 X125.003 Y62.238 E2232.23569
G0 F9000 X125.129 Y61.546
G1 F1500 X111.843 Y74.832 E2232.86062
G0 F9000 X111.802 Y74.307
G1 F1500 X125.255 Y60.855 E2233.49338
G0 F9000 X125.381 Y60.163
G1 F1500 X111.741 Y73.802 E2234.13494
G0 F9000 X111.676 Y73.302
G1 F1500 X125.437 Y59.541 E2234.78222
G0 F9000 X125.437 Y58.975
G1 F1500 X111.611 Y72.801 E2235.43255
G0 F9000 X111.547 Y72.3
G1 F1500 X125.437 Y58.409 E2236.08592
G0 F9000 X125.437 Y57.844
G1 F1500 X111.482 Y71.799 E2236.74232
G0 F9000 X111.417 Y71.298
G1 F1500 X125.437 Y57.278 E2237.40178
G0 F9000 X125.437 Y56.712
G1 F1500 X111.352 Y70.798 E2238.06431
G0 F9000 X111.287 Y70.297
G1 F1500 X125.437 Y56.147 E2238.72989
G0 F9000 X125.437 Y55.581
G1 F1500 X111.222 Y69.796 E2239.39852
G0 F9000 X111.157 Y69.295
G1 F1500 X125.437 Y55.015 E2240.0702
G0 F9000 X125.437 Y54.45
G1 F1500 X111.092 Y68.795 E2240.74495
G0 F9000 X111.027 Y68.294
G1 F1500 X125.437 Y53.884 E2241.42275
G0 F9000 X125.437 Y53.318
G1 F1500 X110.962 Y67.793 E2242.10361
G0 F9000 X110.898 Y67.292
G1 F1500 X125.437 Y52.752 E2242.7875
G0 F9000 X125.437 Y52.187
G1 F1500 X110.826 Y66.798 E2243.47476
G0 F9000 X110.739 Y66.32
G1 F1500 X125.437 Y51.621 E2244.16613
G0 F9000 X125.437 Y51.055
G1 F1500 X110.651 Y65.842 E2244.86165
G0 F9000 X110.564 Y65.363
G1 F1500 X125.437 Y50.49 E2245.56123
G0 F9000 X125.437 Y49.924
G1 F1500 X110.476 Y64.885 E2246.26495
G0 F9000 X110.389 Y64.406
G1 F1500 X125.437 Y49.358 E2246.97276
G0 F9000 X125.437 Y48.793
G1 F1500 X110.303 Y63.928 E2247.68464
G0 F9000 X110.215 Y63.45
G1 F1500 X125.437 Y48.227 E2248.40066
G0 F9000 X125.437 Y47.661
G1 F1500 X110.128 Y62.971 E2249.12077
G0 F9000 X110.04 Y62.493
G1 F1500 X125.437 Y47.096 E2249.845
G0 F9000 X125.437 Y46.53
G1 F1500 X109.953 Y62.014 E2250.57332
G0 F9000 X109.866 Y61.535
G1 F1500 X125.437 Y45.964 E2251.30573
G0 F9000 X125.437 Y45.399
G1 F1500 X109.779 Y61.057 E2252.04223
G0 F9000 X109.692 Y60.579
G1 F1500 X125.437 Y44.833 E2252.78285
G0 F9000 X125.437 Y44.267
G1 F1500 X109.605 Y60.1 E2253.52757
G0 F9000 X109.56 Y59.579
G1 F1500 X125.437 Y43.702 E2254.27437
G0 F9000 X125.437 Y43.136
G1 F1500 X109.56 Y59.013 E2255.02118
G0 F9000 X109.56 Y58.448
G1 F1500 X125.437 Y42.57 E2255.76801
G0 F9000 X125.437 Y42.004
G1 F1500 X109.56 Y57.882 E2256.51483
G0 F9000 X109.56 Y57.316
G1 F1500 X125.437 Y41.439 E2257.26164
G0 F9000 X125.437 Y40.873
G1 F1500 X109.56 Y56.75 E2258.00844
G0 F9000 X109.56 Y56.185
G1 F1500 X125.437 Y40.307 E2258.75527
G0 F9000 X125.437 Y39.742
G1 F1500 X109.56 Y55.619 E2259.50208
G0 F9000 X109.56 Y55.053
G1 F1500 X125.437 Y39.176 E2260.24888
G0 F9000 X125.437 Y38.61
G1 F1500 X109.56 Y54.488 E2260.99571
G0 F9000 X109.56 Y53.922
G1 F1500 X125.437 Y38.045 E2261.74252
G0 F9000 X125.437 Y37.479
G1 F1500 X109.56 Y53.356 E2262.48932
G0 F9000 X109.56 Y52.791
G1 F1500 X125.437 Y36.913 E2263.23615
G0 F9000 X125.225 Y36.56
G1 F1500 X109.56 Y52.225 E2263.97299
G0 F9000 X109.56 Y51.659
G1 F1500 X124.659 Y36.56 E2264.6832
G0 F9000 X124.093 Y36.56
G1 F1500 X109.56 Y51.094 E2265.36681
G0 F9000 X109.56 Y50.528
G1 F1500 X123.528 Y36.56 E2266.02382
G0 F9000 X122.962 Y36.56
G1 F1500 X109.56 Y49.962 E2266.65421
G0 F9000 X109.56 Y49.397
G1 F1500 X122.396 Y36.56 E2267.258
G0 F9000 X121.83 Y36.56
G1 F1500 X109.56 Y48.831 E2267.83517
G0 F9000 X109.56 Y48.265
G1 F1500 X121.265 Y36.56 E2268.38573
G0 F9000 X120.699 Y36.56
G1 F1500 X109.56 Y47.7 E2268.9097
G0 F9000 X109.56 Y47.134
G1 F1500 X120.133 Y36.56 E2269.40705
G0 F9000 X119.568 Y36.56
G1 F1500 X109.56 Y46.568 E2269.87779
G0 F9000 X109.56 Y46.002
G1 F1500 X119.002 Y36.56 E2270.32191
G0 F9000 X118.436 Y36.56
G1 F1500 X109.56 Y45.437 E2270.73944
G0 F9000 X109.56 Y44.871
G1 F1500 X117.871 Y36.56 E2271.13036
G0 F9000 X117.305 Y36.56
G1 F1500 X109.56 Y44.305 E2271.49466
G0 F9000 X109.56 Y43.74
G1 F1500 X116.739 Y36.56 E2271.83236
G0 F9000 X116.174 Y36.56
G1 F1500 X109.56 Y43.174 E2272.14347
G0 F9000 X109.56 Y42.608
G1 F1500 X115.608 Y36.56 E2272.42795
G0 F9000 X115.042 Y36.56
G1 F1500 X109.56 Y42.043 E2272.68583
G0 F9000 X109.56 Y41.477
G1 F1500 X114.477 Y36.56 E2272.91711
G0 F9000 X113.911 Y36.56
G1 F1500 X109.56 Y40.911 E2273.12176
G0 F9000 X109.56 Y40.346
G1 F1500 X113.345 Y36.56 E2273.29982
G0 F9000 X112.779 Y36.56
G1 F1500 X109.56 Y39.78 E2273.45126
G0 F9000 X109.56 Y39.214
G1 F1500 X112.214 Y36.56 E2273.57609
G0 F9000 X111.648 Y36.56
G1 F1500 X109.56 Y38.649 E2273.67433
G0 F9000 X109.56 Y38.083
G1 F1500 X111.082 Y36.56 E2273.74594
G0 F9000 X110.517 Y36.56
G1 F1500 X109.56 Y37.517 E2273.79096
G0 F9000 X109.56 Y36.951
G1 F1500 X109.951 Y36.56 E2273.80935
G1 F2700 E2268.80935
;MESH:NONMESH
G0 F300 X109.951 Y36.56 Z6.2
G0 F9000 X109.951 Y36.1
G0 X109.172 Y36.172
G0 X109.162 Y59.896
G0 X111.083 Y74.337
G0 X111.65 Y81.659
G0 X111.839 Y88.99
G0 X111.839 Y146.01
G0 X111.65 Y153.341
G0 X111.083 Y160.663
G0 X110.14 Y167.947
G0 X109.149 Y173.192
G0 X109 Y199
;TIME_ELAPSED:8834.112949
;LAYER:30
;TYPE:WALL-INNER
;MESH:D638-22 Tensile.STL
G1 F2700 E2273.80935
G1 F1500 X126 Y199 E2274.37477
G1 X126 Y175.089 E2275.17006
G1 X124.701 Y167.971 E2275.41071
G1 X123.754 Y160.654 E2275.65611
G1 X123.188 Y153.323 E2275.90066
G1 X123 Y146.027 E2276.14341
G1 X123 Y88.973 E2278.04103
G1 X123.19 Y81.624 E2278.28554
G1 X123.754 Y74.346 E2278.52834
G1 X124.701 Y67.027 E2278.7738
G1 X125.999 Y59.907 E2279.01451
G1 X126 Y36 E2279.80966
G1 X109 Y36 E2280.37508
G1 X109.001 Y59.911 E2281.17037
G1 X110.299 Y67.028 E2281.41098
G1 X111.246 Y74.345 E2281.65638
G1 X111.81 Y81.625 E2281.89924
G1 X112 Y88.973 E2282.14371
G1 X112 Y146.027 E2284.04134
G1 X111.812 Y153.324 E2284.28412
G1 X111.245 Y160.664 E2284.52897
G1 X110.299 Y167.972 E2284.77407
G1 X109 Y175.093 E2285.01482
G1 X109 Y199 E2285.80997
G1 F2700 E2280.80997
G0 F9000 X109.161 Y175.108
G0 X111.083 Y160.663
G0 X111.65 Y153.341
G0 X111.839 Y146.01
G0 X111.839 Y88.99
G0 X111.669 Y82.393
G0 X111.145 Y74.354
G1 F2700 E2285.80997
G0 F9000 X110.847 Y74.376
G1 F1500 X109.906 Y67.105 E2286.05382
G1 X108.601 Y59.947 E2286.29582
G1 X108.6 Y35.6 E2287.10561
G1 X126.4 Y35.6 E2287.69764
G1 X126.399 Y59.943 E2288.50729
G1 X125.094 Y67.104 E2288.74939
G1 X124.156 Y74.346 E2288.99227
G1 X123.589 Y81.655 E2289.2361
G1 X123.4 Y88.983 E2289.47991
G1 X123.4 Y146.017 E2291.37687
G1 X123.589 Y153.343 E2291.62061
G1 X124.156 Y160.654 E2291.86451
G1 X125.094 Y167.894 E2292.10732
G1 X126.4 Y175.053 E2292.34936
G1 X126.4 Y199.4 E2293.15915
G1 X108.6 Y199.4 E2293.75118
G1 X108.6 Y175.057 E2294.56083
G1 X109.906 Y167.896 E2294.80293
G1 X110.844 Y160.654 E2295.04582
G1 X111.412 Y153.314 E2295.29067
G1 X111.6 Y146.017 E2295.53345
G1 X111.6 Y88.983 E2297.43041
G1 X111.411 Y81.656 E2297.67419
G1 X110.847 Y74.376 E2297.91705
G1 F2700 E2292.91705
G0 F9000 X111.145 Y74.354
G0 X111.439 Y88.995
G0 X111.439 Y146.005
G0 X111.251 Y153.321
G0 X110.685 Y160.622
G0 X109.744 Y167.886
G0 X109.2 Y170.721
G0 X108.47 Y199.53
G1 F2700 E2297.91705
G0 F9000 X108.2 Y199.8
;TYPE:WALL-OUTER
G1 F1500 X126.8 Y199.8 E2298.53569
G1 X126.8 Y175.017 E2299.35997
G1 X125.491 Y167.842 E2299.60255
G1 X124.552 Y160.592 E2299.84571
G1 X123.988 Y153.302 E2300.0889
G1 X123.8 Y146.007 E2300.33161
G1 X123.8 Y88.993 E2302.2279
G1 X123.988 Y81.686 E2302.47101
G1 X124.553 Y74.398 E2302.71414
G1 X125.493 Y67.146 E2302.95736
G1 X126.799 Y59.979 E2303.19966
G1 X126.8 Y35.2 E2304.02382
G1 X108.2 Y35.2 E2304.64245
G1 X108.201 Y59.983 E2305.46674
G1 X109.509 Y67.157 E2305.70928
G1 X110.448 Y74.407 E2305.95243
G1 X111.012 Y81.697 E2306.19562
G1 X111.2 Y88.993 E2306.43837
G1 X111.2 Y146.007 E2308.33466
G1 X111.012 Y153.304 E2308.57744
G1 X110.447 Y160.602 E2308.8209
G1 X109.507 Y167.854 E2309.06412
G1 X108.2 Y175.021 E2309.30643
G1 X108.2 Y199.8 E2310.13058
G0 F9000 X108.47 Y199.53
G0 X109.1 Y198.64
G0 X109.36 Y198.64
;TYPE:SKIN
G1 F1500 X125.64 Y198.64 E2310.67206
G1 X125.64 Y175.858 E2311.42979
G1 X125.64 Y175.122 E2311.45427
G1 X124.341 Y168.004 E2311.69492
G1 X123.401 Y160.741 E2311.93851
G1 X122.831 Y153.391 E2312.1837
G1 X122.64 Y146.04 E2312.42828
G1 X122.64 Y88.961 E2314.32674
G1 X122.828 Y81.657 E2314.56975
G1 X123.402 Y74.247 E2314.81694
G1 X124.343 Y66.983 E2315.06056
G1 X125.639 Y59.872 E2315.30097
G1 X125.639 Y36.361 E2316.08295
G1 X109.361 Y36.361 E2316.62436
G1 X109.361 Y59.879 E2317.40657
G1 X110.659 Y66.995 E2317.64716
G1 X111.599 Y74.258 E2317.89074
G1 X112.169 Y81.606 E2318.13587
G1 X112.36 Y88.961 E2318.38058
G1 X112.36 Y146.04 E2320.27904
G1 X112.172 Y153.343 E2320.52202
G1 X111.598 Y160.752 E2320.76918
G1 X110.657 Y168.017 E2321.01283
G1 X109.36 Y175.128 E2321.25325
G1 X109.36 Y198.64 E2322.03526
G0 F9000 X109.559 Y198.372
G1 F1500 X109.626 Y198.438 E2322.03839
G0 F9000 X110.191 Y198.438
G1 F1500 X109.559 Y197.806 E2322.06811
G0 F9000 X109.559 Y197.241
G1 F1500 X110.757 Y198.438 E2322.12444
G0 F9000 X111.323 Y198.438
G1 F1500 X109.559 Y196.675 E2322.20739
G0 F9000 X109.559 Y196.109
G1 F1500 X111.889 Y198.438 E2322.31696
G0 F9000 X112.454 Y198.438
G1 F1500 X109.559 Y195.544 E2322.45311
G0 F9000 X109.559 Y194.978
G1 F1500 X113.02 Y198.438 E2322.61588
G0 F9000 X113.586 Y198.438
G1 F1500 X109.559 Y194.412 E2322.80528
G0 F9000 X109.559 Y193.846
G1 F1500 X114.151 Y198.438 E2323.02127
G0 F9000 X114.717 Y198.438
G1 F1500 X109.559 Y193.281 E2323.26386
G0 F9000 X109.559 Y192.715
G1 F1500 X115.283 Y198.438 E2323.53308
G0 F9000 X115.848 Y198.438
G1 F1500 X109.559 Y192.149 E2323.82889
G0 F9000 X109.559 Y191.584
G1 F1500 X116.414 Y198.438 E2324.15131
G0 F9000 X116.98 Y198.438
G1 F1500 X109.559 Y191.018 E2324.50035
G0 F9000 X109.559 Y190.452
G1 F1500 X117.545 Y198.438 E2324.87598
G0 F9000 X118.111 Y198.438
G1 F1500 X109.559 Y189.887 E2325.27822
G0 F9000 X109.559 Y189.321
G1 F1500 X118.677 Y198.438 E2325.70708
G0 F9000 X119.242 Y198.438
G1 F1500 X109.559 Y188.755 E2326.16254
G0 F9000 X109.559 Y188.19
G1 F1500 X119.808 Y198.438 E2326.6446
G0 F9000 X120.374 Y198.438
G1 F1500 X109.559 Y187.624 E2327.15328
G0 F9000 X109.559 Y187.058
G1 F1500 X120.94 Y198.438 E2327.68858
G0 F9000 X121.505 Y198.438
G1 F1500 X109.559 Y186.493 E2328.25046
G0 F9000 X109.559 Y185.927
G1 F1500 X122.071 Y198.438 E2328.83896
G0 F9000 X122.637 Y198.438
G1 F1500 X109.559 Y185.361 E2329.45409
G0 F9000 X109.559 Y184.795
G1 F1500 X123.202 Y198.438 E2330.09581
G0 F9000 X123.768 Y198.438
G1 F1500 X109.559 Y184.23 E2330.76414
G0 F9000 X109.559 Y183.664
G1 F1500 X124.334 Y198.438 E2331.45908
G0 F9000 X124.899 Y198.438
G1 F1500 X109.559 Y183.098 E2332.18063
G0 F9000 X109.559 Y182.533
G1 F1500 X125.44 Y198.413 E2332.9276
G0 F9000 X125.44 Y197.847
G1 F1500 X109.559 Y181.967 E2333.67457
G0 F9000 X109.559 Y181.401
G1 F1500 X125.44 Y197.282 E2334.42157
G0 F9000 X125.44 Y196.716
G1 F1500 X109.559 Y180.836 E2335.16854
G0 F9000 X109.559 Y180.27
G1 F1500 X125.44 Y196.15 E2335.91551
G0 F9000 X125.44 Y195.585
G1 F1500 X109.559 Y179.704 E2336.6625
G0 F9000 X109.559 Y179.139
G1 F1500 X125.44 Y195.019 E2337.40947
G0 F9000 X125.44 Y194.453
G1 F1500 X109.559 Y178.573 E2338.15644
G0 F9000 X109.559 Y178.007
G1 F1500 X125.44 Y193.887 E2338.90341
G0 F9000 X125.44 Y193.322
G1 F1500 X109.559 Y177.442 E2339.65038
G0 F9000 X109.559 Y176.876
G1 F1500 X125.44 Y192.756 E2340.39735
G0 F9000 X125.44 Y192.19
G1 F1500 X109.559 Y176.31 E2341.14432
G0 F9000 X109.559 Y175.745
G1 F1500 X125.44 Y191.625 E2341.89129
G0 F9000 X125.44 Y191.059
G1 F1500 X109.559 Y175.179 E2342.63826
G0 F9000 X109.641 Y174.695
G1 F1500 X125.44 Y190.493 E2343.38137
G0 F9000 X125.44 Y189.928
G1 F1500 X109.728 Y174.216 E2344.12042
G0 F9000 X109.815 Y173.738
G1 F1500 X125.44 Y189.362 E2344.85534
G0 F9000 X125.44 Y188.796
G1 F1500 X109.903 Y173.26 E2345.58613
G0 F9000 X109.99 Y172.781
G1 F1500 X125.44 Y188.231 E2346.31285
G0 F9000 X125.44 Y187.665
G1 F1500 X110.078 Y172.303 E2347.03544
G0 F9000 X110.165 Y171.824
G1 F1500 X125.44 Y187.099 E2347.75393
G0 F9000 X125.44 Y186.534
G1 F1500 X110.252 Y171.346 E2348.46832
G0 F9000 X110.339 Y170.868
G1 F1500 X125.44 Y185.968 E2349.1786
G0 F9000 X125.44 Y185.402
G1 F1500 X110.426 Y170.389 E2349.88479
G0 F9000 X110.514 Y169.911
G1 F1500 X125.44 Y184.837 E2350.58687
G0 F9000 X125.44 Y184.271
G1 F1500 X110.601 Y169.432 E2351.28485
G0 F9000 X110.689 Y168.954
G1 F1500 X125.44 Y183.705 E2351.97869
G0 F9000 X125.44 Y183.139
G1 F1500 X110.776 Y168.475 E2352.66844
G0 F9000 X110.861 Y167.995
G1 F1500 X125.44 Y182.574 E2353.35419
G0 F9000 X125.44 Y182.008
G1 F1500 X110.926 Y167.495 E2354.03686
G0 F9000 X110.991 Y166.993
G1 F1500 X125.44 Y181.442 E2354.7165
G0 F9000 X125.44 Y180.877
G1 F1500 X111.056 Y166.493 E2355.39308
G0 F9000 X111.12 Y165.991
G1 F1500 X125.44 Y180.311 E2356.06665
G0 F9000 X125.44 Y179.745
G1 F1500 X111.185 Y165.491 E2356.73713
G0 F9000 X111.25 Y164.99
G1 F1500 X125.44 Y179.18 E2357.40459
G0 F9000 X125.44 Y178.614
G1 F1500 X111.314 Y164.489 E2358.06901
G0 F9000 X111.379 Y163.988
G1 F1500 X125.44 Y178.048 E2358.73037
G0 F9000 X125.44 Y177.483
G1 F1500 X111.444 Y163.487 E2359.3887
G0 F9000 X111.509 Y162.986
G1 F1500 X125.44 Y176.917 E2360.04397
G0 F9000 X125.44 Y176.351
G1 F1500 X111.573 Y162.485 E2360.69621
G0 F9000 X111.638 Y161.984
G1 F1500 X125.44 Y175.786 E2361.34541
G0 F9000 X125.44 Y175.22
G1 F1500 X111.703 Y161.484 E2361.99153
G0 F9000 X111.768 Y160.982
G1 F1500 X125.331 Y174.546 E2362.62952
G0 F9000 X125.205 Y173.854
G1 F1500 X111.819 Y160.468 E2363.25916
G0 F9000 X111.86 Y159.943
G1 F1500 X125.079 Y173.162 E2363.88094
G0 F9000 X124.953 Y172.471
G1 F1500 X111.901 Y159.418 E2364.49489
G0 F9000 X111.941 Y158.893
G1 F1500 X124.826 Y171.778 E2365.10096
G0 F9000 X124.7 Y171.086
G1 F1500 X111.982 Y158.368 E2365.69917
G0 F9000 X112.022 Y157.843
G1 F1500 X124.574 Y170.395 E2366.28958
G0 F9000 X124.447 Y169.702
G1 F1500 X112.063 Y157.318 E2366.87209
G0 F9000 X112.104 Y156.793
G1 F1500 X124.322 Y169.011 E2367.44678
G0 F9000 X124.195 Y168.318
G1 F1500 X112.145 Y156.268 E2368.01358
G0 F9000 X112.185 Y155.743
G1 F1500 X124.095 Y167.652 E2368.57377
G0 F9000 X124.01 Y167.003
G1 F1500 X112.226 Y155.218 E2369.12807
G0 F9000 X112.266 Y154.693
G1 F1500 X123.926 Y166.353 E2369.67652
G0 F9000 X123.841 Y165.702
G1 F1500 X112.307 Y154.168 E2370.21905
G0 F9000 X112.347 Y153.642
G1 F1500 X123.757 Y165.052 E2370.75574
G0 F9000 X123.673 Y164.403
G1 F1500 X112.377 Y153.107 E2371.28707
G0 F9000 X112.391 Y152.555
G1 F1500 X123.589 Y163.753 E2371.81379
G0 F9000 X123.505 Y163.103
G1 F1500 X112.405 Y152.003 E2372.3359
G0 F9000 X112.42 Y151.452
G1 F1500 X123.421 Y162.453 E2372.85335
G0 F9000 X123.337 Y161.803
G1 F1500 X112.434 Y150.9 E2373.36619
G0 F9000 X112.448 Y150.349
G1 F1500 X123.252 Y161.153 E2373.87438
G0 F9000 X123.183 Y160.518
G1 F1500 X112.463 Y149.798 E2374.37862
G0 F9000 X112.477 Y149.246
G1 F1500 X123.136 Y159.905 E2374.87998
G0 F9000 X123.088 Y159.292
G1 F1500 X112.491 Y148.695 E2375.37843
G0 F9000 X112.505 Y148.143
G1 F1500 X123.04 Y158.679 E2375.87399
G0 F9000 X122.993 Y158.065
G1 F1500 X112.519 Y147.592 E2376.36663
G0 F9000 X112.533 Y147.04
G1 F1500 X122.946 Y157.452 E2376.85641
G0 F9000 X122.897 Y156.839
G1 F1500 X112.548 Y146.489 E2377.34321
G0 F9000 X112.559 Y145.934
G1 F1500 X122.85 Y156.226 E2377.82729
G0 F9000 X122.803 Y155.612
G1 F1500 X112.559 Y145.369 E2378.30912
G0 F9000 X112.559 Y144.803
G1 F1500 X122.755 Y154.999 E2378.78871
G0 F9000 X122.707 Y154.386
G1 F1500 X112.559 Y144.237 E2379.26606
G0 F9000 X112.559 Y143.672
G1 F1500 X122.66 Y153.773 E2379.74118
G0 F9000 X122.626 Y153.173
G1 F1500 X112.559 Y143.106 E2380.2147
G0 F9000 X112.559 Y142.54
G1 F1500 X122.61 Y152.592 E2380.68749
G0 F9000 X122.596 Y152.011
G1 F1500 X112.559 Y141.975 E2381.15958
G0 F9000 X112.559 Y141.409
G1 F1500 X122.58 Y151.43 E2381.63094
G0 F9000 X122.565 Y150.849
G1 F1500 X112.559 Y140.843 E2382.10159
G0 F9000 X112.559 Y140.277
G1 F1500 X122.55 Y150.268 E2382.57153
G0 F9000 X122.535 Y149.688
G1 F1500 X112.559 Y139.712 E2383.04077
G0 F9000 X112.559 Y139.146
G1 F1500 X122.52 Y149.107 E2383.50931
G0 F9000 X122.504 Y148.526
G1 F1500 X112.559 Y138.58 E2383.97712
G0 F9000 X112.559 Y138.015
G1 F1500 X122.489 Y147.945 E2384.44419
G0 F9000 X122.474 Y147.364
G1 F1500 X112.559 Y137.449 E2384.91056
G0 F9000 X112.559 Y136.883
G1 F1500 X122.459 Y146.784 E2385.37625
G0 F9000 X122.444 Y146.202
G1 F1500 X112.559 Y136.318 E2385.84119
G0 F9000 X112.559 Y135.752
G1 F1500 X122.439 Y145.632 E2386.30591
G0 F9000 X122.439 Y145.067
G1 F1500 X112.559 Y135.186 E2386.77066
G0 F9000 X112.559 Y134.621
G1 F1500 X122.439 Y144.501 E2387.23539
G0 F9000 X122.439 Y143.935
G1 F1500 X112.559 Y134.055 E2387.70011
G0 F9000 X112.559 Y133.489
G1 F1500 X122.439 Y143.37 E2388.16486
G0 F9000 X122.439 Y142.804
G1 F1500 X112.559 Y132.924 E2388.62959
G0 F9000 X112.559 Y132.358
G1 F1500 X122.439 Y142.238 E2389.09431
G0 F9000 X122.439 Y141.673
G1 F1500 X112.559 Y131.792 E2389.55906
G0 F9000 X112.559 Y131.226
G1 F1500 X122.439 Y141.107 E2390.02381
G0 F9000 X122.439 Y140.541
G1 F1500 X112.559 Y130.661 E2390.48853
G0 F9000 X112.559 Y130.095
G1 F1500 X122.439 Y139.976 E2390.95328
G0 F9000 X122.439 Y139.41
G1 F1500 X112.559 Y129.529 E2391.41803
G0 F9000 X112.559 Y128.964
G1 F1500 X122.439 Y138.844 E2391.88275
G0 F9000 X122.439 Y138.278
G1 F1500 X112.559 Y128.398 E2392.34748
G0 F9000 X112.559 Y127.832
G1 F1500 X122.439 Y137.713 E2392.81223
G0 F9000 X122.439 Y137.147
G1 F1500 X112.559 Y127.267 E2393.27695
G0 F9000 X112.559 Y126.701
G1 F1500 X122.439 Y136.581 E2393.74168
G0 F9000 X122.439 Y136.016
G1 F1500 X112.559 Y126.135 E2394.20643
G0 F9000 X112.559 Y125.57
G1 F1500 X122.439 Y135.45 E2394.67115
G0 F9000 X122.439 Y134.884
G1 F1500 X112.559 Y125.004 E2395.13588
G0 F9000 X112.559 Y124.438
G1 F1500 X122.439 Y134.319 E2395.60062
G0 F9000 X122.439 Y133.753
G1 F1500 X112.559 Y123.873 E2396.06535
G0 F9000 X112.559 Y123.307
G1 F1500 X122.439 Y133.187 E2396.53007
G0 F9000 X122.439 Y132.622
G1 F1500 X112.559 Y122.741 E2396.99482
G0 F9000 X112.559 Y122.176
G1 F1500 X122.439 Y132.056 E2397.45955
G0 F9000 X122.439 Y131.49
G1 F1500 X112.559 Y121.61 E2397.92427
G0 F9000 X112.559 Y121.044
G1 F1500 X122.439 Y130.925 E2398.38902
G0 F9000 X122.439 Y130.359
G1 F1500 X112.559 Y120.478 E2398.85377
G0 F9000 X112.559 Y119.913
G1 F1500 X122.439 Y129.793 E2399.31849
G0 F9000 X122.439 Y129.228
G1 F1500 X112.559 Y119.347 E2399.78324
G0 F9000 X112.559 Y118.781
G1 F1500 X122.439 Y128.662 E2400.24799
G0 F9000 X122.439 Y128.096
G1 F1500 X112.559 Y118.216 E2400.71272
G0 F9000 X112.559 Y117.65
G1 F1500 X122.439 Y127.53 E2401.17744
G0 F9000 X122.439 Y126.965
G1 F1500 X112.559 Y117.084 E2401.64219
G0 F9000 X112.559 Y116.519
G1 F1500 X122.439 Y126.399 E2402.10691
G0 F9000 X122.439 Y125.833
G1 F1500 X112.559 Y115.953 E2402.57164
G0 F9000 X112.559 Y115.387
G1 F1500 X122.439 Y125.268 E2403.03639
G0 F9000 X122.439 Y124.702
G1 F1500 X112.559 Y114.822 E2403.50111
G0 F9000 X112.559 Y114.256
G1 F1500 X122.439 Y124.136 E2403.96584
G0 F9000 X122.439 Y123.571
G1 F1500 X112.559 Y113.69 E2404.43059
G0 F9000 X112.559 Y113.125
G1 F1500 X122.439 Y123.005 E2404.89531
G0 F9000 X122.439 Y122.439
G1 F1500 X112.559 Y112.559 E2405.36004
G0 F9000 X112.559 Y111.993
G1 F1500 X122.439 Y121.874 E2405.82478
G0 F9000 X122.439 Y121.308
G1 F1500 X112.559 Y111.428 E2406.28951
G0 F9000 X112.559 Y110.862
G1 F1500 X122.439 Y120.742 E2406.75423
G0 F9000 X122.439 Y120.177
G1 F1500 X112.559 Y110.296 E2407.21898
G0 F9000 X112.559 Y109.73
G1 F1500 X122.439 Y119.611 E2407.68373
G0 F9000 X122.439 Y119.045
G1 F1500 X112.559 Y109.165 E2408.14846
G0 F9000 X112.559 Y108.599
G1 F1500 X122.439 Y118.479 E2408.61318
G0 F9000 X122.439 Y117.914
G1 F1500 X112.559 Y108.033 E2409.07793
G0 F9000 X112.559 Y107.468
G1 F1500 X122.439 Y117.348 E2409.54265
G0 F9000 X122.439 Y116.782
G1 F1500 X112.559 Y106.902 E2410.00738
G0 F9000 X112.559 Y106.336
G1 F1500 X122.439 Y116.217 E2410.47213
G0 F9000 X122.439 Y115.651
G1 F1500 X112.559 Y105.771 E2410.93685
G0 F9000 X112.559 Y105.205
G1 F1500 X122.439 Y115.085 E2411.40158
G0 F9000 X122.439 Y114.52
G1 F1500 X112.559 Y104.639 E2411.86632
G0 F9000 X112.559 Y104.074
G1 F1500 X122.439 Y113.954 E2412.33105
G0 F9000 X122.439 Y113.388
G1 F1500 X112.559 Y103.508 E2412.79577
G0 F9000 X112.559 Y102.942
G1 F1500 X122.439 Y112.823 E2413.26052
G0 F9000 X122.439 Y112.257
G1 F1500 X112.559 Y102.377 E2413.72525
G0 F9000 X112.559 Y101.811
G1 F1500 X122.439 Y111.691 E2414.18997
G0 F9000 X122.439 Y111.126
G1 F1500 X112.559 Y101.245 E2414.65472
G0 F9000 X112.559 Y100.679
G1 F1500 X122.439 Y110.56 E2415.11947
G0 F9000 X122.439 Y109.994
G1 F1500 X112.559 Y100.114 E2415.58419
G0 F9000 X112.559 Y99.548
G1 F1500 X122.439 Y109.429 E2416.04894
G0 F9000 X122.439 Y108.863
G1 F1500 X112.559 Y98.982 E2416.51369
G0 F9000 X112.559 Y98.417
G1 F1500 X122.439 Y108.297 E2416.97842
G0 F9000 X122.439 Y107.731
G1 F1500 X112.559 Y97.851 E2417.44314
G0 F9000 X112.559 Y97.285
G1 F1500 X122.439 Y107.166 E2417.90789
G0 F9000 X122.439 Y106.6
G1 F1500 X112.559 Y96.72 E2418.37261
G0 F9000 X112.559 Y96.154
G1 F1500 X122.439 Y106.034 E2418.83734
G0 F9000 X122.439 Y105.469
G1 F1500 X112.559 Y95.588 E2419.30209
G0 F9000 X112.559 Y95.023
G1 F1500 X122.439 Y104.903 E2419.76681
G0 F9000 X122.439 Y104.337
G1 F1500 X112.559 Y94.457 E2420.23154
G0 F9000 X112.559 Y93.891
G1 F1500 X122.439 Y103.772 E2420.69629
G0 F9000 X122.439 Y103.206
G1 F1500 X112.559 Y93.326 E2421.16101
G0 F9000 X112.559 Y92.76
G1 F1500 X122.439 Y102.64 E2421.62574
G0 F9000 X122.439 Y102.075
G1 F1500 X112.559 Y92.194 E2422.09048
G0 F9000 X112.559 Y91.629
G1 F1500 X122.439 Y101.509 E2422.55521
G0 F9000 X122.439 Y100.943
G1 F1500 X112.559 Y91.063 E2423.01993
G0 F9000 X112.559 Y90.497
G1 F1500 X122.439 Y100.378 E2423.48468
G0 F9000 X122.439 Y99.812
G1 F1500 X112.559 Y89.931 E2423.94943
G0 F9000 X112.559 Y89.366
G1 F1500 X122.439 Y99.246 E2424.41416
G0 F9000 X122.439 Y98.68
G1 F1500 X112.555 Y88.796 E2424.87907
G0 F9000 X112.539 Y88.215
G1 F1500 X122.439 Y98.115 E2425.34473
G0 F9000 X122.439 Y97.549
G1 F1500 X112.524 Y87.634 E2425.81111
G0 F9000 X112.509 Y87.053
G1 F1500 X122.439 Y96.983 E2426.27818
G0 F9000 X122.439 Y96.418
G1 F1500 X112.494 Y86.472 E2426.74599
G0 F9000 X112.479 Y85.892
G1 F1500 X122.439 Y95.852 E2427.21448
G0 F9000 X122.439 Y95.286
G1 F1500 X112.463 Y85.311 E2427.68369
G0 F9000 X112.449 Y84.73
G1 F1500 X122.439 Y94.721 E2428.15362
G0 F9000 X122.439 Y94.155
G1 F1500 X112.433 Y84.149 E2428.62427
G0 F9000 X112.418 Y83.568
G1 F1500 X122.439 Y93.589 E2429.09562
G0 F9000 X122.439 Y93.024
G1 F1500 X112.403 Y82.987 E2429.56771
G0 F9000 X112.388 Y82.406
G1 F1500 X122.439 Y92.458 E2430.0405
G0 F9000 X122.439 Y91.892
G1 F1500 X112.373 Y81.826 E2430.51398
G0 F9000 X112.339 Y81.226
G1 F1500 X122.439 Y91.327 E2430.98907
G0 F9000 X122.439 Y90.761
G1 F1500 X112.291 Y80.613 E2431.4664
G0 F9000 X112.244 Y79.999
G1 F1500 X122.439 Y90.195 E2431.94597
G0 F9000 X122.439 Y89.63
G1 F1500 X112.196 Y79.386 E2432.42779
G0 F9000 X112.148 Y78.773
G1 F1500 X122.439 Y89.064 E2432.91185
G0 F9000 X122.451 Y88.509
G1 F1500 X112.101 Y78.16 E2433.39866
G0 F9000 X112.053 Y77.546
G1 F1500 X122.465 Y87.958 E2433.88841
G0 F9000 X122.479 Y87.406
G1 F1500 X112.005 Y76.933 E2434.38105
G0 F9000 X111.958 Y76.32
G1 F1500 X122.493 Y86.855 E2434.87658
G0 F9000 X122.507 Y86.303
G1 F1500 X111.91 Y75.707 E2435.37501
G0 F9000 X111.862 Y75.093
G1 F1500 X122.521 Y85.752 E2435.87637
G0 F9000 X122.535 Y85.2
G1 F1500 X111.815 Y74.48 E2436.38061
G0 F9000 X111.746 Y73.845
G1 F1500 X122.55 Y84.649 E2436.8888
G0 F9000 X122.564 Y84.098
G1 F1500 X111.662 Y73.196 E2437.40159
G0 F9000 X111.578 Y72.546
G1 F1500 X122.579 Y83.546 E2437.91902
G0 F9000 X122.593 Y82.995
G1 F1500 X111.494 Y71.896 E2438.44109
G0 F9000 X111.409 Y71.245
G1 F1500 X122.607 Y82.443 E2438.96781
G0 F9000 X122.621 Y81.892
G1 F1500 X111.325 Y70.596 E2439.49914
G0 F9000 X111.241 Y69.946
G1 F1500 X122.651 Y81.356 E2440.03583
G0 F9000 X122.691 Y80.83
G1 F1500 X111.157 Y69.296 E2440.57835
G0 F9000 X111.073 Y68.646
G1 F1500 X122.732 Y80.306 E2441.12678
G0 F9000 X122.772 Y79.78
G1 F1500 X110.988 Y67.996 E2441.68106
G0 F9000 X110.904 Y67.346
G1 F1500 X122.813 Y79.256 E2442.24125
G0 F9000 X122.854 Y78.73
G1 F1500 X110.803 Y66.68 E2442.80807
G0 F9000 X110.677 Y65.988
G1 F1500 X122.895 Y78.206 E2443.38276
G0 F9000 X122.935 Y77.68
G1 F1500 X110.551 Y65.297 E2443.96525
G0 F9000 X110.425 Y64.604
G1 F1500 X122.976 Y77.155 E2444.55561
G0 F9000 X123.016 Y76.63
G1 F1500 X110.299 Y63.913 E2445.15378
G0 F9000 X110.172 Y63.221
G1 F1500 X123.057 Y76.105 E2445.75982
G0 F9000 X123.098 Y75.58
G1 F1500 X110.047 Y62.529 E2446.3737
G0 F9000 X109.92 Y61.837
G1 F1500 X123.139 Y75.055 E2446.99546
G0 F9000 X123.179 Y74.53
G1 F1500 X109.794 Y61.145 E2447.62505
G0 F9000 X109.668 Y60.454
G1 F1500 X123.231 Y74.016 E2448.26299
G0 F9000 X123.296 Y73.515
G1 F1500 X109.559 Y59.779 E2448.90911
G0 F9000 X109.559 Y59.213
G1 F1500 X123.36 Y73.014 E2449.55827
G0 F9000 X123.425 Y72.513
G1 F1500 X109.559 Y58.648 E2450.21046
G0 F9000 X109.559 Y58.082
G1 F1500 X123.49 Y72.013 E2450.86573
G0 F9000 X123.554 Y71.511
G1 F1500 X109.559 Y57.516 E2451.52401
G0 F9000 X109.559 Y56.951
G1 F1500 X123.619 Y71.011 E2452.18535
G0 F9000 X123.684 Y70.509
G1 F1500 X109.559 Y56.385 E2452.84972
G0 F9000 X109.559 Y55.819
G1 F1500 X123.749 Y70.009 E2453.51718
G0 F9000 X123.814 Y69.508
G1 F1500 X109.559 Y55.254 E2454.18767
G0 F9000 X109.559 Y54.688
G1 F1500 X123.878 Y69.007 E2454.86119
G0 F9000 X123.943 Y68.506
G1 F1500 X109.559 Y54.122 E2455.53777
G0 F9000 X109.559 Y53.556
G1 F1500 X124.008 Y68.005 E2456.2174
G0 F9000 X124.073 Y67.504
G1 F1500 X109.559 Y52.991 E2456.90007
G0 F9000 X109.559 Y52.425
G1 F1500 X124.138 Y67.004 E2457.58582
G0 F9000 X124.223 Y66.523
G1 F1500 X109.559 Y51.859 E2458.27557
G0 F9000 X109.559 Y51.294
G1 F1500 X124.31 Y66.045 E2458.96942
G0 F9000 X124.397 Y65.566
G1 F1500 X109.559 Y50.728 E2459.66735
G0 F9000 X109.559 Y50.162
G1 F1500 X124.485 Y65.088 E2460.36942
G0 F9000 X124.572 Y64.609
G1 F1500 X109.559 Y49.597 E2461.07557
G0 F9000 X109.559 Y49.031
G1 F1500 X124.659 Y64.131 E2461.78582
G0 F9000 X124.746 Y63.652
G1 F1500 X109.559 Y48.465 E2462.50017
G0 F9000 X109.559 Y47.9
G1 F1500 X124.834 Y63.174 E2463.21864
G0 F9000 X124.921 Y62.695
G1 F1500 X109.559 Y47.334 E2463.9412
G0 F9000 X109.559 Y46.768
G1 F1500 X125.007 Y62.216 E2464.66782
G0 F9000 X125.094 Y61.738
G1 F1500 X109.559 Y46.203 E2465.39854
G0 F9000 X109.559 Y45.637
G1 F1500 X125.181 Y61.259 E2466.13335
G0 F9000 X125.269 Y60.781
G1 F1500 X109.559 Y45.071 E2466.8723
G0 F9000 X109.559 Y44.506
G1 F1500 X125.356 Y60.302 E2467.61532
G0 F9000 X125.438 Y59.819
G1 F1500 X109.559 Y43.94 E2468.36222
G0 F9000 X109.559 Y43.374
G1 F1500 X125.438 Y59.253 E2469.10912
G0 F9000 X125.438 Y58.687
G1 F1500 X109.559 Y42.808 E2469.85602
G0 F9000 X109.559 Y42.243
G1 F1500 X125.438 Y58.122 E2470.60292
G0 F9000 X125.438 Y57.556
G1 F1500 X109.559 Y41.677 E2471.34982
G0 F9000 X109.559 Y41.111
G1 F1500 X125.438 Y56.99 E2472.09672
G0 F9000 X125.438 Y56.424
G1 F1500 X109.559 Y40.546 E2472.8436
G0 F9000 X109.559 Y39.98
G1 F1500 X125.438 Y55.859 E2473.59049
G0 F9000 X125.438 Y55.293
G1 F1500 X109.559 Y39.414 E2474.33739
G0 F9000 X109.559 Y38.849
G1 F1500 X125.438 Y54.727 E2475.08427
G0 F9000 X125.438 Y54.162
G1 F1500 X109.559 Y38.283 E2475.83117
G0 F9000 X109.559 Y37.717
G1 F1500 X125.438 Y53.596 E2476.57807
G0 F9000 X125.438 Y53.03
G1 F1500 X109.559 Y37.152 E2477.32494
G0 F9000 X109.559 Y36.586
G1 F1500 X125.438 Y52.465 E2478.07184
G0 F9000 X125.438 Y51.899
G1 F1500 X110.1 Y36.56 E2478.79332
G0 F9000 X110.665 Y36.56
G1 F1500 X125.438 Y51.333 E2479.4882
G0 F9000 X125.438 Y50.768
G1 F1500 X111.231 Y36.56 E2480.15647
G0 F9000 X111.797 Y36.56
G1 F1500 X125.438 Y50.202 E2480.79813
G0 F9000 X125.438 Y49.636
G1 F1500 X112.362 Y36.56 E2481.41318
G0 F9000 X112.928 Y36.56
G1 F1500 X125.438 Y49.071 E2482.00164
G0 F9000 X125.438 Y48.505
G1 F1500 X113.494 Y36.56 E2482.56347
G0 F9000 X114.059 Y36.56
G1 F1500 X125.438 Y47.939 E2483.09871
G0 F9000 X125.438 Y47.374
G1 F1500 X114.625 Y36.56 E2483.60734
G0 F9000 X115.191 Y36.56
G1 F1500 X125.438 Y46.808 E2484.08935
G0 F9000 X125.438 Y46.242
G1 F1500 X115.756 Y36.56 E2484.54476
G0 F9000 X116.322 Y36.56
G1 F1500 X125.438 Y45.676 E2484.97355
G0 F9000 X125.438 Y45.111
G1 F1500 X116.888 Y36.56 E2485.37574
G0 F9000 X117.453 Y36.56
G1 F1500 X125.438 Y44.545 E2485.75133
G0 F9000 X125.438 Y43.979
G1 F1500 X118.019 Y36.56 E2486.1003
G0 F9000 X118.585 Y36.56
G1 F1500 X125.438 Y43.414 E2486.42266
G0 F9000 X125.438 Y42.848
G1 F1500 X119.151 Y36.56 E2486.71841
G0 F9000 X119.716 Y36.56
G1 F1500 X125.438 Y42.282 E2486.98755
G0 F9000 X125.438 Y41.717
G1 F1500 X120.282 Y36.56 E2487.2301
G0 F9000 X120.848 Y36.56
G1 F1500 X125.438 Y41.151 E2487.44602
G0 F9000 X125.438 Y40.585
G1 F1500 X121.413 Y36.56 E2487.63535
G0 F9000 X121.979 Y36.56
G1 F1500 X125.438 Y40.02 E2487.79807
G0 F9000 X125.438 Y39.454
G1 F1500 X122.545 Y36.56 E2487.93417
G0 F9000 X123.11 Y36.56
G1 F1500 X125.438 Y38.888 E2488.04367
G0 F9000 X125.438 Y38.323
G1 F1500 X123.676 Y36.56 E2488.12658
G0 F9000 X124.242 Y36.56
G1 F1500 X125.438 Y37.757 E2488.18286
G0 F9000 X125.438 Y37.191
G1 F1500 X124.807 Y36.56 E2488.21254
G0 F9000 X125.373 Y36.56
G1 F1500 X125.438 Y36.626 E2488.21562
G1 F2700 E2483.21562
;MESH:NONMESH
G0 F300 X125.438 Y36.626 Z6.4
G0 F9000 X125.9 Y36.626
G0 X125.838 Y59.892
G0 X123.917 Y74.337
G0 X123.35 Y81.659
G0 X123.161 Y88.99
G0 X123.161 Y146.01
G0 X123.35 Y153.341
G0 X123.809 Y159.271
G0 X124.701 Y167.971
;TIME_ELAPSED:9122.757560
;LAYER:31
;TYPE:WALL-INNER
;MESH:D638-22 Tensile.STL
G1 F2700 E2488.21562
G1 F1500 X126 Y175.089 E2488.45627
G1 X126 Y175.858 E2488.48185
G1 X126 Y199 E2489.25156
G1 X109 Y199 E2489.81698
G1 X109 Y175.093 E2490.61213
G1 X110.299 Y167.972 E2490.85288
G1 X111.245 Y160.664 E2491.09798
G1 X111.812 Y153.324 E2491.34283
G1 X112 Y146.027 E2491.58561
G1 X112 Y88.973 E2493.48324
G1 X111.81 Y81.625 E2493.72771
G1 X111.246 Y74.345 E2493.97057
G1 X110.299 Y67.028 E2494.21597
G1 X109.001 Y59.911 E2494.45658
G1 X109 Y36 E2495.25187
G1 X126 Y36 E2495.81729
G1 X125.999 Y59.907 E2496.61244
G1 X124.701 Y67.027 E2496.85315
G1 X123.754 Y74.346 E2497.09861
G1 X123.19 Y81.624 E2497.34141
G1 X123 Y88.973 E2497.58592
G1 X123 Y146.027 E2499.48354
G1 X123.188 Y153.323 E2499.72629
G1 X123.754 Y160.654 E2499.97084
G1 X124.701 Y167.971 E2500.21624
G1 F2700 E2495.21624
G0 F9000 X125.839 Y175.105
G0 X125.828 Y198.828
G0 X108.87 Y199.13
G1 F2700 E2500.21624
G0 F9000 X108.6 Y199.4
G1 F1500 X126.4 Y199.4 E2500.80827
G1 X126.4 Y175.858 E2501.59128
G1 X126.4 Y175.053 E2501.61805
G1 X125.094 Y167.894 E2501.86009
G1 X124.156 Y160.654 E2502.10291
G1 X123.589 Y153.343 E2502.3468
G1 X123.4 Y146.017 E2502.59055
G1 X123.4 Y88.983 E2504.48751
G1 X123.589 Y81.655 E2504.73132
G1 X124.156 Y74.346 E2504.97515
G1 X125.094 Y67.104 E2505.21803
G1 X126.399 Y59.943 E2505.46013
G1 X126.4 Y35.6 E2506.26978
G1 X108.6 Y35.6 E2506.86181
G1 X108.601 Y59.947 E2507.67159
G1 X109.906 Y67.105 E2507.91359
G1 X110.847 Y74.376 E2508.15744
G1 X111.411 Y81.656 E2508.4003
G1 X111.6 Y88.983 E2508.64408
G1 X111.6 Y146.017 E2510.54104
G1 X111.411 Y153.345 E2510.78485
G1 X110.844 Y160.654 E2511.02868
G1 X109.906 Y167.896 E2511.27156
G1 X108.6 Y175.057 E2511.51367
G1 X108.6 Y199.4 E2512.32332
G1 F2700 E2507.32332
G0 F9000 X108.87 Y199.13
G0 X125.828 Y198.828
G0 X125.839 Y175.105
G0 X124.797 Y167.931
G1 F2700 E2512.32332
G0 F9000 X125.491 Y167.842
;TYPE:WALL-OUTER
G1 F1500 X126.8 Y175.017 E2512.5659
G1 X126.8 Y175.858 E2512.59387
G1 X126.8 Y199.8 E2513.39019
G1 X108.2 Y199.8 E2514.00882
G1 X108.2 Y175.021 E2514.83298
G1 X109.507 Y167.854 E2515.07528
G1 X110.447 Y160.602 E2515.3185
G1 X111.012 Y153.314 E2515.56163
G1 X111.2 Y146.007 E2515.80474
G1 X111.2 Y88.993 E2517.70104
G1 X111.012 Y81.697 E2517.94378
G1 X110.448 Y74.407 E2518.18697
G1 X109.509 Y67.157 E2518.43012
G1 X108.201 Y59.983 E2518.67267
G1 X108.2 Y35.2 E2519.49695
G1 X126.8 Y35.2 E2520.11559
G1 X126.799 Y59.979 E2520.93974
G1 X125.493 Y67.146 E2521.18204
G1 X124.553 Y74.398 E2521.42526
G1 X123.988 Y81.686 E2521.66839
G1 X123.8 Y88.993 E2521.9115
G1 X123.8 Y146.007 E2523.8078
G1 X123.988 Y153.302 E2524.05051
G1 X124.552 Y160.592 E2524.2937
G1 X125.491 Y167.842 E2524.53685
G0 F9000 X124.797 Y167.931
G0 X124.341 Y168.004
;TYPE:SKIN
G1 F1500 X125.64 Y175.122 E2524.77751
G1 X125.64 Y175.858 E2524.80199
G1 X125.64 Y198.64 E2525.55972
G1 X109.36 Y198.64 E2526.10119
G1 X109.36 Y175.128 E2526.88321
G1 X110.657 Y168.017 E2527.12362
G1 X111.598 Y160.752 E2527.36727
G1 X112.172 Y153.343 E2527.61444
G1 X112.36 Y146.04 E2527.85742
G1 X112.36 Y88.961 E2529.75587
G1 X112.169 Y81.606 E2530.00058
G1 X111.599 Y74.258 E2530.24571
G1 X110.659 Y66.995 E2530.48929
G1 X109.361 Y59.879 E2530.72988
G1 X109.361 Y36.361 E2531.51209
G1 X125.639 Y36.361 E2532.0535
G1 X125.639 Y59.872 E2532.83548
G1 X124.343 Y66.983 E2533.07589
G1 X123.402 Y74.247 E2533.31951
G1 X122.828 Y81.657 E2533.5667
G1 X122.64 Y88.961 E2533.80972
G1 X122.64 Y146.04 E2535.70817
G1 X122.831 Y153.391 E2535.95275
G1 X123.401 Y160.741 E2536.19795
G1 X124.341 Y168.004 E2536.44153
G1 F2700 E2531.44153
G0 F9000 X124.597 Y167.957
G0 X125.839 Y175.105
G0 X125.9 Y198.132
G1 F2700 E2536.44153
G0 F9000 X125.44 Y198.132
G1 F1500 X125.133 Y198.438 E2536.45595
G0 F9000 X124.567 Y198.438
G1 F1500 X125.44 Y197.566 E2536.49698
G0 F9000 X125.44 Y197
G1 F1500 X124.001 Y198.438 E2536.56465
G0 F9000 X123.436 Y198.438
G1 F1500 X125.44 Y196.434 E2536.65891
G0 F9000 X125.44 Y195.869
G1 F1500 X122.87 Y198.438 E2536.77977
G0 F9000 X122.304 Y198.438
G1 F1500 X125.44 Y195.303 E2536.92726
G0 F9000 X125.44 Y194.737
G1 F1500 X121.739 Y198.438 E2537.10134
G0 F9000 X121.173 Y198.438
G1 F1500 X125.44 Y194.172 E2537.30202
G0 F9000 X125.44 Y193.606
G1 F1500 X120.607 Y198.438 E2537.52933
G0 F9000 X120.041 Y198.438
G1 F1500 X125.44 Y193.04 E2537.78326
G0 F9000 X125.44 Y192.475
G1 F1500 X119.476 Y198.438 E2538.06376
G0 F9000 X118.91 Y198.438
G1 F1500 X125.44 Y191.909 E2538.37089
G0 F9000 X125.44 Y191.343
G1 F1500 X118.344 Y198.438 E2538.70464
G0 F9000 X117.779 Y198.438
G1 F1500 X125.44 Y190.778 E2539.06497
G0 F9000 X125.44 Y190.212
G1 F1500 X117.213 Y198.438 E2539.45192
G0 F9000 X116.647 Y198.438
G1 F1500 X125.44 Y189.646 E2539.86549
G0 F9000 X125.44 Y189.081
G1 F1500 X116.082 Y198.438 E2540.30564
G0 F9000 X115.516 Y198.438
G1 F1500 X125.44 Y188.515 E2540.77241
G0 F9000 X125.44 Y187.949
G1 F1500 X114.95 Y198.438 E2541.2658
G0 F9000 X114.385 Y198.438
G1 F1500 X125.44 Y187.384 E2541.78577
G0 F9000 X125.44 Y186.818
G1 F1500 X113.819 Y198.438 E2542.33236
G0 F9000 X113.253 Y198.438
G1 F1500 X125.44 Y186.252 E2542.90558
G0 F9000 X125.44 Y185.686
G1 F1500 X112.688 Y198.438 E2543.50539
G0 F9000 X112.122 Y198.438
G1 F1500 X125.44 Y185.121 E2544.13181
G0 F9000 X125.44 Y184.555
G1 F1500 X111.556 Y198.438 E2544.78485
G0 F9000 X110.991 Y198.438
G1 F1500 X125.44 Y183.989 E2545.46448
G0 F9000 X125.44 Y183.424
G1 F1500 X110.425 Y198.438 E2546.17072
G0 F9000 X109.859 Y198.438
G1 F1500 X125.44 Y182.858 E2546.90358
G0 F9000 X125.44 Y182.292
G1 F1500 X109.559 Y198.173 E2547.65057
G0 F9000 X109.559 Y197.607
G1 F1500 X125.44 Y181.727 E2548.39754
G0 F9000 X125.44 Y181.161
G1 F1500 X109.559 Y197.041 E2549.14451
G0 F9000 X109.559 Y196.475
G1 F1500 X125.44 Y180.595 E2549.89148
G0 F9000 X125.44 Y180.03
G1 F1500 X109.559 Y195.91 E2550.63845
G0 F9000 X109.559 Y195.344
G1 F1500 X125.44 Y179.464 E2551.38542
G0 F9000 X125.44 Y178.898
G1 F1500 X109.559 Y194.778 E2552.13239
G0 F9000 X109.559 Y194.213
G1 F1500 X125.44 Y178.333 E2552.87936
G0 F9000 X125.44 Y177.767
G1 F1500 X109.559 Y193.647 E2553.62633
G0 F9000 X109.559 Y193.081
G1 F1500 X125.44 Y177.201 E2554.3733
G0 F9000 X125.44 Y176.635
G1 F1500 X109.559 Y192.516 E2555.12029
G0 F9000 X109.559 Y191.95
G1 F1500 X125.44 Y176.07 E2555.86726
G0 F9000 X125.44 Y175.504
G1 F1500 X109.559 Y191.384 E2556.61423
G0 F9000 X109.559 Y190.819
G1 F1500 X125.408 Y174.97 E2557.35972
G0 F9000 X125.321 Y174.492
G1 F1500 X109.559 Y190.253 E2558.1011
G0 F9000 X109.559 Y189.687
G1 F1500 X125.234 Y174.013 E2558.83838
G0 F9000 X125.146 Y173.535
G1 F1500 X109.559 Y189.122 E2559.57154
G0 F9000 X109.559 Y188.556
G1 F1500 X125.059 Y173.056 E2560.30061
G0 F9000 X124.971 Y172.578
G1 F1500 X109.559 Y187.99 E2561.02555
G0 F9000 X109.559 Y187.425
G1 F1500 X124.884 Y172.099 E2561.74641
G0 F9000 X124.797 Y171.621
G1 F1500 X109.559 Y186.859 E2562.46316
G0 F9000 X109.559 Y186.293
G1 F1500 X124.71 Y171.143 E2563.17579
G0 F9000 X124.623 Y170.664
G1 F1500 X109.559 Y185.727 E2563.88433
G0 F9000 X109.559 Y185.162
G1 F1500 X124.535 Y170.186 E2564.58876
G0 F9000 X124.448 Y169.707
G1 F1500 X109.559 Y184.596 E2565.28909
G0 F9000 X109.559 Y184.03
G1 F1500 X124.36 Y169.229 E2565.98529
G0 F9000 X124.274 Y168.751
G1 F1500 X109.559 Y183.465 E2566.67741
G0 F9000 X109.559 Y182.899
G1 F1500 X124.186 Y168.273 E2567.3654
G0 F9000 X124.111 Y167.782
G1 F1500 X109.559 Y182.333 E2568.04985
G0 F9000 X109.559 Y181.768
G1 F1500 X124.046 Y167.281 E2568.73128
G0 F9000 X123.981 Y166.781
G1 F1500 X109.559 Y181.202 E2569.40962
G0 F9000 X109.559 Y180.636
G1 F1500 X123.916 Y166.28 E2570.08491
G0 F9000 X123.851 Y165.779
G1 F1500 X109.559 Y180.071 E2570.75716
G0 F9000 X109.559 Y179.505
G1 F1500 X123.786 Y165.278 E2571.42635
G0 F9000 X123.721 Y164.777
G1 F1500 X109.559 Y178.939 E2572.09249
G0 F9000 X109.559 Y178.374
G1 F1500 X123.656 Y164.277 E2572.75557
G0 F9000 X123.591 Y163.776
G1 F1500 X109.559 Y177.808 E2573.41559
G0 F9000 X109.559 Y177.242
G1 F1500 X123.527 Y163.275 E2574.07258
G0 F9000 X123.462 Y162.774
G1 F1500 X109.559 Y176.676 E2574.72651
G0 F9000 X109.559 Y176.111
G1 F1500 X123.397 Y162.273 E2575.37741
G0 F9000 X123.332 Y161.773
G1 F1500 X109.559 Y175.545 E2576.02522
G0 F9000 X109.597 Y174.942
G1 F1500 X123.267 Y161.272 E2576.66822
G0 F9000 X123.202 Y160.771
G1 F1500 X109.723 Y174.25 E2577.30223
G0 F9000 X109.849 Y173.558
G1 F1500 X123.161 Y160.246 E2577.92839
G0 F9000 X123.121 Y159.721
G1 F1500 X109.975 Y172.867 E2578.54673
G0 F9000 X110.102 Y172.174
G1 F1500 X123.08 Y159.196 E2579.15718
G0 F9000 X123.039 Y158.671
G1 F1500 X110.228 Y171.483 E2579.75979
G0 F9000 X110.354 Y170.791
G1 F1500 X122.999 Y158.146 E2580.35457
G0 F9000 X122.958 Y157.621
G1 F1500 X110.48 Y170.099 E2580.9415
G0 F9000 X110.607 Y169.407
G1 F1500 X122.917 Y157.096 E2581.52055
G0 F9000 X122.876 Y156.571
G1 F1500 X110.732 Y168.715 E2582.09177
G0 F9000 X110.858 Y168.024
G1 F1500 X122.835 Y156.047 E2582.65513
G0 F9000 X122.795 Y155.521
G1 F1500 X110.942 Y167.374 E2583.21266
G0 F9000 X111.026 Y166.725
G1 F1500 X122.754 Y154.997 E2583.76431
G0 F9000 X122.713 Y154.472
G1 F1500 X111.11 Y166.075 E2584.31008
G0 F9000 X111.194 Y165.425
G1 F1500 X122.673 Y153.947 E2584.84999
G0 F9000 X122.632 Y153.422
G1 F1500 X111.278 Y164.775 E2585.38402
G0 F9000 X111.362 Y164.126
G1 F1500 X122.617 Y152.871 E2585.91342
G0 F9000 X122.603 Y152.319
G1 F1500 X111.446 Y163.476 E2586.43821
G0 F9000 X111.53 Y162.826
G1 F1500 X122.588 Y151.768 E2586.95835
G0 F9000 X122.574 Y151.217
G1 F1500 X111.614 Y162.177 E2587.47387
G0 F9000 X111.698 Y161.527
G1 F1500 X122.559 Y150.666 E2587.98474
G0 F9000 X122.545 Y150.114
G1 F1500 X111.782 Y160.878 E2588.49102
G0 F9000 X111.836 Y160.257
G1 F1500 X122.53 Y149.563 E2588.99404
G0 F9000 X122.516 Y149.012
G1 F1500 X111.884 Y159.644 E2589.49413
G0 F9000 X111.931 Y159.031
G1 F1500 X122.502 Y148.46 E2589.99136
G0 F9000 X122.487 Y147.909
G1 F1500 X111.978 Y158.418 E2590.48567
G0 F9000 X112.026 Y157.805
G1 F1500 X122.473 Y147.358 E2590.97707
G0 F9000 X122.459 Y146.806
G1 F1500 X112.074 Y157.191 E2591.46555
G0 F9000 X112.121 Y156.578
G1 F1500 X122.444 Y146.255 E2591.95111
G0 F9000 X122.439 Y145.695
G1 F1500 X112.169 Y155.965 E2592.43418
G0 F9000 X112.216 Y155.352
G1 F1500 X122.439 Y145.13 E2592.91501
G0 F9000 X122.439 Y144.564
G1 F1500 X112.263 Y154.739 E2593.39364
G0 F9000 X112.311 Y154.126
G1 F1500 X122.439 Y143.998 E2593.87003
G0 F9000 X122.439 Y143.433
G1 F1500 X112.358 Y153.513 E2594.34418
G0 F9000 X112.383 Y152.923
G1 F1500 X122.439 Y142.867 E2594.81719
G0 F9000 X122.439 Y142.301
G1 F1500 X112.398 Y152.342 E2595.28948
G0 F9000 X112.413 Y151.762
G1 F1500 X122.439 Y141.736 E2595.76108
G0 F9000 X122.439 Y141.17
G1 F1500 X112.427 Y151.181 E2596.23199
G0 F9000 X112.442 Y150.601
G1 F1500 X122.439 Y140.604 E2596.70221
G0 F9000 X122.439 Y140.038
G1 F1500 X112.457 Y150.02 E2597.17174
G0 F9000 X112.473 Y149.439
G1 F1500 X122.439 Y139.473 E2597.64051
G0 F9000 X122.439 Y138.907
G1 F1500 X112.487 Y148.858 E2598.1086
G0 F9000 X112.502 Y148.278
G1 F1500 X122.439 Y138.341 E2598.576
G0 F9000 X122.439 Y137.776
G1 F1500 X112.517 Y147.697 E2599.04268
G0 F9000 X112.532 Y147.117
G1 F1500 X122.439 Y137.21 E2599.50867
G0 F9000 X122.439 Y136.644
G1 F1500 X112.548 Y146.535 E2599.97392
G0 F9000 X112.56 Y145.958
G1 F1500 X122.439 Y136.079 E2600.43859
G0 F9000 X122.439 Y135.513
G1 F1500 X112.56 Y145.392 E2600.90327
G0 F9000 X112.56 Y144.826
G1 F1500 X122.439 Y134.947 E2601.36795
G0 F9000 X122.439 Y134.382
G1 F1500 X112.56 Y144.261 E2601.83263
G0 F9000 X112.56 Y143.695
G1 F1500 X122.439 Y133.816 E2602.2973
G0 F9000 X122.439 Y133.25
G1 F1500 X112.56 Y143.129 E2602.76198
G0 F9000 X112.56 Y142.564
G1 F1500 X122.439 Y132.685 E2603.22666
G0 F9000 X122.439 Y132.119
G1 F1500 X112.56 Y141.998 E2603.69134
G0 F9000 X112.56 Y141.432
G1 F1500 X122.439 Y131.553 E2604.15602
G0 F9000 X122.439 Y130.987
G1 F1500 X112.56 Y140.866 E2604.62069
G0 F9000 X112.56 Y140.301
G1 F1500 X122.439 Y130.422 E2605.08537
G0 F9000 X122.439 Y129.856
G1 F1500 X112.56 Y139.735 E2605.55005
G0 F9000 X112.56 Y139.169
G1 F1500 X122.439 Y129.29 E2606.01473
G0 F9000 X122.439 Y128.725
G1 F1500 X112.56 Y138.604 E2606.47941
G0 F9000 X112.56 Y138.038
G1 F1500 X122.439 Y128.159 E2606.94408
G0 F9000 X122.439 Y127.593
G1 F1500 X112.56 Y137.472 E2607.40876
G0 F9000 X112.56 Y136.907
G1 F1500 X122.439 Y127.028 E2607.87344
G0 F9000 X122.439 Y126.462
G1 F1500 X112.56 Y136.341 E2608.33812
G0 F9000 X112.56 Y135.775
G1 F1500 X122.439 Y125.896 E2608.80279
G0 F9000 X122.439 Y125.331
G1 F1500 X112.56 Y135.21 E2609.26747
G0 F9000 X112.56 Y134.644
G1 F1500 X122.439 Y124.765 E2609.73215
G0 F9000 X122.439 Y124.199
G1 F1500 X112.56 Y134.078 E2610.19683
G0 F9000 X112.56 Y133.513
G1 F1500 X122.439 Y123.634 E2610.66151
G0 F9000 X122.439 Y123.068
G1 F1500 X112.56 Y132.947 E2611.12618
G0 F9000 X112.56 Y132.381
G1 F1500 X122.439 Y122.502 E2611.59086
G0 F9000 X122.439 Y121.937
G1 F1500 X112.56 Y131.816 E2612.05554
G0 F9000 X112.56 Y131.25
G1 F1500 X122.439 Y121.371 E2612.52022
G0 F9000 X122.439 Y120.805
G1 F1500 X112.56 Y130.684 E2612.9849
G0 F9000 X112.56 Y130.118
G1 F1500 X122.439 Y120.239 E2613.44957
G0 F9000 X122.439 Y119.674
G1 F1500 X112.56 Y129.553 E2613.91425
G0 F9000 X112.56 Y128.987
G1 F1500 X122.439 Y119.108 E2614.37893
G0 F9000 X122.439 Y118.542
G1 F1500 X112.56 Y128.421 E2614.84361
G0 F9000 X112.56 Y127.856
G1 F1500 X122.439 Y117.977 E2615.30829
G0 F9000 X122.439 Y117.411
G1 F1500 X112.56 Y127.29 E2615.77296
G0 F9000 X112.56 Y126.724
G1 F1500 X122.439 Y116.845 E2616.23764
G0 F9000 X122.439 Y116.28
G1 F1500 X112.56 Y126.159 E2616.70232
G0 F9000 X112.56 Y125.593
G1 F1500 X122.439 Y115.714 E2617.167
G0 F9000 X122.439 Y115.148
G1 F1500 X112.56 Y125.027 E2617.63167
G0 F9000 X112.56 Y124.462
G1 F1500 X122.439 Y114.583 E2618.09635
G0 F9000 X122.439 Y114.017
G1 F1500 X112.56 Y123.896 E2618.56103
G0 F9000 X112.56 Y123.33
G1 F1500 X122.439 Y113.451 E2619.02571
G0 F9000 X122.439 Y112.886
G1 F1500 X112.56 Y122.765 E2619.49039
G0 F9000 X112.56 Y122.199
G1 F1500 X122.439 Y112.32 E2619.95506
G0 F9000 X122.439 Y111.754
G1 F1500 X112.56 Y121.633 E2620.41974
G0 F9000 X112.56 Y121.067
G1 F1500 X122.439 Y111.189 E2620.8844
G0 F9000 X122.439 Y110.623
G1 F1500 X112.56 Y120.502 E2621.34907
G0 F9000 X112.56 Y119.936
G1 F1500 X122.439 Y110.057 E2621.81375
G0 F9000 X122.439 Y109.491
G1 F1500 X112.56 Y119.37 E2622.27843
G0 F9000 X112.56 Y118.805
G1 F1500 X122.439 Y108.926 E2622.74311
G0 F9000 X122.439 Y108.36
G1 F1500 X112.56 Y118.239 E2623.20779
G0 F9000 X112.56 Y117.673
G1 F1500 X122.439 Y107.794 E2623.67246
G0 F9000 X122.439 Y107.229
G1 F1500 X112.56 Y117.108 E2624.13714
G0 F9000 X112.56 Y116.542
G1 F1500 X122.439 Y106.663 E2624.60182
G0 F9000 X122.439 Y106.097
G1 F1500 X112.56 Y115.976 E2625.0665
G0 F9000 X112.56 Y115.411
G1 F1500 X122.439 Y105.532 E2625.53117
G0 F9000 X122.439 Y104.966
G1 F1500 X112.56 Y114.845 E2625.99585
G0 F9000 X112.56 Y114.279
G1 F1500 X122.439 Y104.4 E2626.46053
G0 F9000 X122.439 Y103.835
G1 F1500 X112.56 Y113.714 E2626.92521
G0 F9000 X112.56 Y113.148
G1 F1500 X122.439 Y103.269 E2627.38989
G0 F9000 X122.439 Y102.703
G1 F1500 X112.56 Y112.582 E2627.85456
G0 F9000 X112.56 Y112.017
G1 F1500 X122.439 Y102.138 E2628.31924
G0 F9000 X122.439 Y101.572
G1 F1500 X112.56 Y111.451 E2628.78392
G0 F9000 X112.56 Y110.885
G1 F1500 X122.439 Y101.006 E2629.2486
G0 F9000 X122.439 Y100.44
G1 F1500 X112.56 Y110.319 E2629.71328
G0 F9000 X112.56 Y109.754
G1 F1500 X122.439 Y99.875 E2630.17795
G0 F9000 X122.439 Y99.309
G1 F1500 X112.56 Y109.188 E2630.64263
G0 F9000 X112.56 Y108.622
G1 F1500 X122.439 Y98.743 E2631.10731
G0 F9000 X122.439 Y98.178
G1 F1500 X112.56 Y108.057 E2631.57199
G0 F9000 X112.56 Y107.491
G1 F1500 X122.439 Y97.612 E2632.03666
G0 F9000 X122.439 Y97.046
G1 F1500 X112.56 Y106.925 E2632.50134
G0 F9000 X112.56 Y106.36
G1 F1500 X122.439 Y96.481 E2632.96602
G0 F9000 X122.439 Y95.915
G1 F1500 X112.56 Y105.794 E2633.4307
G0 F9000 X112.56 Y105.228
G1 F1500 X122.439 Y95.349 E2633.89538
G0 F9000 X122.439 Y94.784
G1 F1500 X112.56 Y104.663 E2634.36005
G0 F9000 X112.56 Y104.097
G1 F1500 X122.439 Y94.218 E2634.82473
G0 F9000 X122.439 Y93.652
G1 F1500 X112.56 Y103.531 E2635.28941
G0 F9000 X112.56 Y102.966
G1 F1500 X122.439 Y93.087 E2635.75409
G0 F9000 X122.439 Y92.521
G1 F1500 X112.56 Y102.4 E2636.21877
G0 F9000 X112.56 Y101.834
G1 F1500 X122.439 Y91.955 E2636.68344
G0 F9000 X122.439 Y91.39
G1 F1500 X112.56 Y101.269 E2637.14812
G0 F9000 X112.56 Y100.703
G1 F1500 X122.439 Y90.824 E2637.6128
G0 F9000 X122.439 Y90.258
G1 F1500 X112.56 Y100.137 E2638.07748
G0 F9000 X112.56 Y99.571
G1 F1500 X122.439 Y89.692 E2638.54216
G0 F9000 X122.439 Y89.127
G1 F1500 X112.56 Y99.006 E2639.00683
G0 F9000 X112.56 Y98.44
G1 F1500 X122.448 Y88.551 E2639.47196
G0 F9000 X122.463 Y87.971
G1 F1500 X112.56 Y97.874 E2639.93776
G0 F9000 X112.56 Y97.309
G1 F1500 X122.479 Y87.389 E2640.40435
G0 F9000 X122.494 Y86.809
G1 F1500 X112.56 Y96.743 E2640.87161
G0 F9000 X112.56 Y96.177
G1 F1500 X122.509 Y86.228 E2641.33958
G0 F9000 X122.523 Y85.648
G1 F1500 X112.56 Y95.612 E2641.80824
G0 F9000 X112.56 Y95.046
G1 F1500 X122.538 Y85.067 E2642.27759
G0 F9000 X122.553 Y84.487
G1 F1500 X112.56 Y94.48 E2642.74763
G0 F9000 X112.56 Y93.915
G1 F1500 X122.569 Y83.905 E2643.21845
G0 F9000 X122.584 Y83.325
G1 F1500 X112.56 Y93.349 E2643.68995
G0 F9000 X112.56 Y92.783
G1 F1500 X122.598 Y82.744 E2644.16213
G0 F9000 X122.613 Y82.164
G1 F1500 X112.56 Y92.218 E2644.63501
G0 F9000 X112.56 Y91.652
G1 F1500 X122.633 Y81.578 E2645.10884
G0 F9000 X122.68 Y80.965
G1 F1500 X112.56 Y91.086 E2645.58488
G0 F9000 X112.56 Y90.52
G1 F1500 X122.728 Y80.352 E2646.06315
G0 F9000 X122.775 Y79.739
G1 F1500 X112.56 Y89.955 E2646.54365
G0 F9000 X112.56 Y89.389
G1 F1500 X122.823 Y79.126 E2647.0264
G0 F9000 X122.87 Y78.513
G1 F1500 X112.556 Y88.827 E2647.51153
G0 F9000 X112.541 Y88.276
G1 F1500 X122.917 Y77.9 E2647.99959
G0 F9000 X122.965 Y77.287
G1 F1500 X112.527 Y87.725 E2648.49056
G0 F9000 X112.513 Y87.173
G1 F1500 X123.012 Y76.674 E2648.9844
G0 F9000 X123.06 Y76.06
G1 F1500 X112.498 Y86.622 E2649.48121
G0 F9000 X112.484 Y86.071
G1 F1500 X123.107 Y75.447 E2649.9809
G0 F9000 X123.155 Y74.834
G1 F1500 X112.47 Y85.519 E2650.48349
G0 F9000 X112.455 Y84.968
G1 F1500 X123.204 Y74.22 E2650.98907
G0 F9000 X123.288 Y73.57
G1 F1500 X112.441 Y84.417 E2651.49928
G0 F9000 X112.427 Y83.865
G1 F1500 X123.371 Y72.921 E2652.01405
G0 F9000 X123.455 Y72.271
G1 F1500 X112.412 Y83.314 E2652.53348
G0 F9000 X112.398 Y82.763
G1 F1500 X123.54 Y71.621 E2653.05756
G0 F9000 X123.624 Y70.971
G1 F1500 X112.384 Y82.211 E2653.58626
G0 F9000 X112.369 Y81.66
G1 F1500 X123.708 Y70.321 E2654.11961
G0 F9000 X123.792 Y69.671
G1 F1500 X112.332 Y81.132 E2654.65868
G0 F9000 X112.292 Y80.606
G1 F1500 X123.876 Y69.022 E2655.20355
G0 F9000 X123.96 Y68.372
G1 F1500 X112.251 Y80.081 E2655.75431
G0 F9000 X112.21 Y79.557
G1 F1500 X124.044 Y67.723 E2656.31094
G0 F9000 X124.128 Y67.073
G1 F1500 X112.169 Y79.031 E2656.87344
G0 F9000 X112.128 Y78.507
G1 F1500 X124.247 Y66.388 E2657.44348
G0 F9000 X124.373 Y65.696
G1 F1500 X112.088 Y77.981 E2658.02133
G0 F9000 X112.047 Y77.457
G1 F1500 X124.499 Y65.005 E2658.60703
G0 F9000 X124.625 Y64.313
G1 F1500 X112.006 Y76.932 E2659.20059
G0 F9000 X111.966 Y76.407
G1 F1500 X124.751 Y63.621 E2659.80198
G0 F9000 X124.877 Y62.93
G1 F1500 X111.925 Y75.882 E2660.4112
G0 F9000 X111.884 Y75.357
G1 F1500 X125.003 Y62.238 E2661.02828
G0 F9000 X125.129 Y61.546
G1 F1500 X111.843 Y74.832 E2661.65321
G0 F9000 X111.802 Y74.307
G1 F1500 X125.255 Y60.855 E2662.28598
G0 F9000 X125.381 Y60.163
G1 F1500 X111.741 Y73.802 E2662.92754
G0 F9000 X111.676 Y73.302
G1 F1500 X125.437 Y59.541 E2663.57481
G0 F9000 X125.437 Y58.975
G1 F1500 X111.611 Y72.801 E2664.22514
G0 F9000 X111.547 Y72.3
G1 F1500 X125.437 Y58.409 E2664.87851
G0 F9000 X125.437 Y57.844
G1 F1500 X111.482 Y71.799 E2665.53491
G0 F9000 X111.417 Y71.298
G1 F1500 X125.437 Y57.278 E2666.19437
G0 F9000 X125.437 Y56.712
G1 F1500 X111.352 Y70.798 E2666.85691
G0 F9000 X111.287 Y70.297
G1 F1500 X125.437 Y56.147 E2667.52248
G0 F9000 X125.437 Y55.581
G1 F1500 X111.222 Y69.796 E2668.19111
G0 F9000 X111.157 Y69.295
G1 F1500 X125.437 Y55.015 E2668.8628
G0 F9000 X125.437 Y54.45
G1 F1500 X111.092 Y68.795 E2669.53754
G0 F9000 X111.027 Y68.294
G1 F1500 X125.437 Y53.884 E2670.21534
G0 F9000 X125.437 Y53.318
G1 F1500 X110.962 Y67.793 E2670.8962
G0 F9000 X110.898 Y67.292
G1 F1500 X125.437 Y52.752 E2671.5801
G0 F9000 X125.437 Y52.187
G1 F1500 X110.826 Y66.798 E2672.26735
G0 F9000 X110.739 Y66.32
G1 F1500 X125.437 Y51.621 E2672.95873
G0 F9000 X125.437 Y51.055
G1 F1500 X110.651 Y65.842 E2673.65424
G0 F9000 X110.564 Y65.363
G1 F1500 X125.437 Y50.49 E2674.35382
G0 F9000 X125.437 Y49.924
G1 F1500 X110.476 Y64.885 E2675.05754
G0 F9000 X110.389 Y64.406
G1 F1500 X125.437 Y49.358 E2675.76535
G0 F9000 X125.437 Y48.793
G1 F1500 X110.303 Y63.928 E2676.47723
G0 F9000 X110.215 Y63.45
G1 F1500 X125.437 Y48.227 E2677.19325
G0 F9000 X125.437 Y47.661
G1 F1500 X110.128 Y62.971 E2677.91336
G0 F9000 X110.04 Y62.493
G1 F1500 X125.437 Y47.096 E2678.63759
G0 F9000 X125.437 Y46.53
G1 F1500 X109.953 Y62.014 E2679.36591
G0 F9000 X109.866 Y61.535
G1 F1500 X125.437 Y45.964 E2680.09832
G0 F9000 X125.437 Y45.399
G1 F1500 X109.779 Y61.057 E2680.83483
G0 F9000 X109.692 Y60.579
G1 F1500 X125.437 Y44.833 E2681.57545
G0 F9000 X125.437 Y44.267
G1 F1500 X109.605 Y60.1 E2682.32016
G0 F9000 X109.56 Y59.579
G1 F1500 X125.437 Y43.702 E2683.06696
G0 F9000 X125.437 Y43.136
G1 F1500 X109.56 Y59.013 E2683.81377
G0 F9000 X109.56 Y58.448
G1 F1500 X125.437 Y42.57 E2684.5606
G0 F9000 X125.437 Y42.004
G1 F1500 X109.56 Y57.882 E2685.30743
G0 F9000 X109.56 Y57.316
G1 F1500 X125.437 Y41.439 E2686.05423
G0 F9000 X125.437 Y40.873
G1 F1500 X109.56 Y56.75 E2686.80104
G0 F9000 X109.56 Y56.185
G1 F1500 X125.437 Y40.307 E2687.54787
G0 F9000 X125.437 Y39.742
G1 F1500 X109.56 Y55.619 E2688.29467
G0 F9000 X109.56 Y55.053
G1 F1500 X125.437 Y39.176 E2689.04148
G0 F9000 X125.437 Y38.61
G1 F1500 X109.56 Y54.488 E2689.78831
G0 F9000 X109.56 Y53.922
G1 F1500 X125.437 Y38.045 E2690.53511
G0 F9000 X125.437 Y37.479
G1 F1500 X109.56 Y53.356 E2691.28192
G0 F9000 X109.56 Y52.791
G1 F1500 X125.437 Y36.913 E2692.02875
G0 F9000 X125.225 Y36.56
G1 F1500 X109.56 Y52.225 E2692.76558
G0 F9000 X109.56 Y51.659
G1 F1500 X124.659 Y36.56 E2693.47579
G0 F9000 X124.093 Y36.56
G1 F1500 X109.56 Y51.094 E2694.1594
G0 F9000 X109.56 Y50.528
G1 F1500 X123.528 Y36.56 E2694.81641
G0 F9000 X122.962 Y36.56
G1 F1500 X109.56 Y49.962 E2695.4468
G0 F9000 X109.56 Y49.397
G1 F1500 X122.396 Y36.56 E2696.05059
G0 F9000 X121.83 Y36.56
G1 F1500 X109.56 Y48.831 E2696.62776
G0 F9000 X109.56 Y48.265
G1 F1500 X121.265 Y36.56 E2697.17833
G0 F9000 X120.699 Y36.56
G1 F1500 X109.56 Y47.7 E2697.70229
G0 F9000 X109.56 Y47.134
G1 F1500 X120.133 Y36.56 E2698.19964
G0 F9000 X119.568 Y36.56
G1 F1500 X109.56 Y46.568 E2698.67039
G0 F9000 X109.56 Y46.002
G1 F1500 X119.002 Y36.56 E2699.11451
G0 F9000 X118.436 Y36.56
G1 F1500 X109.56 Y45.437 E2699.53203
G0 F9000 X109.56 Y44.871
G1 F1500 X117.871 Y36.56 E2699.92296
G0 F9000 X117.305 Y36.56
G1 F1500 X109.56 Y44.305 E2700.28726
G0 F9000 X109.56 Y43.74
G1 F1500 X116.739 Y36.56 E2700.62496
G0 F9000 X116.174 Y36.56
G1 F1500 X109.56 Y43.174 E2700.93606
G0 F9000 X109.56 Y42.608
G1 F1500 X115.608 Y36.56 E2701.22054
G0 F9000 X115.042 Y36.56
G1 F1500 X109.56 Y42.043 E2701.47842
G0 F9000 X109.56 Y41.477
G1 F1500 X114.477 Y36.56 E2701.7097
G0 F9000 X113.911 Y36.56
G1 F1500 X109.56 Y40.911 E2701.91436
G0 F9000 X109.56 Y40.346
G1 F1500 X113.345 Y36.56 E2702.09242
G0 F9000 X112.779 Y36.56
G1 F1500 X109.56 Y39.78 E2702.24385
G0 F9000 X109.56 Y39.214
G1 F1500 X112.214 Y36.56 E2702.36869
G0 F9000 X111.648 Y36.56
G1 F1500 X109.56 Y38.649 E2702.46692
G0 F9000 X109.56 Y38.083
G1 F1500 X111.082 Y36.56 E2702.53854
G0 F9000 X110.517 Y36.56
G1 F1500 X109.56 Y37.517 E2702.58355
G0 F9000 X109.56 Y36.951
G1 F1500 X109.951 Y36.56 E2702.60194
G1 F2700 E2697.60194
;MESH:NONMESH
G0 F300 X109.951 Y36.56 Z6.6
G0 F9000 X109.951 Y36.1
G0 X109.172 Y36.172
G0 X109.162 Y59.896
G0 X111.083 Y74.337
G0 X111.65 Y81.659
G0 X111.839 Y88.99
G0 X111.839 Y146.01
G0 X111.65 Y153.341
G0 X111.083 Y160.663
G0 X110.14 Y167.947
G0 X109.149 Y173.192
G0 X109 Y199
;TIME_ELAPSED:9411.906295
;LAYER:32
;TYPE:WALL-INNER
;MESH:D638-22 Tensile.STL
G1 F2700 E2702.60194
G1 F1500 X126 Y199 E2703.16737
G1 X126 Y175.858 E2703.93707
G1 X126 Y175.089 E2703.96265
G1 X124.701 Y167.971 E2704.2033
G1 X123.754 Y160.654 E2704.4487
G1 X123.188 Y153.323 E2704.69325
G1 X123 Y146.027 E2704.936
G1 X123 Y88.973 E2706.83362
G1 X123.19 Y81.624 E2707.07814
G1 X123.754 Y74.346 E2707.32093
G1 X124.701 Y67.027 E2707.56639
G1 X125.999 Y59.907 E2707.8071
G1 X126 Y36 E2708.60225
G1 X109 Y36 E2709.16768
G1 X109.001 Y59.911 E2709.96296
G1 X110.299 Y67.028 E2710.20358
G1 X111.246 Y74.345 E2710.44897
G1 X111.81 Y81.625 E2710.69183
G1 X112 Y88.973 E2710.93631
G1 X112 Y146.027 E2712.83393
G1 X111.812 Y153.324 E2713.07671
G1 X111.245 Y160.664 E2713.32157
G1 X110.299 Y167.972 E2713.56666
G1 X109 Y175.093 E2713.80741
G1 X109 Y199 E2714.60256
G1 F2700 E2709.60256
G0 F9000 X125.828 Y198.828
G0 X125.839 Y175.105
G0 X124.797 Y167.931
G1 F2700 E2714.60256
G0 F9000 X125.094 Y167.894
G1 F1500 X126.4 Y175.053 E2714.8446
G1 X126.4 Y175.858 E2714.87138
G1 X126.4 Y199.4 E2715.65439
G1 X108.6 Y199.4 E2716.24642
G1 X108.6 Y175.057 E2717.05607
G1 X109.906 Y167.896 E2717.29817
G1 X110.844 Y160.654 E2717.54106
G1 X111.411 Y153.345 E2717.78488
G1 X111.6 Y146.017 E2718.0287
G1 X111.6 Y88.983 E2719.92565
G1 X111.411 Y81.656 E2720.16943
G1 X110.847 Y74.376 E2720.41229
G1 X109.906 Y67.105 E2720.65614
G1 X108.601 Y59.947 E2720.89814
G1 X108.6 Y35.6 E2721.70793
G1 X126.4 Y35.6 E2722.29996
G1 X126.399 Y59.943 E2723.10961
G1 X125.094 Y67.104 E2723.35171
G1 X124.156 Y74.346 E2723.59459
G1 X123.589 Y81.655 E2723.83842
G1 X123.4 Y88.983 E2724.08223
G1 X123.4 Y146.017 E2725.97919
G1 X123.589 Y153.343 E2726.22293
G1 X124.156 Y160.654 E2726.46683
G1 X125.094 Y167.894 E2726.70964
G1 F2700 E2721.70964
G0 F9000 X124.797 Y167.931
G0 X126.198 Y175.072
G0 X126.082 Y199.082
G0 X108.47 Y199.53
G1 F2700 E2726.70964
G0 F9000 X108.2 Y199.8
;TYPE:WALL-OUTER
G1 F1500 X126.8 Y199.8 E2727.32828
G1 X126.8 Y175.858 E2728.1246
G1 X126.8 Y175.017 E2728.15257
G1 X125.491 Y167.842 E2728.39515
G1 X124.552 Y160.592 E2728.6383
G1 X123.988 Y153.302 E2728.88149
G1 X123.8 Y146.007 E2729.1242
G1 X123.8 Y88.993 E2731.0205
G1 X123.988 Y81.686 E2731.26361
G1 X124.553 Y74.398 E2731.50674
G1 X125.493 Y67.146 E2731.74996
G1 X126.799 Y59.979 E2731.99226
G1 X126.8 Y35.2 E2732.81641
G1 X108.2 Y35.2 E2733.43505
G1 X108.201 Y59.983 E2734.25933
G1 X109.509 Y67.157 E2734.50188
G1 X110.448 Y74.407 E2734.74503
G1 X111.012 Y81.697 E2734.98822
G1 X111.2 Y88.993 E2735.23096
G1 X111.2 Y146.007 E2737.12726
G1 X111.012 Y153.314 E2737.37037
G1 X110.447 Y160.602 E2737.6135
G1 X109.507 Y167.854 E2737.85672
G1 X108.2 Y175.021 E2738.09902
G1 X108.2 Y199.8 E2738.92318
G0 F9000 X108.47 Y199.53
G0 X109.1 Y198.64
G0 X109.36 Y198.64
;TYPE:SKIN
G1 F1500 X125.64 Y198.64 E2739.46465
G1 X125.64 Y175.858 E2740.22238
G1 X125.64 Y175.122 E2740.24686
G1 X124.341 Y168.004 E2740.48752
G1 X123.401 Y160.741 E2740.7311
G1 X122.831 Y153.391 E2740.9763
G1 X122.64 Y146.04 E2741.22088
G1 X122.64 Y88.961 E2743.11933
G1 X122.828 Y81.657 E2743.36234
G1 X123.402 Y74.247 E2743.60954
G1 X124.343 Y66.983 E2743.85316
G1 X125.639 Y59.872 E2744.09357
G1 X125.639 Y36.361 E2744.87555
G1 X109.361 Y36.361 E2745.41696
G1 X109.361 Y59.879 E2746.19917
G1 X110.659 Y66.995 E2746.43975
G1 X111.599 Y74.258 E2746.68334
G1 X112.169 Y81.606 E2746.92847
G1 X112.36 Y88.961 E2747.17318
G1 X112.36 Y146.04 E2749.07163
G1 X112.172 Y153.343 E2749.31461
G1 X111.598 Y160.752 E2749.56177
G1 X110.657 Y168.017 E2749.80543
G1 X109.36 Y175.128 E2750.04584
G1 X109.36 Y198.64 E2750.82785
G0 F9000 X109.559 Y198.372
G1 F1500 X109.626 Y198.438 E2750.83098
G0 F9000 X110.191 Y198.438
G1 F1500 X109.559 Y197.806 E2750.86071
G0 F9000 X109.559 Y197.241
G1 F1500 X110.757 Y198.438 E2750.91704
G0 F9000 X111.323 Y198.438
G1 F1500 X109.559 Y196.675 E2750.99999
G0 F9000 X109.559 Y196.109
G1 F1500 X111.889 Y198.438 E2751.10956
G0 F9000 X112.454 Y198.438
G1 F1500 X109.559 Y195.544 E2751.24571
G0 F9000 X109.559 Y194.978
G1 F1500 X113.02 Y198.438 E2751.40848
G0 F9000 X113.586 Y198.438
G1 F1500 X109.559 Y194.412 E2751.59787
G0 F9000 X109.559 Y193.846
G1 F1500 X114.151 Y198.438 E2751.81387
G0 F9000 X114.717 Y198.438
G1 F1500 X109.559 Y193.281 E2752.05646
G0 F9000 X109.559 Y192.715
G1 F1500 X115.283 Y198.438 E2752.32567
G0 F9000 X115.848 Y198.438
G1 F1500 X109.559 Y192.149 E2752.62149
G0 F9000 X109.559 Y191.584
G1 F1500 X116.414 Y198.438 E2752.9439
G0 F9000 X116.98 Y198.438
G1 F1500 X109.559 Y191.018 E2753.29294
G0 F9000 X109.559 Y190.452
G1 F1500 X117.545 Y198.438 E2753.66858
G0 F9000 X118.111 Y198.438
G1 F1500 X109.559 Y189.887 E2754.07082
G0 F9000 X109.559 Y189.321
G1 F1500 X118.677 Y198.438 E2754.49967
G0 F9000 X119.242 Y198.438
G1 F1500 X109.559 Y188.755 E2754.95513
G0 F9000 X109.559 Y188.19
G1 F1500 X119.808 Y198.438 E2755.43719
G0 F9000 X120.374 Y198.438
G1 F1500 X109.559 Y187.624 E2755.94587
G0 F9000 X109.559 Y187.058
G1 F1500 X120.94 Y198.438 E2756.48118
G0 F9000 X121.505 Y198.438
G1 F1500 X109.559 Y186.493 E2757.04306
G0 F9000 X109.559 Y185.927
G1 F1500 X122.071 Y198.438 E2757.63156
G0 F9000 X122.637 Y198.438
G1 F1500 X109.559 Y185.361 E2758.24668
G0 F9000 X109.559 Y184.795
G1 F1500 X123.202 Y198.438 E2758.88841
G0 F9000 X123.768 Y198.438
G1 F1500 X109.559 Y184.23 E2759.55673
G0 F9000 X109.559 Y183.664
G1 F1500 X124.334 Y198.438 E2760.25168
G0 F9000 X124.899 Y198.438
G1 F1500 X109.559 Y183.098 E2760.97323
G0 F9000 X109.559 Y182.533
G1 F1500 X125.44 Y198.413 E2761.7202
G0 F9000 X125.44 Y197.847
G1 F1500 X109.559 Y181.967 E2762.46717
G0 F9000 X109.559 Y181.401
G1 F1500 X125.44 Y197.282 E2763.21416
G0 F9000 X125.44 Y196.716
G1 F1500 X109.559 Y180.836 E2763.96113
G0 F9000 X109.559 Y180.27
G1 F1500 X125.44 Y196.15 E2764.7081
G0 F9000 X125.44 Y195.585
G1 F1500 X109.559 Y179.704 E2765.45509
G0 F9000 X109.559 Y179.139
G1 F1500 X125.44 Y195.019 E2766.20206
G0 F9000 X125.44 Y194.453
G1 F1500 X109.559 Y178.573 E2766.94903
G0 F9000 X109.559 Y178.007
G1 F1500 X125.44 Y193.887 E2767.696
G0 F9000 X125.44 Y193.322
G1 F1500 X109.559 Y177.442 E2768.44297
G0 F9000 X109.559 Y176.876
G1 F1500 X125.44 Y192.756 E2769.18994
G0 F9000 X125.44 Y192.19
G1 F1500 X109.559 Y176.31 E2769.93691
G0 F9000 X109.559 Y175.745
G1 F1500 X125.44 Y191.625 E2770.68388
G0 F9000 X125.44 Y191.059
G1 F1500 X109.559 Y175.179 E2771.43085
G0 F9000 X109.641 Y174.695
G1 F1500 X125.44 Y190.493 E2772.17397
G0 F9000 X125.44 Y189.928
G1 F1500 X109.728 Y174.216 E2772.91301
G0 F9000 X109.815 Y173.738
G1 F1500 X125.44 Y189.362 E2773.64794
G0 F9000 X125.44 Y188.796
G1 F1500 X109.903 Y173.26 E2774.37873
G0 F9000 X109.99 Y172.781
G1 F1500 X125.44 Y188.231 E2775.10545
G0 F9000 X125.44 Y187.665
G1 F1500 X110.078 Y172.303 E2775.82803
G0 F9000 X110.165 Y171.824
G1 F1500 X125.44 Y187.099 E2776.54652
G0 F9000 X125.44 Y186.534
G1 F1500 X110.252 Y171.346 E2777.26092
G0 F9000 X110.339 Y170.868
G1 F1500 X125.44 Y185.968 E2777.9712
G0 F9000 X125.44 Y185.402
G1 F1500 X110.426 Y170.389 E2778.67739
G0 F9000 X110.514 Y169.911
G1 F1500 X125.44 Y184.837 E2779.37946
G0 F9000 X125.44 Y184.271
G1 F1500 X110.601 Y169.432 E2780.07744
G0 F9000 X110.689 Y168.954
G1 F1500 X125.44 Y183.705 E2780.77128
G0 F9000 X125.44 Y183.139
G1 F1500 X110.776 Y168.475 E2781.46103
G0 F9000 X110.861 Y167.995
G1 F1500 X125.44 Y182.574 E2782.14679
G0 F9000 X125.44 Y182.008
G1 F1500 X110.926 Y167.495 E2782.82946
G0 F9000 X110.991 Y166.993
G1 F1500 X125.44 Y181.442 E2783.50909
G0 F9000 X125.44 Y180.877
G1 F1500 X111.056 Y166.493 E2784.18567
G0 F9000 X111.12 Y165.991
G1 F1500 X125.44 Y180.311 E2784.85924
G0 F9000 X125.44 Y179.745
G1 F1500 X111.185 Y165.491 E2785.52973
G0 F9000 X111.25 Y164.99
G1 F1500 X125.44 Y179.18 E2786.19718
G0 F9000 X125.44 Y178.614
G1 F1500 X111.314 Y164.489 E2786.8616
G0 F9000 X111.379 Y163.988
G1 F1500 X125.44 Y178.048 E2787.52297
G0 F9000 X125.44 Y177.483
G1 F1500 X111.444 Y163.487 E2788.18129
G0 F9000 X111.509 Y162.986
G1 F1500 X125.44 Y176.917 E2788.83657
G0 F9000 X125.44 Y176.351
G1 F1500 X111.573 Y162.485 E2789.4888
G0 F9000 X111.638 Y161.984
G1 F1500 X125.44 Y175.786 E2790.13801
G0 F9000 X125.44 Y175.22
G1 F1500 X111.703 Y161.484 E2790.78413
G0 F9000 X111.768 Y160.982
G1 F1500 X125.331 Y174.546 E2791.42212
G0 F9000 X125.205 Y173.854
G1 F1500 X111.819 Y160.468 E2792.05175
G0 F9000 X111.86 Y159.943
G1 F1500 X125.079 Y173.162 E2792.67353
G0 F9000 X124.953 Y172.471
G1 F1500 X111.901 Y159.418 E2793.28748
G0 F9000 X111.941 Y158.893
G1 F1500 X124.826 Y171.778 E2793.89355
G0 F9000 X124.7 Y171.086
G1 F1500 X111.982 Y158.368 E2794.49177
G0 F9000 X112.022 Y157.843
G1 F1500 X124.574 Y170.395 E2795.08218
G0 F9000 X124.447 Y169.702
G1 F1500 X112.063 Y157.318 E2795.66468
G0 F9000 X112.104 Y156.793
G1 F1500 X124.322 Y169.011 E2796.23938
G0 F9000 X124.195 Y168.318
G1 F1500 X112.145 Y156.268 E2796.80617
G0 F9000 X112.185 Y155.743
G1 F1500 X124.095 Y167.652 E2797.36636
G0 F9000 X124.01 Y167.003
G1 F1500 X112.226 Y155.218 E2797.92067
G0 F9000 X112.266 Y154.693
G1 F1500 X123.926 Y166.353 E2798.46912
G0 F9000 X123.841 Y165.702
G1 F1500 X112.307 Y154.168 E2799.01164
G0 F9000 X112.347 Y153.642
G1 F1500 X123.757 Y165.052 E2799.54833
G0 F9000 X123.673 Y164.403
G1 F1500 X112.377 Y153.107 E2800.07966
G0 F9000 X112.391 Y152.555
G1 F1500 X123.589 Y163.753 E2800.60638
G0 F9000 X123.505 Y163.103
G1 F1500 X112.405 Y152.003 E2801.12849
G0 F9000 X112.42 Y151.452
G1 F1500 X123.421 Y162.453 E2801.64595
G0 F9000 X123.337 Y161.803
G1 F1500 X112.434 Y150.9 E2802.15879
G0 F9000 X112.448 Y150.349
G1 F1500 X123.252 Y161.153 E2802.66698
G0 F9000 X123.183 Y160.518
G1 F1500 X112.463 Y149.798 E2803.17121
G0 F9000 X112.477 Y149.246
G1 F1500 X123.136 Y159.905 E2803.67258
G0 F9000 X123.088 Y159.292
G1 F1500 X112.491 Y148.695 E2804.17103
G0 F9000 X112.505 Y148.143
G1 F1500 X123.04 Y158.679 E2804.66659
G0 F9000 X122.993 Y158.065
G1 F1500 X112.519 Y147.592 E2805.15923
G0 F9000 X112.533 Y147.04
G1 F1500 X122.946 Y157.452 E2805.649
G0 F9000 X122.897 Y156.839
G1 F1500 X112.548 Y146.489 E2806.13581
G0 F9000 X112.559 Y145.934
G1 F1500 X122.85 Y156.226 E2806.61989
G0 F9000 X122.803 Y155.612
G1 F1500 X112.559 Y145.369 E2807.10171
G0 F9000 X112.559 Y144.803
G1 F1500 X122.755 Y154.999 E2807.5813
G0 F9000 X122.707 Y154.386
G1 F1500 X112.559 Y144.237 E2808.05866
G0 F9000 X112.559 Y143.672
G1 F1500 X122.66 Y153.773 E2808.53378
G0 F9000 X122.626 Y153.173
G1 F1500 X112.559 Y143.106 E2809.0073
G0 F9000 X112.559 Y142.54
G1 F1500 X122.61 Y152.592 E2809.48009
G0 F9000 X122.596 Y152.011
G1 F1500 X112.559 Y141.975 E2809.95217
G0 F9000 X112.559 Y141.409
G1 F1500 X122.58 Y151.43 E2810.42353
G0 F9000 X122.565 Y150.849
G1 F1500 X112.559 Y140.843 E2810.89418
G0 F9000 X112.559 Y140.277
G1 F1500 X122.55 Y150.268 E2811.36413
G0 F9000 X122.535 Y149.688
G1 F1500 X112.559 Y139.712 E2811.83337
G0 F9000 X112.559 Y139.146
G1 F1500 X122.52 Y149.107 E2812.3019
G0 F9000 X122.504 Y148.526
G1 F1500 X112.559 Y138.58 E2812.76971
G0 F9000 X112.559 Y138.015
G1 F1500 X122.489 Y147.945 E2813.23679
G0 F9000 X122.474 Y147.364
G1 F1500 X112.559 Y137.449 E2813.70316
G0 F9000 X112.559 Y136.883
G1 F1500 X122.459 Y146.784 E2814.16885
G0 F9000 X122.444 Y146.202
G1 F1500 X112.559 Y136.318 E2814.63378
G0 F9000 X112.559 Y135.752
G1 F1500 X122.439 Y145.632 E2815.09851
G0 F9000 X122.439 Y145.067
G1 F1500 X112.559 Y135.186 E2815.56326
G0 F9000 X112.559 Y134.621
G1 F1500 X122.439 Y144.501 E2816.02798
G0 F9000 X122.439 Y143.935
G1 F1500 X112.559 Y134.055 E2816.49271
G0 F9000 X112.559 Y133.489
G1 F1500 X122.439 Y143.37 E2816.95746
G0 F9000 X122.439 Y142.804
G1 F1500 X112.559 Y132.924 E2817.42218
G0 F9000 X112.559 Y132.358
G1 F1500 X122.439 Y142.238 E2817.88691
G0 F9000 X122.439 Y141.673
G1 F1500 X112.559 Y131.792 E2818.35165
G0 F9000 X112.559 Y131.226
G1 F1500 X122.439 Y141.107 E2818.8164
G0 F9000 X122.439 Y140.541
G1 F1500 X112.559 Y130.661 E2819.28113
G0 F9000 X112.559 Y130.095
G1 F1500 X122.439 Y139.976 E2819.74588
G0 F9000 X122.439 Y139.41
G1 F1500 X112.559 Y129.529 E2820.21062
G0 F9000 X112.559 Y128.964
G1 F1500 X122.439 Y138.844 E2820.67535
G0 F9000 X122.439 Y138.278
G1 F1500 X112.559 Y128.398 E2821.14007
G0 F9000 X112.559 Y127.832
G1 F1500 X122.439 Y137.713 E2821.60482
G0 F9000 X122.439 Y137.147
G1 F1500 X112.559 Y127.267 E2822.06955
G0 F9000 X112.559 Y126.701
G1 F1500 X122.439 Y136.581 E2822.53427
G0 F9000 X122.439 Y136.016
G1 F1500 X112.559 Y126.135 E2822.99902
G0 F9000 X112.559 Y125.57
G1 F1500 X122.439 Y135.45 E2823.46375
G0 F9000 X122.439 Y134.884
G1 F1500 X112.559 Y125.004 E2823.92847
G0 F9000 X112.559 Y124.438
G1 F1500 X122.439 Y134.319 E2824.39322
G0 F9000 X122.439 Y133.753
G1 F1500 X112.559 Y123.873 E2824.85794
G0 F9000 X112.559 Y123.307
G1 F1500 X122.439 Y133.187 E2825.32267
G0 F9000 X122.439 Y132.622
G1 F1500 X112.559 Y122.741 E2825.78742
G0 F9000 X112.559 Y122.176
G1 F1500 X122.439 Y132.056 E2826.25214
G0 F9000 X122.439 Y131.49
G1 F1500 X112.559 Y121.61 E2826.71687
G0 F9000 X112.559 Y121.044
G1 F1500 X122.439 Y130.925 E2827.18162
G0 F9000 X122.439 Y130.359
G1 F1500 X112.559 Y120.478 E2827.64636
G0 F9000 X112.559 Y119.913
G1 F1500 X122.439 Y129.793 E2828.11109
G0 F9000 X122.439 Y129.228
G1 F1500 X112.559 Y119.347 E2828.57584
G0 F9000 X112.559 Y118.781
G1 F1500 X122.439 Y128.662 E2829.04059
G0 F9000 X122.439 Y128.096
G1 F1500 X112.559 Y118.216 E2829.50531
G0 F9000 X112.559 Y117.65
G1 F1500 X122.439 Y127.53 E2829.97004
G0 F9000 X122.439 Y126.965
G1 F1500 X112.559 Y117.084 E2830.43478
G0 F9000 X112.559 Y116.519
G1 F1500 X122.439 Y126.399 E2830.89951
G0 F9000 X122.439 Y125.833
G1 F1500 X112.559 Y115.953 E2831.36423
G0 F9000 X112.559 Y115.387
G1 F1500 X122.439 Y125.268 E2831.82898
G0 F9000 X122.439 Y124.702
G1 F1500 X112.559 Y114.822 E2832.29371
G0 F9000 X112.559 Y114.256
G1 F1500 X122.439 Y124.136 E2832.75843
G0 F9000 X122.439 Y123.571
G1 F1500 X112.559 Y113.69 E2833.22318
G0 F9000 X112.559 Y113.125
G1 F1500 X122.439 Y123.005 E2833.68791
G0 F9000 X122.439 Y122.439
G1 F1500 X112.559 Y112.559 E2834.15263
G0 F9000 X112.559 Y111.993
G1 F1500 X122.439 Y121.874 E2834.61738
G0 F9000 X122.439 Y121.308
G1 F1500 X112.559 Y111.428 E2835.0821
G0 F9000 X112.559 Y110.862
G1 F1500 X122.439 Y120.742 E2835.54683
G0 F9000 X122.439 Y120.177
G1 F1500 X112.559 Y110.296 E2836.01158
G0 F9000 X112.559 Y109.73
G1 F1500 X122.439 Y119.611 E2836.47633
G0 F9000 X122.439 Y119.045
G1 F1500 X112.559 Y109.165 E2836.94105
G0 F9000 X112.559 Y108.599
G1 F1500 X122.439 Y118.479 E2837.40578
G0 F9000 X122.439 Y117.914
G1 F1500 X112.559 Y108.033 E2837.87052
G0 F9000 X112.559 Y107.468
G1 F1500 X122.439 Y117.348 E2838.33525
G0 F9000 X122.439 Y116.782
G1 F1500 X112.559 Y106.902 E2838.79997
G0 F9000 X112.559 Y106.336
G1 F1500 X122.439 Y116.217 E2839.26472
G0 F9000 X122.439 Y115.651
G1 F1500 X112.559 Y105.771 E2839.72945
G0 F9000 X112.559 Y105.205
G1 F1500 X122.439 Y115.085 E2840.19417
G0 F9000 X122.439 Y114.52
G1 F1500 X112.559 Y104.639 E2840.65892
G0 F9000 X112.559 Y104.074
G1 F1500 X122.439 Y113.954 E2841.12365
G0 F9000 X122.439 Y113.388
G1 F1500 X112.559 Y103.508 E2841.58837
G0 F9000 X112.559 Y102.942
G1 F1500 X122.439 Y112.823 E2842.05312
G0 F9000 X122.439 Y112.257
G1 F1500 X112.559 Y102.377 E2842.51784
G0 F9000 X112.559 Y101.811
G1 F1500 X122.439 Y111.691 E2842.98257
G0 F9000 X122.439 Y111.126
G1 F1500 X112.559 Y101.245 E2843.44732
G0 F9000 X112.559 Y100.679
G1 F1500 X122.439 Y110.56 E2843.91207
G0 F9000 X122.439 Y109.994
G1 F1500 X112.559 Y100.114 E2844.37679
G0 F9000 X112.559 Y99.548
G1 F1500 X122.439 Y109.429 E2844.84154
G0 F9000 X122.439 Y108.863
G1 F1500 X112.559 Y98.982 E2845.30629
G0 F9000 X112.559 Y98.417
G1 F1500 X122.439 Y108.297 E2845.77101
G0 F9000 X122.439 Y107.731
G1 F1500 X112.559 Y97.851 E2846.23574
G0 F9000 X112.559 Y97.285
G1 F1500 X122.439 Y107.166 E2846.70049
G0 F9000 X122.439 Y106.6
G1 F1500 X112.559 Y96.72 E2847.16521
G0 F9000 X112.559 Y96.154
G1 F1500 X122.439 Y106.034 E2847.62993
G0 F9000 X122.439 Y105.469
G1 F1500 X112.559 Y95.588 E2848.09468
G0 F9000 X112.559 Y95.023
G1 F1500 X122.439 Y104.903 E2848.55941
G0 F9000 X122.439 Y104.337
G1 F1500 X112.559 Y94.457 E2849.02413
G0 F9000 X112.559 Y93.891
G1 F1500 X122.439 Y103.772 E2849.48888
G0 F9000 X122.439 Y103.206
G1 F1500 X112.559 Y93.326 E2849.95361
G0 F9000 X112.559 Y92.76
G1 F1500 X122.439 Y102.64 E2850.41833
G0 F9000 X122.439 Y102.075
G1 F1500 X112.559 Y92.194 E2850.88308
G0 F9000 X112.559 Y91.629
G1 F1500 X122.439 Y101.509 E2851.3478
G0 F9000 X122.439 Y100.943
G1 F1500 X112.559 Y91.063 E2851.81253
G0 F9000 X112.559 Y90.497
G1 F1500 X122.439 Y100.378 E2852.27728
G0 F9000 X122.439 Y99.812
G1 F1500 X112.559 Y89.931 E2852.74203
G0 F9000 X112.559 Y89.366
G1 F1500 X122.439 Y99.246 E2853.20675
G0 F9000 X122.439 Y98.68
G1 F1500 X112.555 Y88.796 E2853.67166
G0 F9000 X112.539 Y88.215
G1 F1500 X122.439 Y98.115 E2854.13733
G0 F9000 X122.439 Y97.549
G1 F1500 X112.524 Y87.634 E2854.6037
G0 F9000 X112.509 Y87.053
G1 F1500 X122.439 Y96.983 E2855.07078
G0 F9000 X122.439 Y96.418
G1 F1500 X112.494 Y86.472 E2855.53858
G0 F9000 X112.479 Y85.892
G1 F1500 X122.439 Y95.852 E2856.00707
G0 F9000 X122.439 Y95.286
G1 F1500 X112.463 Y85.311 E2856.47629
G0 F9000 X112.449 Y84.73
G1 F1500 X122.439 Y94.721 E2856.94621
G0 F9000 X122.439 Y94.155
G1 F1500 X112.433 Y84.149 E2857.41686
G0 F9000 X112.418 Y83.568
G1 F1500 X122.439 Y93.589 E2857.88822
G0 F9000 X122.439 Y93.024
G1 F1500 X112.403 Y82.987 E2858.36031
G0 F9000 X112.388 Y82.406
G1 F1500 X122.439 Y92.458 E2858.8331
G0 F9000 X122.439 Y91.892
G1 F1500 X112.373 Y81.826 E2859.30657
G0 F9000 X112.339 Y81.226
G1 F1500 X122.439 Y91.327 E2859.78167
G0 F9000 X122.439 Y90.761
G1 F1500 X112.291 Y80.613 E2860.259
G0 F9000 X112.244 Y79.999
G1 F1500 X122.439 Y90.195 E2860.73856
G0 F9000 X122.439 Y89.63
G1 F1500 X112.196 Y79.386 E2861.22039
G0 F9000 X112.148 Y78.773
G1 F1500 X122.439 Y89.064 E2861.70444
G0 F9000 X122.451 Y88.509
G1 F1500 X112.101 Y78.16 E2862.19125
G0 F9000 X112.053 Y77.546
G1 F1500 X122.465 Y87.958 E2862.681
G0 F9000 X122.479 Y87.406
G1 F1500 X112.005 Y76.933 E2863.17364
G0 F9000 X111.958 Y76.32
G1 F1500 X122.493 Y86.855 E2863.66918
G0 F9000 X122.507 Y86.303
G1 F1500 X111.91 Y75.707 E2864.1676
G0 F9000 X111.862 Y75.093
G1 F1500 X122.521 Y85.752 E2864.66897
G0 F9000 X122.535 Y85.2
G1 F1500 X111.815 Y74.48 E2865.17321
G0 F9000 X111.746 Y73.845
G1 F1500 X122.55 Y84.649 E2865.68139
G0 F9000 X122.564 Y84.098
G1 F1500 X111.662 Y73.196 E2866.19419
G0 F9000 X111.578 Y72.546
G1 F1500 X122.579 Y83.546 E2866.71162
G0 F9000 X122.593 Y82.995
G1 F1500 X111.494 Y71.896 E2867.23368
G0 F9000 X111.409 Y71.245
G1 F1500 X122.607 Y82.443 E2867.7604
G0 F9000 X122.621 Y81.892
G1 F1500 X111.325 Y70.596 E2868.29173
G0 F9000 X111.241 Y69.946
G1 F1500 X122.651 Y81.356 E2868.82842
G0 F9000 X122.691 Y80.83
G1 F1500 X111.157 Y69.296 E2869.37095
G0 F9000 X111.073 Y68.646
G1 F1500 X122.732 Y80.306 E2869.91937
G0 F9000 X122.772 Y79.78
G1 F1500 X110.988 Y67.996 E2870.47366
G0 F9000 X110.904 Y67.346
G1 F1500 X122.813 Y79.256 E2871.03384
G0 F9000 X122.854 Y78.73
G1 F1500 X110.803 Y66.68 E2871.60066
G0 F9000 X110.677 Y65.988
G1 F1500 X122.895 Y78.206 E2872.17536
G0 F9000 X122.935 Y77.68
G1 F1500 X110.551 Y65.297 E2872.75784
G0 F9000 X110.425 Y64.604
G1 F1500 X122.976 Y77.155 E2873.3482
G0 F9000 X123.016 Y76.63
G1 F1500 X110.299 Y63.913 E2873.94637
G0 F9000 X110.172 Y63.221
G1 F1500 X123.057 Y76.105 E2874.55242
G0 F9000 X123.098 Y75.58
G1 F1500 X110.047 Y62.529 E2875.1663
G0 F9000 X109.92 Y61.837
G1 F1500 X123.139 Y75.055 E2875.78805
G0 F9000 X123.179 Y74.53
G1 F1500 X109.794 Y61.145 E2876.41764
G0 F9000 X109.668 Y60.454
G1 F1500 X123.231 Y74.016 E2877.05558
G0 F9000 X123.296 Y73.515
G1 F1500 X109.559 Y59.779 E2877.70171
G0 F9000 X109.559 Y59.213
G1 F1500 X123.36 Y73.014 E2878.35086
G0 F9000 X123.425 Y72.513
G1 F1500 X109.559 Y58.648 E2879.00305
G0 F9000 X109.559 Y58.082
G1 F1500 X123.49 Y72.013 E2879.65832
G0 F9000 X123.554 Y71.511
G1 F1500 X109.559 Y57.516 E2880.31661
G0 F9000 X109.559 Y56.951
G1 F1500 X123.619 Y71.011 E2880.97795
G0 F9000 X123.684 Y70.509
G1 F1500 X109.559 Y56.385 E2881.64232
G0 F9000 X109.559 Y55.819
G1 F1500 X123.749 Y70.009 E2882.30977
G0 F9000 X123.814 Y69.508
G1 F1500 X109.559 Y55.254 E2882.98026
G0 F9000 X109.559 Y54.688
G1 F1500 X123.878 Y69.007 E2883.65378
G0 F9000 X123.943 Y68.506
G1 F1500 X109.559 Y54.122 E2884.33036
G0 F9000 X109.559 Y53.556
G1 F1500 X124.008 Y68.005 E2885.01
G0 F9000 X124.073 Y67.504
G1 F1500 X109.559 Y52.991 E2885.69267
G0 F9000 X109.559 Y52.425
G1 F1500 X124.138 Y67.004 E2886.37842
G0 F9000 X124.223 Y66.523
G1 F1500 X109.559 Y51.859 E2887.06817
G0 F9000 X109.559 Y51.294
G1 F1500 X124.31 Y66.045 E2887.76201
G0 F9000 X124.397 Y65.566
G1 F1500 X109.559 Y50.728 E2888.45995
G0 F9000 X109.559 Y50.162
G1 F1500 X124.485 Y65.088 E2889.16202
G0 F9000 X124.572 Y64.609
G1 F1500 X109.559 Y49.597 E2889.86816
G0 F9000 X109.559 Y49.031
G1 F1500 X124.659 Y64.131 E2890.57842
G0 F9000 X124.746 Y63.652
G1 F1500 X109.559 Y48.465 E2891.29277
G0 F9000 X109.559 Y47.9
G1 F1500 X124.834 Y63.174 E2892.01123
G0 F9000 X124.921 Y62.695
G1 F1500 X109.559 Y47.334 E2892.73379
G0 F9000 X109.559 Y46.768
G1 F1500 X125.007 Y62.216 E2893.46042
G0 F9000 X125.094 Y61.738
G1 F1500 X109.559 Y46.203 E2894.19114
G0 F9000 X109.559 Y45.637
G1 F1500 X125.181 Y61.259 E2894.92595
G0 F9000 X125.269 Y60.781
G1 F1500 X109.559 Y45.071 E2895.6649
G0 F9000 X109.559 Y44.506
G1 F1500 X125.356 Y60.302 E2896.40792
G0 F9000 X125.438 Y59.819
G1 F1500 X109.559 Y43.94 E2897.15482
G0 F9000 X109.559 Y43.374
G1 F1500 X125.438 Y59.253 E2897.90172
G0 F9000 X125.438 Y58.687
G1 F1500 X109.559 Y42.808 E2898.64862
G0 F9000 X109.559 Y42.243
G1 F1500 X125.438 Y58.122 E2899.39552
G0 F9000 X125.438 Y57.556
G1 F1500 X109.559 Y41.677 E2900.14241
G0 F9000 X109.559 Y41.111
G1 F1500 X125.438 Y56.99 E2900.88931
G0 F9000 X125.438 Y56.424
G1 F1500 X109.559 Y40.546 E2901.63619
G0 F9000 X109.559 Y39.98
G1 F1500 X125.438 Y55.859 E2902.38309
G0 F9000 X125.438 Y55.293
G1 F1500 X109.559 Y39.414 E2903.12999
G0 F9000 X109.559 Y38.849
G1 F1500 X125.438 Y54.727 E2903.87687
G0 F9000 X125.438 Y54.162
G1 F1500 X109.559 Y38.283 E2904.62376
G0 F9000 X109.559 Y37.717
G1 F1500 X125.438 Y53.596 E2905.37066
G0 F9000 X125.438 Y53.03
G1 F1500 X109.559 Y37.152 E2906.11754
G0 F9000 X109.559 Y36.586
G1 F1500 X125.438 Y52.465 E2906.86444
G0 F9000 X125.438 Y51.899
G1 F1500 X110.1 Y36.56 E2907.58592
G0 F9000 X110.665 Y36.56
G1 F1500 X125.438 Y51.333 E2908.28079
G0 F9000 X125.438 Y50.768
G1 F1500 X111.231 Y36.56 E2908.94907
G0 F9000 X111.797 Y36.56
G1 F1500 X125.438 Y50.202 E2909.59072
G0 F9000 X125.438 Y49.636
G1 F1500 X112.362 Y36.56 E2910.20578
G0 F9000 X112.928 Y36.56
G1 F1500 X125.438 Y49.071 E2910.79423
G0 F9000 X125.438 Y48.505
G1 F1500 X113.494 Y36.56 E2911.35607
G0 F9000 X114.059 Y36.56
G1 F1500 X125.438 Y47.939 E2911.8913
G0 F9000 X125.438 Y47.374
G1 F1500 X114.625 Y36.56 E2912.39993
G0 F9000 X115.191 Y36.56
G1 F1500 X125.438 Y46.808 E2912.88195
G0 F9000 X125.438 Y46.242
G1 F1500 X115.756 Y36.56 E2913.33736
G0 F9000 X116.322 Y36.56
G1 F1500 X125.438 Y45.676 E2913.76615
G0 F9000 X125.438 Y45.111
G1 F1500 X116.888 Y36.56 E2914.16833
G0 F9000 X117.453 Y36.56
G1 F1500 X125.438 Y44.545 E2914.54392
G0 F9000 X125.438 Y43.979
G1 F1500 X118.019 Y36.56 E2914.89289
G0 F9000 X118.585 Y36.56
G1 F1500 X125.438 Y43.414 E2915.21526
G0 F9000 X125.438 Y42.848
G1 F1500 X119.151 Y36.56 E2915.511
G0 F9000 X119.716 Y36.56
G1 F1500 X125.438 Y42.282 E2915.78015
G0 F9000 X125.438 Y41.717
G1 F1500 X120.282 Y36.56 E2916.0227
G0 F9000 X120.848 Y36.56
G1 F1500 X125.438 Y41.151 E2916.23862
G0 F9000 X125.438 Y40.585
G1 F1500 X121.413 Y36.56 E2916.42794
G0 F9000 X121.979 Y36.56
G1 F1500 X125.438 Y40.02 E2916.59067
G0 F9000 X125.438 Y39.454
G1 F1500 X122.545 Y36.56 E2916.72677
G0 F9000 X123.11 Y36.56
G1 F1500 X125.438 Y38.888 E2916.83627
G0 F9000 X125.438 Y38.323
G1 F1500 X123.676 Y36.56 E2916.91917
G0 F9000 X124.242 Y36.56
G1 F1500 X125.438 Y37.757 E2916.97545
G0 F9000 X125.438 Y37.191
G1 F1500 X124.807 Y36.56 E2917.00513
G0 F9000 X125.373 Y36.56
G1 F1500 X125.438 Y36.626 E2917.00821
G1 F2700 E2912.00821
;MESH:NONMESH
G0 F300 X125.438 Y36.626 Z6.8
G0 F9000 X125.9 Y36.626
G0 X125.838 Y59.892
G0 X123.917 Y74.337
G0 X123.35 Y81.659
G0 X123.161 Y88.99
G0 X123.161 Y146.01
G0 X123.35 Y153.341
G0 X123.809 Y159.271
G0 X124.701 Y167.971
;TIME_ELAPSED:9699.866830
;LAYER:33
;TYPE:WALL-INNER
;MESH:D638-22 Tensile.STL
G1 F2700 E2917.00821
G1 F1500 X126 Y175.089 E2917.24887
G1 X126 Y175.858 E2917.27445
G1 X126 Y199 E2918.04415
G1 X109 Y199 E2918.60957
G1 X109 Y175.093 E2919.40472
G1 X110.299 Y167.972 E2919.64548
G1 X111.245 Y160.664 E2919.89057
G1 X111.812 Y153.324 E2920.13543
G1 X112 Y146.027 E2920.37821
G1 X112 Y88.973 E2922.27583
G1 X111.81 Y81.625 E2922.52031
G1 X111.246 Y74.345 E2922.76317
G1 X110.299 Y67.028 E2923.00856
G1 X109.001 Y59.911 E2923.24918
G1 X109 Y36 E2924.04446
G1 X126 Y36 E2924.60988
G1 X125.999 Y59.907 E2925.40503
G1 X124.701 Y67.027 E2925.64575
G1 X123.754 Y74.346 E2925.89121
G1 X123.19 Y81.624 E2926.134
G1 X123 Y88.973 E2926.37851
G1 X123 Y146.027 E2928.27614
G1 X123.188 Y153.323 E2928.51888
G1 X123.754 Y160.654 E2928.76344
G1 X124.701 Y167.971 E2929.00883
G1 F2700 E2924.00883
G0 F9000 X125.839 Y175.105
G0 X125.828 Y198.828
G0 X108.87 Y199.13
G1 F2700 E2929.00883
G0 F9000 X108.6 Y199.4
G1 F1500 X126.4 Y199.4 E2929.60086
G1 X126.4 Y175.858 E2930.38387
G1 X126.4 Y175.053 E2930.41065
G1 X125.094 Y167.894 E2930.65269
G1 X124.156 Y160.654 E2930.8955
G1 X123.589 Y153.343 E2931.1394
G1 X123.4 Y146.017 E2931.38314
G1 X123.4 Y88.983 E2933.2801
G1 X123.589 Y81.655 E2933.52391
G1 X124.156 Y74.346 E2933.76774
G1 X125.094 Y67.104 E2934.01062
G1 X126.399 Y59.943 E2934.25272
G1 X126.4 Y35.6 E2935.06237
G1 X108.6 Y35.6 E2935.6544
G1 X108.601 Y59.947 E2936.46419
G1 X109.906 Y67.105 E2936.70619
G1 X110.847 Y74.376 E2936.95004
G1 X111.411 Y81.656 E2937.1929
G1 X111.6 Y88.983 E2937.43668
G1 X111.6 Y146.017 E2939.33364
G1 X111.411 Y153.345 E2939.57745
G1 X110.844 Y160.654 E2939.82128
G1 X109.906 Y167.896 E2940.06416
G1 X108.6 Y175.057 E2940.30626
G1 X108.6 Y199.4 E2941.11591
G1 F2700 E2936.11591
G0 F9000 X108.87 Y199.13
G0 X125.828 Y198.828
G0 X125.839 Y175.105
G0 X124.797 Y167.931
G1 F2700 E2941.11591
G0 F9000 X125.491 Y167.842
;TYPE:WALL-OUTER
G1 F1500 X126.8 Y175.017 E2941.35849
G1 X126.8 Y175.858 E2941.38647
G1 X126.8 Y199.8 E2942.18278
G1 X108.2 Y199.8 E2942.80142
G1 X108.2 Y175.021 E2943.62557
G1 X109.507 Y167.854 E2943.86788
G1 X110.447 Y160.602 E2944.1111
G1 X111.012 Y153.314 E2944.35423
G1 X111.2 Y146.007 E2944.59734
G1 X111.2 Y88.993 E2946.49363
G1 X111.012 Y81.697 E2946.73638
G1 X110.448 Y74.407 E2946.97957
G1 X109.509 Y67.157 E2947.22272
G1 X108.201 Y59.983 E2947.46526
G1 X108.2 Y35.2 E2948.28955
G1 X126.8 Y35.2 E2948.90819
G1 X126.799 Y59.979 E2949.73234
G1 X125.493 Y67.146 E2949.97464
G1 X124.553 Y74.398 E2950.21786
G1 X123.988 Y81.686 E2950.46099
G1 X123.8 Y88.993 E2950.7041
G1 X123.8 Y146.007 E2952.60039
G1 X123.988 Y153.302 E2952.84311
G1 X124.552 Y160.592 E2953.0863
G1 X125.491 Y167.842 E2953.32945
G0 F9000 X124.797 Y167.931
G0 X124.341 Y168.004
;TYPE:SKIN
G1 F1500 X125.64 Y175.122 E2953.5701
G1 X125.64 Y175.858 E2953.59458
G1 X125.64 Y198.64 E2954.35231
G1 X109.36 Y198.64 E2954.89379
G1 X109.36 Y175.128 E2955.6758
G1 X110.657 Y168.017 E2955.91622
G1 X111.598 Y160.752 E2956.15987
G1 X112.172 Y153.343 E2956.40703
G1 X112.36 Y146.04 E2956.65001
G1 X112.36 Y88.961 E2958.54847
G1 X112.169 Y81.606 E2958.79318
G1 X111.599 Y74.258 E2959.03831
G1 X110.659 Y66.995 E2959.28189
G1 X109.361 Y59.879 E2959.52247
G1 X109.361 Y36.361 E2960.30469
G1 X125.639 Y36.361 E2960.84609
G1 X125.639 Y59.872 E2961.62807
G1 X124.343 Y66.983 E2961.86848
G1 X123.402 Y74.247 E2962.1121
G1 X122.828 Y81.657 E2962.3593
G1 X122.64 Y88.961 E2962.60231
G1 X122.64 Y146.04 E2964.50077
G1 X122.831 Y153.391 E2964.74534
G1 X123.401 Y160.741 E2964.99054
G1 X124.341 Y168.004 E2965.23412
G1 F2700 E2960.23412
G0 F9000 X124.597 Y167.957
G0 X125.839 Y175.105
G0 X125.9 Y198.132
G1 F2700 E2965.23412
G0 F9000 X125.44 Y198.132
G1 F1500 X125.133 Y198.438 E2965.24854
G0 F9000 X124.567 Y198.438
G1 F1500 X125.44 Y197.566 E2965.28958
G0 F9000 X125.44 Y197
G1 F1500 X124.001 Y198.438 E2965.35724
G0 F9000 X123.436 Y198.438
G1 F1500 X125.44 Y196.434 E2965.4515
G0 F9000 X125.44 Y195.869
G1 F1500 X122.87 Y198.438 E2965.57237
G0 F9000 X122.304 Y198.438
G1 F1500 X125.44 Y195.303 E2965.71985
G0 F9000 X125.44 Y194.737
G1 F1500 X121.739 Y198.438 E2965.89393
G0 F9000 X121.173 Y198.438
G1 F1500 X125.44 Y194.172 E2966.09462
G0 F9000 X125.44 Y193.606
G1 F1500 X120.607 Y198.438 E2966.32192
G0 F9000 X120.041 Y198.438
G1 F1500 X125.44 Y193.04 E2966.57585
G0 F9000 X125.44 Y192.475
G1 F1500 X119.476 Y198.438 E2966.85636
G0 F9000 X118.91 Y198.438
G1 F1500 X125.44 Y191.909 E2967.16348
G0 F9000 X125.44 Y191.343
G1 F1500 X118.344 Y198.438 E2967.49724
G0 F9000 X117.779 Y198.438
G1 F1500 X125.44 Y190.778 E2967.85756
G0 F9000 X125.44 Y190.212
G1 F1500 X117.213 Y198.438 E2968.24451
G0 F9000 X116.647 Y198.438
G1 F1500 X125.44 Y189.646 E2968.65808
G0 F9000 X125.44 Y189.081
G1 F1500 X116.082 Y198.438 E2969.09823
G0 F9000 X115.516 Y198.438
G1 F1500 X125.44 Y188.515 E2969.565
G0 F9000 X125.44 Y187.949
G1 F1500 X114.95 Y198.438 E2970.0584
G0 F9000 X114.385 Y198.438
G1 F1500 X125.44 Y187.384 E2970.57837
G0 F9000 X125.44 Y186.818
G1 F1500 X113.819 Y198.438 E2971.12496
G0 F9000 X113.253 Y198.438
G1 F1500 X125.44 Y186.252 E2971.69817
G0 F9000 X125.44 Y185.686
G1 F1500 X112.688 Y198.438 E2972.29799
G0 F9000 X112.122 Y198.438
G1 F1500 X125.44 Y185.121 E2972.9244
G0 F9000 X125.44 Y184.555
G1 F1500 X111.556 Y198.438 E2973.57744
G0 F9000 X110.991 Y198.438
G1 F1500 X125.44 Y183.989 E2974.25708
G0 F9000 X125.44 Y183.424
G1 F1500 X110.425 Y198.438 E2974.96331
G0 F9000 X109.859 Y198.438
G1 F1500 X125.44 Y182.858 E2975.69617
G0 F9000 X125.44 Y182.292
G1 F1500 X109.559 Y198.173 E2976.44317
G0 F9000 X109.559 Y197.607
G1 F1500 X125.44 Y181.727 E2977.19014
G0 F9000 X125.44 Y181.161
G1 F1500 X109.559 Y197.041 E2977.93711
G0 F9000 X109.559 Y196.475
G1 F1500 X125.44 Y180.595 E2978.68408
G0 F9000 X125.44 Y180.03
G1 F1500 X109.559 Y195.91 E2979.43105
G0 F9000 X109.559 Y195.344
G1 F1500 X125.44 Y179.464 E2980.17802
G0 F9000 X125.44 Y178.898
G1 F1500 X109.559 Y194.778 E2980.92499
G0 F9000 X109.559 Y194.213
G1 F1500 X125.44 Y178.333 E2981.67196
G0 F9000 X125.44 Y177.767
G1 F1500 X109.559 Y193.647 E2982.41893
G0 F9000 X109.559 Y193.081
G1 F1500 X125.44 Y177.201 E2983.1659
G0 F9000 X125.44 Y176.635
G1 F1500 X109.559 Y192.516 E2983.91289
G0 F9000 X109.559 Y191.95
G1 F1500 X125.44 Y176.07 E2984.65986
G0 F9000 X125.44 Y175.504
G1 F1500 X109.559 Y191.384 E2985.40683
G0 F9000 X109.559 Y190.819
G1 F1500 X125.408 Y174.97 E2986.15232
G0 F9000 X125.321 Y174.492
G1 F1500 X109.559 Y190.253 E2986.89369
G0 F9000 X109.559 Y189.687
G1 F1500 X125.234 Y174.013 E2987.63097
G0 F9000 X125.146 Y173.535
G1 F1500 X109.559 Y189.122 E2988.36414
G0 F9000 X109.559 Y188.556
G1 F1500 X125.059 Y173.056 E2989.09321
G0 F9000 X124.971 Y172.578
G1 F1500 X109.559 Y187.99 E2989.81814
G0 F9000 X109.559 Y187.425
G1 F1500 X124.884 Y172.099 E2990.53901
G0 F9000 X124.797 Y171.621
G1 F1500 X109.559 Y186.859 E2991.25576
G0 F9000 X109.559 Y186.293
G1 F1500 X124.71 Y171.143 E2991.96839
G0 F9000 X124.623 Y170.664
G1 F1500 X109.559 Y185.727 E2992.67693
G0 F9000 X109.559 Y185.162
G1 F1500 X124.535 Y170.186 E2993.38135
G0 F9000 X124.448 Y169.707
G1 F1500 X109.559 Y184.596 E2994.08169
G0 F9000 X109.559 Y184.03
G1 F1500 X124.36 Y169.229 E2994.77788
G0 F9000 X124.274 Y168.751
G1 F1500 X109.559 Y183.465 E2995.47001
G0 F9000 X109.559 Y182.899
G1 F1500 X124.186 Y168.273 E2996.15799
G0 F9000 X124.111 Y167.782
G1 F1500 X109.559 Y182.333 E2996.84245
G0 F9000 X109.559 Y181.768
G1 F1500 X124.046 Y167.281 E2997.52387
G0 F9000 X123.981 Y166.781
G1 F1500 X109.559 Y181.202 E2998.20222
G0 F9000 X109.559 Y180.636
G1 F1500 X123.916 Y166.28 E2998.8775
G0 F9000 X123.851 Y165.779
G1 F1500 X109.559 Y180.071 E2999.54975
G0 F9000 X109.559 Y179.505
G1 F1500 X123.786 Y165.278 E3000.21895
G0 F9000 X123.721 Y164.777
G1 F1500 X109.559 Y178.939 E3000.88509
G0 F9000 X109.559 Y178.374
G1 F1500 X123.656 Y164.277 E3001.54817
G0 F9000 X123.591 Y163.776
G1 F1500 X109.559 Y177.808 E3002.20819
G0 F9000 X109.559 Y177.242
G1 F1500 X123.527 Y163.275 E3002.86518
G0 F9000 X123.462 Y162.774
G1 F1500 X109.559 Y176.676 E3003.51911
G0 F9000 X109.559 Y176.111
G1 F1500 X123.397 Y162.273 E3004.17
G0 F9000 X123.332 Y161.773
G1 F1500 X109.559 Y175.545 E3004.81782
G0 F9000 X109.597 Y174.942
G1 F1500 X123.267 Y161.272 E3005.46082
G0 F9000 X123.202 Y160.771
G1 F1500 X109.723 Y174.25 E3006.09483
G0 F9000 X109.849 Y173.558
G1 F1500 X123.161 Y160.246 E3006.72098
G0 F9000 X123.121 Y159.721
G1 F1500 X109.975 Y172.867 E3007.33933
G0 F9000 X110.102 Y172.174
G1 F1500 X123.08 Y159.196 E3007.94977
G0 F9000 X123.039 Y158.671
G1 F1500 X110.228 Y171.483 E3008.55239
G0 F9000 X110.354 Y170.791
G1 F1500 X122.999 Y158.146 E3009.14717
G0 F9000 X122.958 Y157.621
G1 F1500 X110.48 Y170.099 E3009.7341
G0 F9000 X110.607 Y169.407
G1 F1500 X122.917 Y157.096 E3010.31315
G0 F9000 X122.876 Y156.571
G1 F1500 X110.732 Y168.715 E3010.88436
G0 F9000 X110.858 Y168.024
G1 F1500 X122.835 Y156.047 E3011.44772
G0 F9000 X122.795 Y155.521
G1 F1500 X110.942 Y167.374 E3012.00525
G0 F9000 X111.026 Y166.725
G1 F1500 X122.754 Y154.997 E3012.5569
G0 F9000 X122.713 Y154.472
G1 F1500 X111.11 Y166.075 E3013.10267
G0 F9000 X111.194 Y165.425
G1 F1500 X122.673 Y153.947 E3013.64258
G0 F9000 X122.632 Y153.422
G1 F1500 X111.278 Y164.775 E3014.17662
G0 F9000 X111.362 Y164.126
G1 F1500 X122.617 Y152.871 E3014.70602
G0 F9000 X122.603 Y152.319
G1 F1500 X111.446 Y163.476 E3015.23081
G0 F9000 X111.53 Y162.826
G1 F1500 X122.588 Y151.768 E3015.75094
G0 F9000 X122.574 Y151.217
G1 F1500 X111.614 Y162.177 E3016.26647
G0 F9000 X111.698 Y161.527
G1 F1500 X122.559 Y150.666 E3016.77734
G0 F9000 X122.545 Y150.114
G1 F1500 X111.782 Y160.878 E3017.28362
G0 F9000 X111.836 Y160.257
G1 F1500 X122.53 Y149.563 E3017.78663
G0 F9000 X122.516 Y149.012
G1 F1500 X111.884 Y159.644 E3018.28673
G0 F9000 X111.931 Y159.031
G1 F1500 X122.502 Y148.46 E3018.78396
G0 F9000 X122.487 Y147.909
G1 F1500 X111.978 Y158.418 E3019.27827
G0 F9000 X112.026 Y157.805
G1 F1500 X122.473 Y147.358 E3019.76966
G0 F9000 X122.459 Y146.806
G1 F1500 X112.074 Y157.191 E3020.25814
G0 F9000 X112.121 Y156.578
G1 F1500 X122.444 Y146.255 E3020.7437
G0 F9000 X122.439 Y145.695
G1 F1500 X112.169 Y155.965 E3021.22677
G0 F9000 X112.216 Y155.352
G1 F1500 X122.439 Y145.13 E3021.70761
G0 F9000 X122.439 Y144.564
G1 F1500 X112.263 Y154.739 E3022.18623
G0 F9000 X112.311 Y154.126
G1 F1500 X122.439 Y143.998 E3022.66262
G0 F9000 X122.439 Y143.433
G1 F1500 X112.358 Y153.513 E3023.13678
G0 F9000 X112.383 Y152.923
G1 F1500 X122.439 Y142.867 E3023.60978
G0 F9000 X122.439 Y142.301
G1 F1500 X112.398 Y152.342 E3024.08208
G0 F9000 X112.413 Y151.762
G1 F1500 X122.439 Y141.736 E3024.55367
G0 F9000 X122.439 Y141.17
G1 F1500 X112.427 Y151.181 E3025.02458
G0 F9000 X112.442 Y150.601
G1 F1500 X122.439 Y140.604 E3025.49481
G0 F9000 X122.439 Y140.038
G1 F1500 X112.457 Y150.02 E3025.96433
G0 F9000 X112.473 Y149.439
G1 F1500 X122.439 Y139.473 E3026.4331
G0 F9000 X122.439 Y138.907
G1 F1500 X112.487 Y148.858 E3026.90119
G0 F9000 X112.502 Y148.278
G1 F1500 X122.439 Y138.341 E3027.3686
G0 F9000 X122.439 Y137.776
G1 F1500 X112.517 Y147.697 E3027.83527
G0 F9000 X112.532 Y147.117
G1 F1500 X122.439 Y137.21 E3028.30127
G0 F9000 X122.439 Y136.644
G1 F1500 X112.548 Y146.535 E3028.76651
G0 F9000 X112.56 Y145.958
G1 F1500 X122.439 Y136.079 E3029.23119
G0 F9000 X122.439 Y135.513
G1 F1500 X112.56 Y145.392 E3029.69587
G0 F9000 X112.56 Y144.826
G1 F1500 X122.439 Y134.947 E3030.16054
G0 F9000 X122.439 Y134.382
G1 F1500 X112.56 Y144.261 E3030.62522
G0 F9000 X112.56 Y143.695
G1 F1500 X122.439 Y133.816 E3031.0899
G0 F9000 X122.439 Y133.25
G1 F1500 X112.56 Y143.129 E3031.55458
G0 F9000 X112.56 Y142.564
G1 F1500 X122.439 Y132.685 E3032.01926
G0 F9000 X122.439 Y132.119
G1 F1500 X112.56 Y141.998 E3032.48393
G0 F9000 X112.56 Y141.432
G1 F1500 X122.439 Y131.553 E3032.94861
G0 F9000 X122.439 Y130.987
G1 F1500 X112.56 Y140.866 E3033.41329
G0 F9000 X112.56 Y140.301
G1 F1500 X122.439 Y130.422 E3033.87797
G0 F9000 X122.439 Y129.856
G1 F1500 X112.56 Y139.735 E3034.34265
G0 F9000 X112.56 Y139.169
G1 F1500 X122.439 Y129.29 E3034.80732
G0 F9000 X122.439 Y128.725
G1 F1500 X112.56 Y138.604 E3035.272
G0 F9000 X112.56 Y138.038
G1 F1500 X122.439 Y128.159 E3035.73668
G0 F9000 X122.439 Y127.593
G1 F1500 X112.56 Y137.472 E3036.20136
G0 F9000 X112.56 Y136.907
G1 F1500 X122.439 Y127.028 E3036.66603
G0 F9000 X122.439 Y126.462
G1 F1500 X112.56 Y136.341 E3037.13071
G0 F9000 X112.56 Y135.775
G1 F1500 X122.439 Y125.896 E3037.59539
G0 F9000 X122.439 Y125.331
G1 F1500 X112.56 Y135.21 E3038.06007
G0 F9000 X112.56 Y134.644
G1 F1500 X122.439 Y124.765 E3038.52475
G0 F9000 X122.439 Y124.199
G1 F1500 X112.56 Y134.078 E3038.98942
G0 F9000 X112.56 Y133.513
G1 F1500 X122.439 Y123.634 E3039.4541
G0 F9000 X122.439 Y123.068
G1 F1500 X112.56 Y132.947 E3039.91878
G0 F9000 X112.56 Y132.381
G1 F1500 X122.439 Y122.502 E3040.38346
G0 F9000 X122.439 Y121.937
G1 F1500 X112.56 Y131.816 E3040.84814
G0 F9000 X112.56 Y131.25
G1 F1500 X122.439 Y121.371 E3041.31281
G0 F9000 X122.439 Y120.805
G1 F1500 X112.56 Y130.684 E3041.77749
G0 F9000 X112.56 Y130.118
G1 F1500 X122.439 Y120.239 E3042.24217
G0 F9000 X122.439 Y119.674
G1 F1500 X112.56 Y129.553 E3042.70685
G0 F9000 X112.56 Y128.987
G1 F1500 X122.439 Y119.108 E3043.17152
G0 F9000 X122.439 Y118.542
G1 F1500 X112.56 Y128.421 E3043.6362
G0 F9000 X112.56 Y127.856
G1 F1500 X122.439 Y117.977 E3044.10088
G0 F9000 X122.439 Y117.411
G1 F1500 X112.56 Y127.29 E3044.56556
G0 F9000 X112.56 Y126.724
G1 F1500 X122.439 Y116.845 E3045.03024
G0 F9000 X122.439 Y116.28
G1 F1500 X112.56 Y126.159 E3045.49491
G0 F9000 X112.56 Y125.593
G1 F1500 X122.439 Y115.714 E3045.95959
G0 F9000 X122.439 Y115.148
G1 F1500 X112.56 Y125.027 E3046.42427
G0 F9000 X112.56 Y124.462
G1 F1500 X122.439 Y114.583 E3046.88895
G0 F9000 X122.439 Y114.017
G1 F1500 X112.56 Y123.896 E3047.35363
G0 F9000 X112.56 Y123.33
G1 F1500 X122.439 Y113.451 E3047.8183
G0 F9000 X122.439 Y112.886
G1 F1500 X112.56 Y122.765 E3048.28298
G0 F9000 X112.56 Y122.199
G1 F1500 X122.439 Y112.32 E3048.74766
G0 F9000 X122.439 Y111.754
G1 F1500 X112.56 Y121.633 E3049.21234
G0 F9000 X112.56 Y121.067
G1 F1500 X122.439 Y111.189 E3049.67699
G0 F9000 X122.439 Y110.623
G1 F1500 X112.56 Y120.502 E3050.14167
G0 F9000 X112.56 Y119.936
G1 F1500 X122.439 Y110.057 E3050.60635
G0 F9000 X122.439 Y109.491
G1 F1500 X112.56 Y119.37 E3051.07102
G0 F9000 X112.56 Y118.805
G1 F1500 X122.439 Y108.926 E3051.5357
G0 F9000 X122.439 Y108.36
G1 F1500 X112.56 Y118.239 E3052.00038
G0 F9000 X112.56 Y117.673
G1 F1500 X122.439 Y107.794 E3052.46506
G0 F9000 X122.439 Y107.229
G1 F1500 X112.56 Y117.108 E3052.92974
G0 F9000 X112.56 Y116.542
G1 F1500 X122.439 Y106.663 E3053.39441
G0 F9000 X122.439 Y106.097
G1 F1500 X112.56 Y115.976 E3053.85909
G0 F9000 X112.56 Y115.411
G1 F1500 X122.439 Y105.532 E3054.32377
G0 F9000 X122.439 Y104.966
G1 F1500 X112.56 Y114.845 E3054.78845
G0 F9000 X112.56 Y114.279
G1 F1500 X122.439 Y104.4 E3055.25313
G0 F9000 X122.439 Y103.835
G1 F1500 X112.56 Y113.714 E3055.7178
G0 F9000 X112.56 Y113.148
G1 F1500 X122.439 Y103.269 E3056.18248
G0 F9000 X122.439 Y102.703
G1 F1500 X112.56 Y112.582 E3056.64716
G0 F9000 X112.56 Y112.017
G1 F1500 X122.439 Y102.138 E3057.11184
G0 F9000 X122.439 Y101.572
G1 F1500 X112.56 Y111.451 E3057.57652
G0 F9000 X112.56 Y110.885
G1 F1500 X122.439 Y101.006 E3058.04119
G0 F9000 X122.439 Y100.44
G1 F1500 X112.56 Y110.319 E3058.50587
G0 F9000 X112.56 Y109.754
G1 F1500 X122.439 Y99.875 E3058.97055
G0 F9000 X122.439 Y99.309
G1 F1500 X112.56 Y109.188 E3059.43523
G0 F9000 X112.56 Y108.622
G1 F1500 X122.439 Y98.743 E3059.8999
G0 F9000 X122.439 Y98.178
G1 F1500 X112.56 Y108.057 E3060.36458
G0 F9000 X112.56 Y107.491
G1 F1500 X122.439 Y97.612 E3060.82926
G0 F9000 X122.439 Y97.046
G1 F1500 X112.56 Y106.925 E3061.29394
G0 F9000 X112.56 Y106.36
G1 F1500 X122.439 Y96.481 E3061.75862
G0 F9000 X122.439 Y95.915
G1 F1500 X112.56 Y105.794 E3062.22329
G0 F9000 X112.56 Y105.228
G1 F1500 X122.439 Y95.349 E3062.68797
G0 F9000 X122.439 Y94.784
G1 F1500 X112.56 Y104.663 E3063.15265
G0 F9000 X112.56 Y104.097
G1 F1500 X122.439 Y94.218 E3063.61733
G0 F9000 X122.439 Y93.652
G1 F1500 X112.56 Y103.531 E3064.08201
G0 F9000 X112.56 Y102.966
G1 F1500 X122.439 Y93.087 E3064.54668
G0 F9000 X122.439 Y92.521
G1 F1500 X112.56 Y102.4 E3065.01136
G0 F9000 X112.56 Y101.834
G1 F1500 X122.439 Y91.955 E3065.47604
G0 F9000 X122.439 Y91.39
G1 F1500 X112.56 Y101.269 E3065.94072
G0 F9000 X112.56 Y100.703
G1 F1500 X122.439 Y90.824 E3066.40539
G0 F9000 X122.439 Y90.258
G1 F1500 X112.56 Y100.137 E3066.87007
G0 F9000 X112.56 Y99.571
G1 F1500 X122.439 Y89.692 E3067.33475
G0 F9000 X122.439 Y89.127
G1 F1500 X112.56 Y99.006 E3067.79943
G0 F9000 X112.56 Y98.44
G1 F1500 X122.448 Y88.551 E3068.26455
G0 F9000 X122.463 Y87.971
G1 F1500 X112.56 Y97.874 E3068.73036
G0 F9000 X112.56 Y97.309
G1 F1500 X122.479 Y87.389 E3069.19694
G0 F9000 X122.494 Y86.809
G1 F1500 X112.56 Y96.743 E3069.66421
G0 F9000 X112.56 Y96.177
G1 F1500 X122.509 Y86.228 E3070.13218
G0 F9000 X122.523 Y85.648
G1 F1500 X112.56 Y95.612 E3070.60083
G0 F9000 X112.56 Y95.046
G1 F1500 X122.538 Y85.067 E3071.07019
G0 F9000 X122.553 Y84.487
G1 F1500 X112.56 Y94.48 E3071.54023
G0 F9000 X112.56 Y93.915
G1 F1500 X122.569 Y83.905 E3072.01104
G0 F9000 X122.584 Y83.325
G1 F1500 X112.56 Y93.349 E3072.48254
G0 F9000 X112.56 Y92.783
G1 F1500 X122.598 Y82.744 E3072.95472
G0 F9000 X122.613 Y82.164
G1 F1500 X112.56 Y92.218 E3073.42761
G0 F9000 X112.56 Y91.652
G1 F1500 X122.633 Y81.578 E3073.90144
G0 F9000 X122.68 Y80.965
G1 F1500 X112.56 Y91.086 E3074.37747
G0 F9000 X112.56 Y90.52
G1 F1500 X122.728 Y80.352 E3074.85574
G0 F9000 X122.775 Y79.739
G1 F1500 X112.56 Y89.955 E3075.33625
G0 F9000 X112.56 Y89.389
G1 F1500 X122.823 Y79.126 E3075.81899
G0 F9000 X122.87 Y78.513
G1 F1500 X112.556 Y88.827 E3076.30413
G0 F9000 X112.541 Y88.276
G1 F1500 X122.917 Y77.9 E3076.79218
G0 F9000 X122.965 Y77.287
G1 F1500 X112.527 Y87.725 E3077.28316
G0 F9000 X112.513 Y87.173
G1 F1500 X123.012 Y76.674 E3077.777
G0 F9000 X123.06 Y76.06
G1 F1500 X112.498 Y86.622 E3078.2738
G0 F9000 X112.484 Y86.071
G1 F1500 X123.107 Y75.447 E3078.7735
G0 F9000 X123.155 Y74.834
G1 F1500 X112.47 Y85.519 E3079.27609
G0 F9000 X112.455 Y84.968
G1 F1500 X123.204 Y74.22 E3079.78166
G0 F9000 X123.288 Y73.57
G1 F1500 X112.441 Y84.417 E3080.29187
G0 F9000 X112.427 Y83.865
G1 F1500 X123.371 Y72.921 E3080.80665
G0 F9000 X123.455 Y72.271
G1 F1500 X112.412 Y83.314 E3081.32607
G0 F9000 X112.398 Y82.763
G1 F1500 X123.54 Y71.621 E3081.85016
G0 F9000 X123.624 Y70.971
G1 F1500 X112.384 Y82.211 E3082.37886
G0 F9000 X112.369 Y81.66
G1 F1500 X123.708 Y70.321 E3082.91221
G0 F9000 X123.792 Y69.671
G1 F1500 X112.332 Y81.132 E3083.45127
G0 F9000 X112.292 Y80.606
G1 F1500 X123.876 Y69.022 E3083.99615
G0 F9000 X123.96 Y68.372
G1 F1500 X112.251 Y80.081 E3084.54691
G0 F9000 X112.21 Y79.557
G1 F1500 X124.044 Y67.723 E3085.10354
G0 F9000 X124.128 Y67.073
G1 F1500 X112.169 Y79.031 E3085.66603
G0 F9000 X112.128 Y78.507
G1 F1500 X124.247 Y66.388 E3086.23607
G0 F9000 X124.373 Y65.696
G1 F1500 X112.088 Y77.981 E3086.81392
G0 F9000 X112.047 Y77.457
G1 F1500 X124.499 Y65.005 E3087.39962
G0 F9000 X124.625 Y64.313
G1 F1500 X112.006 Y76.932 E3087.99318
G0 F9000 X111.966 Y76.407
G1 F1500 X124.751 Y63.621 E3088.59457
G0 F9000 X124.877 Y62.93
G1 F1500 X111.925 Y75.882 E3089.2038
G0 F9000 X111.884 Y75.357
G1 F1500 X125.003 Y62.238 E3089.82087
G0 F9000 X125.129 Y61.546
G1 F1500 X111.843 Y74.832 E3090.44581
G0 F9000 X111.802 Y74.307
G1 F1500 X125.255 Y60.855 E3091.07857
G0 F9000 X125.381 Y60.163
G1 F1500 X111.741 Y73.802 E3091.72013
G0 F9000 X111.676 Y73.302
G1 F1500 X125.437 Y59.541 E3092.36741
G0 F9000 X125.437 Y58.975
G1 F1500 X111.611 Y72.801 E3093.01774
G0 F9000 X111.547 Y72.3
G1 F1500 X125.437 Y58.409 E3093.67111
G0 F9000 X125.437 Y57.844
G1 F1500 X111.482 Y71.799 E3094.32751
G0 F9000 X111.417 Y71.298
G1 F1500 X125.437 Y57.278 E3094.98696
G0 F9000 X125.437 Y56.712
G1 F1500 X111.352 Y70.798 E3095.6495
G0 F9000 X111.287 Y70.297
G1 F1500 X125.437 Y56.147 E3096.31508
G0 F9000 X125.437 Y55.581
G1 F1500 X111.222 Y69.796 E3096.98371
G0 F9000 X111.157 Y69.295
G1 F1500 X125.437 Y55.015 E3097.65539
G0 F9000 X125.437 Y54.45
G1 F1500 X111.092 Y68.795 E3098.33014
G0 F9000 X111.027 Y68.294
G1 F1500 X125.437 Y53.884 E3099.00794
G0 F9000 X125.437 Y53.318
G1 F1500 X110.962 Y67.793 E3099.6888
G0 F9000 X110.898 Y67.292
G1 F1500 X125.437 Y52.752 E3100.37269
G0 F9000 X125.437 Y52.187
G1 F1500 X110.826 Y66.798 E3101.05995
G0 F9000 X110.739 Y66.32
G1 F1500 X125.437 Y51.621 E3101.75132
G0 F9000 X125.437 Y51.055
G1 F1500 X110.651 Y65.842 E3102.44683
G0 F9000 X110.564 Y65.363
G1 F1500 X125.437 Y50.49 E3103.14641
G0 F9000 X125.437 Y49.924
G1 F1500 X110.476 Y64.885 E3103.85013
G0 F9000 X110.389 Y64.406
G1 F1500 X125.437 Y49.358 E3104.55795
G0 F9000 X125.437 Y48.793
G1 F1500 X110.303 Y63.928 E3105.26983
G0 F9000 X110.215 Y63.45
G1 F1500 X125.437 Y48.227 E3105.98585
G0 F9000 X125.437 Y47.661
G1 F1500 X110.128 Y62.971 E3106.70596
G0 F9000 X110.04 Y62.493
G1 F1500 X125.437 Y47.096 E3107.43019
G0 F9000 X125.437 Y46.53
G1 F1500 X109.953 Y62.014 E3108.15851
G0 F9000 X109.866 Y61.535
G1 F1500 X125.437 Y45.964 E3108.89092
G0 F9000 X125.437 Y45.399
G1 F1500 X109.779 Y61.057 E3109.62742
G0 F9000 X109.692 Y60.579
G1 F1500 X125.437 Y44.833 E3110.36804
G0 F9000 X125.437 Y44.267
G1 F1500 X109.605 Y60.1 E3111.11275
G0 F9000 X109.56 Y59.579
G1 F1500 X125.437 Y43.702 E3111.85956
G0 F9000 X125.437 Y43.136
G1 F1500 X109.56 Y59.013 E3112.60636
G0 F9000 X109.56 Y58.448
G1 F1500 X125.437 Y42.57 E3113.35319
G0 F9000 X125.437 Y42.004
G1 F1500 X109.56 Y57.882 E3114.10002
G0 F9000 X109.56 Y57.316
G1 F1500 X125.437 Y41.439 E3114.84683
G0 F9000 X125.437 Y40.873
G1 F1500 X109.56 Y56.75 E3115.59363
G0 F9000 X109.56 Y56.185
G1 F1500 X125.437 Y40.307 E3116.34046
G0 F9000 X125.437 Y39.742
G1 F1500 X109.56 Y55.619 E3117.08727
G0 F9000 X109.56 Y55.053
G1 F1500 X125.437 Y39.176 E3117.83407
G0 F9000 X125.437 Y38.61
G1 F1500 X109.56 Y54.488 E3118.5809
G0 F9000 X109.56 Y53.922
G1 F1500 X125.437 Y38.045 E3119.32771
G0 F9000 X125.437 Y37.479
G1 F1500 X109.56 Y53.356 E3120.07451
G0 F9000 X109.56 Y52.791
G1 F1500 X125.437 Y36.913 E3120.82134
G0 F9000 X125.225 Y36.56
G1 F1500 X109.56 Y52.225 E3121.55818
G0 F9000 X109.56 Y51.659
G1 F1500 X124.659 Y36.56 E3122.26839
G0 F9000 X124.093 Y36.56
G1 F1500 X109.56 Y51.094 E3122.952
G0 F9000 X109.56 Y50.528
G1 F1500 X123.528 Y36.56 E3123.60901
G0 F9000 X122.962 Y36.56
G1 F1500 X109.56 Y49.962 E3124.2394
G0 F9000 X109.56 Y49.397
G1 F1500 X122.396 Y36.56 E3124.84319
G0 F9000 X121.83 Y36.56
G1 F1500 X109.56 Y48.831 E3125.42035
G0 F9000 X109.56 Y48.265
G1 F1500 X121.265 Y36.56 E3125.97092
G0 F9000 X120.699 Y36.56
G1 F1500 X109.56 Y47.7 E3126.49489
G0 F9000 X109.56 Y47.134
G1 F1500 X120.133 Y36.56 E3126.99223
G0 F9000 X119.568 Y36.56
G1 F1500 X109.56 Y46.568 E3127.46298
G0 F9000 X109.56 Y46.002
G1 F1500 X119.002 Y36.56 E3127.9071
G0 F9000 X118.436 Y36.56
G1 F1500 X109.56 Y45.437 E3128.32463
G0 F9000 X109.56 Y44.871
G1 F1500 X117.871 Y36.56 E3128.71555
G0 F9000 X117.305 Y36.56
G1 F1500 X109.56 Y44.305 E3129.07985
G0 F9000 X109.56 Y43.74
G1 F1500 X116.739 Y36.56 E3129.41755
G0 F9000 X116.174 Y36.56
G1 F1500 X109.56 Y43.174 E3129.72866
G0 F9000 X109.56 Y42.608
G1 F1500 X115.608 Y36.56 E3130.01313
G0 F9000 X115.042 Y36.56
G1 F1500 X109.56 Y42.043 E3130.27101
G0 F9000 X109.56 Y41.477
G1 F1500 X114.477 Y36.56 E3130.5023
G0 F9000 X113.911 Y36.56
G1 F1500 X109.56 Y40.911 E3130.70695
G0 F9000 X109.56 Y40.346
G1 F1500 X113.345 Y36.56 E3130.88501
G0 F9000 X112.779 Y36.56
G1 F1500 X109.56 Y39.78 E3131.03645
G0 F9000 X109.56 Y39.214
G1 F1500 X112.214 Y36.56 E3131.16128
G0 F9000 X111.648 Y36.56
G1 F1500 X109.56 Y38.649 E3131.25952
G0 F9000 X109.56 Y38.083
G1 F1500 X111.082 Y36.56 E3131.33113
G0 F9000 X110.517 Y36.56
G1 F1500 X109.56 Y37.517 E3131.37615
G0 F9000 X109.56 Y36.951
G1 F1500 X109.951 Y36.56 E3131.39454
G1 F2700 E3126.39454
;MESH:NONMESH
G0 F300 X109.951 Y36.56 Z7
G0 F9000 X109.951 Y36.1
G0 X109.172 Y36.172
G0 X109.162 Y59.896
G0 X111.083 Y74.337
G0 X111.65 Y81.659
G0 X111.839 Y88.99
G0 X111.839 Y146.01
G0 X111.65 Y153.341
G0 X111.083 Y160.663
G0 X110.14 Y167.947
G0 X109.149 Y173.192
G0 X109 Y199
;TIME_ELAPSED:9989.015565
;LAYER:34
;TYPE:WALL-INNER
;MESH:D638-22 Tensile.STL
G1 F2700 E3131.39454
G1 F1500 X126 Y199 E3131.95996
G1 X126 Y175.858 E3132.72967
G1 X126 Y175.089 E3132.75524
G1 X124.701 Y167.971 E3132.9959
G1 X123.754 Y160.654 E3133.24129
G1 X123.188 Y153.323 E3133.48585
G1 X123 Y146.027 E3133.7286
G1 X123 Y88.973 E3135.62622
G1 X123.19 Y81.624 E3135.87073
G1 X123.754 Y74.346 E3136.11352
G1 X124.701 Y67.027 E3136.35898
G1 X125.999 Y59.907 E3136.5997
G1 X126 Y36 E3137.39485
G1 X109 Y36 E3137.96027
G1 X109.001 Y59.911 E3138.75555
G1 X110.299 Y67.028 E3138.99617
G1 X111.246 Y74.345 E3139.24157
G1 X111.81 Y81.625 E3139.48443
G1 X112 Y88.973 E3139.7289
G1 X112 Y146.027 E3141.62653
G1 X111.812 Y153.324 E3141.86931
G1 X111.245 Y160.664 E3142.11416
G1 X110.299 Y167.972 E3142.35926
G1 X109 Y175.093 E3142.60001
G1 X109 Y199 E3143.39516
G1 F2700 E3138.39516
G0 F9000 X125.828 Y198.828
G0 X125.839 Y175.105
G0 X124.797 Y167.931
G1 F2700 E3143.39516
G0 F9000 X125.094 Y167.894
G1 F1500 X126.4 Y175.053 E3143.6372
G1 X126.4 Y175.858 E3143.66397
G1 X126.4 Y199.4 E3144.44698
G1 X108.6 Y199.4 E3145.03901
G1 X108.6 Y175.057 E3145.84866
G1 X109.906 Y167.896 E3146.09077
G1 X110.844 Y160.654 E3146.33365
G1 X111.411 Y153.345 E3146.57748
G1 X111.6 Y146.017 E3146.82129
G1 X111.6 Y88.983 E3148.71825
G1 X111.411 Y81.656 E3148.96203
G1 X110.847 Y74.376 E3149.20489
G1 X109.906 Y67.105 E3149.44874
G1 X108.601 Y59.947 E3149.69074
G1 X108.6 Y35.6 E3150.50052
G1 X126.4 Y35.6 E3151.09255
G1 X126.399 Y59.943 E3151.90221
G1 X125.094 Y67.104 E3152.1443
G1 X124.156 Y74.346 E3152.38719
G1 X123.589 Y81.655 E3152.63101
G1 X123.4 Y88.983 E3152.87483
G1 X123.4 Y146.017 E3154.77178
G1 X123.589 Y153.343 E3155.01553
G1 X124.156 Y160.654 E3155.25942
G1 X125.094 Y167.894 E3155.50224
G1 F2700 E3150.50224
G0 F9000 X124.797 Y167.931
G0 X126.198 Y175.072
G0 X126.082 Y199.082
G0 X108.47 Y199.53
G1 F2700 E3155.50224
G0 F9000 X108.2 Y199.8
;TYPE:WALL-OUTER
G1 F1500 X126.8 Y199.8 E3156.12088
G1 X126.8 Y175.858 E3156.91719
G1 X126.8 Y175.017 E3156.94516
G1 X125.491 Y167.842 E3157.18774
G1 X124.552 Y160.592 E3157.43089
G1 X123.988 Y153.302 E3157.67409
G1 X123.8 Y146.007 E3157.9168
G1 X123.8 Y88.993 E3159.81309
G1 X123.988 Y81.686 E3160.0562
G1 X124.553 Y74.398 E3160.29933
G1 X125.493 Y67.146 E3160.54255
G1 X126.799 Y59.979 E3160.78485
G1 X126.8 Y35.2 E3161.60901
G1 X108.2 Y35.2 E3162.22764
G1 X108.201 Y59.983 E3163.05193
G1 X109.509 Y67.157 E3163.29447
G1 X110.448 Y74.407 E3163.53762
G1 X111.012 Y81.697 E3163.78081
G1 X111.2 Y88.993 E3164.02356
G1 X111.2 Y146.007 E3165.91985
G1 X111.012 Y153.314 E3166.16296
G1 X110.447 Y160.602 E3166.40609
G1 X109.507 Y167.854 E3166.64931
G1 X108.2 Y175.021 E3166.89162
G1 X108.2 Y199.8 E3167.71577
G0 F9000 X108.47 Y199.53
G0 X109.1 Y198.64
G0 X109.36 Y198.64
;TYPE:SKIN
G1 F1500 X125.64 Y198.64 E3168.25725
G1 X125.64 Y175.122 E3169.03946
G1 X124.341 Y168.004 E3169.28011
G1 X123.401 Y160.741 E3169.5237
G1 X122.831 Y153.391 E3169.76889
G1 X122.64 Y146.04 E3170.01347
G1 X122.64 Y88.961 E3171.91193
G1 X122.828 Y81.657 E3172.15494
G1 X123.402 Y74.247 E3172.40214
G1 X124.343 Y66.983 E3172.64576
G1 X125.639 Y59.872 E3172.88616
G1 X125.639 Y36.361 E3173.66814
G1 X109.361 Y36.361 E3174.20955
G1 X109.361 Y59.879 E3174.99176
G1 X110.659 Y66.995 E3175.23235
G1 X111.599 Y74.258 E3175.47593
G1 X112.169 Y81.606 E3175.72106
G1 X112.36 Y88.961 E3175.96577
G1 X112.36 Y146.04 E3177.86423
G1 X112.172 Y153.343 E3178.10721
G1 X111.598 Y160.752 E3178.35437
G1 X110.657 Y168.017 E3178.59802
G1 X109.36 Y175.128 E3178.83844
G1 X109.36 Y198.64 E3179.62045
G0 F9000 X109.559 Y198.372
G1 F1500 X109.626 Y198.438 E3179.62358
G0 F9000 X110.191 Y198.438
G1 F1500 X109.559 Y197.806 E3179.6533
G0 F9000 X109.559 Y197.241
G1 F1500 X110.757 Y198.438 E3179.70963
G0 F9000 X111.323 Y198.438
G1 F1500 X109.559 Y196.675 E3179.79258
G0 F9000 X109.559 Y196.109
G1 F1500 X111.889 Y198.438 E3179.90215
G0 F9000 X112.454 Y198.438
G1 F1500 X109.559 Y195.544 E3180.0383
G0 F9000 X109.559 Y194.978
G1 F1500 X113.02 Y198.438 E3180.20107
G0 F9000 X113.586 Y198.438
G1 F1500 X109.559 Y194.412 E3180.39047
G0 F9000 X109.559 Y193.846
G1 F1500 X114.151 Y198.438 E3180.60646
G0 F9000 X114.717 Y198.438
G1 F1500 X109.559 Y193.281 E3180.84905
G0 F9000 X109.559 Y192.715
G1 F1500 X115.283 Y198.438 E3181.11827
G0 F9000 X115.848 Y198.438
G1 F1500 X109.559 Y192.149 E3181.41409
G0 F9000 X109.559 Y191.584
G1 F1500 X116.414 Y198.438 E3181.7365
G0 F9000 X116.98 Y198.438
G1 F1500 X109.559 Y191.018 E3182.08554
G0 F9000 X109.559 Y190.452
G1 F1500 X117.545 Y198.438 E3182.46117
G0 F9000 X118.111 Y198.438
G1 F1500 X109.559 Y189.887 E3182.86341
G0 F9000 X109.559 Y189.321
G1 F1500 X118.677 Y198.438 E3183.29227
G0 F9000 X119.242 Y198.438
G1 F1500 X109.559 Y188.755 E3183.74773
G0 F9000 X109.559 Y188.19
G1 F1500 X119.808 Y198.438 E3184.22979
G0 F9000 X120.374 Y198.438
G1 F1500 X109.559 Y187.624 E3184.73847
G0 F9000 X109.559 Y187.058
G1 F1500 X120.94 Y198.438 E3185.27377
G0 F9000 X121.505 Y198.438
G1 F1500 X109.559 Y186.493 E3185.83565
G0 F9000 X109.559 Y185.927
G1 F1500 X122.071 Y198.438 E3186.42415
G0 F9000 X122.637 Y198.438
G1 F1500 X109.559 Y185.361 E3187.03928
G0 F9000 X109.559 Y184.795
G1 F1500 X123.202 Y198.438 E3187.681
G0 F9000 X123.768 Y198.438
G1 F1500 X109.559 Y184.23 E3188.34933
G0 F9000 X109.559 Y183.664
G1 F1500 X124.334 Y198.438 E3189.04428
G0 F9000 X124.899 Y198.438
G1 F1500 X109.559 Y183.098 E3189.76582
G0 F9000 X109.559 Y182.533
G1 F1500 X125.44 Y198.413 E3190.51279
G0 F9000 X125.44 Y197.847
G1 F1500 X109.559 Y181.967 E3191.25976
G0 F9000 X109.559 Y181.401
G1 F1500 X125.44 Y197.282 E3192.00676
G0 F9000 X125.44 Y196.716
G1 F1500 X109.559 Y180.836 E3192.75373
G0 F9000 X109.559 Y180.27
G1 F1500 X125.44 Y196.15 E3193.5007
G0 F9000 X125.44 Y195.585
G1 F1500 X109.559 Y179.704 E3194.24769
G0 F9000 X109.559 Y179.139
G1 F1500 X125.44 Y195.019 E3194.99466
G0 F9000 X125.44 Y194.453
G1 F1500 X109.559 Y178.573 E3195.74163
G0 F9000 X109.559 Y178.007
G1 F1500 X125.44 Y193.887 E3196.4886
G0 F9000 X125.44 Y193.322
G1 F1500 X109.559 Y177.442 E3197.23557
G0 F9000 X109.559 Y176.876
G1 F1500 X125.44 Y192.756 E3197.98254
G0 F9000 X125.44 Y192.19
G1 F1500 X109.559 Y176.31 E3198.72951
G0 F9000 X109.559 Y175.745
G1 F1500 X125.44 Y191.625 E3199.47648
G0 F9000 X125.44 Y191.059
G1 F1500 X109.559 Y175.179 E3200.22345
G0 F9000 X109.641 Y174.695
G1 F1500 X125.44 Y190.493 E3200.96656
G0 F9000 X125.44 Y189.928
G1 F1500 X109.728 Y174.216 E3201.70561
G0 F9000 X109.815 Y173.738
G1 F1500 X125.44 Y189.362 E3202.44054
G0 F9000 X125.44 Y188.796
G1 F1500 X109.903 Y173.26 E3203.17132
G0 F9000 X109.99 Y172.781
G1 F1500 X125.44 Y188.231 E3203.89805
G0 F9000 X125.44 Y187.665
G1 F1500 X110.078 Y172.303 E3204.62063
G0 F9000 X110.165 Y171.824
G1 F1500 X125.44 Y187.099 E3205.33912
G0 F9000 X125.44 Y186.534
G1 F1500 X110.252 Y171.346 E3206.05351
G0 F9000 X110.339 Y170.868
G1 F1500 X125.44 Y185.968 E3206.76379
G0 F9000 X125.44 Y185.402
G1 F1500 X110.426 Y170.389 E3207.46998
G0 F9000 X110.514 Y169.911
G1 F1500 X125.44 Y184.837 E3208.17206
G0 F9000 X125.44 Y184.271
G1 F1500 X110.601 Y169.432 E3208.87004
G0 F9000 X110.689 Y168.954
G1 F1500 X125.44 Y183.705 E3209.56388
G0 F9000 X125.44 Y183.139
G1 F1500 X110.776 Y168.475 E3210.25363
G0 F9000 X110.861 Y167.995
G1 F1500 X125.44 Y182.574 E3210.93938
G0 F9000 X125.44 Y182.008
G1 F1500 X110.926 Y167.495 E3211.62205
G0 F9000 X110.991 Y166.993
G1 F1500 X125.44 Y181.442 E3212.30169
G0 F9000 X125.44 Y180.877
G1 F1500 X111.056 Y166.493 E3212.97827
G0 F9000 X111.12 Y165.991
G1 F1500 X125.44 Y180.311 E3213.65184
G0 F9000 X125.44 Y179.745
G1 F1500 X111.185 Y165.491 E3214.32232
G0 F9000 X111.25 Y164.99
G1 F1500 X125.44 Y179.18 E3214.98978
G0 F9000 X125.44 Y178.614
G1 F1500 X111.314 Y164.489 E3215.6542
G0 F9000 X111.379 Y163.988
G1 F1500 X125.44 Y178.048 E3216.31556
G0 F9000 X125.44 Y177.483
G1 F1500 X111.444 Y163.487 E3216.97389
G0 F9000 X111.509 Y162.986
G1 F1500 X125.44 Y176.917 E3217.62916
G0 F9000 X125.44 Y176.351
G1 F1500 X111.573 Y162.485 E3218.2814
G0 F9000 X111.638 Y161.984
G1 F1500 X125.44 Y175.786 E3218.9306
G0 F9000 X125.44 Y175.22
G1 F1500 X111.703 Y161.484 E3219.57673
G0 F9000 X111.768 Y160.982
G1 F1500 X125.331 Y174.546 E3220.21471
G0 F9000 X125.205 Y173.854
G1 F1500 X111.819 Y160.468 E3220.84435
G0 F9000 X111.86 Y159.943
G1 F1500 X125.079 Y173.162 E3221.46613
G0 F9000 X124.953 Y172.471
G1 F1500 X111.901 Y159.418 E3222.08008
G0 F9000 X111.941 Y158.893
G1 F1500 X124.826 Y171.778 E3222.68615
G0 F9000 X124.7 Y171.086
G1 F1500 X111.982 Y158.368 E3223.28436
G0 F9000 X112.022 Y157.843
G1 F1500 X124.574 Y170.395 E3223.87477
G0 F9000 X124.447 Y169.702
G1 F1500 X112.063 Y157.318 E3224.45728
G0 F9000 X112.104 Y156.793
G1 F1500 X124.322 Y169.011 E3225.03198
G0 F9000 X124.195 Y168.318
G1 F1500 X112.145 Y156.268 E3225.59877
G0 F9000 X112.185 Y155.743
G1 F1500 X124.095 Y167.652 E3226.15896
G0 F9000 X124.01 Y167.003
G1 F1500 X112.226 Y155.218 E3226.71326
G0 F9000 X112.266 Y154.693
G1 F1500 X123.926 Y166.353 E3227.26171
G0 F9000 X123.841 Y165.702
G1 F1500 X112.307 Y154.168 E3227.80424
G0 F9000 X112.347 Y153.642
G1 F1500 X123.757 Y165.052 E3228.34093
G0 F9000 X123.673 Y164.403
G1 F1500 X112.377 Y153.107 E3228.87226
G0 F9000 X112.391 Y152.555
G1 F1500 X123.589 Y163.753 E3229.39898
G0 F9000 X123.505 Y163.103
G1 F1500 X112.405 Y152.003 E3229.92109
G0 F9000 X112.42 Y151.452
G1 F1500 X123.421 Y162.453 E3230.43854
G0 F9000 X123.337 Y161.803
G1 F1500 X112.434 Y150.9 E3230.95139
G0 F9000 X112.448 Y150.349
G1 F1500 X123.252 Y161.153 E3231.45957
G0 F9000 X123.183 Y160.518
G1 F1500 X112.463 Y149.798 E3231.96381
G0 F9000 X112.477 Y149.246
G1 F1500 X123.136 Y159.905 E3232.46517
G0 F9000 X123.088 Y159.292
G1 F1500 X112.491 Y148.695 E3232.96363
G0 F9000 X112.505 Y148.143
G1 F1500 X123.04 Y158.679 E3233.45918
G0 F9000 X122.993 Y158.065
G1 F1500 X112.519 Y147.592 E3233.95182
G0 F9000 X112.533 Y147.04
G1 F1500 X122.946 Y157.452 E3234.4416
G0 F9000 X122.897 Y156.839
G1 F1500 X112.548 Y146.489 E3234.9284
G0 F9000 X112.559 Y145.934
G1 F1500 X122.85 Y156.226 E3235.41249
G0 F9000 X122.803 Y155.612
G1 F1500 X112.559 Y145.369 E3235.89431
G0 F9000 X112.559 Y144.803
G1 F1500 X122.755 Y154.999 E3236.3739
G0 F9000 X122.707 Y154.386
G1 F1500 X112.559 Y144.237 E3236.85125
G0 F9000 X112.559 Y143.672
G1 F1500 X122.66 Y153.773 E3237.32637
G0 F9000 X122.626 Y153.173
G1 F1500 X112.559 Y143.106 E3237.79989
G0 F9000 X112.559 Y142.54
G1 F1500 X122.61 Y152.592 E3238.27268
G0 F9000 X122.596 Y152.011
G1 F1500 X112.559 Y141.975 E3238.74477
G0 F9000 X112.559 Y141.409
G1 F1500 X122.58 Y151.43 E3239.21613
G0 F9000 X122.565 Y150.849
G1 F1500 X112.559 Y140.843 E3239.68678
G0 F9000 X112.559 Y140.277
G1 F1500 X122.55 Y150.268 E3240.15672
G0 F9000 X122.535 Y149.688
G1 F1500 X112.559 Y139.712 E3240.62597
G0 F9000 X112.559 Y139.146
G1 F1500 X122.52 Y149.107 E3241.0945
G0 F9000 X122.504 Y148.526
G1 F1500 X112.559 Y138.58 E3241.56231
G0 F9000 X112.559 Y138.015
G1 F1500 X122.489 Y147.945 E3242.02938
G0 F9000 X122.474 Y147.364
G1 F1500 X112.559 Y137.449 E3242.49575
G0 F9000 X112.559 Y136.883
G1 F1500 X122.459 Y146.784 E3242.96144
G0 F9000 X122.444 Y146.202
G1 F1500 X112.559 Y136.318 E3243.42638
G0 F9000 X112.559 Y135.752
G1 F1500 X122.439 Y145.632 E3243.8911
G0 F9000 X122.439 Y145.067
G1 F1500 X112.559 Y135.186 E3244.35585
G0 F9000 X112.559 Y134.621
G1 F1500 X122.439 Y144.501 E3244.82058
G0 F9000 X122.439 Y143.935
G1 F1500 X112.559 Y134.055 E3245.2853
G0 F9000 X112.559 Y133.489
G1 F1500 X122.439 Y143.37 E3245.75005
G0 F9000 X122.439 Y142.804
G1 F1500 X112.559 Y132.924 E3246.21478
G0 F9000 X112.559 Y132.358
G1 F1500 X122.439 Y142.238 E3246.6795
G0 F9000 X122.439 Y141.673
G1 F1500 X112.559 Y131.792 E3247.14425
G0 F9000 X112.559 Y131.226
G1 F1500 X122.439 Y141.107 E3247.609
G0 F9000 X122.439 Y140.541
G1 F1500 X112.559 Y130.661 E3248.07372
G0 F9000 X112.559 Y130.095
G1 F1500 X122.439 Y139.976 E3248.53847
G0 F9000 X122.439 Y139.41
G1 F1500 X112.559 Y129.529 E3249.00322
G0 F9000 X112.559 Y128.964
G1 F1500 X122.439 Y138.844 E3249.46794
G0 F9000 X122.439 Y138.278
G1 F1500 X112.559 Y128.398 E3249.93267
G0 F9000 X112.559 Y127.832
G1 F1500 X122.439 Y137.713 E3250.39742
G0 F9000 X122.439 Y137.147
G1 F1500 X112.559 Y127.267 E3250.86214
G0 F9000 X112.559 Y126.701
G1 F1500 X122.439 Y136.581 E3251.32687
G0 F9000 X122.439 Y136.016
G1 F1500 X112.559 Y126.135 E3251.79162
G0 F9000 X112.559 Y125.57
G1 F1500 X122.439 Y135.45 E3252.25634
G0 F9000 X122.439 Y134.884
G1 F1500 X112.559 Y125.004 E3252.72107
G0 F9000 X112.559 Y124.438
G1 F1500 X122.439 Y134.319 E3253.18581
G0 F9000 X122.439 Y133.753
G1 F1500 X112.559 Y123.873 E3253.65054
G0 F9000 X112.559 Y123.307
G1 F1500 X122.439 Y133.187 E3254.11526
G0 F9000 X122.439 Y132.622
G1 F1500 X112.559 Y122.741 E3254.58001
G0 F9000 X112.559 Y122.176
G1 F1500 X122.439 Y132.056 E3255.04474
G0 F9000 X122.439 Y131.49
G1 F1500 X112.559 Y121.61 E3255.50946
G0 F9000 X112.559 Y121.044
G1 F1500 X122.439 Y130.925 E3255.97421
G0 F9000 X122.439 Y130.359
G1 F1500 X112.559 Y120.478 E3256.43896
G0 F9000 X112.559 Y119.913
G1 F1500 X122.439 Y129.793 E3256.90368
G0 F9000 X122.439 Y129.228
G1 F1500 X112.559 Y119.347 E3257.36843
G0 F9000 X112.559 Y118.781
G1 F1500 X122.439 Y128.662 E3257.83318
G0 F9000 X122.439 Y128.096
G1 F1500 X112.559 Y118.216 E3258.29791
G0 F9000 X112.559 Y117.65
G1 F1500 X122.439 Y127.53 E3258.76263
G0 F9000 X122.439 Y126.965
G1 F1500 X112.559 Y117.084 E3259.22738
G0 F9000 X112.559 Y116.519
G1 F1500 X122.439 Y126.399 E3259.6921
G0 F9000 X122.439 Y125.833
G1 F1500 X112.559 Y115.953 E3260.15683
G0 F9000 X112.559 Y115.387
G1 F1500 X122.439 Y125.268 E3260.62158
G0 F9000 X122.439 Y124.702
G1 F1500 X112.559 Y114.822 E3261.0863
G0 F9000 X112.559 Y114.256
G1 F1500 X122.439 Y124.136 E3261.55103
G0 F9000 X122.439 Y123.571
G1 F1500 X112.559 Y113.69 E3262.01578
G0 F9000 X112.559 Y113.125
G1 F1500 X122.439 Y123.005 E3262.4805
G0 F9000 X122.439 Y122.439
G1 F1500 X112.559 Y112.559 E3262.94523
G0 F9000 X112.559 Y111.993
G1 F1500 X122.439 Y121.874 E3263.40997
G0 F9000 X122.439 Y121.308
G1 F1500 X112.559 Y111.428 E3263.8747
G0 F9000 X112.559 Y110.862
G1 F1500 X122.439 Y120.742 E3264.33942
G0 F9000 X122.439 Y120.177
G1 F1500 X112.559 Y110.296 E3264.80417
G0 F9000 X112.559 Y109.73
G1 F1500 X122.439 Y119.611 E3265.26892
G0 F9000 X122.439 Y119.045
G1 F1500 X112.559 Y109.165 E3265.73365
G0 F9000 X112.559 Y108.599
G1 F1500 X122.439 Y118.479 E3266.19837
G0 F9000 X122.439 Y117.914
G1 F1500 X112.559 Y108.033 E3266.66312
G0 F9000 X112.559 Y107.468
G1 F1500 X122.439 Y117.348 E3267.12784
G0 F9000 X122.439 Y116.782
G1 F1500 X112.559 Y106.902 E3267.59257
G0 F9000 X112.559 Y106.336
G1 F1500 X122.439 Y116.217 E3268.05732
G0 F9000 X122.439 Y115.651
G1 F1500 X112.559 Y105.771 E3268.52204
G0 F9000 X112.559 Y105.205
G1 F1500 X122.439 Y115.085 E3268.98677
G0 F9000 X122.439 Y114.52
G1 F1500 X112.559 Y104.639 E3269.45152
G0 F9000 X112.559 Y104.074
G1 F1500 X122.439 Y113.954 E3269.91624
G0 F9000 X122.439 Y113.388
G1 F1500 X112.559 Y103.508 E3270.38097
G0 F9000 X112.559 Y102.942
G1 F1500 X122.439 Y112.823 E3270.84571
G0 F9000 X122.439 Y112.257
G1 F1500 X112.559 Y102.377 E3271.31044
G0 F9000 X112.559 Y101.811
G1 F1500 X122.439 Y111.691 E3271.77516
G0 F9000 X122.439 Y111.126
G1 F1500 X112.559 Y101.245 E3272.23991
G0 F9000 X112.559 Y100.679
G1 F1500 X122.439 Y110.56 E3272.70466
G0 F9000 X122.439 Y109.994
G1 F1500 X112.559 Y100.114 E3273.16939
G0 F9000 X112.559 Y99.548
G1 F1500 X122.439 Y109.429 E3273.63413
G0 F9000 X122.439 Y108.863
G1 F1500 X112.559 Y98.982 E3274.09888
G0 F9000 X112.559 Y98.417
G1 F1500 X122.439 Y108.297 E3274.56361
G0 F9000 X122.439 Y107.731
G1 F1500 X112.559 Y97.851 E3275.02833
G0 F9000 X112.559 Y97.285
G1 F1500 X122.439 Y107.166 E3275.49308
G0 F9000 X122.439 Y106.6
G1 F1500 X112.559 Y96.72 E3275.95781
G0 F9000 X112.559 Y96.154
G1 F1500 X122.439 Y106.034 E3276.42253
G0 F9000 X122.439 Y105.469
G1 F1500 X112.559 Y95.588 E3276.88728
G0 F9000 X112.559 Y95.023
G1 F1500 X122.439 Y104.903 E3277.352
G0 F9000 X122.439 Y104.337
G1 F1500 X112.559 Y94.457 E3277.81673
G0 F9000 X112.559 Y93.891
G1 F1500 X122.439 Y103.772 E3278.28148
G0 F9000 X122.439 Y103.206
G1 F1500 X112.559 Y93.326 E3278.7462
G0 F9000 X112.559 Y92.76
G1 F1500 X122.439 Y102.64 E3279.21093
G0 F9000 X122.439 Y102.075
G1 F1500 X112.559 Y92.194 E3279.67568
G0 F9000 X112.559 Y91.629
G1 F1500 X122.439 Y101.509 E3280.1404
G0 F9000 X122.439 Y100.943
G1 F1500 X112.559 Y91.063 E3280.60512
G0 F9000 X112.559 Y90.497
G1 F1500 X122.439 Y100.378 E3281.06987
G0 F9000 X122.439 Y99.812
G1 F1500 X112.559 Y89.931 E3281.53462
G0 F9000 X112.559 Y89.366
G1 F1500 X122.439 Y99.246 E3281.99935
G0 F9000 X122.439 Y98.68
G1 F1500 X112.555 Y88.796 E3282.46426
G0 F9000 X112.539 Y88.215
G1 F1500 X122.439 Y98.115 E3282.92993
G0 F9000 X122.439 Y97.549
G1 F1500 X112.524 Y87.634 E3283.3963
G0 F9000 X112.509 Y87.053
G1 F1500 X122.439 Y96.983 E3283.86337
G0 F9000 X122.439 Y96.418
G1 F1500 X112.494 Y86.472 E3284.33118
G0 F9000 X112.479 Y85.892
G1 F1500 X122.439 Y95.852 E3284.79967
G0 F9000 X122.439 Y95.286
G1 F1500 X112.463 Y85.311 E3285.26888
G0 F9000 X112.449 Y84.73
G1 F1500 X122.439 Y94.721 E3285.73881
G0 F9000 X122.439 Y94.155
G1 F1500 X112.433 Y84.149 E3286.20946
G0 F9000 X112.418 Y83.568
G1 F1500 X122.439 Y93.589 E3286.68082
G0 F9000 X122.439 Y93.024
G1 F1500 X112.403 Y82.987 E3287.1529
G0 F9000 X112.388 Y82.406
G1 F1500 X122.439 Y92.458 E3287.62569
G0 F9000 X122.439 Y91.892
G1 F1500 X112.373 Y81.826 E3288.09917
G0 F9000 X112.339 Y81.226
G1 F1500 X122.439 Y91.327 E3288.57426
G0 F9000 X122.439 Y90.761
G1 F1500 X112.291 Y80.613 E3289.05159
G0 F9000 X112.244 Y79.999
G1 F1500 X122.439 Y90.195 E3289.53116
G0 F9000 X122.439 Y89.63
G1 F1500 X112.196 Y79.386 E3290.01298
G0 F9000 X112.148 Y78.773
G1 F1500 X122.439 Y89.064 E3290.49704
G0 F9000 X122.451 Y88.509
G1 F1500 X112.101 Y78.16 E3290.98385
G0 F9000 X112.053 Y77.546
G1 F1500 X122.465 Y87.958 E3291.4736
G0 F9000 X122.479 Y87.406
G1 F1500 X112.005 Y76.933 E3291.96624
G0 F9000 X111.958 Y76.32
G1 F1500 X122.493 Y86.855 E3292.46177
G0 F9000 X122.507 Y86.303
G1 F1500 X111.91 Y75.707 E3292.9602
G0 F9000 X111.862 Y75.093
G1 F1500 X122.521 Y85.752 E3293.46157
G0 F9000 X122.535 Y85.2
G1 F1500 X111.815 Y74.48 E3293.9658
G0 F9000 X111.746 Y73.845
G1 F1500 X122.55 Y84.649 E3294.47399
G0 F9000 X122.564 Y84.098
G1 F1500 X111.662 Y73.196 E3294.98679
G0 F9000 X111.578 Y72.546
G1 F1500 X122.579 Y83.546 E3295.50421
G0 F9000 X122.593 Y82.995
G1 F1500 X111.494 Y71.896 E3296.02628
G0 F9000 X111.409 Y71.245
G1 F1500 X122.607 Y82.443 E3296.553
G0 F9000 X122.621 Y81.892
G1 F1500 X111.325 Y70.596 E3297.08433
G0 F9000 X111.241 Y69.946
G1 F1500 X122.651 Y81.356 E3297.62102
G0 F9000 X122.691 Y80.83
G1 F1500 X111.157 Y69.296 E3298.16354
G0 F9000 X111.073 Y68.646
G1 F1500 X122.732 Y80.306 E3298.71197
G0 F9000 X122.772 Y79.78
G1 F1500 X110.988 Y67.996 E3299.26625
G0 F9000 X110.904 Y67.346
G1 F1500 X122.813 Y79.256 E3299.82644
G0 F9000 X122.854 Y78.73
G1 F1500 X110.803 Y66.68 E3300.39326
G0 F9000 X110.677 Y65.988
G1 F1500 X122.895 Y78.206 E3300.96795
G0 F9000 X122.935 Y77.68
G1 F1500 X110.551 Y65.297 E3301.55044
G0 F9000 X110.425 Y64.604
G1 F1500 X122.976 Y77.155 E3302.1408
G0 F9000 X123.016 Y76.63
G1 F1500 X110.299 Y63.913 E3302.73897
G0 F9000 X110.172 Y63.221
G1 F1500 X123.057 Y76.105 E3303.34501
G0 F9000 X123.098 Y75.58
G1 F1500 X110.047 Y62.529 E3303.95889
G0 F9000 X109.92 Y61.837
G1 F1500 X123.139 Y75.055 E3304.58065
G0 F9000 X123.179 Y74.53
G1 F1500 X109.794 Y61.145 E3305.21024
G0 F9000 X109.668 Y60.454
G1 F1500 X123.231 Y74.016 E3305.84818
G0 F9000 X123.296 Y73.515
G1 F1500 X109.559 Y59.779 E3306.4943
G0 F9000 X109.559 Y59.213
G1 F1500 X123.36 Y73.014 E3307.14346
G0 F9000 X123.425 Y72.513
G1 F1500 X109.559 Y58.648 E3307.79565
G0 F9000 X109.559 Y58.082
G1 F1500 X123.49 Y72.013 E3308.45092
G0 F9000 X123.554 Y71.511
G1 F1500 X109.559 Y57.516 E3309.1092
G0 F9000 X109.559 Y56.951
G1 F1500 X123.619 Y71.011 E3309.77054
G0 F9000 X123.684 Y70.509
G1 F1500 X109.559 Y56.385 E3310.43491
G0 F9000 X109.559 Y55.819
G1 F1500 X123.749 Y70.009 E3311.10237
G0 F9000 X123.814 Y69.508
G1 F1500 X109.559 Y55.254 E3311.77286
G0 F9000 X109.559 Y54.688
G1 F1500 X123.878 Y69.007 E3312.44638
G0 F9000 X123.943 Y68.506
G1 F1500 X109.559 Y54.122 E3313.12296
G0 F9000 X109.559 Y53.556
G1 F1500 X124.008 Y68.005 E3313.80259
G0 F9000 X124.073 Y67.504
G1 F1500 X109.559 Y52.991 E3314.48526
G0 F9000 X109.559 Y52.425
G1 F1500 X124.138 Y67.004 E3315.17102
G0 F9000 X124.223 Y66.523
G1 F1500 X109.559 Y51.859 E3315.86077
G0 F9000 X109.559 Y51.294
G1 F1500 X124.31 Y66.045 E3316.55461
G0 F9000 X124.397 Y65.566
G1 F1500 X109.559 Y50.728 E3317.25254
G0 F9000 X109.559 Y50.162
G1 F1500 X124.485 Y65.088 E3317.95461
G0 F9000 X124.572 Y64.609
G1 F1500 X109.559 Y49.597 E3318.66076
G0 F9000 X109.559 Y49.031
G1 F1500 X124.659 Y64.131 E3319.37101
G0 F9000 X124.746 Y63.652
G1 F1500 X109.559 Y48.465 E3320.08536
G0 F9000 X109.559 Y47.9
G1 F1500 X124.834 Y63.174 E3320.80383
G0 F9000 X124.921 Y62.695
G1 F1500 X109.559 Y47.334 E3321.52639
G0 F9000 X109.559 Y46.768
G1 F1500 X125.007 Y62.216 E3322.25301
G0 F9000 X125.094 Y61.738
G1 F1500 X109.559 Y46.203 E3322.98373
G0 F9000 X109.559 Y45.637
G1 F1500 X125.181 Y61.259 E3323.71854
G0 F9000 X125.269 Y60.781
G1 F1500 X109.559 Y45.071 E3324.45749
G0 F9000 X109.559 Y44.506
G1 F1500 X125.356 Y60.302 E3325.20051
G0 F9000 X125.438 Y59.819
G1 F1500 X109.559 Y43.94 E3325.94741
G0 F9000 X109.559 Y43.374
G1 F1500 X125.438 Y59.253 E3326.69431
G0 F9000 X125.438 Y58.687
G1 F1500 X109.559 Y42.808 E3327.44121
G0 F9000 X109.559 Y42.243
G1 F1500 X125.438 Y58.122 E3328.18811
G0 F9000 X125.438 Y57.556
G1 F1500 X109.559 Y41.677 E3328.93501
G0 F9000 X109.559 Y41.111
G1 F1500 X125.438 Y56.99 E3329.68191
G0 F9000 X125.438 Y56.424
G1 F1500 X109.559 Y40.546 E3330.42879
G0 F9000 X109.559 Y39.98
G1 F1500 X125.438 Y55.859 E3331.17569
G0 F9000 X125.438 Y55.293
G1 F1500 X109.559 Y39.414 E3331.92258
G0 F9000 X109.559 Y38.849
G1 F1500 X125.438 Y54.727 E3332.66946
G0 F9000 X125.438 Y54.162
G1 F1500 X109.559 Y38.283 E3333.41636
G0 F9000 X109.559 Y37.717
G1 F1500 X125.438 Y53.596 E3334.16326
G0 F9000 X125.438 Y53.03
G1 F1500 X109.559 Y37.152 E3334.91014
G0 F9000 X109.559 Y36.586
G1 F1500 X125.438 Y52.465 E3335.65704
G0 F9000 X125.438 Y51.899
G1 F1500 X110.1 Y36.56 E3336.37851
G0 F9000 X110.665 Y36.56
G1 F1500 X125.438 Y51.333 E3337.07339
G0 F9000 X125.438 Y50.768
G1 F1500 X111.231 Y36.56 E3337.74166
G0 F9000 X111.797 Y36.56
G1 F1500 X125.438 Y50.202 E3338.38332
G0 F9000 X125.438 Y49.636
G1 F1500 X112.362 Y36.56 E3338.99837
G0 F9000 X112.928 Y36.56
G1 F1500 X125.438 Y49.071 E3339.58683
G0 F9000 X125.438 Y48.505
G1 F1500 X113.494 Y36.56 E3340.14866
G0 F9000 X114.059 Y36.56
G1 F1500 X125.438 Y47.939 E3340.6839
G0 F9000 X125.438 Y47.374
G1 F1500 X114.625 Y36.56 E3341.19253
G0 F9000 X115.191 Y36.56
G1 F1500 X125.438 Y46.808 E3341.67454
G0 F9000 X125.438 Y46.242
G1 F1500 X115.756 Y36.56 E3342.12995
G0 F9000 X116.322 Y36.56
G1 F1500 X125.438 Y45.676 E3342.55874
G0 F9000 X125.438 Y45.111
G1 F1500 X116.888 Y36.56 E3342.96093
G0 F9000 X117.453 Y36.56
G1 F1500 X125.438 Y44.545 E3343.33652
G0 F9000 X125.438 Y43.979
G1 F1500 X118.019 Y36.56 E3343.68549
G0 F9000 X118.585 Y36.56
G1 F1500 X125.438 Y43.414 E3344.00785
G0 F9000 X125.438 Y42.848
G1 F1500 X119.151 Y36.56 E3344.3036
G0 F9000 X119.716 Y36.56
G1 F1500 X125.438 Y42.282 E3344.57274
G0 F9000 X125.438 Y41.717
G1 F1500 X120.282 Y36.56 E3344.81529
G0 F9000 X120.848 Y36.56
G1 F1500 X125.438 Y41.151 E3345.03121
G0 F9000 X125.438 Y40.585
G1 F1500 X121.413 Y36.56 E3345.22054
G0 F9000 X121.979 Y36.56
G1 F1500 X125.438 Y40.02 E3345.38326
G0 F9000 X125.438 Y39.454
G1 F1500 X122.545 Y36.56 E3345.51936
G0 F9000 X123.11 Y36.56
G1 F1500 X125.438 Y38.888 E3345.62887
G0 F9000 X125.438 Y38.323
G1 F1500 X123.676 Y36.56 E3345.71177
G0 F9000 X124.242 Y36.56
G1 F1500 X125.438 Y37.757 E3345.76805
G0 F9000 X125.438 Y37.191
G1 F1500 X124.807 Y36.56 E3345.79773
G0 F9000 X125.373 Y36.56
G1 F1500 X125.438 Y36.626 E3345.80081
;TIME_ELAPSED:10275.466378
G1 F2700 E3340.80081
M140 S0
M107
G91 ;Relative positioning
G1 E-2 F2700 ;Retract a bit
G1 E-2 Z0.2 F2400 ;Retract and raise Z
G1 X5 Y5 F3000 ;Wipe out
G1 Z10 ;Raise Z more
G90 ;Absolute positioning

G1 X0 Y235 ;Present print
M106 S0 ;Turn-off fan
M104 S0 ;Turn-off hotend
M140 S0 ;Turn-off bed

M84 X Y E ;Disable all steppers but Z

M82 ;absolute extrusion mode
M104 S0
;End of Gcode
;SETTING_3 {"global_quality": "[general]\\nversion = 4\\nname = rotating_extrude
;SETTING_3 r\\ndefinition = creality_ender3\\n\\n[metadata]\\ntype = quality_cha
;SETTING_3 nges\\nquality_type = standard\\nsetting_version = 20\\n\\n[values]\\
;SETTING_3 nadhesion_type = none\\nmaterial_bed_temperature = 70\\n\\n", "extrud
;SETTING_3 er_quality": ["[general]\\nversion = 4\\nname = rotating_extruder\\nd
;SETTING_3 efinition = creality_ender3\\n\\n[metadata]\\ntype = quality_changes\
;SETTING_3 \nquality_type = standard\\nintent_category = default\\nposition = 0\
;SETTING_3 \nsetting_version = 20\\n\\n[values]\\ninfill_sparse_density = 100\\n
;SETTING_3 material_alternate_walls = True\\nmaterial_print_temperature = 210\\n
;SETTING_3 wall_line_count = 3\\n\\n"]}
